strategy,model_size,forecast_origin,target_quarter,horizon_quarters,variable,mean,actual,error,p05,p16,median,p84,p95
mango_mdd,small,2000-03-31,2000Q1,1,DEFL,466.0047935182919,434.80173185711334,31.203061661178538,465.55473483618937,465.7153080750498,466.0137291907482,466.27314765053785,466.4659999331289
mango_mdd,small,2000-03-31,2000Q2,2,DEFL,466.4355781733132,435.4231401429961,31.012438030317128,465.6309034105831,465.93912108089796,466.4453759538785,466.9350912805496,467.23392328122907
mango_mdd,small,2000-03-31,2000Q3,3,DEFL,466.914489794088,436.0074949806811,30.906994813406925,465.68944608754816,466.1557060179589,466.9241494785638,467.6465505945268,468.14545652107813
mango_mdd,small,2000-03-31,2000Q4,4,DEFL,467.41801757400964,436.5490666033782,30.86895097063143,465.7343811243438,466.4055993946433,467.43301432962926,468.4159939249003,469.14315944755
mango_mdd,small,2000-03-31,2001Q1,5,DEFL,467.92052958336086,437.2026802595548,30.717849323806035,465.6674236418847,466.6128193460753,467.9038949281768,469.2740226704181,470.12420835663653
mango_mdd,small,2000-03-31,2001Q2,6,DEFL,468.4373436928356,437.8056263169986,30.631717375837013,465.5924527814975,466.7599896709403,468.47108512628154,470.11004126700027,471.1292728504434
mango_mdd,small,2000-03-31,2001Q3,7,DEFL,468.9582698533575,438.197663342384,30.760606510973503,465.5981381314248,466.9350245764913,468.99541661937513,471.04040432328185,472.288188306184
mango_mdd,small,2000-03-31,2001Q4,8,DEFL,469.48238771780166,438.50844547731197,30.97394224048969,465.49308846497576,467.1765546582196,469.49073131572544,471.9059149156951,473.3872435494489
mango_mdd,small,2000-03-31,2000Q1,1,FFR,5.586290650209362,5.676666666666667,-0.09037601645730486,4.054584745874315,4.66196736654622,5.601484377286715,6.475951141620517,7.2033542171096
mango_mdd,small,2000-03-31,2000Q2,2,FFR,5.831728743004037,6.273333333333333,-0.44160459032929644,3.487544709263765,4.414196258187007,5.824074123139427,7.293318405313227,8.260893447263815
mango_mdd,small,2000-03-31,2000Q3,3,FFR,5.925356826010432,6.52,-0.5946431739895672,3.1556216765142175,4.2618766779488695,5.923910206324749,7.648007141412822,8.76801597817345
mango_mdd,small,2000-03-31,2000Q4,4,FFR,5.951324400995429,6.473333333333334,-0.5220089323379042,2.67703614468255,4.058843732858146,5.95467880152015,7.8951955833181335,9.29266265833847
mango_mdd,small,2000-03-31,2001Q1,5,FFR,5.991098828208147,5.593333333333334,0.3977654948748137,2.465775185943382,3.83221916731853,5.985167652001227,8.154337415021901,9.632332824797302
mango_mdd,small,2000-03-31,2001Q2,6,FFR,5.975351847593344,4.326666666666667,1.6486851809266767,2.1019378698128444,3.6578277339265215,5.972916796361147,8.258741337875394,9.93737501648597
mango_mdd,small,2000-03-31,2001Q3,7,FFR,5.918053462733018,3.4966666666666666,2.421386796066351,1.6781433097663419,3.448074113369951,5.893895529679534,8.466072314419742,10.281655800832233
mango_mdd,small,2000-03-31,2001Q4,8,FFR,5.884431834161589,2.1333333333333333,3.7510985008282556,1.3756062588035327,3.2644545016624575,5.837287361918154,8.587853920848877,10.286183815072494
mango_mdd,small,2000-03-31,2000Q1,1,GDP,911.9348654055741,946.771157645587,-34.83629224001288,910.6859623433157,911.177336259383,911.9072607661135,912.7056374255973,913.2545403096321
mango_mdd,small,2000-03-31,2000Q2,2,GDP,912.9532024938063,948.5753664798251,-35.62216398601879,911.0784212968009,911.7534691945457,912.9411081000194,914.1389401028857,914.8898185927364
mango_mdd,small,2000-03-31,2000Q3,3,GDP,913.871234481121,948.6750908667843,-34.80385638566338,911.3530890436308,912.3142516971517,913.889820326749,915.3854115291319,916.4386680488063
mango_mdd,small,2000-03-31,2000Q4,4,GDP,914.7611917743282,949.2676932603196,-34.50650148599141,911.5685863791646,912.8846785115543,914.8079839499915,916.6191864601119,917.826660908064
mango_mdd,small,2000-03-31,2001Q1,5,GDP,915.579784973546,948.9429455219695,-33.36316054842348,911.8875794746573,913.3949825419955,915.6092923098845,917.8019167202499,919.1166158353027
mango_mdd,small,2000-03-31,2001Q2,6,GDP,916.4211351100681,949.5624120747524,-33.141276964684266,912.2149412041628,914.0196816752089,916.4848545850984,918.891101540048,920.4364220472405
mango_mdd,small,2000-03-31,2001Q3,7,GDP,917.2890703810156,949.1612595166631,-31.872189135647545,912.7439139317703,914.5216541383164,917.2751250553179,920.0826500242912,921.8155975515425
mango_mdd,small,2000-03-31,2001Q4,8,GDP,918.1262350146554,949.4381900682963,-31.311955053640872,913.2415748416619,915.1557962165135,918.164611879632,920.9636064078758,923.097231303421
mango_mdd,small,2000-06-30,2000Q2,1,DEFL,466.9010839838284,435.4231401429961,31.477943840832324,466.4232869237472,466.6033418753749,466.9066478389131,467.18714839717165,467.3669583113896
mango_mdd,small,2000-06-30,2000Q3,2,DEFL,467.5560535540136,436.0074949806811,31.548558573332514,466.73051339728437,467.0254293380315,467.5756560914138,468.0712995409236,468.36795737035277
mango_mdd,small,2000-06-30,2000Q4,3,DEFL,468.2747660836107,436.5490666033782,31.725699480232493,467.0239030434413,467.4804843603593,468.2820450954531,469.0272192752531,469.5079859733598
mango_mdd,small,2000-06-30,2001Q1,4,DEFL,469.034070585628,437.2026802595548,31.831390326073176,467.2816587681431,467.9957021486087,469.0476669007901,470.05077432293126,470.75484716824593
mango_mdd,small,2000-06-30,2001Q2,5,DEFL,469.8030183316288,437.8056263169986,31.99739201463018,467.5381288279796,468.4495685518016,469.8306569511883,471.15712447899176,471.96920039155196
mango_mdd,small,2000-06-30,2001Q3,6,DEFL,470.58551759018286,438.197663342384,32.387854247798884,467.69645234556884,468.87617118462424,470.62446409525,472.28165335220234,473.35219446740626
mango_mdd,small,2000-06-30,2001Q4,7,DEFL,471.37018402723146,438.50844547731197,32.861738549919494,467.9023637262934,469.2827612251572,471.42563240720665,473.3917741603875,474.652782640677
mango_mdd,small,2000-06-30,2002Q1,8,DEFL,472.1651224994816,438.83068726310324,33.33443523637834,468.06782563851834,469.7095165715692,472.1878085360409,474.60690994061764,476.1121631872558
mango_mdd,small,2000-06-30,2000Q2,1,FFR,6.300536999771484,6.273333333333333,0.027203666438150975,4.911654639381095,5.431995915282599,6.305506770048373,7.138796409862291,7.787867186830707
mango_mdd,small,2000-06-30,2000Q3,2,FFR,6.710117001227475,6.52,0.19011700122747577,4.527170213212664,5.357265294474822,6.691855967523754,8.056050637707585,9.052133679113258
mango_mdd,small,2000-06-30,2000Q4,3,FFR,6.736944900950432,6.473333333333334,0.26361156761709825,3.9849042820406946,5.106432123780181,6.696796601546305,8.353362571056978,9.572107745399638
mango_mdd,small,2000-06-30,2001Q1,4,FFR,6.769753855690141,5.593333333333334,1.176420522356807,3.624074942992144,4.864770081265346,6.810187708690002,8.695080721499668,9.945673351792212
mango_mdd,small,2000-06-30,2001Q2,5,FFR,6.905636486057645,4.326666666666667,2.578969819390978,3.2982458284137666,4.864361325993932,6.815515769597109,9.039087714019244,10.537572632237588
mango_mdd,small,2000-06-30,2001Q3,6,FFR,6.948672442545869,3.4966666666666666,3.452005775879202,2.990120559162223,4.688797916726261,6.900014177260568,9.273250534281326,10.904201126551165
mango_mdd,small,2000-06-30,2001Q4,7,FFR,6.888649155103928,2.1333333333333333,4.755315821770594,2.70858506665833,4.428513210188846,6.876732258023141,9.34187346923523,10.958510276102821
mango_mdd,small,2000-06-30,2002Q1,8,FFR,6.883228223206807,1.7333333333333334,5.149894889873473,2.5372258999563555,4.264509235235883,6.891120806149196,9.574470318673006,11.292342780178082
mango_mdd,small,2000-06-30,2000Q2,1,GDP,913.4752573390864,948.5753664798251,-35.10010914073871,912.1559939256006,912.6351838356138,913.431796886057,914.3203714735957,914.9290570697087
mango_mdd,small,2000-06-30,2000Q3,2,GDP,914.4752569353207,948.6750908667843,-34.19983393146367,912.2703569652979,913.1595241128013,914.430337422271,915.8002351138381,916.76405117142
mango_mdd,small,2000-06-30,2000Q4,3,GDP,915.2170162967844,949.2676932603196,-34.050676963535125,912.3342832064699,913.5067002217597,915.2553094703346,916.9397963156229,918.0594959150784
mango_mdd,small,2000-06-30,2001Q1,4,GDP,915.9758855077346,948.9429455219695,-32.9670600142349,912.6398765459165,913.9002291557656,915.9532951341748,918.0174797088739,919.2809801875486
mango_mdd,small,2000-06-30,2001Q2,5,GDP,916.733424147697,949.5624120747524,-32.82898792705544,912.6754729873741,914.4085049931148,916.7802466910157,919.0646234901832,920.6840960195062
mango_mdd,small,2000-06-30,2001Q3,6,GDP,917.5023729431762,949.1612595166631,-31.65888657348694,912.7335772832691,914.7421749187899,917.5441786242118,920.2004852610474,921.9721903052136
mango_mdd,small,2000-06-30,2001Q4,7,GDP,918.3112679872379,949.4381900682963,-31.12692208105841,912.979134272968,915.2857495803788,918.2883723492207,921.367838361589,923.4381535579392
mango_mdd,small,2000-06-30,2002Q1,8,GDP,919.1182659645318,950.2630063031164,-31.144740338584597,913.510180297887,915.7317698807417,919.1075944708404,922.3789599402214,924.6870940210018
mango_mdd,small,2000-09-30,2000Q3,1,DEFL,467.6950041865905,436.0074949806811,31.687509205909407,467.22810515842605,467.39520876158133,467.70110522607797,467.97930931144504,468.16424651648185
mango_mdd,small,2000-09-30,2000Q4,2,DEFL,468.41785593325415,436.5490666033782,31.868789329875938,467.6121136832426,467.90115049270725,468.42176533115503,468.9219845593806,469.24456183795877
mango_mdd,small,2000-09-30,2001Q1,3,DEFL,469.1619307963919,437.2026802595548,31.95925053683709,467.9126578631534,468.40753751706933,469.1689164484518,469.9111469017803,470.4310664914854
mango_mdd,small,2000-09-30,2001Q2,4,DEFL,469.91134150378076,437.8056263169986,32.10571518678216,468.2044179015493,468.8594223491722,469.92579151925946,470.93348330056926,471.63094883463503
mango_mdd,small,2000-09-30,2001Q3,5,DEFL,470.6672851659944,438.197663342384,32.469621823610396,468.38255350517323,469.31402285833366,470.6813969189321,471.98232621866447,472.8509890335564
mango_mdd,small,2000-09-30,2001Q4,6,DEFL,471.41531327223555,438.50844547731197,32.906867794923585,468.56088552521,469.688934154868,471.4333667816105,473.0719171375474,474.1800092033745
mango_mdd,small,2000-09-30,2002Q1,7,DEFL,472.1466780097282,438.83068726310324,33.31599074662495,468.7946069262223,470.09218148033204,472.161484982462,474.1950702178719,475.5186882952888
mango_mdd,small,2000-09-30,2002Q2,8,DEFL,472.88475531890333,439.17665473510937,33.708100583793964,468.99015419379776,470.468535970184,472.8926861155529,475.28677049127043,476.8959903626839
mango_mdd,small,2000-09-30,2000Q3,1,FFR,6.707557381295775,6.52,0.18755738129577537,5.286132242152323,5.830262852336582,6.698301426734204,7.594192140621591,8.216337180028656
mango_mdd,small,2000-09-30,2000Q4,2,FFR,6.776930538918278,6.473333333333334,0.3035972055849445,4.547974471700009,5.404990738471971,6.776856373516171,8.194788774421252,8.994287028045392
mango_mdd,small,2000-09-30,2001Q1,3,FFR,6.765713612246963,5.593333333333334,1.1723802789136295,4.086793959976408,5.159804826127123,6.744411368134521,8.363016498662473,9.505663826423667
mango_mdd,small,2000-09-30,2001Q2,4,FFR,6.819303739285795,4.326666666666667,2.492637072619128,3.6743015438824744,4.944624203247574,6.802446938145286,8.682670449216292,9.927110375082346
mango_mdd,small,2000-09-30,2001Q3,5,FFR,6.832114678294301,3.4966666666666666,3.335448011627635,3.4927834025169346,4.786993670997965,6.7327005916770455,8.914078130895165,10.375106212740775
mango_mdd,small,2000-09-30,2001Q4,6,FFR,6.76439538027912,2.1333333333333333,4.631062046945786,3.005171984007389,4.570944755077754,6.7413312927941345,8.991835308782534,10.68774385190679
mango_mdd,small,2000-09-30,2002Q1,7,FFR,6.684793971372993,1.7333333333333334,4.951460638039659,2.6713819042379683,4.30511903801331,6.651739468548074,9.023289519847992,10.827934791875917
mango_mdd,small,2000-09-30,2002Q2,8,FFR,6.669458316723174,1.75,4.919458316723174,2.395247778010071,4.0329877440539335,6.732256407765797,9.205771571741245,10.856162551614869
mango_mdd,small,2000-09-30,2000Q3,1,GDP,915.0065938715406,948.6750908667843,-33.668496995243686,913.6686340331536,914.2053149921976,914.9747082445197,915.8233414405107,916.4367830262113
mango_mdd,small,2000-09-30,2000Q4,2,GDP,915.7956475086378,949.2676932603196,-33.472045751681776,913.6434550061019,914.4676552680513,915.8059052303266,917.1204819486578,917.9215009536041
mango_mdd,small,2000-09-30,2001Q1,3,GDP,916.5291309859703,948.9429455219695,-32.41381453599922,913.6629826595474,914.8350621483329,916.560613612711,918.1838647438519,919.3869069767139
mango_mdd,small,2000-09-30,2001Q2,4,GDP,917.299969168803,949.5624120747524,-32.26244290594934,913.9518886297903,915.2380616350366,917.3786263877868,919.2753604824503,920.6244094600005
mango_mdd,small,2000-09-30,2001Q3,5,GDP,918.0642106558328,949.1612595166631,-31.09704886083034,914.0897746230285,915.6897646151507,918.071940781768,920.4083571465366,922.0375245541752
mango_mdd,small,2000-09-30,2001Q4,6,GDP,918.8626019683128,949.4381900682963,-30.57558809998352,914.3486292488234,916.2301586091256,918.8660000320813,921.485853662848,923.1203943939371
mango_mdd,small,2000-09-30,2002Q1,7,GDP,919.7044384161222,950.2630063031164,-30.558567886994183,914.8524739885271,916.7249846848622,919.7056775480685,922.6795309267102,924.6777967648111
mango_mdd,small,2000-09-30,2002Q2,8,GDP,920.5253599620966,950.8766222794621,-30.35126231736558,915.0547229663459,917.3051304651767,920.5739536581367,923.6225752312417,925.9164845132101
mango_mdd,small,2000-12-31,2000Q4,1,DEFL,468.02287543240385,436.5490666033782,31.473808829025643,467.5377534584706,467.71316079403596,468.0307242788687,468.31729724886105,468.50835070599186
mango_mdd,small,2000-12-31,2001Q1,2,DEFL,468.63354117375167,437.2026802595548,31.430860914196842,467.78888736541126,468.1173712079463,468.6382923761397,469.1514613612521,469.48112475074856
mango_mdd,small,2000-12-31,2001Q2,3,DEFL,469.2178228770032,437.8056263169986,31.41219656000459,467.9650053025243,468.4430875613606,469.2419759319082,469.97492848813494,470.453082572632
mango_mdd,small,2000-12-31,2001Q3,4,DEFL,469.7910623699337,438.197663342384,31.593399027549708,467.9940474579917,468.72764877215974,469.8258797646222,470.8393081027752,471.44395130375295
mango_mdd,small,2000-12-31,2001Q4,5,DEFL,470.385254477334,438.50844547731197,31.876809000022035,468.02628705917056,469.005081711862,470.4173847951736,471.7555908296379,472.56770115314936
mango_mdd,small,2000-12-31,2002Q1,6,DEFL,470.9748854023086,438.83068726310324,32.14419813920534,468.0290792769187,469.2847044727724,471.0141759138501,472.70470045646914,473.73608149190164
mango_mdd,small,2000-12-31,2002Q2,7,DEFL,471.56665097653513,439.17665473510937,32.38999624142576,467.98141340061926,469.44808849729645,471.59932907707565,473.70804165563646,474.9523153487541
mango_mdd,small,2000-12-31,2002Q3,8,DEFL,472.1645344969148,439.65703601147226,32.50749848544257,468.00377069059004,469.65332767340306,472.185101538979,474.70856336815825,476.133492903021
mango_mdd,small,2000-12-31,2000Q4,1,FFR,6.400805927010297,6.473333333333334,-0.07252740632303656,4.967952385542831,5.500042701917823,6.3987081036102715,7.280042253470877,7.85471389008026
mango_mdd,small,2000-12-31,2001Q1,2,FFR,6.208171094021949,5.593333333333334,0.6148377606886157,3.980204492481996,4.841032944611716,6.2170260785140385,7.5856607364537405,8.473748452443226
mango_mdd,small,2000-12-31,2001Q2,3,FFR,6.161824397135125,4.326666666666667,1.8351577304684579,3.5316136436088974,4.4939807732956165,6.119163884697666,7.8363184383195685,8.85632541227744
mango_mdd,small,2000-12-31,2001Q3,4,FFR,6.168624991549953,3.4966666666666666,2.671958324883286,3.034152243334018,4.333620791840637,6.14853038211017,7.9873004213456555,9.16822606802666
mango_mdd,small,2000-12-31,2001Q4,5,FFR,6.167419811940612,2.1333333333333333,4.0340864786072785,2.694994215459755,4.157234410234692,6.125288973758151,8.216911954787209,9.652177045244407
mango_mdd,small,2000-12-31,2002Q1,6,FFR,6.134283129000012,1.7333333333333334,4.400949795666679,2.292234980798927,3.886877633926757,6.129388590694369,8.358125874840438,9.879572144611204
mango_mdd,small,2000-12-31,2002Q2,7,FFR,6.115349345334218,1.75,4.365349345334218,2.083540518982146,3.660124712155182,6.157304860858336,8.522754601434029,10.056710744099496
mango_mdd,small,2000-12-31,2002Q3,8,FFR,6.1497994161455125,1.74,4.409799416145512,1.836886365756193,3.5752571525936,6.235293808797721,8.68361436674247,10.135317044777135
mango_mdd,small,2000-12-31,2000Q4,1,GDP,915.1835400426557,949.2676932603196,-34.08415321766381,913.8190349970158,914.3554990301121,915.1361218482225,916.0355438177577,916.6226637952055
mango_mdd,small,2000-12-31,2001Q1,2,GDP,915.8810627318037,948.9429455219695,-33.06188279016578,913.7162945846313,914.5757679659625,915.8645610681514,917.233941628585,918.0426589816291
mango_mdd,small,2000-12-31,2001Q2,3,GDP,916.7048281359345,949.5624120747524,-32.857583938817925,913.8972233622383,915.0197933333862,916.7147143474406,918.3703302199272,919.499528377849
mango_mdd,small,2000-12-31,2001Q3,4,GDP,917.606164011312,949.1612595166631,-31.55509550535112,914.1609057421556,915.5260092393157,917.6149873354209,919.6058269590559,920.9581985038222
mango_mdd,small,2000-12-31,2001Q4,5,GDP,918.4988411173902,949.4381900682963,-30.93934895090615,914.5200364379283,916.1540708312092,918.520582152097,920.8975088740111,922.3811551297769
mango_mdd,small,2000-12-31,2002Q1,6,GDP,919.4175805672766,950.2630063031164,-30.845425735839854,914.8722121577833,916.8861337464115,919.3837173728033,922.0783075360121,923.6615555969689
mango_mdd,small,2000-12-31,2002Q2,7,GDP,920.3617743064744,950.8766222794621,-30.514847972987695,915.3928440033267,917.516043940648,920.3815653184895,923.3004293210101,925.1065016589671
mango_mdd,small,2000-12-31,2002Q3,8,GDP,921.2765159909432,951.2793389900701,-30.00282299912692,916.0597250561034,918.1451696994394,921.3085221446837,924.4325341423768,926.4294548555027
mango_mdd,small,2001-03-31,2001Q1,1,DEFL,468.5620146869335,437.2026802595548,31.359334427378656,468.10838661452334,468.2692318344372,468.55955215017616,468.85299009728783,469.02431184699395
mango_mdd,small,2001-03-31,2001Q2,2,DEFL,469.20997284504915,437.8056263169986,31.404346528050553,468.4118715414491,468.706090419835,469.21684040904296,469.71828567874667,469.9983292587152
mango_mdd,small,2001-03-31,2001Q3,3,DEFL,469.8246630906969,438.197663342384,31.626999748312926,468.60432697684314,469.07238869182237,469.8439738014139,470.5650418883657,471.0392227917321
mango_mdd,small,2001-03-31,2001Q4,4,DEFL,470.46986350481313,438.50844547731197,31.961418027501168,468.82928809542955,469.4385565081529,470.4622529470922,471.46106260669245,472.14444994059545
mango_mdd,small,2001-03-31,2002Q1,5,DEFL,471.15529402774814,438.83068726310324,32.3246067646449,468.9519239824596,469.7834843963808,471.1956788922628,472.4797440901302,473.3223508436741
mango_mdd,small,2001-03-31,2002Q2,6,DEFL,471.87036807920185,439.17665473510937,32.69371334409249,469.07893521193216,470.1725256136196,471.9438074992753,473.52332576263615,474.6063966602778
mango_mdd,small,2001-03-31,2002Q3,7,DEFL,472.61973835701696,439.65703601147226,32.9627023455447,469.21817121861585,470.5264719261695,472.7112870081128,474.6414349996453,475.904265938025
mango_mdd,small,2001-03-31,2002Q4,8,DEFL,473.40679820202786,440.229483984637,33.17731421739086,469.3721882986513,470.9511149910284,473.52352674546404,475.8280981619252,477.27682126439845
mango_mdd,small,2001-03-31,2001Q1,1,FFR,6.096689143934001,5.593333333333334,0.5033558106006675,4.65113786123832,5.267291128037505,6.087955983410989,6.947474087385906,7.5771495058324705
mango_mdd,small,2001-03-31,2001Q2,2,FFR,5.900840241538543,4.326666666666667,1.5741735748718755,3.6688331069544997,4.497918488897024,5.869695236390284,7.3395003757293305,8.233976297059277
mango_mdd,small,2001-03-31,2001Q3,3,FFR,5.982152716166211,3.4966666666666666,2.4854860494995443,3.1832555029452734,4.332306288980839,5.946946562232066,7.657004961483391,8.8285246007499
mango_mdd,small,2001-03-31,2001Q4,4,FFR,6.06458820104432,2.1333333333333333,3.931254867710987,2.843802674448578,4.115289211650545,6.087707798702409,7.983871627632501,9.25457825619176
mango_mdd,small,2001-03-31,2002Q1,5,FFR,6.094429919801849,1.7333333333333334,4.361096586468515,2.6126053796691404,3.947853357315228,6.075299695822329,8.276872615736092,9.6732104357047
mango_mdd,small,2001-03-31,2002Q2,6,FFR,6.168567395863492,1.75,4.418567395863492,2.3405284036383733,3.879445306046085,6.138956972791003,8.415124887132047,10.072747070817663
mango_mdd,small,2001-03-31,2002Q3,7,FFR,6.28528599408123,1.74,4.54528599408123,2.2170928681060604,3.774483977253897,6.285858339666611,8.746501750411742,10.53193168089839
mango_mdd,small,2001-03-31,2002Q4,8,FFR,6.423629526895098,1.4433333333333334,4.980296193561765,2.0667621726058822,3.6699983405742405,6.4233975344265355,9.005880369775902,10.715876219795064
mango_mdd,small,2001-03-31,2001Q1,1,GDP,915.3413581228673,948.9429455219695,-33.601587399102186,914.0076043197299,914.5384357033128,915.3153894762014,916.1778529582133,916.8066616109185
mango_mdd,small,2001-03-31,2001Q2,2,GDP,916.0998647127575,949.5624120747524,-33.46254736199489,913.9609090874321,914.792795434582,916.0849464489565,917.4267951704311,918.3967179889044
mango_mdd,small,2001-03-31,2001Q3,3,GDP,917.0759073971594,949.1612595166631,-32.08535211950368,914.2098025620646,915.3531399193306,917.0439118614779,918.8320620555995,919.8404647221003
mango_mdd,small,2001-03-31,2001Q4,4,GDP,918.0802004714292,949.4381900682963,-31.357989596867128,914.6944453633809,916.0544232205572,918.071257481989,920.1593840311219,921.5858332494386
mango_mdd,small,2001-03-31,2002Q1,5,GDP,919.0674475968856,950.2630063031164,-31.195558706230827,915.1186162614758,916.6065883224394,919.0647701356938,921.4626672509471,923.1404766081513
mango_mdd,small,2001-03-31,2002Q2,6,GDP,920.047238275529,950.8766222794621,-30.829384003933114,915.5313314955891,917.2443046300642,920.0911715533713,922.7289884733681,924.6618727312625
mango_mdd,small,2001-03-31,2002Q3,7,GDP,921.0350374606818,951.2793389900701,-30.24430152938828,915.8437931343805,917.8777488080194,921.1185906418235,924.0425480018606,926.1994129511547
mango_mdd,small,2001-03-31,2002Q4,8,GDP,921.9588804871977,951.4099094767561,-29.45102898955838,916.1701723592126,918.526958818472,922.0286200795076,925.216799343654,927.3660334845956
mango_mdd,small,2001-06-30,2001Q2,1,DEFL,469.38758193556976,437.8056263169986,31.581955618571158,468.93856813148227,469.0949569762242,469.39267028520715,469.6758247462536,469.850101001918
mango_mdd,small,2001-06-30,2001Q3,2,DEFL,470.0712296717222,438.197663342384,31.873566329338246,469.25549543137663,469.567454095156,470.07247944981214,470.56375833026704,470.84566580255176
mango_mdd,small,2001-06-30,2001Q4,3,DEFL,470.7752858352416,438.50844547731197,32.26684035792965,469.5889921023918,470.038551924686,470.79308424186206,471.4868707616942,471.97903228260736
mango_mdd,small,2001-06-30,2002Q1,4,DEFL,471.52824811521873,438.83068726310324,32.69756085211549,469.8793913290653,470.4823335512239,471.55484979583207,472.4853064652958,473.1285095905061
mango_mdd,small,2001-06-30,2002Q2,5,DEFL,472.3132764118836,439.17665473510937,33.13662167677421,470.1592848066772,470.9481716431825,472.3329883441189,473.5832742803999,474.39500825288826
mango_mdd,small,2001-06-30,2002Q3,6,DEFL,473.15900023523994,439.65703601147226,33.501964223767686,470.375298335807,471.47941661909636,473.1820397459221,474.7785451418029,475.7798639658614
mango_mdd,small,2001-06-30,2002Q4,7,DEFL,474.0448821201374,440.229483984637,33.8153981355004,470.6399482595808,471.97527322016515,474.06315277244005,476.01673631440144,477.3779786889079
mango_mdd,small,2001-06-30,2003Q1,8,DEFL,474.97319818827646,440.72678772271144,34.24641046556502,470.9003413098915,472.5824691729976,474.9905899295634,477.3374828787726,478.82336246030326
mango_mdd,small,2001-06-30,2001Q2,1,FFR,5.37661242761896,4.326666666666667,1.0499457609522933,3.953438003781717,4.4873764547162915,5.363930945608875,6.2693818949669415,6.811331659009041
mango_mdd,small,2001-06-30,2001Q3,2,FFR,5.634300537590259,3.4966666666666666,2.1376338709235925,3.4021576213584153,4.279945114785094,5.590816619518955,7.044511096666224,7.933466071559632
mango_mdd,small,2001-06-30,2001Q4,3,FFR,5.7146243600668445,2.1333333333333333,3.581291026733511,3.024254227054367,4.004054572107799,5.666614348286677,7.448037534462025,8.533755423076483
mango_mdd,small,2001-06-30,2002Q1,4,FFR,5.671567152519292,1.7333333333333334,3.9382338191859585,2.4781769319778855,3.743216313905524,5.61692969136104,7.57004415135034,8.938499846263504
mango_mdd,small,2001-06-30,2002Q2,5,FFR,5.811646975394594,1.75,4.061646975394594,2.325000462392451,3.703096664733214,5.74584168312205,7.95898372121338,9.501575215265106
mango_mdd,small,2001-06-30,2002Q3,6,FFR,6.025210216411806,1.74,4.285210216411806,2.178848205995415,3.741702805903499,5.999525425587565,8.336169558772538,9.975841208257194
mango_mdd,small,2001-06-30,2002Q4,7,FFR,6.178813290052432,1.4433333333333334,4.735479956719098,1.9138301531970578,3.7519986650229504,6.142775251107093,8.655719953651829,10.287196426790585
mango_mdd,small,2001-06-30,2003Q1,8,FFR,6.3296459023291165,1.25,5.0796459023291165,1.9667601879921328,3.693227643759698,6.308731811149014,8.998723610809886,10.632651635494515
mango_mdd,small,2001-06-30,2001Q2,1,GDP,915.8162782213338,949.5624120747524,-33.74613385341854,914.4985074075886,914.995757693113,915.7754446890788,916.6680457744759,917.2539210865979
mango_mdd,small,2001-06-30,2001Q3,2,GDP,916.9776577195868,949.1612595166631,-32.183601797076335,914.7574593115809,915.6019630861431,916.956749199098,918.3684943250223,919.2194876797661
mango_mdd,small,2001-06-30,2001Q4,3,GDP,918.0324704999227,949.4381900682963,-31.40571956837357,914.9712961762762,916.2419155625334,918.0167848296915,919.8790345824385,921.0927843682614
mango_mdd,small,2001-06-30,2002Q1,4,GDP,919.1398484617916,950.2630063031164,-31.12315784132477,915.3302183052788,916.8375634613932,919.1735556113613,921.3965496353551,922.8235261132644
mango_mdd,small,2001-06-30,2002Q2,5,GDP,920.2571105724423,950.8766222794621,-30.619511707019797,915.6059589940622,917.6190270525742,920.331665625061,922.9580299857099,924.7899753131978
mango_mdd,small,2001-06-30,2002Q3,6,GDP,921.3947131745507,951.2793389900701,-29.88462581551937,916.0445100901778,918.2681442583886,921.4464585316008,924.5468131028404,926.6251360640026
mango_mdd,small,2001-06-30,2002Q4,7,GDP,922.5263862477115,951.4099094767561,-28.883523229044613,916.5333394126691,918.9060690337882,922.582216584412,926.2341848399673,928.4268001211492
mango_mdd,small,2001-06-30,2003Q1,8,GDP,923.6106453588103,951.9253022305498,-28.314656871739544,916.8765534145822,919.6404865572072,923.7050880177812,927.5944804223514,930.175886462587
mango_mdd,small,2001-09-30,2001Q3,1,DEFL,469.79754628616143,438.197663342384,31.59988294377746,469.31777444141306,469.49536013315293,469.80461683839906,470.0856619034594,470.2800804907074
mango_mdd,small,2001-09-30,2001Q4,2,DEFL,470.2970573971706,438.50844547731197,31.788611919858624,469.4361440485301,469.78617064666383,470.30811289769554,470.80220526763696,471.0959283875829
mango_mdd,small,2001-09-30,2002Q1,3,DEFL,470.77501396667674,438.83068726310324,31.944326703573495,469.4974754165199,470.01067368416443,470.7981705741619,471.52024423972455,471.98546881520195
mango_mdd,small,2001-09-30,2002Q2,4,DEFL,471.2222559750363,439.17665473510937,32.04560123992695,469.47254625459885,470.1446740062481,471.26210023085866,472.2445639605201,472.89530432367593
mango_mdd,small,2001-09-30,2002Q3,5,DEFL,471.7184971174287,439.65703601147226,32.061461105956425,469.4960936627553,470.32046098382557,471.8058782667793,473.0245133234058,473.83075061111356
mango_mdd,small,2001-09-30,2002Q4,6,DEFL,472.23943297773604,440.229483984637,32.009948993099044,469.40572006622824,470.5155692457581,472.34047594174524,473.8885573720416,474.9368262793434
mango_mdd,small,2001-09-30,2003Q1,7,DEFL,472.774071330353,440.72678772271144,32.04728360764159,469.2326842287713,470.70091853474827,472.8604358434833,474.78069157912444,476.0759688166312
mango_mdd,small,2001-09-30,2003Q2,8,DEFL,473.32730226484773,441.0711268533791,32.25617541146863,469.0985617125701,470.8454950009488,473.4502575071477,475.6992766709631,477.2422999105992
mango_mdd,small,2001-09-30,2001Q3,1,FFR,4.217301962177152,3.4966666666666666,0.7206352955104856,2.7727054356951566,3.3440134735995675,4.21630668775406,5.1011615454025145,5.658721101361706
mango_mdd,small,2001-09-30,2001Q4,2,FFR,4.284281458391647,2.1333333333333333,2.150948125058314,2.0717418721379093,2.947453541315831,4.269247553193809,5.648576485444335,6.556689682447926
mango_mdd,small,2001-09-30,2002Q1,3,FFR,4.242323765550277,1.7333333333333334,2.508990432216944,1.6611064723701148,2.646181164975494,4.219935690478572,5.917666554238109,7.01824852550722
mango_mdd,small,2001-09-30,2002Q2,4,FFR,4.32033826410182,1.75,2.57033826410182,1.2380183816407588,2.481638457890621,4.335810846410436,6.158157732913646,7.3394332842293855
mango_mdd,small,2001-09-30,2002Q3,5,FFR,4.5233907246234075,1.74,2.7833907246234073,1.1350649371268569,2.496655056271078,4.5032935844117965,6.548944655736957,7.941581902403809
mango_mdd,small,2001-09-30,2002Q4,6,FFR,4.659484964821002,1.4433333333333334,3.2161516314876684,0.9347852953096262,2.477059826464789,4.638483919376943,6.8500782990067,8.334569253750345
mango_mdd,small,2001-09-30,2003Q1,7,FFR,4.749292664169831,1.25,3.4992926641698308,0.7761442699163981,2.386913183036493,4.78247252324327,7.128989737386033,8.70200071269288
mango_mdd,small,2001-09-30,2003Q2,8,FFR,4.854810554718066,1.2466666666666668,3.6081438880513987,0.6668093198569368,2.3213945939630922,4.917032134320788,7.308526596109373,9.051061576949134
mango_mdd,small,2001-09-30,2001Q3,1,GDP,915.09948409424,949.1612595166631,-34.061775422423125,913.7426553117527,914.2715958458232,915.0753581793678,915.9661279112289,916.5419973136483
mango_mdd,small,2001-09-30,2001Q4,2,GDP,916.2515065055928,949.4381900682963,-33.18668356270348,914.0502507949084,914.8706344977776,916.2679746052806,917.5868880067944,918.4360039646817
mango_mdd,small,2001-09-30,2002Q1,3,GDP,917.3642836529248,950.2630063031164,-32.898722650191644,914.5074754975598,915.6441773992609,917.3872588098347,919.1142282420066,920.172142194719
mango_mdd,small,2001-09-30,2002Q2,4,GDP,918.4854366818379,950.8766222794621,-32.39118559762426,915.0245407599465,916.3465008715257,918.5351542795081,920.5325603648387,921.9124855122192
mango_mdd,small,2001-09-30,2002Q3,5,GDP,919.5230162204401,951.2793389900701,-31.756322769629946,915.4600576107489,917.1431738258367,919.4956396965227,922.0189157275745,923.5266467056547
mango_mdd,small,2001-09-30,2002Q4,6,GDP,920.5158113398548,951.4099094767561,-30.89409813690122,915.7803181813297,917.781934649645,920.5097081304709,923.2128744811922,925.2070113869258
mango_mdd,small,2001-09-30,2003Q1,7,GDP,921.4709363219002,951.9253022305498,-30.454365908649606,916.1031480698059,918.3678703089909,921.4954930546573,924.459145164208,926.7701929928003
mango_mdd,small,2001-09-30,2003Q2,8,GDP,922.3445864143235,952.8147130216528,-30.470126607329235,916.469047031643,919.0246795877242,922.3989337452197,925.5727729721192,927.9404547523036
mango_mdd,small,2001-12-31,2001Q4,1,DEFL,470.35667280730166,438.50844547731197,31.848227329989697,469.8922030000023,470.0724530963321,470.35855934326935,470.6358843719128,470.81671327390154
mango_mdd,small,2001-12-31,2002Q1,2,DEFL,470.8598354630658,438.83068726310324,32.02914819996255,470.05435447533023,470.35312653303845,470.87169826339493,471.35766775991425,471.6767899843953
mango_mdd,small,2001-12-31,2002Q2,3,DEFL,471.26318084433535,439.17665473510937,32.086526109225986,470.0282504557099,470.53091973855294,471.28512029678467,471.97507076979485,472.4756875125027
mango_mdd,small,2001-12-31,2002Q3,4,DEFL,471.67514622722393,439.65703601147226,32.018110215751676,469.96368498689196,470.6309426502534,471.6882405651023,472.654103006778,473.31851153836556
mango_mdd,small,2001-12-31,2002Q4,5,DEFL,472.1454603734251,440.229483984637,31.915976388788124,469.9093473464199,470.71845819703157,472.17091734748567,473.39429166623006,474.30961764279436
mango_mdd,small,2001-12-31,2003Q1,6,DEFL,472.6559321101645,440.72678772271144,31.92914438745305,469.8498438517851,470.941014460032,472.7081564008065,474.2181080732653,475.4070921746681
mango_mdd,small,2001-12-31,2003Q2,7,DEFL,473.1842149710524,441.0711268533791,32.11308811767333,469.8063758451946,471.12288766997636,473.24517488934254,475.1666345896592,476.497015191524
mango_mdd,small,2001-12-31,2003Q3,8,DEFL,473.75257776560255,441.6379751045544,32.11460266104814,469.7022475166496,471.3258130362359,473.7807977306368,476.0801131700744,477.65924763104067
mango_mdd,small,2001-12-31,2001Q4,1,FFR,3.163300750172671,2.1333333333333333,1.0299674168393378,1.7369766905300659,2.3026400512702305,3.1677219505475995,4.009673423750353,4.612378964695691
mango_mdd,small,2001-12-31,2002Q1,2,FFR,2.8776285725441397,1.7333333333333334,1.1442952392108063,0.6934514522914556,1.490970047592839,2.8863020889936744,4.274189623358114,5.145414791638196
mango_mdd,small,2001-12-31,2002Q2,3,FFR,2.863618059356422,1.75,1.1136180593564222,0.13986696592301143,1.2461202822214223,2.8481613197605653,4.518474788448592,5.672149834824845
mango_mdd,small,2001-12-31,2002Q3,4,FFR,3.0979437716957374,1.74,1.3579437716957374,-0.03788138854369505,1.1369950109833535,3.0864746762849826,5.004278325488357,6.253064446844873
mango_mdd,small,2001-12-31,2002Q4,5,FFR,3.2950046553878583,1.4433333333333334,1.851671322054525,-0.2736961853533184,1.202576951693365,3.253735656702095,5.400228339577844,6.911360103833802
mango_mdd,small,2001-12-31,2003Q1,6,FFR,3.413540683438044,1.25,2.163540683438044,-0.5523823771995309,1.1270075136567435,3.3981059256921355,5.709277423403414,7.290082933077192
mango_mdd,small,2001-12-31,2003Q2,7,FFR,3.562533806150036,1.2466666666666668,2.3158671394833688,-0.7275793446529761,1.0983194276658812,3.5945635318016915,5.948581509177923,7.6239503922454555
mango_mdd,small,2001-12-31,2003Q3,8,FFR,3.761031797539944,1.0166666666666666,2.7443651308732773,-0.7165781557073674,1.1122152142250028,3.8280373282644824,6.34348504534059,8.087988137023746
mango_mdd,small,2001-12-31,2001Q4,1,GDP,914.7725221266146,949.4381900682963,-34.665667941681704,913.4400933333675,913.9608393424606,914.7429545717209,915.6056141400601,916.2064901599484
mango_mdd,small,2001-12-31,2002Q1,2,GDP,915.941103665344,950.2630063031164,-34.32190263777238,913.7957380237411,914.5945077327559,915.9339766685205,917.2623608298343,918.081826487463
mango_mdd,small,2001-12-31,2002Q2,3,GDP,917.1975228566938,950.8766222794621,-33.67909942276833,914.3833769964588,915.512102301138,917.2136715718318,918.9117507357927,920.02426965921
mango_mdd,small,2001-12-31,2002Q3,4,GDP,918.4732093998543,951.2793389900701,-32.80612959021573,915.0999494282397,916.3755320954433,918.4599611390277,920.5490515994435,921.7567531180742
mango_mdd,small,2001-12-31,2002Q4,5,GDP,919.6006349663137,951.4099094767561,-31.80927451044238,915.693611128274,917.2204804591536,919.5760150451358,922.0311059649492,923.5482250115039
mango_mdd,small,2001-12-31,2003Q1,6,GDP,920.6558852453169,951.9253022305498,-31.269416985232965,916.2316149176079,918.0174766275427,920.670862015892,923.323022728169,925.0536928952688
mango_mdd,small,2001-12-31,2003Q2,7,GDP,921.6850173689311,952.8147130216528,-31.129695652721693,916.7578468765541,918.7563523322029,921.6877760632995,924.6015316609862,926.539644704743
mango_mdd,small,2001-12-31,2003Q3,8,GDP,922.5955533043897,954.4678690555788,-31.87231575118915,917.4920047059544,919.4354348305404,922.5740870677142,925.7332673238449,927.980225185716
mango_mdd,small,2002-03-31,2002Q1,1,DEFL,470.04579218553954,438.83068726310324,31.215104922436296,469.56378370966405,469.74514947714823,470.05012352626125,470.3352673481698,470.4995061358217
mango_mdd,small,2002-03-31,2002Q2,2,DEFL,470.1542566249391,439.17665473510937,30.977601889829714,469.2944439171618,469.64140410905156,470.1593084139373,470.65151669719637,470.98973978765497
mango_mdd,small,2002-03-31,2002Q3,3,DEFL,470.26253150164047,439.65703601147226,30.60549549016821,468.9712189080249,469.48972344718374,470.28219615941316,471.0173581967952,471.4949291435268
mango_mdd,small,2002-03-31,2002Q4,4,DEFL,470.3165123550226,440.229483984637,30.08702837038561,468.5394338258385,469.2707737688219,470.3588640445382,471.3384124311625,471.97656511132664
mango_mdd,small,2002-03-31,2003Q1,5,DEFL,470.4563434208519,440.72678772271144,29.729555698140473,468.1315016772731,469.0704809363637,470.5397729750896,471.78448782561253,472.656814619778
mango_mdd,small,2002-03-31,2003Q2,6,DEFL,470.63103538590286,441.0711268533791,29.559908532523764,467.6686298765166,468.87717598073573,470.7077341705776,472.3055213160455,473.41229275625676
mango_mdd,small,2002-03-31,2003Q3,7,DEFL,470.85380622766434,441.6379751045544,29.215831123109922,467.24742205616445,468.7064910016106,470.9350191882285,472.92855643937355,474.29262882518884
mango_mdd,small,2002-03-31,2003Q4,8,DEFL,471.1126479835452,442.25205753903714,28.860590444508034,466.8511772595011,468.5939081981986,471.20889948087853,473.5704898825567,475.14314231014475
mango_mdd,small,2002-03-31,2002Q1,1,FFR,1.304786743207776,1.7333333333333334,-0.4285465901255574,-0.10805768050119902,0.42610680380238186,1.2982125894349248,2.158342556283127,2.762220833283085
mango_mdd,small,2002-03-31,2002Q2,2,FFR,0.9465380779946869,1.75,-0.8034619220053131,-1.431113145695533,-0.4844299429021389,0.9498947432289111,2.425040454037822,3.339784949122166
mango_mdd,small,2002-03-31,2002Q3,3,FFR,0.958838303882619,1.74,-0.781161696117381,-2.008098372463683,-0.7968586882493544,0.9755922482939055,2.759938793186057,3.9980249766277502
mango_mdd,small,2002-03-31,2002Q4,4,FFR,1.1374424119397881,1.4433333333333334,-0.30589092139354523,-2.429358506501958,-0.9171620622866062,1.1449686591437096,3.2372907344360526,4.627623060821998
mango_mdd,small,2002-03-31,2003Q1,5,FFR,1.2691586969022939,1.25,0.01915869690229388,-2.8453959557275934,-1.1200562516538586,1.2434169678551528,3.6393253423482084,5.4309524398327875
mango_mdd,small,2002-03-31,2003Q2,6,FFR,1.3650496602227062,1.2466666666666668,0.11838299355603943,-3.1674849509018514,-1.325983002466897,1.4004927502774667,4.0027590139869815,5.774493777142354
mango_mdd,small,2002-03-31,2003Q3,7,FFR,1.4790477497760044,1.0166666666666666,0.4623810831093378,-3.4979099388289776,-1.4040880125645825,1.5638117586884168,4.417348035831775,6.134233388907406
mango_mdd,small,2002-03-31,2003Q4,8,FFR,1.6016993983242291,0.9966666666666667,0.6050327316575624,-3.8846374209510537,-1.5576391959212155,1.7873304287870964,4.699111952312427,6.602282266271243
mango_mdd,small,2002-03-31,2002Q1,1,GDP,915.1222002860053,950.2630063031164,-35.14080601711112,913.7276729427001,914.2964253217339,915.0781662441093,915.9993637300311,916.6097357326381
mango_mdd,small,2002-03-31,2002Q2,2,GDP,916.4999042083037,950.8766222794621,-34.37671807115839,914.263988617816,915.1645562424545,916.4442120661333,917.9044241891359,918.7746388000849
mango_mdd,small,2002-03-31,2002Q3,3,GDP,917.965246361597,951.2793389900701,-33.31409262847308,915.0677640331645,916.1977826373808,917.9258366466663,919.6843058822177,920.9477910165979
mango_mdd,small,2002-03-31,2002Q4,4,GDP,919.4770376580085,951.4099094767561,-31.93287181874757,916.0029495355247,917.3765664905841,919.4198934840563,921.623229558617,922.9497616439938
mango_mdd,small,2002-03-31,2003Q1,5,GDP,920.7808562548727,951.9253022305498,-31.144445975677172,916.7529697869421,918.3597277792712,920.7187400985471,923.232565760874,924.8253246525295
mango_mdd,small,2002-03-31,2003Q2,6,GDP,921.9554235612636,952.8147130216528,-30.859289460389164,917.458689297897,919.2273114982851,921.9559860747162,924.691635281364,926.6403006832932
mango_mdd,small,2002-03-31,2003Q3,7,GDP,923.0710823883119,954.4678690555788,-31.39678666726695,918.0619040222675,920.0314991058407,922.9924647186934,926.1110623568637,928.2002615372386
mango_mdd,small,2002-03-31,2003Q4,8,GDP,924.0783045061934,955.6153064688727,-31.53700196267937,918.6416570664985,920.7618867824895,924.088491673174,927.376358512657,929.4414615685945
mango_mdd,small,2002-06-30,2002Q2,1,DEFL,470.40983892536485,439.17665473510937,31.233184190255486,469.91254005152234,470.1048682224583,470.41991344083476,470.7075599850541,470.9114238782581
mango_mdd,small,2002-06-30,2002Q3,2,DEFL,470.67266260224915,439.65703601147226,31.01562659077689,469.8085429214396,470.1291639882407,470.6790047518042,471.19529476064355,471.52778956594705
mango_mdd,small,2002-06-30,2002Q4,3,DEFL,470.96852221902594,440.229483984637,30.739038234388943,469.6609861748019,470.17383134234996,470.99400225151396,471.7338128695666,472.2378654386249
mango_mdd,small,2002-06-30,2003Q1,4,DEFL,471.3563505431294,440.72678772271144,30.62956282041796,469.5703735884081,470.28423937530005,471.3839446855249,472.4084183945192,473.12441809571857
mango_mdd,small,2002-06-30,2003Q2,5,DEFL,471.8125149273961,441.0711268533791,30.74138807401698,469.42215286433714,470.41293357510807,471.86801000246885,473.1576148069143,474.10039194200147
mango_mdd,small,2002-06-30,2003Q3,6,DEFL,472.3291099992327,441.6379751045544,30.69113489467827,469.3439846873926,470.57212817689674,472.4010645550279,474.03959115744055,475.1374827817144
mango_mdd,small,2002-06-30,2003Q4,7,DEFL,472.90268434943005,442.25205753903714,30.650626810392907,469.3305225481514,470.73436269882285,472.9503673666165,474.99633391059956,476.2497908158715
mango_mdd,small,2002-06-30,2004Q1,8,DEFL,473.5346318954852,442.95660169416607,30.57803020131911,469.36869147579824,471.0243642860032,473.599638180422,476.0099113507519,477.63687290109505
mango_mdd,small,2002-06-30,2002Q2,1,FFR,1.9382650693353178,1.75,0.18826506933531784,0.446299732736556,1.0277654285828057,1.934256926905011,2.8652699511757005,3.417826697859363
mango_mdd,small,2002-06-30,2002Q3,2,FFR,2.2479246919448572,1.74,0.5079246919448572,-0.06458866331960626,0.8330737190729316,2.2200287592195442,3.753468787443308,4.7407022369176595
mango_mdd,small,2002-06-30,2002Q4,3,FFR,2.5862381118873787,1.4433333333333334,1.1429047785540454,-0.30723054703935393,0.8840347911282415,2.547961616784511,4.324035749333882,5.524325927002159
mango_mdd,small,2002-06-30,2003Q1,4,FFR,2.9667788268491733,1.25,1.7167788268491733,-0.3504093949052622,1.001144531936508,2.9275762661742384,4.9594157888504915,6.260910624533807
mango_mdd,small,2002-06-30,2003Q2,5,FFR,3.343679599269168,1.2466666666666668,2.0970129326025013,-0.37576648569760845,1.1263518046146843,3.264127712175853,5.5897749170606525,7.064107404137618
mango_mdd,small,2002-06-30,2003Q3,6,FFR,3.613851753539903,1.0166666666666666,2.5971850868732362,-0.549382627671817,1.1784091030922164,3.5542321369208203,6.103697449973882,7.737964052508725
mango_mdd,small,2002-06-30,2003Q4,7,FFR,3.81059472229095,0.9966666666666667,2.8139280556242836,-0.767686430358385,1.163825706375938,3.7820016850203704,6.474821983306534,8.288291748709984
mango_mdd,small,2002-06-30,2004Q1,8,FFR,4.020902700701276,1.0033333333333332,3.017569367367943,-0.8782167859063192,1.1994767467022085,4.1160863343918965,6.851281926151011,8.82911941005016
mango_mdd,small,2002-06-30,2002Q2,1,GDP,917.2885591556585,950.8766222794621,-33.588063123803636,915.9004353682005,916.4463441290526,917.2615273714978,918.1430215112933,918.7876821949617
mango_mdd,small,2002-06-30,2002Q3,2,GDP,918.8112652591412,951.2793389900701,-32.468073730928836,916.542653525061,917.4673338416609,918.8195164839337,920.1699520340258,921.0155230326319
mango_mdd,small,2002-06-30,2002Q4,3,GDP,920.2092473289786,951.4099094767561,-31.200662147777507,917.2321525369563,918.4672456042119,920.2433584886815,921.9641665172054,923.0494578152026
mango_mdd,small,2002-06-30,2003Q1,4,GDP,921.449050313078,951.9253022305498,-30.476251917471814,917.714838395017,919.3099849815387,921.5161166354937,923.5508405401563,924.9160822029116
mango_mdd,small,2002-06-30,2003Q2,5,GDP,922.5391397011326,952.8147130216528,-30.275573320520152,918.2265606501117,920.0481203285259,922.5718074683261,925.0081005565885,926.718120111127
mango_mdd,small,2002-06-30,2003Q3,6,GDP,923.5562749627474,954.4678690555788,-30.91159409283148,918.7051227421518,920.7372701632239,923.6193145842155,926.3514260244693,928.2772997047973
mango_mdd,small,2002-06-30,2003Q4,7,GDP,924.5330233229968,955.6153064688727,-31.082283145875977,919.2791461785527,921.2442124896716,924.5346704809173,927.8700877063097,929.8491061127447
mango_mdd,small,2002-06-30,2004Q1,8,GDP,925.451639048462,956.1865880299732,-30.734948981511252,919.6880106502996,921.8982981229544,925.3514583188135,929.1958999249251,931.1715385654643
mango_mdd,small,2002-09-30,2002Q3,1,DEFL,470.75397607197203,439.65703601147226,31.096940060499776,470.2464083700924,470.4340562716009,470.75247517781554,471.06116705716397,471.2910099119036
mango_mdd,small,2002-09-30,2002Q4,2,DEFL,471.0572328484293,440.229483984637,30.827748863792294,470.18198033923346,470.52701201825363,471.0648735139363,471.58747861169616,471.9418135012039
mango_mdd,small,2002-09-30,2003Q1,3,DEFL,471.40443677779933,440.72678772271144,30.677649055087898,470.11241856700235,470.6222053641584,471.4165024366307,472.1727569678658,472.6861949761462
mango_mdd,small,2002-09-30,2003Q2,4,DEFL,471.7890093014036,441.0711268533791,30.71788244802451,470.02599807294376,470.73364623713104,471.80852110735657,472.84857952022264,473.5911647523074
mango_mdd,small,2002-09-30,2003Q3,5,DEFL,472.22765493656874,441.6379751045544,30.589679832014326,469.9558810454718,470.8272216568314,472.2681584208174,473.55445260715845,474.5421583747501
mango_mdd,small,2002-09-30,2003Q4,6,DEFL,472.71157689134156,442.25205753903714,30.459519352304426,469.8581489742766,471.00912427573473,472.77541455607286,474.36718785758893,475.4935801209418
mango_mdd,small,2002-09-30,2004Q1,7,DEFL,473.23773263906986,442.95660169416607,30.281130944903794,469.7251702574716,471.1862388369151,473.31226193786705,475.24848959954926,476.6392056914623
mango_mdd,small,2002-09-30,2004Q2,8,DEFL,473.81346419374586,443.75677692001574,30.05668727373012,469.68938395509747,471.36138554180036,473.8573463571969,476.1465869336544,477.8635261195279
mango_mdd,small,2002-09-30,2002Q3,1,FFR,1.8554573285133866,1.74,0.11545732851338664,0.3552966648198164,0.9563495691158208,1.8578088274318314,2.765979052361949,3.4031497435362654
mango_mdd,small,2002-09-30,2002Q4,2,FFR,2.030025230904925,1.4433333333333334,0.5866918975715918,-0.2195089362034743,0.6280015038995985,2.012974322692239,3.438997679255764,4.40417745130861
mango_mdd,small,2002-09-30,2003Q1,3,FFR,2.316240757527786,1.25,1.066240757527786,-0.47730518806665573,0.5587822576213246,2.3103609355997463,4.02244106274324,5.187630603319151
mango_mdd,small,2002-09-30,2003Q2,4,FFR,2.6356018141208124,1.2466666666666668,1.3889351474541456,-0.681049815525702,0.6178071226041945,2.651309321204458,4.543205267980824,5.914526634452359
mango_mdd,small,2002-09-30,2003Q3,5,FFR,2.957341679076007,1.0166666666666666,1.9406750124093404,-0.6592199115915632,0.7107659128339436,2.8991284612360633,5.243207548320792,6.613137106692816
mango_mdd,small,2002-09-30,2003Q4,6,FFR,3.2101308373162905,0.9966666666666667,2.213464170649624,-0.7519758901520124,0.8330006984911362,3.147244076092236,5.650935233729149,7.172151869738874
mango_mdd,small,2002-09-30,2004Q1,7,FFR,3.41524545266234,1.0033333333333332,2.411912119329007,-0.9035211940852133,0.8872087932721286,3.318260929815696,6.057130085239864,7.796378067558441
mango_mdd,small,2002-09-30,2004Q2,8,FFR,3.6353771360037967,1.01,2.625377136003797,-1.1366539593832992,0.983594242975309,3.6281331253760625,6.314126607886605,8.435935768770632
mango_mdd,small,2002-09-30,2002Q3,1,GDP,915.9510482256565,951.2793389900701,-35.32829076441362,914.5725255032202,915.0980221954834,915.8890587106276,916.8502153457821,917.4496742316416
mango_mdd,small,2002-09-30,2002Q4,2,GDP,917.1231642556249,951.4099094767561,-34.28674522113113,914.8701505898646,915.7418744998687,917.10927153994,918.5212431226153,919.370211731953
mango_mdd,small,2002-09-30,2003Q1,3,GDP,918.2395555729404,951.9253022305498,-33.68574665760946,915.3056998998335,916.4690717824556,918.2530224231682,920.0508175472555,921.0800851129194
mango_mdd,small,2002-09-30,2003Q2,4,GDP,919.3242359590465,952.8147130216528,-33.49047706260626,915.8361226274204,917.1487408968679,919.331376269294,921.5267452981188,922.754455432838
mango_mdd,small,2002-09-30,2003Q3,5,GDP,920.3396011996132,954.4678690555788,-34.128267855965646,916.1490501446906,917.8700758606377,920.3662794796713,922.8314664024206,924.4160975438513
mango_mdd,small,2002-09-30,2003Q4,6,GDP,921.3065984391084,955.6153064688727,-34.308708029764375,916.5686916553007,918.4348467385947,921.369106522665,924.0364541727525,925.97267141102
mango_mdd,small,2002-09-30,2004Q1,7,GDP,922.2568906205117,956.1865880299732,-33.92969740946148,916.8515580752108,918.9788822847245,922.3092394747252,925.4195719780369,927.4532698610291
mango_mdd,small,2002-09-30,2004Q2,8,GDP,923.1416799744229,956.9623102681346,-33.8206302937117,917.2244481566722,919.6610894683091,923.1656728457428,926.581246263323,928.8476810315474
mango_mdd,small,2002-12-31,2002Q4,1,DEFL,470.973863279483,440.229483984637,30.744379294846,470.48909658984667,470.6641423477666,470.97282328830374,471.27020270616555,471.4594740349685
mango_mdd,small,2002-12-31,2003Q1,2,DEFL,471.25678875697946,440.72678772271144,30.530001034268025,470.4164574651788,470.7364119675876,471.2441850481224,471.78561604436607,472.1093565586193
mango_mdd,small,2002-12-31,2003Q2,3,DEFL,471.54107234644056,441.0711268533791,30.46994549306146,470.2649601404262,470.7556582687087,471.54247460272666,472.3004840500751,472.85013555132355
mango_mdd,small,2002-12-31,2003Q3,4,DEFL,471.85764599504125,441.6379751045544,30.21967089048684,470.08424454475767,470.7687630647989,471.86312507036837,472.92790744967357,473.6778826725745
mango_mdd,small,2002-12-31,2003Q4,5,DEFL,472.2076176496425,442.25205753903714,29.955560110605347,469.9407372203013,470.73180850515416,472.2129115040532,473.60608104847535,474.54811311892666
mango_mdd,small,2002-12-31,2004Q1,6,DEFL,472.58498821125005,442.95660169416607,29.62838651708398,469.7538953476339,470.7774221058041,472.5557633427635,474.3809897705358,475.4623292817087
mango_mdd,small,2002-12-31,2004Q2,7,DEFL,472.98026196739886,443.75677692001574,29.22348504738312,469.4309393809437,470.7497131548851,472.98312529858157,475.2095666881226,476.51629539117346
mango_mdd,small,2002-12-31,2004Q3,8,DEFL,473.40299563937384,444.39680362140643,29.006192017967408,469.1489592933929,470.79489411484036,473.4185399104992,475.9663084135191,477.5690406885977
mango_mdd,small,2002-12-31,2002Q4,1,FFR,1.8526690429773869,1.4433333333333334,0.4093357096440535,0.40198736659466544,0.9929770826875282,1.8410177999483794,2.7379926617159267,3.3655568172743884
mango_mdd,small,2002-12-31,2003Q1,2,FFR,2.0855961691310303,1.25,0.8355961691310303,-0.21821944966959886,0.746421576604917,2.068568113028297,3.47189985759763,4.3555340023938784
mango_mdd,small,2002-12-31,2003Q2,3,FFR,2.3749115900340274,1.2466666666666668,1.1282449233673606,-0.4309785491626748,0.7157931370355229,2.3667049523997274,4.085352040554755,5.188693319656196
mango_mdd,small,2002-12-31,2003Q3,4,FFR,2.6475742733689622,1.0166666666666666,1.6309076067022956,-0.631473140443248,0.7105722248946794,2.6657005929364583,4.624593200410472,5.863630690374402
mango_mdd,small,2002-12-31,2003Q4,5,FFR,2.9130710088681426,0.9966666666666667,1.916404342201476,-0.6975467421301708,0.7495111385028709,2.868779217712717,5.093997717329244,6.62792551347862
mango_mdd,small,2002-12-31,2004Q1,6,FFR,3.129399066046079,1.0033333333333332,2.126065732712746,-0.9226900241889022,0.7034482329563917,3.1642090388085817,5.518030607491181,7.107528979103222
mango_mdd,small,2002-12-31,2004Q2,7,FFR,3.288336659613852,1.01,2.278336659613852,-1.0838086850148672,0.6514426643233127,3.3784232401710437,5.766432843123251,7.675058394229822
mango_mdd,small,2002-12-31,2004Q3,8,FFR,3.456131091029361,1.4333333333333333,2.0227977576960274,-1.2644157474610667,0.6640354352312209,3.5478352620934306,6.114874947714844,7.9936094142590886
mango_mdd,small,2002-12-31,2002Q4,1,GDP,916.8872910730917,951.4099094767561,-34.52261840366441,915.5292090466511,916.0848907591214,916.8685369730116,917.7531908469749,918.3412625539219
mango_mdd,small,2002-12-31,2003Q1,2,GDP,917.9790973528392,951.9253022305498,-33.94620487771067,915.7633540823567,916.6381473863271,917.9801759548607,919.3681265613877,920.2605926046763
mango_mdd,small,2002-12-31,2003Q2,3,GDP,919.0274160717938,952.8147130216528,-33.787296949858955,916.1404097907678,917.2827622997872,919.035129090835,920.8655996666209,921.9086597618906
mango_mdd,small,2002-12-31,2003Q3,4,GDP,920.0582104029545,954.4678690555788,-34.40965865262433,916.5637779460923,917.9412321116635,920.0365080300269,922.18956036101,923.4900270563265
mango_mdd,small,2002-12-31,2003Q4,5,GDP,921.0069926648611,955.6153064688727,-34.608313804011686,916.8043379133508,918.5288504719186,920.9538522065667,923.4801979002192,925.2086871518395
mango_mdd,small,2002-12-31,2004Q1,6,GDP,921.9208342709013,956.1865880299732,-34.26575375907191,917.163322387517,919.0743289193451,921.9318570575774,924.7690213339986,926.7190934029048
mango_mdd,small,2002-12-31,2004Q2,7,GDP,922.8148748993848,956.9623102681346,-34.147435368749825,917.5005018006989,919.7104455088335,922.8502338493465,925.9281118714562,928.0488591871797
mango_mdd,small,2002-12-31,2004Q3,8,GDP,923.6514652771888,957.8991553628297,-34.2476900856409,917.9167694693348,920.25488920736,923.7248758354042,926.9650241038001,929.2635941532741
mango_mdd,small,2003-03-31,2003Q1,1,DEFL,471.5172324735733,440.72678772271144,30.790444750861866,471.0392556557221,471.22697582302914,471.51966014669966,471.80378041701294,471.9985348059292
mango_mdd,small,2003-03-31,2003Q2,2,DEFL,471.88405433972696,441.0711268533791,30.81292748634786,471.05357645977364,471.3772658753334,471.88674558991676,472.3840469677144,472.73752513761247
mango_mdd,small,2003-03-31,2003Q3,3,DEFL,472.2660279167978,441.6379751045544,30.628052812243368,471.03591776368734,471.51176217167324,472.2494744473489,473.0207664034867,473.5171694681476
mango_mdd,small,2003-03-31,2003Q4,4,DEFL,472.6676252018249,442.25205753903714,30.415567662787737,470.9381753416097,471.60507533661416,472.66031817255373,473.7047334572159,474.4168995611658
mango_mdd,small,2003-03-31,2004Q1,5,DEFL,473.1068925360488,442.95660169416607,30.150290841882736,470.8179066015198,471.70388181756726,473.10755721367616,474.4459561109496,475.39497655476373
mango_mdd,small,2003-03-31,2004Q2,6,DEFL,473.5762777395471,443.75677692001574,29.819500819531356,470.66987982255125,471.80326959097187,473.58023476281824,475.32698607614105,476.48013610003636
mango_mdd,small,2003-03-31,2004Q3,7,DEFL,474.0684674195429,444.39680362140643,29.67166379813648,470.5576387727473,471.8986668965483,474.0847917282635,476.2298577826802,477.6715641774546
mango_mdd,small,2003-03-31,2004Q4,8,DEFL,474.5829073023813,445.166929500233,29.41597780214829,470.31968832308445,472.02912711643046,474.5724446328073,477.1536085745932,479.0156105473516
mango_mdd,small,2003-03-31,2003Q1,1,FFR,1.5411359647141771,1.25,0.29113596471417713,0.07657747710423352,0.657329560168023,1.5512221455898816,2.41290344396993,2.9829193379497543
mango_mdd,small,2003-03-31,2003Q2,2,FFR,1.8217073252110936,1.2466666666666668,0.5750406585444268,-0.44441983528824874,0.4660865237256749,1.8232940997140987,3.22144878030701,4.080499230652125
mango_mdd,small,2003-03-31,2003Q3,3,FFR,2.093569802651022,1.0166666666666666,1.0769031359843555,-0.7000316120029789,0.39308092869032296,2.0925785064964186,3.7934162413841808,4.890191459116964
mango_mdd,small,2003-03-31,2003Q4,4,FFR,2.352674756925487,0.9966666666666667,1.3560080902588205,-0.8911363991405956,0.33993804020713775,2.3592588367116294,4.333772235356961,5.603700218689394
mango_mdd,small,2003-03-31,2004Q1,5,FFR,2.6490889061695677,1.0033333333333332,1.6457555728362345,-1.0691913333945577,0.33647782230432083,2.6981116337143423,4.884571179509393,6.324439695487021
mango_mdd,small,2003-03-31,2004Q2,6,FFR,2.9070470295824262,1.01,1.8970470295824262,-1.3002780794442201,0.3331908487779922,2.947149118099925,5.41402968723361,6.992567293798908
mango_mdd,small,2003-03-31,2004Q3,7,FFR,3.0909875516034413,1.4333333333333333,1.657654218270108,-1.351805470510027,0.36946204520418113,3.1188099133326634,5.768347955483817,7.544528964854069
mango_mdd,small,2003-03-31,2004Q4,8,FFR,3.270932910389511,1.95,1.320932910389511,-1.7185566107929484,0.48800524497058834,3.295321111475987,6.228002749972774,7.954818836596833
mango_mdd,small,2003-03-31,2003Q1,1,GDP,917.0298139279525,951.9253022305498,-34.8954883025973,915.699314663562,916.2154332983109,916.9963463258478,917.8639271033736,918.4528943310847
mango_mdd,small,2003-03-31,2003Q2,2,GDP,918.0650765808007,952.8147130216528,-34.7496364408521,915.8912110204947,916.7103541236721,918.0807817743299,919.4397655070949,920.2262910444041
mango_mdd,small,2003-03-31,2003Q3,3,GDP,919.0420081973818,954.4678690555788,-35.425860858196984,916.1476997516585,917.2582756990741,919.0763021875282,920.7768227879437,921.8679140409043
mango_mdd,small,2003-03-31,2003Q4,4,GDP,919.9977376909687,955.6153064688727,-35.61756877790401,916.4647964814935,917.91542313829,920.0350042153856,922.185172695141,923.4533997031563
mango_mdd,small,2003-03-31,2004Q1,5,GDP,920.8894737638494,956.1865880299732,-35.2971142661238,916.725147352606,918.3490653623901,920.9270307179314,923.5025639944841,924.9715588854533
mango_mdd,small,2003-03-31,2004Q2,6,GDP,921.7393045320558,956.9623102681346,-35.22300573607879,916.8955808433923,918.958099364086,921.7665101691612,924.5507704598105,926.3272693582109
mango_mdd,small,2003-03-31,2004Q3,7,GDP,922.5653553711297,957.8991553628297,-35.33379999169995,917.0105884651279,919.3817946848872,922.6142722621452,925.7097811867934,927.7999521358662
mango_mdd,small,2003-03-31,2004Q4,8,GDP,923.3344952882486,958.9159953464796,-35.58150005823097,917.2901271779958,919.8816177423759,923.4756806012872,926.7480021247864,928.9464920628112
mango_mdd,small,2003-06-30,2003Q2,1,DEFL,472.24673318410237,441.0711268533791,31.17560633072327,471.7859271770174,471.9518256314077,472.255573245301,472.5262144958879,472.6962098927533
mango_mdd,small,2003-06-30,2003Q3,2,DEFL,472.7879570953809,441.6379751045544,31.14998199082646,471.9510520866917,472.26920803408893,472.7869860654788,473.28802771766385,473.6045864108347
mango_mdd,small,2003-06-30,2003Q4,3,DEFL,473.34428833882225,442.25205753903714,31.092230799785114,472.0746513107648,472.565327546672,473.368836307593,474.10070747114406,474.5353247036382
mango_mdd,small,2003-06-30,2004Q1,4,DEFL,473.9507394372746,442.95660169416607,30.994137743108524,472.159605085556,472.87637232027697,473.9796190226898,475.01656430895304,475.64187802005
mango_mdd,small,2003-06-30,2004Q2,5,DEFL,474.6080113433009,443.75677692001574,30.851234423285177,472.2467886125762,473.1765656787382,474.63225256196256,475.9685822956984,476.7321246063167
mango_mdd,small,2003-06-30,2004Q3,6,DEFL,475.31595884333046,444.39680362140643,30.91915522192403,472.4016099661417,473.56542020036306,475.37163140440856,477.02521484457867,478.13383865162444
mango_mdd,small,2003-06-30,2004Q4,7,DEFL,476.0589634270488,445.166929500233,30.892033926815827,472.5623779812555,473.9134177537401,476.0897748992486,478.165157987333,479.4924334512757
mango_mdd,small,2003-06-30,2005Q1,8,DEFL,476.84903081479797,445.960091366716,30.888939448082,472.7145887015269,474.3101500253096,476.940091065787,479.3173493868958,480.9685096221447
mango_mdd,small,2003-06-30,2003Q2,1,FFR,1.4879844491581058,1.2466666666666668,0.24131778249143898,0.048396374816878675,0.6578635640039511,1.480006298262275,2.3397678872988474,2.957284010715671
mango_mdd,small,2003-06-30,2003Q3,2,FFR,1.7831566761063686,1.0166666666666666,0.766490009439702,-0.3975608380692925,0.4065549967734202,1.7822325182568821,3.1625470984935955,4.157343499791357
mango_mdd,small,2003-06-30,2003Q4,3,FFR,2.022894507618385,0.9966666666666667,1.0262278409517185,-0.7722484078707356,0.37742551106693145,1.9519840102090313,3.7564490701463953,4.8645476437786455
mango_mdd,small,2003-06-30,2004Q1,4,FFR,2.3209908866337092,1.0033333333333332,1.317657553300376,-1.0076082876915886,0.31086822483196414,2.3355450629182117,4.408768959018453,5.502506431158378
mango_mdd,small,2003-06-30,2004Q2,5,FFR,2.679460327141482,1.01,1.669460327141482,-1.1410574246922316,0.43676497994502794,2.671652076890946,4.932490429343207,6.509317870242439
mango_mdd,small,2003-06-30,2004Q3,6,FFR,2.9687022916618426,1.4333333333333333,1.5353689583285093,-1.2502624340527002,0.500936784151746,2.9800803818410384,5.408309783339174,7.013205852231966
mango_mdd,small,2003-06-30,2004Q4,7,FFR,3.1906145835728017,1.95,1.2406145835728017,-1.361248226490138,0.5676349284721682,3.2437356327472564,5.859217441021172,7.520461985458876
mango_mdd,small,2003-06-30,2005Q1,8,FFR,3.4228129395198783,2.47,0.9528129395198781,-1.386384637967904,0.6016647116196346,3.455771520365105,6.291194294181957,8.114091433386859
mango_mdd,small,2003-06-30,2003Q2,1,GDP,917.3484812549148,952.8147130216528,-35.46623176673802,916.0100192788398,916.5209441620996,917.3200582319544,918.1689204139861,918.7675393539644
mango_mdd,small,2003-06-30,2003Q3,2,GDP,918.3027737918325,954.4678690555788,-36.165095263746366,916.0911549599012,916.9864308845429,918.2837714316735,919.6369164513179,920.5336581176109
mango_mdd,small,2003-06-30,2003Q4,3,GDP,919.1728387983603,955.6153064688727,-36.44246767051243,916.2368806989446,917.4246428180479,919.1789124402629,920.9203137498154,922.0822703422881
mango_mdd,small,2003-06-30,2004Q1,4,GDP,920.0348775176932,956.1865880299732,-36.15171051228003,916.5941123407041,917.8350529851508,920.0169936725002,922.1376875595336,923.7289389905932
mango_mdd,small,2003-06-30,2004Q2,5,GDP,920.8255071797146,956.9623102681346,-36.13680308842004,916.7309023439396,918.2428297641877,920.770986595421,923.3633062349774,925.1295087423537
mango_mdd,small,2003-06-30,2004Q3,6,GDP,921.5708136058709,957.8991553628297,-36.32834175695882,916.8741750637896,918.7019715249102,921.5552015601459,924.3952206641958,926.5412240750054
mango_mdd,small,2003-06-30,2004Q4,7,GDP,922.2838862792855,958.9159953464796,-36.63210906719405,916.909958820199,918.9831749023983,922.3335167597954,925.3882281707494,927.7710397795876
mango_mdd,small,2003-06-30,2005Q1,8,GDP,922.9447112944201,960.0207528735932,-37.07604157917308,917.0820036562326,919.3199109381295,922.9572730934597,926.4045933749043,928.7558585216034
mango_mdd,small,2003-09-30,2003Q3,1,DEFL,472.40012370417287,441.6379751045544,30.762148599618456,471.9388048520267,472.11122231489634,472.3979638648502,472.6882187067725,472.86848547575136
mango_mdd,small,2003-09-30,2003Q4,2,DEFL,472.79666138294266,442.25205753903714,30.54460384390552,471.967524860487,472.2891903402043,472.8010843799848,473.29955005470435,473.6065454895153
mango_mdd,small,2003-09-30,2004Q1,3,DEFL,473.2113560872609,442.95660169416607,30.254754393094856,471.96455996981007,472.47244264072174,473.2152898014667,473.97604027931936,474.4265878680183
mango_mdd,small,2003-09-30,2004Q2,4,DEFL,473.6342119897222,443.75677692001574,29.87743506970645,471.8910717736363,472.6088007034817,473.6502988951732,474.66999632114573,475.3392214030762
mango_mdd,small,2003-09-30,2004Q3,5,DEFL,474.10597003092954,444.39680362140643,29.709166409523107,471.8125648148448,472.73982847238307,474.1509781998909,475.4316830628278,476.33868806167595
mango_mdd,small,2003-09-30,2004Q4,6,DEFL,474.6049025864766,445.166929500233,29.43797308624363,471.7084863146635,472.8488531362924,474.64377439914597,476.28264051824044,477.38382768851557
mango_mdd,small,2003-09-30,2005Q1,7,DEFL,475.1258108922916,445.960091366716,29.16571952557564,471.60281135704395,473.0066177489247,475.15642179661745,477.2054854332372,478.46175516219375
mango_mdd,small,2003-09-30,2005Q2,8,DEFL,475.6751319461085,446.6850203488912,28.990111597217265,471.408454881149,473.15173907310435,475.7081832165168,478.1476474083123,479.7422292268358
mango_mdd,small,2003-09-30,2003Q3,1,FFR,1.3971109542591844,1.0166666666666666,0.3804442875925178,-0.007408386508818424,0.5398131532486654,1.3916274023893203,2.2527893033606397,2.7937819903431205
mango_mdd,small,2003-09-30,2003Q4,2,FFR,1.4741142621620826,0.9966666666666667,0.47744759549541593,-0.8040460612369318,0.07775770875310738,1.4394416541579151,2.8441221774393846,3.7884093952298055
mango_mdd,small,2003-09-30,2004Q1,3,FFR,1.6531313564908778,1.0033333333333332,0.6497980231575446,-1.1155465730993337,0.03331702098056754,1.6365358738623752,3.395512065349796,4.511565420476633
mango_mdd,small,2003-09-30,2004Q2,4,FFR,1.9693677171288144,1.01,0.9593677171288144,-1.163680345402004,-0.010934896186054945,2.00491934258216,3.899692325093921,5.151741242789798
mango_mdd,small,2003-09-30,2004Q3,5,FFR,2.2530777424951878,1.4333333333333333,0.8197444091618544,-1.3442315851103595,0.003941409362528041,2.252162190557967,4.491081419006809,5.8623169420259735
mango_mdd,small,2003-09-30,2004Q4,6,FFR,2.4434923944521563,1.95,0.4934923944521563,-1.7125642478801144,0.028114307797697448,2.4465334576856974,4.884387241858763,6.425956100480409
mango_mdd,small,2003-09-30,2005Q1,7,FFR,2.6169597474374457,2.47,0.14695974743744555,-1.670634309283082,0.12001841077353262,2.636564554828924,5.1539765696052315,6.87557730936152
mango_mdd,small,2003-09-30,2005Q2,8,FFR,2.8174851169675392,2.9433333333333334,-0.12584821636579413,-1.9503517366377552,0.13982633753077184,2.8841495109361226,5.541280433387761,7.298286749280067
mango_mdd,small,2003-09-30,2003Q3,1,GDP,918.1481315517746,954.4678690555788,-36.31973750380428,916.8233712109405,917.3729908408172,918.115730151379,919.001505919103,919.5654033566485
mango_mdd,small,2003-09-30,2003Q4,2,GDP,919.0641382348001,955.6153064688727,-36.551168234072634,916.924686193992,917.7664613634147,919.0271119153124,920.4014959402944,921.2662562207419
mango_mdd,small,2003-09-30,2004Q1,3,GDP,920.0169329762265,956.1865880299732,-36.16965505374674,917.2184360431759,918.2582741316245,920.034097255169,921.7559923262173,922.7801634157022
mango_mdd,small,2003-09-30,2004Q2,4,GDP,920.9908997189383,956.9623102681346,-35.97141054919632,917.5632328173106,918.8408807733692,921.0136786694533,923.0552264177544,924.4750920231297
mango_mdd,small,2003-09-30,2004Q3,5,GDP,921.879975665272,957.8991553628297,-36.01917969755766,917.7331641095359,919.4687923952499,921.8841471957915,924.2292718936146,925.9601566840216
mango_mdd,small,2003-09-30,2004Q4,6,GDP,922.7231272711928,958.9159953464796,-36.19286807528681,918.0042601308379,920.0356012402289,922.7438973308175,925.4321561943786,927.2600339689936
mango_mdd,small,2003-09-30,2005Q1,7,GDP,923.5553970928253,960.0207528735932,-36.465355780767936,918.3638556423952,920.5983339209549,923.527111818368,926.6228997038387,928.6871912323586
mango_mdd,small,2003-09-30,2005Q2,8,GDP,924.3334590569307,960.5061772591148,-36.172718202184114,918.7522165051386,921.0796908920902,924.2700244908629,927.6313837028403,929.9075645875014
mango_mdd,small,2003-12-31,2003Q4,1,DEFL,466.567488742304,442.25205753903714,24.315431203266883,466.08901578738886,466.2533519750922,466.56878297665855,466.8680493208653,467.0568022462416
mango_mdd,small,2003-12-31,2004Q1,2,DEFL,466.96405189915885,442.95660169416607,24.00745020499278,466.09710390172245,466.43729420979895,466.96714021210346,467.4802523877309,467.83213230442306
mango_mdd,small,2003-12-31,2004Q2,3,DEFL,467.3948809358807,443.75677692001574,23.63810401586494,466.1203393278198,466.6150126527804,467.3919073964331,468.17171850740203,468.6482450179752
mango_mdd,small,2003-12-31,2004Q3,4,DEFL,467.8854434112579,444.39680362140643,23.488639789851447,466.09452182718684,466.82423789685856,467.8829893643873,468.95039520383295,469.71683650191835
mango_mdd,small,2003-12-31,2004Q4,5,DEFL,468.406275793561,445.166929500233,23.239346293328026,466.07197389246016,467.0275167037309,468.42497380214013,469.79548821579505,470.7541756589
mango_mdd,small,2003-12-31,2005Q1,6,DEFL,468.9606551964694,445.960091366716,23.000563829753446,465.962399328284,467.2629370600108,468.9675697369945,470.719654651871,471.9014653678846
mango_mdd,small,2003-12-31,2005Q2,7,DEFL,469.52823889220974,446.6850203488912,22.843218543318528,465.8171430495915,467.44368946286784,469.5270350881792,471.7440666256934,473.18519067503325
mango_mdd,small,2003-12-31,2005Q3,8,DEFL,470.1187875664676,447.5903970265225,22.528390539945065,465.80781144999713,467.55090252668157,470.1253496585192,472.715052274418,474.49283789506364
mango_mdd,small,2003-12-31,2003Q4,1,FFR,1.5004524156071504,0.9966666666666667,0.5037857489404837,0.044487042029145434,0.62283941963381,1.4923147863634276,2.361833028720867,2.9399973209620303
mango_mdd,small,2003-12-31,2004Q1,2,FFR,2.0972287533164455,1.0033333333333332,1.0938954199831123,-0.16693319637750947,0.7066474683067159,2.1024959193685926,3.4776274567114385,4.33686531254641
mango_mdd,small,2003-12-31,2004Q2,3,FFR,2.508457037615464,1.01,1.498457037615464,-0.17697581118562042,0.8590422274094304,2.4510074469011958,4.181601474411336,5.336182196002134
mango_mdd,small,2003-12-31,2004Q3,4,FFR,2.8230576975047126,1.4333333333333333,1.3897243641713792,-0.44771017054449413,0.9232579864417395,2.852706826792053,4.712009229821625,5.99671200852727
mango_mdd,small,2003-12-31,2004Q4,5,FFR,3.1512087494669356,1.95,1.2012087494669357,-0.4865738552641655,0.980167973097281,3.06621887790997,5.382825800624066,6.782153811610244
mango_mdd,small,2003-12-31,2005Q1,6,FFR,3.381426590136848,2.47,0.9114265901368479,-0.5761701391085191,0.9260824652014995,3.3745377689268965,5.777782802527709,7.447875927946381
mango_mdd,small,2003-12-31,2005Q2,7,FFR,3.5201465167484915,2.9433333333333334,0.5768131834151582,-0.8540679835185195,0.8900168794062907,3.473335539326749,6.156524681286232,8.009053383051455
mango_mdd,small,2003-12-31,2005Q3,8,FFR,3.6487650412441277,3.4599999999999995,0.18876504124412818,-1.1546666115735735,0.8811022817708004,3.679953496254151,6.409211024645904,8.319894061962216
mango_mdd,small,2003-12-31,2003Q4,1,GDP,927.0567611308586,955.6153064688727,-28.55854533801414,925.6846336928735,926.2481042313977,927.0316683184826,927.9018080377589,928.5442004444416
mango_mdd,small,2003-12-31,2004Q1,2,GDP,928.3673219607043,956.1865880299732,-27.819266069268906,926.1345036437059,927.0577696865637,928.338411955166,929.7025328079601,930.6391481218707
mango_mdd,small,2003-12-31,2004Q2,3,GDP,929.4408121315184,956.9623102681346,-27.521498136616174,926.6097968781243,927.6931205374533,929.4344352068201,931.2091635867557,932.2998649716617
mango_mdd,small,2003-12-31,2004Q3,4,GDP,930.3878100405952,957.8991553628297,-27.511345322234433,926.9433290476915,928.2467300623301,930.412889786716,932.5226504776435,933.8769262746604
mango_mdd,small,2003-12-31,2004Q4,5,GDP,931.2150694110409,958.9159953464796,-27.700925935438704,927.2271184951231,928.7277821460999,931.2071035693534,933.7201844471842,935.3890612776769
mango_mdd,small,2003-12-31,2005Q1,6,GDP,932.019262187807,960.0207528735932,-28.001490685786166,927.3990781815139,929.2358898681719,932.0573195786717,934.7736490426647,936.5615037088982
mango_mdd,small,2003-12-31,2005Q2,7,GDP,932.8148422278036,960.5061772591148,-27.691335031311155,927.5785991152445,929.6670192813285,932.8583095720032,935.9816927654058,937.7984854117785
mango_mdd,small,2003-12-31,2005Q3,8,GDP,933.5859414299202,961.2887292981801,-27.70278786825986,927.9223255242299,930.2012211466367,933.7232233181641,936.9650359473073,939.0140055798603
mango_mdd,small,2004-03-31,2004Q1,1,DEFL,466.9670953995025,442.95660169416607,24.010493705336444,466.4821636904969,466.65877407815054,466.9681879579118,467.26448329667653,467.447911492693
mango_mdd,small,2004-03-31,2004Q2,2,DEFL,467.4158914879848,443.75677692001574,23.659114567969084,466.5964456454137,466.9094409217435,467.4121035010752,467.93756121917556,468.2666520828802
mango_mdd,small,2004-03-31,2004Q3,3,DEFL,467.9257267935167,444.39680362140643,23.52892317211024,466.7090833650002,467.15884323721184,467.9243514649655,468.6553926341916,469.2119572676928
mango_mdd,small,2004-03-31,2004Q4,4,DEFL,468.46693638396107,445.166929500233,23.300006883728088,466.7756401502288,467.39601612542583,468.47825335026334,469.52804360232466,470.2022455875875
mango_mdd,small,2004-03-31,2005Q1,5,DEFL,469.06689870302625,445.960091366716,23.106807336310283,466.849272362607,467.6592198178267,469.05833517264693,470.43984228815475,471.2945930050795
mango_mdd,small,2004-03-31,2005Q2,6,DEFL,469.70603111661063,446.6850203488912,23.021010767719417,466.9184607906914,467.9747877345961,469.68757549188655,471.3916494593,472.4783051380354
mango_mdd,small,2004-03-31,2005Q3,7,DEFL,470.3774822749361,447.5903970265225,22.787085248413575,466.9490129699176,468.2946421482612,470.3531693101561,472.438023841479,473.73034743078523
mango_mdd,small,2004-03-31,2005Q4,8,DEFL,471.08244730705013,448.39625430524006,22.686193001810068,466.9907968846148,468.66393377162075,471.04293872475785,473.5737505083362,475.0479636686966
mango_mdd,small,2004-03-31,2004Q1,1,FFR,1.4931671253773053,1.0033333333333332,0.48983379204397215,0.06995178861746687,0.623593417150643,1.4550612000180494,2.367502400957447,2.9271259606690716
mango_mdd,small,2004-03-31,2004Q2,2,FFR,1.8985854140820466,1.01,0.8885854140820466,-0.3581506507355755,0.5384563505120383,1.87856974780649,3.275907649618837,4.106650908356504
mango_mdd,small,2004-03-31,2004Q3,3,FFR,2.179680398497501,1.4333333333333333,0.7463470651641677,-0.5552868360422892,0.5241572541741965,2.190986360727999,3.8087845215006015,4.973997691042158
mango_mdd,small,2004-03-31,2004Q4,4,FFR,2.4973503498346448,1.95,0.5473503498346448,-0.6807179621842239,0.6003945441368528,2.5035707055462977,4.402599253045302,5.624521886897588
mango_mdd,small,2004-03-31,2005Q1,5,FFR,2.8188382617244754,2.47,0.3488382617244752,-0.7943038538375155,0.689568731619879,2.7615062635125227,5.053148411444401,6.451185491750444
mango_mdd,small,2004-03-31,2005Q2,6,FFR,3.032274766890709,2.9433333333333334,0.0889414335573755,-0.9590240565477833,0.5955018740246415,3.0638004699758294,5.38532842602396,7.1913324270581045
mango_mdd,small,2004-03-31,2005Q3,7,FFR,3.168194378498286,3.4599999999999995,-0.29180562150171374,-1.2756783231007132,0.6052102880690834,3.211028209036276,5.678053638721408,7.518526484452113
mango_mdd,small,2004-03-31,2005Q4,8,FFR,3.340168418432186,3.98,-0.639831581567814,-1.5120037019328296,0.5722223629276701,3.3466784413523802,6.038015723717862,7.932936015382273
mango_mdd,small,2004-03-31,2004Q1,1,GDP,928.11458881234,956.1865880299732,-28.07199921763322,926.7666959798592,927.292429882854,928.0890398568072,928.9568217870591,929.5657808571424
mango_mdd,small,2004-03-31,2004Q2,2,GDP,929.3000703177129,956.9623102681346,-27.662239950421736,927.0986037545138,927.9612564809215,929.2744179395993,930.6833189325484,931.4915469604098
mango_mdd,small,2004-03-31,2004Q3,3,GDP,930.3324935818302,957.8991553628297,-27.566661780999425,927.4467743057379,928.5851899731571,930.3186369171681,932.1189528031135,933.2623126173
mango_mdd,small,2004-03-31,2004Q4,4,GDP,931.28273006565,958.9159953464796,-27.63326528082962,927.7392814931683,929.1793810932124,931.2782063988155,933.4447592592192,934.9634410786772
mango_mdd,small,2004-03-31,2005Q1,5,GDP,932.1553871596634,960.0207528735932,-27.865365713929805,927.9239605996707,929.6361238504702,932.1301343249459,934.7248363849792,936.4877157656119
mango_mdd,small,2004-03-31,2005Q2,6,GDP,932.9863649674978,960.5061772591148,-27.519812291616972,928.0480867581099,930.1880936273149,932.9354473580562,935.9322602204666,937.9842901763275
mango_mdd,small,2004-03-31,2005Q3,7,GDP,933.8038907412227,961.2887292981801,-27.484838556957357,928.2421185654305,930.6192963403536,933.7687828065074,936.9456170860014,939.5504367386096
mango_mdd,small,2004-03-31,2005Q4,8,GDP,934.5809659367586,961.8550509042607,-27.274084967502063,928.5534371299248,931.1175696217172,934.5360523267102,938.125297471726,940.7050209139154
mango_mdd,small,2004-06-30,2004Q2,1,DEFL,467.7973441543064,443.75677692001574,24.040567234290677,467.3242009221093,467.5125225743748,467.80101943609986,468.0854678191178,468.2702097656035
mango_mdd,small,2004-06-30,2004Q3,2,DEFL,468.44133483711937,444.39680362140643,24.044531215712937,467.6223351752833,467.9383085611205,468.44098564678643,468.9354333403331,469.27062036202875
mango_mdd,small,2004-06-30,2004Q4,3,DEFL,469.0779069969009,445.166929500233,23.910977496667897,467.80034474691706,468.3280721754735,469.091275126858,469.821165046166,470.3054480953196
mango_mdd,small,2004-06-30,2005Q1,4,DEFL,469.8014748657668,445.960091366716,23.841383499050835,468.0402769610397,468.77821365893294,469.8199456424229,470.8164570087748,471.479155753705
mango_mdd,small,2004-06-30,2005Q2,5,DEFL,470.54591797745434,446.6850203488912,23.860897628563123,468.2032995881046,469.1886374807276,470.5672448311077,471.87494197326964,472.7413194325808
mango_mdd,small,2004-06-30,2005Q3,6,DEFL,471.35059231538753,447.5903970265225,23.76019528886502,468.4084256905211,469.6617406338189,471.37608593714003,473.0531424007942,474.216035523361
mango_mdd,small,2004-06-30,2005Q4,7,DEFL,472.15496341911364,448.39625430524006,23.75870911387358,468.531753709238,470.064326938594,472.1550298054233,474.314343080241,475.61386135680766
mango_mdd,small,2004-06-30,2006Q1,8,DEFL,472.99113544069183,449.0981931357204,23.892942304971427,468.69397011302493,470.48901711470586,472.9993961078019,475.51303800218176,477.0739895360685
mango_mdd,small,2004-06-30,2004Q2,1,FFR,1.5280841914317513,1.01,0.5180841914317513,0.11411819368595016,0.6940675996904643,1.5424939749277562,2.359841785248223,2.9276906853093343
mango_mdd,small,2004-06-30,2004Q3,2,FFR,2.0572063745896987,1.4333333333333333,0.6238730412563653,-0.1804263856309666,0.6626676939143067,2.0754581429245476,3.415863228780417,4.264562278373176
mango_mdd,small,2004-06-30,2004Q4,3,FFR,2.4077491862032376,1.95,0.4577491862032377,-0.4241178937358504,0.7372547478947163,2.3513110754685007,4.115802327452972,5.144900034735358
mango_mdd,small,2004-06-30,2005Q1,4,FFR,2.7191191810207465,2.47,0.24911918102074626,-0.5941695492693517,0.737583578988176,2.700026986004719,4.669100925394388,6.011514109689268
mango_mdd,small,2004-06-30,2005Q2,5,FFR,3.083910214389698,2.9433333333333334,0.14057688105636457,-0.564214678577646,0.8775093684760851,3.0546155791007563,5.328119354722577,6.865545230409707
mango_mdd,small,2004-06-30,2005Q3,6,FFR,3.335610212037009,3.4599999999999995,-0.12438978796299072,-0.7553005723800055,0.8952279812510762,3.3168503560929725,5.738736148244596,7.4982283566810874
mango_mdd,small,2004-06-30,2005Q4,7,FFR,3.50022685761904,3.98,-0.47977314238096014,-0.9557073210767327,0.89415886318366,3.5099634953088046,6.08259837894729,7.973611625313215
mango_mdd,small,2004-06-30,2006Q1,8,FFR,3.6744999235005706,4.456666666666667,-0.7821667431660964,-1.3833412553287205,0.8591480717981447,3.7456352448082306,6.556160193669172,8.365478337944612
mango_mdd,small,2004-06-30,2004Q2,1,GDP,928.9983772202494,956.9623102681346,-27.963933047885234,927.670337333508,928.1877185965355,928.9724350358458,929.806561658604,930.4079848581976
mango_mdd,small,2004-06-30,2004Q3,2,GDP,930.164856057058,957.8991553628297,-27.73429930577163,928.0135474664219,928.8547350033116,930.1737605319563,931.5099820915303,932.3567913306885
mango_mdd,small,2004-06-30,2004Q4,3,GDP,931.0352464494566,958.9159953464796,-27.880748897022954,928.1738466197796,929.3189017781259,931.0204461484277,932.8015648722683,933.941913174515
mango_mdd,small,2004-06-30,2005Q1,4,GDP,931.8400557386205,960.0207528735932,-28.18069713497266,928.440570423059,929.6792854063006,931.8443162877675,933.9670072423228,935.3532208306618
mango_mdd,small,2004-06-30,2005Q2,5,GDP,932.5396700529802,960.5061772591148,-27.966507206134565,928.430021997643,930.1111066630166,932.4887178770805,935.0565913117354,936.6107466230183
mango_mdd,small,2004-06-30,2005Q3,6,GDP,933.2261228826324,961.2887292981801,-28.062606415547748,928.5607170463535,930.3866645794648,933.2455340957977,935.9726922940254,937.9582746349802
mango_mdd,small,2004-06-30,2005Q4,7,GDP,933.8933972835398,961.8550509042607,-27.96165362072088,928.5341450996849,930.6960071171686,933.9041441213028,937.0804709433414,938.9441935358454
mango_mdd,small,2004-06-30,2006Q1,8,GDP,934.5244012832278,963.1947034740143,-28.670302190786515,928.7462933896395,931.02707096021,934.6342803397047,937.9527778037276,940.1131687022313
mango_mdd,small,2004-09-30,2004Q3,1,DEFL,468.97511715099864,444.39680362140643,24.578313529592208,468.4989399532877,468.6744891027818,468.9778891399839,469.2694720508163,469.4458596201138
mango_mdd,small,2004-09-30,2004Q4,2,DEFL,469.7142645889894,445.166929500233,24.547335088756427,468.85997359572707,469.20176288617205,469.718061318579,470.22101074993606,470.5193338010502
mango_mdd,small,2004-09-30,2005Q1,3,DEFL,470.5169352152452,445.960091366716,24.55684384852924,469.2101812641696,469.7393772558643,470.53847602860094,471.26999071976843,471.7284709041137
mango_mdd,small,2004-09-30,2005Q2,4,DEFL,471.35690023951435,446.6850203488912,24.67187989062313,469.58396165755323,470.26901530528676,471.380686010971,472.3755405069799,473.06571483666437
mango_mdd,small,2004-09-30,2005Q3,5,DEFL,472.23923175073213,447.5903970265225,24.64883472420962,469.84008437328725,470.84626658470324,472.2724270628895,473.56575092718833,474.51969983238484
mango_mdd,small,2004-09-30,2005Q4,6,DEFL,473.1587893895534,448.39625430524006,24.762535084313356,470.0511242729337,471.39787894348615,473.2148193936223,474.8503791391546,476.1278704973811
mango_mdd,small,2004-09-30,2006Q1,7,DEFL,474.1028558253159,449.0981931357204,25.004662689595477,470.399809883749,471.9280084720847,474.18611814125325,476.231524066898,477.69954105223235
mango_mdd,small,2004-09-30,2006Q2,8,DEFL,475.074685521351,449.9809670330265,25.093718488324498,470.6635435085488,472.55926517393436,475.1464582187224,477.56662797651626,479.36437981138096
mango_mdd,small,2004-09-30,2004Q3,1,FFR,1.565824501057905,1.4333333333333333,0.1324911677245717,0.12125838609862669,0.7006318153094815,1.5773731341263164,2.409038427996115,3.0320609918396015
mango_mdd,small,2004-09-30,2004Q4,2,FFR,2.1198575707223224,1.95,0.16985757072232244,-0.11283970354465543,0.7505603280490857,2.043629014781463,3.542480512942926,4.504578679240902
mango_mdd,small,2004-09-30,2005Q1,3,FFR,2.468304950509768,2.47,-0.0016950494902321367,-0.328333449541146,0.7869290035316326,2.384818719895286,4.1986503060645886,5.373741536391961
mango_mdd,small,2004-09-30,2005Q2,4,FFR,2.789867365584627,2.9433333333333334,-0.15346596774870624,-0.3764171501502904,0.7981480468666756,2.767720475567333,4.809476305851563,6.132680862406221
mango_mdd,small,2004-09-30,2005Q3,5,FFR,3.178188279869053,3.4599999999999995,-0.2818117201309467,-0.557452767936954,0.8774826044080729,3.111250908891191,5.546276434369541,6.912479207088694
mango_mdd,small,2004-09-30,2005Q4,6,FFR,3.4635016146661086,3.98,-0.5164983853338914,-0.8205132173645464,0.9772683849290925,3.4505942667697873,6.000553380124073,7.566128486431896
mango_mdd,small,2004-09-30,2006Q1,7,FFR,3.6426301111654813,4.456666666666667,-0.8140365555011857,-0.7450028000088541,0.9441527747701144,3.6631039712347437,6.392339238703983,8.080462790253303
mango_mdd,small,2004-09-30,2006Q2,8,FFR,3.852320874243934,4.906666666666667,-1.0543457924227333,-1.0135841470509606,0.9802534933007383,3.896823921766451,6.708691601374568,8.806763541673044
mango_mdd,small,2004-09-30,2004Q3,1,GDP,929.7486355658522,957.8991553628297,-28.150519796977505,928.3943125802136,928.940345597579,929.7338690004744,930.5670313598517,931.1282638429151
mango_mdd,small,2004-09-30,2004Q4,2,GDP,930.8092635939438,958.9159953464796,-28.10673175253578,928.6397985028447,929.4786998992266,930.7993819838944,932.1319918694496,933.0340460134607
mango_mdd,small,2004-09-30,2005Q1,3,GDP,931.6434079956272,960.0207528735932,-28.37734487796604,928.7431212286862,929.9018778534711,931.633970494992,933.3904647919704,934.5654283089765
mango_mdd,small,2004-09-30,2005Q2,4,GDP,932.4318376372247,960.5061772591148,-28.07433962189009,928.9513229379755,930.285410276554,932.4335237107683,934.5126228623039,936.0211048437558
mango_mdd,small,2004-09-30,2005Q3,5,GDP,933.1400933034928,961.2887292981801,-28.14863599468731,929.0092905374181,930.6722878622793,933.1226264005522,935.5842286540727,937.4390445083808
mango_mdd,small,2004-09-30,2005Q4,6,GDP,933.8209517717452,961.8550509042607,-28.034099132515507,929.0528156837213,931.0307915849683,933.8014095289351,936.5785076998374,938.6438132879903
mango_mdd,small,2004-09-30,2006Q1,7,GDP,934.4897971072924,963.1947034740143,-28.704906366721957,929.0359698253053,931.3367680925999,934.4682570551611,937.5625372616015,939.9403149777033
mango_mdd,small,2004-09-30,2006Q2,8,GDP,935.1118237426175,963.4399861405379,-28.328162397920437,929.1797724625625,931.7306948733619,935.1079959008839,938.5177691388768,940.9565626960775
mango_mdd,small,2004-12-31,2004Q4,1,DEFL,469.25883809619063,445.166929500233,24.091908595957648,468.7855688130495,468.9572439755332,469.2665417868956,469.54766025822187,469.7232311500023
mango_mdd,small,2004-12-31,2005Q1,2,DEFL,469.930237628281,445.960091366716,23.97014626156505,469.1175505589809,469.4321900569121,469.9391259853553,470.42581462424016,470.75421011977437
mango_mdd,small,2004-12-31,2005Q2,3,DEFL,470.625314878182,446.6850203488912,23.94029452929078,469.4254174724395,469.88966887730237,470.63092736553074,471.3660281715081,471.8306729893153
mango_mdd,small,2004-12-31,2005Q3,4,DEFL,471.3179419786809,447.5903970265225,23.727544952158382,469.6194094172711,470.3142270154709,471.32053323418546,472.3199369978143,472.9680300168966
mango_mdd,small,2004-12-31,2005Q4,5,DEFL,472.0782450803619,448.39625430524006,23.681990775121847,469.90446683842714,470.7454293392639,472.07887113876086,473.418130510102,474.2594900836591
mango_mdd,small,2004-12-31,2006Q1,6,DEFL,472.86481598668604,449.0981931357204,23.766622850965632,470.0729633631897,471.1704670938197,472.8723267838617,474.5874677206224,475.5836182845911
mango_mdd,small,2004-12-31,2006Q2,7,DEFL,473.68519929396706,449.9809670330265,23.704232260940557,470.2913735825883,471.59503362134643,473.7317659801256,475.7804757977742,477.00435401329617
mango_mdd,small,2004-12-31,2006Q3,8,DEFL,474.53665687408454,450.6763216075208,23.860335266563766,470.4455293425108,472.0730262530194,474.5809071580121,476.9868200599781,478.4770174861706
mango_mdd,small,2004-12-31,2004Q4,1,FFR,1.775358934164353,1.95,-0.17464106583564698,0.34968852838783887,0.9565865726998616,1.7640988985219095,2.633991010137777,3.16525059053557
mango_mdd,small,2004-12-31,2005Q1,2,FFR,1.8178687870368189,2.47,-0.6521312129631813,-0.4244978095714287,0.44729696892711845,1.8193525037923477,3.1929581962616025,4.056966637205549
mango_mdd,small,2004-12-31,2005Q2,3,FFR,2.016371442570726,2.9433333333333334,-0.9269618907626072,-0.7674731660963321,0.34914371570714203,2.0744569486810978,3.6940055298369177,4.768609289797304
mango_mdd,small,2004-12-31,2005Q3,4,FFR,2.3807925988271648,3.4599999999999995,-1.0792074011728348,-0.9278900705209839,0.45753421312050585,2.3878306844196366,4.313915910428048,5.714331208095314
mango_mdd,small,2004-12-31,2005Q4,5,FFR,2.648515472424309,3.98,-1.3314845275756908,-1.0549712866950345,0.4136921574898272,2.5854048983269893,4.878062914737777,6.544569405554086
mango_mdd,small,2004-12-31,2006Q1,6,FFR,2.7910131529401836,4.456666666666667,-1.6656535137264834,-1.5127898457226248,0.2496905221772222,2.8562516532942395,5.184572814700235,7.027604272685973
mango_mdd,small,2004-12-31,2006Q2,7,FFR,2.942319001397386,4.906666666666667,-1.964347665269281,-1.5762669375773672,0.2822380172266832,3.0069777862554057,5.530146119073385,7.578445500708914
mango_mdd,small,2004-12-31,2006Q3,8,FFR,3.159163098618384,5.246666666666667,-2.087503568048283,-1.8268389403116967,0.24578073948872253,3.2382665699406923,5.955554171788766,7.93859238185104
mango_mdd,small,2004-12-31,2004Q4,1,GDP,930.4373433888835,958.9159953464796,-28.47865195759607,929.1121996585044,929.6259818037819,930.4186597068531,931.2604072483305,931.8275285214496
mango_mdd,small,2004-12-31,2005Q1,2,GDP,931.1598231473234,960.0207528735932,-28.860929726269774,928.9994464329,929.8601353263098,931.1653845841056,932.4709584916433,933.3719636178924
mango_mdd,small,2004-12-31,2005Q2,3,GDP,931.961674339424,960.5061772591148,-28.544502919690785,929.0782472621167,930.201193068319,931.9640790609296,933.6929100760735,934.9248843685888
mango_mdd,small,2004-12-31,2005Q3,4,GDP,932.8152924172567,961.2887292981801,-28.473436880923373,929.2662346999377,930.7709644540058,932.7888008126038,934.9242316686425,936.3253206261973
mango_mdd,small,2004-12-31,2005Q4,5,GDP,933.5564881593374,961.8550509042607,-28.298562744923288,929.3927540104604,931.1735588419691,933.5555524550812,936.016471334004,937.6100253095474
mango_mdd,small,2004-12-31,2006Q1,6,GDP,934.276637655726,963.1947034740143,-28.91806581828837,929.6997891266776,931.4847242565716,934.255988727193,937.0800697341642,938.8845031763667
mango_mdd,small,2004-12-31,2006Q2,7,GDP,935.0136474817845,963.4399861405379,-28.42633865875348,929.8039448617849,931.9113819786813,934.9964888240615,938.2208686070442,940.1354176009739
mango_mdd,small,2004-12-31,2006Q3,8,GDP,935.6984467328148,963.5903292567261,-27.891882523911363,929.9282457049381,932.3145745802773,935.7105871165759,939.1463064922991,941.5095322771399
mango_mdd,small,2005-03-31,2005Q1,1,DEFL,469.8612822974914,445.960091366716,23.901190930775442,469.396747694208,469.5528386693501,469.8666569400332,470.15676278413133,470.3445061265844
mango_mdd,small,2005-03-31,2005Q2,2,DEFL,470.50596343139296,446.6850203488912,23.820943082501742,469.68234123004055,470.02595856572447,470.509548316405,470.99714271478416,471.33457683338185
mango_mdd,small,2005-03-31,2005Q3,3,DEFL,471.138949570111,447.5903970265225,23.54855254358847,469.9057565574278,470.41433224185784,471.135599951044,471.87791246837435,472.41038357912936
mango_mdd,small,2005-03-31,2005Q4,4,DEFL,471.81692212242814,448.39625430524006,23.420667817188075,470.1627006222718,470.77882237079257,471.828189577166,472.82971940798615,473.5002584350238
mango_mdd,small,2005-03-31,2006Q1,5,DEFL,472.5131016638644,449.0981931357204,23.414908528143997,470.30334355806804,471.11225664845387,472.55092594373866,473.82883744034893,474.74412810313135
mango_mdd,small,2005-03-31,2006Q2,6,DEFL,473.2170016803101,449.9809670330265,23.23603464728359,470.4423023690806,471.45611687705775,473.22483254382536,474.89795847342344,476.03673301495803
mango_mdd,small,2005-03-31,2006Q3,7,DEFL,473.94039189058066,450.6763216075208,23.26407028305988,470.4711093193271,471.8467834135737,474.02096128155847,476.0053127386471,477.36747742432175
mango_mdd,small,2005-03-31,2006Q4,8,DEFL,474.67345660618906,451.0496803385384,23.62377626765067,470.6150258130968,472.23083811574327,474.7475945499279,477.14549678102475,478.85364256473787
mango_mdd,small,2005-03-31,2005Q1,1,FFR,2.0931379970184754,2.47,-0.37686200298152484,0.7149289339099214,1.258567219181194,2.0987225736556763,2.935618602658954,3.539788831660011
mango_mdd,small,2005-03-31,2005Q2,2,FFR,2.2529266777624923,2.9433333333333334,-0.690406655570841,0.06636683868772059,0.8690613253303199,2.237497180825283,3.6108715435880354,4.513683479946659
mango_mdd,small,2005-03-31,2005Q3,3,FFR,2.554299689402903,3.4599999999999995,-0.9057003105970964,-0.2055379386091775,0.9166885617432475,2.5436726051096903,4.221709628226544,5.338159006982382
mango_mdd,small,2005-03-31,2005Q4,4,FFR,2.8038284457492,3.98,-1.1761715542508,-0.37678374817574783,0.8728902121254438,2.8075337740515796,4.737074235987546,6.02177160593326
mango_mdd,small,2005-03-31,2006Q1,5,FFR,2.9824954512702555,4.456666666666667,-1.4741712153964115,-0.6481993806431493,0.8321929383983481,2.924789643567001,5.164937597300287,6.765025740581964
mango_mdd,small,2005-03-31,2006Q2,6,FFR,3.1499772644427764,4.906666666666667,-1.7566894022238908,-0.7323774057577103,0.7705795446177186,3.1685829444786293,5.545326562823203,6.93144535017955
mango_mdd,small,2005-03-31,2006Q3,7,FFR,3.289671032824585,5.246666666666667,-1.956995633842082,-0.9448081731281586,0.7132942715312143,3.3023390878834595,5.903080195365078,7.362352056026254
mango_mdd,small,2005-03-31,2006Q4,8,FFR,3.4383269096830573,5.246666666666667,-1.8083397569836097,-1.1540300800918852,0.7132437198807436,3.475644739787138,6.21573822356903,7.864499105710443
mango_mdd,small,2005-03-31,2005Q1,1,GDP,931.3110730604532,960.0207528735932,-28.709679813140042,929.9541423583931,930.5086982732776,931.2809419813641,932.1331065780222,932.7526266342921
mango_mdd,small,2005-03-31,2005Q2,2,GDP,932.1332135011714,960.5061772591148,-28.372963757943353,929.9720318440006,930.8306183085655,932.1058442106713,933.4764519033087,934.278336339468
mango_mdd,small,2005-03-31,2005Q3,3,GDP,932.9974751589594,961.2887292981801,-28.291254139220655,930.2477763986024,931.290847012356,932.9949351915827,934.6435259540833,935.8550731538279
mango_mdd,small,2005-03-31,2005Q4,4,GDP,933.8176869946114,961.8550509042607,-28.03736390964923,930.3961450059453,931.720931310259,933.816869723584,935.8518204911851,937.2046958964913
mango_mdd,small,2005-03-31,2006Q1,5,GDP,934.605721090523,963.1947034740143,-28.58898238349127,930.6440233965658,932.165907561359,934.600816378093,936.9216109106419,938.4971304195145
mango_mdd,small,2005-03-31,2006Q2,6,GDP,935.4033127032061,963.4399861405379,-28.036673437331842,930.9782654107798,932.6762899036038,935.439549276354,938.0833104814101,939.7839623809664
mango_mdd,small,2005-03-31,2006Q3,7,GDP,936.2192043297111,963.5903292567261,-27.37112492701499,931.2245340603566,933.2273519727074,936.2789076499773,939.0284811759175,941.1532735196203
mango_mdd,small,2005-03-31,2006Q4,8,GDP,936.9903755125132,964.4305015999738,-27.440126087460612,931.7106916771435,933.7459337299048,937.0652010680861,940.0409651138166,942.2461491495305
mango_mdd,small,2005-06-30,2005Q2,1,DEFL,470.5772875725298,446.6850203488912,23.892267223638612,470.0815290480977,470.25983470061,470.5798544691994,470.8794742814345,471.087085688107
mango_mdd,small,2005-06-30,2005Q3,2,DEFL,471.2376004746499,447.5903970265225,23.647203448127414,470.36620246858473,470.69657139203247,471.24254283672525,471.75987512737606,472.12136047219025
mango_mdd,small,2005-06-30,2005Q4,3,DEFL,471.9192140614778,448.39625430524006,23.522959756237753,470.6256132275424,471.11775364363615,471.9262428989474,472.68293749601173,473.2020030746125
mango_mdd,small,2005-06-30,2006Q1,4,DEFL,472.61906343330503,449.0981931357204,23.520870297584622,470.8131469662804,471.52485782757446,472.6393177956286,473.67733245905805,474.4170461509169
mango_mdd,small,2005-06-30,2006Q2,5,DEFL,473.32289445576515,449.9809670330265,23.34192742273865,471.0008813017848,471.8916020356119,473.36215416542734,474.6779316591724,475.6558058188932
mango_mdd,small,2005-06-30,2006Q3,6,DEFL,474.03928959958364,450.6763216075208,23.362967992062863,471.21002597677364,472.26352792098317,474.04917678928064,475.70349526426656,476.9757661138673
mango_mdd,small,2005-06-30,2006Q4,7,DEFL,474.7587805419327,451.0496803385384,23.709100203394314,471.3067161790453,472.6290195457826,474.80946108224,476.74074676893235,478.33772078897647
mango_mdd,small,2005-06-30,2007Q1,8,DEFL,475.4898553231648,452.0037044010234,23.486150922141405,471.3082468436772,473.03140080104083,475.4986494471675,477.8837159307881,479.62926839202925
mango_mdd,small,2005-06-30,2005Q2,1,FFR,2.791395533295114,2.9433333333333334,-0.15193780003821944,1.3868421849277563,1.8980655742780208,2.7766283138905528,3.677219774719403,4.25737141082927
mango_mdd,small,2005-06-30,2005Q3,2,FFR,3.0439010081404416,3.4599999999999995,-0.4160989918595579,0.8361728485232919,1.6545516764613313,3.0298592485739793,4.463996077797578,5.291572665875302
mango_mdd,small,2005-06-30,2005Q4,3,FFR,3.2776917314969114,3.98,-0.7023082685030886,0.6064519090658201,1.6442740579505255,3.2440902268422818,4.939744813262122,6.038299555525739
mango_mdd,small,2005-06-30,2006Q1,4,FFR,3.4854981601039636,4.456666666666667,-0.9711685065627034,0.3826889138590689,1.5389871630725684,3.5275108026253976,5.346308337209587,6.680727737067516
mango_mdd,small,2005-06-30,2006Q2,5,FFR,3.683134887623916,4.906666666666667,-1.2235317790427511,0.19276939631577195,1.5682156456084042,3.6842366656466656,5.864395282006395,7.238562152079988
mango_mdd,small,2005-06-30,2006Q3,6,FFR,3.827491419989233,5.246666666666667,-1.419175246677434,-0.0054799912663184725,1.538718061177434,3.8187391579366277,6.11465316638058,7.783922904745124
mango_mdd,small,2005-06-30,2006Q4,7,FFR,3.9416097904832736,5.246666666666667,-1.3050568761833934,-0.22742601975777546,1.4834057151444235,3.93209214630159,6.425683582741965,8.075910290368569
mango_mdd,small,2005-06-30,2007Q1,8,FFR,4.072843377186087,5.256666666666667,-1.1838232894805802,-0.4195992202082287,1.453114460481272,4.138143569787724,6.736527689896484,8.36029391254779
mango_mdd,small,2005-06-30,2005Q2,1,GDP,932.290808869716,960.5061772591148,-28.215368389398805,930.9525519999537,931.4859692047648,932.2759906527459,933.1492871605329,933.6957848125408
mango_mdd,small,2005-06-30,2005Q3,2,GDP,933.1064022153453,961.2887292981801,-28.18232708283483,930.9749226269824,931.7819509652169,933.0911517632383,934.433910438603,935.294260528688
mango_mdd,small,2005-06-30,2005Q4,3,GDP,933.8880171995821,961.8550509042607,-27.967033704678556,931.1095633031309,932.2135912648176,933.8611088266822,935.6498026161958,936.6903170520677
mango_mdd,small,2005-06-30,2006Q1,4,GDP,934.6808986324904,963.1947034740143,-28.513804841523893,931.2694258640895,932.6542812680826,934.6480126110409,936.7339384901695,937.9766533550627
mango_mdd,small,2005-06-30,2006Q2,5,GDP,935.4592661025496,963.4399861405379,-27.980720037988362,931.4595014803275,933.1239235537907,935.4375934593893,937.8447715689817,939.3479648150119
mango_mdd,small,2005-06-30,2006Q3,6,GDP,936.2467261720387,963.5903292567261,-27.343603084687402,931.8682657404493,933.6013508992702,936.2362344446678,938.8735968379735,940.6745247611976
mango_mdd,small,2005-06-30,2006Q4,7,GDP,937.0403849666818,964.4305015999738,-27.390116633291996,932.041920204541,934.1555987981502,937.0817518779936,939.9552368903975,941.88041050272
mango_mdd,small,2005-06-30,2007Q1,8,GDP,937.7986683588105,964.7236703008948,-26.92500194208435,932.4084386514986,934.6235378774317,937.8650962502296,940.9634031279933,942.9143991536671
mango_mdd,small,2005-09-30,2005Q3,1,DEFL,472.19542658478207,447.5903970265225,24.60502955825956,471.7229537539828,471.91669214095776,472.19387841997525,472.47805804514275,472.6660695740272
mango_mdd,small,2005-09-30,2005Q4,2,DEFL,472.96039901830756,448.39625430524006,24.564144713067492,472.15957806364617,472.4587331601236,472.9541392533789,473.45338115743954,473.7536421512987
mango_mdd,small,2005-09-30,2006Q1,3,DEFL,473.75249428110243,449.0981931357204,24.65430114538202,472.56596743450007,473.0303174991618,473.75688015892604,474.47202628402846,474.96982124649776
mango_mdd,small,2005-09-30,2006Q2,4,DEFL,474.54607934411445,449.9809670330265,24.565112311087944,472.92834510889077,473.561915882447,474.55351324237733,475.5270600206936,476.1900748992907
mango_mdd,small,2005-09-30,2006Q3,5,DEFL,475.35072184542247,450.6763216075208,24.674400237901693,473.1521856990873,474.03149446867593,475.3465559256096,476.62894810362656,477.49258147688624
mango_mdd,small,2005-09-30,2006Q4,6,DEFL,476.1707320225416,451.0496803385384,25.12105168400319,473.42563601431834,474.4600839384333,476.20278469916786,477.79488968171484,478.82470046325085
mango_mdd,small,2005-09-30,2007Q1,7,DEFL,477.00698263632967,452.0037044010234,25.003278235306254,473.59063373902666,474.9464528385399,477.0490738104626,478.98475432972106,480.25885702438273
mango_mdd,small,2005-09-30,2007Q2,8,DEFL,477.8600957997593,452.67004072796027,25.19005507179901,473.8421596800865,475.40887557777097,477.88093536774363,480.1863621297451,481.72208123880324
mango_mdd,small,2005-09-30,2005Q3,1,FFR,3.3119192858180044,3.4599999999999995,-0.1480807141819951,1.9391338295081324,2.4749626993060883,3.3009511837504886,4.127450851024125,4.686624381153583
mango_mdd,small,2005-09-30,2005Q4,2,FFR,3.4116534482692735,3.98,-0.5683465517307265,1.3138093316702149,2.096097607462303,3.3919760570123847,4.7515991081414946,5.6940506933525095
mango_mdd,small,2005-09-30,2006Q1,3,FFR,3.498663514404431,4.456666666666667,-0.9580031522622359,0.8709056522713929,1.8446547553919854,3.440338252822192,5.1685209348178835,6.357804717377636
mango_mdd,small,2005-09-30,2006Q2,4,FFR,3.6981443993675223,4.906666666666667,-1.208522267299145,0.49607476465273176,1.7527967479914859,3.7264913758722353,5.57036462804344,6.9282957912786545
mango_mdd,small,2005-09-30,2006Q3,5,FFR,3.878185961454077,5.246666666666667,-1.36848070521259,0.3244323117797876,1.6496885591780788,3.842565631707397,6.113601143877968,7.390091012720664
mango_mdd,small,2005-09-30,2006Q4,6,FFR,3.95690285351492,5.246666666666667,-1.289763813151747,-0.1563448018948081,1.5679038956161473,3.949827442890322,6.331284219313733,7.97960670980643
mango_mdd,small,2005-09-30,2007Q1,7,FFR,4.002970288197694,5.256666666666667,-1.2536963784689732,-0.47557301375938593,1.4370324443496547,4.004421957637499,6.595236399156996,8.259018626033656
mango_mdd,small,2005-09-30,2007Q2,8,FFR,4.120097520098424,5.25,-1.1299024799015758,-0.6031684918821415,1.3224062303627129,4.106597206516231,6.919054254388588,8.682011286278133
mango_mdd,small,2005-09-30,2005Q3,1,GDP,932.0031633255993,961.2887292981801,-29.285565972580798,930.7197458006665,931.2175104614294,931.9830781146969,932.7960759922001,933.3637690882372
mango_mdd,small,2005-09-30,2005Q4,2,GDP,932.5402232483561,961.8550509042607,-29.314827655904537,930.4204643378645,931.2539968259873,932.5038774031211,933.8257738854827,934.6415402210736
mango_mdd,small,2005-09-30,2006Q1,3,GDP,933.1006543978126,963.1947034740143,-30.094049076201713,930.2819857930034,931.4060695576221,933.1275822071294,934.8088123471423,935.8659514500961
mango_mdd,small,2005-09-30,2006Q2,4,GDP,933.7601680489669,963.4399861405379,-29.679818091571065,930.2654072633547,931.7036078944132,933.7994406324771,935.8373925152181,937.1618668082992
mango_mdd,small,2005-09-30,2006Q3,5,GDP,934.3875500604981,963.5903292567261,-29.202779196227993,930.3991018852067,931.9442970317995,934.3979575829145,936.800589782128,938.3969737293555
mango_mdd,small,2005-09-30,2006Q4,6,GDP,935.011229103145,964.4305015999738,-29.419272496828853,930.3231310027131,932.2617029512022,935.0910869357708,937.7074822772412,939.4476228347241
mango_mdd,small,2005-09-30,2007Q1,7,GDP,935.6670122851178,964.7236703008948,-29.056658015776975,930.5051715722162,932.6465814733625,935.7169806293955,938.6962807968956,940.7278126674272
mango_mdd,small,2005-09-30,2007Q2,8,GDP,936.3032000345725,965.3600754705748,-29.056875436002315,930.6960698444138,933.0069773168426,936.3350890949353,939.5191028309998,941.8033426023369
mango_mdd,small,2005-12-31,2005Q4,1,DEFL,473.1257562601238,448.39625430524006,24.729501954883744,472.6423886876796,472.819917295892,473.1302577875589,473.41914518984504,473.6228592656857
mango_mdd,small,2005-12-31,2006Q1,2,DEFL,473.9622662233408,449.0981931357204,24.864073087620397,473.1177049401585,473.4548809925101,473.9720187634972,474.4696317302677,474.8206456994283
mango_mdd,small,2005-12-31,2006Q2,3,DEFL,474.8114175724944,449.9809670330265,24.830450539467904,473.6060524223623,474.0549563499488,474.8146879116674,475.5538640759853,476.0479800317828
mango_mdd,small,2005-12-31,2006Q3,4,DEFL,475.6904376212238,450.6763216075208,25.014116013703017,474.0236882352912,474.68191163293375,475.695298714698,476.69297953614205,477.4454219029709
mango_mdd,small,2005-12-31,2006Q4,5,DEFL,476.5830789543839,451.0496803385384,25.5333986158455,474.4244541567033,475.2741048673923,476.5706316648253,477.8912963871614,478.84515726331284
mango_mdd,small,2005-12-31,2007Q1,6,DEFL,477.4880392834349,452.0037044010234,25.484334882411474,474.7883634498303,475.83423651977074,477.43941176411306,479.188898635796,480.2932108682591
mango_mdd,small,2005-12-31,2007Q2,7,DEFL,478.4038064441842,452.67004072796027,25.733765716223957,475.1360259425397,476.45700807696744,478.3356014760054,480.4873899313894,481.78172580309877
mango_mdd,small,2005-12-31,2007Q3,8,DEFL,479.3332612998797,453.18788034112526,26.14538095875446,475.5122458922804,477.0144272611562,479.2914955032972,481.7602650955276,483.38182505748074
mango_mdd,small,2005-12-31,2005Q4,1,FFR,3.796107950966326,3.98,-0.18389204903367418,2.3868991627166336,2.935076885428156,3.7911507905369333,4.654637581970874,5.253446920053184
mango_mdd,small,2005-12-31,2006Q1,2,FFR,4.016486021822906,4.456666666666667,-0.4401806448437613,1.8441644480330683,2.6531567047534867,4.01554584965143,5.40712305156778,6.255165225280131
mango_mdd,small,2005-12-31,2006Q2,3,FFR,4.193825840096353,4.906666666666667,-0.7128408265703143,1.5509334435742264,2.529906274442303,4.165377377929683,5.848756099685033,6.981696043053037
mango_mdd,small,2005-12-31,2006Q3,4,FFR,4.353781471436299,5.246666666666667,-0.8928851952303685,1.2317074137008939,2.5039416369217333,4.320620697490762,6.234138858765499,7.468062919193388
mango_mdd,small,2005-12-31,2006Q4,5,FFR,4.5163297989492515,5.246666666666667,-0.7303368677174156,1.0265884166686585,2.4094555141521004,4.506775496931377,6.694236302082607,8.031809651533907
mango_mdd,small,2005-12-31,2007Q1,6,FFR,4.6241980572768835,5.256666666666667,-0.6324686093897833,0.6645145611991873,2.2784032241083954,4.566051182320141,6.938341963564203,8.408626291522983
mango_mdd,small,2005-12-31,2007Q2,7,FFR,4.707371466438939,5.25,-0.5426285335610608,0.4666457514947806,2.23586647842331,4.706251517441197,7.165173616525973,8.848001220729786
mango_mdd,small,2005-12-31,2007Q3,8,FFR,4.813913118562919,5.073333333333333,-0.2594202147704143,0.3727397564191436,2.162114245487812,4.768098067760896,7.415897014890952,9.328377181687282
mango_mdd,small,2005-12-31,2005Q4,1,GDP,933.1078324205489,961.8550509042607,-28.747218483711777,931.7990502573522,932.3054774573305,933.0875023625454,933.9225985991786,934.52921133226
mango_mdd,small,2005-12-31,2006Q1,2,GDP,933.7913669293974,963.1947034740143,-29.403336544616877,931.7098445242299,932.4692141554588,933.7647548080681,935.1072746244781,935.9331624035722
mango_mdd,small,2005-12-31,2006Q2,3,GDP,934.461382467448,963.4399861405379,-28.978603673089992,931.779820761709,932.7417934200597,934.4622867180265,936.1638281244691,937.2623574039566
mango_mdd,small,2005-12-31,2006Q3,4,GDP,935.143067959501,963.5903292567261,-28.447261297225168,931.8777185883512,933.1420117510903,935.1638197527426,937.1107994285684,938.5854735510686
mango_mdd,small,2005-12-31,2006Q4,5,GDP,935.811162086067,964.4305015999738,-28.619339513906766,932.075114517342,933.4070684585029,935.7898117720808,938.1821866380153,939.8277148212652
mango_mdd,small,2005-12-31,2007Q1,6,GDP,936.492376227168,964.7236703008948,-28.231294073726758,932.0445237398835,933.8783818674984,936.468087519432,939.1826844017803,940.8483192058649
mango_mdd,small,2005-12-31,2007Q2,7,GDP,937.1829666486504,965.3600754705748,-28.17710882192432,932.1185428993801,934.1986009149344,937.1613865286981,940.3116435369802,941.9853583275569
mango_mdd,small,2005-12-31,2007Q3,8,GDP,937.8521754920729,965.9605755120938,-28.108400020020895,932.523947142629,934.6032634979111,937.7332125546931,941.137868472742,943.1537564349005
mango_mdd,small,2006-03-31,2006Q1,1,DEFL,474.06245878176424,449.0981931357204,24.964265646043827,473.5895678709707,473.7784840679085,474.06386299744383,474.3440566565499,474.52576210167535
mango_mdd,small,2006-03-31,2006Q2,2,DEFL,474.9686210726707,449.9809670330265,24.987654039644212,474.1509542781687,474.4734695195831,474.9721207755803,475.4553452780813,475.77725372417746
mango_mdd,small,2006-03-31,2006Q3,3,DEFL,475.9121159727472,450.6763216075208,25.23579436522641,474.71277730963067,475.1892851230233,475.92449261996376,476.6165726782093,477.113756969237
mango_mdd,small,2006-03-31,2006Q4,4,DEFL,476.86441148357085,451.0496803385384,25.814731145032454,475.2148984293324,475.89187784601893,476.8753110708109,477.834571953342,478.51976038707386
mango_mdd,small,2006-03-31,2007Q1,5,DEFL,477.83947996615865,452.0037044010234,25.835775565135236,475.69529886895293,476.5510168307864,477.84637802444774,479.09239901986206,479.9973280525256
mango_mdd,small,2006-03-31,2007Q2,6,DEFL,478.82482115344806,452.67004072796027,26.154780425487786,476.13264466482127,477.22380931698126,478.84319605923577,480.4366739933729,481.5058866080405
mango_mdd,small,2006-03-31,2007Q3,7,DEFL,479.8238924114077,453.18788034112526,26.636012070282447,476.6216816915234,477.8649384038606,479.79710549467853,481.7177701048963,483.1150199585334
mango_mdd,small,2006-03-31,2007Q4,8,DEFL,480.8409035688691,453.61094550558823,27.22995806328089,477.1547322634102,478.58380154407837,480.8190337768117,483.1085808241964,484.7455735826485
mango_mdd,small,2006-03-31,2006Q1,1,FFR,4.190411244382053,4.456666666666667,-0.26625542228461363,2.801738176013515,3.361210082744983,4.192580855828817,5.014196023718634,5.609977377202131
mango_mdd,small,2006-03-31,2006Q2,2,FFR,4.276710508134423,4.906666666666667,-0.6299561585322442,2.0845875251243267,2.8885282596202853,4.261517059172277,5.691560973188835,6.486392030969625
mango_mdd,small,2006-03-31,2006Q3,3,FFR,4.394248004338673,5.246666666666667,-0.8524186623279943,1.7439231364238554,2.7785266541202414,4.341557719288893,6.078119625765731,7.089156472242267
mango_mdd,small,2006-03-31,2006Q4,4,FFR,4.526387131210413,5.246666666666667,-0.7202795354562541,1.4846941652299042,2.6373757566056786,4.515452017757691,6.445091085473293,7.669075651919911
mango_mdd,small,2006-03-31,2007Q1,5,FFR,4.655073021743081,5.256666666666667,-0.6015936449235859,1.0975854037403816,2.5197262199225245,4.5773075434234975,6.850043342391924,8.213417283030976
mango_mdd,small,2006-03-31,2007Q2,6,FFR,4.743492800996897,5.25,-0.5065071990031029,0.7928281530377815,2.3493332730875616,4.758901265135277,7.056480813978508,8.505752870288461
mango_mdd,small,2006-03-31,2007Q3,7,FFR,4.812375533409569,5.073333333333333,-0.260957799923764,0.44416353381314483,2.308079588831937,4.817501468906023,7.305285863643507,9.045206222555967
mango_mdd,small,2006-03-31,2007Q4,8,FFR,4.941332948866874,4.496666666666667,0.444666282200207,0.3986849558565634,2.2092757863996684,5.015696241777437,7.59587341603918,9.235540066291207
mango_mdd,small,2006-03-31,2006Q1,1,GDP,933.3672930217614,963.1947034740143,-29.827410452252934,932.0535558042793,932.575560455478,933.3313372884882,934.1737272289648,934.7453862959023
mango_mdd,small,2006-03-31,2006Q2,2,GDP,933.8737435097532,963.4399861405379,-29.5662426307847,931.7636382864894,932.6195206525516,933.8586415635012,935.1589380117961,936.0100335518853
mango_mdd,small,2006-03-31,2006Q3,3,GDP,934.4171833517809,963.5903292567261,-29.173145904945272,931.6713691824586,932.7691214892345,934.4571282139922,936.0679626945011,937.1485534333932
mango_mdd,small,2006-03-31,2006Q4,4,GDP,935.0027324074794,964.4305015999738,-29.427769192494452,931.6587898889005,932.9569764332842,935.0022730812483,936.9670086746485,938.2939109348187
mango_mdd,small,2006-03-31,2007Q1,5,GDP,935.6214823854257,964.7236703008948,-29.10218791546913,931.7215448749679,933.2923662761924,935.6600265267193,937.9373159488268,939.4598284560496
mango_mdd,small,2006-03-31,2007Q2,6,GDP,936.2606509645772,965.3600754705748,-29.099424505997604,931.6563011043651,933.5710651632829,936.3620127764352,938.9264307423755,940.6187349679826
mango_mdd,small,2006-03-31,2007Q3,7,GDP,936.9253686752446,965.9605755120938,-29.03520683684917,931.7931008632592,933.963464141302,936.9994013892776,939.8777078311899,941.7948019662232
mango_mdd,small,2006-03-31,2007Q4,8,GDP,937.559597770442,966.5683687041123,-29.00877093367035,932.0092905265853,934.3757023337034,937.6007445173209,940.7458110901207,942.7645190431243
mango_mdd,small,2006-06-30,2006Q2,1,DEFL,474.8077602194419,449.9809670330265,24.826793186415387,474.3414622986018,474.51036783285775,474.8091269796285,475.09395670975744,475.295329112382
mango_mdd,small,2006-06-30,2006Q3,2,DEFL,475.70102215104276,450.6763216075208,25.024700543521988,474.9072163820631,475.1822363316014,475.70822747185036,476.1936501244294,476.5256713162212
mango_mdd,small,2006-06-30,2006Q4,3,DEFL,476.6090476255951,451.0496803385384,25.559367287056716,475.3778125718641,475.8722093308479,476.6092484708943,477.31696816868515,477.8255724891225
mango_mdd,small,2006-06-30,2007Q1,4,DEFL,477.5423602157071,452.0037044010234,25.538655814683693,475.8353971056853,476.5433886330864,477.5371732981714,478.51748519429646,479.2273314229299
mango_mdd,small,2006-06-30,2007Q2,5,DEFL,478.4857076467321,452.67004072796027,25.815666918771853,476.28064568037166,477.18764854518935,478.50319524287573,479.762147511677,480.67389303034986
mango_mdd,small,2006-06-30,2007Q3,6,DEFL,479.4322110142952,453.18788034112526,26.24433067316994,476.7479347083594,477.7620936367652,479.4717366620697,481.01833789215965,482.2082265641069
mango_mdd,small,2006-06-30,2007Q4,7,DEFL,480.38765000286236,453.61094550558823,26.776704497274125,477.1313805061863,478.34410239269,480.3943595684836,482.3259663587585,483.739282872848
mango_mdd,small,2006-06-30,2008Q1,8,DEFL,481.3552093447439,453.9617817747856,27.393427569958305,477.5176476483419,478.87217117392265,481.38523429555823,483.6358507322501,485.22698245761126
mango_mdd,small,2006-06-30,2006Q2,1,FFR,4.7862576573254385,4.906666666666667,-0.12040900934122867,3.4234618018319365,3.963362249065683,4.784198036716406,5.606692335585095,6.207579423011168
mango_mdd,small,2006-06-30,2006Q3,2,FFR,4.961086010213742,5.246666666666667,-0.2855806564529253,2.732136842088097,3.643321523865379,4.9620329271206565,6.266443924127144,7.174994866561434
mango_mdd,small,2006-06-30,2006Q4,3,FFR,5.098293376339663,5.246666666666667,-0.14837329032700364,2.4196169523185818,3.4485957177856124,5.087913578404718,6.75402228999023,7.889054190068985
mango_mdd,small,2006-06-30,2007Q1,4,FFR,5.220570839083211,5.256666666666667,-0.03609582758345553,2.0828244242724554,3.3226087855879904,5.2133400675078505,7.067115280460892,8.4574794763547
mango_mdd,small,2006-06-30,2007Q2,5,FFR,5.3091459117455555,5.25,0.0591459117455555,1.858714553919429,3.140445526688084,5.254043644432176,7.460889356674585,8.911476517341276
mango_mdd,small,2006-06-30,2007Q3,6,FFR,5.364039331575463,5.073333333333333,0.29070599824212984,1.5534835587698095,3.03134882330568,5.342668970662082,7.685350920151512,9.200541934099922
mango_mdd,small,2006-06-30,2007Q4,7,FFR,5.400664952499663,4.496666666666667,0.903998285832996,1.2670700649051458,2.9279871052364568,5.390401210462653,7.8944565876586195,9.69607165045567
mango_mdd,small,2006-06-30,2008Q1,8,FFR,5.459804632794466,3.1766666666666663,2.2831379661277995,1.0719082095573802,2.765760641739276,5.4499934003088555,8.08401304993079,10.135803271365305
mango_mdd,small,2006-06-30,2006Q2,1,GDP,934.816917283145,963.4399861405379,-28.623068857392923,933.5445084488769,934.0475859108433,934.7813337885459,935.6057210334205,936.2235752663764
mango_mdd,small,2006-06-30,2006Q3,2,GDP,935.446800729332,963.5903292567261,-28.143528527394096,933.2891080851297,934.2077107925622,935.4046159794741,936.7155681180778,937.5753073689773
mango_mdd,small,2006-06-30,2006Q4,3,GDP,936.0487113290329,964.4305015999738,-28.381790270940883,933.2541213894239,934.3816521988283,936.0866062788419,937.7480639296936,938.790197156116
mango_mdd,small,2006-06-30,2007Q1,4,GDP,936.6805124563105,964.7236703008948,-28.043157844584357,933.3313092790552,934.7223331553296,936.6200119423028,938.6321466705032,939.9690846834053
mango_mdd,small,2006-06-30,2007Q2,5,GDP,937.306412001245,965.3600754705748,-28.053663469329763,933.5077406336553,935.0264889336564,937.2956539920583,939.6411411060291,941.186467101617
mango_mdd,small,2006-06-30,2007Q3,6,GDP,937.9588211012726,965.9605755120938,-28.00175441082115,933.4769695547385,935.4375541794853,937.9438586296986,940.5475319002037,942.2086634169185
mango_mdd,small,2006-06-30,2007Q4,7,GDP,938.6305642344477,966.5683687041123,-27.937804469664684,933.759868494195,935.8078999017738,938.6916844739893,941.4693686634299,943.4162759086466
mango_mdd,small,2006-06-30,2008Q1,8,GDP,939.2905177602444,966.1601069749734,-26.86958921472899,934.0476142108374,936.2083213067604,939.3774092081978,942.3450043863114,944.303880952029
mango_mdd,small,2006-09-30,2006Q3,1,DEFL,476.11535942752107,450.6763216075208,25.439037820000294,475.65148739600926,475.8177045813209,476.1158478484062,476.4033875679558,476.5775850306034
mango_mdd,small,2006-09-30,2006Q4,2,DEFL,476.98369778018736,451.0496803385384,25.93401744164896,476.1631002272043,476.49170294540914,476.9862702123653,477.46243856799686,477.8057373854575
mango_mdd,small,2006-09-30,2007Q1,3,DEFL,477.85928580135675,452.0037044010234,25.855581400333335,476.6555226444957,477.12199567641636,477.8750046170695,478.5617477184401,479.05336037140574
mango_mdd,small,2006-09-30,2007Q2,4,DEFL,478.72653406331887,452.67004072796027,26.056493335358596,477.0976842845776,477.72657817882725,478.71963500052107,479.7076288595737,480.4029473059022
mango_mdd,small,2006-09-30,2007Q3,5,DEFL,479.5972342832408,453.18788034112526,26.40935394211556,477.4888103492343,478.27975188142545,479.59061535505913,480.8419686618081,481.8026179450408
mango_mdd,small,2006-09-30,2007Q4,6,DEFL,480.4601687575702,453.61094550558823,26.849223251981982,477.7404542531842,478.83790065517405,480.48825174292745,482.0314839747855,483.198023147905
mango_mdd,small,2006-09-30,2008Q1,7,DEFL,481.31812585037045,453.9617817747856,27.356344075584843,477.99912849858197,479.35973458636823,481.3706915047343,483.2349066649885,484.62498248567135
mango_mdd,small,2006-09-30,2008Q2,8,DEFL,482.1772131874615,454.46768055591286,27.709532631548655,478.29921884016,479.8171120041609,482.20191137196286,484.44838402979457,486.1452217720668
mango_mdd,small,2006-09-30,2006Q3,1,FFR,5.11649113347044,5.246666666666667,-0.1301755331962271,3.7404863355052944,4.300855001879703,5.106961746713633,5.93082560967442,6.522248272042293
mango_mdd,small,2006-09-30,2006Q4,2,FFR,5.173097563350922,5.246666666666667,-0.07356910331574529,2.9954730799648495,3.909548026578867,5.169373824742371,6.537860090307707,7.321306030446143
mango_mdd,small,2006-09-30,2007Q1,3,FFR,5.222584659489372,5.256666666666667,-0.034082007177294926,2.6072051864679873,3.6281422198186526,5.1491413105056765,6.864203554498991,7.882019774482317
mango_mdd,small,2006-09-30,2007Q2,4,FFR,5.303754712506027,5.25,0.05375471250602715,2.278550502087177,3.439047300597682,5.311084233255215,7.132336377810248,8.33478480943578
mango_mdd,small,2006-09-30,2007Q3,5,FFR,5.3619643986349885,5.073333333333333,0.2886310653016553,2.037005354904932,3.249446275282166,5.319184037757267,7.400767291317407,8.946524990020844
mango_mdd,small,2006-09-30,2007Q4,6,FFR,5.363211231365871,4.496666666666667,0.866544564699204,1.6055502097593741,3.1753052713715886,5.336897821015272,7.624360089341587,9.006586724072637
mango_mdd,small,2006-09-30,2008Q1,7,FFR,5.3638454787498215,3.1766666666666663,2.1871788120831552,1.4548455812226384,3.0417270300309567,5.340122364149849,7.824388225939929,9.251048710789263
mango_mdd,small,2006-09-30,2008Q2,8,FFR,5.40943220584594,2.0866666666666664,3.3227655391792736,1.2304233848913253,2.931793866365261,5.395916728225712,7.967108096133433,9.762090356925066
mango_mdd,small,2006-09-30,2006Q3,1,GDP,934.6476573520097,963.5903292567261,-28.942671904716462,933.3672296509267,933.8708928674364,934.6289820488009,935.4482198093083,936.0413070127653
mango_mdd,small,2006-09-30,2006Q4,2,GDP,935.2193088374418,964.4305015999738,-29.21119276253205,933.154994472184,933.9602828843338,935.1929625252735,936.5179431799648,937.3110410673705
mango_mdd,small,2006-09-30,2007Q1,3,GDP,935.8240116260505,964.7236703008948,-28.899658674844318,933.1334647127769,934.1768249229353,935.832475366381,937.4504381686623,938.5226272461667
mango_mdd,small,2006-09-30,2007Q2,4,GDP,936.4744108136126,965.3600754705748,-28.88566465696215,933.2282876039158,934.4553783608726,936.4537405005706,938.4297301771649,939.6810946611592
mango_mdd,small,2006-09-30,2007Q3,5,GDP,937.1290844845912,965.9605755120938,-28.83149102750258,933.4368837041696,934.9294937206386,937.0412680027938,939.4005365447001,940.9263816702147
mango_mdd,small,2006-09-30,2007Q4,6,GDP,937.8168237878801,966.5683687041123,-28.751544916232206,933.5843510484765,935.3317204787376,937.8222122551724,940.3652784999339,942.1119796279695
mango_mdd,small,2006-09-30,2008Q1,7,GDP,938.5191719772088,966.1601069749734,-27.64093499776459,933.8082979855557,935.6915694090038,938.4970620893697,941.3691401025328,943.1787416332302
mango_mdd,small,2006-09-30,2008Q2,8,GDP,939.203890356331,966.730770931016,-27.526880574684924,934.240373110491,936.2782271268931,939.1972780863794,942.1788301438795,944.2508800438917
mango_mdd,small,2006-12-31,2006Q4,1,DEFL,476.4598851541307,451.0496803385384,25.410204815592294,476.0016478627671,476.1753694375667,476.46498970629966,476.740623504817,476.9240209143219
mango_mdd,small,2006-12-31,2007Q1,2,DEFL,477.2210305724407,452.0037044010234,25.217326171417312,476.43012368880824,476.73577024037047,477.23106478505315,477.7000469978997,478.0046445266169
mango_mdd,small,2006-12-31,2007Q2,3,DEFL,477.96527507715587,452.67004072796027,25.295234349195596,476.7764119569316,477.2573344438539,478.0004645464789,478.65358935493003,479.1422739315494
mango_mdd,small,2006-12-31,2007Q3,4,DEFL,478.6577010534542,453.18788034112526,25.469820712328954,477.0368869945514,477.679995063812,478.69118748071287,479.5949314231351,480.2082690081087
mango_mdd,small,2006-12-31,2007Q4,5,DEFL,479.392873963389,453.61094550558823,25.781928457800745,477.30622292777053,478.14473823102776,479.4398086786854,480.5650442637749,481.3830762762938
mango_mdd,small,2006-12-31,2008Q1,6,DEFL,480.1288326007011,453.9617817747856,26.16705082591551,477.5191228267889,478.54581568007865,480.19258957645116,481.60291449218124,482.5977287355063
mango_mdd,small,2006-12-31,2008Q2,7,DEFL,480.8831985532483,454.46768055591286,26.415517997335428,477.7396431120766,478.92940688216953,480.98184752971076,482.73324817990556,483.9493659895373
mango_mdd,small,2006-12-31,2008Q3,8,DEFL,481.64920012746313,455.2191261197205,26.430074007742633,477.95357980127307,479.3380660039965,481.7165521488529,483.83256665741635,485.2661969825402
mango_mdd,small,2006-12-31,2006Q4,1,FFR,5.097219363875749,5.246666666666667,-0.149447302790918,3.7931631485235404,4.29339149384829,5.076489320438036,5.8770757961286115,6.506475983937486
mango_mdd,small,2006-12-31,2007Q1,2,FFR,4.731387259668137,5.256666666666667,-0.5252794069985303,2.636149177413025,3.415543636006735,4.731933187082341,6.022675759577986,6.839545173382107
mango_mdd,small,2006-12-31,2007Q2,3,FFR,4.707638930536899,5.25,-0.5423610694631007,2.088040745209826,3.092973584593828,4.670976358539214,6.329641059806602,7.418741346535583
mango_mdd,small,2006-12-31,2007Q3,4,FFR,4.846650816524261,5.073333333333333,-0.22668251680907225,1.7095203418912748,2.9913500053652666,4.885037932834861,6.629812544896139,8.0317810731987
mango_mdd,small,2006-12-31,2007Q4,5,FFR,4.8297620782300115,4.496666666666667,0.33309541156334443,1.333870448667945,2.730166079375805,4.835297817479043,6.90640924257156,8.407980893145929
mango_mdd,small,2006-12-31,2008Q1,6,FFR,4.751861771575711,3.1766666666666663,1.5751951049090445,0.8235558204338977,2.479330451593793,4.748402588266091,7.092989868113808,8.599199733964182
mango_mdd,small,2006-12-31,2008Q2,7,FFR,4.791318072604875,2.0866666666666664,2.704651405938209,0.6125992177708213,2.352397465868566,4.816835733973155,7.350929929132626,8.950556096879442
mango_mdd,small,2006-12-31,2008Q3,8,FFR,4.897930397822171,1.9400000000000002,2.957930397822171,0.38139625834560725,2.2642926317364185,4.917832599809169,7.55821737183608,9.370435734741385
mango_mdd,small,2006-12-31,2006Q4,1,GDP,934.8213721525497,964.4305015999738,-29.609129447424152,933.5102256683347,934.0480425836139,934.7913719275253,935.6068897946705,936.1904768514775
mango_mdd,small,2006-12-31,2007Q1,2,GDP,935.1987883237163,964.7236703008948,-29.524881977178552,933.029143539434,933.9337165460746,935.1934486480134,936.4657869765672,937.3300799829333
mango_mdd,small,2006-12-31,2007Q2,3,GDP,935.8528738857008,965.3600754705748,-29.507201584873997,933.0943461943463,934.1909460767431,935.8524793395801,937.5003793257138,938.5944486162513
mango_mdd,small,2006-12-31,2007Q3,4,GDP,936.6115618957455,965.9605755120938,-29.349013616348316,933.2816846873164,934.6135302466146,936.6246433084094,938.5875585699,939.9606251937832
mango_mdd,small,2006-12-31,2007Q4,5,GDP,937.3269748945379,966.5683687041123,-29.241393809574447,933.4330776395094,935.0594465192545,937.3496476937862,939.6781778961094,941.2432798864063
mango_mdd,small,2006-12-31,2008Q1,6,GDP,938.0547578007715,966.1601069749734,-28.10534917420182,933.6358365146639,935.5219831255815,938.0893934526046,940.6685109717952,942.348631929709
mango_mdd,small,2006-12-31,2008Q2,7,GDP,938.822806854532,966.730770931016,-27.90796407648395,933.9374710023257,935.8775988106911,938.8573162352915,941.7314466270464,943.7605975500904
mango_mdd,small,2006-12-31,2008Q3,8,GDP,939.5573316617263,966.2024850530005,-26.64515339127422,934.1972335614456,936.3542288777578,939.5723859338657,942.751775719602,944.7928690171362
mango_mdd,small,2007-03-31,2007Q1,1,DEFL,476.74518416445886,452.0037044010234,24.74147976343545,476.27976466529236,476.45214577048677,476.74780962115426,477.0232450509418,477.23481945087406
mango_mdd,small,2007-03-31,2007Q2,2,DEFL,477.3278759120311,452.67004072796027,24.657835184070848,476.52975375735883,476.8426238725425,477.3316828592725,477.8225108983243,478.14100683433537
mango_mdd,small,2007-03-31,2007Q3,3,DEFL,477.88796787445955,453.18788034112526,24.700087533334283,476.6998180984485,477.158397391578,477.9118653508562,478.58483745807604,479.05885300409403
mango_mdd,small,2007-03-31,2007Q4,4,DEFL,478.45627510417836,453.61094550558823,24.845329598590126,476.78333131389223,477.49168846323795,478.47854173751045,479.43265343289806,480.08328288099574
mango_mdd,small,2007-03-31,2008Q1,5,DEFL,479.047032390736,453.9617817747856,25.085250615950372,476.9126056201173,477.7766285393309,479.0600656128879,480.30303738934816,481.0462367665007
mango_mdd,small,2007-03-31,2008Q2,6,DEFL,479.6423632359936,454.46768055591286,25.174682680080764,476.88232997964843,478.0728602070557,479.67976986332826,481.233398917758,482.11264971772664
mango_mdd,small,2007-03-31,2008Q3,7,DEFL,480.2548258537445,455.2191261197205,25.03569973402398,476.91796895485106,478.3554505379632,480.2679871382196,482.1897825001442,483.29647218420274
mango_mdd,small,2007-03-31,2008Q4,8,DEFL,480.88334835591473,455.45608681615494,25.427261539759797,477.00118810121074,478.65129013620253,480.9062151690466,483.1074117309143,484.5295492912675
mango_mdd,small,2007-03-31,2007Q1,1,FFR,4.9663259999724705,5.256666666666667,-0.29034066669419634,3.5876865843196817,4.144600782491697,4.974973359317769,5.805951295839854,6.328715521274983
mango_mdd,small,2007-03-31,2007Q2,2,FFR,4.754502341747281,5.25,-0.4954976582527193,2.610640016078741,3.463765778184368,4.714749457360162,6.067364437398298,6.990187163801439
mango_mdd,small,2007-03-31,2007Q3,3,FFR,4.706955463125091,5.073333333333333,-0.3663778702082423,2.1218864948019283,3.1373082256514007,4.672964691242536,6.296304562140763,7.503470223999288
mango_mdd,small,2007-03-31,2007Q4,4,FFR,4.659048416068271,4.496666666666667,0.16238174940160377,1.6057091129874423,2.8431483499466275,4.6507422012341735,6.454755408937127,7.739586769192635
mango_mdd,small,2007-03-31,2008Q1,5,FFR,4.612368852295194,3.1766666666666663,1.4357021856285281,1.2145437706285747,2.5846584120844276,4.539268091344523,6.669407823095963,8.035665647913405
mango_mdd,small,2007-03-31,2008Q2,6,FFR,4.600044416236668,2.0866666666666664,2.5133777495700014,0.8714464646578388,2.3468914360544444,4.506928882187339,6.863120166890413,8.327024745182447
mango_mdd,small,2007-03-31,2008Q3,7,FFR,4.61784214812144,1.9400000000000002,2.6778421481214396,0.7006868165821627,2.1890765808589023,4.558293863234182,7.052721547791069,8.61576980699541
mango_mdd,small,2007-03-31,2008Q4,8,FFR,4.65438969200166,0.5066666666666667,4.147723025334993,0.32439326579931393,2.1140115878368833,4.675278146044668,7.231639862832056,8.803653302737926
mango_mdd,small,2007-03-31,2007Q1,1,GDP,935.5119416421409,964.7236703008948,-29.21172865875394,934.2001561543685,934.7111569771843,935.4750332063093,936.3050581814537,936.9167621780681
mango_mdd,small,2007-03-31,2007Q2,2,GDP,936.114883383992,965.3600754705748,-29.245192086582733,933.9343515499047,934.8122221383468,936.1051194494204,937.4320254188212,938.2232553628278
mango_mdd,small,2007-03-31,2007Q3,3,GDP,936.8551488612318,965.9605755120938,-29.105426650862,934.1081373489734,935.2061722074748,936.8427455296635,938.5178582860027,939.5924204835761
mango_mdd,small,2007-03-31,2007Q4,4,GDP,937.6592998179005,966.5683687041123,-28.9090688862118,934.3266117881213,935.6548578217522,937.6172820544216,939.6487207254734,941.0770591950219
mango_mdd,small,2007-03-31,2008Q1,5,GDP,938.4447136467422,966.1601069749734,-27.71539332823113,934.6086319221023,936.1608825585851,938.4205860246096,940.764154962251,942.3309244056204
mango_mdd,small,2007-03-31,2008Q2,6,GDP,939.2544370496244,966.730770931016,-27.47633388139161,934.9253911841894,936.6951097482165,939.2956034136555,941.7910577957537,943.4526177821577
mango_mdd,small,2007-03-31,2008Q3,7,GDP,940.0749868747471,966.2024850530005,-26.127498178253404,935.0248528642027,937.2261504465188,940.1240400891248,942.9495999837064,944.7445133322911
mango_mdd,small,2007-03-31,2008Q4,8,GDP,940.8527025216232,963.9952057445751,-23.14250322295186,935.5356081770046,937.7249140119226,940.9132213637863,943.9523964640931,945.8974624969605
mango_mdd,small,2007-06-30,2007Q2,1,DEFL,477.96474004497406,452.67004072796027,25.294699317013794,477.50827153647487,477.67061073594084,477.9749579658684,478.24268099307477,478.4401716818936
mango_mdd,small,2007-06-30,2007Q3,2,DEFL,478.7553004631031,453.18788034112526,25.56742012197782,477.98232192809553,478.26699503699865,478.76137961130274,479.22504364012434,479.5401454842361
mango_mdd,small,2007-06-30,2007Q4,3,DEFL,479.5289030611778,453.61094550558823,25.917957555589567,478.35970087705664,478.8314534231174,479.5399831399551,480.2111320440318,480.6966264085792
mango_mdd,small,2007-06-30,2008Q1,4,DEFL,480.3923222612446,453.9617817747856,26.430540486458995,478.8150376488052,479.4422070938007,480.40327248699066,481.3169509896994,481.9649948226519
mango_mdd,small,2007-06-30,2008Q2,5,DEFL,481.2573984163795,454.46768055591286,26.789717860466624,479.22348031742047,479.9897568011829,481.2608153268063,482.4669680057427,483.2610384677766
mango_mdd,small,2007-06-30,2008Q3,6,DEFL,482.1403907600025,455.2191261197205,26.921264640282004,479.6046292808431,480.53246059093135,482.17327764372124,483.67620432698095,484.5801011571472
mango_mdd,small,2007-06-30,2008Q4,7,DEFL,483.0322697315122,455.45608681615494,27.576182915357265,479.8862327672632,481.0491406697836,483.13597138429463,484.9222144053663,486.0469214902739
mango_mdd,small,2007-06-30,2009Q1,8,DEFL,483.948223627537,455.406634733688,28.541588893848996,480.27534659130873,481.62470873089353,484.04792720248713,486.18493081409457,487.4648422652057
mango_mdd,small,2007-06-30,2007Q2,1,FFR,5.2350730123578035,5.25,-0.014926987642196465,3.951793560459603,4.402617699719773,5.224474409243298,6.057983225593653,6.64945007722201
mango_mdd,small,2007-06-30,2007Q3,2,FFR,5.382947740333987,5.073333333333333,0.30961440700065346,3.281958532017755,4.066417274398088,5.369520704296517,6.675861732043945,7.59142370636792
mango_mdd,small,2007-06-30,2007Q4,3,FFR,5.446752131617543,4.496666666666667,0.9500854649508756,2.7912915997640324,3.8828013560433976,5.371545745522637,7.066515069685811,8.166640211446188
mango_mdd,small,2007-06-30,2008Q1,4,FFR,5.365466679284756,3.1766666666666663,2.1888000126180898,2.2822373464720442,3.4834615569732086,5.335513030810908,7.247983506416281,8.445753567831083
mango_mdd,small,2007-06-30,2008Q2,5,FFR,5.3609088231434745,2.0866666666666664,3.274242156476808,1.8616338736398164,3.1949688470606783,5.332451176531241,7.417889125046241,8.963615570351454
mango_mdd,small,2007-06-30,2008Q3,6,FFR,5.437683830271879,1.9400000000000002,3.4976838302718782,1.5296729112599379,3.1423545917595934,5.480651853430342,7.6895272609199115,9.341335304434894
mango_mdd,small,2007-06-30,2008Q4,7,FFR,5.478195033099386,0.5066666666666667,4.971528366432719,1.1777741687953656,2.9836793034220808,5.499003220304279,7.987285222402155,9.537965381349828
mango_mdd,small,2007-06-30,2009Q1,8,FFR,5.519033402148534,0.18333333333333335,5.335700068815201,0.9649433667300438,2.921891065195822,5.515228588637477,8.144462464489587,9.911384434954574
mango_mdd,small,2007-06-30,2007Q2,1,GDP,935.9827650378213,965.3600754705748,-29.37731043275346,934.7218527647145,935.1988127256044,935.9678265137538,936.7735022193372,937.3132332647295
mango_mdd,small,2007-06-30,2007Q3,2,GDP,936.7531030897346,965.9605755120938,-29.20747242235916,934.6853352017308,935.4802260068042,936.7460482063407,938.0307884480737,938.8515702238972
mango_mdd,small,2007-06-30,2007Q4,3,GDP,937.4370526152352,966.5683687041123,-29.131316088877156,934.7516106929301,935.7335326610036,937.4298490034146,939.120063201674,940.2336177972472
mango_mdd,small,2007-06-30,2008Q1,4,GDP,938.0637954264209,966.1601069749734,-28.09631154855242,934.7693806344652,936.041618786189,938.0581909749656,940.0361582172749,941.4583449515512
mango_mdd,small,2007-06-30,2008Q2,5,GDP,938.7465893630941,966.730770931016,-27.984181567921837,934.790453471216,936.4331253079623,938.7828879886409,941.0709014542318,942.6042570275636
mango_mdd,small,2007-06-30,2008Q3,6,GDP,939.4760229376856,966.2024850530005,-26.726462115314916,934.9790470710423,936.7438899512518,939.535299691207,942.1251577095694,943.8365022963455
mango_mdd,small,2007-06-30,2008Q4,7,GDP,940.2140468190735,963.9952057445751,-23.781158925501586,935.1715180831012,937.1566681590194,940.2903513494788,943.1988315389308,945.0375459085765
mango_mdd,small,2007-06-30,2009Q1,8,GDP,940.9017447980982,962.8226353991014,-21.92089060100318,935.410550691244,937.6960049267474,940.9920320720133,944.0900716163706,946.1460532343835
mango_mdd,small,2007-09-30,2007Q3,1,DEFL,479.1067644939913,453.18788034112526,25.918884152866042,478.62757385767276,478.8065112858345,479.10665035167335,479.395780021924,479.5990725131009
mango_mdd,small,2007-09-30,2007Q4,2,DEFL,479.8832537116029,453.61094550558823,26.272308206014657,479.072513207533,479.3724223085694,479.88764032369994,480.37760613158133,480.72720628676115
mango_mdd,small,2007-09-30,2008Q1,3,DEFL,480.69052757011303,453.9617817747856,26.728745795327427,479.4997884928734,479.94185591950315,480.7051766736464,481.3892287411907,481.8711739461415
mango_mdd,small,2007-09-30,2008Q2,4,DEFL,481.500948786152,454.46768055591286,27.033268230239116,479.8296411138483,480.50350652392996,481.54406239965925,482.4408491642849,483.12959511448446
mango_mdd,small,2007-09-30,2008Q3,5,DEFL,482.33947382022654,455.2191261197205,27.120347700506045,480.1699458110869,481.06468223430363,482.3928163258813,483.56196749274557,484.41260890476497
mango_mdd,small,2007-09-30,2008Q4,6,DEFL,483.1955804017574,455.45608681615494,27.739493585602474,480.5492485117733,481.5783661495509,483.2522530621687,484.76264196001927,485.7417044321282
mango_mdd,small,2007-09-30,2009Q1,7,DEFL,484.06920825693163,455.406634733688,28.662573523243623,480.8839642804258,482.148786262928,484.12911162263435,485.97718497217505,487.1347518567382
mango_mdd,small,2007-09-30,2009Q2,8,DEFL,484.9590546049123,455.2317782083863,29.72727639652601,481.3329394139145,482.68860389425265,485.02341786926456,487.193614280882,488.5052675536317
mango_mdd,small,2007-09-30,2007Q3,1,FFR,5.290582742694546,5.073333333333333,0.21724940936121317,3.93802259375088,4.4640925757663705,5.284972673441418,6.103361500695023,6.682032890386322
mango_mdd,small,2007-09-30,2007Q4,2,FFR,5.250137148854699,4.496666666666667,0.7534704821880318,3.1601781081403497,3.9408671924708703,5.228349429590767,6.576292375034599,7.434501652085528
mango_mdd,small,2007-09-30,2008Q1,3,FFR,5.242073083881562,3.1766666666666663,2.0654064172148954,2.7422882605701875,3.6547646530039506,5.22570036987826,6.805806328398518,7.878419440984834
mango_mdd,small,2007-09-30,2008Q2,4,FFR,5.2837633818958265,2.0866666666666664,3.19709671522916,2.3165218976951323,3.484688983757913,5.291069040486297,7.097092223081018,8.379202922037447
mango_mdd,small,2007-09-30,2008Q3,5,FFR,5.343870760477221,1.9400000000000002,3.4038707604772203,2.025123398117242,3.3487204417488745,5.303917041727617,7.359909249057015,8.77725405276831
mango_mdd,small,2007-09-30,2008Q4,6,FFR,5.367996941511134,0.5066666666666667,4.861330274844467,1.6551121672921747,3.1621149432064004,5.403380908931773,7.56694978545341,9.170644719076522
mango_mdd,small,2007-09-30,2009Q1,7,FFR,5.380785817125789,0.18333333333333335,5.197452483792455,1.318503562857329,2.9635073424380995,5.447025611766605,7.707670847937511,9.347565482221462
mango_mdd,small,2007-09-30,2009Q2,8,FFR,5.428054782647042,0.18000000000000002,5.248054782647042,1.1772923899804877,2.753416110788381,5.52301238948935,7.952135107676904,9.76181659935823
mango_mdd,small,2007-09-30,2007Q3,1,GDP,935.8387605412064,965.9605755120938,-30.121814970887385,934.5322508334755,935.0451482324391,935.7965558997751,936.6513985844292,937.2718435374018
mango_mdd,small,2007-09-30,2007Q4,2,GDP,936.5386454439508,966.5683687041123,-30.029723260161518,934.3786847973397,935.3002751929698,936.525595273177,937.8095379423039,938.6563815826338
mango_mdd,small,2007-09-30,2008Q1,3,GDP,937.2282953085326,966.1601069749734,-28.931811666440808,934.5363599637891,935.6029809468528,937.197517001016,938.8565555875833,939.9255457760179
mango_mdd,small,2007-09-30,2008Q2,4,GDP,937.9622955010104,966.730770931016,-28.768475430005537,934.7012870368884,935.9745261668352,937.9629166667855,939.9477288215479,941.2535775470523
mango_mdd,small,2007-09-30,2008Q3,5,GDP,938.6506825989459,966.2024850530005,-27.55180245405461,934.8857709800121,936.4049201661047,938.6110854957551,940.9603367599727,942.3709270696096
mango_mdd,small,2007-09-30,2008Q4,6,GDP,939.344178867292,963.9952057445751,-24.651026877283016,935.0204593289694,936.8324057611444,939.3393396597103,941.9327434017936,943.5669558928398
mango_mdd,small,2007-09-30,2009Q1,7,GDP,940.0437662562507,962.8226353991014,-22.77886914285068,935.4283948454176,937.137851038603,940.0571234071713,942.9373987628688,944.724190376968
mango_mdd,small,2007-09-30,2009Q2,8,GDP,940.7032186403869,962.6532538909199,-21.950035250533006,935.6232194805639,937.5689409010444,940.7737043025797,943.6980028113218,945.8404540028256
mango_mdd,small,2007-12-31,2007Q4,1,DEFL,479.0731886108189,453.61094550558823,25.46224310523064,478.60913784396814,478.79003292776537,479.08057564824736,479.34085879788654,479.54803288597884
mango_mdd,small,2007-12-31,2008Q1,2,DEFL,479.60126717576946,453.9617817747856,25.639485400983858,478.77472084905213,479.1091806769185,479.6115981968253,480.095995279416,480.38034912058515
mango_mdd,small,2007-12-31,2008Q2,3,DEFL,480.106182029253,454.46768055591286,25.638501473340114,478.9119875984465,479.3905374188245,480.1188634403793,480.79693141242717,481.2542749705323
mango_mdd,small,2007-12-31,2008Q3,4,DEFL,480.5622574929907,455.2191261197205,25.343131373270182,478.8782356015258,479.58375741520007,480.5738642072992,481.5385400427232,482.1071760632163
mango_mdd,small,2007-12-31,2008Q4,5,DEFL,481.04308970613084,455.45608681615494,25.587002889975906,478.85887888447803,479.7772839623978,481.07128848147886,482.2962893012445,483.04077760588353
mango_mdd,small,2007-12-31,2009Q1,6,DEFL,481.53381399522084,455.406634733688,26.12717926153283,478.8312007225257,479.96140585601074,481.5520812804899,483.1055934929185,484.10457893495675
mango_mdd,small,2007-12-31,2009Q2,7,DEFL,482.0266608165854,455.2317782083863,26.79488260819909,478.7371962143475,480.10444000142553,482.00529287636755,483.9154271661513,485.14038051429986
mango_mdd,small,2007-12-31,2009Q3,8,DEFL,482.52268899057526,455.33925638064517,27.183432609930094,478.67494117889373,480.2476239684421,482.5282131174383,484.8398710742258,486.167683491028
mango_mdd,small,2007-12-31,2007Q4,1,FFR,4.987284933504953,4.496666666666667,0.49061826683828613,3.657134948466219,4.186373719842107,4.980880942177623,5.80460754586564,6.354175483312115
mango_mdd,small,2007-12-31,2008Q1,2,FFR,4.7802422647467875,3.1766666666666663,1.6035755980801212,2.708669994885552,3.454459841883061,4.76017991998872,6.095099422121248,6.954731273590084
mango_mdd,small,2007-12-31,2008Q2,3,FFR,4.708692451278571,2.0866666666666664,2.6220257846119046,2.1529924225856907,3.094147157073181,4.724005996838105,6.302280061512772,7.372190757296156
mango_mdd,small,2007-12-31,2008Q3,4,FFR,4.78014375655222,1.9400000000000002,2.8401437565522194,1.7804416894693953,2.9460341483855212,4.7662519733393856,6.6113296064961835,7.795421419603497
mango_mdd,small,2007-12-31,2008Q4,5,FFR,4.8110893372124455,0.5066666666666667,4.304422670545779,1.3628851261937387,2.7945674851609086,4.805458132082636,6.826077256089849,8.366919867076676
mango_mdd,small,2007-12-31,2009Q1,6,FFR,4.761273948324525,0.18333333333333335,4.577940614991191,0.9403613058210912,2.569735960574208,4.747153495078878,7.0040099803128175,8.559942564382176
mango_mdd,small,2007-12-31,2009Q2,7,FFR,4.720348952387986,0.18000000000000002,4.540348952387986,0.7480786664952953,2.3351484067607213,4.7834189709639165,7.00660858635688,8.789293677245157
mango_mdd,small,2007-12-31,2009Q3,8,FFR,4.734379725661834,0.15666666666666665,4.577713058995168,0.38374976603353994,2.1941931312660237,4.75317626366029,7.284691004154751,9.000240248658
mango_mdd,small,2007-12-31,2007Q4,1,GDP,936.9913089592148,966.5683687041123,-29.577059744897497,935.699760225773,936.2095394761616,936.9558248155673,937.7949180632955,938.3491115418102
mango_mdd,small,2007-12-31,2008Q1,2,GDP,937.7211043527175,966.1601069749734,-28.439002622255884,935.6572937575115,936.4734436344283,937.662123360681,938.9864148713781,939.7868307819075
mango_mdd,small,2007-12-31,2008Q2,3,GDP,938.5872420704907,966.730770931016,-28.143528860525294,935.9320022063041,936.9667944906911,938.5766884200185,940.2112564690952,941.1906520911448
mango_mdd,small,2007-12-31,2008Q3,4,GDP,939.5216342043658,966.2024850530005,-26.68085084863469,936.2996961422151,937.601233989724,939.5501679883405,941.3867614732309,942.7243277396859
mango_mdd,small,2007-12-31,2008Q4,5,GDP,940.3553176618718,963.9952057445751,-23.639888082703237,936.5888598860732,938.0924427281668,940.3100812145738,942.5778170389871,944.0452694311774
mango_mdd,small,2007-12-31,2009Q1,6,GDP,941.1586550493972,962.8226353991014,-21.66398034970416,936.9400288654997,938.7008933762058,941.2084618825558,943.6373895361723,945.2700129291717
mango_mdd,small,2007-12-31,2009Q2,7,GDP,941.977468140311,962.6532538909199,-20.675785750608952,937.3846051601327,939.1249239341753,942.0345213634196,944.7972623843787,946.5361860727697
mango_mdd,small,2007-12-31,2009Q3,8,GDP,942.7732937382972,963.0145304911672,-20.24123675287001,937.7779897023664,939.7970835952441,942.8184747360965,945.7493245137862,947.649479027146
mango_mdd,small,2008-03-31,2008Q1,1,DEFL,479.7452097717245,453.9617817747856,25.783427996938883,479.2395545622679,479.420802917227,479.7468150627173,480.0586388040103,480.2571924132634
mango_mdd,small,2008-03-31,2008Q2,2,DEFL,480.28885448824525,454.46768055591286,25.821173932332385,479.4388319199582,479.77608635821775,480.2994913903366,480.8112942114894,481.13914381520374
mango_mdd,small,2008-03-31,2008Q3,3,DEFL,480.8316985839559,455.2191261197205,25.612572464235427,479.6037552378353,480.0468510796988,480.8555312724202,481.55668972312077,482.0910247198144
mango_mdd,small,2008-03-31,2008Q4,4,DEFL,481.39763380814026,455.45608681615494,25.94154699198532,479.67320157998785,480.34315512307757,481.4196975383228,482.4223588301142,483.09324924960674
mango_mdd,small,2008-03-31,2009Q1,5,DEFL,481.9862787346682,455.406634733688,26.57964400098018,479.76209211008,480.6295800830748,482.0271692118982,483.29664690045524,484.1407638863916
mango_mdd,small,2008-03-31,2009Q2,6,DEFL,482.5885848068364,455.2317782083863,27.356806598450135,479.78573177549794,480.94243928090674,482.5950466047877,484.15715113429,485.24930891066646
mango_mdd,small,2008-03-31,2009Q3,7,DEFL,483.21005576005376,455.33925638064517,27.870799379408595,479.8891214563302,481.2404909024877,483.2490879814475,485.0964043091341,486.41277470896745
mango_mdd,small,2008-03-31,2009Q4,8,DEFL,483.8512935700208,455.6683475771851,28.1829459928357,480.04152269917796,481.49898867673284,483.892685930511,486.0440964050548,487.5514828533768
mango_mdd,small,2008-03-31,2008Q1,1,FFR,4.354718142162272,3.1766666666666663,1.178051475495606,2.943593823894248,3.517119315616527,4.359388217250516,5.189381810804572,5.781445080046425
mango_mdd,small,2008-03-31,2008Q2,2,FFR,4.308873598680442,2.0866666666666664,2.222206932013776,2.1673452855118196,2.9983375975216515,4.305140039509277,5.6219959590427395,6.545255414214524
mango_mdd,small,2008-03-31,2008Q3,3,FFR,4.2895231933577005,1.9400000000000002,2.3495231933577,1.7637520192271765,2.7022142719648246,4.276999603750154,5.8341643182665495,6.988724264226265
mango_mdd,small,2008-03-31,2008Q4,4,FFR,4.305018218744245,0.5066666666666667,3.7983515520775786,1.3002248748075207,2.5320572380881177,4.271921799383895,6.071169911610818,7.320781401922541
mango_mdd,small,2008-03-31,2009Q1,5,FFR,4.388070486574303,0.18333333333333335,4.20473715324097,1.1342279748239759,2.4383341188563143,4.298304742998113,6.386439300281601,7.829205742680249
mango_mdd,small,2008-03-31,2009Q2,6,FFR,4.433027104385615,0.18000000000000002,4.253027104385615,0.7603110469797609,2.2444541709664163,4.4383959107796525,6.527809234394156,8.185377657141895
mango_mdd,small,2008-03-31,2009Q3,7,FFR,4.448286403877357,0.15666666666666665,4.291619737210691,0.46846457256405855,2.069178243507292,4.483782483323838,6.73159877177608,8.562972553148233
mango_mdd,small,2008-03-31,2009Q4,8,FFR,4.499484926270787,0.12,4.379484926270787,0.2608134339244135,1.9710835471012516,4.562039008647931,6.907162625793192,8.645121399936
mango_mdd,small,2008-03-31,2008Q1,1,GDP,937.2509532991652,966.1601069749734,-28.90915367580817,935.9610697248346,936.430507159743,937.221265116136,938.0872023165367,938.6690597019949
mango_mdd,small,2008-03-31,2008Q2,2,GDP,938.1252153929851,966.730770931016,-28.6055555380309,936.0628240174916,936.868531683028,938.105014535257,939.4498354016823,940.2192663452706
mango_mdd,small,2008-03-31,2008Q3,3,GDP,938.9870472844507,966.2024850530005,-27.215437768549805,936.2198552229219,937.391954369264,939.020503959079,940.5954089013999,941.6453288149435
mango_mdd,small,2008-03-31,2008Q4,4,GDP,939.8481486451068,963.9952057445751,-24.14705709946827,936.5636759063124,937.8871005496298,939.8658148164611,941.7840966566926,943.0413826982975
mango_mdd,small,2008-03-31,2009Q1,5,GDP,940.6651832282847,962.8226353991014,-22.15745217081667,936.917036508999,938.3767594914717,940.7183748306643,942.9310211299043,944.5243988838746
mango_mdd,small,2008-03-31,2009Q2,6,GDP,941.467536094783,962.6532538909199,-21.18571779613694,937.2158806857447,938.9477360717137,941.5055380041374,944.0126778568061,945.7163191281513
mango_mdd,small,2008-03-31,2009Q3,7,GDP,942.2650314899968,963.0145304911672,-20.74949900117042,937.4326479254643,939.4441257369231,942.2532835326838,945.0614122307458,946.9681216184398
mango_mdd,small,2008-03-31,2009Q4,8,GDP,943.0227547413941,964.0768300067851,-21.05407526539102,937.802065519946,939.9482919952004,943.0791645083876,946.0345938184,948.0988303203428
mango_mdd,small,2008-06-30,2008Q2,1,DEFL,480.4020218295032,454.46768055591286,25.93434127359035,479.9380302312288,480.10501912176767,480.40189658408536,480.6883452855162,480.8777481947377
mango_mdd,small,2008-06-30,2008Q3,2,DEFL,480.9617914617091,455.2191261197205,25.742665341988584,480.17573472411095,480.47589494832727,480.95958963784017,481.4469259056822,481.772125550914
mango_mdd,small,2008-06-30,2008Q4,3,DEFL,481.5425484149989,455.45608681615494,26.086461598843982,480.36601871411426,480.82238011555484,481.5470418816336,482.230420168779,482.76142693513395
mango_mdd,small,2008-06-30,2009Q1,4,DEFL,482.1321688616316,455.406634733688,26.725534127943604,480.5167816739901,481.14759747259956,482.1533281307809,483.08926191087613,483.7593273474835
mango_mdd,small,2008-06-30,2009Q2,5,DEFL,482.76547150749747,455.2317782083863,27.533693299111178,480.6774449866741,481.4744550823946,482.80990468338814,483.9992428834174,484.82646705838357
mango_mdd,small,2008-06-30,2009Q3,6,DEFL,483.44263452508204,455.33925638064517,28.103378144436874,480.8847174205279,481.82574798352147,483.47409100317486,484.99428684280014,486.0130754177751
mango_mdd,small,2008-06-30,2009Q4,7,DEFL,484.14487293131026,455.6683475771851,28.476525354125158,480.98932679856085,482.1631822614508,484.1858218524904,486.069763514534,487.2568502219818
mango_mdd,small,2008-06-30,2010Q1,8,DEFL,484.87636208697614,455.93984617419227,28.936515912783875,481.17753488220166,482.5382756681768,484.9258333285278,487.12936476290184,488.47049076615923
mango_mdd,small,2008-06-30,2008Q2,1,FFR,3.0066138646470493,2.0866666666666664,0.9199471979803828,1.63429663568508,2.194601538181993,2.99649386048421,3.836644353708151,4.386513902588739
mango_mdd,small,2008-06-30,2008Q3,2,FFR,3.1975425499963195,1.9400000000000002,1.2575425499963193,1.0640978797544356,1.8846769518684001,3.166244503726089,4.482790858350223,5.395663175529909
mango_mdd,small,2008-06-30,2008Q4,3,FFR,3.2462391445784733,0.5066666666666667,2.7395724779118065,0.6691705149060986,1.6185534573876994,3.2388019665151457,4.927269037749599,5.929268449327747
mango_mdd,small,2008-06-30,2009Q1,4,FFR,3.2975091412030255,0.18333333333333335,3.1141758078696924,0.34544256295457154,1.3838496166101573,3.2771130643538866,5.205018236605059,6.303475423311902
mango_mdd,small,2008-06-30,2009Q2,5,FFR,3.5379546847820595,0.18000000000000002,3.3579546847820594,0.06684344391801798,1.480194439005099,3.5227607937086054,5.644033728525028,7.113376591101298
mango_mdd,small,2008-06-30,2009Q3,6,FFR,3.725996493307075,0.15666666666666665,3.5693298266404083,-0.22266669483209278,1.4483757210757908,3.7788989811529263,5.9833640962852,7.575562126458353
mango_mdd,small,2008-06-30,2009Q4,7,FFR,3.816640354730906,0.12,3.696640354730906,-0.5186990814649198,1.35146037386065,3.857595122470245,6.221502178670644,7.979429300688638
mango_mdd,small,2008-06-30,2010Q1,8,FFR,3.9242245314491004,0.13333333333333333,3.790891198115767,-0.5262285776103475,1.2823513261780308,4.007413349600601,6.508283019746261,8.205590988508822
mango_mdd,small,2008-06-30,2008Q2,1,GDP,937.6090731648434,966.730770931016,-29.121697766172588,936.339526586432,936.8341585754384,937.5761498612057,938.4081599528774,938.9920068332001
mango_mdd,small,2008-06-30,2008Q3,2,GDP,938.7744089765918,966.2024850530005,-27.42807607640873,936.6999416612549,937.5515450741401,938.7674513113814,940.0368003558174,940.8768833317563
mango_mdd,small,2008-06-30,2008Q4,3,GDP,939.7684536727115,963.9952057445751,-24.22675207186353,937.125288094251,938.1449920298076,939.7456074589637,941.419104279699,942.4655664909507
mango_mdd,small,2008-06-30,2009Q1,4,GDP,940.7362503596881,962.8226353991014,-22.086385039413244,937.500464538013,938.8231254654271,940.6764180000227,942.6233244652457,943.9856888943929
mango_mdd,small,2008-06-30,2009Q2,5,GDP,941.5894080380748,962.6532538909199,-21.063845852845134,937.792496933507,939.3897615818975,941.5355248221745,943.8127981133254,945.3987903415126
mango_mdd,small,2008-06-30,2009Q3,6,GDP,942.4001221192476,963.0145304911672,-20.61440837191958,938.0400593634646,939.9007241954668,942.389262369685,944.8735798927729,946.6312234523147
mango_mdd,small,2008-06-30,2009Q4,7,GDP,943.155300516218,964.0768300067851,-20.921529490567195,938.5039481968762,940.3590642230744,943.1450945576648,945.9868247527028,947.8393637165326
mango_mdd,small,2008-06-30,2010Q1,8,GDP,943.8439173927648,964.5756373732798,-20.731719980515095,938.7959426832798,940.7627917376968,943.8955396075505,946.964039698654,948.9293501752043
mango_mdd,small,2008-09-30,2008Q3,1,DEFL,480.70095479455085,455.2191261197205,25.481828674830354,480.2392399628082,480.40344622026896,480.7037846595334,480.9788413606639,481.18577026376096
mango_mdd,small,2008-09-30,2008Q4,2,DEFL,481.10476860559925,455.45608681615494,25.64868178944431,480.283599311424,480.6108876170419,481.09560686751973,481.5933885390422,481.89741276763476
mango_mdd,small,2008-09-30,2009Q1,3,DEFL,481.50230790156866,455.406634733688,26.095673167880648,480.31230648369797,480.8060175024877,481.5090511381179,482.20945462812546,482.6711071939534
mango_mdd,small,2008-09-30,2009Q2,4,DEFL,481.90210817219975,455.2317782083863,26.670329963813458,480.28661507244163,480.95402518732453,481.91031651870867,482.8787666291441,483.4922384678188
mango_mdd,small,2008-09-30,2009Q3,5,DEFL,482.3628976408532,455.33925638064517,27.023641260208024,480.196834694051,481.0933696744713,482.395228347449,483.6236265785973,484.4302781154471
mango_mdd,small,2008-09-30,2009Q4,6,DEFL,482.86210992610296,455.6683475771851,27.193762348917858,480.18744524800246,481.2582810714826,482.8972133455135,484.447145093418,485.4530210762485
mango_mdd,small,2008-09-30,2010Q1,7,DEFL,483.3852565114072,455.93984617419227,27.445410337214923,480.1336504253315,481.41694638063154,483.46516560031785,485.3150905078652,486.5310885907994
mango_mdd,small,2008-09-30,2010Q2,8,DEFL,483.93607928857074,456.42648546620876,27.50959382236198,480.1790642465139,481.58783597926805,484.0096379553927,486.2598985455896,487.62023844575634
mango_mdd,small,2008-09-30,2008Q3,1,FFR,2.0983261174821948,1.9400000000000002,0.1583261174821946,0.7573612350012657,1.2533751087601435,2.112268276595933,2.9041870205179743,3.4701127680054804
mango_mdd,small,2008-09-30,2008Q4,2,FFR,2.1801762273141296,0.5066666666666667,1.6735095606474628,0.01693314986187024,0.852887083045982,2.1547758854006593,3.5070820257301567,4.388677547280376
mango_mdd,small,2008-09-30,2009Q1,3,FFR,2.193679890216909,0.18333333333333335,2.010346556883576,-0.46530275144928995,0.588337256520945,2.2090214798681655,3.7749081601750274,4.91579553153877
mango_mdd,small,2008-09-30,2009Q2,4,FFR,2.3935761889762017,0.18000000000000002,2.2135761889762016,-0.6809685386990685,0.5243909355723273,2.42319541976861,4.203962926236732,5.532610729963283
mango_mdd,small,2008-09-30,2009Q3,5,FFR,2.6796362277548456,0.15666666666666665,2.522969561088179,-0.756937836299102,0.5959749666646327,2.632428091101346,4.74678053089807,6.15988579714002
mango_mdd,small,2008-09-30,2009Q4,6,FFR,2.854023389967607,0.12,2.7340233899676067,-0.850536986145168,0.51692428910805,2.8776386537533556,5.074444166752832,6.822732799628276
mango_mdd,small,2008-09-30,2010Q1,7,FFR,2.9632931078208276,0.13333333333333333,2.8299597744874943,-1.1822610816376693,0.49607772685113566,3.016697097548665,5.329170613678007,7.09260891509463
mango_mdd,small,2008-09-30,2010Q2,8,FFR,3.1018817873490496,0.19333333333333336,2.9085484540157163,-1.3637749405983397,0.5198125558828487,3.1899402955825646,5.6406838117898115,7.375804132369035
mango_mdd,small,2008-09-30,2008Q3,1,GDP,938.011986936391,966.2024850530005,-28.190498116609433,936.7113231268722,937.2315654318461,937.9921397289959,938.8131428957033,939.3227580502642
mango_mdd,small,2008-09-30,2008Q4,2,GDP,939.2131351841996,963.9952057445751,-24.782070560375473,937.1659369416881,937.9458568696235,939.220376962402,940.478603155771,941.2680829219601
mango_mdd,small,2008-09-30,2009Q1,3,GDP,940.3297590520923,962.8226353991014,-22.492876347009087,937.527305850265,938.7021354291331,940.3330182142399,941.9846773006268,943.0175577693097
mango_mdd,small,2008-09-30,2009Q2,4,GDP,941.4050371589076,962.6532538909199,-21.248216732012338,938.1110909082269,939.403561668345,941.4261158998333,943.3963153517712,944.6314454948563
mango_mdd,small,2008-09-30,2009Q3,5,GDP,942.3269516282874,963.0145304911672,-20.687578862879832,938.4949453528322,939.9841295540497,942.3345840861093,944.6588403486107,946.1809029612853
mango_mdd,small,2008-09-30,2009Q4,6,GDP,943.1705236656352,964.0768300067851,-20.906306341149957,938.8215391719227,940.4951697082136,943.1260501167509,945.7501716959642,947.4276311994824
mango_mdd,small,2008-09-30,2010Q1,7,GDP,943.968303659644,964.5756373732798,-20.607333713635853,939.1364762435319,940.9646638342742,944.027468311326,946.8806687998117,948.8529301232585
mango_mdd,small,2008-09-30,2010Q2,8,GDP,944.6856056787087,965.5386897406826,-20.853084061973846,939.3261215071182,941.4769587306586,944.6958037050073,947.7244468436572,949.9826743550423
mango_mdd,small,2008-12-31,2008Q4,1,DEFL,481.8811694878517,455.45608681615494,26.42508267169677,481.41997094474175,481.58979765023366,481.88379012932984,482.17217181909393,482.35131401514064
mango_mdd,small,2008-12-31,2009Q1,2,DEFL,482.5286936891525,455.406634733688,27.122058955464468,481.75341400674654,482.04731850557914,482.53759452872544,483.00446045890686,483.3110536324293
mango_mdd,small,2008-12-31,2009Q2,3,DEFL,483.1615110369395,455.2317782083863,27.9297328285532,482.0301314220695,482.4420383087086,483.17301801807537,483.8678314320519,484.3132569508963
mango_mdd,small,2008-12-31,2009Q3,4,DEFL,483.857530856339,455.33925638064517,28.51827447569383,482.2903501604811,482.8645569143475,483.87040397980013,484.8093893782648,485.4543223409953
mango_mdd,small,2008-12-31,2009Q4,5,DEFL,484.5759445491519,455.6683475771851,28.907596971966825,482.5161223044732,483.31302657463897,484.5755610276021,485.8253897693988,486.62858081409274
mango_mdd,small,2008-12-31,2010Q1,6,DEFL,485.32588106163803,455.93984617419227,29.38603488744576,482.75099925245297,483.78192799079534,485.31081118344713,486.8585698725899,487.9297398477335
mango_mdd,small,2008-12-31,2010Q2,7,DEFL,486.09320583486334,456.42648546620876,29.66672036865458,482.9724313944409,484.25128780072134,486.0950189536561,487.97732612911136,489.26134268536947
mango_mdd,small,2008-12-31,2010Q3,8,DEFL,486.8923822566669,456.7281385445278,30.164243712139125,483.1565903462675,484.74804561294735,486.86600544977375,489.12233933447686,490.6482567788185
mango_mdd,small,2008-12-31,2008Q4,1,FFR,1.9673678163977186,0.5066666666666667,1.4607011497310518,0.5948752984551336,1.1710331395627283,1.96129537884367,2.779602701729673,3.355615767993159
mango_mdd,small,2008-12-31,2009Q1,2,FFR,2.039694860206726,0.18333333333333335,1.8563615268733928,-0.07564682390096047,0.7512543644698122,2.0165571909305005,3.356860276177859,4.322923912303178
mango_mdd,small,2008-12-31,2009Q2,3,FFR,2.2540016875915776,0.18000000000000002,2.0740016875915774,-0.26227004485839917,0.7092919479630402,2.178219665985726,3.839930562350175,5.013759040228904
mango_mdd,small,2008-12-31,2009Q3,4,FFR,2.5473851082194705,0.15666666666666665,2.3907184415528038,-0.4801063098645047,0.6951709016408316,2.540539116834583,4.408605043840186,5.695042949563157
mango_mdd,small,2008-12-31,2009Q4,5,FFR,2.837830943117844,0.12,2.717830943117844,-0.5475669509959609,0.7018784362693451,2.7530626858179676,4.990473444561332,6.357472277174769
mango_mdd,small,2008-12-31,2010Q1,6,FFR,3.050267210167964,0.13333333333333333,2.916933876834631,-0.8753513011015222,0.714162383653159,3.078575211042988,5.45583984793499,6.862597180302209
mango_mdd,small,2008-12-31,2010Q2,7,FFR,3.2189882468960134,0.19333333333333336,3.02565491356268,-0.993238101165486,0.775228983170616,3.27222070132293,5.655338825333312,7.259332613862691
mango_mdd,small,2008-12-31,2010Q3,8,FFR,3.398255285520224,0.18666666666666668,3.2115886188535576,-1.1076087547771216,0.7769240046443491,3.4081388145324576,5.99788546551956,7.739737513986984
mango_mdd,small,2008-12-31,2008Q4,1,GDP,937.9467701511912,963.9952057445751,-26.04843559338383,936.6486876229063,937.1528818293668,937.9271084539018,938.745150661965,939.3751177455355
mango_mdd,small,2008-12-31,2009Q1,2,GDP,938.9973974182822,962.8226353991014,-23.825237980819225,936.8662763718901,937.7178222509251,938.9858645811908,940.2758900410468,941.1323491605573
mango_mdd,small,2008-12-31,2009Q2,3,GDP,939.944804806786,962.6532538909199,-22.708449084133917,937.2265556978601,938.2354039626076,939.9111953534352,941.646468465403,942.6671775710896
mango_mdd,small,2008-12-31,2009Q3,4,GDP,940.7748581530074,963.0145304911672,-22.239672338159835,937.4790593547513,938.7918033798493,940.7349672286862,942.7865687619444,944.0648625780549
mango_mdd,small,2008-12-31,2009Q4,5,GDP,941.5573694146282,964.0768300067851,-22.519460592156975,937.7807032524626,939.3281437555268,941.4808429326413,943.9389230518876,945.3010030657442
mango_mdd,small,2008-12-31,2010Q1,6,GDP,942.2729368528827,964.5756373732798,-22.30270052039714,938.0571360167394,939.7044333150878,942.2261472022499,944.8675066299215,946.5900360445414
mango_mdd,small,2008-12-31,2010Q2,7,GDP,942.9570841099801,965.5386897406826,-22.581605630702484,938.2866857035325,940.0752915949768,943.001806232447,945.8582140741801,947.76416843977
mango_mdd,small,2008-12-31,2010Q3,8,GDP,943.56123201142,966.3088604477673,-22.747628436347327,938.3089777273743,940.4095405124889,943.571474142873,946.6834738877932,948.7027728966805
mango_mdd,small,2009-03-31,2009Q1,1,DEFL,481.8148018261467,455.406634733688,26.40816709245871,481.3283652166328,481.51596502648545,481.81279052307775,482.1156286632727,482.31161498529474
mango_mdd,small,2009-03-31,2009Q2,2,DEFL,482.1715482349283,455.2317782083863,26.93977002654202,481.3391557715215,481.67237525524166,482.16089302681274,482.67910393897984,483.00235861303526
mango_mdd,small,2009-03-31,2009Q3,3,DEFL,482.50436258493806,455.33925638064517,27.165106204292897,481.23950853567976,481.785428852299,482.5205989900121,483.23911539701436,483.73239845833734
mango_mdd,small,2009-03-31,2009Q4,4,DEFL,482.7409200526068,455.6683475771851,27.07257247542168,481.01149229077083,481.72512278549357,482.77152482754195,483.72889647720297,484.393073754056
mango_mdd,small,2009-03-31,2010Q1,5,DEFL,483.05248111371765,455.93984617419227,27.11263493952538,480.78051928922775,481.74759718095993,483.0846185386735,484.3313875659686,485.1358179420849
mango_mdd,small,2009-03-31,2010Q2,6,DEFL,483.3900612798516,456.42648546620876,26.96357581364282,480.5278130594053,481.71041433838633,483.4486295446359,485.0004669970779,486.01191411204496
mango_mdd,small,2009-03-31,2010Q3,7,DEFL,483.76352867102673,456.7281385445278,27.035390126498953,480.3094053184547,481.7085738917465,483.84274357756726,485.71115454194126,486.8905278269077
mango_mdd,small,2009-03-31,2010Q4,8,DEFL,484.1768382846451,457.3122088019198,26.86462948272532,480.104630337998,481.7652698528538,484.26614537622424,486.4906423769162,487.8956590502779
mango_mdd,small,2009-03-31,2009Q1,1,FFR,-0.5328962071797984,0.18333333333333335,-0.7162295405131317,-1.946078397274852,-1.4146056049428748,-0.5152286653170364,0.3114340689943582,0.9560617521441037
mango_mdd,small,2009-03-31,2009Q2,2,FFR,-0.9543773752857514,0.18000000000000002,-1.1343773752857513,-3.2322273663682792,-2.293553455456195,-0.9990816029526959,0.46546469475340585,1.2938620564090237
mango_mdd,small,2009-03-31,2009Q3,3,FFR,-0.9380182252632215,0.15666666666666665,-1.0946848919298882,-3.641074240298953,-2.6025397147749247,-0.9584977763391322,0.8040021442128185,1.9001392951040517
mango_mdd,small,2009-03-31,2009Q4,4,FFR,-0.7721488557765879,0.12,-0.8921488557765879,-4.025490353680478,-2.7310173057949347,-0.8077148185578575,1.2908857931716873,2.5480542106897395
mango_mdd,small,2009-03-31,2010Q1,5,FFR,-0.5138463884650226,0.13333333333333333,-0.6471797217983559,-4.334348389792625,-2.7813180841525362,-0.5195994101628864,1.7899783674867336,3.2722017631264446
mango_mdd,small,2009-03-31,2010Q2,6,FFR,-0.2094999028760668,0.19333333333333336,-0.40283323620940015,-4.323516035762993,-2.6841980753343764,-0.1925766473286247,2.23793335128237,4.0686776185242755
mango_mdd,small,2009-03-31,2010Q3,7,FFR,0.08434160404908073,0.18666666666666668,-0.10232506261758595,-4.485091051716878,-2.6309974548936226,0.16922529324371463,2.766711793415224,4.527758327025162
mango_mdd,small,2009-03-31,2010Q4,8,FFR,0.3825985192472175,0.18666666666666668,0.19593185258055082,-4.460088339700682,-2.5707655054716345,0.45779841758627915,3.3503048628300456,5.076822359932354
mango_mdd,small,2009-03-31,2009Q1,1,GDP,935.4373157087228,962.8226353991014,-27.385319690378537,934.0631852703336,934.6211626446623,935.4163577687195,936.2868810373621,936.9249160212769
mango_mdd,small,2009-03-31,2009Q2,2,GDP,936.1308291931587,962.6532538909199,-26.522424697761267,933.886506291832,934.8165353943243,936.083289651832,937.535855237314,938.3805171581878
mango_mdd,small,2009-03-31,2009Q3,3,GDP,937.0554719728477,963.0145304911672,-25.959058518319466,934.189506284647,935.3182618026361,937.0530433490462,938.8381309266582,939.882168487896
mango_mdd,small,2009-03-31,2009Q4,4,GDP,938.1230230141227,964.0768300067851,-25.953806992662408,934.7205632398346,935.9528083240724,938.1025368051354,940.2189445621912,941.6713982100612
mango_mdd,small,2009-03-31,2010Q1,5,GDP,939.0800176389837,964.5756373732798,-25.495619734296156,934.9647709492161,936.7201073507302,939.0982637289545,941.512244802486,942.9881155100883
mango_mdd,small,2009-03-31,2010Q2,6,GDP,939.9398261572436,965.5386897406826,-25.59886358343897,935.3628601580708,937.2504166495448,939.957993919966,942.667757777709,944.3947420529636
mango_mdd,small,2009-03-31,2010Q3,7,GDP,940.7610910294891,966.3088604477673,-25.54776941827822,935.6911183537512,937.7042713873197,940.8356538983058,943.8306121621373,945.7221869183828
mango_mdd,small,2009-03-31,2010Q4,8,GDP,941.4679593095877,966.8271103692053,-25.359151059617602,935.8293818839522,938.1744795524422,941.4943902143784,944.7667866647964,947.0518120285547
mango_mdd,small,2009-06-30,2009Q2,1,DEFL,482.59868873452166,455.2317782083863,27.36691052613537,482.09916857478663,482.29425849321046,482.5972158920209,482.9049445437572,483.0843293070591
mango_mdd,small,2009-06-30,2009Q3,2,DEFL,483.097925824267,455.33925638064517,27.75866944362184,482.23992428968126,482.58193233784453,483.10539296377533,483.6126443866069,483.9642332010715
mango_mdd,small,2009-06-30,2009Q4,3,DEFL,483.4037129764035,455.6683475771851,27.73536539921838,482.1137795803526,482.64188788761305,483.40855625317204,484.1355530798902,484.71015473827424
mango_mdd,small,2009-06-30,2010Q1,4,DEFL,483.7905169010828,455.93984617419227,27.85067072689054,482.06348218565967,482.73316752672514,483.7995130494778,484.8369221676116,485.55192637292265
mango_mdd,small,2009-06-30,2010Q2,5,DEFL,484.20438611428824,456.42648546620876,27.77790064807948,481.958554237575,482.78129359515,484.2210875477426,485.5522679549641,486.4799079044473
mango_mdd,small,2009-06-30,2010Q3,6,DEFL,484.64020911148333,456.7281385445278,27.91207056695555,481.86130043587434,482.85129773684173,484.664496156927,486.33346384022417,487.47161549527294
mango_mdd,small,2009-06-30,2010Q4,7,DEFL,485.09192769715406,457.3122088019198,27.779718895234282,481.6307426190991,482.9109280731743,485.14068386923213,487.16227812047265,488.5149589898539
mango_mdd,small,2009-06-30,2011Q1,8,DEFL,485.58355899312556,457.8271642119391,27.756394781186486,481.4884794736632,483.03806188315025,485.5972924364924,488.02761012050644,489.68774003692937
mango_mdd,small,2009-06-30,2009Q2,1,FFR,-0.502027647032561,0.18000000000000002,-0.682027647032561,-1.9330175312274362,-1.3496598348170628,-0.5066733639537222,0.3928615373390695,0.9134644292494262
mango_mdd,small,2009-06-30,2009Q3,2,FFR,-0.9352517114374436,0.15666666666666665,-1.0919183781041102,-3.2157280334063683,-2.312368930073012,-0.9407890225777775,0.4383797577329655,1.2984751458257988
mango_mdd,small,2009-06-30,2009Q4,3,FFR,-0.8317965313700062,0.12,-0.9517965313700062,-3.5997965116550543,-2.53342601733231,-0.8228392877742585,0.8491100518411191,2.0306039227336807
mango_mdd,small,2009-06-30,2010Q1,4,FFR,-0.5868718339742532,0.13333333333333333,-0.7202051673075865,-3.97192336186624,-2.6019433029056724,-0.549888764191308,1.4393272709685196,2.7795936850917196
mango_mdd,small,2009-06-30,2010Q2,5,FFR,-0.4185529654122342,0.19333333333333336,-0.6118862987455675,-4.222928230762707,-2.7330429829528313,-0.4516356738633847,1.9151754867930453,3.545115849623928
mango_mdd,small,2009-06-30,2010Q3,6,FFR,-0.17410652045980018,0.18666666666666668,-0.3607731871264669,-4.470253199121721,-2.746912624191934,-0.14255747544792322,2.419949958666389,4.1896477378617405
mango_mdd,small,2009-06-30,2010Q4,7,FFR,0.13202709172479976,0.18666666666666668,-0.054639574941866914,-4.651762549426122,-2.662766558097137,0.2210384589668658,2.964689438700247,4.677788783397677
mango_mdd,small,2009-06-30,2011Q1,8,FFR,0.41581078566615837,0.15666666666666668,0.2591441189994917,-4.813309917808329,-2.5945862937067785,0.6094609908854141,3.4500743790313786,5.195873275849016
mango_mdd,small,2009-06-30,2009Q2,1,GDP,934.1299890702455,962.6532538909199,-28.5232648206744,932.7368371287891,933.2935312486678,934.1060298494142,934.9931689666527,935.5915450168606
mango_mdd,small,2009-06-30,2009Q3,2,GDP,934.514386521002,963.0145304911672,-28.50014397016514,932.2441180042605,933.119558529936,934.5159688734014,935.9215274596093,936.8550932091852
mango_mdd,small,2009-06-30,2009Q4,3,GDP,935.3517590903421,964.0768300067851,-28.725070916443087,932.2233953843728,933.4833787203788,935.3929067410397,937.1871517262958,938.4486508987064
mango_mdd,small,2009-06-30,2010Q1,4,GDP,936.0952944391261,964.5756373732798,-28.480342934153782,932.3058674826297,933.823240198146,936.1253929946781,938.3895333347077,939.8766796735604
mango_mdd,small,2009-06-30,2010Q2,5,GDP,936.8093861217707,965.5386897406826,-28.7293036189119,932.378410371038,934.1925649357472,936.7914890328556,939.4776353492882,941.0861054373534
mango_mdd,small,2009-06-30,2010Q3,6,GDP,937.5101478514882,966.3088604477673,-28.798712596279074,932.6982638842899,934.5643322813726,937.5324268148145,940.4486533934612,942.2915123164889
mango_mdd,small,2009-06-30,2010Q4,7,GDP,938.1834717458767,966.8271103692053,-28.643638623328684,932.6804503717738,934.8937963205972,938.2758706653652,941.5011137540381,943.5451972245725
mango_mdd,small,2009-06-30,2011Q1,8,GDP,938.7502157849536,966.5859036314018,-27.835687846448195,932.7231430161182,935.251659793893,938.8833518789185,942.2633526710557,944.53534993992
mango_mdd,small,2009-09-30,2009Q3,1,DEFL,470.03001611495824,455.33925638064517,14.690759734313076,469.5377072496533,469.7278677649125,470.0312758507557,470.32658573563964,470.510461112895
mango_mdd,small,2009-09-30,2009Q4,2,DEFL,470.01392251093404,455.6683475771851,14.345574933748935,469.1878913237219,469.4971053130397,470.01722968077075,470.5173905590488,470.8501281179648
mango_mdd,small,2009-09-30,2010Q1,3,DEFL,470.03250563075886,455.93984617419227,14.092659456566594,468.758735209662,469.2461077663107,470.038195323683,470.7900950309467,471.33005961224177
mango_mdd,small,2009-09-30,2010Q2,4,DEFL,470.03418461326027,456.42648546620876,13.607699147051505,468.29406257917435,468.99159253576806,470.0650982465829,471.06871103929933,471.78169966774834
mango_mdd,small,2009-09-30,2010Q3,5,DEFL,470.08768012811356,456.7281385445278,13.35954158358578,467.7697340232406,468.70461657358516,470.10761709238193,471.46823121563347,472.34775779831483
mango_mdd,small,2009-09-30,2010Q4,6,DEFL,470.1281685721302,457.3122088019198,12.81595977021044,467.2030311409094,468.3443765390115,470.1557198676941,471.8606599418176,472.9654382855403
mango_mdd,small,2009-09-30,2011Q1,7,DEFL,470.21566177550227,457.8271642119391,12.388497563563192,466.6480232119641,468.0925449934399,470.251819860849,472.3608128747058,473.62924575279203
mango_mdd,small,2009-09-30,2011Q2,8,DEFL,470.3294396746006,458.48552274726825,11.843916927332373,466.1118075911188,467.8261832848311,470.3719883768475,472.867008004927,474.4169446543037
mango_mdd,small,2009-09-30,2009Q3,1,FFR,-0.6593251729885218,0.15666666666666665,-0.8159918396551884,-2.029288354376976,-1.511048371996432,-0.6398543219096468,0.15985052421214913,0.7244459135092861
mango_mdd,small,2009-09-30,2009Q4,2,FFR,-1.1850413953091974,0.12,-1.3050413953091975,-3.4196026390500505,-2.5407006501428104,-1.1871445744782492,0.13486627713234497,1.014710349421993
mango_mdd,small,2009-09-30,2010Q1,3,FFR,-1.1289728535029397,0.13333333333333333,-1.262306186836273,-3.9497396159340963,-2.7755753709833293,-1.160219452417638,0.5412073010473888,1.7953114334719764
mango_mdd,small,2009-09-30,2010Q2,4,FFR,-1.0420553121282,0.19333333333333336,-1.2353886454615333,-4.373073045288157,-3.094968675234931,-1.051026273739005,0.8483291032637255,2.3157132442784008
mango_mdd,small,2009-09-30,2010Q3,5,FFR,-1.0413401375866624,0.18666666666666668,-1.2280068042533292,-4.8272868694300035,-3.33846473342286,-1.0584632481693048,1.252399668030438,2.8038652014681977
mango_mdd,small,2009-09-30,2010Q4,6,FFR,-0.8922643553585476,0.18666666666666668,-1.0789310220252144,-5.1116016214912845,-3.4306223920421997,-0.8394057654641575,1.6385082621176226,3.4901825209204715
mango_mdd,small,2009-09-30,2011Q1,7,FFR,-0.6887717344749766,0.15666666666666668,-0.8454384011416434,-5.198353737588249,-3.4779471761580827,-0.641889111009537,2.021720451202742,3.9367239801838467
mango_mdd,small,2009-09-30,2011Q2,8,FFR,-0.5093832457082492,0.09333333333333334,-0.6027165790415826,-5.585964215121654,-3.474153347730792,-0.5208660385693369,2.4910347549587897,4.36982720308669
mango_mdd,small,2009-09-30,2009Q3,1,GDP,946.5595165465658,963.0145304911672,-16.455013944601433,945.1973391312662,945.7018193859583,946.5315796013692,947.3940437342332,948.0616402755587
mango_mdd,small,2009-09-30,2009Q4,2,GDP,946.964868734298,964.0768300067851,-17.11196127248718,944.6440136012546,945.5076661702557,946.9303511284206,948.4279721946041,949.3709098629865
mango_mdd,small,2009-09-30,2010Q1,3,GDP,947.7144547164246,964.5756373732798,-16.86118265685525,944.3762767506042,945.803733299731,947.7438317897029,949.709685381992,950.9751519032144
mango_mdd,small,2009-09-30,2010Q2,4,GDP,948.4387513962303,965.5386897406826,-17.099938344452312,944.4514082780801,946.0847334877003,948.4274122069862,950.8745211701389,952.3785399494966
mango_mdd,small,2009-09-30,2010Q3,5,GDP,949.1792009099526,966.3088604477673,-17.129659537814746,944.5841979069409,946.3186730322158,949.2258604637831,951.972437977247,953.8116792528797
mango_mdd,small,2009-09-30,2010Q4,6,GDP,949.9302169253363,966.8271103692053,-16.89689344386909,944.714575859924,946.6059266577138,950.0420084971181,953.0922967637687,955.1229989081638
mango_mdd,small,2009-09-30,2011Q1,7,GDP,950.6457407862,966.5859036314018,-15.940162845201826,944.5742204690526,946.936672328658,950.7599662068976,954.1414766112113,956.5463126513278
mango_mdd,small,2009-09-30,2011Q2,8,GDP,951.2803207259005,967.261665957135,-15.981345231234513,944.6265635569708,947.2658045856261,951.3811017693575,955.2295026829368,957.6784301505844
mango_mdd,small,2009-12-31,2009Q4,1,DEFL,469.8813673410662,455.6683475771851,14.213019763881107,469.4007457450589,469.5780809912974,469.8824844244489,470.17181259034476,470.364087834744
mango_mdd,small,2009-12-31,2010Q1,2,DEFL,469.9082379523194,455.93984617419227,13.968391778127113,469.06785255852157,469.40998577624515,469.8997981266399,470.401843371927,470.7471484148713
mango_mdd,small,2009-12-31,2010Q2,3,DEFL,469.9374013303803,456.42648546620876,13.510915864171523,468.7308879556901,469.1951212082088,469.938019342557,470.66228587330426,471.2254713080816
mango_mdd,small,2009-12-31,2010Q3,4,DEFL,470.0058858849493,456.7281385445278,13.277747340421513,468.30001584994136,468.9916668959128,470.0194215366083,471.0119379101538,471.78362291626735
mango_mdd,small,2009-12-31,2010Q4,5,DEFL,470.08702687856294,457.3122088019198,12.774818076643157,467.83483137650654,468.7469225064177,470.0890871491906,471.38577575054956,472.31541197311213
mango_mdd,small,2009-12-31,2011Q1,6,DEFL,470.1941929809427,457.8271642119391,12.367028769003639,467.4137751290667,468.5298338946545,470.214159142261,471.87875746573445,472.9245824096726
mango_mdd,small,2009-12-31,2011Q2,7,DEFL,470.33407256391513,458.48552274726825,11.84854981664688,466.96256714972003,468.29454783935313,470.32890758832724,472.3854724480387,473.6439206250405
mango_mdd,small,2009-12-31,2011Q3,8,DEFL,470.50332433497675,459.10205503836494,11.401269296611815,466.50531503132447,468.07829201702674,470.4566427711643,472.96290905389276,474.5585126939622
mango_mdd,small,2009-12-31,2009Q4,1,FFR,-0.14012436054148478,0.12,-0.2601243605414848,-1.5249945388553687,-0.987387203119874,-0.16083997022119007,0.7303772518083567,1.2920121970006373
mango_mdd,small,2009-12-31,2010Q1,2,FFR,-0.24117127840705657,0.13333333333333333,-0.3745046117403899,-2.4086528818563737,-1.6212243523114995,-0.2720466724619315,1.1226212845272734,2.025873824961964
mango_mdd,small,2009-12-31,2010Q2,3,FFR,-0.1387222843055059,0.19333333333333336,-0.3320556176388393,-2.827856778114049,-1.7597334163448846,-0.21176002923958767,1.5534908461465557,2.762704979067498
mango_mdd,small,2009-12-31,2010Q3,4,FFR,-3.227697192226697e-05,0.18666666666666668,-0.18669894363858894,-3.177653598589596,-1.8773877304552262,-0.039291367372094044,1.8625106234002748,3.285571692932696
mango_mdd,small,2009-12-31,2010Q4,5,FFR,0.1323841513430676,0.18666666666666668,-0.05428251532359907,-3.5289897655059277,-1.9583847246792754,0.0583634129852208,2.2930740340479714,3.8443247677460386
mango_mdd,small,2009-12-31,2011Q1,6,FFR,0.2619524735722038,0.15666666666666668,0.10528580690553713,-3.8264066199866233,-2.104225177953963,0.23539110703719898,2.638741638211684,4.4199358118881
mango_mdd,small,2009-12-31,2011Q2,7,FFR,0.37609740265806907,0.09333333333333334,0.28276406932473575,-3.9200253116855968,-2.292197371843428,0.3000616660649351,2.981108203185844,4.715196916248841
mango_mdd,small,2009-12-31,2011Q3,8,FFR,0.5210114175139612,0.08333333333333333,0.43767808418062787,-4.1765138080156925,-2.288115167287705,0.5871660565532303,3.2200372941573843,5.150652920733908
mango_mdd,small,2009-12-31,2009Q4,1,GDP,947.5858863770031,964.0768300067851,-16.49094362978201,946.2021436882029,946.7353587628494,947.570184539856,948.4320963877108,949.0834931603766
mango_mdd,small,2009-12-31,2010Q1,2,GDP,948.225048927411,964.5756373732798,-16.35058844586888,945.9142548154088,946.8157092670016,948.1843540539855,949.7025624781435,950.5596763112505
mango_mdd,small,2009-12-31,2010Q2,3,GDP,948.9896903662142,965.5386897406826,-16.548999374468394,945.9498001142947,947.1906679833785,948.9419663673027,950.8955238715632,952.0340747688114
mango_mdd,small,2009-12-31,2010Q3,4,GDP,949.7675333604681,966.3088604477673,-16.541327087299237,946.0019739913361,947.6434410956596,949.6696673664569,952.0451521312395,953.4326480457747
mango_mdd,small,2009-12-31,2010Q4,5,GDP,950.5186124990039,966.8271103692053,-16.30849787020145,946.1352057085377,947.9677872167467,950.5023096949878,953.1276288838138,954.9289245393057
mango_mdd,small,2009-12-31,2011Q1,6,GDP,951.2501102292846,966.5859036314018,-15.335793402117247,946.2619997486628,948.3982356726873,951.2307137299933,954.2462536391489,956.1806926020545
mango_mdd,small,2009-12-31,2011Q2,7,GDP,951.9653870395247,967.261665957135,-15.29627891761038,946.4137989402169,948.6742047919362,951.9512495629951,955.3490872622731,957.4192696687727
mango_mdd,small,2009-12-31,2011Q3,8,GDP,952.6339888565581,967.2228912780705,-14.588902421512444,946.7300634915522,949.0831253504666,952.6576441779755,956.3288238268505,958.5248573738243
mango_mdd,small,2010-03-31,2010Q1,1,DEFL,470.0703213845171,455.93984617419227,14.130475210324846,469.583255703843,469.7612443334196,470.07791803708795,470.3641155446876,470.5507057159226
mango_mdd,small,2010-03-31,2010Q2,2,DEFL,470.1902754804688,456.42648546620876,13.763790014260053,469.3736268969521,469.6785465707483,470.1941954261699,470.69460396193153,471.0071041556652
mango_mdd,small,2010-03-31,2010Q3,3,DEFL,470.3561373996374,456.7281385445278,13.627998855109638,469.12016852633985,469.6070354328679,470.38839495301204,471.0801947101961,471.5522253108436
mango_mdd,small,2010-03-31,2010Q4,4,DEFL,470.56389638391204,457.3122088019198,13.251687581992257,468.89991065953245,469.5272663398504,470.59417847491034,471.51457042835233,472.2138044372879
mango_mdd,small,2010-03-31,2011Q1,5,DEFL,470.80080723021393,457.8271642119391,12.973643018274856,468.6713584296208,469.49203749365046,470.85353985012574,472.0575496559154,472.8627679659504
mango_mdd,small,2010-03-31,2011Q2,6,DEFL,471.069357034027,458.48552274726825,12.583834286758758,468.33211211465704,469.4233791382413,471.1700075728978,472.61660160255144,473.6293593147495
mango_mdd,small,2010-03-31,2011Q3,7,DEFL,471.3668747562569,459.10205503836494,12.264819717891953,468.07911707810536,469.34978688966135,471.4715216780566,473.28511392271895,474.5536916901866
mango_mdd,small,2010-03-31,2011Q4,8,DEFL,471.6932156853967,459.2226780352162,12.470537650180518,467.8581093103954,469.3476299966311,471.775818872645,473.9307689687911,475.4337092689233
mango_mdd,small,2010-03-31,2010Q1,1,FFR,0.3088070147299968,0.13333333333333333,0.17547368139666344,-1.0840231050244142,-0.537087828569267,0.31394485151319257,1.1558530155773423,1.7301535496686966
mango_mdd,small,2010-03-31,2010Q2,2,FFR,0.5481055861799,0.19333333333333336,0.35477225284656666,-1.5817335244248056,-0.7925553078892946,0.5526930707734883,1.8837925565388443,2.7914327942306296
mango_mdd,small,2010-03-31,2010Q3,3,FFR,0.7421774487297061,0.18666666666666668,0.5555107820630395,-1.8455492072895197,-0.8397967967893718,0.751408054274928,2.2843838596913826,3.323429289471208
mango_mdd,small,2010-03-31,2010Q4,4,FFR,0.9226009523566826,0.18666666666666668,0.735934285690016,-2.0517901442805475,-0.9101048367096989,0.9292789456266001,2.7553743770564445,4.028904220072013
mango_mdd,small,2010-03-31,2011Q1,5,FFR,1.1135937644222393,0.15666666666666668,0.9569270977555726,-2.3313038563612167,-0.9921056796483054,1.0935289193917148,3.2094112327108832,4.700433134001372
mango_mdd,small,2010-03-31,2011Q2,6,FFR,1.242556896077138,0.09333333333333334,1.1492235627438048,-2.643429333456588,-1.156631755062177,1.290939928416817,3.5489748102698364,5.119740370510549
mango_mdd,small,2010-03-31,2011Q3,7,FFR,1.3236398032344079,0.08333333333333333,1.2403064699010746,-2.760314145022989,-1.3051693339889447,1.419179883223873,3.702946771725742,5.659129839549363
mango_mdd,small,2010-03-31,2011Q4,8,FFR,1.4321134380268772,0.07333333333333335,1.358780104693544,-3.0170464603168208,-1.3245959437751096,1.5011238097271933,4.034634832368288,6.015856948795324
mango_mdd,small,2010-03-31,2010Q1,1,GDP,949.2769304213907,964.5756373732798,-15.29870695188913,947.8627298471346,948.4186521538859,949.2541004598829,950.1434350745801,950.7967228882651
mango_mdd,small,2010-03-31,2010Q2,2,GDP,950.1829778138294,965.5386897406826,-15.355711926853132,947.8755119241617,948.8136649225622,950.1909367713639,951.5734632903074,952.4756843446826
mango_mdd,small,2010-03-31,2010Q3,3,GDP,951.0012939306217,966.3088604477673,-15.307566517145574,948.0316031811624,949.229568278479,951.0133106491082,952.8226486043849,953.9217741012734
mango_mdd,small,2010-03-31,2010Q4,4,GDP,951.7785040190054,966.8271103692053,-15.048606350199975,948.1607254487672,949.6162468091023,951.7571299243892,953.9205855180282,955.3350699381061
mango_mdd,small,2010-03-31,2011Q1,5,GDP,952.4844521004267,966.5859036314018,-14.101451530975169,948.3726149654694,950.0906093783793,952.4735003512045,954.9352440424043,956.6628423402193
mango_mdd,small,2010-03-31,2011Q2,6,GDP,953.1744390704193,967.261665957135,-14.087226886715712,948.5605290420453,950.3655979210877,953.2462503038564,955.9546451167896,957.746694424036
mango_mdd,small,2010-03-31,2011Q3,7,GDP,953.8551723260882,967.2228912780705,-13.367718951982283,948.5836275982185,950.8532301884399,953.8344956580518,957.0049010617827,958.9479610079396
mango_mdd,small,2010-03-31,2011Q4,8,GDP,954.4955428821884,968.3383253013681,-13.842782419179684,948.8536623825955,951.2364001461191,954.5226790897103,957.867977134874,959.9776230673696
mango_mdd,small,2010-06-30,2010Q2,1,DEFL,470.3997060263857,456.42648546620876,13.973220560176912,469.9411522918167,470.1166991557616,470.4036625352501,470.68304016759066,470.86602600589674
mango_mdd,small,2010-06-30,2010Q3,2,DEFL,470.6338389684948,456.7281385445278,13.905700423967005,469.8482676965662,470.1524918535737,470.6339154924947,471.0894554707867,471.42690702654653
mango_mdd,small,2010-06-30,2010Q4,3,DEFL,470.91061569398573,457.3122088019198,13.598406892065952,469.7425278477169,470.1929958674728,470.91453495252574,471.60771635741867,472.07170037796493
mango_mdd,small,2010-06-30,2011Q1,4,DEFL,471.2146591569858,457.8271642119391,13.38749494504674,469.63123445265217,470.28023002014817,471.21535551426643,472.15250013917665,472.79021178118796
mango_mdd,small,2010-06-30,2011Q2,5,DEFL,471.54720140651824,458.48552274726825,13.061678659249992,469.48311010127355,470.27296500758223,471.57756854441027,472.7711519182478,473.5983321159228
mango_mdd,small,2010-06-30,2011Q3,6,DEFL,471.91210610461883,459.10205503836494,12.810051066253891,469.2918622687147,470.30504324058296,471.96016628759565,473.5185511265106,474.5196207901795
mango_mdd,small,2010-06-30,2011Q4,7,DEFL,472.29814273945067,459.2226780352162,13.075464704234491,469.1323255711831,470.3635712748299,472.3077709405376,474.1977007130081,475.49964024105145
mango_mdd,small,2010-06-30,2012Q1,8,DEFL,472.71168644763713,459.8276478897225,12.884038557914607,468.97254717084274,470.4343125887257,472.76011262881707,474.97429070157256,476.4964251896356
mango_mdd,small,2010-06-30,2010Q2,1,FFR,0.5259298958549862,0.19333333333333336,0.3325965625216528,-0.8181065445137186,-0.2849614110011541,0.5183195482794785,1.3418143241392555,1.8657534935638171
mango_mdd,small,2010-06-30,2010Q3,2,FFR,0.8260423867347018,0.18666666666666668,0.6393757200680351,-1.3245198188712026,-0.480963259565351,0.8237361749591463,2.1372221835778036,2.961618336085169
mango_mdd,small,2010-06-30,2010Q4,3,FFR,0.9471473672872386,0.18666666666666668,0.7604807006205719,-1.7399751591760813,-0.6961906050140463,0.9130236481651803,2.585295992600387,3.6753768583243684
mango_mdd,small,2010-06-30,2011Q1,4,FFR,1.1264981050715688,0.15666666666666668,0.969831438404902,-2.029680141168319,-0.7747405896715382,1.1321398763529715,2.998873402938427,4.262911577314912
mango_mdd,small,2010-06-30,2011Q2,5,FFR,1.3754616901282952,0.09333333333333334,1.282128356794962,-2.1761454433174894,-0.8092475624810826,1.3561755957614348,3.576634321279648,4.989879554495609
mango_mdd,small,2010-06-30,2011Q3,6,FFR,1.5232496151593675,0.08333333333333333,1.4399162818260343,-2.434109848341051,-0.8644523589856314,1.5277571016992466,3.840617561307681,5.526910668447479
mango_mdd,small,2010-06-30,2011Q4,7,FFR,1.5896094001704386,0.07333333333333335,1.5162760668371054,-2.749821588004217,-0.9953179068721536,1.6197690374514786,4.118903959373798,5.9133468131215485
mango_mdd,small,2010-06-30,2012Q1,8,FFR,1.7171916148113595,0.10333333333333333,1.6138582814780262,-2.9891983254191072,-1.06162144580282,1.7542587551239965,4.396191503389231,6.270674376378023
mango_mdd,small,2010-06-30,2010Q2,1,GDP,949.9892860322051,965.5386897406826,-15.549403708477485,948.6861243114598,949.1837141528422,949.9605857734184,950.8039944570606,951.4178713925144
mango_mdd,small,2010-06-30,2010Q3,2,GDP,950.8150917963809,966.3088604477673,-15.493768651386404,948.6133358793833,949.4658782540791,950.8035317195719,952.14052375107,953.0833002575079
mango_mdd,small,2010-06-30,2010Q4,3,GDP,951.4799954626048,966.8271103692053,-15.347114906600495,948.5399050016567,949.6727582484157,951.5008912832368,953.2779130046084,954.4745943925388
mango_mdd,small,2010-06-30,2011Q1,4,GDP,952.1580991121533,966.5859036314018,-14.427804519248525,948.5308081039944,950.0432123853562,952.157001353667,954.3452116158527,955.7869990247966
mango_mdd,small,2010-06-30,2011Q2,5,GDP,952.7932006991279,967.261665957135,-14.4684652580072,948.5925792242751,950.2858606420301,952.7730484136349,955.2713136131288,957.0842351877982
mango_mdd,small,2010-06-30,2011Q3,6,GDP,953.4010106028305,967.2228912780705,-13.821880675239981,948.563977564689,950.5394039489904,953.4335698845819,956.1543146779723,958.1318590830133
mango_mdd,small,2010-06-30,2011Q4,7,GDP,953.9966090549984,968.3383253013681,-14.341716246369629,948.5273006757509,950.7537173863898,954.0992635503512,957.1476280642016,959.3011704028572
mango_mdd,small,2010-06-30,2012Q1,8,GDP,954.5605479002405,969.1529212860218,-14.59237338578123,948.6570423381958,951.0080273674644,954.6291656589847,957.8967308652323,960.417638295607
mango_mdd,small,2010-09-30,2010Q3,1,DEFL,470.80103256687704,456.7281385445278,14.07289402234926,470.3082939521853,470.5033947459543,470.80403581016213,471.0936951998316,471.2820146139752
mango_mdd,small,2010-09-30,2010Q4,2,DEFL,471.16153103620866,457.3122088019198,13.849322234288877,470.34262115838317,470.654238652755,471.16693457040355,471.6507640390531,471.992152838134
mango_mdd,small,2010-09-30,2011Q1,3,DEFL,471.56434340898505,457.8271642119391,13.737179197045975,470.37313215809957,470.8266000342355,471.56412270250206,472.28528404367796,472.7527311545639
mango_mdd,small,2010-09-30,2011Q2,4,DEFL,471.99664495683476,458.48552274726825,13.511122209566508,470.32523886653985,470.9648149123739,472.01825713009674,472.9575462958967,473.66870263898073
mango_mdd,small,2010-09-30,2011Q3,5,DEFL,472.45141488059903,459.10205503836494,13.349359842234094,470.257403891204,471.12236611210557,472.4750604273811,473.7312676540012,474.4669779796873
mango_mdd,small,2010-09-30,2011Q4,6,DEFL,472.9306916489131,459.2226780352162,13.708013613696949,470.1868524660204,471.2261734132854,472.9583784724741,474.5841577383629,475.4823347240746
mango_mdd,small,2010-09-30,2012Q1,7,DEFL,473.42902368618826,459.8276478897225,13.601375796465732,470.04605409394605,471.3671404138428,473.4500863970829,475.47074864953146,476.62454043575815
mango_mdd,small,2010-09-30,2012Q2,8,DEFL,473.94938236451935,460.2296059641123,13.719776400407056,469.9597656584538,471.55135353615475,473.99809363845844,476.3327495835729,477.82665164077775
mango_mdd,small,2010-09-30,2010Q3,1,FFR,0.5447368187732524,0.18666666666666668,0.35807015210658577,-0.7835924003371888,-0.28016713890295525,0.5550637604969414,1.354711179860645,1.9019670325151172
mango_mdd,small,2010-09-30,2010Q4,2,FFR,0.8643106576953046,0.18666666666666668,0.6776439910286379,-1.2291909304675512,-0.4439026287614932,0.8759565266737958,2.191191528795173,3.0664588472962073
mango_mdd,small,2010-09-30,2011Q1,3,FFR,1.0744037170262293,0.15666666666666668,0.9177370503595625,-1.4891247594094252,-0.5413001259761142,1.0724481684669798,2.701726348809419,3.7688618106922926
mango_mdd,small,2010-09-30,2011Q2,4,FFR,1.290621342582051,0.09333333333333334,1.1972880092487177,-1.7611923304647212,-0.5801711563006321,1.3165517909411442,3.1805894405721875,4.381942803807376
mango_mdd,small,2010-09-30,2011Q3,5,FFR,1.544008761189642,0.08333333333333333,1.4606754278563088,-1.9591953920592482,-0.5749751381026328,1.495848914846793,3.676751619614926,5.200175124187724
mango_mdd,small,2010-09-30,2011Q4,6,FFR,1.7290988750671605,0.07333333333333335,1.6557655417338273,-2.2373990895026212,-0.5944844770101047,1.7205178412445457,4.057393689815474,5.816683474736018
mango_mdd,small,2010-09-30,2012Q1,7,FFR,1.84072016464894,0.10333333333333333,1.7373868313156067,-2.453907599155266,-0.7171448478902755,1.866497413209108,4.421270458781121,6.190608217466881
mango_mdd,small,2010-09-30,2012Q2,8,FFR,1.9806025493322859,0.15333333333333335,1.8272692159989525,-2.5931514383170398,-0.8006884770801379,1.9587156486051693,4.778791701977765,6.513566420364776
mango_mdd,small,2010-09-30,2010Q3,1,GDP,949.5681511672792,966.3088604477673,-16.74070928048809,948.2240708601843,948.747161225977,949.5438045186111,950.4298569942629,951.0285025585796
mango_mdd,small,2010-09-30,2010Q4,2,GDP,950.3278649962006,966.8271103692053,-16.499245373004783,948.087866580338,948.9599072675134,950.3075311606972,951.7245207439588,952.6507034417501
mango_mdd,small,2010-09-30,2011Q1,3,GDP,950.9563317795375,966.5859036314018,-15.629571851864284,948.011973360014,949.058377947831,950.9450172820701,952.7743254282319,953.9418431074822
mango_mdd,small,2010-09-30,2011Q2,4,GDP,951.5726849633963,967.261665957135,-15.68898099373871,948.0287192249041,949.4110543754989,951.5313317253203,953.7901322567109,955.2969046754921
mango_mdd,small,2010-09-30,2011Q3,5,GDP,952.1601304771194,967.2228912780705,-15.062760800951082,947.9528107362327,949.6597041443879,952.1090337721726,954.7502653453015,956.5206326817924
mango_mdd,small,2010-09-30,2011Q4,6,GDP,952.7307221774329,968.3383253013681,-15.607603123935178,947.9082027875747,949.8357931607576,952.6860963379806,955.5968751968269,957.5121288108096
mango_mdd,small,2010-09-30,2012Q1,7,GDP,953.2939982757007,969.1529212860218,-15.858923010321064,948.016117222115,950.1067540280067,953.214813589259,956.544745393003,958.7052427199444
mango_mdd,small,2010-09-30,2012Q2,8,GDP,953.8245411598172,969.6077453782113,-15.78320421839419,947.9717491964581,950.3628040803051,953.7708804138214,957.2787049441433,959.5697929036135
mango_mdd,small,2010-12-31,2010Q4,1,DEFL,471.4127718501875,457.3122088019198,14.100563048267702,470.93652459025157,471.11080524961244,471.4168867880144,471.70929729460175,471.8905546491803
mango_mdd,small,2010-12-31,2011Q1,2,DEFL,471.889355776679,457.8271642119391,14.06219156473992,471.0691928390699,471.3757122158925,471.8878475054411,472.41487703258196,472.7316103555873
mango_mdd,small,2010-12-31,2011Q2,3,DEFL,472.39459919480623,458.48552274726825,13.909076447537984,471.17011069734656,471.6533598787146,472.40492936420264,473.1398794769317,473.67865884996667
mango_mdd,small,2010-12-31,2011Q3,4,DEFL,472.92515693342557,459.10205503836494,13.823101895060631,471.2155484726179,471.8959489525193,472.9233750544971,473.92821208341445,474.69768986021484
mango_mdd,small,2010-12-31,2011Q4,5,DEFL,473.4765101624795,459.2226780352162,14.253832127263308,471.26622714649824,472.1054349077065,473.5018015127374,474.75979457223303,475.7998999628947
mango_mdd,small,2010-12-31,2012Q1,6,DEFL,474.0547027668664,459.8276478897225,14.227054877143871,471.2619392301897,472.32026085719656,474.0848370794305,475.71731857700223,476.9179089587521
mango_mdd,small,2010-12-31,2012Q2,7,DEFL,474.6485300172149,460.2296059641123,14.418924053102614,471.20634336156786,472.5108038613187,474.69070927443045,476.66256752269544,478.1787287770078
mango_mdd,small,2010-12-31,2012Q3,8,DEFL,475.2612978309248,460.74675450367744,14.514543327247338,471.1919818552089,472.7571945319621,475.25350808757514,477.66112008542007,479.3417385147611
mango_mdd,small,2010-12-31,2010Q4,1,FFR,0.5354041241819015,0.18666666666666668,0.3487374575152349,-0.8112464744984205,-0.274088044874835,0.5272097531842942,1.3247551742025068,1.9227047755535185
mango_mdd,small,2010-12-31,2011Q1,2,FFR,0.8634267520390554,0.15666666666666668,0.7067600853723888,-1.197840497045905,-0.5068292831070995,0.8607532817637309,2.1808968631442496,3.02572552651687
mango_mdd,small,2010-12-31,2011Q2,3,FFR,1.0865525370315563,0.09333333333333334,0.9932192036982229,-1.5462002316167613,-0.5041941263585219,1.0772879625454668,2.69827224624183,3.804973834376281
mango_mdd,small,2010-12-31,2011Q3,4,FFR,1.3230485537419758,0.08333333333333333,1.2397152204086426,-1.7408371062509078,-0.5617741730912075,1.288561903435409,3.189091008000456,4.492831757438678
mango_mdd,small,2010-12-31,2011Q4,5,FFR,1.595735927924687,0.07333333333333335,1.5224025945913537,-1.926619067744078,-0.5483104669027324,1.568473035563404,3.7651295087567886,5.159023185879736
mango_mdd,small,2010-12-31,2012Q1,6,FFR,1.8006616650122533,0.10333333333333333,1.69732833167892,-2.200907944735858,-0.5788646995662627,1.8606273930721509,4.12757121885537,5.8712524026608355
mango_mdd,small,2010-12-31,2012Q2,7,FFR,1.945971515614238,0.15333333333333335,1.7926381822809048,-2.4614250650785046,-0.5443829350512505,1.9156187926431472,4.467622540983317,6.3930106417306245
mango_mdd,small,2010-12-31,2012Q3,8,FFR,2.1125816782685716,0.14333333333333334,1.9692483449352383,-2.4823604253630878,-0.538072205825355,2.119758047056493,4.821395349045679,6.740469930211944
mango_mdd,small,2010-12-31,2010Q4,1,GDP,950.1278253603922,966.8271103692053,-16.69928500881315,948.8183143848452,949.3055662330027,950.089125346922,950.9605794768202,951.60885557257
mango_mdd,small,2010-12-31,2011Q1,2,GDP,950.847988940472,966.5859036314018,-15.73791469092987,948.6618205830756,949.4589230652202,950.831197322457,952.240584887184,953.057797860174
mango_mdd,small,2010-12-31,2011Q2,3,GDP,951.4607306453743,967.261665957135,-15.800935311760782,948.4825291518466,949.6527313982933,951.5079291935681,953.202687198669,954.4026204915393
mango_mdd,small,2010-12-31,2011Q3,4,GDP,952.0804199308456,967.2228912780705,-15.142471347224955,948.411336492993,949.9080737068371,952.0864155773669,954.2007809047842,955.6924212601757
mango_mdd,small,2010-12-31,2011Q4,5,GDP,952.6588011853338,968.3383253013681,-15.679524116034258,948.581135348758,950.1775658975612,952.6097448268536,955.1656957825613,956.8186626508326
mango_mdd,small,2010-12-31,2012Q1,6,GDP,953.2138912064271,969.1529212860218,-15.939030079594659,948.4649332472991,950.3215804092209,953.1961722950906,956.0468693607809,957.9417779576964
mango_mdd,small,2010-12-31,2012Q2,7,GDP,953.7616661073574,969.6077453782113,-15.84607927085392,948.4117717307158,950.545773231278,953.8103232674341,956.882647648248,959.0303287912562
mango_mdd,small,2010-12-31,2012Q3,8,GDP,954.277261301686,969.7824756135876,-15.505214311901568,948.3493141737996,950.8919393022237,954.2660754948836,957.6504862101284,960.0839921125284
mango_mdd,small,2011-03-31,2011Q1,1,DEFL,471.400406070669,457.8271642119391,13.573241858729943,470.9170601138908,471.1001657813749,471.4053150735234,471.68813120247637,471.8912546092093
mango_mdd,small,2011-03-31,2011Q2,2,DEFL,471.7435419888057,458.48552274726825,13.258019241537454,470.8738489562229,471.2293517758452,471.75107014898913,472.24116900700204,472.5584935965431
mango_mdd,small,2011-03-31,2011Q3,3,DEFL,472.08933376631535,459.10205503836494,12.987278727950411,470.81815976418983,471.3461787934802,472.10497192427056,472.81399696809206,473.3206554452569
mango_mdd,small,2011-03-31,2011Q4,4,DEFL,472.4436637296674,459.2226780352162,13.220985694451201,470.72971931435507,471.4148436544509,472.48249413423946,473.440990958533,474.1041659600871
mango_mdd,small,2011-03-31,2012Q1,5,DEFL,472.84274165818414,459.8276478897225,13.015093768461611,470.6232659038071,471.44920622636766,472.8932816000223,474.12989480186184,475.0139439907286
mango_mdd,small,2011-03-31,2012Q2,6,DEFL,473.2626766103304,460.2296059641123,13.033070646218107,470.4442799862594,471.51590592508285,473.3325817859619,474.91017438506714,475.9704438638284
mango_mdd,small,2011-03-31,2012Q3,7,DEFL,473.699791407514,460.74675450367744,12.953036903836562,470.30644891462134,471.5678519116266,473.7784586899012,475.6773138045851,477.01254141840377
mango_mdd,small,2011-03-31,2012Q4,8,DEFL,474.16231152457584,461.25230870332746,12.910002821248383,470.12729671755767,471.6650755548301,474.2356088547675,476.54589637062503,478.13339918717924
mango_mdd,small,2011-03-31,2011Q1,1,FFR,0.37594102159029175,0.15666666666666668,0.21927435492362507,-0.9763280071212921,-0.4455225967942079,0.3624464046964333,1.2012803218565926,1.7895889912006353
mango_mdd,small,2011-03-31,2011Q2,2,FFR,0.5130871561229403,0.09333333333333334,0.419753822789607,-1.5962581610347153,-0.7912753333354929,0.504780667015782,1.8398979494453775,2.6674985066885886
mango_mdd,small,2011-03-31,2011Q3,3,FFR,0.692099639416309,0.08333333333333333,0.6087663060829757,-1.8391101639358536,-0.9018594445178306,0.685018133607697,2.2837129153805944,3.324885959940601
mango_mdd,small,2011-03-31,2011Q4,4,FFR,0.9446746696021902,0.07333333333333335,0.8713413362688568,-2.0727751482828296,-0.9516529069748849,0.973502781868248,2.831932522105932,3.8247031754943484
mango_mdd,small,2011-03-31,2012Q1,5,FFR,1.1794215868146325,0.10333333333333333,1.0760882534812992,-2.2501400066488753,-0.9033496648947108,1.1577020604331025,3.2478231053252147,4.658261003836736
mango_mdd,small,2011-03-31,2012Q2,6,FFR,1.341175837579083,0.15333333333333335,1.1878425042457497,-2.4358536708108756,-0.9657833891627801,1.3168741038699097,3.6011083061673212,5.207429583422588
mango_mdd,small,2011-03-31,2012Q3,7,FFR,1.4854801455649576,0.14333333333333334,1.3421468122316242,-2.6510919362671315,-0.9374450098702363,1.4895903241354596,3.9286080852545413,5.758139096307414
mango_mdd,small,2011-03-31,2012Q4,8,FFR,1.6647863150198339,0.16,1.504786315019834,-2.872134855812057,-1.1203519355175116,1.722125723051538,4.376766549708035,5.977527760601611
mango_mdd,small,2011-03-31,2011Q1,1,GDP,950.8476021422547,966.5859036314018,-15.738301489147148,949.533839526747,950.0544981275569,950.8333494445542,951.6786752217193,952.2601238455525
mango_mdd,small,2011-03-31,2011Q2,2,GDP,951.5919844825938,967.261665957135,-15.669681474541221,949.3908286216065,950.2429436697229,951.5971492056726,952.9704440152676,953.8313393429484
mango_mdd,small,2011-03-31,2011Q3,3,GDP,952.3414742536978,967.2228912780705,-14.881417024372695,949.4828614922611,950.5574324319138,952.319700246074,954.1029109524172,955.3128644093114
mango_mdd,small,2011-03-31,2011Q4,4,GDP,953.1031622340868,968.3383253013681,-15.235163067281292,949.5938346818291,950.9848756207653,953.0900994455808,955.1850621628477,956.7574230201026
mango_mdd,small,2011-03-31,2012Q1,5,GDP,953.8085638639965,969.1529212860218,-15.344357422025269,949.6613755793117,951.2849078955304,953.7195321885667,956.3296934081102,958.0684079276642
mango_mdd,small,2011-03-31,2012Q2,6,GDP,954.4871288887865,969.6077453782113,-15.120616489424833,949.9217258615948,951.6155885160493,954.4705529071182,957.2863860104607,959.2921998089931
mango_mdd,small,2011-03-31,2012Q3,7,GDP,955.1581155603187,969.7824756135876,-14.624360053268902,949.8112262593576,951.9156198729884,955.208825797542,958.3843221795428,960.5664800563122
mango_mdd,small,2011-03-31,2012Q4,8,GDP,955.7774525591947,969.8922534031813,-14.114800843986586,949.9698529669299,952.2412798215755,955.7926679593666,959.2265588741558,961.6253794261061
mango_mdd,small,2011-06-30,2011Q2,1,DEFL,472.0070908873435,458.48552274726825,13.52156814007526,471.5355501994695,471.71001583854155,472.0105833114882,472.30010119317797,472.49078719006167
mango_mdd,small,2011-06-30,2011Q3,2,DEFL,472.46735751743756,459.10205503836494,13.365302479072625,471.6326761597785,471.968313753577,472.47174666238294,472.958486512316,473.3155889159566
mango_mdd,small,2011-06-30,2011Q4,3,DEFL,472.88345070546114,459.2226780352162,13.660772670244967,471.66703776145465,472.13951907892255,472.89650499291616,473.61661818231687,474.10720055429425
mango_mdd,small,2011-06-30,2012Q1,4,DEFL,473.3773550957656,459.8276478897225,13.549707206043081,471.73340759752654,472.37650202706686,473.39006731408074,474.3589214603554,475.04814291390795
mango_mdd,small,2011-06-30,2012Q2,5,DEFL,473.89090604529895,460.2296059641123,13.661300081186653,471.7107265945978,472.58861697438,473.9021450560213,475.1555457283555,476.0501785825625
mango_mdd,small,2011-06-30,2012Q3,6,DEFL,474.43423143025296,460.74675450367744,13.687476926575528,471.7008913540769,472.7913715473038,474.45621807767543,476.0363454912259,477.1492139922688
mango_mdd,small,2011-06-30,2012Q4,7,DEFL,474.98384912358546,461.25230870332746,13.731540420258,471.63030955883136,472.9347847226222,475.0570656213049,477.0004614284403,478.25494466491995
mango_mdd,small,2011-06-30,2013Q1,8,DEFL,475.56289373089635,461.651558288791,13.911335442105326,471.625694015415,473.0801114381321,475.6203120979231,477.9244758702686,479.4062673384361
mango_mdd,small,2011-06-30,2011Q2,1,FFR,0.2749493413569766,0.09333333333333334,0.18161600802364325,-1.065624122061782,-0.5292991666126071,0.2690416904785461,1.0853648598754775,1.6292838370366745
mango_mdd,small,2011-06-30,2011Q3,2,FFR,0.5596022560371177,0.08333333333333333,0.47626892270378435,-1.5413057464883555,-0.6982683642952043,0.5430951091366862,1.8868450984956022,2.7063407838191993
mango_mdd,small,2011-06-30,2011Q4,3,FFR,0.8580252537164231,0.07333333333333335,0.7846919203830898,-1.7718258147973438,-0.724002803939284,0.8141156633508184,2.4803581655208404,3.6086353432473244
mango_mdd,small,2011-06-30,2012Q1,4,FFR,1.0698846581831818,0.10333333333333333,0.9665513248498485,-1.9711760495466844,-0.8701137754289233,1.0380561009272982,2.9476995675189985,4.251028741319379
mango_mdd,small,2011-06-30,2012Q2,5,FFR,1.287013892813193,0.15333333333333335,1.1336805594798596,-2.1754926683537463,-0.8438937019121658,1.1794820446958945,3.4423053865832647,4.9150929669973396
mango_mdd,small,2011-06-30,2012Q3,6,FFR,1.4990603201345165,0.14333333333333334,1.3557269868011832,-2.291136726963835,-0.9084332106129892,1.4578412829882814,3.8389628761797647,5.5505011686163765
mango_mdd,small,2011-06-30,2012Q4,7,FFR,1.6529853365730618,0.16,1.4929853365730619,-2.5488522755548435,-0.8830157650548706,1.6648320025135068,4.125937516748054,6.027893677900865
mango_mdd,small,2011-06-30,2013Q1,8,FFR,1.8177618585896202,0.14333333333333334,1.674428525256287,-2.8567433748979316,-0.8077518385276213,1.788109304865011,4.488355099240497,6.588118966565132
mango_mdd,small,2011-06-30,2011Q2,1,GDP,951.251589907307,967.261665957135,-16.010076049828058,949.9606454131903,950.4454435572422,951.2216772654533,952.0560385222024,952.6008005933465
mango_mdd,small,2011-06-30,2011Q3,2,GDP,952.02902048956,967.2228912780705,-15.19387078851048,949.8226737032127,950.7111190314782,951.9869172160386,953.4368562178302,954.2520254471978
mango_mdd,small,2011-06-30,2011Q4,3,GDP,952.7166484981338,968.3383253013681,-15.621676803234209,949.8110711380499,950.9387359873575,952.7255051785661,954.4858716566059,955.7036539645065
mango_mdd,small,2011-06-30,2012Q1,4,GDP,953.347800853818,969.1529212860218,-15.805120432203807,949.7356792503083,951.1887715356113,953.2892436468917,955.5343600739708,957.0608621155257
mango_mdd,small,2011-06-30,2012Q2,5,GDP,953.9179048721674,969.6077453782113,-15.689840506043993,949.7128892761941,951.4074071460598,953.8878317079857,956.5062218635812,958.1754442530654
mango_mdd,small,2011-06-30,2012Q3,6,GDP,954.499962539955,969.7824756135876,-15.282513073632572,949.7839669943065,951.6894455613555,954.4516315305098,957.4606745055872,959.2817050278995
mango_mdd,small,2011-06-30,2012Q4,7,GDP,955.0489488351494,969.8922534031813,-14.84330456803184,949.704106071705,951.8675626807784,955.0775752975859,958.3448623640656,960.4740961028016
mango_mdd,small,2011-06-30,2013Q1,8,GDP,955.5638519813398,970.7562992997954,-15.192447318455606,949.7007350181437,952.0451134807447,955.5817013371866,959.1178823600465,961.3327235203008
mango_mdd,small,2011-09-30,2011Q3,1,DEFL,473.41065489611725,459.10205503836494,14.308599857752313,472.9583111285025,473.12394233216145,473.4149010071736,473.68129067174215,473.88011275418097
mango_mdd,small,2011-09-30,2011Q4,2,DEFL,474.0065546699349,459.2226780352162,14.783876634718752,473.1923734549084,473.53567776373416,474.01414226926283,474.48862570137953,474.78463315418446
mango_mdd,small,2011-09-30,2012Q1,3,DEFL,474.6236829636901,459.8276478897225,14.796035073967573,473.4318099247133,473.90208011187826,474.65117467786376,475.3212848191069,475.78434038117655
mango_mdd,small,2011-09-30,2012Q2,4,DEFL,475.2471709734005,460.2296059641123,15.017565009288205,473.6137514198102,474.27971170537774,475.2760936625334,476.2008788556092,476.8030501701804
mango_mdd,small,2011-09-30,2012Q3,5,DEFL,475.89422254955383,460.74675450367744,15.147468045876394,473.73060749652643,474.61665122797274,475.9535333837466,477.1281518195339,477.9242332413796
mango_mdd,small,2011-09-30,2012Q4,6,DEFL,476.5553785162289,461.25230870332746,15.30306981290147,473.8662845901308,474.9166716881008,476.5553216545661,478.12824832459205,479.0797355655416
mango_mdd,small,2011-09-30,2013Q1,7,DEFL,477.2278044120248,461.651558288791,15.576246123233773,473.96668659250344,475.2554302181755,477.23293954475093,479.1671007874195,480.30348239141404
mango_mdd,small,2011-09-30,2013Q2,8,DEFL,477.9136078889797,461.93491871613605,15.978689172843644,474.00315291710547,475.598170004309,477.96341571338684,480.23630001802394,481.589222159546
mango_mdd,small,2011-09-30,2011Q3,1,FFR,0.41709666573411236,0.08333333333333333,0.33376333240077904,-0.9072174194152275,-0.36458630318064345,0.40234651511830577,1.214310092978609,1.7590878492502942
mango_mdd,small,2011-09-30,2011Q4,2,FFR,0.7248376067212704,0.07333333333333335,0.651504273387937,-1.3574125104950532,-0.5064523164896679,0.7003129299400521,2.003183254680555,2.922225012845871
mango_mdd,small,2011-09-30,2012Q1,3,FFR,0.9253668951242826,0.10333333333333333,0.8220335617909493,-1.657748624412741,-0.65664900232793,0.9230585985328064,2.530131548391654,3.6670735970794057
mango_mdd,small,2011-09-30,2012Q2,4,FFR,1.1686465426587622,0.15333333333333335,1.015313209325429,-1.8868142132170225,-0.6882745627555745,1.1424185295027773,3.0376067929997186,4.292820165858745
mango_mdd,small,2011-09-30,2012Q3,5,FFR,1.4667521479228922,0.14333333333333334,1.323418814589559,-1.945106963800076,-0.6892960877218166,1.3957728256594986,3.6251259552499735,5.046698787157514
mango_mdd,small,2011-09-30,2012Q4,6,FFR,1.683538921092228,0.16,1.523538921092228,-2.2327119227341563,-0.664095940971699,1.6938440461357884,4.0133003298763645,5.771483628943838
mango_mdd,small,2011-09-30,2013Q1,7,FFR,1.8271926702610506,0.14333333333333334,1.6838593369277173,-2.3651209189840534,-0.772174716330324,1.8220950524153658,4.30368670724296,6.209438043197959
mango_mdd,small,2011-09-30,2013Q2,8,FFR,1.9998233809787855,0.11666666666666665,1.8831567143121188,-2.6373209865911327,-0.7785877902641537,2.0509177512916414,4.794521539871383,6.616369111289772
mango_mdd,small,2011-09-30,2011Q3,1,GDP,949.8803114115224,967.2228912780705,-17.342579866548135,948.5363737837246,949.0655968176399,949.8582948079536,950.7247486326673,951.300406915668
mango_mdd,small,2011-09-30,2011Q4,2,GDP,950.4464664521696,968.3383253013681,-17.891858849198456,948.2230774113051,949.1268618002025,950.3863503847145,951.85630985909,952.8266713416505
mango_mdd,small,2011-09-30,2012Q1,3,GDP,950.9201817301469,969.1529212860218,-18.2327395558749,947.9556768629677,949.1007336417341,950.8981181875085,952.7647763916848,953.989388748802
mango_mdd,small,2011-09-30,2012Q2,4,GDP,951.423291689128,969.6077453782113,-18.184453689083398,947.7347835677938,949.255263461507,951.3493290972381,953.7302985601704,955.1742681477051
mango_mdd,small,2011-09-30,2012Q3,5,GDP,951.884269190837,969.7824756135876,-17.898206422750604,947.4666020523308,949.396234740546,951.8192718070429,954.4038043685406,956.3540416212828
mango_mdd,small,2011-09-30,2012Q4,6,GDP,952.3165892371634,969.8922534031813,-17.575664166017873,947.5131212755841,949.3879087369567,952.3235928840616,955.194777195871,957.2568127777421
mango_mdd,small,2011-09-30,2013Q1,7,GDP,952.7400202110714,970.7562992997954,-18.01627908872399,947.2599422783306,949.454594243475,952.7859913430632,956.0004905076709,958.2316262297293
mango_mdd,small,2011-09-30,2013Q2,8,GDP,953.1335582354833,970.8955874685364,-17.762029233053113,947.2906648660833,949.5160069525258,953.1093334997992,956.7812789010258,958.938579578279
mango_mdd,small,2011-12-31,2011Q4,1,DEFL,474.08920068593284,459.2226780352162,14.86652265071666,473.61348993470887,473.7942069146369,474.0889144421205,474.38359412216573,474.5671326544701
mango_mdd,small,2011-12-31,2012Q1,2,DEFL,474.7246986367183,459.8276478897225,14.897050746995774,473.9170813734808,474.21837073904885,474.72484162608805,475.2285729386186,475.55165772630073
mango_mdd,small,2011-12-31,2012Q2,3,DEFL,475.366863193902,460.2296059641123,15.137257229789725,474.1571401323056,474.6105006136902,475.37700805942995,476.0905924746041,476.5870100824346
mango_mdd,small,2011-12-31,2012Q3,4,DEFL,476.02737078629576,460.74675450367744,15.280616282618325,474.32791943255484,474.99521999750704,476.0557820508223,477.06146906367684,477.70887177998577
mango_mdd,small,2011-12-31,2012Q4,5,DEFL,476.71395710349975,461.25230870332746,15.461648400172294,474.5787614153014,475.3524202375975,476.7604348842774,478.05823140801897,478.91550401277846
mango_mdd,small,2011-12-31,2013Q1,6,DEFL,477.4171876134608,461.651558288791,15.76562932466976,474.681268838417,475.74314021914694,477.44128516286014,479.09043731917126,480.1358480673893
mango_mdd,small,2011-12-31,2013Q2,7,DEFL,478.13819887220836,461.93491871613605,16.20328015607231,474.902382063492,476.0379778975502,478.19102554349297,480.1574288151023,481.4200052652899
mango_mdd,small,2011-12-31,2013Q3,8,DEFL,478.88091345236126,462.40508197513793,16.475831477223323,475.06046056096153,476.4147273296432,478.8836917324446,481.2522260796241,482.7805624795325
mango_mdd,small,2011-12-31,2011Q4,1,FFR,0.3027708770893998,0.07333333333333335,0.22943754375606645,-1.0649658027004043,-0.5154729348078523,0.3132923113841539,1.144388381707293,1.6893477136889317
mango_mdd,small,2011-12-31,2012Q1,2,FFR,0.5318586358955442,0.10333333333333333,0.42852530256221083,-1.5572821157419006,-0.7680609067640278,0.5120021784863948,1.8462779593048724,2.6977691679149536
mango_mdd,small,2011-12-31,2012Q2,3,FFR,0.7835955731612826,0.15333333333333335,0.6302622398279493,-1.7776547201785933,-0.7978020500606696,0.7838264231350356,2.3903392841888222,3.41346275413329
mango_mdd,small,2011-12-31,2012Q3,4,FFR,1.074154790070097,0.14333333333333334,0.9308214567367636,-1.9961935914124118,-0.8260867128159489,1.0813351720596145,2.8387593384206933,4.058425377003109
mango_mdd,small,2011-12-31,2012Q4,5,FFR,1.376786801219336,0.16,1.2167868012193361,-2.1309171210878857,-0.7536126294808245,1.358165808763382,3.4469447044740527,4.7722725675583515
mango_mdd,small,2011-12-31,2013Q1,6,FFR,1.6186568817523237,0.14333333333333334,1.4753235484189904,-2.220091757640009,-0.7365259135104981,1.6625176012064882,3.868758871080321,5.442823171246644
mango_mdd,small,2011-12-31,2013Q2,7,FFR,1.8212293970809745,0.11666666666666665,1.7045627304143078,-2.4227825521275426,-0.7256256281267506,1.8781946593474015,4.232788545216698,5.957027210257914
mango_mdd,small,2011-12-31,2013Q3,8,FFR,2.038798385671449,0.08333333333333333,1.9554650523381156,-2.462041096932054,-0.6716732894352863,2.120016962849131,4.573411349273623,6.4187775271228915
mango_mdd,small,2011-12-31,2011Q4,1,GDP,950.4442414801956,968.3383253013681,-17.894083821172444,949.0700761639366,949.613619794763,950.4105919529927,951.3065469194202,951.9136183487295
mango_mdd,small,2011-12-31,2012Q1,2,GDP,951.1739820260078,969.1529212860218,-17.97893926001393,948.943382987765,949.7823153006735,951.147479975067,952.5802905976401,953.4333211201669
mango_mdd,small,2011-12-31,2012Q2,3,GDP,951.901859436079,969.6077453782113,-17.70588594213234,948.811407655091,950.1251920955033,951.8941134784864,953.7288767116564,954.8508289802471
mango_mdd,small,2011-12-31,2012Q3,4,GDP,952.6412596228685,969.7824756135876,-17.14121599071916,948.9820296597337,950.4046320530538,952.6138084063257,954.7803717469588,956.2524455363721
mango_mdd,small,2011-12-31,2012Q4,5,GDP,953.3388790803666,969.8922534031813,-16.553374322814648,948.9232666154522,950.7762501394424,953.3736366763289,955.889636532167,957.5424811293383
mango_mdd,small,2011-12-31,2013Q1,6,GDP,954.0282749385937,970.7562992997954,-16.728024361201733,948.9908428935247,951.1022257378693,954.0566810152566,956.9026922505694,958.8355885010673
mango_mdd,small,2011-12-31,2013Q2,7,GDP,954.7043485512077,970.8955874685364,-16.191238917328747,949.1559888831836,951.33772893587,954.7160386925823,958.0121398701618,960.1340227727329
mango_mdd,small,2011-12-31,2013Q3,8,GDP,955.3337939298566,971.6841237441809,-16.350329814324255,949.2008012408751,951.5831467399094,955.442427332707,958.99130986218,961.1217008938429
mango_mdd,small,2012-03-31,2012Q1,1,DEFL,474.1537836063843,459.8276478897225,14.326135716661781,473.7044803311286,473.8663769434335,474.1572500070319,474.4304918886136,474.6202478794105
mango_mdd,small,2012-03-31,2012Q2,2,DEFL,474.6274699184073,460.2296059641123,14.397863954295019,473.8454799588992,474.13670553286715,474.63611937845235,475.1024390131202,475.38763533457336
mango_mdd,small,2012-03-31,2012Q3,3,DEFL,475.11660747899083,460.74675450367744,14.369852975313393,473.9166223661289,474.39347984249633,475.1468180936711,475.83865389943537,476.2768053447447
mango_mdd,small,2012-03-31,2012Q4,4,DEFL,475.59325273120317,461.25230870332746,14.340944027875707,473.8977981183983,474.6296812093651,475.6265674511279,476.55620855241864,477.17544412108606
mango_mdd,small,2012-03-31,2013Q1,5,DEFL,476.1231910019148,461.651558288791,14.471632713123768,473.97836386737555,474.8476128135215,476.1405592151127,477.360664816898,478.15178347808666
mango_mdd,small,2012-03-31,2013Q2,6,DEFL,476.6768377517558,461.93491871613605,14.74191903561973,473.93347589754933,475.07481022840136,476.70769086315056,478.26760554196954,479.19246422648195
mango_mdd,small,2012-03-31,2013Q3,7,DEFL,477.255241173752,462.40508197513793,14.850159198614051,473.91560546763867,475.3023716455659,477.27946840545826,479.19353781240073,480.4316535721194
mango_mdd,small,2012-03-31,2013Q4,8,DEFL,477.85659013051264,463.00091293350107,14.855677197011573,473.9412383636319,475.4946378312138,477.8862469321268,480.16872961128297,481.63680004042163
mango_mdd,small,2012-03-31,2012Q1,1,FFR,0.18797448255852348,0.10333333333333333,0.08464114922519014,-1.1369984629828847,-0.6213042926338173,0.21199314699889082,0.9788175524926835,1.5497476223102298
mango_mdd,small,2012-03-31,2012Q2,2,FFR,0.2212247170828601,0.15333333333333335,0.06789138374952675,-1.9217538020603593,-1.0739899163383957,0.21661211634774924,1.5714557056368907,2.3624375531772497
mango_mdd,small,2012-03-31,2012Q3,3,FFR,0.39475073160955365,0.14333333333333334,0.25141739827622034,-2.24083527156723,-1.1625854268706537,0.38426987935381435,1.9535499816090816,3.1675170526686434
mango_mdd,small,2012-03-31,2012Q4,4,FFR,0.7065043406245721,0.16,0.5465043406245721,-2.3965562223765575,-1.1676235109054083,0.7117192522802522,2.525429709739451,3.848785679419304
mango_mdd,small,2012-03-31,2013Q1,5,FFR,0.9591414982087819,0.14333333333333334,0.8158081648754486,-2.55131668375102,-1.1147454274672723,0.8815293769787549,3.137957547365349,4.542569890594139
mango_mdd,small,2012-03-31,2013Q2,6,FFR,1.117818133237511,0.11666666666666665,1.0011514665708443,-2.917202997691809,-1.2111918097872125,1.0984070201582266,3.499134469887979,5.04427897428859
mango_mdd,small,2012-03-31,2013Q3,7,FFR,1.2830822273833948,0.08333333333333333,1.1997488940500616,-3.0887604419178407,-1.2414906696969819,1.3344548507044707,3.8192947499609833,5.377764966139423
mango_mdd,small,2012-03-31,2013Q4,8,FFR,1.4876210411692108,0.08666666666666667,1.4009543745025441,-3.3068157159827747,-1.2716686356347704,1.5758736617248899,4.205307447405261,5.878306137177605
mango_mdd,small,2012-03-31,2012Q1,1,GDP,951.0414892406936,969.1529212860218,-18.111432045328115,949.6729101745243,950.2169788787284,951.020051905195,951.884715746021,952.4683258805743
mango_mdd,small,2012-03-31,2012Q2,2,GDP,951.6716737864024,969.6077453782113,-17.936071591808968,949.3772007253314,950.3134888287558,951.6451870052842,953.10968097431,953.8990962941854
mango_mdd,small,2012-03-31,2012Q3,3,GDP,952.3726437966708,969.7824756135876,-17.409831816916835,949.3253819343113,950.588664187878,952.3293563672403,954.2030204131421,955.2970671968135
mango_mdd,small,2012-03-31,2012Q4,4,GDP,953.1015337783028,969.8922534031813,-16.79071962487842,949.3597488460081,950.9105905533336,953.1205123094902,955.2667604099536,956.6427279879979
mango_mdd,small,2012-03-31,2013Q1,5,GDP,953.73863876038,970.7562992997954,-17.017660539415374,949.4094777572483,951.1376657185995,953.7978309637585,956.3163319359695,957.9183398537493
mango_mdd,small,2012-03-31,2013Q2,6,GDP,954.3373862636716,970.8955874685364,-16.55820120486476,949.3749439880226,951.4436515514811,954.3899672512905,957.1760056854324,959.1377884193744
mango_mdd,small,2012-03-31,2013Q3,7,GDP,954.9438120972261,971.6841237441809,-16.74031164695475,949.3213077268874,951.6877644771587,954.9954054712716,958.1948771848546,960.3166643166487
mango_mdd,small,2012-03-31,2013Q4,8,GDP,955.4951508803827,972.3927778506837,-16.897626970301076,949.5164206517765,952.0402436187304,955.5625406919684,959.0388685488285,961.3499938791862
mango_mdd,small,2012-06-30,2012Q2,1,DEFL,474.6494730587843,460.2296059641123,14.419867094671986,474.1939417618029,474.36445539187923,474.64751019408186,474.9250689711319,475.10771534482626
mango_mdd,small,2012-06-30,2012Q3,2,DEFL,475.129608212128,460.74675450367744,14.382853708450568,474.37131849230457,474.6457294616746,475.13266130373955,475.6049976988435,475.9076003401065
mango_mdd,small,2012-06-30,2012Q4,3,DEFL,475.5933000748802,461.25230870332746,14.340991371552718,474.41137373627583,474.8769178190546,475.61870382382483,476.2867641387415,476.7399163125528
mango_mdd,small,2012-06-30,2013Q1,4,DEFL,476.0929874019937,461.651558288791,14.441429113202673,474.4980660899334,475.0828327689857,476.1172488978523,477.0404016433627,477.6878247661575
mango_mdd,small,2012-06-30,2013Q2,5,DEFL,476.6147447630435,461.93491871613605,14.679826046907465,474.4793786889469,475.2964397031153,476.6569199895239,477.9085058113718,478.66126827795625
mango_mdd,small,2012-06-30,2013Q3,6,DEFL,477.1517983502624,462.40508197513793,14.746716375124493,474.4711893453733,475.4821572795862,477.2179213566719,478.7812522837785,479.63096763801946
mango_mdd,small,2012-06-30,2013Q4,7,DEFL,477.700971351317,463.00091293350107,14.70005841781591,474.39213038575673,475.67368908750007,477.76301440151946,479.6912998789728,480.7797819574028
mango_mdd,small,2012-06-30,2014Q1,8,DEFL,478.26721823292417,463.41657228293434,14.850645949989826,474.32282155944944,475.84737463892856,478.34593484541165,480.57158600922486,481.9080621856078
mango_mdd,small,2012-06-30,2012Q2,1,FFR,0.23143077484245184,0.15333333333333335,0.07809744150911849,-1.0872512790424944,-0.5599562640545992,0.24610149585349414,1.0201890367277928,1.5500087379363334
mango_mdd,small,2012-06-30,2012Q3,2,FFR,0.45067734596451625,0.14333333333333334,0.30734401263118294,-1.655535446111955,-0.7936357621393864,0.4500876527372097,1.7431312506303236,2.621414719550118
mango_mdd,small,2012-06-30,2012Q4,3,FFR,0.7002769824007474,0.16,0.5402769824007474,-1.8366866544375522,-0.892483848763643,0.6775053586668992,2.2754048226945076,3.3805606722163546
mango_mdd,small,2012-06-30,2013Q1,4,FFR,0.9173163399270444,0.14333333333333334,0.7739830065937111,-2.097230331528379,-0.9506066212524648,0.9267328400005967,2.7515846411917484,3.950563224968653
mango_mdd,small,2012-06-30,2013Q2,5,FFR,1.120647169916269,0.11666666666666665,1.0039805032496023,-2.4344816887774705,-0.9862375352370316,1.0580186098173985,3.2577960365498018,4.647452925104286
mango_mdd,small,2012-06-30,2013Q3,6,FFR,1.2765938644684982,0.08333333333333333,1.193260531135165,-2.595228349290423,-1.1687170224690384,1.3001419199960673,3.5566489373509165,5.273562371874192
mango_mdd,small,2012-06-30,2013Q4,7,FFR,1.4019195046464292,0.08666666666666667,1.3152528379797626,-2.876638557813582,-1.229860433486034,1.4798092839759562,3.849431086767451,5.7204185948973345
mango_mdd,small,2012-06-30,2014Q1,8,FFR,1.539574534237942,0.07333333333333335,1.4662412009046089,-2.9056705196985173,-1.296598068417671,1.6180543473220803,4.192069938123133,6.027683877366416
mango_mdd,small,2012-06-30,2012Q2,1,GDP,951.5475493494043,969.6077453782113,-18.060196028807013,950.2153465071027,950.7316932481782,951.5151830108468,952.3565394461706,952.9640142900823
mango_mdd,small,2012-06-30,2012Q3,2,GDP,952.1969948926701,969.7824756135876,-17.58548072091753,949.9784674999996,950.832088294231,952.1726713475141,953.564312280385,954.478488535044
mango_mdd,small,2012-06-30,2012Q4,3,GDP,952.8140657836385,969.8922534031813,-17.078187619542746,949.8286801225753,950.982937407171,952.8056667573993,954.6415955001637,955.8162672584612
mango_mdd,small,2012-06-30,2013Q1,4,GDP,953.3793481987857,970.7562992997954,-17.376951101009695,949.6993442032323,951.2070544917627,953.3368500502588,955.5122376396076,957.0884360833072
mango_mdd,small,2012-06-30,2013Q2,5,GDP,953.8886930509134,970.8955874685364,-17.006894417623016,949.7324647409632,951.3818142375119,953.827972103727,956.4218343236012,958.2410403826852
mango_mdd,small,2012-06-30,2013Q3,6,GDP,954.3836105598673,971.6841237441809,-17.30051318431356,949.5188239433356,951.5754874227642,954.2869294645257,957.3350199302056,959.2013797250886
mango_mdd,small,2012-06-30,2013Q4,7,GDP,954.8699250781051,972.3927778506837,-17.52285277257863,949.5255598950986,951.7379771134424,954.8086685753995,958.1734094786389,960.2699661051122
mango_mdd,small,2012-06-30,2014Q1,8,GDP,955.327578732284,972.0420537957549,-16.7144750634709,949.4384610745318,951.8371415459678,955.2373113869523,958.8417474248558,961.3878512382671
mango_mdd,small,2012-09-30,2012Q3,1,DEFL,474.936467283466,460.74675450367744,14.189712779788579,474.467908420369,474.6471211972191,474.9434211252641,475.2165180523365,475.40059073522195
mango_mdd,small,2012-09-30,2012Q4,2,DEFL,475.34374604259796,461.25230870332746,14.091437339270499,474.56631834994204,474.857179625941,475.3508828984704,475.8167677403878,476.12752502734827
mango_mdd,small,2012-09-30,2013Q1,3,DEFL,475.77654319779106,461.651558288791,14.124984909000034,474.57955104476656,475.0674025265986,475.7907810457498,476.47239590783926,476.91505345263016
mango_mdd,small,2012-09-30,2013Q2,4,DEFL,476.2117222588377,461.93491871613605,14.276803542701657,474.5865744285399,475.2443566838869,476.23551438511686,477.1453688557246,477.7624248963995
mango_mdd,small,2012-09-30,2013Q3,5,DEFL,476.67523662035114,462.40508197513793,14.27015464521321,474.55965834342186,475.37230324993135,476.717300021315,477.93579311815154,478.64658794016594
mango_mdd,small,2012-09-30,2013Q4,6,DEFL,477.1547016583318,463.00091293350107,14.153788724830747,474.5581007423671,475.56961835507366,477.1972977346594,478.707695538924,479.6310491958357
mango_mdd,small,2012-09-30,2014Q1,7,DEFL,477.64576535842394,463.41657228293434,14.229193075489604,474.3850358158333,475.6717331002115,477.7515827577515,479.5645622300142,480.703741300886
mango_mdd,small,2012-09-30,2014Q2,8,DEFL,478.1558935119315,463.9813129431631,14.174580568768363,474.4128159359062,475.84646327670447,478.20108911496726,480.397022359435,481.8113583106537
mango_mdd,small,2012-09-30,2012Q3,1,FFR,0.3208752239764091,0.14333333333333334,0.17754189064307577,-0.977474112739496,-0.4677389380079547,0.3220007905583223,1.1400999651763097,1.662422951106405
mango_mdd,small,2012-09-30,2012Q4,2,FFR,0.493411806972663,0.16,0.33341180697266304,-1.618725124629244,-0.7920273557349674,0.45374170831769733,1.7680945884475623,2.6509728991699313
mango_mdd,small,2012-09-30,2013Q1,3,FFR,0.650385173854432,0.14333333333333334,0.5070518405210986,-1.9804208119550593,-0.8560611369217707,0.6152066068612216,2.2374988884375075,3.2659706020796038
mango_mdd,small,2012-09-30,2013Q2,4,FFR,0.8252874914609147,0.11666666666666665,0.708620824794248,-2.2578318910198076,-0.9769342644833422,0.8420456150575918,2.643168962125007,3.899953044187564
mango_mdd,small,2012-09-30,2013Q3,5,FFR,1.0200235353497844,0.08333333333333333,0.936690202016451,-2.441896782720344,-1.045924872021901,0.9870129719102256,3.1569685051585696,4.451638202605592
mango_mdd,small,2012-09-30,2013Q4,6,FFR,1.1602581952624647,0.08666666666666667,1.073591528595798,-2.7342110017758148,-1.1382495134249795,1.1867136055295169,3.4247026461960997,5.009436792543782
mango_mdd,small,2012-09-30,2014Q1,7,FFR,1.260063410192225,0.07333333333333335,1.1867300768588918,-3.0098869998124185,-1.2667754357899528,1.3397864350125697,3.6575196899738125,5.268079401798444
mango_mdd,small,2012-09-30,2014Q2,8,FFR,1.3856275899564554,0.09333333333333334,1.2922942566231221,-3.0541993461677057,-1.278221051376078,1.4585903058339595,3.967890180137363,5.704712826109519
mango_mdd,small,2012-09-30,2012Q3,1,GDP,951.9767194472983,969.7824756135876,-17.80575616628937,950.6721943343312,951.1798558447065,951.947198648947,952.7765563078258,953.4106813036733
mango_mdd,small,2012-09-30,2012Q4,2,GDP,952.5677355254988,969.8922534031813,-17.32451787768241,950.3099495505303,951.2348986774836,952.5582335102474,953.923187166143,954.7442231114445
mango_mdd,small,2012-09-30,2013Q1,3,GDP,953.1197686183374,970.7562992997954,-17.636530681457998,950.1490501605537,951.3838265978256,953.1039370444687,954.8979757821829,956.091079438814
mango_mdd,small,2012-09-30,2013Q2,4,GDP,953.6877477054012,970.8955874685364,-17.207839763135212,950.1429170463457,951.4348958973947,953.6649993116796,955.8665932850919,957.4194920577461
mango_mdd,small,2012-09-30,2013Q3,5,GDP,954.2196656084672,971.6841237441809,-17.4644581357137,950.0646982925255,951.7047437911323,954.2337719558309,956.7246191961032,958.5306694277758
mango_mdd,small,2012-09-30,2013Q4,6,GDP,954.7426887781428,972.3927778506837,-17.650089072540936,949.9826877400407,951.8919316093453,954.7211690562556,957.586540687412,959.5431235746511
mango_mdd,small,2012-09-30,2014Q1,7,GDP,955.2618935202136,972.0420537957549,-16.780160275541334,949.818456816718,952.0461218718823,955.2208589390133,958.5236216123194,960.6118873969467
mango_mdd,small,2012-09-30,2014Q2,8,GDP,955.7514643715906,973.318007678534,-17.566543306943345,950.0403931663636,952.3145127849807,955.7119904047554,959.253357794034,961.4160753833082
mango_mdd,small,2012-12-31,2012Q4,1,DEFL,475.69743805949884,461.25230870332746,14.445129356171378,475.2325315796452,475.4083970676271,475.69416720077174,475.9802347509241,476.1617560345153
mango_mdd,small,2012-12-31,2013Q1,2,DEFL,476.26382976742923,461.651558288791,14.612271478638206,475.46828688508367,475.7738029477475,476.2606578697448,476.7480707466061,477.0566419522341
mango_mdd,small,2012-12-31,2013Q2,3,DEFL,476.83426999293437,461.93491871613605,14.899351276798313,475.62352265714634,476.0953357079171,476.8437822158522,477.55669895066256,478.02699998390494
mango_mdd,small,2012-12-31,2013Q3,4,DEFL,477.4542285963371,462.40508197513793,15.049146621199156,475.7945961898399,476.4289821388157,477.4666062171784,478.4352300415279,479.0858284513894
mango_mdd,small,2012-12-31,2013Q4,5,DEFL,478.0812302073884,463.00091293350107,15.080317273887317,475.89556696415804,476.7758670634041,478.0762943939974,479.3684060757084,480.23766297298465
mango_mdd,small,2012-12-31,2014Q1,6,DEFL,478.73467930232397,463.41657228293434,15.318107019389629,475.9693059474191,477.0923092938441,478.74400308168606,480.3560488597698,481.46813351146494
mango_mdd,small,2012-12-31,2014Q2,7,DEFL,479.3942508125167,463.9813129431631,15.412937869353584,476.07415675568234,477.3624633802915,479.3818793591876,481.41435648328553,482.79119082667
mango_mdd,small,2012-12-31,2014Q3,8,DEFL,480.0621741859551,464.4169720837101,15.64520210224498,476.14921630279866,477.6749255430868,480.03578399207134,482.48919887208626,484.034377895721
mango_mdd,small,2012-12-31,2012Q4,1,FFR,0.4887473143643239,0.16,0.3287473143643239,-0.8173949599553547,-0.30636327829608323,0.49744351637823686,1.2717309075841603,1.816688330879309
mango_mdd,small,2012-12-31,2013Q1,2,FFR,0.8474330276236105,0.14333333333333334,0.7040996942902772,-1.2933043245486995,-0.4154040618593873,0.8633697116383379,2.1331351719950447,2.93757044615857
mango_mdd,small,2012-12-31,2013Q2,3,FFR,1.0808965178359957,0.11666666666666665,0.964229851169329,-1.4561476680072971,-0.47474377883225477,1.071224520215332,2.6101342875397373,3.7482911287976783
mango_mdd,small,2012-12-31,2013Q3,4,FFR,1.263415568448692,0.08333333333333333,1.1800822351153588,-1.7377643734990966,-0.5939921814334934,1.2542325927836986,3.0810619085559208,4.242268011549127
mango_mdd,small,2012-12-31,2013Q4,5,FFR,1.5007720478093196,0.08666666666666667,1.414105381142653,-1.947085113489704,-0.5676214649891063,1.4347124227242514,3.5511369586132786,4.987782718790279
mango_mdd,small,2012-12-31,2014Q1,6,FFR,1.6910935986827997,0.07333333333333335,1.6177602653494665,-2.244558986156103,-0.6203644329599741,1.674664859965254,4.009948766671936,5.733879844030615
mango_mdd,small,2012-12-31,2014Q2,7,FFR,1.8002347476085585,0.09333333333333334,1.7069014142752252,-2.5176706686804846,-0.6779915135678766,1.861195471145224,4.304226739164398,5.978825589751308
mango_mdd,small,2012-12-31,2014Q3,8,FFR,1.931512328760679,0.09000000000000001,1.841512328760679,-2.7000908386130975,-0.6641523584861604,1.941846683436467,4.6192775684919525,6.359262273568007
mango_mdd,small,2012-12-31,2012Q4,1,GDP,952.8547365898706,969.8922534031813,-17.037516813310617,951.5241101714147,952.0716085911811,952.8426738166654,953.6544754675424,954.2478318718448
mango_mdd,small,2012-12-31,2013Q1,2,GDP,953.5604699957921,970.7562992997954,-17.19582930400327,951.3512168025507,952.2207661505623,953.5403424886676,954.9199062869385,955.7492084013394
mango_mdd,small,2012-12-31,2013Q2,3,GDP,954.0958565022174,970.8955874685364,-16.799730966318975,951.2337974131244,952.3054297901474,954.0847421489993,955.9390143090312,956.9468256414647
mango_mdd,small,2012-12-31,2013Q3,4,GDP,954.6203849041605,971.6841237441809,-17.06373884002039,951.1755093689006,952.4191141031927,954.5925805313966,956.7782228489185,958.1505867045768
mango_mdd,small,2012-12-31,2013Q4,5,GDP,955.0913140236653,972.3927778506837,-17.301463827018438,950.9440596937419,952.6329366821509,955.0461594805417,957.5897560857517,959.3405530510062
mango_mdd,small,2012-12-31,2014Q1,6,GDP,955.5518608111844,972.0420537957549,-16.490192984570513,950.8320701928144,952.7233547155157,955.5567941847075,958.3408189148857,960.261882560822
mango_mdd,small,2012-12-31,2014Q2,7,GDP,956.012733913932,973.318007678534,-17.305273764601907,950.5534968365464,952.8957173191329,955.9988280617151,959.173711077284,961.241706711759
mango_mdd,small,2012-12-31,2014Q3,8,GDP,956.434741230256,974.4762358890149,-18.041494658758893,950.4640069130706,953.1033364606635,956.424237168944,959.8597594967945,962.2013322544911
mango_mdd,small,2013-03-31,2013Q1,1,DEFL,475.8609371201288,461.651558288791,14.209378831337801,475.3990151898963,475.57518810465643,475.864691723051,476.1423201719385,476.3284966101636
mango_mdd,small,2013-03-31,2013Q2,2,DEFL,476.2846590808676,461.93491871613605,14.349740364731531,475.5019794281622,475.7902410843979,476.2850819588617,476.7648670322101,477.0923062616164
mango_mdd,small,2013-03-31,2013Q3,3,DEFL,476.7202976026711,462.40508197513793,14.315215627533178,475.5191222853825,475.99005273636374,476.7252662247873,477.43184119800895,477.92683052462996
mango_mdd,small,2013-03-31,2013Q4,4,DEFL,477.13202747690815,463.00091293350107,14.13111454340708,475.47746380506715,476.1313702582105,477.1132128115388,478.1031519314282,478.8034928887079
mango_mdd,small,2013-03-31,2014Q1,5,DEFL,477.5809356427307,463.41657228293434,14.164363359796369,475.43204971502087,476.2579943470167,477.5690024869467,478.86647515995634,479.6798546805315
mango_mdd,small,2013-03-31,2014Q2,6,DEFL,478.0338769283577,463.9813129431631,14.052563985194581,475.31324883415965,476.3943658386165,478.02526754778785,479.64066885447033,480.66808605802163
mango_mdd,small,2013-03-31,2014Q3,7,DEFL,478.49845424094855,464.4169720837101,14.08148215723844,475.1639678248553,476.5136895084665,478.4809843991759,480.49174206605755,481.6529133541196
mango_mdd,small,2013-03-31,2014Q4,8,DEFL,478.9773554346232,464.58321677069813,14.394138663925048,475.0757687703477,476.6610569476941,479.00359879685686,481.29110770328055,482.7715269734597
mango_mdd,small,2013-03-31,2013Q1,1,FFR,0.2562354402333932,0.14333333333333334,0.11290210690005983,-1.074937847413519,-0.5420167687602412,0.2610418419827856,1.0685945983308536,1.5740804848994363
mango_mdd,small,2013-03-31,2013Q2,2,FFR,0.28199728851270056,0.11666666666666665,0.16533062184603392,-1.7736959676909623,-0.9588508810415297,0.2951019812384724,1.5404732519827982,2.3762708775760086
mango_mdd,small,2013-03-31,2013Q3,3,FFR,0.36234063008602807,0.08333333333333333,0.27900729675269476,-2.0665008909441496,-1.115807862207595,0.39134892861958515,1.8716790838134354,2.884351593296597
mango_mdd,small,2013-03-31,2013Q4,4,FFR,0.5473199685640957,0.08666666666666667,0.46065330189742903,-2.3526260827266814,-1.2168153225027847,0.5299381607875182,2.350315197710717,3.4953129576389794
mango_mdd,small,2013-03-31,2014Q1,5,FFR,0.7309192995705097,0.07333333333333335,0.6575859662371764,-2.548399332871183,-1.3305918005104933,0.6902986498838373,2.8200286795911733,4.138985241499487
mango_mdd,small,2013-03-31,2014Q2,6,FFR,0.8523880637359481,0.09333333333333334,0.7590547304026147,-2.9177166120773173,-1.3311616629336573,0.8396790605579063,3.0332506858662645,4.682571147864471
mango_mdd,small,2013-03-31,2014Q3,7,FFR,0.9517246906920921,0.09000000000000001,0.8617246906920921,-3.051605431850606,-1.4647042784817847,0.9691186975862647,3.3575282676309515,5.047647139348948
mango_mdd,small,2013-03-31,2014Q4,8,FFR,1.084770566144766,0.09999999999999999,0.984770566144766,-3.329884933233227,-1.6067882485715836,1.129337253627865,3.777412136890145,5.467905860734245
mango_mdd,small,2013-03-31,2013Q1,1,GDP,952.7033757663534,970.7562992997954,-18.052923533442026,951.3894291928488,951.8949008846655,952.6681934389985,953.5344397776635,954.1417740113585
mango_mdd,small,2013-03-31,2013Q2,2,GDP,953.1703303050678,970.8955874685364,-17.725257163468655,951.0385501315841,951.813039014014,953.1458684342335,954.5544616380575,955.3765703739238
mango_mdd,small,2013-03-31,2013Q3,3,GDP,953.6928930716235,971.6841237441809,-17.99123067255732,950.8228790873455,951.9242576680596,953.6774920836425,955.5446700156501,956.5617807978649
mango_mdd,small,2013-03-31,2013Q4,4,GDP,954.2613448351926,972.3927778506837,-18.131433015491098,950.6900012277758,952.0649212060603,954.243854174236,956.4408724100355,957.9530353255625
mango_mdd,small,2013-03-31,2014Q1,5,GDP,954.7963009314151,972.0420537957549,-17.245752864339806,950.6053579521449,952.1625788722465,954.753099396698,957.3270333362191,959.1330653292936
mango_mdd,small,2013-03-31,2014Q2,6,GDP,955.324026939545,973.318007678534,-17.993980738988967,950.5165075488687,952.4578283243811,955.4072690975333,958.27402526833,960.23669478481
mango_mdd,small,2013-03-31,2014Q3,7,GDP,955.8464554977293,974.4762358890149,-18.629780391285635,950.3984461897232,952.7045132347454,955.8565866745982,959.1314840095177,961.2356750129188
mango_mdd,small,2013-03-31,2014Q4,8,GDP,956.3343652852867,974.9242243231641,-18.58985903787743,950.3622520292048,952.8974508741331,956.3847637848321,959.884575449091,962.1346147260659
mango_mdd,small,2013-06-30,2013Q2,1,DEFL,476.12183857852045,461.93491871613605,14.1869198623844,475.6646498348515,475.83260126852275,476.1246198492319,476.3953236626464,476.5781825326028
mango_mdd,small,2013-06-30,2013Q3,2,DEFL,476.51225327233414,462.40508197513793,14.107171297196203,475.7326345517793,476.035914222833,476.5162799219283,476.9997689452581,477.28794779103424
mango_mdd,small,2013-06-30,2013Q4,3,DEFL,476.8652383749829,463.00091293350107,13.86432544148181,475.7063287481074,476.1706086159497,476.8712125040546,477.56830836209747,477.98497879787
mango_mdd,small,2013-06-30,2014Q1,4,DEFL,477.2512512831178,463.41657228293434,13.834679000183485,475.66269425315244,476.28844981322635,477.2456389642739,478.1990111679886,478.7521149689791
mango_mdd,small,2013-06-30,2014Q2,5,DEFL,477.66041723457107,463.9813129431631,13.679104291407953,475.59707640181307,476.40367509834135,477.66908064903555,478.87665361960944,479.6392544779517
mango_mdd,small,2013-06-30,2014Q3,6,DEFL,478.0885254522436,464.4169720837101,13.671553368533466,475.5679841471377,476.4998699474482,478.115421676948,479.6240692467122,480.5380895685465
mango_mdd,small,2013-06-30,2014Q4,7,DEFL,478.5288815922633,464.58321677069813,13.945664821565174,475.39350636286383,476.6152586344672,478.6112054974767,480.40849181130164,481.5055408240892
mango_mdd,small,2013-06-30,2015Q1,8,DEFL,478.99207164780483,464.5476847747226,14.444386873082237,475.2073438069666,476.76149640663954,479.01561573765036,481.23483009613744,482.5227077497934
mango_mdd,small,2013-06-30,2013Q2,1,FFR,0.1309294455130754,0.11666666666666665,0.014262778846408738,-1.2105488381674914,-0.6712603725793486,0.14179705362192047,0.9284003760025566,1.4568779024484477
mango_mdd,small,2013-06-30,2013Q3,2,FFR,0.16260416603332595,0.08333333333333333,0.07927083269999262,-1.9126479084688754,-1.1313319401391098,0.13246821815652884,1.4625296639474794,2.320173550600306
mango_mdd,small,2013-06-30,2013Q4,3,FFR,0.3048062787517038,0.08666666666666667,0.21813961208503713,-2.1788944954625036,-1.2677211145915075,0.2675180545034195,1.8427190203517676,2.989951411900397
mango_mdd,small,2013-06-30,2014Q1,4,FFR,0.47290258025221404,0.07333333333333335,0.3995692469188807,-2.495983969327661,-1.308349929088982,0.5113056311296948,2.2586164181875694,3.494996719200195
mango_mdd,small,2013-06-30,2014Q2,5,FFR,0.6224472890014714,0.09333333333333334,0.529113955668138,-2.823738235503469,-1.3942658662093732,0.6003763847580253,2.6921588495190045,4.059785638976195
mango_mdd,small,2013-06-30,2014Q3,6,FFR,0.7550740691784986,0.09000000000000001,0.6650740691784987,-2.9483293603549945,-1.56905006298426,0.785199248784907,3.0013902012568665,4.659638389364227
mango_mdd,small,2013-06-30,2014Q4,7,FFR,0.8579076262268198,0.09999999999999999,0.7579076262268198,-3.4087008576182476,-1.6849278986130864,0.8897887088630019,3.3404510116129433,4.96552524407184
mango_mdd,small,2013-06-30,2015Q1,8,FFR,0.9917267704341204,0.11,0.8817267704341204,-3.611628235121819,-1.717066280934963,1.1027569113805817,3.641707738932015,5.405002230598671
mango_mdd,small,2013-06-30,2013Q2,1,GDP,953.101341930593,970.8955874685364,-17.794245537943425,951.7697296156846,952.2983314655571,953.0690035605763,953.9004755417958,954.5392595622995
mango_mdd,small,2013-06-30,2013Q3,2,GDP,953.6425230794279,971.6841237441809,-18.04160066475299,951.4824161754661,952.2836908064035,953.5955793381877,954.9810864687406,955.8704644017917
mango_mdd,small,2013-06-30,2013Q4,3,GDP,954.2237622721836,972.3927778506837,-18.16901557850008,951.3408151902299,952.4700743947344,954.2336818145561,956.0104938858642,957.1742487186431
mango_mdd,small,2013-06-30,2014Q1,4,GDP,954.8037207765436,972.0420537957549,-17.238333019211268,951.4036017144529,952.5922717930189,954.7485300754961,956.9954901530581,958.4014359223454
mango_mdd,small,2013-06-30,2014Q2,5,GDP,955.3328396294663,973.318007678534,-17.985168049067624,951.3022882688157,952.8149567185606,955.3200061331162,957.879621124408,959.4172698786762
mango_mdd,small,2013-06-30,2014Q3,6,GDP,955.8533128538774,974.4762358890149,-18.622923035137546,951.1126786060953,952.9207950688575,955.9148616992059,958.7206999808604,960.4518425025746
mango_mdd,small,2013-06-30,2014Q4,7,GDP,956.3798385618168,974.9242243231641,-18.54438576134737,951.1209052636062,953.1846107825107,956.448020253931,959.5470592869369,961.7041061796232
mango_mdd,small,2013-06-30,2015Q1,8,GDP,956.8514081758098,975.7342483786737,-18.882840202863918,950.9846799666518,953.4211037144363,956.8675517359582,960.2291436297046,962.6376574837064
mango_mdd,small,2013-09-30,2013Q3,1,DEFL,466.917154610597,462.40508197513793,4.512072635459049,466.48894967290386,466.6465160525983,466.9232403183107,467.1780498153673,467.3479807813759
mango_mdd,small,2013-09-30,2013Q4,2,DEFL,467.22477876942304,463.00091293350107,4.22386583592197,466.4922647540525,466.7504226644709,467.22868873373716,467.6825614198255,467.97640055903065
mango_mdd,small,2013-09-30,2014Q1,3,DEFL,467.5512145483012,463.41657228293434,4.1346422653668355,466.45904004393225,466.86960668345426,467.55471283738547,468.21690231955426,468.63998445721273
mango_mdd,small,2013-09-30,2014Q2,4,DEFL,467.8776209445529,463.9813129431631,3.896308001389798,466.36481319662454,466.90699460918654,467.89483163596157,468.7799048383917,469.39206171624664
mango_mdd,small,2013-09-30,2014Q3,5,DEFL,468.2437014574145,464.4169720837101,3.8267293737043815,466.21706260056516,467.024226444259,468.29015055697266,469.4222101842326,470.23944988507964
mango_mdd,small,2013-09-30,2014Q4,6,DEFL,468.6204386473978,464.58321677069813,4.037221876699675,466.0984406738572,467.05794482965064,468.6679543475145,470.08360668667893,471.1032485936355
mango_mdd,small,2013-09-30,2015Q1,7,DEFL,469.0184663694166,464.5476847747226,4.470781594694017,465.8722615723404,467.12709906095404,469.0915201881399,470.85056712645627,472.08320897899506
mango_mdd,small,2013-09-30,2015Q2,8,DEFL,469.4379668122953,465.0879418481692,4.350024964126135,465.70270183158067,467.174357600465,469.50204747436374,471.6413394909919,473.0753012922203
mango_mdd,small,2013-09-30,2013Q3,1,FFR,0.12388513740329461,0.08333333333333333,0.040551804069961284,-1.1972538121700973,-0.6551939988118286,0.12492565856291825,0.9011887528219464,1.4312909071601632
mango_mdd,small,2013-09-30,2013Q4,2,FFR,0.11159274614830447,0.08666666666666667,0.024926079481637803,-1.9034182419458312,-1.1460702655445658,0.10880135339916669,1.4007565451633917,2.231724760183239
mango_mdd,small,2013-09-30,2014Q1,3,FFR,0.2065623736014299,0.07333333333333335,0.13322904026809657,-2.3255432412031998,-1.3938647922659606,0.16329858436511357,1.787815762724101,2.822760540558476
mango_mdd,small,2013-09-30,2014Q2,4,FFR,0.3730131265136406,0.09333333333333334,0.2796797931803073,-2.627741836013979,-1.5171578932851606,0.3705083130583823,2.1680654321584227,3.486371704403056
mango_mdd,small,2013-09-30,2014Q3,5,FFR,0.511218145082091,0.09000000000000001,0.42121814508209093,-3.0387794060770537,-1.6063732707908076,0.4559991548603889,2.647255928468994,4.152244715207893
mango_mdd,small,2013-09-30,2014Q4,6,FFR,0.6089670862592393,0.09999999999999999,0.5089670862592394,-3.305613879010843,-1.7791877487384746,0.6441298466183026,2.9280726963541754,4.551405257372958
mango_mdd,small,2013-09-30,2015Q1,7,FFR,0.6985531370799324,0.11,0.5885531370799324,-3.538535691201238,-1.858596149480655,0.6880320238840612,3.220525833239787,5.004619533379293
mango_mdd,small,2013-09-30,2015Q2,8,FFR,0.8202081854307752,0.12333333333333334,0.6968748520974419,-3.7155451515798856,-1.9450883936322174,0.7795262817254871,3.5765378075784873,5.362092395207955
mango_mdd,small,2013-09-30,2013Q3,1,GDP,966.4757897159819,971.6841237441809,-5.208334028198919,965.2244871453127,965.7129450574938,966.4433429915349,967.2459993867121,967.8370644325535
mango_mdd,small,2013-09-30,2013Q4,2,GDP,966.9966778583153,972.3927778506837,-5.396099992368477,964.8092677982929,965.7299688166328,966.9839284376712,968.2955093149081,969.134839395464
mango_mdd,small,2013-09-30,2014Q1,3,GDP,967.5964904602248,972.0420537957549,-4.445563335530096,964.8058892004711,965.8739235211133,967.5683644939951,969.3602285749811,970.4430412018628
mango_mdd,small,2013-09-30,2014Q2,4,GDP,968.2078807418426,973.318007678534,-5.110126936691358,964.7607056369027,966.1179440514267,968.2091846859691,970.3418496036683,971.6482302907423
mango_mdd,small,2013-09-30,2014Q3,5,GDP,968.7694967110466,974.4762358890149,-5.706739177968302,964.6701491540634,966.3676962291695,968.7657600951775,971.2056387136154,972.8907070808974
mango_mdd,small,2013-09-30,2014Q4,6,GDP,969.3165901215903,974.9242243231641,-5.607634201573887,964.5785127390033,966.6260241398702,969.3678878941478,972.0491457791311,973.8718674825457
mango_mdd,small,2013-09-30,2015Q1,7,GDP,969.8624289114756,975.7342483786737,-5.8718194671980655,964.6305741041186,966.8263335250846,969.9150748472821,972.8870114248544,974.9053018801487
mango_mdd,small,2013-09-30,2015Q2,8,GDP,970.3655780351875,976.31257427765,-5.946996242462546,964.6662579427398,967.053377511402,970.4326094335429,973.6899978446058,975.919482904334
mango_mdd,small,2013-12-31,2013Q4,1,DEFL,467.4321252478083,463.00091293350107,4.431212314307231,466.99558332762535,467.1564528014199,467.4324511794438,467.7038195210319,467.88547980202395
mango_mdd,small,2013-12-31,2014Q1,2,DEFL,467.81979956785904,463.41657228293434,4.4032272849246965,467.0575951702923,467.3467453393045,467.82943570461634,468.27056744805475,468.574990366377
mango_mdd,small,2013-12-31,2014Q2,3,DEFL,468.2248358382772,463.9813129431631,4.243522895114097,467.0785488905994,467.5251446123612,468.23633233201656,468.90774364800507,469.35830963117115
mango_mdd,small,2013-12-31,2014Q3,4,DEFL,468.66505175968126,464.4169720837101,4.248079675971155,467.03438711955687,467.6872942919724,468.7064676383002,469.5907677955375,470.25391271617167
mango_mdd,small,2013-12-31,2014Q4,5,DEFL,469.1225017735428,464.58321677069813,4.539285002844679,467.06163738391535,467.83587403731076,469.1429085128109,470.3103239238345,471.1418136828819
mango_mdd,small,2013-12-31,2015Q1,6,DEFL,469.5986188512916,464.5476847747226,5.0509340765689785,467.0378385554357,467.9868830183207,469.6466524279484,471.0993653147888,472.10575617780825
mango_mdd,small,2013-12-31,2015Q2,7,DEFL,470.08230004702745,465.0879418481692,4.994358198858265,467.01530664657264,468.1244870953204,470.1538557699985,471.9712707018125,473.10069814508097
mango_mdd,small,2013-12-31,2015Q3,8,DEFL,470.58068820777936,465.38555827648497,5.195129931294389,466.9473220262246,468.2679830811441,470.64599255620294,472.75611081199116,474.08264386710215
mango_mdd,small,2013-12-31,2013Q4,1,FFR,0.36013120649234465,0.08666666666666667,0.273464539825678,-0.9995750334687928,-0.44223586596832054,0.3720545300383219,1.1487044926342906,1.6829444833186604
mango_mdd,small,2013-12-31,2014Q1,2,FFR,0.6435778241737431,0.07333333333333335,0.5702444908404097,-1.4131775444793513,-0.6193653690295403,0.6315534683664786,1.931543639884744,2.7308278752656685
mango_mdd,small,2013-12-31,2014Q2,3,FFR,0.854964363214373,0.09333333333333334,0.7616310298810396,-1.6077596428444403,-0.7525234368812057,0.7966288290903769,2.4073402481114297,3.4507280970925667
mango_mdd,small,2013-12-31,2014Q3,4,FFR,1.0347499637634185,0.09000000000000001,0.9447499637634186,-1.8889816578925815,-0.754469717463381,1.0416101209324242,2.7655899708494887,4.066503763682091
mango_mdd,small,2013-12-31,2014Q4,5,FFR,1.2204646498890153,0.09999999999999999,1.1204646498890152,-2.117522398344355,-0.7246873033463328,1.1299287684322488,3.2115001786250694,4.6060711669205325
mango_mdd,small,2013-12-31,2015Q1,6,FFR,1.3523893570062866,0.11,1.2423893570062865,-2.282957531335631,-0.7914172459288535,1.3554284946079924,3.5974212650626165,5.010367583861319
mango_mdd,small,2013-12-31,2015Q2,7,FFR,1.4321350790345329,0.12333333333333334,1.3088017457011996,-2.409003991972483,-0.9360010691257367,1.4487676569863286,3.7917276807070186,5.349875469058308
mango_mdd,small,2013-12-31,2015Q3,8,FFR,1.5415881614630131,0.1366666666666667,1.4049214947963464,-2.5945016762831443,-1.1388826268350785,1.5423392740983912,4.004013539105965,5.7317947010244
mango_mdd,small,2013-12-31,2013Q4,1,GDP,967.770529808704,972.3927778506837,-4.622248041979674,966.4920856765459,966.9688099575343,967.7530167334917,968.5646402238226,969.1647487174243
mango_mdd,small,2013-12-31,2014Q1,2,GDP,968.5565072337317,972.0420537957549,-3.48554656202316,966.3422856561824,967.2292964285849,968.5477320123484,969.889065067188,970.7062212550754
mango_mdd,small,2013-12-31,2014Q2,3,GDP,969.2208032805287,973.318007678534,-4.09720439800526,966.453103373555,967.5170480529538,969.1868828741924,970.9380499773501,971.9855656865611
mango_mdd,small,2013-12-31,2014Q3,4,GDP,969.8388498342221,974.4762358890149,-4.637386054792842,966.4996535190055,967.8805794129256,969.8200729060651,971.84658507139,973.2296879680366
mango_mdd,small,2013-12-31,2014Q4,5,GDP,970.403181122509,974.9242243231641,-4.5210432006551855,966.4243817670647,968.0089330207772,970.3727713238461,972.802420355725,974.3344264663025
mango_mdd,small,2013-12-31,2015Q1,6,GDP,970.9670942096461,975.7342483786737,-4.767154169027549,966.5305552249437,968.3109180619208,970.9875462070208,973.6838042488965,975.4473061214811
mango_mdd,small,2013-12-31,2015Q2,7,GDP,971.5311442703004,976.31257427765,-4.781430007349627,966.6379199702442,968.4094720374985,971.4802328641424,974.6020176410922,976.6796707723746
mango_mdd,small,2013-12-31,2015Q3,8,GDP,972.051831187372,976.6354252252142,-4.583594037842204,966.6909099964486,968.7001398739318,971.9399596089763,975.3594587475526,977.5496793345966
mango_mdd,small,2014-03-31,2014Q1,1,DEFL,467.8623778148529,463.41657228293434,4.445805531918552,467.42719438381283,467.58966944947935,467.8697154803337,468.11921840880314,468.29909415798693
mango_mdd,small,2014-03-31,2014Q2,2,DEFL,468.2830902893804,463.9813129431631,4.301777346217307,467.5413660156694,467.8303497975464,468.2847397227684,468.74664121655,469.0254389949969
mango_mdd,small,2014-03-31,2014Q3,3,DEFL,468.75360195408854,464.4169720837101,4.336629870378431,467.60790722459745,468.0862935947194,468.76822101628983,469.40609098021287,469.8421636977859
mango_mdd,small,2014-03-31,2014Q4,4,DEFL,469.22584584850745,464.58321677069813,4.6426290778093176,467.66297805697207,468.29768927371146,469.24397734230854,470.10440535028204,470.77711804849775
mango_mdd,small,2014-03-31,2015Q1,5,DEFL,469.7309073239713,464.5476847747226,5.183222549248683,467.6709425804881,468.53486519170826,469.7572738293588,470.8688022829807,471.70706341622144
mango_mdd,small,2014-03-31,2015Q2,6,DEFL,470.25731673931824,465.0879418481692,5.169374891149062,467.70794186076625,468.7931415895949,470.29508047601746,471.73051355904033,472.70687593142327
mango_mdd,small,2014-03-31,2015Q3,7,DEFL,470.79582661844347,465.38555827648497,5.410268341958499,467.7037716271007,469.03106089156717,470.8256750484811,472.61129259336474,473.8578746744019
mango_mdd,small,2014-03-31,2015Q4,8,DEFL,471.3489028652198,465.37603301548563,5.972869849734195,467.64567776852846,469.2165164217076,471.3521024121809,473.53815042957297,475.0264119695607
mango_mdd,small,2014-03-31,2014Q1,1,FFR,0.4310525117167357,0.07333333333333335,0.35771917838340234,-0.8583987883439285,-0.3270858714878323,0.41905792994882496,1.227071622934939,1.7501685099832291
mango_mdd,small,2014-03-31,2014Q2,2,FFR,0.7140415951540272,0.09333333333333334,0.6207082618206938,-1.3879484037275354,-0.5254529081742491,0.7019889738883333,1.9772821584976652,2.8108924682355525
mango_mdd,small,2014-03-31,2014Q3,3,FFR,0.8275626098543234,0.09000000000000001,0.7375626098543234,-1.6786973554080558,-0.6652056758595936,0.7802718106648043,2.3872847812658122,3.453598480903428
mango_mdd,small,2014-03-31,2014Q4,4,FFR,0.9844551307289835,0.09999999999999999,0.8844551307289835,-1.9926024555303157,-0.843487229198879,0.9581048955679414,2.7523165606824596,3.9801294464856363
mango_mdd,small,2014-03-31,2015Q1,5,FFR,1.1856416873826148,0.11,1.0756416873826147,-2.18871809533666,-0.9030044072256084,1.130199531381225,3.258640029688264,4.685362062353377
mango_mdd,small,2014-03-31,2015Q2,6,FFR,1.3192427573211818,0.12333333333333334,1.1959094239878485,-2.4178901745417134,-0.9284426436289864,1.3447889360353567,3.635513781089779,5.032373124415152
mango_mdd,small,2014-03-31,2015Q3,7,FFR,1.382529677542347,0.1366666666666667,1.2458630108756803,-2.5879979503366974,-1.0975290391270696,1.3842663277950984,3.855098640003808,5.530330893973714
mango_mdd,small,2014-03-31,2015Q4,8,FFR,1.493770047557658,0.16,1.3337700475576582,-2.742551774439091,-1.167080057484612,1.4666934529534075,4.1138697486874465,5.669861088425995
mango_mdd,small,2014-03-31,2014Q1,1,GDP,968.4399369747066,972.0420537957549,-3.6021168210482983,967.21164860855,967.6817437712591,968.3996261988343,969.228559934787,969.8027293693907
mango_mdd,small,2014-03-31,2014Q2,2,GDP,969.1367319477268,973.318007678534,-4.181275730807101,967.0247774305172,967.8487593834645,969.1049561573467,970.46865717146,971.2506326634066
mango_mdd,small,2014-03-31,2014Q3,3,GDP,969.6960209052743,974.4762358890149,-4.7802149837406205,966.8939896795702,968.0558678066809,969.6888207324305,971.4007190876797,972.4969953731733
mango_mdd,small,2014-03-31,2014Q4,4,GDP,970.2577177459017,974.9242243231641,-4.666506577262453,966.8531440838875,968.2510115592323,970.1762030762657,972.3101693436972,973.6390467942789
mango_mdd,small,2014-03-31,2015Q1,5,GDP,970.7891993162838,975.7342483786737,-4.945049062389899,966.9252287301123,968.4699313713257,970.6435514268283,973.1921847376524,974.8137725441968
mango_mdd,small,2014-03-31,2015Q2,6,GDP,971.2824465985262,976.31257427765,-5.03012767912378,966.7620379571399,968.6152076594581,971.2143316704635,974.0061963396446,975.769766747236
mango_mdd,small,2014-03-31,2015Q3,7,GDP,971.7829778035124,976.6354252252142,-4.852447421701868,966.7321571933443,968.7569453243541,971.8240927866948,974.9256832504036,976.9042731053411
mango_mdd,small,2014-03-31,2015Q4,8,GDP,972.2514097187156,976.7815527534941,-4.530143034778462,966.8725846231616,968.8448709755739,972.2623745132148,975.5639508377543,977.8362385858763
mango_mdd,small,2014-06-30,2014Q2,1,DEFL,468.1404780872774,463.9813129431631,4.159165144114297,467.7007831159144,467.8686377791776,468.13398527066175,468.4137021228413,468.58991586454954
mango_mdd,small,2014-06-30,2014Q3,2,DEFL,468.52302092658505,464.4169720837101,4.106048842874941,467.7745517907741,468.057982375626,468.51437009153136,468.969532324532,469.27864056633786
mango_mdd,small,2014-06-30,2014Q4,3,DEFL,468.8717142290212,464.58321677069813,4.288497458323093,467.7486587866501,468.1734064545213,468.88153185591193,469.5191068114192,469.9603551332882
mango_mdd,small,2014-06-30,2015Q1,4,DEFL,469.211618612191,464.5476847747226,4.663933837468392,467.64908722242404,468.2657006454338,469.2360437257192,470.12373449015035,470.75968390421673
mango_mdd,small,2014-06-30,2015Q2,5,DEFL,469.576767454617,465.0879418481692,4.488825606447847,467.50335789924844,468.32331855672015,469.6352330940252,470.76203687886965,471.56873253249375
mango_mdd,small,2014-06-30,2015Q3,6,DEFL,469.9535445656314,465.38555827648497,4.567986289146404,467.35324412444663,468.4414391720198,470.02083983602654,471.4265804611793,472.4360391479682
mango_mdd,small,2014-06-30,2015Q4,7,DEFL,470.3415591723455,465.37603301548563,4.96552615685988,467.17179211468687,468.5149079920571,470.3758800830931,472.17195531395845,473.3525093755455
mango_mdd,small,2014-06-30,2016Q1,8,DEFL,470.7471556123767,465.29598498239403,5.4511706299826415,467.0525458522442,468.6231312850931,470.75418798254464,472.91148329924783,474.3178149546571
mango_mdd,small,2014-06-30,2014Q2,1,FFR,-0.09119251491592259,0.09333333333333334,-0.18452584824925594,-1.3928448091018237,-0.8722465790962589,-0.0891299300889299,0.6952840961121809,1.240894653906816
mango_mdd,small,2014-06-30,2014Q3,2,FFR,-0.2509606408592437,0.09000000000000001,-0.3409606408592437,-2.2942270774556293,-1.50270117600548,-0.25551368669824076,1.0519977649572319,1.7831141291823933
mango_mdd,small,2014-06-30,2014Q4,3,FFR,-0.23506109363685046,0.09999999999999999,-0.33506109363685044,-2.634091939428541,-1.8071401240403397,-0.25100078432228934,1.358266234417498,2.327220199885099
mango_mdd,small,2014-06-30,2015Q1,4,FFR,-0.11242654939963613,0.11,-0.22242654939963613,-3.096918797951572,-1.9040292089194695,-0.1031985354934675,1.6565439919600857,2.731809949449408
mango_mdd,small,2014-06-30,2015Q2,5,FFR,0.013606797943497074,0.12333333333333334,-0.10972653538983626,-3.3533506842348135,-2.0319364075845674,-0.03215942404470282,2.0173202400551546,3.4047129698682697
mango_mdd,small,2014-06-30,2015Q3,6,FFR,0.1107053610072279,0.1366666666666667,-0.025961305659438785,-3.7313730201159765,-2.144842478340313,0.1673057987040883,2.3350426783184006,3.937611083207867
mango_mdd,small,2014-06-30,2015Q4,7,FFR,0.22485646492991238,0.16,0.06485646492991237,-3.8876653176312375,-2.2331102514129353,0.25611739901595687,2.67630510411894,4.3138852529543765
mango_mdd,small,2014-06-30,2016Q1,8,FFR,0.36754782069799363,0.36000000000000004,0.00754782069799359,-4.116082668584096,-2.306983925232151,0.40062160114734424,2.974144087152239,4.724700392008751
mango_mdd,small,2014-06-30,2014Q2,1,GDP,967.2152494011254,973.318007678534,-6.102758277408498,965.9497607567703,966.4240733708175,967.1880408230022,968.036345330136,968.5970497718342
mango_mdd,small,2014-06-30,2014Q3,2,GDP,967.5574207213987,974.4762358890149,-6.918815167616231,965.3978290960657,966.2525100636755,967.5406978746564,968.8870031089248,969.7044604331905
mango_mdd,small,2014-06-30,2014Q4,3,GDP,968.0530403901939,974.9242243231641,-6.871183932970212,965.1478190068831,966.3450355516575,968.029124078691,969.8276929763588,970.8575139676606
mango_mdd,small,2014-06-30,2015Q1,4,GDP,968.6091636378461,975.7342483786737,-7.12508474082756,965.0388990574481,966.5787380425292,968.5909253773071,970.7416770282248,972.1120305371655
mango_mdd,small,2014-06-30,2015Q2,5,GDP,969.167992116783,976.31257427765,-7.144582160867003,964.974311972252,966.7146556549654,969.1386894058419,971.7078969990408,973.2286686980148
mango_mdd,small,2014-06-30,2015Q3,6,GDP,969.7190230669217,976.6354252252142,-6.916402158292499,964.9027564464175,966.9128761703819,969.7998703272792,972.4718049881839,974.352091847953
mango_mdd,small,2014-06-30,2015Q4,7,GDP,970.2787367492805,976.7815527534941,-6.502816004213628,965.0598050544896,967.0326770109996,970.4001672152716,973.3880683215242,975.2674741702334
mango_mdd,small,2014-06-30,2016Q1,8,GDP,970.794892487008,977.3690037449436,-6.574111257935556,965.2303544828608,967.2758149260607,970.8735030909713,974.2006963214382,976.2203765068447
mango_mdd,small,2014-09-30,2014Q3,1,DEFL,468.8845475831582,464.4169720837101,4.467575499448117,468.44068166358636,468.6132875705377,468.8886434146459,469.15882966333027,469.3292672739908
mango_mdd,small,2014-09-30,2014Q4,2,DEFL,469.3478321596902,464.58321677069813,4.76461538899207,468.5894058227856,468.8895340376716,469.3478642293927,469.80490176268756,470.09051149810307
mango_mdd,small,2014-09-30,2015Q1,3,DEFL,469.81952618698466,464.5476847747226,5.271841412262063,468.70883373904377,469.1319446647807,469.84080098391337,470.46223505913935,470.92398006483734
mango_mdd,small,2014-09-30,2015Q2,4,DEFL,470.3374280567215,465.0879418481692,5.249486208552298,468.79090492189516,469.3898493188519,470.34758840323695,471.25416624036876,471.85464955273494
mango_mdd,small,2014-09-30,2015Q3,5,DEFL,470.8668773002601,465.38555827648497,5.481319023775143,468.7808185838257,469.62284159298736,470.88734282385616,472.08629238503426,472.8320773197131
mango_mdd,small,2014-09-30,2015Q4,6,DEFL,471.41056777207746,465.37603301548563,6.034534756591825,468.80591644804,469.8432485655857,471.42131684104584,472.9587830904674,473.8874370700481
mango_mdd,small,2014-09-30,2016Q1,7,DEFL,471.9601916379198,465.29598498239403,6.664206655525788,468.82255308060763,470.0298631332371,471.9908764184505,473.83904549096326,474.9438858087205
mango_mdd,small,2014-09-30,2016Q2,8,DEFL,472.52467433737564,465.999922226677,6.524752110698671,468.828147670889,470.2710958555883,472.5314618626433,474.74116920250134,476.1243282243528
mango_mdd,small,2014-09-30,2014Q3,1,FFR,0.3263533619535203,0.09000000000000001,0.2363533619535203,-0.9708131377631972,-0.49197610856092,0.31390056468352,1.1234796405137557,1.6569128069312178
mango_mdd,small,2014-09-30,2014Q4,2,FFR,0.6025609904085675,0.09999999999999999,0.5025609904085675,-1.4039762303358163,-0.661709363622371,0.573845270854541,1.8893649894145743,2.7048848802118783
mango_mdd,small,2014-09-30,2015Q1,3,FFR,0.820168419525659,0.11,0.710168419525659,-1.6205230997967806,-0.6915812002447982,0.7929605270146012,2.375084109276936,3.418193218061208
mango_mdd,small,2014-09-30,2015Q2,4,FFR,0.9778014470027862,0.12333333333333334,0.8544681136694529,-1.969120064858583,-0.8118265053654338,0.9815607064167325,2.742537733102133,3.967881410508077
mango_mdd,small,2014-09-30,2015Q3,5,FFR,1.1621999229726296,0.1366666666666667,1.025533256305963,-2.2407866434138377,-0.8816477956432641,1.1822641577135427,3.1696076209301896,4.591449026413311
mango_mdd,small,2014-09-30,2015Q4,6,FFR,1.3049564478574809,0.16,1.144956447857481,-2.443975712457855,-0.9034981696291728,1.3095945576059613,3.5019074935465753,5.018857797958845
mango_mdd,small,2014-09-30,2016Q1,7,FFR,1.3866513675050223,0.36000000000000004,1.0266513675050222,-2.604055105199375,-1.075721998047912,1.4155648071838989,3.7965133266591806,5.378665734632463
mango_mdd,small,2014-09-30,2016Q2,8,FFR,1.481822445939471,0.37333333333333335,1.1084891126061378,-2.873397558649025,-1.2134464791301733,1.5488323483388666,4.081807100011607,5.748453298078106
mango_mdd,small,2014-09-30,2014Q3,1,GDP,968.7357653798713,974.4762358890149,-5.74047050914362,967.4418015845569,967.9447334216783,968.695287610431,969.5344263389272,970.1217860330415
mango_mdd,small,2014-09-30,2014Q4,2,GDP,969.4414788539724,974.9242243231641,-5.482745469191741,967.3138922058447,968.131731705406,969.431387313168,970.7553960515377,971.6070672106965
mango_mdd,small,2014-09-30,2015Q1,3,GDP,970.0212057598529,975.7342483786737,-5.713042618820737,967.1736010548188,968.328524359522,969.997564251895,971.707772903813,972.8841618175034
mango_mdd,small,2014-09-30,2015Q2,4,GDP,970.5667921628846,976.31257427765,-5.745782114765461,967.0646321593847,968.5537859744502,970.5584053362802,972.6447214208885,973.9155452867944
mango_mdd,small,2014-09-30,2015Q3,5,GDP,971.0625748991591,976.6354252252142,-5.572850326055118,967.1762981590233,968.6535572101824,971.0571663560017,973.4827981551268,974.9221322859078
mango_mdd,small,2014-09-30,2015Q4,6,GDP,971.5670880632144,976.7815527534941,-5.214464690279669,967.1333192326041,968.807147696547,971.5698372909399,974.2589190500422,975.9510769458334
mango_mdd,small,2014-09-30,2016Q1,7,GDP,972.0729652162915,977.3690037449436,-5.296038528652048,967.1631169205225,969.0117377938324,972.099204426893,975.2202472678945,977.0427526579489
mango_mdd,small,2014-09-30,2016Q2,8,GDP,972.5364862089144,977.6709362762499,-5.134450067335479,967.1062073003898,969.2205177621329,972.527466115967,976.002502267635,978.0618571440281
mango_mdd,small,2014-12-31,2014Q4,1,DEFL,469.179587011712,464.58321677069813,4.596370241013858,468.673248742763,468.86803296837553,469.1840583829853,469.4888845576387,469.69032558209483
mango_mdd,small,2014-12-31,2015Q1,2,DEFL,469.61315973191347,464.5476847747226,5.065474957190872,468.7924642165682,469.092926343987,469.6220505305418,470.11981390881186,470.4538255436579
mango_mdd,small,2014-12-31,2015Q2,3,DEFL,470.0665894691966,465.0879418481692,4.978647621027392,468.8546027908435,469.31365811582634,470.0775614513102,470.78752369040075,471.29186563731764
mango_mdd,small,2014-12-31,2015Q3,4,DEFL,470.5410222136694,465.38555827648497,5.155463937184436,468.8817084026223,469.5146416606697,470.5539431430162,471.49337797702987,472.1960987282341
mango_mdd,small,2014-12-31,2015Q4,5,DEFL,471.04333500001394,465.37603301548563,5.667301984528308,468.9798627927641,469.74873036850096,471.04132219851294,472.2934661777294,473.09071068392734
mango_mdd,small,2014-12-31,2016Q1,6,DEFL,471.55782612250493,465.29598498239403,6.261841140110903,468.9752229729197,470.0187722565557,471.555147492304,473.06388130305385,474.0698131473494
mango_mdd,small,2014-12-31,2016Q2,7,DEFL,472.0893914512503,465.999922226677,6.0894692245733495,469.0713135494298,470.26179620074276,472.06837716057316,473.8628977051411,475.11660958950876
mango_mdd,small,2014-12-31,2016Q3,8,DEFL,472.6392748007179,466.27690583674894,6.362368963968947,469.06723081172566,470.5193828242609,472.64420973572715,474.7383372109253,476.04029325071406
mango_mdd,small,2014-12-31,2014Q4,1,FFR,0.3364325950702487,0.09999999999999999,0.23643259507024872,-1.0241956510512384,-0.5050714664478094,0.32823982540164964,1.1596904506161378,1.7579391465951646
mango_mdd,small,2014-12-31,2015Q1,2,FFR,0.5527213249255224,0.11,0.4427213249255224,-1.48684430529899,-0.7058583255294331,0.5488416183511269,1.8286986030988364,2.6750915325252027
mango_mdd,small,2014-12-31,2015Q2,3,FFR,0.7675154248603387,0.12333333333333334,0.6441820915270055,-1.7113624132388816,-0.7453190618139149,0.7281927196502681,2.330490156970124,3.427008253391531
mango_mdd,small,2014-12-31,2015Q3,4,FFR,0.97706701610324,0.1366666666666667,0.8404003494365733,-1.824055550048851,-0.845654076754707,0.9744978784318997,2.7086092002580577,3.9040001424803705
mango_mdd,small,2014-12-31,2015Q4,5,FFR,1.1828673283584448,0.16,1.0228673283584448,-2.063678619726972,-0.7858585921968828,1.1521460816568423,3.1552211665667094,4.588605581370279
mango_mdd,small,2014-12-31,2016Q1,6,FFR,1.3356347856199073,0.36000000000000004,0.9756347856199072,-2.253389363096918,-0.8969508900530815,1.3188621483935714,3.540918184176519,5.043827636070428
mango_mdd,small,2014-12-31,2016Q2,7,FFR,1.4600429670512205,0.37333333333333335,1.0867096337178872,-2.4066417600769165,-0.9749154173065361,1.4553420721555534,3.834177637429849,5.521924204180157
mango_mdd,small,2014-12-31,2016Q3,8,FFR,1.6027124247379367,0.39666666666666667,1.20604575807127,-2.626474325094216,-0.9899055849692006,1.6900864559120796,4.048611623331929,5.751942809360379
mango_mdd,small,2014-12-31,2014Q4,1,GDP,970.2183827176397,974.9242243231641,-4.705841605524483,968.8690093961151,969.388176450984,970.1935400141624,971.0701795463611,971.6663290402427
mango_mdd,small,2014-12-31,2015Q1,2,GDP,971.1367672696488,975.7342483786737,-4.597481109024898,968.9657553966089,969.8374776087206,971.1483232760322,972.4643200670926,973.2871386428116
mango_mdd,small,2014-12-31,2015Q2,3,GDP,972.0290224872441,976.31257427765,-4.283551790405909,969.2210120325357,970.2684851393172,972.0185854996541,973.7620327196396,974.7394905217702
mango_mdd,small,2014-12-31,2015Q3,4,GDP,972.8977745332825,976.6354252252142,-3.7376506919317762,969.458880193486,970.8334887672073,972.858918159233,974.8903725513765,976.2738406068348
mango_mdd,small,2014-12-31,2015Q4,5,GDP,973.7124867121446,976.7815527534941,-3.069066041349515,969.7199515036347,971.3631828025557,973.6800095740639,976.0874383107067,977.6885261301516
mango_mdd,small,2014-12-31,2016Q1,6,GDP,974.5219048263131,977.3690037449436,-2.847098918630536,970.0669415911163,971.8218592115031,974.4934128407565,977.1611249239882,979.0820738753548
mango_mdd,small,2014-12-31,2016Q2,7,GDP,975.3353093005954,977.6709362762499,-2.3356269756544634,970.4510995720099,972.3113765604734,975.3420244777748,978.3679789916714,980.3916329260383
mango_mdd,small,2014-12-31,2016Q3,8,GDP,976.1020626333075,978.270252164766,-2.1681895314585518,970.8888447542848,972.8293589275871,976.0704739193045,979.2686898656996,981.5036150417408
mango_mdd,small,2015-03-31,2015Q1,1,DEFL,469.07400860371325,464.5476847747226,4.526323828990655,468.6355294326594,468.79237727023894,469.0720461346021,469.3431163479586,469.5211871026337
mango_mdd,small,2015-03-31,2015Q2,2,DEFL,469.3681924589406,465.0879418481692,4.280250610771418,468.611760562187,468.8934474317435,469.3649571351383,469.8307435849161,470.12970623300606
mango_mdd,small,2015-03-31,2015Q3,3,DEFL,469.6549467930291,465.38555827648497,4.269388516544154,468.52656339402506,468.9568985685264,469.6499458667407,470.3056950011269,470.79803353133684
mango_mdd,small,2015-03-31,2015Q4,4,DEFL,469.95011657947276,465.37603301548563,4.574083563987131,468.43172114890376,468.98556204949296,469.9744439768965,470.86235410164323,471.49006659167895
mango_mdd,small,2015-03-31,2016Q1,5,DEFL,470.2859921703501,465.29598498239403,4.990007187956053,468.2426392083661,469.0277915088549,470.3386633161249,471.49298229866224,472.2688859065583
mango_mdd,small,2015-03-31,2016Q2,6,DEFL,470.6378362070275,465.999922226677,4.637913980350504,468.1001029238164,469.1085452232154,470.6979317601583,472.16121614808685,473.07231697456996
mango_mdd,small,2015-03-31,2016Q3,7,DEFL,471.0049925928087,466.27690583674894,4.728086756059781,467.9275226861489,469.1516236040128,471.04093734568,472.8481782278768,473.8944365586677
mango_mdd,small,2015-03-31,2016Q4,8,DEFL,471.3919752382579,466.8022911971153,4.5896840411425615,467.67279857459454,469.22218966864074,471.44059371386675,473.57095862826014,474.8173342720465
mango_mdd,small,2015-03-31,2015Q1,1,FFR,0.22888962108770936,0.11,0.11888962108770935,-1.0703242016866965,-0.5551790941084732,0.22170027394866176,1.0389770895486725,1.607234276607594
mango_mdd,small,2015-03-31,2015Q2,2,FFR,0.2826311473525282,0.12333333333333334,0.15929781401919485,-1.7609044607937259,-0.9723652938467209,0.2562384309180887,1.5467128329539361,2.3565122026864804
mango_mdd,small,2015-03-31,2015Q3,3,FFR,0.36567891656276125,0.1366666666666667,0.22901224989609456,-2.113938532826168,-1.1351697781931167,0.33583044905070014,1.9095252304142303,2.961327563911793
mango_mdd,small,2015-03-31,2015Q4,4,FFR,0.4990243446298676,0.16,0.33902434462986764,-2.472536209896576,-1.2869388947057703,0.4986485763540241,2.257268809484189,3.402742365239039
mango_mdd,small,2015-03-31,2016Q1,5,FFR,0.6193738463139035,0.36000000000000004,0.2593738463139034,-2.669574907325074,-1.3952885135552129,0.5740771009827994,2.5789440441086477,4.008696481273192
mango_mdd,small,2015-03-31,2016Q2,6,FFR,0.6940682982143629,0.37333333333333335,0.32073496488102954,-2.992923395720117,-1.5446755828111753,0.7277098008986176,2.8884919128961912,4.299404253713606
mango_mdd,small,2015-03-31,2016Q3,7,FFR,0.7433445659226032,0.39666666666666667,0.34667789925593656,-3.274250402783251,-1.674929761271881,0.8084949293497485,3.0602611537554005,4.620897856721761
mango_mdd,small,2015-03-31,2016Q4,8,FFR,0.8238482329836453,0.45,0.3738482329836453,-3.495249617186478,-1.784302884534621,0.9290242123387749,3.2964325484730597,5.019956801067553
mango_mdd,small,2015-03-31,2015Q1,1,GDP,970.4920024032991,975.7342483786737,-5.242245975374544,969.1896534256047,969.6856521098575,970.4551787672679,971.3047410833176,971.8531769859155
mango_mdd,small,2015-03-31,2015Q2,2,GDP,971.1385414391068,976.31257427765,-5.174032838543212,969.0264996896499,969.8352343655678,971.131890245324,972.4677300407637,973.3033981751026
mango_mdd,small,2015-03-31,2015Q3,3,GDP,971.7970892728798,976.6354252252142,-4.8383359523344325,969.0839331507063,970.03733144236,971.8082768086198,973.4820999703388,974.6028802270265
mango_mdd,small,2015-03-31,2015Q4,4,GDP,972.4435085979128,976.7815527534941,-4.338044155581315,969.1197225022012,970.3872263558545,972.429495334831,974.4450180530052,975.7995294681624
mango_mdd,small,2015-03-31,2016Q1,5,GDP,973.0336349106248,977.3690037449436,-4.335368834318842,969.0792904160775,970.6653597411489,973.0080803927242,975.4659487924724,976.9475540758469
mango_mdd,small,2015-03-31,2016Q2,6,GDP,973.6136948153569,977.6709362762499,-4.05724146089301,969.0759447866441,970.9712500114689,973.5963907143746,976.3223105482256,978.0788852138567
mango_mdd,small,2015-03-31,2016Q3,7,GDP,974.1973017363999,978.270252164766,-4.0729504283660845,969.0888166351625,971.2544260434814,974.1155579301453,977.2298146352031,979.3097400449894
mango_mdd,small,2015-03-31,2016Q4,8,GDP,974.735205326977,978.7659105426385,-4.030705215661442,969.2205318535865,971.5051016774709,974.6923665742167,978.0608313463887,980.1974496161655
mango_mdd,small,2015-06-30,2015Q2,1,DEFL,468.98262061678105,465.0879418481692,3.8946787686118682,468.55933857030885,468.7057222709635,468.98677618413456,469.2429225881388,469.4147672556148
mango_mdd,small,2015-06-30,2015Q3,2,DEFL,469.15081815271344,465.38555827648497,3.7652598762284697,468.39329295478205,468.68789124228425,469.1489128378814,469.60134100339275,469.8965363226661
mango_mdd,small,2015-06-30,2015Q4,3,DEFL,469.2830765570211,465.37603301548563,3.9070435415354723,468.1694019873694,468.61076810944536,469.30176154826415,469.93382562516365,470.4113722816699
mango_mdd,small,2015-06-30,2016Q1,4,DEFL,469.42661910884,465.29598498239403,4.130634126445955,467.86774984563976,468.4892660121072,469.4509982174312,470.3033496991805,470.95970944917076
mango_mdd,small,2015-06-30,2016Q2,5,DEFL,469.6080187014133,465.999922226677,3.608096474736328,467.6013304496672,468.3450444796469,469.6441524681095,470.76423020575885,471.61476037068707
mango_mdd,small,2015-06-30,2016Q3,6,DEFL,469.80647831089914,466.27690583674894,3.5295724741502,467.30387088896816,468.24030205080925,469.88751091112573,471.273974458735,472.2942824750589
mango_mdd,small,2015-06-30,2016Q4,7,DEFL,470.02528119518126,466.8022911971153,3.222989998065941,466.98817165461594,468.13314946771345,470.1234240321058,471.83063228263643,473.0559253767629
mango_mdd,small,2015-06-30,2017Q1,8,DEFL,470.26841995326174,467.31839116014726,2.950028793114484,466.6414783621547,468.1054437708211,470.35373905792494,472.4579783863678,473.9007944469613
mango_mdd,small,2015-06-30,2015Q2,1,FFR,-0.18688023775896448,0.12333333333333334,-0.3102135710922978,-1.4468589545958601,-0.9710037685306925,-0.18896714671988715,0.5907420077591444,1.1003385042713887
mango_mdd,small,2015-06-30,2015Q3,2,FFR,-0.4284651517218532,0.1366666666666667,-0.5651318183885199,-2.404090584417921,-1.7035872714478768,-0.4475951919959469,0.8289813294650232,1.6649779503657662
mango_mdd,small,2015-06-30,2015Q4,3,FFR,-0.38737217805093366,0.16,-0.5473721780509336,-2.8262179157420726,-1.8953691008153277,-0.39422065462677197,1.1032158280337612,2.1459247055472925
mango_mdd,small,2015-06-30,2016Q1,4,FFR,-0.2915291206478601,0.36000000000000004,-0.6515291206478602,-3.184068424487238,-2.067408165730288,-0.2726494076152467,1.4932851917862036,2.56766996331706
mango_mdd,small,2015-06-30,2016Q2,5,FFR,-0.24578738583797616,0.37333333333333335,-0.6191207191713095,-3.5659803008933926,-2.206020942859616,-0.2745369368686756,1.756547165482789,3.0764878343823945
mango_mdd,small,2015-06-30,2016Q3,6,FFR,-0.19868513006437388,0.39666666666666667,-0.5953517967310406,-3.9203803188049218,-2.4195509356456686,-0.21348213886917944,2.0246737644179644,3.541590068484964
mango_mdd,small,2015-06-30,2016Q4,7,FFR,-0.13618545552518327,0.45,-0.5861854555251833,-4.185855464470421,-2.5726984875203973,-0.11650089522138052,2.2914259677930446,3.824627857693198
mango_mdd,small,2015-06-30,2017Q1,8,FFR,-0.048501091126177,0.7000000000000001,-0.748501091126177,-4.5275358823064105,-2.558576707760639,-0.04846836003177446,2.5213131962542943,4.076163433750633
mango_mdd,small,2015-06-30,2015Q2,1,GDP,970.149703039757,976.31257427765,-6.162871237893,968.9163509980024,969.3632857014416,970.1208418252794,970.9549880393074,971.5012564122046
mango_mdd,small,2015-06-30,2015Q3,2,GDP,970.6176661139874,976.6354252252142,-6.017759111226837,968.5211887745634,969.3326785087821,970.6043900810488,971.9708107638334,972.7223224494162
mango_mdd,small,2015-06-30,2015Q4,3,GDP,971.2534842724037,976.7815527534941,-5.528068481090372,968.5319725341055,969.573928541155,971.2562489356261,973.0221066810863,973.9817040898223
mango_mdd,small,2015-06-30,2016Q1,4,GDP,971.9155347117454,977.3690037449436,-5.453469033198189,968.494320236118,969.9104895771701,971.8953451614075,974.0098358141923,975.248583987619
mango_mdd,small,2015-06-30,2016Q2,5,GDP,972.5324535863185,977.6709362762499,-5.138482689931379,968.5668065588394,970.1846449364058,972.5985543152328,974.9053095496947,976.4455068792066
mango_mdd,small,2015-06-30,2016Q3,6,GDP,973.1437965602385,978.270252164766,-5.126455604527564,968.6636984131494,970.5043457754775,973.1600884761849,975.8703504613536,977.5783398185366
mango_mdd,small,2015-06-30,2016Q4,7,GDP,973.7514670819555,978.7659105426385,-5.014443460682969,968.7913462487415,970.7071635585445,973.7660099148699,976.770598391953,978.8746287469681
mango_mdd,small,2015-06-30,2017Q1,8,GDP,974.3062980514471,979.1946532403157,-4.888355188868559,968.8369106997806,971.1316162621566,974.408297040395,977.523676999688,979.8856280121641
mango_mdd,small,2015-09-30,2015Q3,1,DEFL,470.12212380445254,465.38555827648497,4.736565527967571,469.68683841731814,469.85364616457724,470.12129179241083,470.37839291122606,470.56275053299396
mango_mdd,small,2015-09-30,2015Q4,2,DEFL,470.45937529302114,465.37603301548563,5.0833422775355075,469.7201735364983,470.01262218174435,470.4489052386663,470.92084580262843,471.22597482142834
mango_mdd,small,2015-09-30,2016Q1,3,DEFL,470.8121172934917,465.29598498239403,5.516132311097692,469.7397466562779,470.1478219671999,470.80833144752233,471.46866111998753,471.9180382484789
mango_mdd,small,2015-09-30,2016Q2,4,DEFL,471.2708891553721,465.999922226677,5.270966928695145,469.807780368345,470.3696954068933,471.2949129081951,472.15202994009627,472.79033266693096
mango_mdd,small,2015-09-30,2016Q3,5,DEFL,471.73030587069985,466.27690583674894,5.453400033950913,469.8226504801564,470.53182418066666,471.72386649283214,472.92164561848375,473.6419348596915
mango_mdd,small,2015-09-30,2016Q4,6,DEFL,472.21131129285783,466.8022911971153,5.409020095742505,469.76924305297393,470.718641747602,472.20130213909283,473.7645424139616,474.6311604843587
mango_mdd,small,2015-09-30,2017Q1,7,DEFL,472.70443973924426,467.31839116014726,5.386048579097007,469.7177563459511,470.92190886500305,472.7137818720403,474.6224628382576,475.63927614379514
mango_mdd,small,2015-09-30,2017Q2,8,DEFL,473.21777587751535,467.62901269911987,5.588763178395482,469.6870610190636,471.1284544346697,473.1827316382289,475.4449027408191,476.72403426451245
mango_mdd,small,2015-09-30,2015Q3,1,FFR,0.28839611841960244,0.1366666666666667,0.15172945175293576,-0.9623067785492956,-0.46990628864441514,0.28268604767727684,1.0406731088446057,1.5607863449533228
mango_mdd,small,2015-09-30,2015Q4,2,FFR,0.7474517477152092,0.16,0.5874517477152091,-1.2666197904685148,-0.5167268369087128,0.7377283399867708,2.0020667900359967,2.8093502058280246
mango_mdd,small,2015-09-30,2016Q1,3,FFR,1.0268951956635155,0.36000000000000004,0.6668951956635154,-1.449152606048049,-0.5311811286109459,0.9986361617867374,2.557904483810966,3.574899694727217
mango_mdd,small,2015-09-30,2016Q2,4,FFR,1.021895378689247,0.37333333333333335,0.6485620453559138,-1.9114285545699474,-0.8058349680654461,1.0536261882844298,2.8147483287151593,3.9288324449124614
mango_mdd,small,2015-09-30,2016Q3,5,FFR,1.1131746970605854,0.39666666666666667,0.7165080303939186,-2.332375035140855,-1.023677910394703,1.0903204140295455,3.2118685993869187,4.61954940800302
mango_mdd,small,2015-09-30,2016Q4,6,FFR,1.27532838467271,0.45,0.82532838467271,-2.6440516295036187,-1.1431587257185216,1.3105322552980045,3.5354822633288445,5.192278712653352
mango_mdd,small,2015-09-30,2017Q1,7,FFR,1.3228000634555133,0.7000000000000001,0.6228000634555132,-3.0302773898546462,-1.2101194753463527,1.337737464406217,3.8574913965041775,5.431903257122405
mango_mdd,small,2015-09-30,2017Q2,8,FFR,1.3426682490297943,0.9500000000000001,0.39266824902979425,-3.282894362830993,-1.4285122467597222,1.406577505236525,4.061079412551169,5.8002454074056695
mango_mdd,small,2015-09-30,2015Q3,1,GDP,970.8685750242919,976.6354252252142,-5.766850200922363,969.597843983158,970.0768565485945,970.8396386008819,971.6478866754971,972.2330292994844
mango_mdd,small,2015-09-30,2015Q4,2,GDP,971.7315668800217,976.7815527534941,-5.049985873472451,969.5730433082107,970.4242016380791,971.7229381700056,973.0563239363806,973.9499932384086
mango_mdd,small,2015-09-30,2016Q1,3,GDP,972.333747947452,977.3690037449436,-5.035255797491573,969.4750736633596,970.577702033042,972.35460354198,974.055662040401,975.1322108395102
mango_mdd,small,2015-09-30,2016Q2,4,GDP,972.8146652590024,977.6709362762499,-4.856271017247536,969.3899746928361,970.7518827985543,972.8072994414159,974.8805079301843,976.2819205289719
mango_mdd,small,2015-09-30,2016Q3,5,GDP,973.2894364047211,978.270252164766,-4.980815760044948,969.2371706309325,970.848743371833,973.2959621031941,975.6748659839109,977.343716679253
mango_mdd,small,2015-09-30,2016Q4,6,GDP,973.8030388211666,978.7659105426385,-4.962871721471856,969.2068897948388,971.0850628030561,973.8124087708709,976.4528871144604,978.4075514452879
mango_mdd,small,2015-09-30,2017Q1,7,GDP,974.2879055482816,979.1946532403157,-4.90674769203406,969.2657268346866,971.2296047525274,974.3651339683108,977.3998138147447,979.1522562369167
mango_mdd,small,2015-09-30,2017Q2,8,GDP,974.7378539690181,979.6971814310028,-4.959327461984685,969.2277640468988,971.4091408937105,974.7444236322285,977.9554740749744,980.257004770014
mango_mdd,small,2015-12-31,2015Q4,1,DEFL,470.37839182270903,465.37603301548563,5.002358807223402,469.94388547642546,470.1046339778894,470.3798466884639,470.6457486082925,470.81635244402975
mango_mdd,small,2015-12-31,2016Q1,2,DEFL,470.7266168898245,465.29598498239403,5.430631907430495,469.96732213516606,470.26873378246864,470.7276950742186,471.18357904290514,471.48952483431157
mango_mdd,small,2015-12-31,2016Q2,3,DEFL,471.1231733460803,465.999922226677,5.123251119403335,469.9957559599471,470.4313816467304,471.13073282626743,471.8066321023194,472.25258090199054
mango_mdd,small,2015-12-31,2016Q3,4,DEFL,471.5114328867083,466.27690583674894,5.234527049959354,469.96566680939037,470.5673270773695,471.5350665283258,472.43450783724575,473.06116400119777
mango_mdd,small,2015-12-31,2016Q4,5,DEFL,471.9263073401523,466.8022911971153,5.124016143036954,469.8409328571177,470.6780012074214,471.9786757531898,473.13139173329006,473.91436997552944
mango_mdd,small,2015-12-31,2017Q1,6,DEFL,472.35447334276375,467.31839116014726,5.0360821826164965,469.7336883840712,470.79086705641834,472.40472610421944,473.8753260409717,474.84961827298946
mango_mdd,small,2015-12-31,2017Q2,7,DEFL,472.79254388667414,467.62901269911987,5.16353118755427,469.59323977924805,470.8926291116687,472.8498429410097,474.60628255003604,475.8523772035266
mango_mdd,small,2015-12-31,2017Q3,8,DEFL,473.24528992910706,468.12975463756425,5.1155352915428125,469.48083471933046,470.966602066403,473.2659028215717,475.41317020207487,476.86909193338704
mango_mdd,small,2015-12-31,2015Q4,1,FFR,0.42962464993169275,0.16,0.2696246499316928,-0.8441551081258065,-0.3592252092149076,0.4288348773313619,1.1931698544813303,1.7204179642418445
mango_mdd,small,2015-12-31,2016Q1,2,FFR,0.6031981105002955,0.36000000000000004,0.24319811050029544,-1.4487770880633697,-0.6688463482611319,0.5853065799475479,1.880788744440085,2.701141045667323
mango_mdd,small,2015-12-31,2016Q2,3,FFR,0.6461001654469135,0.37333333333333335,0.27276683211358016,-1.8439327896359439,-0.8491845043618038,0.6358591584034543,2.1567830862798676,3.165937694312818
mango_mdd,small,2015-12-31,2016Q3,4,FFR,0.7625589433616764,0.39666666666666667,0.36589227669500973,-2.1193952390649766,-1.0483676999937186,0.8008875524099082,2.5230091259062264,3.6625238089849854
mango_mdd,small,2015-12-31,2016Q4,5,FFR,0.9242685182009271,0.45,0.47426851820092714,-2.437917911795269,-1.0831948349781355,0.8454987645740628,2.9918645214782202,4.29556031976089
mango_mdd,small,2015-12-31,2017Q1,6,FFR,1.0085122374075934,0.7000000000000001,0.30851223740759337,-2.7689086203803264,-1.2439271329757107,1.006244134714114,3.294230373222394,4.766571527514637
mango_mdd,small,2015-12-31,2017Q2,7,FFR,1.0322719039466954,0.9500000000000001,0.08227190394669537,-3.0614037008365576,-1.3876464608933148,1.0324405807012649,3.481763893991811,5.156695156281239
mango_mdd,small,2015-12-31,2017Q3,8,FFR,1.1099825016005542,1.1533333333333333,-0.043350831732779094,-3.1242711255931166,-1.4680860264756452,1.0967676094422796,3.695154899894419,5.347829028161179
mango_mdd,small,2015-12-31,2015Q4,1,GDP,971.2910671367631,976.7815527534941,-5.490485616731007,970.0394958831477,970.5299234844554,971.2655432099959,972.0633525005876,972.6660684326022
mango_mdd,small,2015-12-31,2016Q1,2,GDP,971.8984833711853,977.3690037449436,-5.470520373758291,969.8220673015123,970.6097137927811,971.8707510969864,973.1872262499816,973.9761520448551
mango_mdd,small,2015-12-31,2016Q2,3,GDP,972.4221174102678,977.6709362762499,-5.248818865982116,969.698515385646,970.796249950041,972.3930902580253,974.1684200156789,975.1446959853498
mango_mdd,small,2015-12-31,2016Q3,4,GDP,972.973415948986,978.270252164766,-5.29683621577999,969.6944156423535,970.9988889891277,972.9104494506371,975.0230106955948,976.3004752478934
mango_mdd,small,2015-12-31,2016Q4,5,GDP,973.5078337716523,978.7659105426385,-5.258076770986236,969.7184862769493,971.1772212426747,973.4236418463361,975.9563381375971,977.3924694297341
mango_mdd,small,2015-12-31,2017Q1,6,GDP,974.0240583336745,979.1946532403157,-5.170594906641213,969.625236444815,971.4636002012226,974.0002909209672,976.7055719652335,978.3311675441628
mango_mdd,small,2015-12-31,2017Q2,7,GDP,974.5479563921314,979.6971814310028,-5.149225038871464,969.6146826832055,971.6565210023795,974.5355171312956,977.5636984636095,979.3319149361333
mango_mdd,small,2015-12-31,2017Q3,8,GDP,975.0327990800565,980.5212652288033,-5.488466148746738,969.713891347805,971.8563127421407,975.0265609824253,978.1977200736906,980.2634916404083
mango_mdd,small,2016-03-31,2016Q1,1,DEFL,470.6174435360668,465.29598498239403,5.321458553672755,470.1754533657789,470.33594171700804,470.6197464379997,470.88394646152693,471.05759845405356
mango_mdd,small,2016-03-31,2016Q2,2,DEFL,470.96895222357443,465.999922226677,4.969029996897461,470.2137835579394,470.4969839011631,470.9794274545611,471.42988919162883,471.73682473358514
mango_mdd,small,2016-03-31,2016Q3,3,DEFL,471.30078073787024,466.27690583674894,5.023874901121303,470.17961861609643,470.59203144301966,471.3178309142469,471.97305506405723,472.40528061239996
mango_mdd,small,2016-03-31,2016Q4,4,DEFL,471.6499248579399,466.8022911971153,4.847633660824556,470.09500063224965,470.6986296570034,471.65194598427615,472.56254107451286,473.17069368226936
mango_mdd,small,2016-03-31,2017Q1,5,DEFL,472.02967452712414,467.31839116014726,4.711283366976886,469.9791547877841,470.79533923269844,472.0786590561813,473.22916061908205,474.0301628451754
mango_mdd,small,2016-03-31,2017Q2,6,DEFL,472.42793000387763,467.62901269911987,4.798917304757765,469.8723297614996,470.8907864326593,472.45400942958065,473.9665190572062,474.92650538211234
mango_mdd,small,2016-03-31,2017Q3,7,DEFL,472.8428033519232,468.12975463756425,4.7130487143589335,469.6902484396835,470.9635873769175,472.8708668994117,474.70847026040394,475.817317356982
mango_mdd,small,2016-03-31,2017Q4,8,DEFL,473.28368960291414,468.81593179181164,4.467757811102501,469.55466220850843,471.0774253071007,473.32405729879315,475.50314607728774,476.8010177458363
mango_mdd,small,2016-03-31,2016Q1,1,FFR,0.18607746803699088,0.36000000000000004,-0.17392253196300916,-1.1160896153226265,-0.6137998564240217,0.1779023681641692,0.9675992030855329,1.5307307645191603
mango_mdd,small,2016-03-31,2016Q2,2,FFR,0.16880533109177015,0.37333333333333335,-0.2045280022415632,-1.8565590204129394,-1.0694971630869194,0.17008894712623737,1.4190485120850789,2.194165087622548
mango_mdd,small,2016-03-31,2016Q3,3,FFR,0.254458112595885,0.39666666666666667,-0.14220855407078165,-2.1939660212436443,-1.2421184442495448,0.20011547747140607,1.7617586677057835,2.84121790165898
mango_mdd,small,2016-03-31,2016Q4,4,FFR,0.41528793523231883,0.45,-0.03471206476768118,-2.415286804236809,-1.366353988365374,0.42059549957886083,2.217743348366311,3.321621193002679
mango_mdd,small,2016-03-31,2017Q1,5,FFR,0.5735399097164118,0.7000000000000001,-0.1264600902835883,-2.6765765465598044,-1.4340059329878887,0.5583211758415116,2.5904953936347455,3.9648458915698956
mango_mdd,small,2016-03-31,2017Q2,6,FFR,0.6881880864807716,0.9500000000000001,-0.2618119135192285,-2.9796223948611678,-1.5465140796555679,0.6647194044216734,2.8685282927542985,4.455676312501651
mango_mdd,small,2016-03-31,2017Q3,7,FFR,0.7881931668806332,1.1533333333333333,-0.3651401664527001,-3.1497683333701927,-1.6279923702274117,0.8448965819168691,3.1275843096549236,4.913940983686539
mango_mdd,small,2016-03-31,2017Q4,8,FFR,0.9334815074566345,1.2033333333333334,-0.26985182587669887,-3.3197230642950615,-1.5889978796193738,0.9378663275138134,3.4229528849416586,5.203391891378411
mango_mdd,small,2016-03-31,2016Q1,1,GDP,971.5176185144571,977.3690037449436,-5.851385230486471,970.2670044624001,970.7411328565286,971.4802137433926,972.3182529535244,972.8968395070174
mango_mdd,small,2016-03-31,2016Q2,2,GDP,972.1476749247481,977.6709362762499,-5.523261351501787,970.0350576634245,970.8354054058416,972.0984297883942,973.4543733435696,974.3108592065585
mango_mdd,small,2016-03-31,2016Q3,3,GDP,972.8289575751883,978.270252164766,-5.441294589577751,970.0585900611862,971.0955107112437,972.7868585264683,974.5359956837497,975.5996878304826
mango_mdd,small,2016-03-31,2016Q4,4,GDP,973.5524055524828,978.7659105426385,-5.213504990155684,970.0990848266099,971.4553315715596,973.5475444167729,975.6823523570808,977.0332348615718
mango_mdd,small,2016-03-31,2017Q1,5,GDP,974.241206085962,979.1946532403157,-4.953447154353739,970.2485826796598,971.8357341844254,974.1997369615581,976.6890012059193,978.1839340894641
mango_mdd,small,2016-03-31,2017Q2,6,GDP,974.9318391519485,979.6971814310028,-4.76534227905438,970.4469121817709,972.2554068672802,974.9088360629264,977.6552165107607,979.3589184730783
mango_mdd,small,2016-03-31,2017Q3,7,GDP,975.6168472010755,980.5212652288033,-4.904418027727729,970.4247092874483,972.540064478562,975.6445090456655,978.6367826944071,980.6766439239968
mango_mdd,small,2016-03-31,2017Q4,8,GDP,976.2675703970934,981.5219022023681,-5.25433180527466,970.4837400931588,972.896849114322,976.2438371875642,979.4973466862166,981.7292287740121
mango_mdd,small,2016-06-30,2016Q2,1,DEFL,470.6770942887663,465.999922226677,4.677172062089312,470.2488572482139,470.4032678518826,470.67997511753214,470.9486363139746,471.1176495535774
mango_mdd,small,2016-06-30,2016Q3,2,DEFL,470.92835392985006,466.27690583674894,4.6514480931011235,470.18543961080405,470.46137042336363,470.93224833018326,471.38338850394376,471.68507139609073
mango_mdd,small,2016-06-30,2016Q4,3,DEFL,471.1685841498845,466.8022911971153,4.366292952769186,470.0186629625207,470.47344590832944,471.1944019759966,471.8339559400631,472.284752710482
mango_mdd,small,2016-06-30,2017Q1,4,DEFL,471.42562303946244,467.31839116014726,4.107231879315179,469.82944069570704,470.46916371244856,471.4502500703013,472.3279408245241,472.95514870395726
mango_mdd,small,2016-06-30,2017Q2,5,DEFL,471.71283629593853,467.62901269911987,4.083823596818661,469.63202836159434,470.4568595264862,471.75621811310623,472.8954191500232,473.69239730702185
mango_mdd,small,2016-06-30,2017Q3,6,DEFL,472.01460057888903,468.12975463756425,3.884845941324784,469.3738442626848,470.4207432863668,472.0849040148316,473.5440079104571,474.5066949762015
mango_mdd,small,2016-06-30,2017Q4,7,DEFL,472.3381075641183,468.81593179181164,3.522175772306639,469.068762661331,470.4192693233522,472.41839465661553,474.1870017802327,475.3333379728308
mango_mdd,small,2016-06-30,2018Q1,8,DEFL,472.68910745938064,469.4279361059867,3.2611713533939337,468.77479513200626,470.4616815236314,472.77827415191234,474.85186009839003,476.2398436403088
mango_mdd,small,2016-06-30,2016Q2,1,FFR,0.17482875707785953,0.37333333333333335,-0.19850457625547382,-1.0972175165110412,-0.608845860229755,0.16921455048090012,0.9635489115207428,1.5205220512487394
mango_mdd,small,2016-06-30,2016Q3,2,FFR,-0.013956199074521045,0.39666666666666667,-0.4106228657411877,-2.091767046812629,-1.2282550366275882,-0.020824326965246262,1.2453494009659491,2.0766546711213416
mango_mdd,small,2016-06-30,2016Q4,3,FFR,0.015590578924823717,0.45,-0.43440942107517627,-2.4523958835600523,-1.4816313020673928,0.004925046866668004,1.4866353838170847,2.5977636349143567
mango_mdd,small,2016-06-30,2017Q1,4,FFR,0.11916342283689138,0.7000000000000001,-0.5808365771631087,-2.7992526032517433,-1.6759525574880225,0.16032607162730456,1.8940726876057445,3.0207239661626364
mango_mdd,small,2016-06-30,2017Q2,5,FFR,0.17449250583744894,0.9500000000000001,-0.7755074941625512,-3.1939361497349905,-1.865525162118563,0.15988578594792524,2.1479999153401788,3.610237398538493
mango_mdd,small,2016-06-30,2017Q3,6,FFR,0.23170377776278273,1.1533333333333333,-0.9216295555705506,-3.5234284388806647,-2.042782326102021,0.2288320611897599,2.430182509160124,3.9012433230114136
mango_mdd,small,2016-06-30,2017Q4,7,FFR,0.30841077158814145,1.2033333333333334,-0.8949225617451919,-3.6656253328945008,-2.139420651278064,0.3209972253886863,2.7256310396156636,4.322511845204589
mango_mdd,small,2016-06-30,2018Q1,8,FFR,0.4151119197926637,1.4466666666666665,-1.031554746874003,-4.021335861246957,-2.189198708687698,0.4723695529630548,2.915167711075772,4.654728102137811
mango_mdd,small,2016-06-30,2016Q2,1,GDP,971.6868993139315,977.6709362762499,-5.9840369623184415,970.3986100968281,970.9036392857886,971.6637305886363,972.4732567051275,973.0524004441102
mango_mdd,small,2016-06-30,2016Q3,2,GDP,972.239010058577,978.270252164766,-6.031242106188984,970.0437169405377,970.93889087666,972.2182574719029,973.57765338883,974.4132210654075
mango_mdd,small,2016-06-30,2016Q4,3,GDP,972.9498964689137,978.7659105426385,-5.816014073724773,970.0547775830327,971.2129565937927,972.9401805100316,974.7208967546317,975.7528070622118
mango_mdd,small,2016-06-30,2017Q1,4,GDP,973.7128305344758,979.1946532403157,-5.481822705839932,970.227377327191,971.6305587595906,973.7160168461395,975.8017801838138,977.1618013974673
mango_mdd,small,2016-06-30,2017Q2,5,GDP,974.4645542839562,979.6971814310028,-5.232627147046628,970.3173613724268,971.9430263299056,974.4814111660673,976.9185294805129,978.4352941780131
mango_mdd,small,2016-06-30,2017Q3,6,GDP,975.2158302652089,980.5212652288033,-5.305434963594394,970.4703789217236,972.476996854472,975.2845925312454,977.997038923623,979.715698173458
mango_mdd,small,2016-06-30,2017Q4,7,GDP,975.9880416474097,981.5219022023681,-5.533860554958437,970.7750228447518,972.8659910755208,976.0332674717388,979.1124322496773,981.1583024187257
mango_mdd,small,2016-06-30,2018Q1,8,GDP,976.7174606410331,982.2121682369062,-5.4947075958731375,970.9661496328142,973.2952921770755,976.8452237783649,980.106742896924,982.5405360077527
mango_mdd,small,2016-09-30,2016Q3,1,DEFL,471.5551860253937,466.27690583674894,5.278280188644771,471.12238511944236,471.27445142810365,471.5582714151309,471.8229277184492,471.9875946564875
mango_mdd,small,2016-09-30,2016Q4,2,DEFL,471.9338328813706,466.8022911971153,5.131541684255296,471.18580602522684,471.48205745031396,471.93490318261934,472.38761228343435,472.68858913462327
mango_mdd,small,2016-09-30,2017Q1,3,DEFL,472.3225201113875,467.31839116014726,5.004128951240261,471.2326800430544,471.64187585442005,472.3275980245552,472.98741960598323,473.3915319779635
mango_mdd,small,2016-09-30,2017Q2,4,DEFL,472.7470604672166,467.62901269911987,5.118047768096744,471.2137981620937,471.84275284556526,472.75843143955785,473.63872544905837,474.2750225178103
mango_mdd,small,2016-09-30,2017Q3,5,DEFL,473.1753977722111,468.12975463756425,5.045643134646866,471.12652630069437,471.98013498884467,473.19179511671535,474.3348784172532,475.09041402076383
mango_mdd,small,2016-09-30,2017Q4,6,DEFL,473.6157984282782,468.81593179181164,4.799866636466561,471.1051113296707,472.13233641822023,473.64462027141485,475.12007569743554,476.00679858274054
mango_mdd,small,2016-09-30,2018Q1,7,DEFL,474.0696558402167,469.4279361059867,4.64171973422998,471.06243922526716,472.2676278126022,474.1130699867458,475.87210982997817,477.06384173569853
mango_mdd,small,2016-09-30,2018Q2,8,DEFL,474.5376158489885,470.2823074052711,4.255308443717354,471.01284106395445,472.4415487329741,474.56346469450443,476.67417333080755,478.0411676631594
mango_mdd,small,2016-09-30,2016Q3,1,FFR,0.36760573740429375,0.39666666666666667,-0.029060929262372914,-0.9144933331609,-0.4078641733971987,0.37636849271300504,1.1348780198917259,1.6655949907105312
mango_mdd,small,2016-09-30,2016Q4,2,FFR,0.47602213964900597,0.45,0.02602213964900596,-1.4865533635137127,-0.7943060109746571,0.47723567964535957,1.7223090356511255,2.5135397754861653
mango_mdd,small,2016-09-30,2017Q1,3,FFR,0.5936514367745696,0.7000000000000001,-0.10634856322543051,-1.8337229438020533,-0.9065622703483492,0.5750433920928093,2.121714007106899,3.1459029687559914
mango_mdd,small,2016-09-30,2017Q2,4,FFR,0.6573658332274616,0.9500000000000001,-0.2926341667725385,-2.244457701521485,-1.07451598812712,0.6491224273884744,2.3535631178644234,3.609087490775024
mango_mdd,small,2016-09-30,2017Q3,5,FFR,0.7528471481562071,1.1533333333333333,-0.4004861851771262,-2.4268186765550404,-1.203744039129632,0.7002523410358931,2.723011179123088,4.0989455940777635
mango_mdd,small,2016-09-30,2017Q4,6,FFR,0.8396079449283976,1.2033333333333334,-0.36372538840493573,-2.678236684671749,-1.3152199458011282,0.799583820435018,2.9641707514631657,4.498079244683608
mango_mdd,small,2016-09-30,2018Q1,7,FFR,0.8955992593012624,1.4466666666666665,-0.5510674073654042,-3.1579530615143265,-1.4499850560033232,0.9406002487356535,3.2503138172445656,4.774141441879242
mango_mdd,small,2016-09-30,2018Q2,8,FFR,0.9725271353280741,1.7366666666666666,-0.7641395313385925,-3.3931107567007883,-1.5473742654871159,1.0012535855863716,3.5032948420020404,5.019183350050526
mango_mdd,small,2016-09-30,2016Q3,1,GDP,972.0749851889964,978.270252164766,-6.195266975769641,970.8026904873783,971.2899720792237,972.0499272334026,972.8666079401281,973.4518344842334
mango_mdd,small,2016-09-30,2016Q4,2,GDP,972.6196320900356,978.7659105426385,-6.146278452602928,970.5241670153653,971.3650034079501,972.5974526904291,973.9394259562496,974.7153204285489
mango_mdd,small,2016-09-30,2017Q1,3,GDP,973.1263715533763,979.1946532403157,-6.068281686939372,970.3713126964211,971.4006208333601,973.1673421152624,974.854970280197,975.8475530649915
mango_mdd,small,2016-09-30,2017Q2,4,GDP,973.6311065457452,979.6971814310028,-6.066074885257649,970.2233392299993,971.5095491059839,973.6519371793019,975.6669312364188,976.8491170096629
mango_mdd,small,2016-09-30,2017Q3,5,GDP,974.1290197396451,980.5212652288033,-6.392245489158199,970.0986913666163,971.7146563182657,974.194106119691,976.4752106023052,978.019504584723
mango_mdd,small,2016-09-30,2017Q4,6,GDP,974.6383798224571,981.5219022023681,-6.883522379911028,970.128717123083,971.894149988681,974.6476303712293,977.3489629327958,979.0047439476433
mango_mdd,small,2016-09-30,2018Q1,7,GDP,975.1429122758325,982.2121682369062,-7.069255961073736,970.0521406180327,972.1802519840426,975.1866568765213,978.2607203694411,980.0364794017329
mango_mdd,small,2016-09-30,2018Q2,8,GDP,975.6127991335558,982.9070909671581,-7.294291833602301,970.0226440176706,972.3238932999577,975.7108896916556,978.9311807837357,980.8393034974484
mango_mdd,small,2016-12-31,2016Q4,1,DEFL,471.90169603324665,466.8022911971153,5.099404836131328,471.4871965981307,471.6323601413261,471.9056292381175,472.16709215774125,472.33468338807353
mango_mdd,small,2016-12-31,2017Q1,2,DEFL,472.29267210032884,467.31839116014726,4.974280940181586,471.54397011176513,471.8514341131653,472.2909434175041,472.73688688793595,473.0434974696301
mango_mdd,small,2016-12-31,2017Q2,3,DEFL,472.7375478769979,467.62901269911987,5.108535177878025,471.65107806915233,472.07959070434964,472.74666253225973,473.39293800447524,473.82409180480977
mango_mdd,small,2016-12-31,2017Q3,4,DEFL,473.1846834516017,468.12975463756425,5.054928814037453,471.65699881377043,472.2534569595129,473.20895174080647,474.06535212061175,474.6497574236898
mango_mdd,small,2016-12-31,2017Q4,5,DEFL,473.65608927663067,468.81593179181164,4.840157484819031,471.67444800586605,472.4312830093709,473.693826153538,474.80330138948085,475.5786844882535
mango_mdd,small,2016-12-31,2018Q1,6,DEFL,474.13957870401254,469.4279361059867,4.711642598025833,471.6339384022782,472.60184943556845,474.1844993592939,475.5675907405037,476.5027792572492
mango_mdd,small,2016-12-31,2018Q2,7,DEFL,474.63755910622774,470.2823074052711,4.3552517009566145,471.57321809913094,472.79296621584115,474.72213120058973,476.3911014220347,477.6091232599433
mango_mdd,small,2016-12-31,2018Q3,8,DEFL,475.14566363347166,470.6182260866492,4.527437546822455,471.58263563917694,472.959161891662,475.20839975194144,477.236068261098,478.61062443750706
mango_mdd,small,2016-12-31,2016Q4,1,FFR,0.6995768461229174,0.45,0.24957684612291736,-0.5558862606486322,-0.041537016677288305,0.6914115596629984,1.46672466697283,1.9690756386510204
mango_mdd,small,2016-12-31,2017Q1,2,FFR,0.886356851551314,0.7000000000000001,0.18635685155131398,-1.0641760886408926,-0.32702465439835254,0.8659305642497461,2.151490300498042,2.9666037783285377
mango_mdd,small,2016-12-31,2017Q2,3,FFR,0.9161965524318918,0.9500000000000001,-0.03380344756810827,-1.4224963163320714,-0.5744963916497597,0.8782520407226873,2.418651006660053,3.503460447255256
mango_mdd,small,2016-12-31,2017Q3,4,FFR,1.0020876180274645,1.1533333333333333,-0.15124571530586883,-1.813231370830928,-0.7760849494954594,0.9771051720713032,2.692227179643816,3.8789198043941773
mango_mdd,small,2016-12-31,2017Q4,5,FFR,1.1511785053799333,1.2033333333333334,-0.052154827953400096,-2.0706213125402484,-0.8445235781416977,1.139894146093579,3.1135295054739545,4.535801169311793
mango_mdd,small,2016-12-31,2018Q1,6,FFR,1.218552010485699,1.4466666666666665,-0.2281146561809675,-2.411764569909943,-1.0332400686735308,1.2435952205347385,3.391410525003637,4.971298646715995
mango_mdd,small,2016-12-31,2018Q2,7,FFR,1.2306857233264237,1.7366666666666666,-0.5059809433402429,-2.7513541318345327,-1.1559972001542305,1.227640235089139,3.5759722153995868,5.235445108807231
mango_mdd,small,2016-12-31,2018Q3,8,FFR,1.280090140502027,1.9233333333333331,-0.643243192831306,-2.9309818727244594,-1.1797625543921006,1.280126155483746,3.785894614993204,5.417734764529239
mango_mdd,small,2016-12-31,2016Q4,1,GDP,973.1461688793074,978.7659105426385,-5.6197416633310695,971.8994188151792,972.3950961760088,973.1189325118214,973.9211857750153,974.4844079209242
mango_mdd,small,2016-12-31,2017Q1,2,GDP,973.7299133207423,979.1946532403157,-5.46473991957339,971.6056316310705,972.4804398104548,973.7191881721285,975.0125245372984,975.8817580973421
mango_mdd,small,2016-12-31,2017Q2,3,GDP,974.2153530129489,979.6971814310028,-5.481828418053965,971.4490505074403,972.5508878071821,974.2024580166922,975.9065174645834,976.9510648188538
mango_mdd,small,2016-12-31,2017Q3,4,GDP,974.7328971341749,980.5212652288033,-5.7883680946283675,971.42488807602,972.6680269769835,974.7425710215998,976.7243070953926,977.9949456772694
mango_mdd,small,2016-12-31,2017Q4,5,GDP,975.2151404165218,981.5219022023681,-6.306761785846334,971.303868710839,972.8048017652739,975.261921854931,977.6067204388606,979.0650419833831
mango_mdd,small,2016-12-31,2018Q1,6,GDP,975.6900065904583,982.2121682369062,-6.522161646447898,971.3274342789471,972.9700580461649,975.7079455333444,978.3562868387444,980.0759482489104
mango_mdd,small,2016-12-31,2018Q2,7,GDP,976.1529064570718,982.9070909671581,-6.754184510086247,971.297158840516,973.2538367869498,976.1035126275789,979.1032945742967,980.9123211256174
mango_mdd,small,2016-12-31,2018Q3,8,GDP,976.5914979873971,983.6265326816047,-7.035034694207525,971.3410346838766,973.5160619916562,976.5867662831611,979.8036589928712,981.8319133685105
mango_mdd,small,2017-03-31,2017Q1,1,DEFL,472.48706481907533,467.31839116014726,5.168673658928071,472.0513801928846,472.2164673839118,472.4888222316287,472.74540516856604,472.91396879284724
mango_mdd,small,2017-03-31,2017Q2,2,DEFL,472.97336432073257,467.62901269911987,5.344351621612702,472.23176352158686,472.4994825975381,472.9845094824335,473.4221516142805,473.73455729476
mango_mdd,small,2017-03-31,2017Q3,3,DEFL,473.4602154085612,468.12975463756425,5.330460770996979,472.32920912652867,472.7600584518707,473.47864325869057,474.1133750801674,474.57933607010347
mango_mdd,small,2017-03-31,2017Q4,4,DEFL,473.96456819648546,468.81593179181164,5.148636404673823,472.3997673974266,473.01865413114524,473.9916317195116,474.89143420351735,475.5159988594839
mango_mdd,small,2017-03-31,2018Q1,5,DEFL,474.4782672541729,469.4279361059867,5.050331148186217,472.41606691262115,473.23070334710843,474.5100560070065,475.6611733840053,476.41237521449415
mango_mdd,small,2017-03-31,2018Q2,6,DEFL,475.00090946296893,470.2823074052711,4.718602057697808,472.35566292044274,473.4723674877552,475.0524288620279,476.48010081460524,477.48077730713453
mango_mdd,small,2017-03-31,2018Q3,7,DEFL,475.52882593123644,470.6182260866492,4.910599844587239,472.32588321612565,473.66495225208257,475.5853318636564,477.3363600072532,478.55989945434385
mango_mdd,small,2017-03-31,2018Q4,8,DEFL,476.06707142956714,471.07186839761323,4.995203031953906,472.276209193426,473.91676324729997,476.16632528775733,478.2287206815983,479.6439933941421
mango_mdd,small,2017-03-31,2017Q1,1,FFR,0.6807410296200812,0.7000000000000001,-0.01925897037991886,-0.5894197440171648,-0.07382061120818763,0.6912789114004191,1.4160876722864735,1.9436514111790166
mango_mdd,small,2017-03-31,2017Q2,2,FFR,0.8352504559854078,0.9500000000000001,-0.11474954401459225,-1.1537779857943595,-0.38877526384949934,0.8371196883275231,2.022744712010935,2.8422900739000947
mango_mdd,small,2017-03-31,2017Q3,3,FFR,0.945445811488629,1.1533333333333333,-0.20788752184470427,-1.482475342193574,-0.5804090397902865,0.9345851062048027,2.4417174893105456,3.398298472763822
mango_mdd,small,2017-03-31,2017Q4,4,FFR,1.076167768916393,1.2033333333333334,-0.12716556441694027,-1.780661523087417,-0.6391568442516935,1.125173352190353,2.7521790595284803,3.991954236704627
mango_mdd,small,2017-03-31,2018Q1,5,FFR,1.2223530757630356,1.4466666666666665,-0.2243135909036309,-2.0358132102179893,-0.7340223152062975,1.1899829640099582,3.160094981201761,4.56696161436801
mango_mdd,small,2017-03-31,2018Q2,6,FFR,1.320087108245938,1.7366666666666666,-0.4165795584207286,-2.3789566735825325,-0.8346739093354911,1.3440348896501184,3.360255952164808,4.979971821159893
mango_mdd,small,2017-03-31,2018Q3,7,FFR,1.3655021161591199,1.9233333333333331,-0.5578312171742132,-2.5652658706229206,-0.9918165345999417,1.369047753814245,3.6692794405201408,5.353996481361026
mango_mdd,small,2017-03-31,2018Q4,8,FFR,1.4504667516276963,2.22,-0.7695332483723039,-2.817295827893386,-1.0538002018728172,1.476992220094433,3.8786985400280716,5.700667434475001
mango_mdd,small,2017-03-31,2017Q1,1,GDP,973.5954607931812,979.1946532403157,-5.599192447134442,972.3502901143579,972.8376128375061,973.5654377605069,974.377039705565,974.9301425607615
mango_mdd,small,2017-03-31,2017Q2,2,GDP,974.1914170017494,979.6971814310028,-5.505764429253418,972.0874626169285,972.9151189697621,974.1795400170057,975.5079773709826,976.2703090601227
mango_mdd,small,2017-03-31,2017Q3,3,GDP,974.7321551860263,980.5212652288033,-5.789110042776997,971.9553524137299,973.0397238048184,974.7163621652364,976.3801842895923,977.3904465605976
mango_mdd,small,2017-03-31,2017Q4,4,GDP,975.2793319779091,981.5219022023681,-6.242570224458973,971.9015459439972,973.2849270576282,975.2234782745393,977.2941118229387,978.6274875165011
mango_mdd,small,2017-03-31,2018Q1,5,GDP,975.7952334419572,982.2121682369062,-6.416934794949043,971.8288536101901,973.3751072386353,975.758878097691,978.2151922154528,979.7869969067593
mango_mdd,small,2017-03-31,2018Q2,6,GDP,976.2968844383125,982.9070909671581,-6.610206528845538,971.9175274238557,973.6118879374417,976.2540745547832,979.0623268912423,980.9130373085619
mango_mdd,small,2017-03-31,2018Q3,7,GDP,976.8011705445394,983.6265326816047,-6.825362137065213,971.7358133162941,973.8477661414782,976.838494467037,979.7145663091591,981.967173541171
mango_mdd,small,2017-03-31,2018Q4,8,GDP,977.2756800456726,983.8081508542731,-6.532470808600465,971.8750551911838,973.9990997281213,977.3305056096613,980.4801238036756,982.6931723781992
mango_mdd,small,2017-06-30,2017Q2,1,DEFL,473.04338547126855,467.62901269911987,5.414372772148681,472.6228355451395,472.7784485333198,473.04485005438255,473.3141843743818,473.4773128197015
mango_mdd,small,2017-06-30,2017Q3,2,DEFL,473.558453399381,468.12975463756425,5.428698761816747,472.8141141174741,473.0968066273114,473.5524884009346,474.02706238381313,474.3084561779151
mango_mdd,small,2017-06-30,2017Q4,3,DEFL,474.0832074779888,468.81593179181164,5.267275686177186,472.9294127626085,473.4040290053138,474.0783345732054,474.7479052900002,475.20909491033024
mango_mdd,small,2017-06-30,2018Q1,4,DEFL,474.6133678082582,469.4279361059867,5.185431702271501,473.0597532236884,473.64795346643484,474.6138874892015,475.5323914520263,476.168021667858
mango_mdd,small,2017-06-30,2018Q2,5,DEFL,475.1603659581004,470.2823074052711,4.878058552829259,473.13801648007257,473.91949438357256,475.184488826494,476.36711734428957,477.161414206725
mango_mdd,small,2017-06-30,2018Q3,6,DEFL,475.71040816680926,470.6182260866492,5.0921820801600575,473.1654223602319,474.13533082726434,475.73910987917316,477.24068682173885,478.2798381635381
mango_mdd,small,2017-06-30,2018Q4,7,DEFL,476.268599190461,471.07186839761323,5.196730792847745,473.1427297789339,474.335058124915,476.27918044256234,478.144784953059,479.30511363618
mango_mdd,small,2017-06-30,2019Q1,8,DEFL,476.83426636304233,471.4580490171198,5.376217345922555,473.0290483029722,474.6146217054682,476.8350567444744,479.02154678087163,480.5053909615057
mango_mdd,small,2017-06-30,2017Q2,1,FFR,0.8514329351157359,0.9500000000000001,-0.09856706488426414,-0.392830583094977,0.08855912626678612,0.8486627345778051,1.6223688712648205,2.1198724745128117
mango_mdd,small,2017-06-30,2017Q3,2,FFR,0.9120163627268557,1.1533333333333333,-0.2413169706064776,-1.067520458289816,-0.3441907440211276,0.9100472557967496,2.147220367454487,2.9809294547539706
mango_mdd,small,2017-06-30,2017Q4,3,FFR,1.0145582731874125,1.2033333333333334,-0.18877506014592083,-1.4278148363232819,-0.5039501550824088,1.0049632840538902,2.5572773317917434,3.5247487644846913
mango_mdd,small,2017-06-30,2018Q1,4,FFR,1.1672436053277289,1.4466666666666665,-0.2794230613389377,-1.751979130549377,-0.5855172165445904,1.1624827868570604,2.9162831077310583,4.106616689133327
mango_mdd,small,2017-06-30,2018Q2,5,FFR,1.2981906684571722,1.7366666666666666,-0.43847599820949434,-1.9920811180096432,-0.6651932005771338,1.312664863810902,3.3319787624227724,4.630153523115432
mango_mdd,small,2017-06-30,2018Q3,6,FFR,1.3682465936826693,1.9233333333333331,-0.5550867396506638,-2.4572333149133043,-0.8636640260554003,1.3370964911501089,3.5577040143324243,5.006247192801157
mango_mdd,small,2017-06-30,2018Q4,7,FFR,1.4161383645343284,2.22,-0.8038616354656718,-2.7395344347842325,-0.894381715854621,1.4139902760315777,3.826990418392901,5.304720685106334
mango_mdd,small,2017-06-30,2019Q1,8,FFR,1.501331446200472,2.4033333333333333,-0.9020018871328612,-2.8860912327321366,-0.9623582816293399,1.5075420156676156,4.0968630234226975,5.667962683492921
mango_mdd,small,2017-06-30,2017Q2,1,GDP,973.875985561495,979.6971814310028,-5.8211958695078465,972.6401006963108,973.1326337070902,973.8497133626537,974.653761133312,975.2182352782468
mango_mdd,small,2017-06-30,2017Q3,2,GDP,974.3506210215583,980.5212652288033,-6.1706442072450045,972.3412243355175,973.0831452337982,974.3358477411366,975.6018141059552,976.4328356132256
mango_mdd,small,2017-06-30,2017Q4,3,GDP,974.8332624826038,981.5219022023681,-6.688639719764296,972.1514955371097,973.1531143474917,974.8213509347559,976.4892330760665,977.5002022806476
mango_mdd,small,2017-06-30,2018Q1,4,GDP,975.3241998348778,982.2121682369062,-6.887968402028378,972.0397297183691,973.301379863901,975.2639818908863,977.318170261884,978.7382533500329
mango_mdd,small,2017-06-30,2018Q2,5,GDP,975.7816152334585,982.9070909671581,-7.125475733699545,971.9025096405608,973.479007432526,975.7218309117706,978.1357974121307,979.7675101911648
mango_mdd,small,2017-06-30,2018Q3,6,GDP,976.2389329160699,983.6265326816047,-7.387599765534787,971.7268581550478,973.7035005599209,976.1994541997378,978.9758524126851,980.5723526991513
mango_mdd,small,2017-06-30,2018Q4,7,GDP,976.7038765982812,983.8081508542731,-7.104274255991868,971.6330997244587,973.7742275776933,976.7324680026193,979.7328438964419,981.6255455804783
mango_mdd,small,2017-06-30,2019Q1,8,GDP,977.151873599757,984.3493940965847,-7.1975204968276785,971.6916157993096,973.9165064117667,977.1572861845425,980.4772478959494,982.2648464237768
mango_mdd,small,2017-09-30,2017Q3,1,DEFL,473.16534107336406,468.12975463756425,5.035586435799814,472.74036640902494,472.88225143204306,473.16487800373443,473.4421558572559,473.59686157904935
mango_mdd,small,2017-09-30,2017Q4,2,DEFL,473.5673550779534,468.81593179181164,4.751423286141744,472.8199997094371,473.1072282728381,473.5697573721067,474.0343395256791,474.3274629379068
mango_mdd,small,2017-09-30,2018Q1,3,DEFL,473.97148116953804,469.4279361059867,4.543545063551335,472.8331768697785,473.2748252179491,473.9936063345892,474.6375165281141,475.0757679914763
mango_mdd,small,2017-09-30,2018Q2,4,DEFL,474.37626029268574,470.2823074052711,4.093952887414616,472.77936605625854,473.4348855071509,474.3923236572542,475.28543126702107,475.8748559600339
mango_mdd,small,2017-09-30,2018Q3,5,DEFL,474.7930812352037,470.6182260866492,4.174855148554514,472.6742033141818,473.55141860891126,474.8470774467701,476.0065692059994,476.77271915664477
mango_mdd,small,2017-09-30,2018Q4,6,DEFL,475.2085907580011,471.07186839761323,4.136722360387864,472.58958209355245,473.66275672918806,475.26213929370283,476.6928281964048,477.7198228814614
mango_mdd,small,2017-09-30,2019Q1,7,DEFL,475.630141388033,471.4580490171198,4.172092370913219,472.4575129195106,473.68939664775235,475.67933322545196,477.473292799347,478.65957962200395
mango_mdd,small,2017-09-30,2019Q2,8,DEFL,476.058824736577,472.01403804243495,4.044786694142033,472.27072115639726,473.690152775534,476.08307161119933,478.32337666295956,479.66781981475634
mango_mdd,small,2017-09-30,2017Q3,1,FFR,1.0723947570208447,1.1533333333333333,-0.08093857631248857,-0.1891495598598933,0.2975343975593426,1.07064925721934,1.844943430613756,2.348725867563795
mango_mdd,small,2017-09-30,2017Q4,2,FFR,1.1057254000480103,1.2033333333333334,-0.09760793328532302,-0.8748166341779537,-0.11749694624562283,1.0703129666072,2.338915687535811,3.1275608477695336
mango_mdd,small,2017-09-30,2018Q1,3,FFR,1.209652855675481,1.4466666666666665,-0.23701381099118546,-1.1552085518670416,-0.29190279349527015,1.2015540589748688,2.6908451295278524,3.7229098758272725
mango_mdd,small,2017-09-30,2018Q2,4,FFR,1.3269227585056989,1.7366666666666666,-0.40974390816096773,-1.5456415997433226,-0.38602765144757484,1.3524368842677983,3.039577370026419,4.249080095188914
mango_mdd,small,2017-09-30,2018Q3,5,FFR,1.4139961724264845,1.9233333333333331,-0.5093371609068487,-1.8159730169694734,-0.5019626344936129,1.3144854060463462,3.3544467670428073,4.707069203702665
mango_mdd,small,2017-09-30,2018Q4,6,FFR,1.4563661331261668,2.22,-0.7636338668738334,-2.048500737940325,-0.6100524494045841,1.4336894282511765,3.5890130254345225,4.974069094693028
mango_mdd,small,2017-09-30,2019Q1,7,FFR,1.4746058890001748,2.4033333333333333,-0.9287274443331586,-2.427196466840296,-0.7949012456563436,1.48279456794448,3.7643033501959975,5.245516828774317
mango_mdd,small,2017-09-30,2019Q2,8,FFR,1.5401979646232677,2.3966666666666665,-0.8564687020433988,-2.6372404325985306,-0.9102403827819336,1.5718586521154296,4.022731023546872,5.431196600153933
mango_mdd,small,2017-09-30,2017Q3,1,GDP,974.7093791451641,980.5212652288033,-5.811886083639138,973.4167879023316,973.9291083006653,974.6739803534917,975.4970002857858,976.1239350546111
mango_mdd,small,2017-09-30,2017Q4,2,GDP,975.1138558670584,981.5219022023681,-6.4080463353096775,972.8909675144147,973.7367067286646,975.096785274945,976.4916451391085,977.3723687280427
mango_mdd,small,2017-09-30,2018Q1,3,GDP,975.5476096792241,982.2121682369062,-6.664558557682085,972.5423937932771,973.7588775555087,975.530455442901,977.3785213074718,978.5600903001279
mango_mdd,small,2017-09-30,2018Q2,4,GDP,976.0024780866544,982.9070909671581,-6.9046128805036915,972.2502935723511,973.697824039838,975.9691968472973,978.3399010116453,979.9092003084143
mango_mdd,small,2017-09-30,2018Q3,5,GDP,976.4178903746097,983.6265326816047,-7.208642306994989,971.7831257311578,973.6463606603281,976.3092736343892,979.226830830271,981.1427820595893
mango_mdd,small,2017-09-30,2018Q4,6,GDP,976.8354452141319,983.8081508542731,-6.972705640141157,971.2761965324765,973.6183618186355,976.7727789144575,980.0738064817043,982.5474345929249
mango_mdd,small,2017-09-30,2019Q1,7,GDP,977.266573041295,984.3493940965847,-7.082821055289628,970.9619433704306,973.5956860696169,977.260839764494,980.9602745291887,983.8872498430429
mango_mdd,small,2017-09-30,2019Q2,8,GDP,977.6822001505107,985.0201484419601,-7.337948291449493,970.660634190149,973.5908791671202,977.7047644578482,981.89455983844,984.7897666110563
mango_mdd,small,2017-12-31,2017Q4,1,DEFL,473.7473357993955,468.81593179181164,4.931404007583865,473.31320718588876,473.4762380994545,473.74693134979447,474.0110469505184,474.1862481009966
mango_mdd,small,2017-12-31,2018Q1,2,DEFL,474.22843921417876,469.4279361059867,4.800503108192061,473.48633654985906,473.77797640764567,474.23416318341776,474.68562956731654,474.9774837311161
mango_mdd,small,2017-12-31,2018Q2,3,DEFL,474.7191115731739,470.2823074052711,4.436804167902778,473.62142788713686,474.0472173319513,474.7286844684844,475.37500087775356,475.8259875206731
mango_mdd,small,2017-12-31,2018Q3,4,DEFL,475.2384434089885,470.6182260866492,4.620217322339272,473.7108197118749,474.31216352804194,475.2405514886848,476.13256280777625,476.77829594527776
mango_mdd,small,2017-12-31,2018Q4,5,DEFL,475.7639781938372,471.07186839761323,4.692109796223974,473.7676136327672,474.528490661085,475.7862731118614,476.93084618032447,477.723820404239
mango_mdd,small,2017-12-31,2019Q1,6,DEFL,476.2975992999267,471.4580490171198,4.839550282806897,473.78831171314147,474.7390447350741,476.33088239077983,477.77573754945416,478.7172768877404
mango_mdd,small,2017-12-31,2019Q2,7,DEFL,476.83630119052106,472.01403804243495,4.822263148086108,473.7965065823491,474.93256456177215,476.92590509300607,478.62671469128423,479.79224502633423
mango_mdd,small,2017-12-31,2019Q3,8,DEFL,477.3839251152597,472.33975673527414,5.0441683799855355,473.82751299251805,475.1632445968622,477.45660571774175,479.46783254364766,480.85555924481395
mango_mdd,small,2017-12-31,2017Q4,1,FFR,1.2937577176026192,1.2033333333333334,0.09042438426928578,0.03050512266457203,0.5316878710792821,1.2910517424797465,2.0555953229045714,2.5521761948017034
mango_mdd,small,2017-12-31,2018Q1,2,FFR,1.4426789645952756,1.4466666666666665,-0.003987702071390986,-0.5219686572752993,0.2330924744732033,1.4249701843790752,2.6818900086733706,3.4423447346148954
mango_mdd,small,2017-12-31,2018Q2,3,FFR,1.5675461911577662,1.7366666666666666,-0.16912047550890041,-0.8920593700681448,0.08154353425816882,1.5458416678865312,3.071568997082047,4.108184094909798
mango_mdd,small,2017-12-31,2018Q3,4,FFR,1.6375227297883381,1.9233333333333331,-0.285810603544995,-1.1580793620036178,-0.0824114409855081,1.6663773711238172,3.3499330633777995,4.479788256424205
mango_mdd,small,2017-12-31,2018Q4,5,FFR,1.7128071929957114,2.22,-0.5071928070042888,-1.4851702625325263,-0.28858433241816156,1.6578756810274151,3.6829074289672903,5.042197683691678
mango_mdd,small,2017-12-31,2019Q1,6,FFR,1.7631316556563335,2.4033333333333333,-0.6402016776769999,-1.943823353140223,-0.43089825707448487,1.7334966758761252,3.9382584217563332,5.496871229626801
mango_mdd,small,2017-12-31,2019Q2,7,FFR,1.7829465207524124,2.3966666666666665,-0.6137201459142541,-2.113315577246525,-0.5609827228923424,1.7524715848942567,4.1314286357613685,5.776550413919776
mango_mdd,small,2017-12-31,2019Q3,8,FFR,1.820420936325467,2.19,-0.36957906367453286,-2.4052472374446254,-0.7613569717581212,1.830369350967625,4.36398494016291,6.022789843143038
mango_mdd,small,2017-12-31,2017Q4,1,GDP,975.5994118880759,981.5219022023681,-5.92249031429219,974.3559720274416,974.8332185695621,975.5726642982361,976.376626561811,976.9715101276531
mango_mdd,small,2017-12-31,2018Q1,2,GDP,976.1545109873829,982.2121682369062,-6.057657249523345,974.1346895668431,974.8764190039836,976.1170256716871,977.4348785673727,978.2451237153211
mango_mdd,small,2017-12-31,2018Q2,3,GDP,976.6676492028193,982.9070909671581,-6.239441764338721,973.9796532288566,975.0263939208493,976.6526205752702,978.308547016419,979.3339897740117
mango_mdd,small,2017-12-31,2018Q3,4,GDP,977.1598895822474,983.6265326816047,-6.46664309935727,973.8387557582201,975.2437961564868,977.1213368345577,979.1234471635225,980.6331735973699
mango_mdd,small,2017-12-31,2018Q4,5,GDP,977.6255917477239,983.8081508542731,-6.182559106549206,973.8136455438648,975.3187875293421,977.5693340425752,979.9804633215194,981.6044068041847
mango_mdd,small,2017-12-31,2019Q1,6,GDP,978.0948183791827,984.3493940965847,-6.254575717401963,973.7413544172566,975.5273366239376,978.0879329960576,980.6762369508701,982.4567216241354
mango_mdd,small,2017-12-31,2019Q2,7,GDP,978.5818866592098,985.0201484419601,-6.438261782750374,973.638869558115,975.6114934103279,978.5551690330292,981.4618287307015,983.5685722448026
mango_mdd,small,2017-12-31,2019Q3,8,GDP,979.0439156900198,985.9061780536628,-6.8622623636429125,973.4032191946711,975.8869831951465,979.052705196966,982.2483029369461,984.4002395364464
mango_mdd,small,2018-03-31,2018Q1,1,DEFL,474.3785787794605,469.4279361059867,4.950642673473794,473.944830165881,474.10220303304794,474.3829072553932,474.64867398105105,474.800684171574
mango_mdd,small,2018-03-31,2018Q2,2,DEFL,474.92540108479824,470.2823074052711,4.643093679527112,474.1898944558601,474.4702367571767,474.9253534854677,475.3740885168369,475.67219368769986
mango_mdd,small,2018-03-31,2018Q3,3,DEFL,475.49809714224665,470.6182260866492,4.879871055597448,474.3785612974919,474.83464287994417,475.516619594144,476.12417084838546,476.60073191504176
mango_mdd,small,2018-03-31,2018Q4,4,DEFL,476.0827105458139,471.07186839761323,5.010842148200652,474.517419058325,475.1963758038559,476.10460135441684,476.95357125539937,477.5488659894028
mango_mdd,small,2018-03-31,2019Q1,5,DEFL,476.6823986095492,471.4580490171198,5.224349592429405,474.66889551848067,475.53856551475513,476.7159784363945,477.80170553258773,478.62719283333803
mango_mdd,small,2018-03-31,2019Q2,6,DEFL,477.28726606040567,472.01403804243495,5.273228017970723,474.7702705032547,475.8215638575406,477.3199653783398,478.73067184683674,479.5975936969961
mango_mdd,small,2018-03-31,2019Q3,7,DEFL,477.9002805521209,472.33975673527414,5.5605238168467395,474.8801165090877,476.14419765965573,477.93153199617916,479.6490331114343,480.74760758223755
mango_mdd,small,2018-03-31,2019Q4,8,DEFL,478.522683729507,472.70603314659263,5.816650582914349,475.00153925820837,476.4928810833346,478.5406679968604,480.58023670378236,481.90258539620356
mango_mdd,small,2018-03-31,2018Q1,1,FFR,1.4406941225461722,1.4466666666666665,-0.005972544120494305,0.1635774427137566,0.6712720512102802,1.4548672666522298,2.2215769214721655,2.753365511847824
mango_mdd,small,2018-03-31,2018Q2,2,FFR,1.6282462093807653,1.7366666666666666,-0.10842045728590133,-0.3224644917912314,0.4072158572000766,1.6036762713966697,2.8582203156193695,3.628575027016384
mango_mdd,small,2018-03-31,2018Q3,3,FFR,1.7192590528861063,1.9233333333333331,-0.20407428044722686,-0.6647826198832032,0.2447949257382961,1.7260289494151593,3.2001101452297127,4.2412526899048775
mango_mdd,small,2018-03-31,2018Q4,4,FFR,1.8030238124217672,2.22,-0.41697618757823296,-1.0249668985154943,0.06430256029673191,1.8200725596864318,3.432995432976691,4.6914683692079375
mango_mdd,small,2018-03-31,2019Q1,5,FFR,1.908729259167832,2.4033333333333333,-0.49460407416550134,-1.2352979801543016,0.010229506716403939,1.9071077169288455,3.828525597496087,5.07931543010644
mango_mdd,small,2018-03-31,2019Q2,6,FFR,1.9532789680853002,2.3966666666666665,-0.4433876985813663,-1.5936778640752876,-0.16733119613130779,1.9366705055381808,4.064071178040014,5.466473388985124
mango_mdd,small,2018-03-31,2019Q3,7,FFR,1.9563146461917005,2.19,-0.23368535380829947,-1.8623617520244276,-0.3209865997237127,1.9503564392112014,4.268352190185106,5.614403574677811
mango_mdd,small,2018-03-31,2019Q4,8,FFR,2.006502184931669,1.6433333333333333,0.36316885159833556,-2.096876259440573,-0.5162133622958657,2.1146368950735837,4.415820795109309,5.920147728625205
mango_mdd,small,2018-03-31,2018Q1,1,GDP,976.3705596287051,982.2121682369062,-5.841608608201113,975.1102476747213,975.6003498939217,976.3288981367446,977.1519097098316,977.7541124734939
mango_mdd,small,2018-03-31,2018Q2,2,GDP,976.962823241711,982.9070909671581,-5.944267725447048,974.852364928135,975.6856343413651,976.9580684403824,978.2449486058516,979.06292260192
mango_mdd,small,2018-03-31,2018Q3,3,GDP,977.4702444858474,983.6265326816047,-6.15628819575727,974.7923396023657,975.7950745658214,977.504141964913,979.0918939714334,980.1690638824797
mango_mdd,small,2018-03-31,2018Q4,4,GDP,977.9716902899812,983.8081508542731,-5.836460564291883,974.6387111155943,975.9328420257555,977.9860454097163,979.9683527065135,981.3558957757645
mango_mdd,small,2018-03-31,2019Q1,5,GDP,978.4468555290838,984.3493940965847,-5.902538567500869,974.4722568380831,976.1034762539659,978.3988144685687,980.8364909748329,982.4545202432159
mango_mdd,small,2018-03-31,2019Q2,6,GDP,978.923556232532,985.0201484419601,-6.096592209428195,974.4906751475806,976.2659244314676,978.9493057385578,981.5867222694851,983.3044228304313
mango_mdd,small,2018-03-31,2019Q3,7,GDP,979.4031652394141,985.9061780536628,-6.503012814248677,974.3739429377667,976.4124212173026,979.3690099021273,982.4074564510996,984.3202306161439
mango_mdd,small,2018-03-31,2019Q4,8,GDP,979.8557796506822,986.3482463840766,-6.492466733394394,974.2984838935865,976.5483669403119,979.9179530320437,983.082636532303,985.1699393641507
mango_mdd,small,2018-06-30,2018Q2,1,DEFL,474.94398306976166,470.2823074052711,4.661675664490531,474.5102689879275,474.67297217157665,474.94849728065697,475.20446458084353,475.3661884036796
mango_mdd,small,2018-06-30,2018Q3,2,DEFL,475.528775323474,470.6182260866492,4.9105492368248065,474.8088209532753,475.0704780668507,475.5387736189392,475.9782798324619,476.26942802723676
mango_mdd,small,2018-06-30,2018Q4,3,DEFL,476.1169534158117,471.07186839761323,5.045085018198449,475.02096114301025,475.4341040859749,476.1263792109976,476.7772787944139,477.20402729970954
mango_mdd,small,2018-06-30,2019Q1,4,DEFL,476.70237505809524,471.4580490171198,5.244326040975466,475.18097592735387,475.75676482181376,476.7174931803729,477.6096605258048,478.21824838715617
mango_mdd,small,2018-06-30,2019Q2,5,DEFL,477.3010934592898,472.01403804243495,5.287055416854855,475.28138023512963,476.07960796548633,477.3340574463334,478.448815150928,479.2525952384339
mango_mdd,small,2018-06-30,2019Q3,6,DEFL,477.9041703724514,472.33975673527414,5.5644136371772674,475.39959777060744,476.39740348268566,477.9405253507765,479.3492068195991,480.37918478336934
mango_mdd,small,2018-06-30,2019Q4,7,DEFL,478.5060425611916,472.70603314659263,5.8000094145989465,475.4454647957397,476.6682680505837,478.5518099995757,480.30529441435533,481.4902164736981
mango_mdd,small,2018-06-30,2020Q1,8,DEFL,479.11257771081233,473.1080108856083,6.004566825204051,475.51317987711855,476.9250308545552,479.1046326593316,481.25207467251096,482.6225291009233
mango_mdd,small,2018-06-30,2018Q2,1,FFR,1.7300737862581124,1.7366666666666666,-0.006592880408554214,0.4925637544956199,0.9796768809126751,1.7459665512879512,2.474395348484784,2.978221669092123
mango_mdd,small,2018-06-30,2018Q3,2,FFR,1.7949152785836593,1.9233333333333331,-0.12841805474967383,-0.15347769282494902,0.577071126855715,1.792615245356806,3.0475276836562943,3.8168821367837573
mango_mdd,small,2018-06-30,2018Q4,3,FFR,1.8126796177953386,2.22,-0.4073203822046616,-0.5666479287760221,0.3260519279357704,1.770142978117486,3.3158537746750714,4.32613848867809
mango_mdd,small,2018-06-30,2019Q1,4,FFR,1.9158256965756917,2.4033333333333333,-0.48750763675764164,-0.8709979957589361,0.17583468555446552,1.893228513125098,3.65488582928608,4.855662110025654
mango_mdd,small,2018-06-30,2019Q2,5,FFR,2.0251041896632223,2.3966666666666665,-0.37156247700344425,-1.265014693538494,0.016827506674293394,1.9680975898342172,4.101553462930347,5.33808394218636
mango_mdd,small,2018-06-30,2019Q3,6,FFR,2.0552243568308306,2.19,-0.13477564316916935,-1.609020003374871,-0.12613786591752726,2.0458059237406405,4.250187109731033,5.819254034724657
mango_mdd,small,2018-06-30,2019Q4,7,FFR,2.0540916871737647,1.6433333333333333,0.41075835384043136,-1.7541039457834684,-0.3796617865530164,2.0623035839236024,4.401534985346051,6.0624365934718965
mango_mdd,small,2018-06-30,2020Q1,8,FFR,2.1158139950574886,1.26,0.8558139950574886,-2.106631434345596,-0.3971003838755422,2.128673506555166,4.57581191341199,6.196256428890783
mango_mdd,small,2018-06-30,2018Q2,1,GDP,976.8246878317052,982.9070909671581,-6.082403135452864,975.591898784417,976.0824706953614,976.7950280635735,977.573708212912,978.1721715029128
mango_mdd,small,2018-06-30,2018Q3,2,GDP,977.285083212781,983.6265326816047,-6.341449468823612,975.1951837232407,976.020975934071,977.2668161872215,978.528729961008,979.4222251218996
mango_mdd,small,2018-06-30,2018Q4,3,GDP,977.7230685292255,983.8081508542731,-6.085082325047551,974.9923770164181,976.0722855820889,977.6979959534285,979.4253635503651,980.4515722315192
mango_mdd,small,2018-06-30,2019Q1,4,GDP,978.2002534738849,984.3493940965847,-6.149140622699747,974.8231025916583,976.206632190439,978.2040937798758,980.2373423604978,981.4753453855883
mango_mdd,small,2018-06-30,2019Q2,5,GDP,978.6559494226144,985.0201484419601,-6.364199019345733,974.7449301922765,976.3852009167799,978.6396025186382,980.9859503466721,982.5523522101737
mango_mdd,small,2018-06-30,2019Q3,6,GDP,979.1120440812371,985.9061780536628,-6.794133972425698,974.7136316207585,976.5478591565957,979.1233711335049,981.7199409596429,983.4151774395169
mango_mdd,small,2018-06-30,2019Q4,7,GDP,979.5920306316243,986.3482463840766,-6.756215752452249,974.822491972139,976.6947324155042,979.6319928661595,982.4661984447284,984.473833864907
mango_mdd,small,2018-06-30,2020Q1,8,GDP,980.0387168695047,985.1661326692149,-5.127415799710207,974.7068865233271,976.9468109563079,980.0479623700867,983.1311007859753,985.3163399123756
mango_mdd,small,2018-09-30,2018Q3,1,DEFL,470.96487525278025,470.6182260866492,0.34664916613104424,470.5203916840937,470.6809475206027,470.9722870312104,471.24006098751084,471.40002019824317
mango_mdd,small,2018-09-30,2018Q4,2,DEFL,471.6607701715509,471.07186839761323,0.5889017739376641,470.8968163704387,471.1900430625819,471.6629308514981,472.12584079876626,472.42213853924073
mango_mdd,small,2018-09-30,2019Q1,3,DEFL,472.3601168664016,471.4580490171198,0.9020678492818206,471.20702867456635,471.6617391461351,472.37291633050575,473.0241293836465,473.4832410429321
mango_mdd,small,2018-09-30,2019Q2,4,DEFL,473.0753955296273,472.01403804243495,1.0613574871923674,471.51337999755424,472.1262008703521,473.1000070212151,474.0015229015914,474.5782254929293
mango_mdd,small,2018-09-30,2019Q3,5,DEFL,473.7846031820583,472.33975673527414,1.4448464467841404,471.7306343782553,472.50967479846275,473.84642849140255,475.005504830459,475.6986738449715
mango_mdd,small,2018-09-30,2019Q4,6,DEFL,474.4905219241811,472.70603314659263,1.7844887775884786,471.92189840669084,472.9277853873116,474.57235300186187,476.001279389934,476.88688434745245
mango_mdd,small,2018-09-30,2020Q1,7,DEFL,475.19136001919406,473.1080108856083,2.0833491335857843,472.1234676188038,473.28146479055613,475.2866268019783,477.08408954318577,478.1121408594609
mango_mdd,small,2018-09-30,2020Q2,8,DEFL,475.8861570040172,472.73258698908967,3.1535700149275385,472.2895977905,473.6363806434621,475.9509102100406,478.071228989646,479.36691791132097
mango_mdd,small,2018-09-30,2018Q3,1,FFR,2.049921353908017,1.9233333333333331,0.12658802057468388,0.7678165228667357,1.2620216042247936,2.0567972358985456,2.8245306442377025,3.341542173341076
mango_mdd,small,2018-09-30,2018Q4,2,FFR,2.270903133524067,2.22,0.050903133524066835,0.2547838803133448,1.069648935711133,2.2556238571947587,3.4775402975211045,4.332176831257791
mango_mdd,small,2018-09-30,2019Q1,3,FFR,2.4365040307883823,2.4033333333333333,0.03317069745504897,0.006711445897613867,0.9490726965408569,2.43109615614795,3.919480448886077,4.9529404950255875
mango_mdd,small,2018-09-30,2019Q2,4,FFR,2.5615616222918467,2.3966666666666665,0.1648949556251802,-0.2760980797906226,0.8131538563052239,2.569869054329705,4.2423625136670475,5.440252225295117
mango_mdd,small,2018-09-30,2019Q3,5,FFR,2.6721613439216916,2.19,0.48216134392169163,-0.47035118495160194,0.720308876335159,2.6395376635903314,4.556051893856398,6.017016917584441
mango_mdd,small,2018-09-30,2019Q4,6,FFR,2.7281587887638783,1.6433333333333333,1.084825455430545,-0.7985492426708579,0.5591552053131418,2.7130375692269952,4.7794923219324525,6.3730463452083566
mango_mdd,small,2018-09-30,2020Q1,7,FFR,2.743896528851019,1.26,1.4838965288510189,-1.0895629433910317,0.4502514159328158,2.781233406948412,4.928369116222289,6.738340242591379
mango_mdd,small,2018-09-30,2020Q2,8,FFR,2.781259073285429,0.06,2.721259073285429,-1.3102852983297097,0.264792045797334,2.8177870815134654,5.194764628260783,7.02312183519064
mango_mdd,small,2018-09-30,2018Q3,1,GDP,983.2364308865242,983.6265326816047,-0.3901017950804544,981.96962629243,982.4775839670217,983.2157886976156,984.0442385661286,984.626330157558
mango_mdd,small,2018-09-30,2018Q4,2,GDP,983.8424617794345,983.8081508542731,0.03431092516143508,981.73933843303,982.5689428355719,983.8247245518646,985.1257143128521,985.8848196981917
mango_mdd,small,2018-09-30,2019Q1,3,GDP,984.353122527683,984.3493940965847,0.003728431098352303,981.6700706776945,982.6521114236232,984.3600213057761,986.0121440451413,987.0827282353641
mango_mdd,small,2018-09-30,2019Q2,4,GDP,984.8471138481486,985.0201484419601,-0.17303459381150788,981.513301827326,982.8309825654114,984.8283236509216,986.8015403262109,988.0586678611648
mango_mdd,small,2018-09-30,2019Q3,5,GDP,985.3079790043973,985.9061780536628,-0.5981990492654177,981.523364480405,983.0002867939731,985.320514281219,987.5665018911939,989.1102497374354
mango_mdd,small,2018-09-30,2019Q4,6,GDP,985.7778535927232,986.3482463840766,-0.5703927913533562,981.3957531845791,983.1741832389769,985.845745533728,988.313988082609,989.877625932455
mango_mdd,small,2018-09-30,2020Q1,7,GDP,986.2638096031695,985.1661326692149,1.0976769339546308,981.3564784158667,983.3799445211624,986.3340710047369,989.1272581469485,990.8804863819241
mango_mdd,small,2018-09-30,2020Q2,8,GDP,986.7316307029377,976.3001287902925,10.431501912645103,981.5206813297198,983.5123622316582,986.7704889434507,989.8511530211501,991.8162814266501
mango_mdd,small,2018-12-31,2018Q4,1,DEFL,471.2401658222887,471.07186839761323,0.16829742467547248,470.83155885223624,470.9737983057069,471.2384909968162,471.495416315254,471.67357988414403
mango_mdd,small,2018-12-31,2019Q1,2,DEFL,471.8318378383161,471.4580490171198,0.37378882119634227,471.0819584362626,471.3748440942124,471.83676006708725,472.2706888747768,472.55611718229517
mango_mdd,small,2018-12-31,2019Q2,3,DEFL,472.449367774955,472.01403804243495,0.43532973252007423,471.34798944151106,471.78511769890423,472.4681525961897,473.0854118145154,473.57274143729245
mango_mdd,small,2018-12-31,2019Q3,4,DEFL,473.0485158944085,472.33975673527414,0.708759159134388,471.5440836093342,472.1197713487202,473.06952228013796,473.91520491987524,474.59471739228263
mango_mdd,small,2018-12-31,2019Q4,5,DEFL,473.6747460130814,472.70603314659263,0.9687128664887723,471.6653550173873,472.46414045981396,473.6774214574636,474.81994434752033,475.63011021653165
mango_mdd,small,2018-12-31,2020Q1,6,DEFL,474.30573860405593,473.1080108856083,1.197727718447652,471.79918786899464,472.8053103589976,474.31498015545844,475.7729926124831,476.76044337214887
mango_mdd,small,2018-12-31,2020Q2,7,DEFL,474.9398458513826,472.73258698908967,2.2072588622929175,471.8672917042921,473.09977343825426,474.98242317897086,476.73545104022537,477.8882376332169
mango_mdd,small,2018-12-31,2020Q3,8,DEFL,475.57852712256494,473.59440300679853,1.9841241157664058,471.9012602284489,473.3859186586844,475.587227204775,477.6641865264984,479.06023628756753
mango_mdd,small,2018-12-31,2018Q4,1,FFR,2.14811808158847,2.22,-0.07188191841153024,0.8902902547497056,1.4010110307748336,2.137056717511706,2.8949496769001883,3.393628741916158
mango_mdd,small,2018-12-31,2019Q1,2,FFR,2.206794765023212,2.4033333333333333,-0.1965385683101215,0.26471106625054336,0.9813234779049655,2.184151115265652,3.4289855407886782,4.283915122611516
mango_mdd,small,2018-12-31,2019Q2,3,FFR,2.2308438600907614,2.3966666666666665,-0.1658228065759051,-0.19705982815408724,0.7382309456747447,2.2057121731009808,3.7537608788530883,4.7771788818588465
mango_mdd,small,2018-12-31,2019Q3,4,FFR,2.3082803995702843,2.19,0.11828039957028436,-0.5073974217300297,0.5765443309776014,2.2976139796016284,4.009678933048382,5.21155775784971
mango_mdd,small,2018-12-31,2019Q4,5,FFR,2.3686879236225686,1.6433333333333333,0.7253545902892353,-0.8537159464389283,0.4422510570622015,2.3294628033095983,4.357736490207044,5.634957520368387
mango_mdd,small,2018-12-31,2020Q1,6,FFR,2.359481641009428,1.26,1.099481641009428,-1.2759849177981886,0.20735193472805472,2.3258339933442014,4.593081952086513,5.9688259524155445
mango_mdd,small,2018-12-31,2020Q2,7,FFR,2.33552844524778,0.06,2.27552844524778,-1.3826748840876257,0.0474180710669435,2.349758389704628,4.644610562648747,6.216503927908618
mango_mdd,small,2018-12-31,2020Q3,8,FFR,2.3547366581641604,0.09333333333333334,2.261403324830827,-1.7219721156964722,-0.17708735706193512,2.3600945605981183,4.855217109294581,6.427524860309901
mango_mdd,small,2018-12-31,2018Q4,1,GDP,984.0277611691921,983.8081508542731,0.2196103149190094,982.7605826960162,983.2567168789399,984.0057652384513,984.8050652867104,985.3233835137077
mango_mdd,small,2018-12-31,2019Q1,2,GDP,984.5265495245516,984.3493940965847,0.17715542796690897,982.4879813282444,983.3066623704167,984.5087900497024,985.7588870605462,986.6119152558139
mango_mdd,small,2018-12-31,2019Q2,3,GDP,985.010363819431,985.0201484419601,-0.009784622529195985,982.3248165239079,983.4103507370694,985.0082161337325,986.5953769304089,987.6555251829521
mango_mdd,small,2018-12-31,2019Q3,4,GDP,985.5214015090072,985.9061780536628,-0.38477654465555133,982.2243038266674,983.5675234785599,985.5262466273725,987.4477757763592,988.7915676899034
mango_mdd,small,2018-12-31,2019Q4,5,GDP,985.9892733613896,986.3482463840766,-0.35897302268699605,982.0925609317353,983.8093107833189,985.9823494228502,988.2138682395844,989.8042198849541
mango_mdd,small,2018-12-31,2020Q1,6,GDP,986.4565581574236,985.1661326692149,1.2904254882087116,982.0052686681763,983.9173475270168,986.5234251153033,988.8631736448557,990.5944524206269
mango_mdd,small,2018-12-31,2020Q2,7,GDP,986.931365042196,976.3001287902925,10.631236251903488,982.154360995173,984.0586866140503,987.0293382871275,989.7524175432,991.679194065653
mango_mdd,small,2018-12-31,2020Q3,8,GDP,987.3800631503722,983.8614041962527,3.5186589541194735,982.0644329785398,984.3069188530696,987.4654946628989,990.3700501449051,992.5741236985161
mango_mdd,small,2019-03-31,2019Q1,1,DEFL,471.6658469114928,471.4580490171198,0.20779789437301588,471.233718298932,471.39464700470967,471.66862574415256,471.9251101205914,472.09465398641504
mango_mdd,small,2019-03-31,2019Q2,2,DEFL,472.2365357121,472.01403804243495,0.22249766966507423,471.5051045386734,471.7684000084474,472.24269837095585,472.6878202212901,472.978781056224
mango_mdd,small,2019-03-31,2019Q3,3,DEFL,472.77386550285604,472.33975673527414,0.434108767581904,471.6651507965343,472.09091342121394,472.79431464909806,473.4253577892803,473.8696405469076
mango_mdd,small,2019-03-31,2019Q4,4,DEFL,473.32905348736034,472.70603314659263,0.6230203407677095,471.7848734177806,472.3987284963598,473.3675148281399,474.22336476187684,474.79326039520896
mango_mdd,small,2019-03-31,2020Q1,5,DEFL,473.89888312121434,473.1080108856083,0.7908722356060593,471.92109693651855,472.65021295724284,473.94341871990173,475.0502355331393,475.8053362867086
mango_mdd,small,2019-03-31,2020Q2,6,DEFL,474.47036148019794,472.73258698908967,1.7377744911082686,471.93135392444765,472.9274469321945,474.5553020877926,475.92615790280627,476.79170127692333
mango_mdd,small,2019-03-31,2020Q3,7,DEFL,475.04099961932076,473.59440300679853,1.446596612522228,471.9922703135763,473.18928521648684,475.11993861438293,476.806532888324,477.88544270635396
mango_mdd,small,2019-03-31,2020Q4,8,DEFL,475.62129142782203,474.2250274536357,1.396263974186354,472.01862350629654,473.4499291257099,475.70326193206586,477.7496862847571,479.0441643038455
mango_mdd,small,2019-03-31,2019Q1,1,FFR,2.2750579995313363,2.4033333333333333,-0.12827533380199707,1.0411926082028273,1.5220959236756701,2.270672354566951,3.0398753286736193,3.5354650160294057
mango_mdd,small,2019-03-31,2019Q2,2,FFR,2.1874122382914254,2.3966666666666665,-0.2092544283752411,0.2563541568976668,1.015175245490512,2.1530759434370497,3.403318946335728,4.18741116549085
mango_mdd,small,2019-03-31,2019Q3,3,FFR,2.219670242485651,2.19,0.029670242485650977,-0.15438404841161124,0.7756464602326882,2.1837769662012745,3.687783720821755,4.718485186356708
mango_mdd,small,2019-03-31,2019Q4,4,FFR,2.2804914486221928,1.6433333333333333,0.6371581152888595,-0.41537035511491244,0.5407276098565599,2.251719986609708,3.92920586765192,4.9863309361032915
mango_mdd,small,2019-03-31,2020Q1,5,FFR,2.2956004481212897,1.26,1.0356004481212897,-0.7937276681638987,0.34764084982215926,2.2284948673761793,4.255405979989118,5.523708291816703
mango_mdd,small,2019-03-31,2020Q2,6,FFR,2.2712740668189744,0.06,2.2112740668189743,-1.2913911071429653,0.1642371051089154,2.262802664294984,4.373103007307647,5.891570844205421
mango_mdd,small,2019-03-31,2020Q3,7,FFR,2.263980173086109,0.09333333333333334,2.170646839752776,-1.6129119353737227,-0.057338364205932746,2.2674666115800797,4.597189142468895,6.1801098549763
mango_mdd,small,2019-03-31,2020Q4,8,FFR,2.2885024746175904,0.09000000000000001,2.1985024746175905,-1.87289856355924,-0.1915281963766633,2.3277900723047638,4.717177976285123,6.4264424245787275
mango_mdd,small,2019-03-31,2019Q1,1,GDP,984.4245950700641,984.3493940965847,0.0752009734794683,983.1756018142248,983.6547793249676,984.3929428970434,985.2057728822638,985.7467619345518
mango_mdd,small,2019-03-31,2019Q2,2,GDP,984.8566016972725,985.0201484419601,-0.1635467446876646,982.8543444626738,983.6077745773712,984.811791391781,986.1323773586007,986.8842709449536
mango_mdd,small,2019-03-31,2019Q3,3,GDP,985.3536680531496,985.9061780536628,-0.5525100005131662,982.655941570096,983.7405056971979,985.3393327998378,987.0076359957134,988.0066204826202
mango_mdd,small,2019-03-31,2019Q4,4,GDP,985.8708188763699,986.3482463840766,-0.4774275077066932,982.5652441670696,983.9326314891538,985.8601644045918,987.8105302225206,989.1937320151271
mango_mdd,small,2019-03-31,2020Q1,5,GDP,986.3627332556002,985.1661326692149,1.1966005863853297,982.5889204242513,984.1249514960388,986.2910803508487,988.6417989998083,990.3369894035419
mango_mdd,small,2019-03-31,2020Q2,6,GDP,986.8674619441431,976.3001287902925,10.56733315385054,982.4493223571162,984.3413621710782,986.798485745237,989.4571368798792,991.2999221405091
mango_mdd,small,2019-03-31,2020Q3,7,GDP,987.3873435801487,983.8614041962527,3.5259393838960023,982.4743200365671,984.4978639461884,987.3929015738295,990.2636972744925,992.3464245981461
mango_mdd,small,2019-03-31,2020Q4,8,GDP,987.8869141038003,984.8200081508296,3.0669059529707283,982.7551971022317,984.6568292410996,987.8616177245276,991.0272001915657,993.2552922235205
mango_mdd,small,2019-06-30,2019Q2,1,DEFL,471.69026109475834,472.01403804243495,-0.32377694767660614,471.262566334258,471.4289148176917,471.6934115612195,471.95201255590865,472.12773076723994
mango_mdd,small,2019-06-30,2019Q3,2,DEFL,472.0596242177822,472.33975673527414,-0.2801325174919498,471.31888299880876,471.6134295806133,472.06292316801193,472.51426879178536,472.8102644649449
mango_mdd,small,2019-06-30,2019Q4,3,DEFL,472.42306368113526,472.70603314659263,-0.28296946545737,471.2773003189148,471.77609750835717,472.4241231716335,473.0953991366888,473.5400241596291
mango_mdd,small,2019-06-30,2020Q1,4,DEFL,472.7878605339847,473.1080108856083,-0.32015035162356753,471.2290403474346,471.84989852785213,472.80020011590375,473.7031695402774,474.29552349519423
mango_mdd,small,2019-06-30,2020Q2,5,DEFL,473.17045880816283,472.73258698908967,0.4378718190731661,471.0941164992766,471.98960577670334,473.18046838333817,474.3397242630608,475.13505208152617
mango_mdd,small,2019-06-30,2020Q3,6,DEFL,473.55086368734624,473.59440300679853,-0.04353931945229306,470.9658333907768,472.07500861798144,473.57486476625485,475.0218991518093,476.0234551882492
mango_mdd,small,2019-06-30,2020Q4,7,DEFL,473.9368092464173,474.2250274536357,-0.2882182072183923,470.9034353665245,472.1109299100345,473.95320926881516,475.72477113497797,476.9114363434663
mango_mdd,small,2019-06-30,2021Q1,8,DEFL,474.33009687833805,475.4624139156429,-1.1323170373048583,470.67933086911484,472.18212203694316,474.34979344591807,476.44562557009044,477.7554389507146
mango_mdd,small,2019-06-30,2019Q2,1,FFR,2.349474611765946,2.3966666666666665,-0.047192054900720315,1.0674395971887904,1.5809452905992378,2.3633800315106113,3.0864345104385262,3.5821159868376
mango_mdd,small,2019-06-30,2019Q3,2,FFR,2.214433425856653,2.19,0.0244334258566532,0.22655116068960812,1.0294632165179276,2.2140604103695454,3.4389082618814695,4.193208724818703
mango_mdd,small,2019-06-30,2019Q4,3,FFR,2.175644109543559,1.6433333333333333,0.5323107762102255,-0.1976962967526145,0.6989194368469992,2.1543486338552498,3.6245121321823244,4.702159961297998
mango_mdd,small,2019-06-30,2020Q1,4,FFR,2.169123225527267,1.26,0.909123225527267,-0.5985064580456133,0.500485110332793,2.1933256961844636,3.857056713091676,4.928967314724242
mango_mdd,small,2019-06-30,2020Q2,5,FFR,2.141176291755852,0.06,2.081176291755852,-0.9937257283361374,0.1715894303139104,2.1186562498540606,4.118946958579548,5.372480040297587
mango_mdd,small,2019-06-30,2020Q3,6,FFR,2.092521049614022,0.09333333333333334,1.9991877162806886,-1.44438515131642,-0.0030914943228592465,2.03996391879718,4.228586547506105,5.745168067033415
mango_mdd,small,2019-06-30,2020Q4,7,FFR,2.039295010879441,0.09000000000000001,1.949295010879441,-1.8423263978646518,-0.28641345566434745,2.084609154412147,4.285570443580351,5.887575219821474
mango_mdd,small,2019-06-30,2021Q1,8,FFR,2.0234777894592595,0.08,1.9434777894592594,-2.0906022321545326,-0.4553714096771143,2.0613601705870765,4.484986356130463,6.011701908485849
mango_mdd,small,2019-06-30,2019Q2,1,GDP,985.2187719360371,985.0201484419601,0.1986234940769691,983.9828468526089,984.4524974811396,985.1918286569952,986.0188648124672,986.5705166557981
mango_mdd,small,2019-06-30,2019Q3,2,GDP,985.7207775538244,985.9061780536628,-0.1854004998383516,983.705883413575,984.4606458760416,985.6997613759823,987.001156732354,987.8118680485716
mango_mdd,small,2019-06-30,2019Q4,3,GDP,986.280144395741,986.3482463840766,-0.06810198833557024,983.6363124835578,984.6435585328499,986.2767765207997,987.8905926924484,989.0346701073962
mango_mdd,small,2019-06-30,2020Q1,4,GDP,986.8803793280562,985.1661326692149,1.7142466588412617,983.6096810306948,984.9041975059638,986.8640044663867,988.8122997547524,990.1411348836341
mango_mdd,small,2019-06-30,2020Q2,5,GDP,987.4630564433536,976.3001287902925,11.162927653061047,983.5925864256843,985.1434314653206,987.4943172949338,989.7548744508186,991.2044782958119
mango_mdd,small,2019-06-30,2020Q3,6,GDP,988.0498054464822,983.8614041962527,4.188401250229504,983.6032370941529,985.4391416405346,988.092758641616,990.5674831236892,992.2407026142645
mango_mdd,small,2019-06-30,2020Q4,7,GDP,988.6462245200373,984.8200081508296,3.826216369207714,983.7545330226509,985.7317970290017,988.7121929522905,991.4886351613189,993.43904427791
mango_mdd,small,2019-06-30,2021Q1,8,GDP,989.214878617274,986.3510201204363,2.8638584968377927,983.855982086734,986.0809538192706,989.3304343861748,992.2514437616124,994.3476042278153
mango_mdd,small,2019-09-30,2019Q3,1,DEFL,472.52578245131144,472.33975673527414,0.18602571603730667,472.11193290518275,472.2608806003419,472.5324355033654,472.7754775337477,472.94254275204366
mango_mdd,small,2019-09-30,2019Q4,2,DEFL,473.0479282317051,472.70603314659263,0.34189508511246913,472.32650634027203,472.59444965538256,473.0504474474602,473.4893605456145,473.7722368385591
mango_mdd,small,2019-09-30,2020Q1,3,DEFL,473.58020474773775,473.1080108856083,0.47219386212947256,472.4957531324336,472.92152415511487,473.6012111462211,474.20562636292993,474.64293841346597
mango_mdd,small,2019-09-30,2020Q2,4,DEFL,474.1506551045804,472.73258698908967,1.418068115490712,472.67478464870226,473.2455069333503,474.18661719536914,475.0189092240934,475.58998104824633
mango_mdd,small,2019-09-30,2020Q3,5,DEFL,474.72050587585,473.59440300679853,1.126102869051465,472.77788889032485,473.5228218832697,474.7555429932935,475.8436773318974,476.6248589155446
mango_mdd,small,2019-09-30,2020Q4,6,DEFL,475.302535328661,474.2250274536357,1.0775078750253329,472.8685962971109,473.8517469411018,475.3472727908527,476.7408097012445,477.6162616966518
mango_mdd,small,2019-09-30,2021Q1,7,DEFL,475.8931765324873,475.4624139156429,0.4307626168443903,472.95511442997514,474.11026606205405,475.9758102750661,477.6522355018672,478.72884924380315
mango_mdd,small,2019-09-30,2021Q2,8,DEFL,476.4965352928557,477.0023388948485,-0.5058036019927954,473.05179920226203,474.35866006840587,476.5517734167838,478.52087409433483,479.83069014502104
mango_mdd,small,2019-09-30,2019Q3,1,FFR,2.3512537373775446,2.19,0.16125373737754467,1.1383040416659573,1.567812521983102,2.3672772918061895,3.0882397390741576,3.6272154326305777
mango_mdd,small,2019-09-30,2019Q4,2,FFR,2.4056179332924357,1.6433333333333333,0.7622845999591024,0.44197414871361257,1.1787205817486177,2.365351376221194,3.6422832083266026,4.417173070751908
mango_mdd,small,2019-09-30,2020Q1,3,FFR,2.4275125575468324,1.26,1.1675125575468324,0.009673355638651399,1.011454153742312,2.4309995311730956,3.894812657738234,4.922292684560659
mango_mdd,small,2019-09-30,2020Q2,4,FFR,2.3768423554916978,0.06,2.3168423554916977,-0.40713459334068525,0.6234980305976666,2.379407818876741,4.04640311895726,5.181767908819695
mango_mdd,small,2019-09-30,2020Q3,5,FFR,2.3597928948932942,0.09333333333333334,2.266459561559961,-0.8302755405284995,0.3846733064670589,2.3179783776339855,4.306806986303606,5.5983711455568175
mango_mdd,small,2019-09-30,2020Q4,6,FFR,2.3500947866112893,0.09000000000000001,2.2600947866112895,-1.264385598392229,0.20706009405562167,2.3006319563273223,4.4652029520877425,6.069229423713615
mango_mdd,small,2019-09-30,2021Q1,7,FFR,2.3061072195060026,0.08,2.2261072195060025,-1.5894828117572348,0.009892210300590062,2.3629685832907157,4.545949905681044,6.251663543576736
mango_mdd,small,2019-09-30,2021Q2,8,FFR,2.2837520194935523,0.07,2.2137520194935525,-1.9570862247031173,-0.2729429915602485,2.341281172674841,4.742202055643026,6.437516554931334
mango_mdd,small,2019-09-30,2019Q3,1,GDP,985.8156784668059,985.9061780536628,-0.09049958685682213,984.5720867215739,985.0377613723813,985.7856945729925,986.5750657726552,987.1839536904962
mango_mdd,small,2019-09-30,2019Q4,2,GDP,986.3702051921847,986.3482463840766,0.021958808108138328,984.3111707619008,985.1575367991657,986.3643075188827,987.6254620990568,988.3995015562728
mango_mdd,small,2019-09-30,2020Q1,3,GDP,986.8766340850539,985.1661326692149,1.7105014158389622,984.2062934664681,985.2497267914881,986.8553176551179,988.4494258300817,989.5175635926943
mango_mdd,small,2019-09-30,2020Q2,4,GDP,987.3655619802395,976.3001287902925,11.06543318994693,984.0897020197948,985.4416340604105,987.3494621125981,989.2885970788516,990.5773912559895
mango_mdd,small,2019-09-30,2020Q3,5,GDP,987.850448541778,983.8614041962527,3.989044345525258,984.0388026593193,985.6158696346232,987.865897314105,990.0682307012281,991.6525555086486
mango_mdd,small,2019-09-30,2020Q4,6,GDP,988.3514486499275,984.8200081508296,3.5314404990979256,983.8947152202734,985.7712973916272,988.3822963871511,990.8576386094076,992.5150708814692
mango_mdd,small,2019-09-30,2021Q1,7,GDP,988.8589242767844,986.3510201204363,2.507904156348104,983.9502303424425,986.0202461265922,988.9316519446268,991.7012869857625,993.4989484145891
mango_mdd,small,2019-09-30,2021Q2,8,GDP,989.331980929392,988.0436302173482,1.2883507120437798,983.8997670985509,986.2556824098435,989.4016114619171,992.3668915477792,994.4700295196784
mango_mdd,small,2019-12-31,2019Q4,1,DEFL,472.88650617009563,472.70603314659263,0.18047302350299788,472.4749151717649,472.61986860824624,472.88617046161875,473.14480429318377,473.31048472156886
mango_mdd,small,2019-12-31,2020Q1,2,DEFL,473.3373012295477,473.1080108856083,0.22929034393939673,472.6070717866373,472.87934667465674,473.34112502783495,473.78143214585236,474.0735376074537
mango_mdd,small,2019-12-31,2020Q2,3,DEFL,473.8220535133666,472.73258698908967,1.0894665242769292,472.7215481743071,473.1563376102994,473.8245424640321,474.4752465293452,474.94766090928357
mango_mdd,small,2019-12-31,2020Q3,4,DEFL,474.2829707674124,473.59440300679853,0.6885677606138643,472.72813633664623,473.35778354171276,474.27896299025656,475.18765937060095,475.8057935852141
mango_mdd,small,2019-12-31,2020Q4,5,DEFL,474.7596722895899,474.2250274536357,0.5346448359542251,472.7767647852598,473.54914227201436,474.7975053258316,475.9326025465045,476.67253437980463
mango_mdd,small,2019-12-31,2021Q1,6,DEFL,475.2427010448515,475.4624139156429,-0.21971287079139756,472.7763805947973,473.72655380726246,475.3078715912876,476.6916736925377,477.64717916868005
mango_mdd,small,2019-12-31,2021Q2,7,DEFL,475.72830211512803,477.0023388948485,-1.2740367797204613,472.73880027780115,473.8514417014178,475.8048756952437,477.4778527449344,478.62496271520996
mango_mdd,small,2019-12-31,2021Q3,8,DEFL,476.21830393798183,478.5088858165736,-2.2905818785917518,472.6358682338564,473.99422883110196,476.3044351841006,478.32052132299594,479.6898521189829
mango_mdd,small,2019-12-31,2019Q4,1,FFR,2.3085040222524675,1.6433333333333333,0.6651706889191342,1.0614206295150153,1.5757194388683873,2.3201834721762244,3.0473351142867933,3.537130570221494
mango_mdd,small,2019-12-31,2020Q1,2,FFR,2.358960118038737,1.26,1.0989601180387372,0.4461497215126769,1.1588115303969937,2.359883661847891,3.577471236553522,4.330785350237571
mango_mdd,small,2019-12-31,2020Q2,3,FFR,2.2523644558426863,0.06,2.1923644558426862,-0.16214176735996086,0.8035867766748178,2.236662628161908,3.7686937908707505,4.697107637294808
mango_mdd,small,2019-12-31,2020Q3,4,FFR,2.2294059095550005,0.09333333333333334,2.1360725762216672,-0.5752774511017166,0.48242396812324256,2.2196178678394856,3.926870565072212,5.078525877780707
mango_mdd,small,2019-12-31,2020Q4,5,FFR,2.2904205334739727,0.09000000000000001,2.200420533473973,-0.8982185394528879,0.37333501198824803,2.1889590358613518,4.248417444575055,5.5792655989164075
mango_mdd,small,2019-12-31,2021Q1,6,FFR,2.2765819607339464,0.08,2.1965819607339463,-1.3828650027532863,0.12423760968674281,2.2507672394132774,4.455498273220181,5.915723179328168
mango_mdd,small,2019-12-31,2021Q2,7,FFR,2.213258701640079,0.07,2.1432587016400793,-1.8028939664768902,-0.14378399671385128,2.233127489081514,4.594675299037733,6.050874161628235
mango_mdd,small,2019-12-31,2021Q3,8,FFR,2.218826012197837,0.09000000000000001,2.128826012197837,-2.0840501444039097,-0.25866709611944094,2.243089493396312,4.63717183583741,6.300408180998593
mango_mdd,small,2019-12-31,2019Q4,1,GDP,986.4429080293243,986.3482463840766,0.09466164524769738,985.2004185892735,985.6831530304227,986.4151903801492,987.2192652391575,987.7711987644902
mango_mdd,small,2019-12-31,2020Q1,2,GDP,987.0255850712616,985.1661326692149,1.8594524020467134,985.0109365062375,985.8155952589627,986.9901157780268,988.2722601204749,989.0708099131676
mango_mdd,small,2019-12-31,2020Q2,3,GDP,987.5518885241783,976.3001287902925,11.251759733885706,984.8734806676417,985.8997001579039,987.5608675707267,989.1423132496698,990.1751427088192
mango_mdd,small,2019-12-31,2020Q3,4,GDP,988.1331213552961,983.8614041962527,4.271717159043419,984.9013408298048,986.2316246168381,988.0846576773878,990.0903891956192,991.355675685474
mango_mdd,small,2019-12-31,2020Q4,5,GDP,988.6891914387506,984.8200081508296,3.8691832879210324,984.946178574502,986.4523548617416,988.6257870275431,991.0035998640159,992.3729868835793
mango_mdd,small,2019-12-31,2021Q1,6,GDP,989.2457608506511,986.3510201204363,2.894740730214835,985.0543260049376,986.686460459587,989.253279261022,991.7330987113596,993.5288173308323
mango_mdd,small,2019-12-31,2021Q2,7,GDP,989.7909688509542,988.0436302173482,1.7473386336059775,985.0989594468504,986.9119427554714,989.8134029675883,992.6187568207578,994.553192603211
mango_mdd,small,2019-12-31,2021Q3,8,GDP,990.3182559715398,988.6981778641465,1.620078107393283,985.0511844966062,987.2323193504639,990.3727173386021,993.3682881006818,995.5763325368766
