strategy,model_size,forecast_origin,target_quarter,horizon_quarters,variable,mean,actual,error,p05,p16,median,p84,p95
mango_rmse_random,medium,2000-03-31,2000Q1,1,CONS,872.5972424914179,905.3176373327199,-32.72039484130198,871.6294616826257,872.0140827789563,872.597226587404,873.1817257177562,873.5902483228181
mango_rmse_random,medium,2000-03-31,2000Q2,2,CONS,873.6686572542981,906.2470675410377,-32.578410286739654,872.1509029600837,872.7790604795578,873.6810527828993,874.5432230451025,875.1703156886874
mango_rmse_random,medium,2000-03-31,2000Q3,3,CONS,874.6739090086858,907.2005920251266,-32.52668301644087,872.5904939134381,873.4494890032221,874.6741659374571,875.8756666320928,876.7298799059436
mango_rmse_random,medium,2000-03-31,2000Q4,4,CONS,875.6022212592358,908.0704809313119,-32.4682596720761,872.8444394754515,873.969497058745,875.6576921230967,877.1374672756938,878.324887141968
mango_rmse_random,medium,2000-03-31,2001Q1,5,CONS,876.5493687192014,908.4325119413213,-31.883143222119884,873.0932420151139,874.4716243269309,876.552451492111,878.583806771635,879.9107638912823
mango_rmse_random,medium,2000-03-31,2001Q2,6,CONS,877.4002822892122,908.6332175148394,-31.232935225627216,873.2453421007415,874.8506911830045,877.463504233207,879.8750228988067,881.4318294869101
mango_rmse_random,medium,2000-03-31,2001Q3,7,CONS,878.2161099407683,908.9805866997402,-30.76447675897191,873.1984908092242,875.1596725997513,878.3038539290696,881.0581608445605,883.2534943105691
mango_rmse_random,medium,2000-03-31,2001Q4,8,CONS,879.0415677894101,910.5812176510452,-31.539649861635098,873.2791919273124,875.4659249083387,879.0935439167415,882.4178164732714,885.0598113092486
mango_rmse_random,medium,2000-03-31,2000Q1,1,DEFL,466.02790239477247,434.80173185711334,31.22617053765913,465.1648798281644,465.4919414417393,466.018406722191,466.5481255031514,466.93273965685745
mango_rmse_random,medium,2000-03-31,2000Q2,2,DEFL,466.54969572135076,435.4231401429961,31.12655557835467,465.0654887075541,465.59613359910867,466.5307191533975,467.48430990609165,468.14126650607125
mango_rmse_random,medium,2000-03-31,2000Q3,3,DEFL,467.14737794793984,436.0074949806811,31.139882967258757,464.91045653512083,465.7207328214377,467.12225269645364,468.5812705759011,469.48367591036896
mango_rmse_random,medium,2000-03-31,2000Q4,4,DEFL,467.84709618713595,436.5490666033782,31.29802958375774,464.7880151936709,465.9555586895417,467.84452958417774,469.7925282390589,471.07084386982973
mango_rmse_random,medium,2000-03-31,2001Q1,5,DEFL,468.59047119296395,437.2026802595548,31.38779093340912,464.6095833655718,466.0789059620414,468.4973772639345,471.12690405483613,472.68438666725734
mango_rmse_random,medium,2000-03-31,2001Q2,6,DEFL,469.36010370239586,437.8056263169986,31.554477385397263,464.21886748930115,466.2412309567948,469.3787038425806,472.5349054124802,474.4649497628765
mango_rmse_random,medium,2000-03-31,2001Q3,7,DEFL,470.1715823108858,438.197663342384,31.973918968501835,463.9373275455209,466.30491949754276,470.2335444615876,473.9740887717993,476.4188955147993
mango_rmse_random,medium,2000-03-31,2001Q4,8,DEFL,471.00201741685515,438.50844547731197,32.49357193954319,463.57752642943274,466.4168055597615,471.0760554501112,475.4959415609189,478.16039677302757
mango_rmse_random,medium,2000-03-31,2000Q1,1,FFR,5.298537691037659,5.676666666666667,-0.37812897562900805,3.512638833946046,4.222134153098814,5.301269965536999,6.353251017302493,7.084747976608984
mango_rmse_random,medium,2000-03-31,2000Q2,2,FFR,5.370762882058332,6.273333333333333,-0.9025704512750012,2.5614095640288506,3.697856193014273,5.437736816792717,6.977142951797144,8.17269888335522
mango_rmse_random,medium,2000-03-31,2000Q3,3,FFR,5.581491328179767,6.52,-0.9385086718202329,2.012068246208652,3.4746232524372744,5.613906343058364,7.6856212290446155,9.091503681696313
mango_rmse_random,medium,2000-03-31,2000Q4,4,FFR,5.77989281761873,6.473333333333334,-0.6934405157146033,1.6678852529503425,3.3103326703922398,5.776122095479797,8.224370692502655,10.050075795839746
mango_rmse_random,medium,2000-03-31,2001Q1,5,FFR,6.015115140655379,5.593333333333334,0.42178180732204495,1.2895808061859932,3.312624893089535,5.974331129561318,8.83554057721906,11.019862645116696
mango_rmse_random,medium,2000-03-31,2001Q2,6,FFR,6.169809204621605,4.326666666666667,1.8431425379549378,0.7213890631321908,3.0019382076095233,6.216346473746415,9.337965793047927,11.538921762418134
mango_rmse_random,medium,2000-03-31,2001Q3,7,FFR,6.2565031301998255,3.4966666666666666,2.759836463533159,0.3024849552285261,2.7134311912880316,6.251849301819423,9.879934404211355,12.110689710163333
mango_rmse_random,medium,2000-03-31,2001Q4,8,FFR,6.369432204513377,2.1333333333333333,4.236098871180044,-0.21041932937914987,2.4755609169172312,6.420901528108091,10.176600946300873,12.630237082333286
mango_rmse_random,medium,2000-03-31,2000Q1,1,GDP,911.8494593733972,946.771157645587,-34.921698272189815,910.446927525611,910.9701816024775,911.8644182115429,912.674284494259,913.2105212144693
mango_rmse_random,medium,2000-03-31,2000Q2,2,GDP,912.8689203828127,948.5753664798251,-35.70644609701242,910.7318650755166,911.5868702401253,912.8643777294465,914.1590809451959,915.0579097126557
mango_rmse_random,medium,2000-03-31,2000Q3,3,GDP,913.7906295252708,948.6750908667843,-34.88446134151354,910.9615371937599,912.1028772187798,913.8220317162911,915.4183414928957,916.7038592953198
mango_rmse_random,medium,2000-03-31,2000Q4,4,GDP,914.6814957787037,949.2676932603196,-34.58619748161584,911.1352056148897,912.5833489776228,914.7355411289068,916.7806852609497,918.0441951279303
mango_rmse_random,medium,2000-03-31,2001Q1,5,GDP,915.4434985073988,948.9429455219695,-33.499447014570706,911.2205617286025,912.914600052905,915.5136919547549,917.8757345771025,919.4535757687594
mango_rmse_random,medium,2000-03-31,2001Q2,6,GDP,916.1562563717382,949.5624120747524,-33.40615570301418,911.2900796095872,913.3079537272245,916.3306199631509,918.9895960609201,920.8994004262065
mango_rmse_random,medium,2000-03-31,2001Q3,7,GDP,916.8235776873512,949.1612595166631,-32.33768182931192,911.379521760072,913.4508986166074,916.8590841496718,919.9216496994791,922.3699704412995
mango_rmse_random,medium,2000-03-31,2001Q4,8,GDP,917.4804585909526,949.4381900682963,-31.957731477343714,911.382688483071,913.698929033433,917.5188423816126,921.0146650827726,923.5955129456534
mango_rmse_random,medium,2000-03-31,2000Q1,1,HOURS,479.14359219702646,464.62929352770965,14.514298669316815,477.74864713534276,478.2914127052128,479.14390287771397,479.9858647758979,480.4886864539868
mango_rmse_random,medium,2000-03-31,2000Q2,2,HOURS,479.8549390501399,464.9158362858808,14.939102764259076,477.4485172919386,478.42465621044346,479.84702814828756,481.2902817668759,482.2300633349906
mango_rmse_random,medium,2000-03-31,2000Q3,3,HOURS,480.5542087925798,464.8794649920018,15.674743800578028,477.4632832560116,478.5950314698908,480.49864581196334,482.54021344242284,483.773055057566
mango_rmse_random,medium,2000-03-31,2000Q4,4,HOURS,481.0853457980288,464.5390399474456,16.546305850583224,477.15923259549925,478.7835117230607,481.04769075632,483.4274214534789,485.2076501517995
mango_rmse_random,medium,2000-03-31,2001Q1,5,HOURS,481.5092176677326,464.48138865926427,17.02782900846836,476.88232625044435,478.7930980658742,481.5361792374225,484.2327958609748,486.1827549416607
mango_rmse_random,medium,2000-03-31,2001Q2,6,HOURS,481.89275536596176,463.52240113165556,18.370354234306205,476.60339644232846,478.75682888298303,481.93154718282346,484.9761785555827,487.2338766039511
mango_rmse_random,medium,2000-03-31,2001Q3,7,HOURS,482.19232580344493,462.2744843004602,19.917841502984743,476.253901526309,478.6721110432049,482.22329095272323,485.71718275751016,488.0751522689202
mango_rmse_random,medium,2000-03-31,2001Q4,8,HOURS,482.492840922228,461.1539856495769,21.33885527265113,476.0130209141356,478.5293859357004,482.6269866240265,486.3023234327442,489.18424427504254
mango_rmse_random,medium,2000-03-31,2000Q1,1,INV,745.0944738537887,772.1840069847244,-27.089533130935706,737.3660252617988,740.5091470705898,745.0883098564054,749.5918668301885,752.6645624784685
mango_rmse_random,medium,2000-03-31,2000Q2,2,INV,746.6211242161078,777.9355292465062,-31.31440503039846,735.1852160222614,739.4532347217607,746.6658716881077,753.5419272555529,758.1835759420646
mango_rmse_random,medium,2000-03-31,2000Q3,3,INV,748.1293551135601,776.94943611584,-28.820081002279835,732.9803097280104,739.0505395412678,747.9765754766677,757.2466070231352,763.5857653975158
mango_rmse_random,medium,2000-03-31,2000Q4,4,INV,749.610538300498,777.1408234109886,-27.53028511049058,731.5507736360873,738.7911193817437,749.3297325419087,760.5807094958126,769.0378057648713
mango_rmse_random,medium,2000-03-31,2001Q1,5,INV,750.0049334461332,772.4977657957813,-22.492832349648097,729.0969614757353,737.2521453338563,749.5224002962824,762.8286754577474,772.3376289989669
mango_rmse_random,medium,2000-03-31,2001Q2,6,INV,750.4044667196378,772.6403633592433,-22.235896639605585,725.5511127524787,735.5881506145614,750.2048399456448,765.4283718923641,776.3212718313955
mango_rmse_random,medium,2000-03-31,2001Q3,7,INV,750.4156156565905,770.4527970950121,-20.037181438421612,721.6682906590169,733.472050751082,750.2679732588517,767.2091352134447,780.7069948460303
mango_rmse_random,medium,2000-03-31,2001Q4,8,INV,750.7036509193947,765.3732073186615,-14.669556399266753,718.7403769464262,731.3632202526403,750.530896884524,769.3688441416384,783.7487605366309
mango_rmse_random,medium,2000-03-31,2000Q1,1,WAGE,468.3358906447012,452.8882917815972,15.447598863103963,467.34280112882965,467.7240138783215,468.3456140051684,468.93608647298385,469.3306039578299
mango_rmse_random,medium,2000-03-31,2000Q2,2,WAGE,468.78593695896456,452.3580448948137,16.427892064150853,467.1273240870665,467.8042631759932,468.82514630363073,469.73594632861466,470.31758150370155
mango_rmse_random,medium,2000-03-31,2000Q3,3,WAGE,469.2068405143454,453.3781589900438,15.8286815243016,466.94664928393405,467.9295830926477,469.2479918536892,470.504529794584,471.37492451914085
mango_rmse_random,medium,2000-03-31,2000Q4,4,WAGE,469.5987297000535,453.23951712056794,16.359212579485586,466.8069309356853,468.0462955833324,469.62148974049546,471.1706442409542,472.21910082314344
mango_rmse_random,medium,2000-03-31,2001Q1,5,WAGE,470.0233695502691,454.5048562646711,15.518513285597976,466.6900483532672,468.1345300983611,470.0419172220101,471.95446319984245,473.20463362378956
mango_rmse_random,medium,2000-03-31,2001Q2,6,WAGE,470.38613577949457,454.1708418276762,16.215293951818353,466.608936947722,468.17743854831673,470.3884376504925,472.68671227478217,474.07918221479576
mango_rmse_random,medium,2000-03-31,2001Q3,7,WAGE,470.7508581822249,454.0471652049154,16.70369297730946,466.4412220222487,468.2819381449989,470.72559551291215,473.37743396880563,475.01082475922044
mango_rmse_random,medium,2000-03-31,2001Q4,8,WAGE,471.11736416340176,455.048166063729,16.069198099672747,466.3313890967129,468.24375939347186,471.04026727858843,474.0655195383236,476.1176199909196
mango_rmse_random,medium,2000-06-30,2000Q2,1,CONS,874.5451434288063,906.2470675410377,-31.70192411223138,873.5292970150383,873.9382449780699,874.5474783469158,875.1531271916019,875.5402727014545
mango_rmse_random,medium,2000-06-30,2000Q3,2,CONS,875.6313830021563,907.2005920251266,-31.569209022970313,874.1070221336256,874.6684939020427,875.6027998531774,876.6179701657613,877.2306875323237
mango_rmse_random,medium,2000-06-30,2000Q4,3,CONS,876.7070795392675,908.0704809313119,-31.363401392044352,874.4155371635691,875.3682355068261,876.7115268821867,878.1119779623572,878.8679187551311
mango_rmse_random,medium,2000-06-30,2001Q1,4,CONS,877.6470429502555,908.4325119413213,-30.78546899106584,874.7105117750277,875.8999205462765,877.6824838811425,879.4068610218422,880.6012429335223
mango_rmse_random,medium,2000-06-30,2001Q2,5,CONS,878.5244632586265,908.6332175148394,-30.108754256212933,874.8581972122935,876.2264633870193,878.5380429197597,880.7045547682649,882.1354669065537
mango_rmse_random,medium,2000-06-30,2001Q3,6,CONS,879.3748187669121,908.9805866997402,-29.605767932828144,874.9148403284053,876.6214527103854,879.4136530411616,881.9807051369722,883.7760012075653
mango_rmse_random,medium,2000-06-30,2001Q4,7,CONS,880.2223010636943,910.5812176510452,-30.358916587350905,875.0245868432984,877.0334592469994,880.1817686465142,883.4341988946277,885.4410006576883
mango_rmse_random,medium,2000-06-30,2002Q1,8,CONS,881.015129943645,910.8036070224157,-29.78847707877071,875.0586073840557,877.3854094555629,880.989673658109,884.6821356914057,886.9413777560966
mango_rmse_random,medium,2000-06-30,2000Q2,1,DEFL,466.94752926072385,435.4231401429961,31.524389117727765,466.0743988707017,466.42831606066653,466.9595728920398,467.4826788105524,467.81854795663975
mango_rmse_random,medium,2000-06-30,2000Q3,2,DEFL,467.59457713472096,436.0074949806811,31.587082154039877,466.1221099567571,466.68443144773,467.5850920148,468.5032706618391,469.08700751700627
mango_rmse_random,medium,2000-06-30,2000Q4,3,DEFL,468.3411945310037,436.5490666033782,31.792127927625472,466.1652437963865,466.97087296386036,468.3233348393132,469.6702778913004,470.56813470696284
mango_rmse_random,medium,2000-06-30,2001Q1,4,DEFL,469.17236707421677,437.2026802595548,31.96968681466194,466.2067530849496,467.33007446365974,469.17444273227875,470.94543015145933,472.3672285658075
mango_rmse_random,medium,2000-06-30,2001Q2,5,DEFL,470.0166543992084,437.8056263169986,32.21102808220979,466.1702137816152,467.56758729141615,470.0393496711052,472.34231080146617,474.1531088331009
mango_rmse_random,medium,2000-06-30,2001Q3,6,DEFL,470.91842782454853,438.197663342384,32.720764482164554,466.0820315225361,467.93235200431906,470.9140922956482,473.84796560031424,476.306385452203
mango_rmse_random,medium,2000-06-30,2001Q4,7,DEFL,471.8624597755177,438.50844547731197,33.354014298205755,465.97584619552117,468.2083787910572,471.8179728939938,475.3204026200856,478.41972073292465
mango_rmse_random,medium,2000-06-30,2002Q1,8,DEFL,472.81763429886337,438.83068726310324,33.986947035760124,465.82735483287615,468.4877038206743,472.8062672226929,476.94201288310336,480.4892847340449
mango_rmse_random,medium,2000-06-30,2000Q2,1,FFR,6.103806809539541,6.273333333333333,-0.16952652379379263,4.410748832173368,5.084674306052072,6.121557498507402,7.110975104853291,7.75860542789316
mango_rmse_random,medium,2000-06-30,2000Q3,2,FFR,6.256809830126476,6.52,-0.26319016987352395,3.6293707714573986,4.7112255777750285,6.227077828950902,7.858185607540037,8.9941405006094
mango_rmse_random,medium,2000-06-30,2000Q4,3,FFR,6.588215549545504,6.473333333333334,0.11488221621217054,3.281924346240843,4.54325529250041,6.571730615094429,8.705014348815736,10.05030373085387
mango_rmse_random,medium,2000-06-30,2001Q1,4,FFR,6.85003383163254,5.593333333333334,1.2567004982992067,2.792228441831519,4.423437942369132,6.840507453411684,9.3272236544417,11.109621826702137
mango_rmse_random,medium,2000-06-30,2001Q2,5,FFR,6.9873889617999,4.326666666666667,2.660722295133233,2.300414160650896,4.090587298116023,6.992475277085807,9.889335426264555,11.636743042265698
mango_rmse_random,medium,2000-06-30,2001Q3,6,FFR,7.060615780679028,3.4966666666666666,3.563949114012362,1.9606185963753677,3.940238075786479,7.1353112887051475,10.094941762413969,12.184559444221069
mango_rmse_random,medium,2000-06-30,2001Q4,7,FFR,7.125065417422297,2.1333333333333333,4.991732084088964,1.4404322924722721,3.820649924076385,7.159769514775563,10.39964365137181,12.815185383600193
mango_rmse_random,medium,2000-06-30,2002Q1,8,FFR,7.189648084572194,1.7333333333333334,5.45631475123886,1.1163655924728886,3.6178021262425073,7.222828423250828,10.731607300122443,13.14072259693172
mango_rmse_random,medium,2000-06-30,2000Q2,1,GDP,913.614880732866,948.5753664798251,-34.96048574695908,912.063556889201,912.7446994826162,913.6085558010716,914.4970130687703,915.0955069130782
mango_rmse_random,medium,2000-06-30,2000Q3,2,GDP,914.7787573454551,948.6750908667843,-33.89633352132921,912.5041399671848,913.3957365366413,914.7371987544991,916.2021457139257,917.0842656883416
mango_rmse_random,medium,2000-06-30,2000Q4,3,GDP,915.6681600617115,949.2676932603196,-33.599533198608015,912.7224893609402,913.823905298367,915.6687684817168,917.5395000153875,918.8200608159701
mango_rmse_random,medium,2000-06-30,2001Q1,4,GDP,916.5213551557323,948.9429455219695,-32.42159036623718,912.6505307012987,914.2510868760295,916.5068049109964,918.7668962928701,920.4552167302937
mango_rmse_random,medium,2000-06-30,2001Q2,5,GDP,917.2109293451384,949.5624120747524,-32.35148272961396,912.7501612901377,914.5398994669479,917.1606236280829,919.9405200366983,921.7451787005361
mango_rmse_random,medium,2000-06-30,2001Q3,6,GDP,917.8500709081255,949.1612595166631,-31.311188608537577,912.6559479203562,914.7241866808884,917.7732744078147,920.9172268468781,923.1966907078338
mango_rmse_random,medium,2000-06-30,2001Q4,7,GDP,918.5146748181666,949.4381900682963,-30.923515250129753,912.6468270875285,915.0718032757347,918.4817065904308,921.9399666546313,924.6864658714005
mango_rmse_random,medium,2000-06-30,2002Q1,8,GDP,919.1307551120422,950.2630063031164,-31.13225119107426,912.6557557623784,915.1947831385493,919.0582018258237,922.9244069335801,925.9372904576838
mango_rmse_random,medium,2000-06-30,2000Q2,1,HOURS,480.4250051404193,464.9158362858808,15.509168854538473,479.06472324274233,479.6258375219772,480.4041565233057,481.2539565941149,481.7945239649441
mango_rmse_random,medium,2000-06-30,2000Q3,2,HOURS,481.33720915925244,464.8794649920018,16.457744167250667,478.949217331841,479.84439327843774,481.3377667684778,482.821234786998,483.81984599921515
mango_rmse_random,medium,2000-06-30,2000Q4,3,HOURS,482.0366638444111,464.5390399474456,17.497623896965536,478.6430059705386,479.99489129054245,482.0371854582755,484.04713943957205,485.4903936302803
mango_rmse_random,medium,2000-06-30,2001Q1,4,HOURS,482.5951383604125,464.48138865926427,18.11374970114821,478.47914334062057,480.1157454704307,482.4959198713504,485.1509661885382,486.77239418761104
mango_rmse_random,medium,2000-06-30,2001Q2,5,HOURS,482.97779882329183,463.52240113165556,19.45539769163628,478.0303484414037,480.04295023643414,482.9445424943325,486.03335027982104,487.9119609128549
mango_rmse_random,medium,2000-06-30,2001Q3,6,HOURS,483.27991722429806,462.2744843004602,21.005432923837873,477.62543472045985,479.82177335148003,483.2102225370649,486.7440484587141,488.8791572878131
mango_rmse_random,medium,2000-06-30,2001Q4,7,HOURS,483.5785643932518,461.1539856495769,22.424578743674886,477.56720324603606,479.70792744917634,483.5701186341944,487.33685342290744,489.8155453849778
mango_rmse_random,medium,2000-06-30,2002Q1,8,HOURS,483.81099701774895,460.304793560699,23.506203457049935,477.0840049401006,479.73500496128014,483.7564219018602,487.883692653235,490.67103991800576
mango_rmse_random,medium,2000-06-30,2000Q2,1,INV,749.4540468107612,777.9355292465062,-28.48148243574508,741.9541652089122,744.9881290528951,749.3149489304185,754.1412330948223,757.2040044276031
mango_rmse_random,medium,2000-06-30,2000Q3,2,INV,751.5618023226443,776.94943611584,-25.38763379319562,740.5964029401301,744.6814104459002,751.5025452726488,758.3603765938351,763.1456750803368
mango_rmse_random,medium,2000-06-30,2000Q4,3,INV,752.4495510827369,777.1408234109886,-24.69127232825167,738.1075049802306,743.4707901065502,752.3903317915007,761.5567970815553,767.1184070151951
mango_rmse_random,medium,2000-06-30,2001Q1,4,INV,753.6009570385294,772.4977657957813,-18.89680875725196,735.6713396905312,742.9081980010906,753.3486330325402,764.0045499052827,771.682610684273
mango_rmse_random,medium,2000-06-30,2001Q2,5,INV,753.285239273187,772.6403633592433,-19.35512408605632,733.4230248113638,740.2803519846658,753.2317062281204,765.3672054955008,774.5111676526308
mango_rmse_random,medium,2000-06-30,2001Q3,6,INV,752.9349580834178,770.4527970950121,-17.517839011594333,729.9132299891875,739.1290084409841,753.1844250386845,766.8347854165382,777.6028250288725
mango_rmse_random,medium,2000-06-30,2001Q4,7,INV,752.9270583869184,765.3732073186615,-12.446148931743096,726.2164891119701,737.772811756472,752.8260102061304,768.0563803954224,779.396394867911
mango_rmse_random,medium,2000-06-30,2002Q1,8,INV,752.9803378545236,768.2808199922722,-15.300482137748645,722.7633834374951,735.9773189595709,753.2088465163699,769.9854101696475,782.2866638170722
mango_rmse_random,medium,2000-06-30,2000Q2,1,WAGE,468.5241994038547,452.3580448948137,16.166154509041007,467.5343571048383,467.92283523549554,468.5293191680899,469.1234470952277,469.5171544478741
mango_rmse_random,medium,2000-06-30,2000Q3,2,WAGE,468.7457367604649,453.3781589900438,15.367577770421121,467.17493827219533,467.82917390006764,468.74947750935837,469.67631615058133,470.2625920176936
mango_rmse_random,medium,2000-06-30,2000Q4,3,WAGE,469.0937547739659,453.23951712056794,15.854237653397945,467.0431172547673,467.88095608767463,469.0951210166863,470.2723968597967,471.0975812594991
mango_rmse_random,medium,2000-06-30,2001Q1,4,WAGE,469.448606430161,454.5048562646711,14.943750165489917,466.7282400339815,467.91781826275866,469.51418808903674,470.98857237861773,471.9470440154289
mango_rmse_random,medium,2000-06-30,2001Q2,5,WAGE,469.78394361076727,454.1708418276762,15.613101783091054,466.6327222662064,467.9641479327288,469.8043702308149,471.59641537180306,472.68094156251493
mango_rmse_random,medium,2000-06-30,2001Q3,6,WAGE,470.13926749266767,454.0471652049154,16.092102287752255,466.568857131534,468.01464180785933,470.2031709899993,472.2790802826194,473.56862245245617
mango_rmse_random,medium,2000-06-30,2001Q4,7,WAGE,470.466905037652,455.048166063729,15.418738973922984,466.3285227129659,468.07689239967567,470.5503724434118,472.85190175464277,474.44793096489474
mango_rmse_random,medium,2000-06-30,2002Q1,8,WAGE,470.8103338843946,455.1706116118767,15.639722272517872,466.157151841007,468.0968170985924,470.789627332096,473.4624965762169,475.19206595989
mango_rmse_random,medium,2000-09-30,2000Q3,1,CONS,875.2432954261131,907.2005920251266,-31.95729659901349,874.2358169743137,874.6243723294571,875.2514868713514,875.8710977003544,876.2659038311333
mango_rmse_random,medium,2000-09-30,2000Q4,2,CONS,876.2365832096448,908.0704809313119,-31.833897721667086,874.6343171340638,875.303805978981,876.2377575745397,877.1846003943228,877.8093162903128
mango_rmse_random,medium,2000-09-30,2001Q1,3,CONS,877.2310459736586,908.4325119413213,-31.20146596766267,874.9283723121903,875.9359151367477,877.2550434777022,878.5608799241346,879.3283990843508
mango_rmse_random,medium,2000-09-30,2001Q2,4,CONS,878.2334011812909,908.6332175148394,-30.39981633354853,875.2933055468,876.4556897818774,878.2657389208746,879.9484020465555,881.0949130432602
mango_rmse_random,medium,2000-09-30,2001Q3,5,CONS,879.2827398577272,908.9805866997402,-29.697846842013064,875.6032826901325,877.0830328604119,879.3161194461456,881.5390447856173,882.9123933683065
mango_rmse_random,medium,2000-09-30,2001Q4,6,CONS,880.2516336363951,910.5812176510452,-30.329584014650095,875.7760875009267,877.5863609075802,880.2133719588917,882.9852025030374,884.6986012170986
mango_rmse_random,medium,2000-09-30,2002Q1,7,CONS,881.1696747270453,910.8036070224157,-29.633932295370414,875.9364425092904,877.864641494652,881.1629453160901,884.4112792325051,886.4857127714964
mango_rmse_random,medium,2000-09-30,2002Q2,8,CONS,882.0686924740697,911.3081614927729,-29.239469018703176,875.8924707075469,878.2978315848907,882.0469146539178,885.8288610840842,888.2948902277521
mango_rmse_random,medium,2000-09-30,2000Q3,1,DEFL,467.5927869789422,436.0074949806811,31.585291998261084,466.75348172531324,467.08888688146885,467.59782160338426,468.09088251016044,468.4356044411772
mango_rmse_random,medium,2000-09-30,2000Q4,2,DEFL,468.29812499451594,436.5490666033782,31.749058391137737,466.7781457000034,467.3997906659701,468.31074370988625,469.19367504294945,469.7157208962259
mango_rmse_random,medium,2000-09-30,2001Q1,3,DEFL,469.0694999882383,437.2026802595548,31.86681972868348,466.7528383090897,467.72649744801726,469.06374862848963,470.3662944517517,471.3034046535134
mango_rmse_random,medium,2000-09-30,2001Q2,4,DEFL,469.8120315062585,437.8056263169986,32.00640518925991,466.6745822885814,467.94781476224387,469.8619309429212,471.60867936857284,472.8184017061423
mango_rmse_random,medium,2000-09-30,2001Q3,5,DEFL,470.6155447704163,438.197663342384,32.41788142803233,466.57550071504517,468.12304664354997,470.6809736666937,472.9856325130477,474.6812911398777
mango_rmse_random,medium,2000-09-30,2001Q4,6,DEFL,471.47812119016135,438.50844547731197,32.96967571284938,466.1904850563183,468.44415980067026,471.4831105430237,474.4992876584492,476.60738232341896
mango_rmse_random,medium,2000-09-30,2002Q1,7,DEFL,472.37581598605334,438.83068726310324,33.545128722950096,465.7764993179489,468.7641475229797,472.38355570042233,476.0426474187858,478.4695553019987
mango_rmse_random,medium,2000-09-30,2002Q2,8,DEFL,473.2908653523865,439.17665473510937,34.11421061727714,465.5288119681948,469.0913737668186,473.3841852515019,477.630564743784,480.5429270480661
mango_rmse_random,medium,2000-09-30,2000Q3,1,FFR,6.009916527750059,6.52,-0.5100834722499403,4.234877451024461,4.98973186782408,6.010964526694096,7.050937121686123,7.746802707127134
mango_rmse_random,medium,2000-09-30,2000Q4,2,FFR,6.0274597985416385,6.473333333333334,-0.4458735347916951,3.3097665877267906,4.361661574571541,6.062118647236787,7.602967057849169,8.74624462059675
mango_rmse_random,medium,2000-09-30,2001Q1,3,FFR,6.05428481599007,5.593333333333334,0.46095148265673647,2.633406610613802,3.958976745280152,6.0517646909224725,8.11965343891019,9.566067999178921
mango_rmse_random,medium,2000-09-30,2001Q2,4,FFR,6.183471507618161,4.326666666666667,1.8568048409514937,2.039136787980595,3.688080271041433,6.212038347241538,8.569650296221326,10.25359505153825
mango_rmse_random,medium,2000-09-30,2001Q3,5,FFR,6.331970868237504,3.4966666666666666,2.8353042015708376,1.5892563442186767,3.3952777414823267,6.295296371130537,9.160394817887445,11.191221771725205
mango_rmse_random,medium,2000-09-30,2001Q4,6,FFR,6.460343193237898,2.1333333333333333,4.327009859904564,1.2519532953771155,3.201379979945764,6.434278342187277,9.615958973206839,11.598285475669194
mango_rmse_random,medium,2000-09-30,2002Q1,7,FFR,6.554477362115683,1.7333333333333334,4.821144028782349,0.6882951850663445,3.115185723591502,6.567466944429464,9.94683539111552,12.191802062588108
mango_rmse_random,medium,2000-09-30,2002Q2,8,FFR,6.723152407244686,1.75,4.973152407244686,0.28314258689430477,3.1534549802934118,6.796210546937817,10.366019966458095,12.833523255632432
mango_rmse_random,medium,2000-09-30,2000Q3,1,GDP,914.7891769917699,948.6750908667843,-33.88591387501447,913.3380617876148,913.8906110294673,914.7730722111709,915.6767530445043,916.2905895880195
mango_rmse_random,medium,2000-09-30,2000Q4,2,GDP,915.5298930797479,949.2676932603196,-33.73780018057164,913.2501207219831,914.1379438616439,915.5205767880267,916.8893209570253,917.8619888628336
mango_rmse_random,medium,2000-09-30,2001Q1,3,GDP,916.52389129217,948.9429455219695,-32.419054229799485,913.3569374508174,914.7273581651392,916.5058154132232,918.3381014551779,919.7133860210033
mango_rmse_random,medium,2000-09-30,2001Q2,4,GDP,917.3868781277157,949.5624120747524,-32.17553394703668,913.5926678512395,915.1676829785686,917.3360397771759,919.633232339481,921.0978019707524
mango_rmse_random,medium,2000-09-30,2001Q3,5,GDP,918.2615517140952,949.1612595166631,-30.899707802567946,913.7707479006559,915.62565032688,918.1499720540062,920.9954121156364,922.7790007154856
mango_rmse_random,medium,2000-09-30,2001Q4,6,GDP,919.088457848314,949.4381900682963,-30.349732219982343,913.9123617869941,915.878770304674,918.9948462038208,922.3097314856215,924.565772114014
mango_rmse_random,medium,2000-09-30,2002Q1,7,GDP,919.8605858330455,950.2630063031164,-30.402420470070865,914.2126913009389,916.3174706820987,919.7319363737765,923.4192777578345,925.9992453381467
mango_rmse_random,medium,2000-09-30,2002Q2,8,GDP,920.6491794461607,950.8766222794621,-30.22744283330144,914.1099735423743,916.778615389352,920.5668928472069,924.7739295900257,927.5428846485568
mango_rmse_random,medium,2000-09-30,2000Q3,1,HOURS,480.0270738251933,464.8794649920018,15.147608833191555,478.6473102011236,479.19244995155924,480.0307038353916,480.8723839244867,481.41428311349443
mango_rmse_random,medium,2000-09-30,2000Q4,2,HOURS,480.5065539017167,464.5390399474456,15.967513954271112,478.1023665644707,479.00018371553847,480.5176307074343,481.97324997050276,482.94129937872503
mango_rmse_random,medium,2000-09-30,2001Q1,3,HOURS,481.0428454246381,464.48138865926427,16.561456765373805,477.5053600127305,479.02651057134864,481.0837424863395,483.01263531855574,484.367270442304
mango_rmse_random,medium,2000-09-30,2001Q2,4,HOURS,481.4419169839475,463.52240113165556,17.919515852291966,477.1093707014937,478.92679939656483,481.60896956232546,483.83640243721777,485.35685330400753
mango_rmse_random,medium,2000-09-30,2001Q3,5,HOURS,481.78903592831784,462.2744843004602,19.514551627857657,476.7499217295565,478.75307283226863,481.9446670508827,484.69587257920637,486.39259870561864
mango_rmse_random,medium,2000-09-30,2001Q4,6,HOURS,482.19182931405453,461.1539856495769,21.037843664477634,476.437426630593,478.85577779766516,482.2974804718368,485.5449605696391,487.54841024331887
mango_rmse_random,medium,2000-09-30,2002Q1,7,HOURS,482.5702657647505,460.304793560699,22.26547220405149,476.30844799826207,478.9009561649988,482.60730827621916,486.39067702397665,488.5879290699531
mango_rmse_random,medium,2000-09-30,2002Q2,8,HOURS,482.92844305985045,460.5650070824942,22.363435977356232,476.02110872255173,478.95835947328703,483.0086476622211,486.9359110398331,489.69113039089933
mango_rmse_random,medium,2000-09-30,2000Q3,1,INV,752.8116352951388,776.94943611584,-24.13780082070116,744.9311197818131,748.1039438145775,752.826177347649,757.5542736068255,760.5556320543174
mango_rmse_random,medium,2000-09-30,2000Q4,2,INV,753.6520991340674,777.1408234109886,-23.488724276921175,741.6502102741416,746.5865494903816,753.8202027193865,760.8098013209428,764.9270849918216
mango_rmse_random,medium,2000-09-30,2001Q1,3,INV,755.6748373958643,772.4977657957813,-16.822928399917032,740.7414176276258,746.7419807264507,755.7096615042226,764.7593990355754,770.9217713468705
mango_rmse_random,medium,2000-09-30,2001Q2,4,INV,756.0415610537983,772.6403633592433,-16.59880230544502,737.7797489202204,745.4854101031001,755.8524221783267,766.5457287024269,774.0520453685306
mango_rmse_random,medium,2000-09-30,2001Q3,5,INV,756.6946112694046,770.4527970950121,-13.758185825607484,735.6901256942484,743.971288684877,756.4712797228894,769.5023186473544,778.4196034891104
mango_rmse_random,medium,2000-09-30,2001Q4,6,INV,757.3971487265646,765.3732073186615,-7.97605859209682,732.9487093869502,743.0224320346048,756.9303242185699,771.6113009452773,782.1825485694822
mango_rmse_random,medium,2000-09-30,2002Q1,7,INV,757.906515430929,768.2808199922722,-10.374304561343251,731.4330745027421,741.5627597422163,757.3379155216669,774.1880126622739,785.9786191183681
mango_rmse_random,medium,2000-09-30,2002Q2,8,INV,758.6250067720306,769.9106176300443,-11.285610858013683,728.9411884167164,740.576888118624,758.0564183728443,776.5856177485559,790.0090536446407
mango_rmse_random,medium,2000-09-30,2000Q3,1,WAGE,468.1723495269259,453.3781589900438,14.794190536882127,467.16522806103677,467.55400839473015,468.1677418953345,468.78057803422735,469.1531955813345
mango_rmse_random,medium,2000-09-30,2000Q4,2,WAGE,468.54996242360176,453.23951712056794,15.310445303033816,466.9532613282777,467.59029214119556,468.53778925075983,469.50889932206957,470.0962951881417
mango_rmse_random,medium,2000-09-30,2001Q1,3,WAGE,468.91688996606115,454.5048562646711,14.412033701390044,466.78374478899053,467.6228096645437,468.90814227423834,470.20581225555304,470.9227118612331
mango_rmse_random,medium,2000-09-30,2001Q2,4,WAGE,469.2959046850443,454.1708418276762,15.125062857368107,466.6006991860091,467.7690112271751,469.3159824964449,470.86615582654287,471.89036904472187
mango_rmse_random,medium,2000-09-30,2001Q3,5,WAGE,469.72522733335313,454.0471652049154,15.678062128437716,466.6361357117001,467.92262423434596,469.69187659314656,471.65644210615267,472.8359349497535
mango_rmse_random,medium,2000-09-30,2001Q4,6,WAGE,470.0920639798743,455.048166063729,15.043897916145283,466.45997946507214,468.0132168235229,470.0959382087844,472.2002459295323,473.652417166409
mango_rmse_random,medium,2000-09-30,2002Q1,7,WAGE,470.416584146323,455.1706116118767,15.245972534446253,466.1490944637982,468.004227011583,470.39710918278547,472.80702668029767,474.4158920856197
mango_rmse_random,medium,2000-09-30,2002Q2,8,WAGE,470.7383599524624,455.23704943958904,15.501310512873374,466.038657464226,468.05790017364524,470.7766089165891,473.35676982800175,475.33651996829315
mango_rmse_random,medium,2000-12-31,2000Q4,1,CONS,876.1825998069294,908.0704809313119,-31.88788112438249,875.1726373777822,875.5631923696653,876.1831117638595,876.7914630389356,877.1803383956147
mango_rmse_random,medium,2000-12-31,2001Q1,2,CONS,877.113789298657,908.4325119413213,-31.318722642664284,875.4752468376051,876.1547054221053,877.0981492164964,878.1099480796688,878.6577855767093
mango_rmse_random,medium,2000-12-31,2001Q2,3,CONS,878.2091029166618,908.6332175148394,-30.424114598177653,875.9584809262893,876.8547590429057,878.21378597249,879.621828245688,880.4025238163903
mango_rmse_random,medium,2000-12-31,2001Q3,4,CONS,879.3354910644971,908.9805866997402,-29.645095635243138,876.3641679796161,877.552128174627,879.3742165364823,881.0862638022539,882.286259007595
mango_rmse_random,medium,2000-12-31,2001Q4,5,CONS,880.4180815824179,910.5812176510452,-30.163136068627296,876.7828384617013,878.2188472387592,880.3856192992332,882.6016862406424,884.1227222021441
mango_rmse_random,medium,2000-12-31,2002Q1,6,CONS,881.5041281869818,910.8036070224157,-29.299478835433888,877.1812536049457,878.8750060087066,881.447244115722,884.2580573036589,886.0219645901659
mango_rmse_random,medium,2000-12-31,2002Q2,7,CONS,882.5180176860633,911.3081614927729,-28.79014380670958,877.454731329327,879.3500566386309,882.3955447517684,885.8317248814049,887.8577570298855
mango_rmse_random,medium,2000-12-31,2002Q3,8,CONS,883.5147573394819,912.0055533963482,-28.490796056866316,877.6576263074448,879.7693607170878,883.3470920705136,887.3340449238148,889.8396774291735
mango_rmse_random,medium,2000-12-31,2000Q4,1,DEFL,468.05252309496325,436.5490666033782,31.50345649158504,467.2253940209392,467.55099261113037,468.0552480450995,468.5697172130975,468.91169598965905
mango_rmse_random,medium,2000-12-31,2001Q1,2,DEFL,468.773114581755,437.2026802595548,31.570434322200185,467.3430553579132,467.8695794249532,468.76623164405345,469.67785113428425,470.2565791085286
mango_rmse_random,medium,2000-12-31,2001Q2,3,DEFL,469.45042868722066,437.8056263169986,31.644802370222067,467.25604401243595,468.1214204874545,469.4336906761563,470.807563820894,471.6808157739937
mango_rmse_random,medium,2000-12-31,2001Q3,4,DEFL,470.177017033929,438.197663342384,31.979353691545043,467.1485929894798,468.3275229567863,470.1185637260543,472.1211171209838,473.1767877674228
mango_rmse_random,medium,2000-12-31,2001Q4,5,DEFL,470.94237964292535,438.50844547731197,32.43393416561338,466.93188602413437,468.55499822832445,470.89999532551457,473.51134660874516,474.94278589933765
mango_rmse_random,medium,2000-12-31,2002Q1,6,DEFL,471.7473473875315,438.83068726310324,32.91666012442823,466.64479360679513,468.75751889690787,471.6659218142546,474.9277432240334,476.86970757666427
mango_rmse_random,medium,2000-12-31,2002Q2,7,DEFL,472.58050554611816,439.17665473510937,33.403850811008795,466.29722051162116,468.8746487453812,472.58459264027533,476.48403553052606,478.75394307892776
mango_rmse_random,medium,2000-12-31,2002Q3,8,DEFL,473.452235126094,439.65703601147226,33.79519911462177,465.98281668184575,469.00546805455747,473.4420213084303,478.0375034519338,480.8058483089284
mango_rmse_random,medium,2000-12-31,2000Q4,1,FFR,6.184811532225955,6.473333333333334,-0.2885218011073789,4.417522627338375,5.18594557865164,6.1786344485596185,7.176878858402727,7.836211828633336
mango_rmse_random,medium,2000-12-31,2001Q1,2,FFR,5.745639341592044,5.593333333333334,0.15230600825871043,3.1166267138052706,4.129723295030429,5.782196854012281,7.32153883296593,8.422228321923788
mango_rmse_random,medium,2000-12-31,2001Q2,3,FFR,5.763980239298108,4.326666666666667,1.4373135726314406,2.5094629108290185,3.807688745324807,5.753231316311034,7.761171252222501,8.934865933683472
mango_rmse_random,medium,2000-12-31,2001Q3,4,FFR,5.973799369986165,3.4966666666666666,2.4771327033194983,1.993586717199735,3.560244056527552,6.015132279231652,8.306465459483185,9.963266000317523
mango_rmse_random,medium,2000-12-31,2001Q4,5,FFR,6.0804045950866685,2.1333333333333333,3.9470712617533352,1.3767402601678755,3.2704489387679594,6.123151776225727,8.884855544934716,10.59187838184657
mango_rmse_random,medium,2000-12-31,2002Q1,6,FFR,6.187610981774203,1.7333333333333334,4.454277648440869,0.792730602491435,3.189924193132013,6.170492008608697,9.231968727815303,11.332089347200581
mango_rmse_random,medium,2000-12-31,2002Q2,7,FFR,6.294517713403587,1.75,4.544517713403587,0.6456845415941592,2.9455654825626323,6.307674878088514,9.557381464942111,12.04567429989428
mango_rmse_random,medium,2000-12-31,2002Q3,8,FFR,6.439762075481106,1.74,4.699762075481106,0.44397852439890345,2.9191166703187634,6.426757194863885,9.978499014556993,12.429253686354432
mango_rmse_random,medium,2000-12-31,2000Q4,1,GDP,915.1125891886915,949.2676932603196,-34.1551040716281,913.6298608860875,914.2542738462705,915.1128930353133,915.9945579641684,916.5404486591301
mango_rmse_random,medium,2000-12-31,2001Q1,2,GDP,915.8649986008047,948.9429455219695,-33.07794692116477,913.577372532501,914.4605145852623,915.8759367957714,917.2817852878377,918.2019667043984
mango_rmse_random,medium,2000-12-31,2001Q2,3,GDP,916.7370600636456,949.5624120747524,-32.825352011106816,913.5489587190865,914.8338815179412,916.7493666936302,918.6796013064007,919.8251950979914
mango_rmse_random,medium,2000-12-31,2001Q3,4,GDP,917.707054036055,949.1612595166631,-31.454205480608152,913.8479804483027,915.3822404611543,917.7309418224957,920.0720563855798,921.4033057255986
mango_rmse_random,medium,2000-12-31,2001Q4,5,GDP,918.6333569216008,949.4381900682963,-30.8048331466955,914.1165877640062,915.843988778777,918.6780343437964,921.374792894716,923.1175597902926
mango_rmse_random,medium,2000-12-31,2002Q1,6,GDP,919.5537640045123,950.2630063031164,-30.709242298604067,914.4433102018082,916.4312733298274,919.5463116096263,922.7338206644631,924.9195331488155
mango_rmse_random,medium,2000-12-31,2002Q2,7,GDP,920.4350155592557,950.8766222794621,-30.441606720206437,914.6817179733602,917.0046754470783,920.3608650362496,923.9329506394866,926.3934831511026
mango_rmse_random,medium,2000-12-31,2002Q3,8,GDP,921.301922966193,951.2793389900701,-29.977416023877026,914.712314736723,917.2868632692939,921.2886015183798,925.132823321969,928.1069186552651
mango_rmse_random,medium,2000-12-31,2000Q4,1,HOURS,479.7396951908014,464.5390399474456,15.200655243355811,478.39248628753177,478.8972349980046,479.7381190241654,480.57631684342266,481.158177945011
mango_rmse_random,medium,2000-12-31,2001Q1,2,HOURS,480.0375330908974,464.48138865926427,15.556144431633129,477.5731523382114,478.4458931766913,480.0905333377257,481.49371173976715,482.5275705419116
mango_rmse_random,medium,2000-12-31,2001Q2,3,HOURS,480.3126893336135,463.52240113165556,16.790288201957935,476.8439590702915,478.224111832039,480.35393933177176,482.40616770025457,483.70834382699405
mango_rmse_random,medium,2000-12-31,2001Q3,4,HOURS,480.67898827113845,462.2744843004602,18.404503970678263,476.29332147263466,478.1236689483762,480.73938579146966,483.2244625794071,484.9146772506938
mango_rmse_random,medium,2000-12-31,2001Q4,5,HOURS,481.0688082639237,461.1539856495769,19.914822614346804,475.8311295238879,478.05459058993245,481.1089995158171,484.13189432602286,486.1216507994964
mango_rmse_random,medium,2000-12-31,2002Q1,6,HOURS,481.4828065562936,460.304793560699,21.1780129955946,475.645694098915,478.0825711734691,481.47138442699907,484.95791644519477,487.3201848238584
mango_rmse_random,medium,2000-12-31,2002Q2,7,HOURS,481.917630258558,460.5650070824942,21.352623176063787,475.65888304585303,478.097847531789,481.89954033411885,485.7135082466227,488.47669349161345
mango_rmse_random,medium,2000-12-31,2002Q3,8,HOURS,482.3467911518827,460.1985119043317,22.148279247550988,475.54653022241575,478.21238639229,482.2307674697528,486.5217268866505,489.53397980552177
mango_rmse_random,medium,2000-12-31,2000Q4,1,INV,753.957490346054,777.1408234109886,-23.183333064934573,745.8388181895859,749.237828760233,753.8872190346316,758.8870312940571,761.9602672106205
mango_rmse_random,medium,2000-12-31,2001Q1,2,INV,755.0050387086904,772.4977657957813,-17.492727087090884,742.9320746065032,747.8457213398628,754.8509928023427,762.3801697018457,767.5391346028362
mango_rmse_random,medium,2000-12-31,2001Q2,3,INV,755.2219392976043,772.6403633592433,-17.41842406163903,740.2920225957812,745.6554242244594,755.0870610361014,764.6472431849195,771.0070768455334
mango_rmse_random,medium,2000-12-31,2001Q3,4,INV,756.8221878491727,770.4527970950121,-13.630609245839423,739.2194139606817,746.2157786905601,756.212466981794,768.0207574818448,775.2147989367683
mango_rmse_random,medium,2000-12-31,2001Q4,5,INV,757.926091087798,765.3732073186615,-7.4471162308634575,737.5007179073453,745.5911044404187,757.8777151554948,770.7517603159176,779.4782374421412
mango_rmse_random,medium,2000-12-31,2002Q1,6,INV,758.9437212129044,768.2808199922722,-9.337098779367807,736.3847455131124,744.5223121616527,758.5294859165981,772.871485778534,783.4036045483899
mango_rmse_random,medium,2000-12-31,2002Q2,7,INV,760.2720481073769,769.9106176300443,-9.638569522667353,734.4260310604072,744.4179565490418,759.7228248363895,776.0274360942344,788.4953311493097
mango_rmse_random,medium,2000-12-31,2002Q3,8,INV,761.5290544951818,769.7624823562915,-8.233427861109703,732.0143948833864,743.5019221449594,760.9047977689311,779.1815015943429,792.7763016717289
mango_rmse_random,medium,2000-12-31,2000Q4,1,WAGE,469.0634442584692,453.23951712056794,15.82392713790125,468.04932160319356,468.4577286273893,469.0519022461708,469.6998064936249,470.12942586618254
mango_rmse_random,medium,2000-12-31,2001Q1,2,WAGE,469.5041109740557,454.5048562646711,14.999254709384616,467.9413277688282,468.53002391058595,469.5142993148894,470.49376384014494,471.04477808880335
mango_rmse_random,medium,2000-12-31,2001Q2,3,WAGE,469.9815273564569,454.1708418276762,15.81068552878071,467.96522246639654,468.7646710559886,469.94998135020353,471.25159205858944,471.9662679177071
mango_rmse_random,medium,2000-12-31,2001Q3,4,WAGE,470.43083568332014,454.0471652049154,16.383670478404724,467.8267667151071,468.9047059379664,470.42892424828756,471.95127022954176,472.9570267646877
mango_rmse_random,medium,2000-12-31,2001Q4,5,WAGE,470.84822730599916,455.048166063729,15.800061242270147,467.82321514075045,469.00667352050965,470.8575955975171,472.6721997364781,473.8868024512642
mango_rmse_random,medium,2000-12-31,2002Q1,6,WAGE,471.27628406578947,455.1706116118767,16.105672453912746,467.69922697255686,469.18934040768704,471.2688339631046,473.36374589142787,474.7545979511531
mango_rmse_random,medium,2000-12-31,2002Q2,7,WAGE,471.6735616914221,455.23704943958904,16.43651225183305,467.69547734001554,469.31486009864346,471.64213163845,474.01989463083845,475.53680007047825
mango_rmse_random,medium,2000-12-31,2002Q3,8,WAGE,472.05069827445357,455.20858148956364,16.842116784889924,467.66924353675216,469.3142902701235,472.02867072214724,474.6993645548318,476.5299887999896
mango_rmse_random,medium,2001-03-31,2001Q1,1,CONS,876.802647920606,908.4325119413213,-31.62986402071533,875.7758906395082,876.1898429655164,876.8163134408428,877.4196516029435,877.8064103723177
mango_rmse_random,medium,2001-03-31,2001Q2,2,CONS,877.7864159305229,908.6332175148394,-30.846801584316495,876.1979189841372,876.8196641564167,877.772680750638,878.7476864241864,879.4112651971055
mango_rmse_random,medium,2001-03-31,2001Q3,3,CONS,878.9399509196752,908.9805866997402,-30.04063578006503,876.6988509717136,877.6000602409879,878.9471964723066,880.263506849456,881.1635432534696
mango_rmse_random,medium,2001-03-31,2001Q4,4,CONS,880.0920678149607,910.5812176510452,-30.489149836084493,877.0771036145154,878.3020492403105,880.1075430749345,881.8637815212002,883.0918253980293
mango_rmse_random,medium,2001-03-31,2002Q1,5,CONS,881.2429179106598,910.8036070224157,-29.56068911175589,877.5228578010025,878.9750254440551,881.2793832335642,883.4359109633682,884.8229481262218
mango_rmse_random,medium,2001-03-31,2002Q2,6,CONS,882.3562166668679,911.3081614927729,-28.951944825905002,878.1051032245449,879.6752005381256,882.3330606734285,884.9980741499553,886.6733090793768
mango_rmse_random,medium,2001-03-31,2002Q3,7,CONS,883.4509147324719,912.0055533963482,-28.55463866387629,878.3306101166324,880.3188254560129,883.4254890131722,886.4878100504909,888.6242634184009
mango_rmse_random,medium,2001-03-31,2002Q4,8,CONS,884.5049420993649,912.5602082292284,-28.055266129863412,878.7971223985647,880.9935412291122,884.4637892451732,888.0886870124874,890.1563584800052
mango_rmse_random,medium,2001-03-31,2001Q1,1,DEFL,468.56894846211424,437.2026802595548,31.36626820255941,467.7087447731813,468.0506465048428,468.5637927306126,469.08356268184406,469.44694073077807
mango_rmse_random,medium,2001-03-31,2001Q2,2,DEFL,469.19820043636633,437.8056263169986,31.392574119367737,467.7145929620818,468.2946742872489,469.1759321709552,470.10389061077365,470.71165974489895
mango_rmse_random,medium,2001-03-31,2001Q3,3,DEFL,469.8183262599344,438.197663342384,31.62066291755042,467.60584658575306,468.4353824291329,469.79704915314545,471.1462192890902,472.07759853871164
mango_rmse_random,medium,2001-03-31,2001Q4,4,DEFL,470.4827933787181,438.50844547731197,31.974347901406134,467.4477012617034,468.6489305618714,470.46691172188775,472.3470933097672,473.5563707767186
mango_rmse_random,medium,2001-03-31,2002Q1,5,DEFL,471.1817681728795,438.83068726310324,32.35108090977627,467.1080811492577,468.7784281795906,471.15572253574214,473.58918609155205,475.2349698000027
mango_rmse_random,medium,2001-03-31,2002Q2,6,DEFL,471.90511797922255,439.17665473510937,32.728463244113186,466.78128114278275,468.93862343837066,471.85285339129166,474.961062842725,476.944826064272
mango_rmse_random,medium,2001-03-31,2002Q3,7,DEFL,472.6690668267193,439.65703601147226,33.012030815247044,466.32696624057934,468.9469993378711,472.60956816618193,476.38873104331765,478.88898910253
mango_rmse_random,medium,2001-03-31,2002Q4,8,DEFL,473.4920648931975,440.229483984637,33.262580908560494,466.09378022634746,469.03946675296027,473.43780507777564,477.92759590406865,481.05243251588655
mango_rmse_random,medium,2001-03-31,2001Q1,1,FFR,5.671766060779148,5.593333333333334,0.07843272744581409,4.018545461599594,4.642415261922727,5.692752781243369,6.687952221267542,7.355159392647349
mango_rmse_random,medium,2001-03-31,2001Q2,2,FFR,5.336521053060081,4.326666666666667,1.009854386393414,2.653625378192599,3.7514272327139593,5.295764703043924,6.923862655843505,8.133262844909016
mango_rmse_random,medium,2001-03-31,2001Q3,3,FFR,5.448439426588497,3.4966666666666666,1.95177275992183,2.1830529652527124,3.452696355012917,5.435555211739194,7.4597033295645225,8.943149014085936
mango_rmse_random,medium,2001-03-31,2001Q4,4,FFR,5.6173500938069285,2.1333333333333333,3.484016760473595,1.6034735684797912,3.1912348918890974,5.646104709228525,8.018589892449869,9.705748730908859
mango_rmse_random,medium,2001-03-31,2002Q1,5,FFR,5.631296246240201,1.7333333333333334,3.897962912906868,0.8910467650219008,2.769310569484243,5.659836222329924,8.46011033273574,10.18357349120989
mango_rmse_random,medium,2001-03-31,2002Q2,6,FFR,5.705704444731271,1.75,3.9557044447312713,0.24646812595112214,2.6571584204166387,5.785608749081842,8.707916356660817,10.779062426423254
mango_rmse_random,medium,2001-03-31,2002Q3,7,FFR,5.91535914570564,1.74,4.17535914570564,0.04028204027919695,2.4041327367218748,6.019400613578556,9.259479243152247,11.320331716615133
mango_rmse_random,medium,2001-03-31,2002Q4,8,FFR,6.132049208701009,1.4433333333333334,4.688715875367675,-0.20651613630978846,2.5539582875580704,6.173238586478815,9.640202369225783,11.953653094548443
mango_rmse_random,medium,2001-03-31,2001Q1,1,GDP,915.2982618092018,948.9429455219695,-33.64468371276769,913.802239582749,914.3790142760183,915.3138308705622,916.2100535980412,916.7619721423496
mango_rmse_random,medium,2001-03-31,2001Q2,2,GDP,915.9415072204254,949.5624120747524,-33.62090485432702,913.6314481713626,914.531623454916,915.9520184129442,917.3036160189625,918.3378062378067
mango_rmse_random,medium,2001-03-31,2001Q3,3,GDP,916.9746773873196,949.1612595166631,-32.18658212934349,913.8517025659683,915.1280985165536,916.9838799928955,918.7986010186557,920.03962386184
mango_rmse_random,medium,2001-03-31,2001Q4,4,GDP,917.9772151003405,949.4381900682963,-31.46097496795585,914.1348291796772,915.6448149943208,917.9944367050971,920.2667227117619,921.8142515432221
mango_rmse_random,medium,2001-03-31,2002Q1,5,GDP,918.9743535716934,950.2630063031164,-31.288652731422985,914.3202561809303,916.2779073462908,919.0346687322924,921.7102557685814,923.4888869862123
mango_rmse_random,medium,2001-03-31,2002Q2,6,GDP,919.9436715645858,950.8766222794621,-30.93295071487637,914.5769326632534,916.8517174403971,920.0781062506292,923.0225078545608,924.9950237461787
mango_rmse_random,medium,2001-03-31,2002Q3,7,GDP,920.9329295401964,951.2793389900701,-30.346409449873704,915.1270499411953,917.2921957010545,921.0102870012083,924.2833302236359,926.5336944708508
mango_rmse_random,medium,2001-03-31,2002Q4,8,GDP,921.8523675335358,951.4099094767561,-29.557541943220258,915.7836203656502,917.8853536557517,921.895223231795,925.610320262588,928.0710891297007
mango_rmse_random,medium,2001-03-31,2001Q1,1,HOURS,479.2257704870399,464.48138865926427,14.744381827775612,477.8734355820837,478.39023702997616,479.2286992927419,480.09267489975684,480.56123716317956
mango_rmse_random,medium,2001-03-31,2001Q2,2,HOURS,479.31446366382846,463.52240113165556,15.792062532172906,476.8402370558318,477.8029961946931,479.3221345318756,480.8008449930852,481.71902603283297
mango_rmse_random,medium,2001-03-31,2001Q3,3,HOURS,479.6505536658414,462.2744843004602,17.376069365381227,476.1513171331029,477.6692540181396,479.69024660440664,481.692643783051,482.97585332502956
mango_rmse_random,medium,2001-03-31,2001Q4,4,HOURS,480.05598935506043,461.1539856495769,18.902003705483537,475.86120521723467,477.49084109518134,480.11081049645355,482.59265195392845,484.19507120161944
mango_rmse_random,medium,2001-03-31,2002Q1,5,HOURS,480.4967204187149,460.304793560699,20.191926858015904,475.37486840603253,477.361436279528,480.5775057235327,483.5436217628876,485.48654369316034
mango_rmse_random,medium,2001-03-31,2002Q2,6,HOURS,481.0047822152248,460.5650070824942,20.439775132730574,475.22564744521986,477.4772904456726,481.15327620143137,484.48040878555827,486.5516946951152
mango_rmse_random,medium,2001-03-31,2002Q3,7,HOURS,481.5614174549439,460.1985119043317,21.362905550612197,475.12562014926436,477.61651341651555,481.68341111826044,485.4210362492522,487.638228400075
mango_rmse_random,medium,2001-03-31,2002Q4,8,HOURS,482.10046562144254,460.322830175075,21.777635446367526,475.1765213345484,477.9742646500242,482.1184523326691,486.19150585092416,488.7441820415219
mango_rmse_random,medium,2001-03-31,2001Q1,1,INV,752.4040773610967,772.4977657957813,-20.093688434684623,744.3224122975631,747.743006872116,752.4116145032508,757.2359113265162,760.1721779591372
mango_rmse_random,medium,2001-03-31,2001Q2,2,INV,752.1953066547395,772.6403633592433,-20.445056704503827,740.066718679908,744.9952974222933,752.2873606680537,759.1897499304222,763.9505981616694
mango_rmse_random,medium,2001-03-31,2001Q3,3,INV,753.8598616956281,770.4527970950121,-16.592935399384032,739.107847842079,744.9871753320149,753.7305999214404,762.6378328940074,769.1714371647514
mango_rmse_random,medium,2001-03-31,2001Q4,4,INV,755.5638462827508,765.3732073186615,-9.809361035910683,737.5695895642265,745.2609631702509,755.5877517950778,766.0113955757639,773.8964348838556
mango_rmse_random,medium,2001-03-31,2002Q1,5,INV,757.0638281340155,768.2808199922722,-11.216991858256733,736.3131546705431,745.0676440306722,757.010917769945,769.422630861073,777.5380139805394
mango_rmse_random,medium,2001-03-31,2002Q2,6,INV,758.540273241136,769.9106176300443,-11.37034438890828,735.1772915448712,745.0897581178053,758.227944447548,772.3178924182978,782.3214297138237
mango_rmse_random,medium,2001-03-31,2002Q3,7,INV,760.0869567020734,769.7624823562915,-9.675525654218063,733.8742627350978,744.8844889261302,759.9292387059693,775.4650568145832,787.0140461573797
mango_rmse_random,medium,2001-03-31,2002Q4,8,INV,761.5259653221314,769.7007323501294,-8.174767027998087,733.1119369430779,744.2965478864028,761.3423522351766,778.4178810549067,791.1981634228434
mango_rmse_random,medium,2001-03-31,2001Q1,1,WAGE,469.9444779782414,454.5048562646711,15.439621713570318,468.9597352223977,469.34264800453536,469.9403026847124,470.54796365263917,470.9576856109651
mango_rmse_random,medium,2001-03-31,2001Q2,2,WAGE,470.46160209709916,454.1708418276762,16.290760269422947,468.94267606901155,469.48573730808613,470.48491676919576,471.4062758111952,471.9978851314187
mango_rmse_random,medium,2001-03-31,2001Q3,3,WAGE,470.9683279575954,454.0471652049154,16.921162752680004,468.9878215788285,469.7379194696853,470.95216811387814,472.1708478191766,472.9869019011847
mango_rmse_random,medium,2001-03-31,2001Q4,4,WAGE,471.44716616641256,455.048166063729,16.399000102683544,469.0442764222043,469.99032042634684,471.4481083692724,472.9135541397787,473.9045217682169
mango_rmse_random,medium,2001-03-31,2002Q1,5,WAGE,471.9126465294391,455.1706116118767,16.742034917562364,468.9922577717644,470.1654236646285,471.922192196501,473.6417692691337,474.81545755225136
mango_rmse_random,medium,2001-03-31,2002Q2,6,WAGE,472.3542434522126,455.23704943958904,17.117194012623543,468.91442553725597,470.342133141443,472.41271442097076,474.3067724057799,475.65571618822895
mango_rmse_random,medium,2001-03-31,2002Q3,7,WAGE,472.76475222406793,455.20858148956364,17.556170734504292,468.9223847962569,470.50049887731046,472.73950296295146,474.96342691818546,476.67191796638326
mango_rmse_random,medium,2001-03-31,2002Q4,8,WAGE,473.1739018234106,454.88855079768575,18.28535102572482,468.82329411243745,470.7040618747861,473.15946031035116,475.6493244093456,477.48853489438613
mango_rmse_random,medium,2001-06-30,2001Q2,1,CONS,877.7180696698074,908.6332175148394,-30.91514784503204,876.7272115221033,877.1320886962043,877.714487737776,878.2985619116258,878.7530033436119
mango_rmse_random,medium,2001-06-30,2001Q3,2,CONS,878.8168029906021,908.9805866997402,-30.1637837091381,877.2929930244709,877.9074665439326,878.8195054542246,879.72812848987,880.3104179923931
mango_rmse_random,medium,2001-06-30,2001Q4,3,CONS,879.8024018882824,910.5812176510452,-30.77881576276286,877.6783529804813,878.5361903163836,879.8240735757872,881.0799930888614,881.8466555328299
mango_rmse_random,medium,2001-06-30,2002Q1,4,CONS,880.7559026592753,910.8036070224157,-30.047704363140383,878.0325407500785,879.0865013232633,880.7668348515472,882.4507272513439,883.4509491243888
mango_rmse_random,medium,2001-06-30,2002Q2,5,CONS,881.6280238944507,911.3081614927729,-29.680137598322176,878.2239880381993,879.4979564069786,881.6355238359426,883.7416850717332,884.9171421198754
mango_rmse_random,medium,2001-06-30,2002Q3,6,CONS,882.5022549590744,912.0055533963482,-29.50329843727377,878.38512381513,879.936584723177,882.4882948799795,885.0424947244037,886.5068566308798
mango_rmse_random,medium,2001-06-30,2002Q4,7,CONS,883.3725482385095,912.5602082292284,-29.187659990718885,878.4614202876473,880.393370595602,883.3513535809894,886.3756090787692,888.260873313769
mango_rmse_random,medium,2001-06-30,2003Q1,8,CONS,884.231788785814,913.0515690533199,-28.81978026750585,878.5540373835582,880.7581952850043,884.1738521246391,887.7271299026362,890.0492791407426
mango_rmse_random,medium,2001-06-30,2001Q2,1,DEFL,469.4619931431515,437.8056263169986,31.65636682615292,468.6588908873245,468.970783119434,469.4615607293626,469.95957119628883,470.26111382896426
mango_rmse_random,medium,2001-06-30,2001Q3,2,DEFL,470.1924500517885,438.197663342384,31.994786709404536,468.76328517629963,469.3270415717827,470.1874870188295,471.03317620183253,471.61631690349043
mango_rmse_random,medium,2001-06-30,2001Q4,3,DEFL,470.9790295171126,438.50844547731197,32.470584039800656,468.8849031273321,469.70524520249063,471.0050618004142,472.23641903907406,473.1082074685525
mango_rmse_random,medium,2001-06-30,2002Q1,4,DEFL,471.80486098441185,438.83068726310324,32.9741737213086,468.99039307548276,470.1185422520864,471.81749132069274,473.53562887770806,474.6249590065234
mango_rmse_random,medium,2001-06-30,2002Q2,5,DEFL,472.6488876365826,439.17665473510937,33.472232901473205,468.7624422746468,470.4166428828604,472.6283754326847,474.8745037762472,476.3377468721511
mango_rmse_random,medium,2001-06-30,2002Q3,6,DEFL,473.5367333718108,439.65703601147226,33.879697360338525,468.64740480230046,470.75292894996153,473.6146190773511,476.28360217953764,478.22881198097326
mango_rmse_random,medium,2001-06-30,2002Q4,7,DEFL,474.47505553004646,440.229483984637,34.24557154540946,468.45526589320843,470.97175096819706,474.5835763334628,477.92936005869353,480.192814281289
mango_rmse_random,medium,2001-06-30,2003Q1,8,DEFL,475.4210039073089,440.72678772271144,34.69421618459745,468.2377793586147,471.2884529732877,475.5323367084052,479.5390996595037,482.3421571763186
mango_rmse_random,medium,2001-06-30,2001Q2,1,FFR,5.47168240868931,4.326666666666667,1.1450157420226432,3.7552403005615105,4.440598670633543,5.464500116313981,6.5014472288004335,7.215490865373699
mango_rmse_random,medium,2001-06-30,2001Q3,2,FFR,5.841694874591375,3.4966666666666666,2.3450282079247082,3.219250712603622,4.2613813419175175,5.899603862216925,7.424996606387882,8.365431495584941
mango_rmse_random,medium,2001-06-30,2001Q4,3,FFR,6.23131143197873,2.1333333333333333,4.097978098645397,2.9574777824120844,4.2734979587768445,6.247989889304412,8.148138821215765,9.42931830287285
mango_rmse_random,medium,2001-06-30,2002Q1,4,FFR,6.283152666527666,1.7333333333333334,4.549819333194333,2.3098623417556494,3.874964276498701,6.332248658172679,8.633596322858605,10.278606416956634
mango_rmse_random,medium,2001-06-30,2002Q2,5,FFR,6.317633315446965,1.75,4.567633315446965,1.8375345469953817,3.601100186672692,6.3465574439514505,9.010777281703461,10.90683101592911
mango_rmse_random,medium,2001-06-30,2002Q3,6,FFR,6.405696826679915,1.74,4.665696826679914,1.3203200420868066,3.52795720750363,6.433624751432895,9.36948738679056,11.241561492628406
mango_rmse_random,medium,2001-06-30,2002Q4,7,FFR,6.541791355278243,1.4433333333333334,5.09845802194491,1.1320419924436715,3.391229999159797,6.721396822029036,9.638988498942943,11.737882023343483
mango_rmse_random,medium,2001-06-30,2003Q1,8,FFR,6.669257429853087,1.25,5.419257429853087,0.6318330060163093,3.2845189440098137,6.746317568797404,10.084577786598519,12.217591058097772
mango_rmse_random,medium,2001-06-30,2001Q2,1,GDP,915.8750876111095,949.5624120747524,-33.68732446364288,914.4275498829605,914.9735704669711,915.8857602394276,916.7523268897564,917.3354634182447
mango_rmse_random,medium,2001-06-30,2001Q3,2,GDP,916.9177104229556,949.1612595166631,-32.24354909370754,914.7171805234883,915.5595626765106,916.906797353083,918.223279593341,919.1931251468617
mango_rmse_random,medium,2001-06-30,2001Q4,3,GDP,917.8096424829795,949.4381900682963,-31.628547585316824,914.8623331521017,916.0449983408112,917.7469240810515,919.5845281804084,920.8317219476303
mango_rmse_random,medium,2001-06-30,2002Q1,4,GDP,918.6134476656503,950.2630063031164,-31.649558637466157,915.0063941067027,916.5326703555703,918.6015522886477,920.7862763441291,922.3182090598943
mango_rmse_random,medium,2001-06-30,2002Q2,5,GDP,919.3585565971078,950.8766222794621,-31.51806568235429,915.1058019658849,916.7227350208357,919.3200008661025,921.9401524817515,923.6539940221419
mango_rmse_random,medium,2001-06-30,2002Q3,6,GDP,920.1008116456162,951.2793389900701,-31.17852734445387,915.3604742207847,917.1119140544209,920.060149090376,923.0228687949217,925.0685465910361
mango_rmse_random,medium,2001-06-30,2002Q4,7,GDP,920.855193413538,951.4099094767561,-30.554716063218052,915.5027954509441,917.4961541749168,920.8878953636392,924.0985782004211,926.4785283268424
mango_rmse_random,medium,2001-06-30,2003Q1,8,GDP,921.5797120605105,951.9253022305498,-30.345590170039372,915.4898730218079,917.7437917628057,921.5380976007782,925.3208667542574,927.9145113428157
mango_rmse_random,medium,2001-06-30,2001Q2,1,HOURS,480.02008266156685,463.52240113165556,16.49768152991129,478.72888143604763,479.1855367966337,480.02406301164933,480.83558881983123,481.39071907345254
mango_rmse_random,medium,2001-06-30,2001Q3,2,HOURS,480.4496029355901,462.2744843004602,18.175118635129934,478.0767492371908,479.00641872843204,480.4156106920452,481.8941534840934,482.8184366134426
mango_rmse_random,medium,2001-06-30,2001Q4,3,HOURS,480.85382555966856,461.1539856495769,19.69983991009167,477.48773021457424,478.83849832957856,480.8121349901967,482.8613053138757,484.086212441716
mango_rmse_random,medium,2001-06-30,2002Q1,4,HOURS,481.24123896869196,460.304793560699,20.93644540799295,477.3388637511926,478.7748046478019,481.2264906302738,483.67498312006086,485.2493849639907
mango_rmse_random,medium,2001-06-30,2002Q2,5,HOURS,481.60342009349137,460.5650070824942,21.038413010997147,476.7603250834297,478.841281960042,481.6394681397467,484.41548982750993,486.2469488584741
mango_rmse_random,medium,2001-06-30,2002Q3,6,HOURS,481.972059503501,460.1985119043317,21.773547599169262,476.5656545544904,478.7407873122888,482.00000130089404,485.22691140094435,487.2352741272656
mango_rmse_random,medium,2001-06-30,2002Q4,7,HOURS,482.31460114963875,460.322830175075,21.991770974563735,476.5396973778059,478.6827952163601,482.33708231882326,485.97564641218406,488.15131150792143
mango_rmse_random,medium,2001-06-30,2003Q1,8,HOURS,482.61818940656246,459.80045742031797,22.817731986244496,476.26386360110934,478.65747948768393,482.6749770174421,486.48031051902575,488.94856012791234
mango_rmse_random,medium,2001-06-30,2001Q2,1,INV,749.4326092357935,772.6403633592433,-23.20775412344983,741.9148036970469,744.7830198746952,749.3964349450105,754.0759111886324,757.0777863257723
mango_rmse_random,medium,2001-06-30,2001Q3,2,INV,750.8718218742139,770.4527970950121,-19.580975220798223,739.598036551556,743.9811697914027,750.990233457174,757.6575359260694,762.3266535132219
mango_rmse_random,medium,2001-06-30,2001Q4,3,INV,752.009078506143,765.3732073186615,-13.364128812518402,737.3272290170237,743.2672209933583,751.9908465484748,760.5625900838389,766.3253265765754
mango_rmse_random,medium,2001-06-30,2002Q1,4,INV,752.5610640098598,768.2808199922722,-15.71975598241238,735.93730592417,742.2559380957933,752.6917875258835,762.7845113298613,769.4612810860067
mango_rmse_random,medium,2001-06-30,2002Q2,5,INV,753.0621132244655,769.9106176300443,-16.84850440557875,733.4392778763106,741.3423364586811,753.350229334906,764.9043039832936,772.9686349196608
mango_rmse_random,medium,2001-06-30,2002Q3,6,INV,753.6178921935948,769.7624823562915,-16.14459016269666,730.6572994590965,740.894800095387,753.5178436691907,766.5382989071845,775.889288077668
mango_rmse_random,medium,2001-06-30,2002Q4,7,INV,754.2504212329108,769.7007323501294,-15.450311117218689,729.3199221016196,739.4910692852269,754.3341373373826,769.0461271648973,778.8057755484999
mango_rmse_random,medium,2001-06-30,2003Q1,8,INV,754.7260488954057,770.4669957019948,-15.740946806589136,727.1659385091448,738.2036819377333,754.9525022871181,770.7580559081628,782.5883461267454
mango_rmse_random,medium,2001-06-30,2001Q2,1,WAGE,470.17738447088027,454.1708418276762,16.006542643204057,469.16887205171486,469.598442084831,470.186555170652,470.783202029139,471.1366438406008
mango_rmse_random,medium,2001-06-30,2001Q3,2,WAGE,470.58677961056037,454.0471652049154,16.539614405644954,469.1046729747072,469.67063455023526,470.59901372922525,471.50098070466635,472.07443669859066
mango_rmse_random,medium,2001-06-30,2001Q4,3,WAGE,470.96040150169375,455.048166063729,15.912235437964739,468.9673176653367,469.7135273372903,470.98196534044314,472.1760275484005,473.04344162497927
mango_rmse_random,medium,2001-06-30,2002Q1,4,WAGE,471.33520660419913,455.1706116118767,16.164594992322407,468.86416344483075,469.8576392053431,471.34586408488394,472.81491738868925,473.8266349508081
mango_rmse_random,medium,2001-06-30,2002Q2,5,WAGE,471.68033284826544,455.23704943958904,16.443283408676393,468.75949851614155,469.89281170244084,471.6729009368107,473.46745120806685,474.66262101542196
mango_rmse_random,medium,2001-06-30,2002Q3,6,WAGE,471.9835317674254,455.20858148956364,16.774950277861763,468.619570577973,469.9027971787654,471.8997954776413,474.1593239397369,475.45753415107373
mango_rmse_random,medium,2001-06-30,2002Q4,7,WAGE,472.3039188266558,454.88855079768575,17.415368028970022,468.5671604831134,469.9580370311505,472.22077936556116,474.68108033600066,476.1961590790026
mango_rmse_random,medium,2001-06-30,2003Q1,8,WAGE,472.6268436674032,454.48042807016486,18.14641559723833,468.4879973483444,470.00553469953826,472.50518440497103,475.2350738010972,476.9165873465265
mango_rmse_random,medium,2001-09-30,2001Q3,1,CONS,878.0010811750676,908.9805866997402,-30.979505524672618,877.0089989886666,877.4117994181224,878.0025086910962,878.6117392099245,878.9979748072274
mango_rmse_random,medium,2001-09-30,2001Q4,2,CONS,879.1147988377223,910.5812176510452,-31.46641881332289,877.6297575396513,878.2145194810686,879.0873900225803,880.045422111453,880.706353149313
mango_rmse_random,medium,2001-09-30,2002Q1,3,CONS,880.2171139749195,910.8036070224157,-30.58649304749622,878.1190011944104,878.9764951879807,880.196811609976,881.4662972743314,882.2959978943221
mango_rmse_random,medium,2001-09-30,2002Q2,4,CONS,881.3863583983218,911.3081614927729,-29.921803094451093,878.5819268402058,879.7837421224859,881.3791450663039,883.030948571871,884.1158387474322
mango_rmse_random,medium,2001-09-30,2002Q3,5,CONS,882.4521631036113,912.0055533963482,-29.553390292736935,879.0624240779799,880.4401563299425,882.5003502570004,884.4170837565612,885.7837659362009
mango_rmse_random,medium,2001-09-30,2002Q4,6,CONS,883.470797745862,912.5602082292284,-29.08941048336635,879.2341101550279,881.1531580924521,883.5110765487163,885.8436571963757,887.362781454589
mango_rmse_random,medium,2001-09-30,2003Q1,7,CONS,884.451075953827,913.0515690533199,-28.60049309949295,879.6407563322746,881.7297338531907,884.4436351972611,887.2738593148027,889.0942533002724
mango_rmse_random,medium,2001-09-30,2003Q2,8,CONS,885.3671652519791,914.1900383335624,-28.822873081583225,879.8713515260512,882.1075352487941,885.3550598855188,888.6713536639335,890.777030953214
mango_rmse_random,medium,2001-09-30,2001Q3,1,DEFL,469.8759216931949,438.197663342384,31.67825835081095,469.0674364439175,469.3818432333782,469.86979501128644,470.3921017959644,470.70707984639773
mango_rmse_random,medium,2001-09-30,2001Q4,2,DEFL,470.4801245872213,438.50844547731197,31.97167910990936,469.04292114856634,469.5988031907039,470.47328015628943,471.35799517339325,471.93831759487824
mango_rmse_random,medium,2001-09-30,2002Q1,3,DEFL,471.1450600210333,438.83068726310324,32.31437275793007,469.0557226048677,469.834437789912,471.13886000835237,472.4100899099504,473.2529953300522
mango_rmse_random,medium,2001-09-30,2002Q2,4,DEFL,471.7697492450439,439.17665473510937,32.59309450993453,468.87646117075684,469.98295938519607,471.77738150093785,473.59391892189257,474.6732169080201
mango_rmse_random,medium,2001-09-30,2002Q3,5,DEFL,472.4670151521334,439.65703601147226,32.80997914066114,468.62885456499265,470.1421382290826,472.4447755211381,474.82393803632465,476.35817992060583
mango_rmse_random,medium,2001-09-30,2002Q4,6,DEFL,473.2065931898208,440.229483984637,32.97710920518381,468.47846015665806,470.2615806733047,473.2264855939846,476.0398975860507,478.13499616364237
mango_rmse_random,medium,2001-09-30,2003Q1,7,DEFL,474.0115654762697,440.72678772271144,33.284777753558274,468.3067214266239,470.41369336060274,474.0080802035195,477.5015960046349,479.98230102120345
mango_rmse_random,medium,2001-09-30,2003Q2,8,DEFL,474.87810590027783,441.0711268533791,33.80697904689873,468.03450760108143,470.7427863139353,474.9259575110136,479.0085435688616,481.94328348466206
mango_rmse_random,medium,2001-09-30,2001Q3,1,FFR,4.202823534891055,3.4966666666666666,0.7061568682243888,2.5025956817229384,3.1617281440271903,4.206348037048933,5.212306953783917,5.852571239637777
mango_rmse_random,medium,2001-09-30,2001Q4,2,FFR,4.513711448405307,2.1333333333333333,2.380378115071974,1.8676539627265611,2.9179867670853756,4.510207767909103,6.02932893728417,7.147633141617628
mango_rmse_random,medium,2001-09-30,2002Q1,3,FFR,4.53294565165349,1.7333333333333334,2.7996123183201567,1.2663441682100807,2.5215580738566707,4.5595163345138126,6.489407381422113,7.7423039582070405
mango_rmse_random,medium,2001-09-30,2002Q2,4,FFR,4.626155657128137,1.75,2.8761556571281366,0.7077075429343923,2.2726037524290152,4.677669916929862,7.0037512492243215,8.54005782340754
mango_rmse_random,medium,2001-09-30,2002Q3,5,FFR,4.873577902968024,1.74,3.1335779029680237,0.49323341108387236,2.243954563827691,4.862469736783538,7.565860417573559,9.304231754650608
mango_rmse_random,medium,2001-09-30,2002Q4,6,FFR,5.129184556015658,1.4433333333333334,3.6858512226823246,0.11478262451350718,2.2130974430179475,5.112819566543573,8.165872028137882,10.021569860798538
mango_rmse_random,medium,2001-09-30,2003Q1,7,FFR,5.371476660064089,1.25,4.121476660064089,-0.1267268649559798,2.3031750249190437,5.410847789780059,8.599931049201844,10.711174640727934
mango_rmse_random,medium,2001-09-30,2003Q2,8,FFR,5.5862241505641075,1.2466666666666668,4.3395574838974404,-0.17851387132108062,2.19631313189625,5.662822183080317,9.018437123354445,11.0999375820851
mango_rmse_random,medium,2001-09-30,2001Q3,1,GDP,915.0069009217524,949.1612595166631,-34.15435859491072,913.5873257487582,914.1161385738193,914.9931769180076,915.950110231044,916.4769724083338
mango_rmse_random,medium,2001-09-30,2001Q4,2,GDP,916.0887882407973,949.4381900682963,-33.34940182749904,913.8661365487118,914.712316101941,916.0910467009488,917.4700763928957,918.3946682737641
mango_rmse_random,medium,2001-09-30,2002Q1,3,GDP,917.1728807504857,950.2630063031164,-33.09012555263075,914.2656309999073,915.3797687144249,917.1363145219618,918.9992493535207,920.2884841854128
mango_rmse_random,medium,2001-09-30,2002Q2,4,GDP,918.2976393674174,950.8766222794621,-32.578982912044694,914.6875307765224,916.1421146433953,918.3160951329614,920.4766716625701,921.9217629183414
mango_rmse_random,medium,2001-09-30,2002Q3,5,GDP,919.3381148974574,951.2793389900701,-31.94122409261263,915.2485127120541,916.9097890390769,919.3689500058374,921.8599745227341,923.3485104950695
mango_rmse_random,medium,2001-09-30,2002Q4,6,GDP,920.3028685081142,951.4099094767561,-31.107040968641854,915.7736686513039,917.4956368733967,920.344974504571,923.0900255119489,924.6836421837703
mango_rmse_random,medium,2001-09-30,2003Q1,7,GDP,921.2312838377783,951.9253022305498,-30.694018392771568,916.0840494644345,918.0877908580343,921.3097262917204,924.3067944789871,926.173743296384
mango_rmse_random,medium,2001-09-30,2003Q2,8,GDP,922.0796537620015,952.8147130216528,-30.73505925965128,916.2635807152523,918.6624888706293,922.1078914159707,925.5272996676537,927.8409397496665
mango_rmse_random,medium,2001-09-30,2001Q3,1,HOURS,479.2432806766757,462.2744843004602,16.968796376215494,477.8558801546961,478.3856608124975,479.2540911401902,480.0717764054628,480.5639507552071
mango_rmse_random,medium,2001-09-30,2001Q4,2,HOURS,479.6578461088056,461.1539856495769,18.50386045922869,477.23138801416854,478.233447451387,479.6818695250027,481.091615278594,481.9871725736119
mango_rmse_random,medium,2001-09-30,2002Q1,3,HOURS,480.24985189470385,460.304793560699,19.94505833400484,476.84118444853544,478.3306354568049,480.2385852623966,482.23859502254857,483.58253330231935
mango_rmse_random,medium,2001-09-30,2002Q2,4,HOURS,480.90523123599644,460.5650070824942,20.34022415350222,476.75640782886967,478.41822871899444,480.89475935870416,483.302649243717,485.0662267959466
mango_rmse_random,medium,2001-09-30,2002Q3,5,HOURS,481.61708352445424,460.1985119043317,21.41857162012252,476.9074855257991,478.76574649987106,481.6202802302196,484.4209608528712,486.40642301798465
mango_rmse_random,medium,2001-09-30,2002Q4,6,HOURS,482.2883788176284,460.322830175075,21.965548642553415,476.9775055183466,478.9412970560529,482.3773271158633,485.483719824852,487.7532937376709
mango_rmse_random,medium,2001-09-30,2003Q1,7,HOURS,482.89918146847845,459.80045742031797,23.098724048160477,477.07869419795696,479.3225102315537,482.95655674951456,486.42592257945495,488.77332493750333
mango_rmse_random,medium,2001-09-30,2003Q2,8,HOURS,483.4634608261457,459.5099647910325,23.953496035113233,477.22633327021634,479.6671872200735,483.48509427784836,487.1863820000426,489.61078905463387
mango_rmse_random,medium,2001-09-30,2001Q3,1,INV,741.1480832633275,770.4527970950121,-29.30471383168458,733.2197612525575,736.5031640524732,741.1164501471901,745.8568461173287,748.8564316743634
mango_rmse_random,medium,2001-09-30,2001Q4,2,INV,743.8793654377198,765.3732073186615,-21.49384188094166,732.4661268156295,736.9944087468257,743.8658481232179,750.8689974848345,755.5719132171514
mango_rmse_random,medium,2001-09-30,2002Q1,3,INV,746.1730300404223,768.2808199922722,-22.107789951849895,731.6784685961525,737.3890345590094,746.0115414071654,755.060307138926,761.4666021150254
mango_rmse_random,medium,2001-09-30,2002Q2,4,INV,748.1441113752292,769.9106176300443,-21.766506254815113,731.4631833997694,738.2933968911574,748.0492133551138,758.2292457431216,765.4524629795796
mango_rmse_random,medium,2001-09-30,2002Q3,5,INV,750.3349209175332,769.7624823562915,-19.42756143875829,731.2627078035425,738.9243271640491,750.5839673811228,761.7661289747927,769.0601218390291
mango_rmse_random,medium,2001-09-30,2002Q4,6,INV,752.0589516848956,769.7007323501294,-17.641780665233796,730.2753421744663,739.3382599744164,752.3101592721646,764.9302021517854,773.6114933021138
mango_rmse_random,medium,2001-09-30,2003Q1,7,INV,753.2936293576097,770.4669957019948,-17.17336634438516,729.1413764669154,738.8623932823177,753.1061830826154,767.6976369466594,776.6112114170082
mango_rmse_random,medium,2001-09-30,2003Q2,8,INV,754.4625030590585,771.1547636745522,-16.69226061549375,727.599813734432,739.1971396921572,754.2613455464175,770.3424209464029,780.2802386948506
mango_rmse_random,medium,2001-09-30,2001Q3,1,WAGE,472.4365361158502,454.0471652049154,18.38937091093476,471.4434352414607,471.83490317453646,472.4429385128465,473.01340300638054,473.3998046881954
mango_rmse_random,medium,2001-09-30,2001Q4,2,WAGE,472.91279302452057,455.048166063729,17.864626960791554,471.3563035152728,471.9990134999463,472.89900624606736,473.7984670333558,474.4496578378188
mango_rmse_random,medium,2001-09-30,2002Q1,3,WAGE,473.3122522664525,455.1706116118767,18.14164065457578,471.2799760801638,472.0984889663403,473.30222003222775,474.5362110860544,475.3389768611385
mango_rmse_random,medium,2001-09-30,2002Q2,4,WAGE,473.8155928843249,455.23704943958904,18.57854344473583,471.35312033970575,472.24547834097626,473.84404848068425,475.3049232818582,476.30634105283247
mango_rmse_random,medium,2001-09-30,2002Q3,5,WAGE,474.23378093062246,455.20858148956364,19.025199441058817,471.2637017283549,472.4416339720168,474.1941889492357,476.0388385697831,477.2279721293992
mango_rmse_random,medium,2001-09-30,2002Q4,6,WAGE,474.60273737118445,454.88855079768575,19.714186573498694,471.17604605493483,472.585835196352,474.57045131349366,476.6563219367711,478.09172916457106
mango_rmse_random,medium,2001-09-30,2003Q1,7,WAGE,474.9877406149366,454.48042807016486,20.507312544771764,471.32373939119157,472.72264620013897,475.0083058334183,477.23590119083696,478.8761652386048
mango_rmse_random,medium,2001-09-30,2003Q2,8,WAGE,475.32124131428554,456.34415305750383,18.977088256781713,471.00530325879595,472.7183591590378,475.3606853046244,477.8535132042137,479.7261329512434
mango_rmse_random,medium,2001-12-31,2001Q4,1,CONS,878.255220871338,910.5812176510452,-32.325996779707225,877.2619358546395,877.6776392882896,878.2644223095205,878.8494387017838,879.2187046675175
mango_rmse_random,medium,2001-12-31,2002Q1,2,CONS,879.4377806846089,910.8036070224157,-31.365826337806766,877.9055478681439,878.5101693096275,879.4317547154333,880.339526166642,881.032751901786
mango_rmse_random,medium,2001-12-31,2002Q2,3,CONS,880.5742950812419,911.3081614927729,-30.73386641153104,878.4951916087962,879.3138987144297,880.5381478595077,881.8691564358252,882.7455069135796
mango_rmse_random,medium,2001-12-31,2002Q3,4,CONS,881.8278639866052,912.0055533963482,-30.17768940974304,879.0224702143955,880.2253380989125,881.8169371442457,883.4848193806695,884.6615697085257
mango_rmse_random,medium,2001-12-31,2002Q4,5,CONS,882.979538948449,912.5602082292284,-29.580669280779375,879.5389117098141,880.9899740692537,882.950953063048,884.9872156404939,886.45939535664
mango_rmse_random,medium,2001-12-31,2003Q1,6,CONS,884.0454254859163,913.0515690533199,-29.00614356740357,879.9822626510554,881.6197133317296,883.9787619655738,886.4313095099444,888.2073983779013
mango_rmse_random,medium,2001-12-31,2003Q2,7,CONS,885.075886553584,914.1900383335624,-29.11415177997833,880.2131308193597,882.0783707450635,885.0883207838883,887.879424531252,889.8517966625336
mango_rmse_random,medium,2001-12-31,2003Q3,8,CONS,886.0205175699004,915.5941312320307,-29.573613662130242,880.4808090001839,882.6234106946465,886.075899243235,889.3616432286374,891.541242042957
mango_rmse_random,medium,2001-12-31,2001Q4,1,DEFL,470.3844420812174,438.50844547731197,31.875996603905435,469.5630831057624,469.88081194494634,470.38954049854294,470.8807765614944,471.2501376159846
mango_rmse_random,medium,2001-12-31,2002Q1,2,DEFL,471.0318683235318,438.83068726310324,32.20118106042855,469.56149882522436,470.1273828737584,471.0177166610245,471.9426657720631,472.5071400144494
mango_rmse_random,medium,2001-12-31,2002Q2,3,DEFL,471.60253760149277,439.17665473510937,32.425882866383404,469.3092174371289,470.30749623839876,471.6300358681214,472.90003125671274,473.74268063977996
mango_rmse_random,medium,2001-12-31,2002Q3,4,DEFL,472.16730387142223,439.65703601147226,32.51026785994998,469.114757620677,470.3933249023926,472.2015271975753,473.986081453643,475.15659602003666
mango_rmse_random,medium,2001-12-31,2002Q4,5,DEFL,472.8123135793516,440.229483984637,32.58282959471461,468.842374604081,470.50200143321445,472.80568440299623,475.243977434031,476.79969487688277
mango_rmse_random,medium,2001-12-31,2003Q1,6,DEFL,473.5317939492816,440.72678772271144,32.805006226570185,468.504139947105,470.66609719674557,473.58920992319935,476.48179469830416,478.383373051951
mango_rmse_random,medium,2001-12-31,2003Q2,7,DEFL,474.29713287974056,441.0711268533791,33.22600602636146,468.32472766789834,470.7302742526439,474.3252001298596,477.8784415931641,480.28181792128913
mango_rmse_random,medium,2001-12-31,2003Q3,8,DEFL,475.129541172006,441.6379751045544,33.49156606745157,467.984291843336,470.82298463468584,475.15102597691157,479.3683899086645,482.18475720295214
mango_rmse_random,medium,2001-12-31,2001Q4,1,FFR,3.2551865545308862,2.1333333333333333,1.121853221197553,1.5707210404561627,2.2143208740818365,3.2869577220526254,4.267892227326722,4.988999873870885
mango_rmse_random,medium,2001-12-31,2002Q1,2,FFR,3.2349843761337578,1.7333333333333334,1.5016510428004244,0.5995298496687606,1.6079258973131947,3.2187869436840404,4.819628506942552,5.887009829078585
mango_rmse_random,medium,2001-12-31,2002Q2,3,FFR,3.1898968465894586,1.75,1.4398968465894586,-0.10890022533088597,1.241771032776291,3.2556273380328498,5.1129175578966715,6.385186582338777
mango_rmse_random,medium,2001-12-31,2002Q3,4,FFR,3.4124897167661583,1.74,1.6724897167661583,-0.5020687624211153,1.00472342995974,3.448739993943852,5.76658316194591,7.22811363820731
mango_rmse_random,medium,2001-12-31,2002Q4,5,FFR,3.753051754888357,1.4433333333333334,2.3097184215550235,-0.9283595089203937,0.9486421745401108,3.8160896211921447,6.499261858226827,8.32725133874605
mango_rmse_random,medium,2001-12-31,2003Q1,6,FFR,4.0268753648648214,1.25,2.7768753648648214,-1.3274589620022772,0.9214186993926513,4.071252311004651,7.1599618518965675,9.069569263980393
mango_rmse_random,medium,2001-12-31,2003Q2,7,FFR,4.359063581492935,1.2466666666666668,3.1123969148262676,-1.2029794451294091,1.0346658584167259,4.339530127307284,7.646934560149709,9.894615814351502
mango_rmse_random,medium,2001-12-31,2003Q3,8,FFR,4.75017520038216,1.0166666666666666,3.7335085337154936,-1.3110603158969176,1.1741546118004769,4.8751027025707625,8.20696790025425,10.574184584989778
mango_rmse_random,medium,2001-12-31,2001Q4,1,GDP,914.6401700179864,949.4381900682963,-34.7980200503099,913.1596657286741,913.7317926232803,914.6491893834877,915.4956521411619,916.1427260751406
mango_rmse_random,medium,2001-12-31,2002Q1,2,GDP,915.6756684006698,950.2630063031164,-34.58733790244662,913.3788645737161,914.327216921658,915.6396147429705,917.063903348101,917.9257676190396
mango_rmse_random,medium,2001-12-31,2002Q2,3,GDP,916.9247843728547,950.8766222794621,-33.951837906607466,913.8188679527027,915.1426435988835,916.9136629590882,918.7641035851904,919.9250233379411
mango_rmse_random,medium,2001-12-31,2002Q3,4,GDP,918.1096633571038,951.2793389900701,-33.16967563296623,914.4502551386889,915.8862489823521,918.0809921439076,920.2968716345019,921.7500854563291
mango_rmse_random,medium,2001-12-31,2002Q4,5,GDP,919.2877988673928,951.4099094767561,-32.12211060936329,915.0053384327665,916.7767919942835,919.2619023921022,921.7636955316451,923.6384672628983
mango_rmse_random,medium,2001-12-31,2003Q1,6,GDP,920.3516726794236,951.9253022305498,-31.57362955112626,915.4635098925314,917.5315086173695,920.3648682782307,923.1215080088725,925.1004755520381
mango_rmse_random,medium,2001-12-31,2003Q2,7,GDP,921.3642088448481,952.8147130216528,-31.450504176804657,916.0129747191949,918.2226012627082,921.3665784370567,924.506846430743,926.5274382317847
mango_rmse_random,medium,2001-12-31,2003Q3,8,GDP,922.3205445405367,954.4678690555788,-32.1473245150421,916.3451869975813,918.8648200026748,922.3261678000282,925.8278068657536,928.1187103661615
mango_rmse_random,medium,2001-12-31,2001Q4,1,HOURS,477.9645294974724,461.1539856495769,16.81054384789553,476.59190427000084,477.16545877499254,477.9501941403579,478.7802156612987,479.3365415863105
mango_rmse_random,medium,2001-12-31,2002Q1,2,HOURS,478.38511440332087,460.304793560699,18.08032084262186,476.06641915413877,477.01016755265664,478.3717166559837,479.77271664843585,480.7277427644553
mango_rmse_random,medium,2001-12-31,2002Q2,3,HOURS,479.0119964286729,460.5650070824942,18.44698934617867,475.87183075607373,477.14239011115166,478.9872762565143,480.9425832135844,482.23690382209656
mango_rmse_random,medium,2001-12-31,2002Q3,4,HOURS,479.7770913178813,460.1985119043317,19.578579413549562,475.7726010127025,477.36561012247,479.8090862933577,482.2308783409225,483.71345777970294
mango_rmse_random,medium,2001-12-31,2002Q4,5,HOURS,480.6392201376509,460.322830175075,20.316389962575897,475.818467324273,477.7293896808952,480.7759603665672,483.49060031799695,485.33456415944835
mango_rmse_random,medium,2001-12-31,2003Q1,6,HOURS,481.43445732164747,459.80045742031797,21.633999901329503,475.86593823532525,478.19950033413596,481.5324375722454,484.5997077234391,486.66584794506554
mango_rmse_random,medium,2001-12-31,2003Q2,7,HOURS,482.18475815614346,459.5099647910325,22.674793365110986,476.1713654286437,478.5999094521079,482.23701132425583,485.75227912275375,488.02700908646455
mango_rmse_random,medium,2001-12-31,2003Q3,8,HOURS,482.84307301310713,459.652290579554,23.190782433553125,476.3430428921201,479.1330424226877,482.87160393328065,486.76643266098773,489.0530811698152
mango_rmse_random,medium,2001-12-31,2001Q4,1,INV,739.3090515347307,765.3732073186615,-26.0641557839308,731.4948829729095,734.6029606553561,739.2711645524653,744.2437424587746,746.9985092203914
mango_rmse_random,medium,2001-12-31,2002Q1,2,INV,741.7356154384136,768.2808199922722,-26.54520455385864,729.8217870774637,734.5268651586841,741.928782556984,748.6950424499796,753.8632725027575
mango_rmse_random,medium,2001-12-31,2002Q2,3,INV,745.1285873173495,769.9106176300443,-24.782030312694815,730.2376486088757,736.3295155944841,745.1489707226058,753.7368790311388,759.889091750265
mango_rmse_random,medium,2001-12-31,2002Q3,4,INV,747.5530039182976,769.7624823562915,-22.20947843799388,730.1871721915592,737.5163616808253,747.6864710624402,757.760481270844,765.1026497008339
mango_rmse_random,medium,2001-12-31,2002Q4,5,INV,750.5307452860959,769.7007323501294,-19.169987064033535,731.415418125374,738.9641492410133,750.3189949019952,762.2633811646397,770.3519601010275
mango_rmse_random,medium,2001-12-31,2003Q1,6,INV,752.7575072884633,770.4669957019948,-17.709488413531517,730.7310831064522,739.8374470509553,752.3134911658392,766.1184205118319,775.7481647324314
mango_rmse_random,medium,2001-12-31,2003Q2,7,INV,754.5212769967325,771.1547636745522,-16.633486677819747,730.477694173245,739.380895147781,753.9109220917935,769.4321809677119,778.664375119235
mango_rmse_random,medium,2001-12-31,2003Q3,8,INV,756.0934787063513,774.7337305880717,-18.64025188172036,728.8050074843219,739.6441865152187,756.0423127549934,772.9098880862132,783.4437693410533
mango_rmse_random,medium,2001-12-31,2001Q4,1,WAGE,473.6145555314501,455.048166063729,18.56638946772108,472.58676084771287,472.9987791280066,473.6108040863233,474.2182871262482,474.63190018555247
mango_rmse_random,medium,2001-12-31,2002Q1,2,WAGE,474.1754223071515,455.1706116118767,19.004810695274784,472.54516449642773,473.18828052025634,474.1947656290183,475.1245494724371,475.7081161036449
mango_rmse_random,medium,2001-12-31,2002Q2,3,WAGE,474.6660236154322,455.23704943958904,19.428974175843166,472.545237399124,473.4404427331158,474.67595179584333,475.9259364059765,476.7161965338584
mango_rmse_random,medium,2001-12-31,2002Q3,4,WAGE,475.1494466747032,455.20858148956364,19.940865185139558,472.60505039751445,473.66734815291414,475.14413086292905,476.6538183564283,477.6230761700043
mango_rmse_random,medium,2001-12-31,2002Q4,5,WAGE,475.6065577899916,454.88855079768575,20.718006992305845,472.69682241986686,473.7620421389405,475.59297585449826,477.40898083172243,478.52532736385416
mango_rmse_random,medium,2001-12-31,2003Q1,6,WAGE,476.00956303061594,454.48042807016486,21.529134960451074,472.5674109194282,473.9694032223414,476.04593712292194,478.06007024403937,479.35102066050894
mango_rmse_random,medium,2001-12-31,2003Q2,7,WAGE,476.3778870223818,456.34415305750383,20.033733964877968,472.4632345637548,474.1116701752375,476.3687735127444,478.6575063535432,480.1729559020326
mango_rmse_random,medium,2001-12-31,2003Q3,8,WAGE,476.73600937967507,457.07961088967545,19.656398489999617,472.41927116727715,474.2094010170405,476.76436754737813,479.2078147641021,480.98449386759955
mango_rmse_random,medium,2002-03-31,2002Q1,1,CONS,879.8001017250336,910.8036070224157,-31.00350529738205,878.8185564455288,879.222125797389,879.798523973437,880.3954191562993,880.7787877615265
mango_rmse_random,medium,2002-03-31,2002Q2,2,CONS,881.1898764118904,911.3081614927729,-30.118285080882515,879.6576178396634,880.2450046419672,881.1632549392764,882.1261697554851,882.7956166113829
mango_rmse_random,medium,2002-03-31,2002Q3,3,CONS,882.7317558527142,912.0055533963482,-29.273797543634032,880.7184116600936,881.4539756041037,882.6837130974178,884.0056640897434,884.8794341398452
mango_rmse_random,medium,2002-03-31,2002Q4,4,CONS,884.1352775809064,912.5602082292284,-28.424930648321947,881.5284469106595,882.5025062640931,884.0592293089394,885.7920493380957,886.9239576493736
mango_rmse_random,medium,2002-03-31,2003Q1,5,CONS,885.4621849962946,913.0515690533199,-27.589384057025313,882.1251483233563,883.5181867434278,885.4182472020484,887.4304855338764,888.7995727518002
mango_rmse_random,medium,2002-03-31,2003Q2,6,CONS,886.7053578657046,914.1900383335624,-27.484680467857743,882.7378228899066,884.3135498182395,886.6750250111127,889.1560066025824,890.6886643822126
mango_rmse_random,medium,2002-03-31,2003Q3,7,CONS,887.8517370951507,915.5941312320307,-27.742394136879966,883.1653144731405,885.0680244353199,887.8356629094311,890.7394682059553,892.6682444366529
mango_rmse_random,medium,2002-03-31,2003Q4,8,CONS,888.8576515500271,916.2802228701386,-27.4225713201115,883.4477806004968,885.5923801021065,888.8645206244039,892.1764386001043,894.4833182181142
mango_rmse_random,medium,2002-03-31,2002Q1,1,DEFL,470.20087439119436,438.83068726310324,31.370187128091118,469.33287068683245,469.70699316600036,470.21472964555676,470.6853034418822,471.0087986255353
mango_rmse_random,medium,2002-03-31,2002Q2,2,DEFL,470.4838672278134,439.17665473510937,31.307212492704025,469.0741873781993,469.62194390229706,470.4700806886103,471.34596206043966,471.8462710883668
mango_rmse_random,medium,2002-03-31,2002Q3,3,DEFL,470.73035208246694,439.65703601147226,31.07331607099468,468.67890485857185,469.4682036964989,470.70654266066464,471.989807456658,472.8230196887098
mango_rmse_random,medium,2002-03-31,2002Q4,4,DEFL,471.0211949791866,440.229483984637,30.79171099454959,468.16188165904305,469.3185887614679,471.01601794104033,472.7392894677454,473.85634676114233
mango_rmse_random,medium,2002-03-31,2003Q1,5,DEFL,471.42206726773543,440.72678772271144,30.695279545023993,467.64222064387627,469.12421213680193,471.44204215099626,473.66385959996825,475.21343868323873
mango_rmse_random,medium,2002-03-31,2003Q2,6,DEFL,471.88810138387237,441.0711268533791,30.81697453049327,467.132746209557,469.08031003369433,471.8847176828675,474.75090261609455,476.6930326001831
mango_rmse_random,medium,2002-03-31,2003Q3,7,DEFL,472.4497471522557,441.6379751045544,30.81177204770131,466.48760859164537,469.0258194197303,472.4492852750317,475.94650144529095,478.40866859107535
mango_rmse_random,medium,2002-03-31,2003Q4,8,DEFL,473.0932500779567,442.25205753903714,30.841192538919586,466.0615217604366,469.0295997116551,473.02469796461287,477.2567315951292,480.15099400280457
mango_rmse_random,medium,2002-03-31,2002Q1,1,FFR,1.6765726804849592,1.7333333333333334,-0.05676065284837417,-0.01325619023064664,0.7104790320185038,1.6521439568859964,2.662782797623007,3.395768144281082
mango_rmse_random,medium,2002-03-31,2002Q2,2,FFR,1.4691715379562693,1.75,-0.2808284620437307,-1.0874187531758606,-0.058743076816415385,1.46024934558109,2.988186854764432,4.093289129851508
mango_rmse_random,medium,2002-03-31,2002Q3,3,FFR,1.7831279678813288,1.74,0.04312796788132878,-1.5174562778146348,-0.2558396040612815,1.7827131976903656,3.7916442198550957,5.037435506145762
mango_rmse_random,medium,2002-03-31,2002Q4,4,FFR,2.153149805277687,1.4433333333333334,0.7098164719443538,-1.9323176910731394,-0.21816668437071332,2.207778561032112,4.576377588714704,6.155843864550772
mango_rmse_random,medium,2002-03-31,2003Q1,5,FFR,2.485025750567466,1.25,1.2350257505674662,-2.138239446487686,-0.16522504086555231,2.440882878876746,5.26214310162154,7.1856017653359885
mango_rmse_random,medium,2002-03-31,2003Q2,6,FFR,2.9160482694266716,1.2466666666666668,1.6693816027600048,-2.3360447690917483,-0.13734186239120796,2.867872999525576,6.116016952780413,8.14324458761924
mango_rmse_random,medium,2002-03-31,2003Q3,7,FFR,3.3592877561472863,1.0166666666666666,2.3426210894806196,-2.1783864884861694,0.005767909532423587,3.343016156999802,6.810135296059069,8.889684428797333
mango_rmse_random,medium,2002-03-31,2003Q4,8,FFR,3.727461471499383,0.9966666666666667,2.7307948048327164,-2.110015180825092,0.13066634142876798,3.66706291419038,7.348172260304008,9.714579497318146
mango_rmse_random,medium,2002-03-31,2002Q1,1,GDP,915.267126644907,950.2630063031164,-34.99587965820945,913.8580247940139,914.4155808110304,915.2755703520186,916.1269438767937,916.6729574296529
mango_rmse_random,medium,2002-03-31,2002Q2,2,GDP,916.8565370293883,950.8766222794621,-34.02008525007386,914.5462167096513,915.4875052098982,916.8936156097632,918.2120249219524,919.0830115022086
mango_rmse_random,medium,2002-03-31,2002Q3,3,GDP,918.384976443314,951.2793389900701,-32.89436254675604,915.2520130682815,916.5324849967619,918.3687038888761,920.2180227243023,921.3794526232331
mango_rmse_random,medium,2002-03-31,2002Q4,4,GDP,920.0276356382336,951.4099094767561,-31.38227383852245,916.4036635958842,917.788464025968,920.0178685976248,922.2651526465529,923.64799729028
mango_rmse_random,medium,2002-03-31,2003Q1,5,GDP,921.4269760436301,951.9253022305498,-30.498326186919712,917.2381518663885,918.8615736752618,921.4214251112551,923.9881542513835,925.5936867623976
mango_rmse_random,medium,2002-03-31,2003Q2,6,GDP,922.7238261566863,952.8147130216528,-30.09088686496648,918.1493887405765,919.8560305821928,922.7093523924036,925.5426807691504,927.5219991269306
mango_rmse_random,medium,2002-03-31,2003Q3,7,GDP,923.8835247529516,954.4678690555788,-30.584344302627187,918.7241562481943,920.7513195712402,923.8412129869696,927.0640664923851,929.103710399465
mango_rmse_random,medium,2002-03-31,2003Q4,8,GDP,924.850389191094,955.6153064688727,-30.76491727777875,919.111764203728,921.4127685255569,924.7902964532634,928.3531232488775,930.6080689922019
mango_rmse_random,medium,2002-03-31,2002Q1,1,HOURS,477.2591384866346,460.304793560699,16.954344925935573,475.8883069337669,476.4431666636237,477.26072868365134,478.0672065819146,478.61183648993233
mango_rmse_random,medium,2002-03-31,2002Q2,2,HOURS,477.91717632279824,460.5650070824942,17.352169240304022,475.5283280019668,476.4467529225057,477.9274336669371,479.35332566090943,480.34704451368805
mango_rmse_random,medium,2002-03-31,2002Q3,3,HOURS,478.91336159828404,460.1985119043317,18.714849693952317,475.49246491665787,476.8570613983144,478.9354245278827,480.9445827390629,482.279463595377
mango_rmse_random,medium,2002-03-31,2002Q4,4,HOURS,480.08913964913245,460.322830175075,19.766309474057437,475.9605293053118,477.5672122078691,480.0613899812832,482.6724232829462,484.22428412426143
mango_rmse_random,medium,2002-03-31,2003Q1,5,HOURS,481.2200967735004,459.80045742031797,21.419639353182447,476.3223976261425,478.26886781476856,481.1810783923463,484.2344063292263,485.9654701518952
mango_rmse_random,medium,2002-03-31,2003Q2,6,HOURS,482.27611978208796,459.5099647910325,22.766154991055487,476.77816691103794,478.84986640482714,482.2890903228571,485.61866160165243,487.56631338625203
mango_rmse_random,medium,2002-03-31,2003Q3,7,HOURS,483.1624964177788,459.652290579554,23.510205838224806,477.0829922421325,479.6480420565273,483.2191391256845,486.7293640167373,488.8804033137625
mango_rmse_random,medium,2002-03-31,2003Q4,8,HOURS,483.8539595721785,460.1332832756836,23.7206762964949,477.27276413886096,480.0491007074874,483.85993012967765,487.75272338512013,489.9105602456694
mango_rmse_random,medium,2002-03-31,2002Q1,1,INV,734.1820919724104,768.2808199922722,-34.098728019861824,726.6752750576687,729.5458980956503,734.1603742006342,738.9455942230542,741.9911215313651
mango_rmse_random,medium,2002-03-31,2002Q2,2,INV,738.7767936423198,769.9106176300443,-31.13382398772444,727.2868334703023,731.968912218743,738.7004262564169,745.7837913016981,750.3262450279095
mango_rmse_random,medium,2002-03-31,2002Q3,3,INV,742.7582787562698,769.7624823562915,-27.004203600021697,727.32543442379,733.8381968302756,742.3923117084219,752.0187050057305,757.6573406124113
mango_rmse_random,medium,2002-03-31,2002Q4,4,INV,748.1534166373311,769.7007323501294,-21.54731571279831,730.9472889088001,737.5524140460964,748.0667528495735,758.6040072087291,766.0173220508874
mango_rmse_random,medium,2002-03-31,2003Q1,5,INV,751.7715639952978,770.4669957019948,-18.695431706697036,731.1545876480321,739.4848433748969,751.7720381678023,763.9939948111942,772.1395520685202
mango_rmse_random,medium,2002-03-31,2003Q2,6,INV,754.5900462482977,771.1547636745522,-16.56471742625456,732.4759166415115,741.2111590656089,754.1373220444598,768.2927881980969,776.6780885249034
mango_rmse_random,medium,2002-03-31,2003Q3,7,INV,756.9560258765617,774.7337305880717,-17.777704711509955,733.5809375282239,742.3777681992874,756.8472363968951,771.7918824352847,782.0035479078928
mango_rmse_random,medium,2002-03-31,2003Q4,8,INV,758.3377032218414,778.0471063770386,-19.709403155197265,732.0645866903802,742.3301608856148,757.9955819010432,774.2190624113099,786.1571974952717
mango_rmse_random,medium,2002-03-31,2002Q1,1,WAGE,474.258788256802,455.1706116118767,19.088176644925284,473.2851349424294,473.64209081681156,474.26566468375745,474.8790533461287,475.23782276760187
mango_rmse_random,medium,2002-03-31,2002Q2,2,WAGE,474.73369136158817,455.23704943958904,19.496641921999128,473.19486080364555,473.7774830886694,474.7469193125509,475.6467085177742,476.26621549833317
mango_rmse_random,medium,2002-03-31,2002Q3,3,WAGE,475.2333216978022,455.20858148956364,20.02474020823854,473.2246785710594,473.9962957455575,475.2320225818941,476.49069583639573,477.21211349319503
mango_rmse_random,medium,2002-03-31,2002Q4,4,WAGE,475.7446030016976,454.88855079768575,20.85605220401186,473.2108934695806,474.1651023640339,475.7222542796368,477.26019478357625,478.3212584101639
mango_rmse_random,medium,2002-03-31,2003Q1,5,WAGE,476.1497002922203,454.48042807016486,21.66927222205544,473.0483841542384,474.34031697851805,476.20393904746675,477.93709576171824,479.15182701348823
mango_rmse_random,medium,2002-03-31,2003Q2,6,WAGE,476.5474487592563,456.34415305750383,20.203295701752495,472.94036261763745,474.4735312132544,476.5419958851669,478.67047613326986,479.9876091895874
mango_rmse_random,medium,2002-03-31,2003Q3,7,WAGE,476.9205787138541,457.07961088967545,19.840967824178676,472.7518326652036,474.5320900595759,476.9199449420079,479.29884747112413,480.831130383609
mango_rmse_random,medium,2002-03-31,2003Q4,8,WAGE,477.2901976547791,458.0857001405808,19.204497514198295,472.6423353849158,474.5992385370653,477.252306830041,479.97838483921925,481.9563751696734
mango_rmse_random,medium,2002-06-30,2002Q2,1,CONS,880.8189064946309,911.3081614927729,-30.489254998141973,879.8407597010308,880.2296898565726,880.8133749561243,881.4289507829926,881.8279947259916
mango_rmse_random,medium,2002-06-30,2002Q3,2,CONS,882.3396733579661,912.0055533963482,-29.665880038382056,880.7527509765887,881.3759701897465,882.3465032655932,883.2667008273788,883.8937739537123
mango_rmse_random,medium,2002-06-30,2002Q4,3,CONS,883.770312142671,912.5602082292284,-28.789896086557405,881.5498476103198,882.4639155383489,883.7971887038409,885.0866837192038,885.8841735426888
mango_rmse_random,medium,2002-06-30,2003Q1,4,CONS,885.15523946121,913.0515690533199,-27.89632959210985,882.1911113583387,883.4195809340263,885.2219669229503,886.8682111814533,887.8548952822149
mango_rmse_random,medium,2002-06-30,2003Q2,5,CONS,886.5351572180452,914.1900383335624,-27.654881115517128,883.0146191722135,884.441485947246,886.5349761199907,888.7121957995878,889.9722501391988
mango_rmse_random,medium,2002-06-30,2003Q3,6,CONS,887.753193649149,915.5941312320307,-27.84093758288168,883.647451772008,885.2167336069275,887.7338314386175,890.3325111546966,891.9093684046646
mango_rmse_random,medium,2002-06-30,2003Q4,7,CONS,888.9068463379093,916.2802228701386,-27.37337653222926,883.9954272609311,886.0371537216455,888.8871478536555,891.8418639233012,893.8689822733899
mango_rmse_random,medium,2002-06-30,2004Q1,8,CONS,889.9512877027646,917.2082690958562,-27.256981393091564,884.2693059689426,886.5501613783177,889.9660911352587,893.2900592908426,895.8229657218847
mango_rmse_random,medium,2002-06-30,2002Q2,1,DEFL,470.3520813486384,439.17665473510937,31.175426613529055,469.50572731448335,469.85336352299527,470.3479700317622,470.8465630997196,471.18085256748975
mango_rmse_random,medium,2002-06-30,2002Q3,2,DEFL,470.5396509416452,439.65703601147226,30.882614930172963,469.08656799110446,469.65498473297123,470.53845902416975,471.4140247077905,472.0582396899444
mango_rmse_random,medium,2002-06-30,2002Q4,3,DEFL,470.78076367721644,440.229483984637,30.551279692579442,468.58687909260664,469.4691587510719,470.75680751224724,472.0810129073145,472.9981534818172
mango_rmse_random,medium,2002-06-30,2003Q1,4,DEFL,471.07819642684035,440.72678772271144,30.351408704128914,468.0519081675364,469.2294095238047,471.0517342000529,472.94312508846747,474.14919522009745
mango_rmse_random,medium,2002-06-30,2003Q2,5,DEFL,471.43272308753063,441.0711268533791,30.361596234151534,467.5380802071977,469.0243367495454,471.4015256130375,473.8555010476937,475.40970140429806
mango_rmse_random,medium,2002-06-30,2003Q3,6,DEFL,471.88084511339287,441.6379751045544,30.24287000883845,467.024017427556,468.87984544027745,471.78988333253034,474.90296183766463,476.8965039675637
mango_rmse_random,medium,2002-06-30,2003Q4,7,DEFL,472.417281081622,442.25205753903714,30.16522354258484,466.49622833142234,468.81220474896594,472.3290253244728,476.0495005792228,478.6414057882229
mango_rmse_random,medium,2002-06-30,2004Q1,8,DEFL,473.04660043643077,442.95660169416607,30.089998742264697,465.9815022848496,468.73825058780295,472.9585067026659,477.3481309233113,480.3658130905186
mango_rmse_random,medium,2002-06-30,2002Q2,1,FFR,1.3202066744665948,1.75,-0.4297933255334052,-0.34248899151891515,0.29725544448629754,1.3091658715554795,2.3632378766817244,3.037582808218753
mango_rmse_random,medium,2002-06-30,2002Q3,2,FFR,1.554290356105358,1.74,-0.18570964389464195,-1.1255018855124845,-0.09505566296953362,1.5504873626131719,3.164769797053063,4.315107151457374
mango_rmse_random,medium,2002-06-30,2002Q4,3,FFR,1.7032856315835407,1.4433333333333334,0.2599522982502074,-1.6984845178359549,-0.37653458117858185,1.7057495086607914,3.7420264193892483,5.091312801320923
mango_rmse_random,medium,2002-06-30,2003Q1,4,FFR,1.906142631210364,1.25,0.656142631210364,-2.217994839557651,-0.5548255853937649,1.8904051193976013,4.385210530789372,5.98869605107367
mango_rmse_random,medium,2002-06-30,2003Q2,5,FFR,2.331463074142838,1.2466666666666668,1.0847964074761711,-2.5565272322646178,-0.5077478750906477,2.3492091745341606,5.302851310830673,7.386241838194672
mango_rmse_random,medium,2002-06-30,2003Q3,6,FFR,2.7750826653398324,1.0166666666666666,1.7584159986731658,-2.5662941953444927,-0.3935432411434172,2.8156070700628293,6.020319046461282,8.108837115651765
mango_rmse_random,medium,2002-06-30,2003Q4,7,FFR,3.1313285416285943,0.9966666666666667,2.1346618749619277,-2.9081373696849715,-0.32083956611350317,3.156160703249796,6.575405702197668,8.765381670442858
mango_rmse_random,medium,2002-06-30,2004Q1,8,FFR,3.4665220927837463,1.0033333333333332,2.4631887594504134,-2.9448603483509364,-0.30012160545421046,3.4975643489209256,7.2669548392148,9.64050987260827
mango_rmse_random,medium,2002-06-30,2002Q2,1,GDP,916.9892765509082,950.8766222794621,-33.887345728553896,915.4951835274142,916.084635852219,917.0059653685869,917.8613492542679,918.4503756370002
mango_rmse_random,medium,2002-06-30,2002Q3,2,GDP,918.5303113874938,951.2793389900701,-32.749027602576234,916.2276564004698,917.1221877630379,918.5404534996566,919.8986066346588,920.7999283950847
mango_rmse_random,medium,2002-06-30,2002Q4,3,GDP,920.3124971930305,951.4099094767561,-31.09741228372559,917.2266418829186,918.4461314790035,920.2929102872139,922.091651348049,923.4203434184054
mango_rmse_random,medium,2002-06-30,2003Q1,4,GDP,921.708259790425,951.9253022305498,-30.21704244012483,917.8197030363353,919.4347614200057,921.7098671043791,924.0171003022524,925.4688562012872
mango_rmse_random,medium,2002-06-30,2003Q2,5,GDP,923.1067519683568,952.8147130216528,-29.707961053296003,918.6637940866891,920.4456542533666,923.1143150826606,925.6430421927089,927.5426131800747
mango_rmse_random,medium,2002-06-30,2003Q3,6,GDP,924.396674878551,954.4678690555788,-30.07119417702779,919.2878720764844,921.5057428031246,924.371767360986,927.3045310126237,929.4734148159151
mango_rmse_random,medium,2002-06-30,2003Q4,7,GDP,925.5626619836339,955.6153064688727,-30.05264448523883,919.9159792026297,922.3424907270486,925.455607453282,928.8287477832838,931.1951442049483
mango_rmse_random,medium,2002-06-30,2004Q1,8,GDP,926.5934409345844,956.1865880299732,-29.593147095388872,920.5244652385786,923.0145119412614,926.5146852143058,930.2466820319133,932.7078222859905
mango_rmse_random,medium,2002-06-30,2002Q2,1,HOURS,476.8161230878544,460.5650070824942,16.25111600536019,475.4200144070763,475.97530899619875,476.83048918503516,477.6372424776324,478.2066278491678
mango_rmse_random,medium,2002-06-30,2002Q3,2,HOURS,477.66410548289866,460.1985119043317,17.46559357856694,475.13200007148737,476.18974720330607,477.69953187069984,479.0929714906845,480.1251451770273
mango_rmse_random,medium,2002-06-30,2002Q4,3,HOURS,478.8535286052932,460.322830175075,18.530698430218195,475.3514123250049,476.80185546793336,478.83414846299854,480.82661551628,482.18419489113074
mango_rmse_random,medium,2002-06-30,2003Q1,4,HOURS,479.8975438600811,459.80045742031797,20.09708643976313,475.63874252907954,477.35358053237866,479.8910096381685,482.4530126117074,484.0864001780714
mango_rmse_random,medium,2002-06-30,2003Q2,5,HOURS,480.9596673083686,459.5099647910325,21.449702517336107,476.0660371086403,477.9921959114561,480.9708270410597,484.0366036883531,485.8779378424466
mango_rmse_random,medium,2002-06-30,2003Q3,6,HOURS,481.9435371756442,459.652290579554,22.291246596090218,476.21516163095094,478.616006100649,481.90783695757546,485.4459292825759,487.4990285709854
mango_rmse_random,medium,2002-06-30,2003Q4,7,HOURS,482.78345539838165,460.1332832756836,22.650172122698052,476.30373031392634,479.26485792841845,482.80016223574364,486.5543232431074,488.77746360415233
mango_rmse_random,medium,2002-06-30,2004Q1,8,HOURS,483.484840261043,460.55900978127795,22.925830479765068,476.7162504343465,479.5960751969333,483.5505205119295,487.45016421757856,490.0753399996799
mango_rmse_random,medium,2002-06-30,2002Q2,1,INV,739.3558969492283,769.9106176300443,-30.55472068081599,731.4337624420455,734.492757605579,739.3358259001986,744.202528258936,747.2243986509416
mango_rmse_random,medium,2002-06-30,2002Q3,2,INV,743.839614400441,769.7624823562915,-25.922867955850506,731.7653919966326,736.6431275872803,743.8713010010908,751.0736951254453,755.635150024426
mango_rmse_random,medium,2002-06-30,2002Q4,3,INV,750.127217674295,769.7007323501294,-19.573514675834417,734.9575618933145,740.8607735005263,750.0878659029993,759.3758547635255,765.7162386737107
mango_rmse_random,medium,2002-06-30,2003Q1,4,INV,753.4035173043325,770.4669957019948,-17.06347839766238,734.5573550443788,742.5325083832449,753.3010892069005,764.2319921294982,771.440091697417
mango_rmse_random,medium,2002-06-30,2003Q2,5,INV,756.6428825420734,771.1547636745522,-14.511881132478834,735.3400011873969,744.0026752480551,756.2044909884731,769.5722273545805,777.4279987574455
mango_rmse_random,medium,2002-06-30,2003Q3,6,INV,759.5007441346245,774.7337305880717,-15.23298645344721,736.4455179958802,745.4685840542687,759.2367063219688,773.592709662639,783.4730535407697
mango_rmse_random,medium,2002-06-30,2003Q4,7,INV,761.4300862330199,778.0471063770386,-16.61702014401874,735.4046449234677,746.0461738289675,761.3188294594372,776.9893951068717,787.6248851743385
mango_rmse_random,medium,2002-06-30,2004Q1,8,INV,762.926240071013,778.2453302745937,-15.319090203580686,734.8523127544807,745.628935134723,762.9234062580491,779.8808500813307,792.1031179121594
mango_rmse_random,medium,2002-06-30,2002Q2,1,WAGE,474.7947246462865,455.23704943958904,19.557675206697468,473.79906198262864,474.1879965063246,474.7793959185145,475.4123319405104,475.7992023768794
mango_rmse_random,medium,2002-06-30,2002Q3,2,WAGE,475.456210352212,455.20858148956364,20.247628862648355,473.9162314995977,474.5328319053943,475.4561522123123,476.3857827352525,476.96737492810814
mango_rmse_random,medium,2002-06-30,2002Q4,3,WAGE,475.9794965925174,454.88855079768575,21.09094579483167,473.9050656345891,474.75634939363493,475.9957712985787,477.18799079260725,477.9988976261258
mango_rmse_random,medium,2002-06-30,2003Q1,4,WAGE,476.4738955089525,454.48042807016486,21.99346743878766,473.92006629640593,474.9641012995213,476.49934705800234,477.9806596462071,478.9774999029294
mango_rmse_random,medium,2002-06-30,2003Q2,5,WAGE,476.95917356632066,456.34415305750383,20.615020508816826,473.8780555862315,475.16566107884046,476.9558511577935,478.71970429678316,480.07577205074097
mango_rmse_random,medium,2002-06-30,2003Q3,6,WAGE,477.3813636276203,457.07961088967545,20.301752737944867,473.87149762751153,475.33563184143,477.3870872522105,479.347036947593,480.9102666259619
mango_rmse_random,medium,2002-06-30,2003Q4,7,WAGE,477.77049365387643,458.0857001405808,19.68479351329563,473.78956817796586,475.427858382091,477.8053635619455,480.07377184758883,481.8786239997023
mango_rmse_random,medium,2002-06-30,2004Q1,8,WAGE,478.16141037867584,457.05166274882123,21.10974762985461,473.5851535937889,475.5404490654712,478.1898790807926,480.7511435323871,482.6584811230467
mango_rmse_random,medium,2002-09-30,2002Q3,1,CONS,879.8197816175203,912.0055533963482,-32.18577177882787,878.7766589661069,879.1942009179287,879.8302406270457,880.4155338678298,880.8063984321896
mango_rmse_random,medium,2002-09-30,2002Q4,2,CONS,880.9404163652823,912.5602082292284,-31.619791863946034,879.403719631565,880.0083274304474,880.9280584476946,881.8781087320283,882.4899490567557
mango_rmse_random,medium,2002-09-30,2003Q1,3,CONS,881.9941966456602,913.0515690533199,-31.057372407659727,879.8186058026914,880.7443634635496,882.0089700392332,883.2696667130481,884.1865157432837
mango_rmse_random,medium,2002-09-30,2003Q2,4,CONS,883.234051290522,914.1900383335624,-30.95598704304041,880.5507412611972,881.6160885377035,883.2293560239546,884.938847167064,886.0173561291463
mango_rmse_random,medium,2002-09-30,2003Q3,5,CONS,884.2929143577835,915.5941312320307,-31.30121687424719,880.994524407925,882.2747886729281,884.2681613163634,886.2758638375266,887.7834716887741
mango_rmse_random,medium,2002-09-30,2003Q4,6,CONS,885.2734682458594,916.2802228701386,-31.00675462427921,881.2280649612827,882.7552965446712,885.2748064133613,887.6940618332537,889.521170058052
mango_rmse_random,medium,2002-09-30,2004Q1,7,CONS,886.2074942282921,917.2082690958562,-31.00077486756402,881.6045013814102,883.3413050750022,886.1593747727613,889.1787129447331,891.243230251618
mango_rmse_random,medium,2002-09-30,2004Q2,8,CONS,887.1090462713969,917.752436881049,-30.6433906096521,881.7749072902998,883.8409861309797,887.0373033163498,890.4091735122898,892.9321652567775
mango_rmse_random,medium,2002-09-30,2002Q3,1,DEFL,470.7457937668978,439.65703601147226,31.088757755425547,469.89661061933555,470.24881887172324,470.7526607046252,471.251181013481,471.5731323084866
mango_rmse_random,medium,2002-09-30,2002Q4,2,DEFL,471.06835790248954,440.229483984637,30.83887391785254,469.66720979990896,470.17303468210287,471.07986734279143,471.92707378788884,472.47998033117176
mango_rmse_random,medium,2002-09-30,2003Q1,3,DEFL,471.4012020638688,440.72678772271144,30.674414341157387,469.32683120700995,470.0743390029527,471.4387777613467,472.64408390573374,473.47099181352706
mango_rmse_random,medium,2002-09-30,2003Q2,4,DEFL,471.7482035872259,441.0711268533791,30.677076733846775,468.85898484775294,469.96415296001203,471.7918084076106,473.4509771068968,474.5793883355104
mango_rmse_random,medium,2002-09-30,2003Q3,5,DEFL,472.20292366729115,441.6379751045544,30.56494856273673,468.35054148658,469.900856186941,472.28169014116276,474.39702543514295,475.8600818705079
mango_rmse_random,medium,2002-09-30,2003Q4,6,DEFL,472.7019612575623,442.25205753903714,30.44990371852515,467.90728338656874,469.8359587181093,472.74748955768877,475.4657987660499,477.35066897477407
mango_rmse_random,medium,2002-09-30,2004Q1,7,DEFL,473.2366963805684,442.95660169416607,30.28009468640232,467.2934342977575,469.7715665066617,473.2712869189139,476.6245832301301,479.0084853468112
mango_rmse_random,medium,2002-09-30,2004Q2,8,DEFL,473.8461496349177,443.75677692001574,30.08937271490197,466.7340377086482,469.79602933974047,473.86089443838546,477.9577294167647,480.7165269673405
mango_rmse_random,medium,2002-09-30,2002Q3,1,FFR,1.5781594928013774,1.74,-0.16184050719862264,-0.09588287865993135,0.5907183468695903,1.565832016651902,2.56087647490862,3.25654609305538
mango_rmse_random,medium,2002-09-30,2002Q4,2,FFR,1.547315028174719,1.4433333333333334,0.10398169484138564,-1.1236377282951113,-0.08836012046055253,1.5775994592316942,3.2124797616435092,4.161283085075934
mango_rmse_random,medium,2002-09-30,2003Q1,3,FFR,1.6236632835114824,1.25,0.37366328351148237,-1.8199840524710582,-0.46613906906130564,1.701165648373345,3.6802573859656986,5.047659028023289
mango_rmse_random,medium,2002-09-30,2003Q2,4,FFR,1.921608859968631,1.2466666666666668,0.6749421933019641,-2.308930173567176,-0.605632002731057,2.0247046135491162,4.296097298255117,6.071250445625633
mango_rmse_random,medium,2002-09-30,2003Q3,5,FFR,2.2488895688419404,1.0166666666666666,1.2322229021752737,-2.4399136966802635,-0.5783234395526882,2.3277921322001145,5.0790674487713074,6.911858194366465
mango_rmse_random,medium,2002-09-30,2003Q4,6,FFR,2.530526149686985,0.9966666666666667,1.5338594830203185,-2.826408810775377,-0.5099034818965515,2.559932615818823,5.573926698180533,7.527651612508962
mango_rmse_random,medium,2002-09-30,2004Q1,7,FFR,2.815410367203065,1.0033333333333332,1.8120770338697316,-2.913595323323044,-0.46308454011079314,2.8757353403022714,6.174963290868877,8.29169443986193
mango_rmse_random,medium,2002-09-30,2004Q2,8,FFR,3.133617193987212,1.01,2.1236171939872124,-2.755884493205052,-0.3309619422852864,3.125695472195698,6.699033525010653,8.95233759470321
mango_rmse_random,medium,2002-09-30,2002Q3,1,GDP,915.7773339025907,951.2793389900701,-35.50200508747935,914.2709710362632,914.9098497892334,915.7800300453814,916.6454783592031,917.198435831333
mango_rmse_random,medium,2002-09-30,2002Q4,2,GDP,917.0676021077925,951.4099094767561,-34.34230736896359,914.7550564664667,915.6995455630052,917.0621172532476,918.4325765482724,919.3267858375154
mango_rmse_random,medium,2002-09-30,2003Q1,3,GDP,918.2482053206451,951.9253022305498,-33.677096909904776,915.1693305138863,916.4189603395484,918.2926353258213,920.1184440516844,921.1825303867582
mango_rmse_random,medium,2002-09-30,2003Q2,4,GDP,919.3638094925607,952.8147130216528,-33.4509035290921,915.7824254904474,917.1357433409426,919.3906714313381,921.6133869918808,923.0569617680871
mango_rmse_random,medium,2002-09-30,2003Q3,5,GDP,920.5052036705403,954.4678690555788,-33.96266538503858,916.329399272456,917.9816603051221,920.5645708486559,923.0678139572904,924.5772967782513
mango_rmse_random,medium,2002-09-30,2003Q4,6,GDP,921.520154797412,955.6153064688727,-34.09515167146071,916.730148196208,918.5860868574546,921.5830415587652,924.3606261237695,926.3817752190876
mango_rmse_random,medium,2002-09-30,2004Q1,7,GDP,922.4363045396299,956.1865880299732,-33.75028349034335,917.1407801058228,919.0825705798703,922.4382809620827,925.6714447089228,927.9561087917588
mango_rmse_random,medium,2002-09-30,2004Q2,8,GDP,923.3157143829868,956.9623102681346,-33.6465958851478,917.3042212693533,919.7266801218037,923.272691266388,926.9474671514423,929.4535432661692
mango_rmse_random,medium,2002-09-30,2002Q3,1,HOURS,476.5043825050597,460.1985119043317,16.305870600727985,475.12781464692836,475.67257324104685,476.50910096141615,477.36417507486624,477.80827692655777
mango_rmse_random,medium,2002-09-30,2002Q4,2,HOURS,477.25515619554625,460.322830175075,16.932326020471237,474.7865951127696,475.7865948654965,477.2748109763589,478.7230957441905,479.8207520628728
mango_rmse_random,medium,2002-09-30,2003Q1,3,HOURS,477.9450748339092,459.80045742031797,18.14461741359122,474.5704278906178,475.90573309628104,477.9930789061583,480.02085145800277,481.4370905200005
mango_rmse_random,medium,2002-09-30,2003Q2,4,HOURS,478.6786175288289,459.5099647910325,19.168652737796435,474.4772931312609,476.20110582571425,478.7249329393427,481.18803683131154,482.81373970767805
mango_rmse_random,medium,2002-09-30,2003Q3,5,HOURS,479.47286400684925,459.652290579554,19.820573427295244,474.27563943515213,476.6213634369448,479.52315982199326,482.370555277083,484.2634462209714
mango_rmse_random,medium,2002-09-30,2003Q4,6,HOURS,480.18434226013153,460.1332832756836,20.051058984447934,474.4277556000183,476.87244456648665,480.26945931043736,483.42032023118105,485.46602776516266
mango_rmse_random,medium,2002-09-30,2004Q1,7,HOURS,480.78452728101826,460.55900978127795,20.225517499740306,474.5902287635304,477.29303162618197,480.8043327364457,484.52188215310997,486.53534003869
mango_rmse_random,medium,2002-09-30,2004Q2,8,HOURS,481.34734375884796,460.6459354652963,20.70140829355165,474.7453268402953,477.4878132018934,481.3642797197574,485.2491383945685,487.789964349396
mango_rmse_random,medium,2002-09-30,2002Q3,1,INV,738.8874034382164,769.7624823562915,-30.87507891807502,731.4099853402486,734.2948748737035,738.9255326630905,743.4287942762578,746.4793154683219
mango_rmse_random,medium,2002-09-30,2002Q4,2,INV,743.4559849636588,769.7007323501294,-26.244747386470635,731.789154223957,736.1970691029421,743.5108848264879,750.5138188556848,755.3943174616284
mango_rmse_random,medium,2002-09-30,2003Q1,3,INV,746.5458088972998,770.4669957019948,-23.921186804695026,731.3212185641792,737.7342293247307,746.4768260111551,755.3080657824553,761.4237522135745
mango_rmse_random,medium,2002-09-30,2003Q2,4,INV,748.2216874619155,771.1547636745522,-22.933076212636706,731.1888880370047,737.4495722695358,748.2316777805245,758.5209577199879,765.9214665239834
mango_rmse_random,medium,2002-09-30,2003Q3,5,INV,751.0040224812598,774.7337305880717,-23.729708106811927,731.598823745522,738.6332044591785,751.3102710183093,762.7000934425757,771.120029515376
mango_rmse_random,medium,2002-09-30,2003Q4,6,INV,752.9105932079341,778.0471063770386,-25.136513169104546,730.9997049622941,739.5042613916314,752.7949521618215,766.2593695207074,775.8005913199777
mango_rmse_random,medium,2002-09-30,2004Q1,7,INV,754.203452553785,778.2453302745937,-24.041877720808657,730.4282186724748,739.1394042613142,753.9436452181167,769.1017121548331,779.512484985881
mango_rmse_random,medium,2002-09-30,2004Q2,8,INV,755.4820232629623,782.1621073069788,-26.68008404401644,729.4967104945766,739.176239062471,754.8632296662312,771.4743860457404,782.8566094511494
mango_rmse_random,medium,2002-09-30,2002Q3,1,WAGE,471.65562515890986,455.20858148956364,16.447043669346215,470.58436671290036,471.0202104789134,471.6556247228649,472.29409617878576,472.7378382731576
mango_rmse_random,medium,2002-09-30,2002Q4,2,WAGE,472.05084827624455,454.88855079768575,17.1622974785588,470.4238094273416,471.1059983459576,472.0622300185784,473.01014975716015,473.6166930531805
mango_rmse_random,medium,2002-09-30,2003Q1,3,WAGE,472.3875383052123,454.48042807016486,17.907110235047412,470.30283768368304,471.15120515085067,472.3878596321264,473.6752960118789,474.41247852690844
mango_rmse_random,medium,2002-09-30,2003Q2,4,WAGE,472.7498544782741,456.34415305750383,16.405701420770242,470.152333555511,471.17974951853387,472.7421816118066,474.31378316149045,475.2616617549393
mango_rmse_random,medium,2002-09-30,2003Q3,5,WAGE,473.0815846348276,457.07961088967545,16.001973745152156,470.1122150619453,471.2532649359746,473.1064111278848,474.899289566055,476.0137206279559
mango_rmse_random,medium,2002-09-30,2003Q4,6,WAGE,473.33806876984363,458.0857001405808,15.252368629262833,469.9751828973261,471.20023424860835,473.3369816818256,475.41811414736986,476.82594795451797
mango_rmse_random,medium,2002-09-30,2004Q1,7,WAGE,473.62219745151003,457.05166274882123,16.570534702688803,469.9311189130165,471.23923044544074,473.57378718349406,475.91561731065644,477.5808783341359
mango_rmse_random,medium,2002-09-30,2004Q2,8,WAGE,473.91311128693945,458.1881088010138,15.725002485925643,469.68260382965866,471.3491932790462,473.88415509076356,476.38991315214633,478.36427831840825
mango_rmse_random,medium,2002-12-31,2002Q4,1,CONS,880.6530765294464,912.5602082292284,-31.907131699781985,879.6648268876056,880.03683520938,880.636165634334,881.2651856428664,881.6380473935452
mango_rmse_random,medium,2002-12-31,2003Q1,2,CONS,881.6636668100605,913.0515690533199,-31.38790224325942,880.1181992363405,880.687718908196,881.6722342184187,882.6266202066023,883.2306569188879
mango_rmse_random,medium,2002-12-31,2003Q2,3,CONS,882.8563822302298,914.1900383335624,-31.3336561033326,880.7986352752952,881.5582473686386,882.8608094400861,884.166917332433,884.923355059382
mango_rmse_random,medium,2002-12-31,2003Q3,4,CONS,883.9087878330291,915.5941312320307,-31.685343399001567,881.2233896901804,882.2027778303119,883.9383196397209,885.5439720189839,886.7104283706046
mango_rmse_random,medium,2002-12-31,2003Q4,5,CONS,884.9116695647276,916.2802228701386,-31.368553305410956,881.4707194637264,882.7951835546323,884.9636481400264,886.9732643541163,888.2584434712167
mango_rmse_random,medium,2002-12-31,2004Q1,6,CONS,885.8413362822391,917.2082690958562,-31.36693281361704,881.8730185998844,883.3870240075636,885.860371727565,888.3181601354569,889.745813871725
mango_rmse_random,medium,2002-12-31,2004Q2,7,CONS,886.7251649717788,917.752436881049,-31.027271909270212,881.9990330679097,883.9001642766092,886.7560684816319,889.5838862751382,891.4554873302432
mango_rmse_random,medium,2002-12-31,2004Q3,8,CONS,887.5582748264559,918.9202125137185,-31.36193768726264,882.108016909174,884.2554635245209,887.4783864916553,890.8332026603094,893.0282626496987
mango_rmse_random,medium,2002-12-31,2002Q4,1,DEFL,471.0675253567683,440.229483984637,30.838041372131272,470.2488624677846,470.5725159443627,471.06962070265445,471.5542517708266,471.8851099203027
mango_rmse_random,medium,2002-12-31,2003Q1,2,DEFL,471.41039296875937,440.72678772271144,30.683605246047932,470.0220864737136,470.54431078173104,471.41343515785246,472.2393849094929,472.85984060323295
mango_rmse_random,medium,2002-12-31,2003Q2,3,DEFL,471.7916689886577,441.0711268533791,30.720542135278606,469.64943644922977,470.51728238341695,471.78184730876603,473.06054794317583,474.02787310161824
mango_rmse_random,medium,2002-12-31,2003Q3,4,DEFL,472.2362075478213,441.6379751045544,30.59823244326691,469.2954870097263,470.47616438807086,472.2419288622148,473.9079497482669,475.31718527824376
mango_rmse_random,medium,2002-12-31,2003Q4,5,DEFL,472.7302644228066,442.25205753903714,30.478206883769474,468.78722723609746,470.39098609889413,472.7376628228583,474.93053819007395,476.7918487821122
mango_rmse_random,medium,2002-12-31,2004Q1,6,DEFL,473.2860175293013,442.95660169416607,30.32941583513525,468.2735626683906,470.33707238864224,473.30658257508094,476.1567851489294,478.29673814107736
mango_rmse_random,medium,2002-12-31,2004Q2,7,DEFL,473.9077034661605,443.75677692001574,30.150926546144774,467.83774084319316,470.32125894515406,474.0452314321029,477.4037513223369,479.89755432836085
mango_rmse_random,medium,2002-12-31,2004Q3,8,DEFL,474.57083432613547,444.39680362140643,30.174030704729034,467.2863858731666,470.1842885998124,474.7085481437021,478.780412741985,481.7345436974915
mango_rmse_random,medium,2002-12-31,2002Q4,1,FFR,1.5091518091479719,1.4433333333333334,0.06581847581463851,-0.0997314992336149,0.5201665096315834,1.4988502056980846,2.512974222119063,3.232765052575621
mango_rmse_random,medium,2002-12-31,2003Q1,2,FFR,1.5062668254342981,1.25,0.25626682543429813,-1.085971100326554,-0.01416753363706028,1.4834525703243637,2.9958684058239786,4.055869007939071
mango_rmse_random,medium,2002-12-31,2003Q2,3,FFR,1.772670603590254,1.2466666666666668,0.5260039369235872,-1.5104530132611897,-0.20477568491267784,1.7817111606435825,3.719107280301277,5.03881387667046
mango_rmse_random,medium,2002-12-31,2003Q3,4,FFR,2.1347621109022366,1.0166666666666666,1.11809544423557,-1.882901594105319,-0.23921784747461586,2.195665176529917,4.4537830684913615,5.893629935148719
mango_rmse_random,medium,2002-12-31,2003Q4,5,FFR,2.438213827611356,0.9966666666666667,1.4415471609446895,-2.2706257628445647,-0.2421251638956425,2.4990670652404363,5.2208818976349916,6.832529367880014
mango_rmse_random,medium,2002-12-31,2004Q1,6,FFR,2.7428172201501435,1.0033333333333332,1.7394838868168103,-2.7696549212749377,-0.2243051666547311,2.842287311629984,5.775760014116332,7.576543292263694
mango_rmse_random,medium,2002-12-31,2004Q2,7,FFR,3.0841635727836034,1.01,2.074163572783603,-2.810581083937376,-0.27027564275355426,3.161099409496738,6.414080212138833,8.615678242220678
mango_rmse_random,medium,2002-12-31,2004Q3,8,FFR,3.383560724439269,1.4333333333333333,1.9502273911059358,-2.628307852897834,-0.28269603867872417,3.4981443354297737,7.028761876620561,9.16028511815171
mango_rmse_random,medium,2002-12-31,2002Q4,1,GDP,916.8520435497331,951.4099094767561,-34.55786592702293,915.5123178103609,915.9734419590801,916.855172974407,917.7064058159366,918.3035324482818
mango_rmse_random,medium,2002-12-31,2003Q1,2,GDP,917.9119785543596,951.9253022305498,-34.013323676190225,915.640156108231,916.5048675679354,917.8956760098686,919.3357604941679,920.2311968847822
mango_rmse_random,medium,2002-12-31,2003Q2,3,GDP,919.0499358312637,952.8147130216528,-33.764777190389054,916.0639102409322,917.2167260240332,919.0693509921514,920.8222509655229,922.0193352691297
mango_rmse_random,medium,2002-12-31,2003Q3,4,GDP,920.1970013029319,954.4678690555788,-34.27086775264695,916.5466119515162,918.0023900298053,920.138395796399,922.3453660563763,923.8604797875352
mango_rmse_random,medium,2002-12-31,2003Q4,5,GDP,921.2303678762162,955.6153064688727,-34.38493859265657,917.1974216565426,918.7724972395313,921.1620061895194,923.7316061921235,925.5061906711417
mango_rmse_random,medium,2002-12-31,2004Q1,6,GDP,922.191886065029,956.1865880299732,-33.99470196494417,917.2793481951662,919.4634617605388,922.1484410058896,925.1269038367703,927.0745555092774
mango_rmse_random,medium,2002-12-31,2004Q2,7,GDP,923.1318190449081,956.9623102681346,-33.830491223226545,917.6583328685853,920.0924377805086,923.079071524118,926.3157508749033,928.4638770273159
mango_rmse_random,medium,2002-12-31,2004Q3,8,GDP,923.9459853504248,957.8991553628297,-33.953170012404826,917.9577811142457,920.4361288929335,923.9293449632066,927.4395681864502,929.8994345254014
mango_rmse_random,medium,2002-12-31,2002Q4,1,HOURS,476.58094311606294,460.322830175075,16.258112940987928,475.30559835509194,475.760333826726,476.56893353051754,477.4135323163298,477.9080629345985
mango_rmse_random,medium,2002-12-31,2003Q1,2,HOURS,477.1815075712795,459.80045742031797,17.381050150961528,474.75623299344574,475.7432541158283,477.20220186309405,478.59912086519523,479.58381266837705
mango_rmse_random,medium,2002-12-31,2003Q2,3,HOURS,477.873076247913,459.5099647910325,18.363111456880517,474.3552159674872,475.8738974676778,477.92454656621885,479.94357254376075,481.2799816916786
mango_rmse_random,medium,2002-12-31,2003Q3,4,HOURS,478.6458728549638,459.652290579554,18.99358227540978,474.2193961177762,476.09541005281375,478.7250071365243,481.2736874546738,482.8383500175158
mango_rmse_random,medium,2002-12-31,2003Q4,5,HOURS,479.3431262846758,460.1332832756836,19.20984300899221,474.24590517140547,476.3536099056413,479.3644362398618,482.3177084964288,484.2787489496434
mango_rmse_random,medium,2002-12-31,2004Q1,6,HOURS,479.98894644117183,460.55900978127795,19.429936659893883,474.0602289558659,476.67038226082093,479.92956654579103,483.360606115746,485.6217074770873
mango_rmse_random,medium,2002-12-31,2004Q2,7,HOURS,480.5732534576109,460.6459354652963,19.927317992314613,474.1182884653437,476.8004770242846,480.6303963839586,484.2844807358783,486.8777685332603
mango_rmse_random,medium,2002-12-31,2004Q3,8,HOURS,481.0521419881563,461.2721602140926,19.779981774063685,474.0532159779757,476.9183342917945,481.05795995782603,485.07829013629424,487.78538067442656
mango_rmse_random,medium,2002-12-31,2002Q4,1,INV,741.2689543655222,769.7007323501294,-28.431777984607265,733.9101121768197,736.6919030492551,741.2662559431643,745.8450890405179,748.8295280520956
mango_rmse_random,medium,2002-12-31,2003Q1,2,INV,743.7798369572234,770.4669957019948,-26.68715874477141,732.3952558177645,736.5068897926758,743.6481055776374,750.7354498179548,755.3226318296888
mango_rmse_random,medium,2002-12-31,2003Q2,3,INV,745.7211455283243,771.1547636745522,-25.4336181462279,730.6596547140051,736.838832292799,745.6984638467245,754.6852037690413,760.8851835698556
mango_rmse_random,medium,2002-12-31,2003Q3,4,INV,748.6416253541641,774.7337305880717,-26.092105233907546,730.6760707589299,738.1717316277455,748.7253549455845,759.1299815573492,765.2838472326199
mango_rmse_random,medium,2002-12-31,2003Q4,5,INV,750.5894476151997,778.0471063770386,-27.457658761838957,730.7048413605504,738.753044648358,750.3624852240617,762.5060501570081,770.9821337827918
mango_rmse_random,medium,2002-12-31,2004Q1,6,INV,752.2333792706917,778.2453302745937,-26.011951003902027,730.8343927669148,738.8931180043186,752.1930532287723,765.3733542089477,774.5396349660855
mango_rmse_random,medium,2002-12-31,2004Q2,7,INV,753.9147650557767,782.1621073069788,-28.2473422512021,730.5461881597154,739.5662017896316,753.5392371257547,768.2747944905468,778.7324967903396
mango_rmse_random,medium,2002-12-31,2004Q3,8,INV,755.0239423379155,783.7015541710955,-28.67761183317998,728.4157521815972,739.112353400774,755.0037672474934,770.5235496330233,782.4034769524369
mango_rmse_random,medium,2002-12-31,2002Q4,1,WAGE,472.28521681136516,454.88855079768575,17.396666013679408,471.2445691611735,471.65788025184025,472.272592379241,472.93391133409233,473.3674873787974
mango_rmse_random,medium,2002-12-31,2003Q1,2,WAGE,472.6236311034271,454.48042807016486,18.14320303326224,471.0421592295386,471.68570746525245,472.63217873980614,473.57257612761015,474.2090673165189
mango_rmse_random,medium,2002-12-31,2003Q2,3,WAGE,473.0099889461098,456.34415305750383,16.665835888605955,470.9654081566089,471.7740844497455,472.98338269467973,474.21029996171274,475.0692953923408
mango_rmse_random,medium,2002-12-31,2003Q3,4,WAGE,473.33051526474185,457.07961088967545,16.250904375066398,470.8618837818014,471.8856563791319,473.30349876999844,474.84439989748034,475.85247176594487
mango_rmse_random,medium,2002-12-31,2003Q4,5,WAGE,473.61243817842677,458.0857001405808,15.526738037845973,470.69711326546485,471.8605581259557,473.56142953569497,475.37012066547373,476.56640829718873
mango_rmse_random,medium,2002-12-31,2004Q1,6,WAGE,473.91368922041346,457.05166274882123,16.86202647159223,470.5609119732906,471.9112103929242,473.8858975302704,475.9070848283289,477.31606762951066
mango_rmse_random,medium,2002-12-31,2004Q2,7,WAGE,474.1505484287333,458.1881088010138,15.962439627719505,470.40161465898336,471.8610748265452,474.1252022281251,476.4624632675722,478.07685842309655
mango_rmse_random,medium,2002-12-31,2004Q3,8,WAGE,474.39797585904034,459.3380965413115,15.059879317728871,470.1547170115149,471.91336225696614,474.3630300139326,476.9085154122304,478.70574862725726
mango_rmse_random,medium,2003-03-31,2003Q1,1,CONS,880.9648276558626,913.0515690533199,-32.08674139745733,880.0131282731438,880.3975925801356,880.9586686302305,881.547078409745,881.9565262750366
mango_rmse_random,medium,2003-03-31,2003Q2,2,CONS,882.0464596219687,914.1900383335624,-32.143578711593705,880.5571681115487,881.134031766501,882.0544026869063,882.9524597257497,883.5541527641292
mango_rmse_random,medium,2003-03-31,2003Q3,3,CONS,882.9845737636477,915.5941312320307,-32.609557468382945,880.9162529065115,881.7141783325364,882.9829027649351,884.2697257589781,885.0905960567405
mango_rmse_random,medium,2003-03-31,2003Q4,4,CONS,883.9509602144011,916.2802228701386,-32.329262655737466,881.2429061813548,882.2925833341095,883.933792445401,885.6238839215581,886.6564937828309
mango_rmse_random,medium,2003-03-31,2004Q1,5,CONS,884.8704944030527,917.2082690958562,-32.337774692803464,881.5604923807165,882.8250910867905,884.9181108344469,886.8669175867301,888.1605911733291
mango_rmse_random,medium,2003-03-31,2004Q2,6,CONS,885.7032412694695,917.752436881049,-32.049195611579535,881.6800970078156,883.3154337055014,885.6636445137897,888.1542734363842,889.5551485900003
mango_rmse_random,medium,2003-03-31,2004Q3,7,CONS,886.5194942730556,918.9202125137185,-32.40071824066297,881.7783022195125,883.7787045565012,886.4950250953503,889.3483135976903,890.9800581956591
mango_rmse_random,medium,2003-03-31,2004Q4,8,CONS,887.2773403333356,920.0449619348196,-32.76762160148405,881.8826043835079,884.0445814935542,887.2864346476543,890.4874509259,892.4502727849317
mango_rmse_random,medium,2003-03-31,2003Q1,1,DEFL,471.5874134741087,440.72678772271144,30.860625751397265,470.79303760940024,471.10686302951746,471.5904885375261,472.07886557050875,472.37557589278214
mango_rmse_random,medium,2003-03-31,2003Q2,2,DEFL,472.04895725894784,441.0711268533791,30.97783040556874,470.6335788111329,471.1547796828146,472.04824148575415,472.918341872092,473.5196808134386
mango_rmse_random,medium,2003-03-31,2003Q3,3,DEFL,472.5403075116017,441.6379751045544,30.90233240704731,470.40547404098163,471.2845057191489,472.5444194006727,473.8433862541709,474.68607555070105
mango_rmse_random,medium,2003-03-31,2003Q4,4,DEFL,473.08924237771794,442.25205753903714,30.8371848386808,470.1535960764534,471.3633387048414,473.07558925532544,474.89797814496126,476.0094659655602
mango_rmse_random,medium,2003-03-31,2004Q1,5,DEFL,473.68042226180694,442.95660169416607,30.72382056764087,469.85516993121365,471.37826886227805,473.67209281365297,476.06628513251474,477.5563372690884
mango_rmse_random,medium,2003-03-31,2004Q2,6,DEFL,474.35328455410513,443.75677692001574,30.59650763408939,469.50659144240507,471.41911369563314,474.3459412754493,477.27768694341546,479.205752387891
mango_rmse_random,medium,2003-03-31,2004Q3,7,DEFL,475.06933576047584,444.39680362140643,30.672532139069403,469.05931498176545,471.4842391621285,475.11023145885815,478.6445831877325,481.01856183835247
mango_rmse_random,medium,2003-03-31,2004Q4,8,DEFL,475.8490168574887,445.166929500233,30.68208735725574,468.81600700516003,471.71026216276255,475.81895245459424,479.98934791601937,483.0389620841023
mango_rmse_random,medium,2003-03-31,2003Q1,1,FFR,1.1529171121713742,1.25,-0.09708288782862584,-0.4655610659941392,0.14866261251050972,1.1679663903234516,2.164679317586504,2.872346637341653
mango_rmse_random,medium,2003-03-31,2003Q2,2,FFR,1.4071398411782812,1.2466666666666668,0.16047317451161436,-1.1581263204824446,-0.1504694299240967,1.3982278121140401,2.9021163174151354,4.032731926231361
mango_rmse_random,medium,2003-03-31,2003Q3,3,FFR,1.7783446026851082,1.0166666666666666,0.7616779360184416,-1.3653211000941547,-0.13769238290633348,1.6957471114238265,3.7497191421235487,4.955078522912317
mango_rmse_random,medium,2003-03-31,2003Q4,4,FFR,2.0580196743494006,0.9966666666666667,1.061353007682734,-1.8220018830498288,-0.0839399598873406,1.9890837300364934,4.485885110273618,5.948994710399218
mango_rmse_random,medium,2003-03-31,2004Q1,5,FFR,2.436215009410769,1.0033333333333332,1.4328816760774357,-2.0402072675885026,-0.21733583393254646,2.4876180242520958,4.953932427314135,7.0165722092957195
mango_rmse_random,medium,2003-03-31,2004Q2,6,FFR,2.8089901200060523,1.01,1.7989901200060523,-2.1917833980073205,-0.13254723980495148,2.8764164334914155,5.72583402759676,7.770281842080418
mango_rmse_random,medium,2003-03-31,2004Q3,7,FFR,3.159411138868747,1.4333333333333333,1.7260778055354138,-2.2485389820012007,0.02753135298102106,3.149310353804955,6.352020448510859,8.69674985962277
mango_rmse_random,medium,2003-03-31,2004Q4,8,FFR,3.521333501710465,1.95,1.571333501710465,-2.243980819804637,0.13300651866497343,3.5417376870499817,6.811182777986742,9.388093476025748
mango_rmse_random,medium,2003-03-31,2003Q1,1,GDP,916.9293791745581,951.9253022305498,-34.99592305599174,915.5413010452208,916.0791528536456,916.9133160613608,917.7800725037553,918.3509731679687
mango_rmse_random,medium,2003-03-31,2003Q2,2,GDP,917.8942127092793,952.8147130216528,-34.92050031237352,915.7538779857368,916.5226260292683,917.9011959811614,919.2500903906542,920.1314335220662
mango_rmse_random,medium,2003-03-31,2003Q3,3,GDP,918.982867994209,954.4678690555788,-35.48500106136987,916.0467768564401,917.2017750660535,918.9540551297863,920.8789137889498,921.9567946392611
mango_rmse_random,medium,2003-03-31,2003Q4,4,GDP,919.9992906641859,955.6153064688727,-35.61601580468687,916.3653151557165,917.8277296952714,919.9538947386259,922.2471068702166,923.6629231709035
mango_rmse_random,medium,2003-03-31,2004Q1,5,GDP,921.0024446249677,956.1865880299732,-35.18414340500556,916.7550710732099,918.508664002761,921.0436723060438,923.5862362852044,925.171970851036
mango_rmse_random,medium,2003-03-31,2004Q2,6,GDP,921.9225203715491,956.9623102681346,-35.03978989658549,917.0880957622945,919.0130252548047,921.9841633391493,924.814910816675,926.7475836303652
mango_rmse_random,medium,2003-03-31,2004Q3,7,GDP,922.7746294835647,957.8991553628297,-35.12452587926498,917.515629923312,919.5635213530161,922.7728026454439,926.0659997254062,928.0342061619341
mango_rmse_random,medium,2003-03-31,2004Q4,8,GDP,923.580461108523,958.9159953464796,-35.33553423795661,917.6788045125353,920.1104501804058,923.6151478423052,927.1096083264216,929.2750327128633
mango_rmse_random,medium,2003-03-31,2003Q1,1,HOURS,476.57666509151085,459.80045742031797,16.77620767119288,475.27586730752313,475.7644715287091,476.5781843318325,477.3911046893636,477.9073679266341
mango_rmse_random,medium,2003-03-31,2003Q2,2,HOURS,477.1185201425608,459.5099647910325,17.60855535152831,474.7451446099391,475.63680243607917,477.120390761579,478.5052852256854,479.5857018761875
mango_rmse_random,medium,2003-03-31,2003Q3,3,HOURS,477.75824282866347,459.652290579554,18.105952249109464,474.383627245892,475.6915181209773,477.77642803747915,479.6929593931635,480.9927567652537
mango_rmse_random,medium,2003-03-31,2003Q4,4,HOURS,478.41835869509,460.1332832756836,18.285075419406382,474.30362369422966,475.83581843350805,478.45476114560086,480.9861174959312,482.3949245854123
mango_rmse_random,medium,2003-03-31,2004Q1,5,HOURS,479.0752974736427,460.55900978127795,18.516287692364756,474.03645196365477,475.9954742689541,479.0760547752932,482.0496782948623,484.1190699188788
mango_rmse_random,medium,2003-03-31,2004Q2,6,HOURS,479.7530867701032,460.6459354652963,19.107151304806905,473.9426625963915,476.32428515384765,479.72138030979164,483.1380947492166,485.4933438263206
mango_rmse_random,medium,2003-03-31,2004Q3,7,HOURS,480.32426679093885,461.2721602140926,19.052106576846256,473.9521687024883,476.5490165501,480.3408239140734,483.98589495553966,486.5274589679113
mango_rmse_random,medium,2003-03-31,2004Q4,8,HOURS,480.8185120787104,461.7997562292878,19.018755849422575,473.9129946207208,476.7972307690982,480.8942690747165,484.7596759461082,487.7581757145296
mango_rmse_random,medium,2003-03-31,2003Q1,1,INV,740.6484905597716,770.4669957019948,-29.818505142223216,733.1120315038594,736.1347960126384,740.7231065598681,744.8741142567214,748.1323751023812
mango_rmse_random,medium,2003-03-31,2003Q2,2,INV,741.8419106217024,771.1547636745522,-29.312853052849846,730.3211881675313,735.1809833717479,741.9112222029541,748.4486576483317,753.0737169316408
mango_rmse_random,medium,2003-03-31,2003Q3,3,INV,744.5555897208043,774.7337305880717,-30.178140867267416,730.8717904249237,735.6807573691702,744.6349584002201,752.925620826876,758.5648053999724
mango_rmse_random,medium,2003-03-31,2003Q4,4,INV,746.469849454017,778.0471063770386,-31.57725692302165,729.6594931105552,736.257981611019,746.5681213058401,756.8761866087106,762.8095875267187
mango_rmse_random,medium,2003-03-31,2004Q1,5,INV,748.2949767166347,778.2453302745937,-29.950353557959033,728.7142634122448,736.7379442384341,748.4169931361421,759.6131744483041,766.9473090104689
mango_rmse_random,medium,2003-03-31,2004Q2,6,INV,750.0416340080553,782.1621073069788,-32.12047329892346,728.3731971152529,737.0597063645338,750.1801303590403,762.9671685979981,770.5197733232918
mango_rmse_random,medium,2003-03-31,2004Q3,7,INV,751.0412222819128,783.7015541710955,-32.66033188918266,727.8497632906324,736.7934061331301,751.3117656394929,764.9470582366225,774.480336704531
mango_rmse_random,medium,2003-03-31,2004Q4,8,INV,752.0785087406867,785.7665296031867,-33.68802086249991,725.9420953075776,736.5273755165667,752.5807694108962,767.0866393246993,777.3238529217889
mango_rmse_random,medium,2003-03-31,2003Q1,1,WAGE,472.8906743291558,454.48042807016486,18.410246258990924,471.81623100503987,472.23003891178206,472.8955141241073,473.55141310661486,473.92029354836905
mango_rmse_random,medium,2003-03-31,2003Q2,2,WAGE,473.30151579958545,456.34415305750383,16.957362742081614,471.708175765551,472.3766536931282,473.31467791868147,474.26108287558566,474.85222731646707
mango_rmse_random,medium,2003-03-31,2003Q3,3,WAGE,473.58030859717815,457.07961088967545,16.500697707502695,471.57806267046743,472.3731798050521,473.54824889988254,474.7425859126108,475.6416750422067
mango_rmse_random,medium,2003-03-31,2003Q4,4,WAGE,473.842804776586,458.0857001405808,15.757104636005181,471.35589657747414,472.38027437076164,473.79909094973004,475.31464519109755,476.29819788187166
mango_rmse_random,medium,2003-03-31,2004Q1,5,WAGE,474.10969039484957,457.05166274882123,17.058027646028336,471.31389080328535,472.3336843800016,474.05797118810165,475.92698430981727,477.0676135451227
mango_rmse_random,medium,2003-03-31,2004Q2,6,WAGE,474.35091702461824,458.1881088010138,16.16280822360443,471.1357445618817,472.30791120813717,474.29012369683664,476.3925618360352,477.7126055165324
mango_rmse_random,medium,2003-03-31,2004Q3,7,WAGE,474.56616195095603,459.3380965413115,15.228065409644557,470.85793114978657,472.32198913499616,474.53797183977053,476.9160008416236,478.2304233187472
mango_rmse_random,medium,2003-03-31,2004Q4,8,WAGE,474.8125023229797,458.67923432042323,16.133268002556463,470.76623858798087,472.3457589677267,474.7467963009472,477.3691293998489,479.0214241478912
mango_rmse_random,medium,2003-06-30,2003Q2,1,CONS,881.4633469602569,914.1900383335624,-32.72669137330547,880.4776842821301,880.8783439354056,881.4542820753187,882.0586703984071,882.4485671052789
mango_rmse_random,medium,2003-06-30,2003Q3,2,CONS,882.3140807152598,915.5941312320307,-33.28005051677087,880.748391804526,881.4264657452118,882.2934350584007,883.2283857413059,883.8104915575622
mango_rmse_random,medium,2003-06-30,2003Q4,3,CONS,883.1973056549672,916.2802228701386,-33.08291721517139,881.0035137738053,881.9863770672513,883.2212756612589,884.4526793337475,885.3497790056008
mango_rmse_random,medium,2003-06-30,2004Q1,4,CONS,884.066111202397,917.2082690958562,-33.14215789345917,881.2348579362576,882.4569198893561,884.0472321944799,885.734596735567,886.8940348040906
mango_rmse_random,medium,2003-06-30,2004Q2,5,CONS,884.8238075756539,917.752436881049,-32.928629305395134,881.2917116297232,882.7819304312902,884.8135959914346,886.9397439652041,888.2735605488092
mango_rmse_random,medium,2003-06-30,2004Q3,6,CONS,885.5546245518848,918.9202125137185,-33.36558796183374,881.2737629612623,883.1558394178975,885.5505564133425,888.0471310913266,889.6536227442657
mango_rmse_random,medium,2003-06-30,2004Q4,7,CONS,886.2538253444765,920.0449619348196,-33.79113659034317,881.4688027429337,883.5289809322587,886.2164045720438,889.0704408501216,891.0773214802508
mango_rmse_random,medium,2003-06-30,2005Q1,8,CONS,886.9240060046711,920.6783654348266,-33.75435943015543,881.3441224862164,883.6749055643045,886.9819183954805,890.1410691980014,892.4568332473734
mango_rmse_random,medium,2003-06-30,2003Q2,1,DEFL,472.28027276757183,441.0711268533791,31.20914591419273,471.4757184181573,471.78007813875087,472.2693968347213,472.7724742047506,473.1069671092988
mango_rmse_random,medium,2003-06-30,2003Q3,2,DEFL,472.8520617849299,441.6379751045544,31.214086680375488,471.4535855251638,471.98418807351516,472.8408891858251,473.70000182287373,474.3253205006949
mango_rmse_random,medium,2003-06-30,2003Q4,3,DEFL,473.41990302555024,442.25205753903714,31.1678454865131,471.3190007127882,472.14213590176234,473.3973207181407,474.69753471538576,475.66496019984544
mango_rmse_random,medium,2003-06-30,2004Q1,4,DEFL,474.05120471580966,442.95660169416607,31.094603021643593,471.17631378855157,472.29724178722296,474.04204372045274,475.78734166147024,477.1271570091853
mango_rmse_random,medium,2003-06-30,2004Q2,5,DEFL,474.74467184214586,443.75677692001574,30.987894922130124,470.86672993547785,472.3410638146117,474.73930031661405,477.0053824984594,478.6424054791955
mango_rmse_random,medium,2003-06-30,2004Q3,6,DEFL,475.4643033526868,444.39680362140643,31.06749973128035,470.6692988284434,472.46474226970014,475.49678894234864,478.3877342330713,480.25748022012607
mango_rmse_random,medium,2003-06-30,2004Q4,7,DEFL,476.25238658718297,445.166929500233,31.085457086949987,470.4338611711289,472.58211690196464,476.26880513991193,479.8237028821483,482.1363866819281
mango_rmse_random,medium,2003-06-30,2005Q1,8,DEFL,477.0831803067097,445.960091366716,31.12308893999375,470.20422791550646,472.83769134624214,477.0268944102463,481.30289757915097,484.15282123660273
mango_rmse_random,medium,2003-06-30,2003Q2,1,FFR,1.3458840768780918,1.2466666666666668,0.09921741021142494,-0.3603968459870222,0.35577411300430273,1.3749264902672893,2.3344953018794623,2.982092820413429
mango_rmse_random,medium,2003-06-30,2003Q3,2,FFR,1.644948621231458,1.0166666666666666,0.6282819545647913,-0.9473685771088509,0.12486904183026572,1.668736599121025,3.1235431150705733,4.145040007243118
mango_rmse_random,medium,2003-06-30,2003Q4,3,FFR,1.9856280187781192,0.9966666666666667,0.9889613521114525,-1.2172285899454318,0.0699546881969582,1.9610309756375057,3.856785377891996,5.219596655066574
mango_rmse_random,medium,2003-06-30,2004Q1,4,FFR,2.3246443953867373,1.0033333333333332,1.321311062053404,-1.5210319949899154,-0.020451762041087788,2.297839370939207,4.638678187265229,6.26748869225579
mango_rmse_random,medium,2003-06-30,2004Q2,5,FFR,2.5899931733040757,1.01,1.5799931733040757,-1.8813327649618528,-0.0820321871500653,2.629205923978857,5.25402399425037,7.262393101599573
mango_rmse_random,medium,2003-06-30,2004Q3,6,FFR,2.920467066513673,1.4333333333333333,1.4871337331803398,-2.083598493160419,-0.1457170744017587,2.8721404218882336,5.920272944686088,8.138909360473862
mango_rmse_random,medium,2003-06-30,2004Q4,7,FFR,3.252302338215669,1.95,1.302302338215669,-2.167634112204365,0.025463907086071828,3.146174810860452,6.475874806085213,8.639599608430471
mango_rmse_random,medium,2003-06-30,2005Q1,8,FFR,3.5406018404489523,2.47,1.0706018404489521,-2.4920364144539118,0.10577136208144228,3.4820112804860432,7.098927070124134,9.45158661644087
mango_rmse_random,medium,2003-06-30,2003Q2,1,GDP,917.3040294168179,952.8147130216528,-35.51068360483487,915.866950288456,916.3891143253009,917.2953275177697,918.2120843124454,918.7545302115923
mango_rmse_random,medium,2003-06-30,2003Q3,2,GDP,918.3602530142919,954.4678690555788,-36.107616041286974,916.0560089181317,916.9484876155595,918.397826783922,919.7161461712382,920.5999551918424
mango_rmse_random,medium,2003-06-30,2003Q4,3,GDP,919.3350548909884,955.6153064688727,-36.280251577884314,916.3575262545514,917.4830497118697,919.3188098501065,921.151733018834,922.3887603128658
mango_rmse_random,medium,2003-06-30,2004Q1,4,GDP,920.2623777240249,956.1865880299732,-35.92421030594835,916.4295473688411,918.0264717523905,920.2400783767346,922.4325939838675,924.0973845034747
mango_rmse_random,medium,2003-06-30,2004Q2,5,GDP,921.1289365612404,956.9623102681346,-35.833373706894236,916.622845934358,918.5880642179822,921.1169265775898,923.7078778522188,925.5644113436814
mango_rmse_random,medium,2003-06-30,2004Q3,6,GDP,921.8948773416774,957.8991553628297,-36.00427802115223,917.0382895146695,919.0224218421877,921.8929525649006,924.8221322396101,926.8629850209561
mango_rmse_random,medium,2003-06-30,2004Q4,7,GDP,922.6452163193694,958.9159953464796,-36.270779027110166,917.0947704945637,919.4114340119111,922.6914346543493,925.8123579066279,928.1461647278352
mango_rmse_random,medium,2003-06-30,2005Q1,8,GDP,923.3295182292094,960.0207528735932,-36.691234644383826,917.2418609534453,919.7552449457485,923.3674255441381,926.8827670961251,929.2997109676086
mango_rmse_random,medium,2003-06-30,2003Q2,1,HOURS,476.5251577505987,459.5099647910325,17.015192959566207,475.168249143135,475.70256278748303,476.53207748755847,477.3620153289613,477.8851576913932
mango_rmse_random,medium,2003-06-30,2003Q3,2,HOURS,477.0214763682086,459.652290579554,17.36918578865459,474.5825589319115,475.52678247248525,477.038819282617,478.49747642611635,479.47268811432446
mango_rmse_random,medium,2003-06-30,2003Q4,3,HOURS,477.5420407084045,460.1332832756836,17.408757432720904,474.0951358088749,475.4422175926686,477.5696850053971,479.58514537635926,480.9371695689656
mango_rmse_random,medium,2003-06-30,2004Q1,4,HOURS,478.10483890750095,460.55900978127795,17.545829126222998,473.6152309703153,475.5895150751157,478.08822978747014,480.6287597199512,482.3309682867295
mango_rmse_random,medium,2003-06-30,2004Q2,5,HOURS,478.64333051364173,460.6459354652963,17.997395048345425,473.6740972716102,475.74576287881985,478.65823111375107,481.5914823965904,483.60783269843967
mango_rmse_random,medium,2003-06-30,2004Q3,6,HOURS,479.14425159389754,461.2721602140926,17.872091379804942,473.4614439421947,475.86681787909276,479.13143359970525,482.5393333993675,484.7592480933554
mango_rmse_random,medium,2003-06-30,2004Q4,7,HOURS,479.5895868191081,461.7997562292878,17.78983058982027,473.12117778891337,475.9372962564279,479.5621121545356,483.3064746456542,485.96522116429884
mango_rmse_random,medium,2003-06-30,2005Q1,8,HOURS,479.9530761011094,462.0029241394789,17.950151961630468,473.10726630595843,476.0417391308719,479.93444261045863,483.9714580117565,486.8911284322015
mango_rmse_random,medium,2003-06-30,2003Q2,1,INV,738.9900785522232,771.1547636745522,-32.16468512232905,731.1709042184845,734.3682929730336,738.9703873256833,743.433000121306,746.6925473234372
mango_rmse_random,medium,2003-06-30,2003Q3,2,INV,741.7045375786831,774.7337305880717,-33.029193009388564,729.9580169426181,734.8040821114442,741.7534373460838,748.5707922186236,753.265048881092
mango_rmse_random,medium,2003-06-30,2003Q4,3,INV,743.4524830301068,778.0471063770386,-34.594623346931826,728.7860139436139,734.4898009786799,743.7970741789813,752.0859641573946,758.1826802975413
mango_rmse_random,medium,2003-06-30,2004Q1,4,INV,745.0639633041892,778.2453302745937,-33.1813669704045,726.7045936137273,734.6328916866413,745.5130124749605,755.2176643757555,762.5572179192446
mango_rmse_random,medium,2003-06-30,2004Q2,5,INV,746.8767380827245,782.1621073069788,-35.28536922425428,726.5778180608318,735.0325403340769,747.0383169011916,758.9690409763401,766.7895102789755
mango_rmse_random,medium,2003-06-30,2004Q3,6,INV,747.9829412748929,783.7015541710955,-35.71861289620256,725.1558771811507,734.5856783219107,748.0386363239944,761.3688131535403,769.776520687959
mango_rmse_random,medium,2003-06-30,2004Q4,7,INV,749.0246233046175,785.7665296031867,-36.74190629856912,724.1263102467459,734.7253381436612,749.422817859027,763.3478762624426,773.0777415825692
mango_rmse_random,medium,2003-06-30,2005Q1,8,INV,749.6197444168632,788.539056169692,-38.919311752828776,721.8281785012676,733.6705128902071,750.0925119084598,765.4219936858918,775.6102606940406
mango_rmse_random,medium,2003-06-30,2003Q2,1,WAGE,471.7747586162824,456.34415305750383,15.430605558778552,470.7311773393084,471.1374784950264,471.77719049454845,472.41206884450986,472.8291392334595
mango_rmse_random,medium,2003-06-30,2003Q3,2,WAGE,471.98736571070145,457.07961088967545,14.907754821026003,470.4584634903132,471.1248544337989,471.9754934629519,472.89597789225604,473.51639461920564
mango_rmse_random,medium,2003-06-30,2003Q4,3,WAGE,472.1848503861006,458.0857001405808,14.099150245519809,470.1780645845951,470.97024830188656,472.2173980669568,473.3458283000182,474.2376070646936
mango_rmse_random,medium,2003-06-30,2004Q1,4,WAGE,472.42027731328096,457.05166274882123,15.368614564459733,469.9474619044609,470.9505544489243,472.45436300450086,473.8670758807958,474.8661149243082
mango_rmse_random,medium,2003-06-30,2004Q2,5,WAGE,472.60046393677476,458.1881088010138,14.412355135760947,469.65289358393386,470.85334538226533,472.6062757754255,474.29312895407475,475.5268181884873
mango_rmse_random,medium,2003-06-30,2004Q3,6,WAGE,472.7684343149262,459.3380965413115,13.430337773614724,469.39006180635073,470.74351069372784,472.7666102949522,474.7757010729332,476.0533244326538
mango_rmse_random,medium,2003-06-30,2004Q4,7,WAGE,472.94055904624025,458.67923432042323,14.261324725817019,469.0807443171453,470.6877511720721,472.9492919249072,475.25769134391373,476.70108724462256
mango_rmse_random,medium,2003-06-30,2005Q1,8,WAGE,473.0937795247161,458.8644384030756,14.229341121640516,468.7102874505578,470.590391787935,473.1403434611807,475.57486736147763,477.3118728967915
mango_rmse_random,medium,2003-09-30,2003Q3,1,CONS,882.2506728222664,915.5941312320307,-33.34345840976425,881.3026241375328,881.6818109117024,882.2286893238002,882.8317793189856,883.2731268522203
mango_rmse_random,medium,2003-09-30,2003Q4,2,CONS,883.1119923680645,916.2802228701386,-33.16823050207404,881.5643195666801,882.1857311558234,883.0802978781385,884.047776825469,884.6714493937633
mango_rmse_random,medium,2003-09-30,2004Q1,3,CONS,884.1618286737913,917.2082690958562,-33.04644042206485,882.0909707494772,882.8692102754925,884.1411106904134,885.4360135496877,886.3033593682338
mango_rmse_random,medium,2003-09-30,2004Q2,4,CONS,885.0510277003998,917.752436881049,-32.70140918064919,882.196774565095,883.3328078487793,885.0231138566255,886.7791402982626,887.7427528123499
mango_rmse_random,medium,2003-09-30,2004Q3,5,CONS,886.0077512051032,918.9202125137185,-32.91246130861532,882.6184289109235,883.8647640106118,886.0438640179076,888.0873759032957,889.4901560398021
mango_rmse_random,medium,2003-09-30,2004Q4,6,CONS,886.9299095999656,920.0449619348196,-33.115052334854,882.9035119859316,884.3915196992499,886.9968763791505,889.3753181283083,891.0996822600147
mango_rmse_random,medium,2003-09-30,2005Q1,7,CONS,887.729419368055,920.6783654348266,-32.948946066771555,883.0241826537919,884.7798085732942,887.7556489751569,890.5786481826459,892.7015675399691
mango_rmse_random,medium,2003-09-30,2005Q2,8,CONS,888.5250221568792,921.7804644849432,-33.255442328063964,883.0146596158897,885.262837248561,888.5008736845143,891.8668557000112,894.1133969751779
mango_rmse_random,medium,2003-09-30,2003Q3,1,DEFL,472.44656996540414,441.6379751045544,30.808594860849723,471.612723074047,471.94997853158065,472.4483617675181,472.94390829457234,473.2802618601592
mango_rmse_random,medium,2003-09-30,2003Q4,2,DEFL,472.88473618217785,442.25205753903714,30.632678643140707,471.46125720240616,472.02521598261836,472.9073932039735,473.718128928586,474.31534906464464
mango_rmse_random,medium,2003-09-30,2004Q1,3,DEFL,473.3639068367715,442.95660169416607,30.407305142605423,471.2065023771973,472.1306674131036,473.36739136716443,474.5827326725388,475.46740286520134
mango_rmse_random,medium,2003-09-30,2004Q2,4,DEFL,473.8756041817125,443.75677692001574,30.118827261696765,470.8414696006705,472.20000962670673,473.8917948221517,475.5495191016623,476.72152368970353
mango_rmse_random,medium,2003-09-30,2004Q3,5,DEFL,474.42695094423135,444.39680362140643,30.030147322824917,470.4406283656472,472.1589256742722,474.4795960458021,476.7195229707602,478.24832702711996
mango_rmse_random,medium,2003-09-30,2004Q4,6,DEFL,475.04273879408265,445.166929500233,29.87580929384967,470.1149221695054,472.1564344745365,475.1310775240604,477.952972786989,480.0632083019284
mango_rmse_random,medium,2003-09-30,2005Q1,7,DEFL,475.7204166427945,445.960091366716,29.760325276078504,469.40596074371086,472.1699828953408,475.8473332153359,479.21524752290753,481.8042790488891
mango_rmse_random,medium,2003-09-30,2005Q2,8,DEFL,476.45696879805473,446.6850203488912,29.771948449163517,468.9650980187061,472.04131211024185,476.62814065149496,480.665556307048,483.63879185494204
mango_rmse_random,medium,2003-09-30,2003Q3,1,FFR,1.0927027913613858,1.0166666666666666,0.07603612469471921,-0.5160948947985541,0.12630847027885084,1.0879490127152818,2.082089492252741,2.649727822880784
mango_rmse_random,medium,2003-09-30,2003Q4,2,FFR,1.02423745296934,0.9966666666666667,0.0275707863026734,-1.5917728586388444,-0.5554713482027531,1.0182768053300362,2.6086412817115443,3.4423789964385594
mango_rmse_random,medium,2003-09-30,2004Q1,3,FFR,1.2697432401421458,1.0033333333333332,0.2664099068088126,-2.026449856594342,-0.6611224380146421,1.2406211898388566,3.239568626330004,4.5452301157750705
mango_rmse_random,medium,2003-09-30,2004Q2,4,FFR,1.5743765664083473,1.01,0.5643765664083473,-2.2831282188511266,-0.7532004396237879,1.5679144089109558,3.8480458159583635,5.468200614283489
mango_rmse_random,medium,2003-09-30,2004Q3,5,FFR,1.8616007089237308,1.4333333333333333,0.4282673755903974,-2.7268306977788015,-0.7747135488985939,1.8723218512700937,4.632310753452394,6.377311222160969
mango_rmse_random,medium,2003-09-30,2004Q4,6,FFR,2.2631853650616107,1.95,0.31318536506161077,-2.88578685997981,-0.7692924938760167,2.236782818061927,5.287881313409272,7.35734958347036
mango_rmse_random,medium,2003-09-30,2005Q1,7,FFR,2.5840904113601675,2.47,0.11409041136016729,-3.055130176513227,-0.8424130259282089,2.5653142365339066,6.098808364601431,8.181260653688591
mango_rmse_random,medium,2003-09-30,2005Q2,8,FFR,2.837980809196763,2.9433333333333334,-0.10535252413657048,-3.5566376118330907,-0.8654802850598532,2.814759122841215,6.6087741100173965,8.91508847037993
mango_rmse_random,medium,2003-09-30,2003Q3,1,GDP,918.0718900303746,954.4678690555788,-36.39597902520427,916.6504819089811,917.1686355301503,918.0989037248245,918.9510228129537,919.4835844054944
mango_rmse_random,medium,2003-09-30,2003Q4,2,GDP,918.9376545566124,955.6153064688727,-36.67765191226033,916.7487092777573,917.6159817271484,918.9102281540617,920.2733881036094,921.1983549781726
mango_rmse_random,medium,2003-09-30,2004Q1,3,GDP,920.030007152413,956.1865880299732,-36.15658087756026,917.0929148218605,918.2077701032956,920.1004477828593,921.7596633673904,923.0749887918986
mango_rmse_random,medium,2003-09-30,2004Q2,4,GDP,921.1185095757818,956.9623102681346,-35.84380069235283,917.4180671180662,918.8620836401051,921.1391498476482,923.3108926075914,924.8544415898764
mango_rmse_random,medium,2003-09-30,2004Q3,5,GDP,922.1468129224032,957.8991553628297,-35.752342440426446,917.9087685040257,919.4981162881505,922.1671810296343,924.7694885555424,926.4596350442712
mango_rmse_random,medium,2003-09-30,2004Q4,6,GDP,923.1485877347251,958.9159953464796,-35.76740761175449,918.195648039628,920.2008930581416,923.1591698747632,926.1001832728449,928.1652222506988
mango_rmse_random,medium,2003-09-30,2005Q1,7,GDP,924.0488911189674,960.0207528735932,-35.97186175462582,918.7932884968682,920.7900352353798,924.0472671087734,927.3013449015559,929.5170910088111
mango_rmse_random,medium,2003-09-30,2005Q2,8,GDP,924.8647723038725,960.5061772591148,-35.64140495524225,918.9836044672155,921.3260130191018,924.9130378366306,928.3237829188814,930.916002756578
mango_rmse_random,medium,2003-09-30,2003Q3,1,HOURS,474.11756941891093,459.652290579554,14.465278839356927,472.7946461979118,473.30593984100534,474.11268153899766,474.9271590605106,475.4309022197775
mango_rmse_random,medium,2003-09-30,2003Q4,2,HOURS,474.3835270977827,460.1332832756836,14.250243822099094,471.93993965568615,472.8812161826042,474.35784381774755,475.86808641243226,476.8486234450604
mango_rmse_random,medium,2003-09-30,2004Q1,3,HOURS,474.8612133170351,460.55900978127795,14.302203535757144,471.41065170493664,472.89183201545256,474.8060387573427,476.9265929018634,478.3452205801243
mango_rmse_random,medium,2003-09-30,2004Q2,4,HOURS,475.447312838508,460.6459354652963,14.801377373211722,470.87443884560645,472.81128083900785,475.46462457080963,478.1248661378773,479.92867268254815
mango_rmse_random,medium,2003-09-30,2004Q3,5,HOURS,476.0033565806445,461.2721602140926,14.731196366551899,470.67983499949673,472.9040068319121,476.05972096552244,479.21488408036765,481.25761933911537
mango_rmse_random,medium,2003-09-30,2004Q4,6,HOURS,476.54334785703884,461.7997562292878,14.743591627751016,470.478480865684,472.76985815267875,476.6511522664176,480.19518811222076,482.422096512656
mango_rmse_random,medium,2003-09-30,2005Q1,7,HOURS,477.0358662933224,462.0029241394789,15.032942153843464,470.4789416457876,472.9810741302512,477.1075961701316,481.0767236326982,483.57127070078775
mango_rmse_random,medium,2003-09-30,2005Q2,8,HOURS,477.4539821199889,462.5854777180924,14.868504401896473,470.33414912766114,473.05244398777313,477.54313720153937,481.95026170137504,484.5992626520476
mango_rmse_random,medium,2003-09-30,2003Q3,1,INV,740.2122016519155,774.7337305880717,-34.52152893615619,732.7136985869095,735.5027589943654,740.2666590395597,744.8567521014198,747.9046091424857
mango_rmse_random,medium,2003-09-30,2003Q4,2,INV,741.4750532627122,778.0471063770386,-36.57205311432642,729.7664851755791,734.4385737953035,741.5154793689628,748.7955485168613,753.3006994292703
mango_rmse_random,medium,2003-09-30,2004Q1,3,INV,743.6463210642218,778.2453302745937,-34.599009210371946,728.8165436384261,734.4107638707469,743.8016294922007,752.789615138616,758.6535119146432
mango_rmse_random,medium,2003-09-30,2004Q2,4,INV,746.7050132084869,782.1621073069788,-35.45709409849189,729.4169358418851,736.0066602202138,746.4780551392878,757.6406509195747,764.473800321662
mango_rmse_random,medium,2003-09-30,2004Q3,5,INV,748.5443767700901,783.7015541710955,-35.157177401005356,728.5093798365056,736.7102418098168,748.2519548313041,760.6086364849459,768.0805519309968
mango_rmse_random,medium,2003-09-30,2004Q4,6,INV,750.338725399426,785.7665296031867,-35.427804203760616,728.430603294222,737.0466958018446,750.3992730335533,764.3141929619972,772.3685030694922
mango_rmse_random,medium,2003-09-30,2005Q1,7,INV,751.94896465486,788.539056169692,-36.59009151483201,726.876928491755,736.9367107309516,752.0545506131069,766.9334224752595,776.3184109069233
mango_rmse_random,medium,2003-09-30,2005Q2,8,INV,752.955401987662,787.1995059482441,-34.24410396058215,725.5210767369264,737.2635754412595,752.9273932301026,769.1163224380839,778.8995654130579
mango_rmse_random,medium,2003-09-30,2003Q3,1,WAGE,473.6106400736851,457.07961088967545,16.53102918400964,472.600957620288,472.987233370367,473.6219399457351,474.24009616189545,474.62459060913756
mango_rmse_random,medium,2003-09-30,2003Q4,2,WAGE,473.85986077450116,458.0857001405808,15.77416063392036,472.29577761415027,472.9046382725266,473.8611449604508,474.8142051121894,475.3915078937024
mango_rmse_random,medium,2003-09-30,2004Q1,3,WAGE,474.13411349508823,457.05166274882123,17.082450746267,472.0489937170166,472.89607002918507,474.1388925895419,475.3720895381929,476.25323089957107
mango_rmse_random,medium,2003-09-30,2004Q2,4,WAGE,474.39879592816044,458.1881088010138,16.210687127146628,471.84240200142085,472.8689303330129,474.42770943372636,475.86252577173957,477.0024714943756
mango_rmse_random,medium,2003-09-30,2004Q3,5,WAGE,474.6206101211718,459.3380965413115,15.282513579860336,471.65700045144337,472.9052448933473,474.64762558152324,476.3556356018283,477.46672484805464
mango_rmse_random,medium,2003-09-30,2004Q4,6,WAGE,474.871686200695,458.67923432042323,16.19245188027179,471.4834942858644,472.8739140752417,474.87823532760166,476.87665691721855,478.1688963997035
mango_rmse_random,medium,2003-09-30,2005Q1,7,WAGE,475.05856920346207,458.8644384030756,16.19413080038646,471.362313661387,472.86132136036406,475.03287931058645,477.3450723397287,478.717028160464
mango_rmse_random,medium,2003-09-30,2005Q2,8,WAGE,475.2637858595408,458.7637380695785,16.50004778996231,470.9211990325213,472.7683037958707,475.30354601611623,477.73135605375654,479.454549728401
mango_rmse_random,medium,2003-12-31,2003Q4,1,CONS,892.2943716165745,916.2802228701386,-23.98585125356408,891.3340822679555,891.729237381205,892.3024125077214,892.8436961914255,893.2521074268976
mango_rmse_random,medium,2003-12-31,2004Q1,2,CONS,893.4650731178922,917.2082690958562,-23.74319597796398,891.9953603735302,892.5516180688879,893.4349861967119,894.384865969442,894.9549053399887
mango_rmse_random,medium,2003-12-31,2004Q2,3,CONS,894.5258044583412,917.752436881049,-23.22663242270778,892.3256939516353,893.1949009980436,894.5141358422521,895.7924905944052,896.7460113979366
mango_rmse_random,medium,2003-12-31,2004Q3,4,CONS,895.5135838337031,918.9202125137185,-23.406628680015388,892.681662300441,893.7270602856202,895.4794693864703,897.2526967244544,898.4960673214222
mango_rmse_random,medium,2003-12-31,2004Q4,5,CONS,896.4859503447746,920.0449619348196,-23.55901159004509,892.9856201652026,894.2790656155645,896.5040510432655,898.6355778645387,900.1317902054877
mango_rmse_random,medium,2003-12-31,2005Q1,6,CONS,897.3882432205822,920.6783654348266,-23.29012221424432,893.1731086753813,894.7960567738788,897.4029127918172,899.9473211681996,901.6363559023926
mango_rmse_random,medium,2003-12-31,2005Q2,7,CONS,898.2041584712525,921.7804644849432,-23.57630601369067,893.3546535363796,895.2583439208883,898.2674575094976,901.0244108979425,903.1514285796903
mango_rmse_random,medium,2003-12-31,2005Q3,8,CONS,899.0284257429786,922.606735215334,-23.578309472355386,893.4038319820016,895.748093089618,898.9937419115968,902.3130009795336,904.771508525076
mango_rmse_random,medium,2003-12-31,2003Q4,1,DEFL,466.6387767493802,442.25205753903714,24.386719210343074,465.7881301512666,466.1191961509524,466.6508010831528,467.15688460536325,467.45546056248924
mango_rmse_random,medium,2003-12-31,2004Q1,2,DEFL,467.09255663308926,442.95660169416607,24.13595493892319,465.71828793023246,466.25328289923624,467.0724811046317,467.9626352481022,468.4611034204287
mango_rmse_random,medium,2003-12-31,2004Q2,3,DEFL,467.5551061836891,443.75677692001574,23.798329263673338,465.4733391220942,466.3227718519685,467.55080232501314,468.8406794611859,469.6168098990714
mango_rmse_random,medium,2003-12-31,2004Q3,4,DEFL,468.1364329926883,444.39680362140643,23.739629371281865,465.25455815516784,466.40410463347683,468.1156857184155,469.91212924336827,471.06202509969944
mango_rmse_random,medium,2003-12-31,2004Q4,5,DEFL,468.75703365286336,445.166929500233,23.590104152630374,465.04340471417026,466.553150815408,468.73344784901644,471.1384387316789,472.57890621068805
mango_rmse_random,medium,2003-12-31,2005Q1,6,DEFL,469.45292508272973,445.960091366716,23.492833716013763,464.689888757809,466.65078354382797,469.4603187042418,472.40951051948963,474.38064278563655
mango_rmse_random,medium,2003-12-31,2005Q2,7,DEFL,470.19309280248956,446.6850203488912,23.508072453598345,464.27275618470605,466.7268552124627,470.14142701068266,473.67895959526146,476.25004700673577
mango_rmse_random,medium,2003-12-31,2005Q3,8,DEFL,470.9875022089407,447.5903970265225,23.397105182418215,464.0414391514951,466.7326482245665,471.0018681529541,475.2004796686885,478.27951069623975
mango_rmse_random,medium,2003-12-31,2003Q4,1,FFR,1.273303827354457,0.9966666666666667,0.2766371606877903,-0.3837168128185137,0.3123912346903834,1.261410449854078,2.25062389079861,2.924290978206807
mango_rmse_random,medium,2003-12-31,2004Q1,2,FFR,1.5311035660626564,1.0033333333333332,0.5277702327293232,-0.9418897319911197,0.0182196486746386,1.5258640248874507,3.0410033578610443,4.054077487577928
mango_rmse_random,medium,2003-12-31,2004Q2,3,FFR,1.9383521293077663,1.01,0.9283521293077663,-1.296312655701495,-0.03696641128205292,1.9699890566829268,3.9418986732980903,5.160454670332236
mango_rmse_random,medium,2003-12-31,2004Q3,4,FFR,2.240405389386567,1.4333333333333333,0.8070720560532336,-1.7269491773337677,-0.08046588850160248,2.2318569151952534,4.601990826161499,6.045542881517095
mango_rmse_random,medium,2003-12-31,2004Q4,5,FFR,2.5944663097695693,1.95,0.6444663097695693,-1.9505382111186684,-0.023208547672981385,2.5958437870510025,5.32408897646482,7.1386912590561815
mango_rmse_random,medium,2003-12-31,2005Q1,6,FFR,2.9273190758558036,2.47,0.45731907585580345,-2.200492345877709,-0.046664663432799375,2.9762179179754344,5.981539355006279,8.03125942760391
mango_rmse_random,medium,2003-12-31,2005Q2,7,FFR,3.1934493044666405,2.9433333333333334,0.2501159711333072,-2.5576504708802954,-0.09901706174232475,3.2952282555829604,6.554270458211623,8.785998944006097
mango_rmse_random,medium,2003-12-31,2005Q3,8,FFR,3.413639268482843,3.4599999999999995,-0.046360731517156584,-2.8516128051274716,-0.14800337532557375,3.4947923747970275,7.019831145607451,9.56211908685899
mango_rmse_random,medium,2003-12-31,2003Q4,1,GDP,926.9507666553175,955.6153064688727,-28.66453981355528,925.5557163913446,926.1471612870155,926.9490424325651,927.7996695486239,928.3252607116806
mango_rmse_random,medium,2003-12-31,2004Q1,2,GDP,928.328968032393,956.1865880299732,-27.857619997580173,926.1475814421017,927.0797843786121,928.3379685756377,929.5973268308586,930.4831166297079
mango_rmse_random,medium,2003-12-31,2004Q2,3,GDP,929.4414405859808,956.9623102681346,-27.52086968215383,926.5071570810139,927.6857979322492,929.4605229746496,931.1764615597167,932.528333138756
mango_rmse_random,medium,2003-12-31,2004Q3,4,GDP,930.6222659805796,957.8991553628297,-27.276889382250033,926.9787585278162,928.4400376960696,930.5686909541668,932.9279333692725,934.334025055502
mango_rmse_random,medium,2003-12-31,2004Q4,5,GDP,931.591045374929,958.9159953464796,-27.32494997155061,927.2137153823189,928.9687712384717,931.525522001455,934.2551952166601,936.0621615268398
mango_rmse_random,medium,2003-12-31,2005Q1,6,GDP,932.509337087972,960.0207528735932,-27.51141578562124,927.4821748530941,929.5116285768586,932.5153630802353,935.6080207725879,937.5972462871097
mango_rmse_random,medium,2003-12-31,2005Q2,7,GDP,933.3426229479443,960.5061772591148,-27.163554311170515,927.6722263009207,929.9845102397444,933.3082314199673,936.7412910356267,939.0742834048004
mango_rmse_random,medium,2003-12-31,2005Q3,8,GDP,934.1369651286464,961.2887292981801,-27.15176416953375,928.0523620909628,930.4757528295927,934.0927507864928,937.9239243737917,940.2830557973508
mango_rmse_random,medium,2003-12-31,2003Q4,1,HOURS,474.81378540450885,460.1332832756836,14.680502128825253,473.4802066896322,473.9889552363809,474.79638392119443,475.63757234275204,476.16087954052347
mango_rmse_random,medium,2003-12-31,2004Q1,2,HOURS,475.57416767327805,460.55900978127795,15.015157892000104,473.21410565752336,474.0961790865494,475.5685166598994,477.02474868760004,478.0033421215725
mango_rmse_random,medium,2003-12-31,2004Q2,3,HOURS,476.34933814087816,460.6459354652963,15.703402675581856,472.9227858150447,474.1928501018331,476.38469930024314,478.50612752518646,479.76126837521923
mango_rmse_random,medium,2003-12-31,2004Q3,4,HOURS,477.06106925717694,461.2721602140926,15.788909043084345,472.5013753490096,474.34737374521234,477.09861704308014,479.7669503210821,481.6346632703783
mango_rmse_random,medium,2003-12-31,2004Q4,5,HOURS,477.6369187107018,461.7997562292878,15.837162481413998,472.1583478726603,474.45010706403224,477.6696639156227,480.8825947492544,483.1439790374475
mango_rmse_random,medium,2003-12-31,2005Q1,6,HOURS,478.11542087090197,462.0029241394789,16.11249673142305,471.8297571867243,474.4126835757342,478.04973439441096,481.8284109321797,484.62992713986426
mango_rmse_random,medium,2003-12-31,2005Q2,7,HOURS,478.4976354407976,462.5854777180924,15.91215772270516,471.3243598231713,474.31159536331637,478.5203347474043,482.7803533423253,485.62385706182937
mango_rmse_random,medium,2003-12-31,2005Q3,8,HOURS,478.7801184498256,462.9023422010251,15.877776248800501,470.9918475392954,474.2222107906036,478.7599968609279,483.59216585730456,486.43426077158034
mango_rmse_random,medium,2003-12-31,2003Q4,1,INV,744.257810267296,778.0471063770386,-33.78929610974262,736.5295730823985,739.7012117305624,744.2297804654531,748.9783980114194,751.5951844982542
mango_rmse_random,medium,2003-12-31,2004Q1,2,INV,747.7666989342304,778.2453302745937,-30.478631340363336,736.3619527064807,740.6942830986255,747.8548623409625,754.8042360433099,759.0858014393041
mango_rmse_random,medium,2003-12-31,2004Q2,3,INV,750.4121547754833,782.1621073069788,-31.749952531495524,735.7315709961194,741.3131558946894,750.3949059649177,759.3597688418823,765.1125960329535
mango_rmse_random,medium,2003-12-31,2004Q3,4,INV,753.5042242601089,783.7015541710955,-30.197329910986582,735.4710504606411,742.6949698844655,753.8178571616496,764.2327827937212,770.8938524691227
mango_rmse_random,medium,2003-12-31,2004Q4,5,INV,754.8186912690594,785.7665296031867,-30.947838334127255,734.2540947251098,742.2048021888573,754.9586418310441,766.9819680849521,775.630978281415
mango_rmse_random,medium,2003-12-31,2005Q1,6,INV,756.143515595746,788.539056169692,-32.39554057394605,732.9782620941805,742.0385398280755,756.3126363765283,769.2569868542485,778.3466442530744
mango_rmse_random,medium,2003-12-31,2005Q2,7,INV,757.0219638990582,787.1995059482441,-30.177542049185945,730.5618179562049,742.1861878017182,756.983975501551,771.80110853169,781.7941891984528
mango_rmse_random,medium,2003-12-31,2005Q3,8,INV,757.8129496827709,788.5125305763838,-30.69958089361296,728.3702337895397,741.6903913489995,757.9914848366909,774.5443288341556,783.5796104377811
mango_rmse_random,medium,2003-12-31,2003Q4,1,WAGE,473.4571362595675,458.0857001405808,15.371436118986708,472.3905488332377,472.81132387788995,473.45766233237833,474.09120125012515,474.52384666796945
mango_rmse_random,medium,2003-12-31,2004Q1,2,WAGE,473.651491406794,457.05166274882123,16.59982865797275,472.0709972829292,472.6919142172991,473.66023335583344,474.589757779458,475.2132621629758
mango_rmse_random,medium,2003-12-31,2004Q2,3,WAGE,473.92739965801445,458.1881088010138,15.73929085700064,471.8866402146738,472.7335370721372,473.91876256288447,475.1437204495784,475.96413968157765
mango_rmse_random,medium,2003-12-31,2004Q3,4,WAGE,474.1512776979166,459.3380965413115,14.81318115660514,471.754610663962,472.6644734971557,474.11586425962884,475.63058987835666,476.6751958107607
mango_rmse_random,medium,2003-12-31,2004Q4,5,WAGE,474.40682765372605,458.67923432042323,15.72759333330282,471.43344467316217,472.6249243344604,474.3864842336883,476.16828893464066,477.4626567249815
mango_rmse_random,medium,2003-12-31,2005Q1,6,WAGE,474.6162350115343,458.8644384030756,15.751796608458676,471.2144933756997,472.5866926800096,474.64044415652137,476.601172163256,477.9669138769783
mango_rmse_random,medium,2003-12-31,2005Q2,7,WAGE,474.82906768166663,458.7637380695785,16.065329612088135,471.1038029329492,472.60488851188273,474.86397875245746,477.09085990870614,478.5184847242436
mango_rmse_random,medium,2003-12-31,2005Q3,8,WAGE,475.0655628471062,458.51919432724264,16.546368519863563,470.86023477168106,472.57289398523466,475.12982142553824,477.5871679047116,479.1911198270032
mango_rmse_random,medium,2004-03-31,2004Q1,1,CONS,893.2557266049712,917.2082690958562,-23.95254249088498,892.2976041892116,892.6590575355353,893.2535496695166,893.8555996728325,894.2121982332923
mango_rmse_random,medium,2004-03-31,2004Q2,2,CONS,894.3177679557408,917.752436881049,-23.434668925308188,892.796734015236,893.4037789820013,894.3175748809844,895.2524000658567,895.8306113106362
mango_rmse_random,medium,2004-03-31,2004Q3,3,CONS,895.2679840822732,918.9202125137185,-23.652228431445337,893.2120000019554,893.9634857848471,895.2672512012693,896.5259930152203,897.4660030822472
mango_rmse_random,medium,2004-03-31,2004Q4,4,CONS,896.2683893573961,920.0449619348196,-23.776572577423508,893.5254821875036,894.6409373558915,896.2627688774394,897.8938296318399,898.9655921243523
mango_rmse_random,medium,2004-03-31,2005Q1,5,CONS,897.223667753822,920.6783654348266,-23.454697681004518,893.8824365417166,895.1973759595422,897.2427016077443,899.2434566135947,900.5704213475707
mango_rmse_random,medium,2004-03-31,2005Q2,6,CONS,898.1056249239782,921.7804644849432,-23.674839560964983,894.234250540154,895.7175522228417,898.1237983800008,900.5252646633124,901.9017191218214
mango_rmse_random,medium,2004-03-31,2005Q3,7,CONS,898.9619839284214,922.606735215334,-23.644751286912538,894.3863004802683,896.1186741284122,898.983777513703,901.8140239882537,903.6183032704853
mango_rmse_random,medium,2004-03-31,2005Q4,8,CONS,899.7638251631096,922.7908936985102,-23.027068535400645,894.4201223680823,896.5252188826096,899.780975332377,903.0710547384883,905.1472005655368
mango_rmse_random,medium,2004-03-31,2004Q1,1,DEFL,466.95113652692345,442.95660169416607,23.99453483275738,466.1357363667187,466.4566424109286,466.94499622276317,467.4686988208156,467.7463428677575
mango_rmse_random,medium,2004-03-31,2004Q2,2,DEFL,467.3644532247618,443.75677692001574,23.607676304746064,465.89509824225104,466.5226540685361,467.3573805662788,468.23118286964586,468.7512995581504
mango_rmse_random,medium,2004-03-31,2004Q3,3,DEFL,467.919410675929,444.39680362140643,23.522607054522553,465.7392556729464,466.64076351860996,467.9283841225216,469.1920599760177,469.98405983701275
mango_rmse_random,medium,2004-03-31,2004Q4,4,DEFL,468.48995354974943,445.166929500233,23.323024049516448,465.46634520563634,466.78244551411973,468.5326167369698,470.1683479059269,471.3545168723599
mango_rmse_random,medium,2004-03-31,2005Q1,5,DEFL,469.1342732443723,445.960091366716,23.174181877656338,465.1071557026126,466.75751880815,469.1906816834931,471.39037757830374,472.73668311409466
mango_rmse_random,medium,2004-03-31,2005Q2,6,DEFL,469.8327185160317,446.6850203488912,23.147698167140504,464.83697186890447,466.9349622499687,469.83695866774144,472.73523292310267,474.47618463431104
mango_rmse_random,medium,2004-03-31,2005Q3,7,DEFL,470.5734357566831,447.5903970265225,22.983038730160615,464.4979137930745,466.9642092642337,470.5627409551628,474.1425214025109,476.3698189572941
mango_rmse_random,medium,2004-03-31,2005Q4,8,DEFL,471.37505959418723,448.39625430524006,22.97880528894717,464.1437392522315,467.12359638150485,471.3935426459782,475.5839382155086,478.37268986901694
mango_rmse_random,medium,2004-03-31,2004Q1,1,FFR,1.0788265015891945,1.0033333333333332,0.07549316825586128,-0.5205309292468031,0.09673450638176476,1.094918586611551,2.033491061883069,2.6585066739674352
mango_rmse_random,medium,2004-03-31,2004Q2,2,FFR,1.4871135729725353,1.01,0.4771135729725353,-0.9710470108602366,-0.06963359978895807,1.5094718637656201,2.9845776694476207,4.012555283123591
mango_rmse_random,medium,2004-03-31,2004Q3,3,FFR,1.7419826478587148,1.4333333333333333,0.30864931452538147,-1.4458273725310697,-0.25480363122951166,1.7128923106851734,3.719050085216776,5.052137725463653
mango_rmse_random,medium,2004-03-31,2004Q4,4,FFR,2.0813282669595616,1.95,0.13132826695956168,-1.763912401265303,-0.30560402523106306,2.054912289678959,4.512980143290408,6.039666765314753
mango_rmse_random,medium,2004-03-31,2005Q1,5,FFR,2.4647841766671577,2.47,-0.00521582333284254,-2.171216778663269,-0.357934197226785,2.440610018414369,5.367091195066792,7.139454439319374
mango_rmse_random,medium,2004-03-31,2005Q2,6,FFR,2.7737823859829858,2.9433333333333334,-0.1695509473503476,-2.4859103972741865,-0.5299854871027008,2.7791037281958557,6.03666043788251,8.058488921486289
mango_rmse_random,medium,2004-03-31,2005Q3,7,FFR,3.066146187849945,3.4599999999999995,-0.3938538121500543,-2.6232102286747208,-0.5094579097400033,3.093838790309392,6.603734884492337,8.805465948408594
mango_rmse_random,medium,2004-03-31,2005Q4,8,FFR,3.320209518912794,3.98,-0.6597904810872062,-3.1203478039580155,-0.5557153129792889,3.2885473400744045,7.276482632738496,9.551592569923136
mango_rmse_random,medium,2004-03-31,2004Q1,1,GDP,928.061124329641,956.1865880299732,-28.12546370033226,926.6786533858926,927.1839807170804,928.0945117104818,928.9006772506661,929.4459918033533
mango_rmse_random,medium,2004-03-31,2004Q2,2,GDP,929.1198304590228,956.9623102681346,-27.842479809111865,926.7487251727955,927.7289194638646,929.1549901824603,930.4762402541947,931.3509416382667
mango_rmse_random,medium,2004-03-31,2004Q3,3,GDP,930.2707919135794,957.8991553628297,-27.628363449250287,927.1301684744996,928.4468484619183,930.3262793657499,932.0669548717249,933.1981256919108
mango_rmse_random,medium,2004-03-31,2004Q4,4,GDP,931.2602336768845,958.9159953464796,-27.65576166959511,927.4206433120963,928.9883799968758,931.312909138806,933.441393494704,934.9227316411102
mango_rmse_random,medium,2004-03-31,2005Q1,5,GDP,932.2946338837157,960.0207528735932,-27.726118989877477,927.8798986379061,929.7899280313939,932.359069859361,934.8666546831479,936.4387880449241
mango_rmse_random,medium,2004-03-31,2005Q2,6,GDP,933.2354215687267,960.5061772591148,-27.270755690388114,928.275570576492,930.3577219599678,933.3237047359265,936.1045791871579,937.7449079257582
mango_rmse_random,medium,2004-03-31,2005Q3,7,GDP,934.1286945834744,961.2887292981801,-27.160034714705716,928.8455788407742,930.8456306921538,934.195661886569,937.2058783106861,939.4662826400247
mango_rmse_random,medium,2004-03-31,2005Q4,8,GDP,934.9623754176499,961.8550509042607,-26.892675486610756,928.9899519007848,931.3622476308024,935.0356533050578,938.5388710451258,940.8651553457996
mango_rmse_random,medium,2004-03-31,2004Q1,1,HOURS,476.01402191203863,460.55900978127795,15.455012130760679,474.6308271818361,475.187484257243,476.0126459725693,476.8003719326591,477.43639849368816
mango_rmse_random,medium,2004-03-31,2004Q2,2,HOURS,476.722199003285,460.6459354652963,16.076263537988723,474.25808998108704,475.21580810593593,476.7561646708033,478.18918178167695,479.17707078512086
mango_rmse_random,medium,2004-03-31,2004Q3,3,HOURS,477.39470979060536,461.2721602140926,16.122549576512768,473.7142171928962,475.3395044241355,477.43075413366347,479.44944183115786,480.9073124291218
mango_rmse_random,medium,2004-03-31,2004Q4,4,HOURS,477.94852119678694,461.7997562292878,16.14876496749912,473.46899339187553,475.2229938064448,477.9138756017449,480.7156723404513,482.4987797024866
mango_rmse_random,medium,2004-03-31,2005Q1,5,HOURS,478.4904308608277,462.0029241394789,16.48750672134878,473.04384966604187,475.14355242343123,478.47240752361836,481.68742975246806,483.8320491749601
mango_rmse_random,medium,2004-03-31,2005Q2,6,HOURS,478.98041216805524,462.5854777180924,16.39493444996282,472.8885780838527,475.2195409391773,479.01150598420475,482.69469249011564,485.0147677832757
mango_rmse_random,medium,2004-03-31,2005Q3,7,HOURS,479.37570017832564,462.9023422010251,16.473357977300566,472.7174182316778,475.2662464977772,479.40596981645336,483.51630572237536,486.2437437060885
mango_rmse_random,medium,2004-03-31,2005Q4,8,HOURS,479.70501247430303,463.5020207956977,16.202991678605315,472.21890085340084,475.27897449172707,479.79700102685047,484.0862628807484,487.15071986231516
mango_rmse_random,medium,2004-03-31,2004Q1,1,INV,746.7455334817264,778.2453302745937,-31.4997967928673,738.976839803769,742.2619263606583,746.662935520191,751.3783237344611,754.4992576082666
mango_rmse_random,medium,2004-03-31,2004Q2,2,INV,749.2314204127623,782.1621073069788,-32.93068689421648,737.863897956808,742.1144012687557,749.1437732179437,756.1132898446089,760.3862351130789
mango_rmse_random,medium,2004-03-31,2004Q3,3,INV,752.462048967626,783.7015541710955,-31.239505203469548,738.0518260400061,743.7347158600681,752.2662861702627,761.4575074822264,766.6182895486261
mango_rmse_random,medium,2004-03-31,2004Q4,4,INV,753.7772407054333,785.7665296031867,-31.98928889775334,736.1600896909123,743.410710640076,754.0318280375543,764.3170412184567,771.3146553380325
mango_rmse_random,medium,2004-03-31,2005Q1,5,INV,755.8517688509659,788.539056169692,-32.687287318726135,736.3614475422225,744.2258865175717,755.7444232833582,767.530805367984,775.1828695236557
mango_rmse_random,medium,2004-03-31,2005Q2,6,INV,757.1388103707151,787.1995059482441,-30.06069557752903,735.789802326209,744.6288695304783,757.0221247597204,769.7898406706828,778.7870212915751
mango_rmse_random,medium,2004-03-31,2005Q3,7,INV,758.1271813260933,788.5125305763838,-30.385349250290574,735.2199115942173,743.783182898208,758.1922126665102,772.182888258355,781.5104603623197
mango_rmse_random,medium,2004-03-31,2005Q4,8,INV,758.9992874374016,791.7115864821873,-32.71229904478571,732.914755467283,743.6071113567103,759.3106269445475,773.7943193282366,785.1709311554048
mango_rmse_random,medium,2004-03-31,2004Q1,1,WAGE,474.6471359620855,457.05166274882123,17.595473213264256,473.656784948743,474.03438706473014,474.62637594487137,475.27032339089584,475.66702719611783
mango_rmse_random,medium,2004-03-31,2004Q2,2,WAGE,474.9709345230653,458.1881088010138,16.782825722051484,473.4108945233067,474.01452624671487,474.9703914026472,475.89204847927016,476.59411135770284
mango_rmse_random,medium,2004-03-31,2004Q3,3,WAGE,475.19084703313575,459.3380965413115,15.852750491824281,473.1049713041286,473.9303166757693,475.19966514854184,476.4833447486836,477.2201956431424
mango_rmse_random,medium,2004-03-31,2004Q4,4,WAGE,475.43316100722626,458.67923432042323,16.753926686803027,472.9989037576516,473.9147798553043,475.42300163529796,476.91607626663625,477.99374102996524
mango_rmse_random,medium,2004-03-31,2005Q1,5,WAGE,475.6877614936919,458.8644384030756,16.82332309061627,472.71441209421465,473.9439432132613,475.67254139308915,477.4810244428071,478.5821106360088
mango_rmse_random,medium,2004-03-31,2005Q2,6,WAGE,475.9003846902096,458.7637380695785,17.136646620631097,472.4703057178716,473.82449390913285,475.89479938980355,477.95490446105197,479.27724507591824
mango_rmse_random,medium,2004-03-31,2005Q3,7,WAGE,476.16292656640064,458.51919432724264,17.643732239158,472.3068656351038,473.8016749950438,476.09409877133317,478.5286112024973,480.14680835462184
mango_rmse_random,medium,2004-03-31,2005Q4,8,WAGE,476.3890249020666,458.1983439012755,18.190681000791074,471.83963331846115,473.75237837759545,476.366191181413,478.94308713003255,480.7965336142094
mango_rmse_random,medium,2004-06-30,2004Q2,1,CONS,894.0394434698703,917.752436881049,-23.712993411178672,893.0848616619622,893.4569606051648,894.0305373642082,894.62946472164,895.0225495616456
mango_rmse_random,medium,2004-06-30,2004Q3,2,CONS,894.9445039625062,918.9202125137185,-23.97570855121228,893.4417095216223,894.0476474098825,894.9487253550012,895.846459184437,896.495270318841
mango_rmse_random,medium,2004-06-30,2004Q4,3,CONS,895.8497609953454,920.0449619348196,-24.19520093947426,893.7397371168853,894.5395008324568,895.8586376732874,897.1331203684275,898.0114896060949
mango_rmse_random,medium,2004-06-30,2005Q1,4,CONS,896.7502880345877,920.6783654348266,-23.928077400238863,893.8799461490621,895.0613639436493,896.7348834873374,898.4215226176117,899.5682555443832
mango_rmse_random,medium,2004-06-30,2005Q2,5,CONS,897.5612706475232,921.7804644849432,-24.219193837419994,894.1527336497086,895.3936884837476,897.5013789162012,899.7183786718851,901.1338435350779
mango_rmse_random,medium,2004-06-30,2005Q3,6,CONS,898.3431206903301,922.606735215334,-24.263614525003845,894.2188040235469,895.7359969411908,898.3364075479379,900.9713357969556,902.6317184496196
mango_rmse_random,medium,2004-06-30,2005Q4,7,CONS,899.1008544192961,922.7908936985102,-23.690039279214147,894.2804591460766,896.1548004672248,899.1168447588104,902.0300716047484,904.2197152280662
mango_rmse_random,medium,2004-06-30,2006Q1,8,CONS,899.8170382131923,923.8754538789948,-24.0584156658025,894.3074005497011,896.3866247911992,899.7989757056013,903.2096804684239,905.4711871961592
mango_rmse_random,medium,2004-06-30,2004Q2,1,DEFL,467.8442758948183,443.75677692001574,24.087498974802543,467.01278542296876,467.35089290015577,467.85281425763003,468.33499327734836,468.63759997405964
mango_rmse_random,medium,2004-06-30,2004Q3,2,DEFL,468.5419925187033,444.39680362140643,24.145188897296862,467.14074232481056,467.6741637865815,468.52772273046077,469.4007172119317,469.9683185323568
mango_rmse_random,medium,2004-06-30,2004Q4,3,DEFL,469.25914719181833,445.166929500233,24.092217691585347,467.15607952014057,468.03070252362556,469.25181486173983,470.530032071813,471.30706701517573
mango_rmse_random,medium,2004-06-30,2005Q1,4,DEFL,470.0425350107897,445.960091366716,24.08244364407375,467.16321754036926,468.3623317536402,470.02607629540444,471.79024787713513,473.0023688784125
mango_rmse_random,medium,2004-06-30,2005Q2,5,DEFL,470.8578718415145,446.6850203488912,24.172851492623295,467.1265629925167,468.57876757448315,470.83187801478755,473.0848297047884,474.6845919678257
mango_rmse_random,medium,2004-06-30,2005Q3,6,DEFL,471.7401289179789,447.5903970265225,24.149731891456383,467.1136880399934,468.86041132403585,471.70881453475107,474.5649026117576,476.6813401031708
mango_rmse_random,medium,2004-06-30,2005Q4,7,DEFL,472.6648453326648,448.39625430524006,24.268591027424748,466.9557755330431,469.1119019133772,472.5965184949762,476.1623845018147,478.65132589013245
mango_rmse_random,medium,2004-06-30,2006Q1,8,DEFL,473.6558775398545,449.0981931357204,24.55768440413408,466.76793568892924,469.4825947341236,473.7072006620322,477.7921313991312,480.85852087144485
mango_rmse_random,medium,2004-06-30,2004Q2,1,FFR,1.4070208470202468,1.01,0.39702084702024676,-0.20404109632712517,0.4268817254341267,1.39927474409328,2.3837461451653064,3.0353378607368677
mango_rmse_random,medium,2004-06-30,2004Q3,2,FFR,1.696244685845856,1.4333333333333333,0.2629113525125226,-0.8520509091514928,0.17748469464263436,1.700876508528922,3.2097625075582092,4.316077842897096
mango_rmse_random,medium,2004-06-30,2004Q4,3,FFR,2.0527428273308845,1.95,0.10274282733088458,-1.2163804197127073,0.1316556312863594,2.0008543996155748,3.9374162120281655,5.297912336357762
mango_rmse_random,medium,2004-06-30,2005Q1,4,FFR,2.433150575370459,2.47,-0.036849424629540994,-1.6076774866740815,0.20045825802436845,2.4106744894262926,4.75196830737664,6.422079793254499
mango_rmse_random,medium,2004-06-30,2005Q2,5,FFR,2.7948599921860446,2.9433333333333334,-0.14847334114728872,-1.8495739076515547,0.15206876630977675,2.794859917282048,5.496428999163727,7.3037243302494
mango_rmse_random,medium,2004-06-30,2005Q3,6,FFR,3.100796600726722,3.4599999999999995,-0.3592033992732775,-2.2102965758181186,0.07136210948250013,3.1504516577340973,6.119176467016063,8.144448523986547
mango_rmse_random,medium,2004-06-30,2005Q4,7,FFR,3.4043935461133943,3.98,-0.5756064538866057,-2.379481505011117,0.00986174488523684,3.469678346868945,6.799562875451113,9.224827760771156
mango_rmse_random,medium,2004-06-30,2006Q1,8,FFR,3.6884595247228043,4.456666666666667,-0.7682071419438627,-2.2709809716768423,-0.07778635247164323,3.7844370123778885,7.3510405671745165,9.877170658767165
mango_rmse_random,medium,2004-06-30,2004Q2,1,GDP,928.7511954656597,956.9623102681346,-28.211114802474867,927.4002965673167,927.923023740581,928.7474619673311,929.5809622393823,930.1991213326302
mango_rmse_random,medium,2004-06-30,2004Q3,2,GDP,929.8668015852588,957.8991553628297,-28.032353777570847,927.7223352363161,928.5213944348586,929.8507295168615,931.1325831691632,932.1592203077679
mango_rmse_random,medium,2004-06-30,2004Q4,3,GDP,930.80553529509,958.9159953464796,-28.110460051389623,927.8523995559957,928.9836445491454,930.8344664977662,932.5563137334509,933.7536687127189
mango_rmse_random,medium,2004-06-30,2005Q1,4,GDP,931.8028165612932,960.0207528735932,-28.217936312300026,928.2224562020973,929.6850245162891,931.7785736427774,933.9422135361136,935.4036219633136
mango_rmse_random,medium,2004-06-30,2005Q2,5,GDP,932.6923816387088,960.5061772591148,-27.81379562040604,928.4153655754704,930.1978489338641,932.695730862993,935.1690638561488,936.8595105361035
mango_rmse_random,medium,2004-06-30,2005Q3,6,GDP,933.4932993547382,961.2887292981801,-27.795429943441945,928.6408657036226,930.6399368146484,933.6099330765069,936.2835543784548,938.3686819076623
mango_rmse_random,medium,2004-06-30,2005Q4,7,GDP,934.2745885668598,961.8550509042607,-27.58046233740083,928.7748715281161,930.9444137102525,934.3922617632973,937.4997376280868,939.786685299213
mango_rmse_random,medium,2004-06-30,2006Q1,8,GDP,935.0159682466268,963.1947034740143,-28.178735227387506,928.7781258180154,931.2936946525563,935.1153489461021,938.7081796211834,941.0764348427266
mango_rmse_random,medium,2004-06-30,2004Q2,1,HOURS,476.4714875299461,460.6459354652963,15.825552064649798,475.1201856622905,475.64033188803916,476.5012229749947,477.2628257944029,477.75920436940186
mango_rmse_random,medium,2004-06-30,2004Q3,2,HOURS,477.05002887381414,461.2721602140926,15.777868659721548,474.65933779886836,475.62609894282053,477.0525943084783,478.48337525890673,479.35772625107865
mango_rmse_random,medium,2004-06-30,2004Q4,3,HOURS,477.5949476034374,461.7997562292878,15.795191374149567,474.2115629066626,475.5485615472151,477.6234140926763,479.6852680808035,480.9431427244346
mango_rmse_random,medium,2004-06-30,2005Q1,4,HOURS,478.10249548153513,462.0029241394789,16.09957134205621,473.6476996894902,475.4385849765515,478.2097995720676,480.7030423970548,482.4235797490535
mango_rmse_random,medium,2004-06-30,2005Q2,5,HOURS,478.55654275521704,462.5854777180924,15.971065037124617,473.0951978499508,475.2978853430785,478.59914045194023,481.7207153532481,483.6159122627904
mango_rmse_random,medium,2004-06-30,2005Q3,6,HOURS,478.9484708160193,462.9023422010251,16.046128614994245,472.4973983032614,475.20052291438225,479.10877060146305,482.66224864495774,485.055455440662
mango_rmse_random,medium,2004-06-30,2005Q4,7,HOURS,479.26346861515555,463.5020207956977,15.761447819457828,472.1004872733053,475.07834671868466,479.34902608735365,483.5001324646269,486.34087529653465
mango_rmse_random,medium,2004-06-30,2006Q1,8,HOURS,479.512685524735,464.4804275228165,15.032258001918478,471.5932497087695,474.85049539686946,479.58393418301205,484.2466073900125,487.45508349657996
mango_rmse_random,medium,2004-06-30,2004Q2,1,INV,748.3491178836092,782.1621073069788,-33.81298942336957,740.8530114630444,743.923260913329,748.3249695117946,752.876207989893,755.6251618488052
mango_rmse_random,medium,2004-06-30,2004Q3,2,INV,751.3261751109208,783.7015541710955,-32.37537906017474,740.2478662656755,744.5299056542534,751.1487035603384,758.3039200996153,762.6816213251465
mango_rmse_random,medium,2004-06-30,2004Q4,3,INV,752.8046741804338,785.7665296031867,-32.96185542275282,738.275329326033,743.710421911378,752.9549272247027,761.6321638724957,767.269254278894
mango_rmse_random,medium,2004-06-30,2005Q1,4,INV,754.5920150429869,788.539056169692,-33.94704112670513,737.9723759582685,744.488812269819,754.3277270613352,765.0173860759677,771.8911475598912
mango_rmse_random,medium,2004-06-30,2005Q2,5,INV,755.9161758633875,787.1995059482441,-31.28333008485663,736.3262856192233,744.4368700553639,755.9224699518131,767.6147632938439,775.5043954195119
mango_rmse_random,medium,2004-06-30,2005Q3,6,INV,756.8301929783904,788.5125305763838,-31.68233759799341,734.878661852915,743.7211709101612,756.892368684559,770.1936041567037,779.5836956779325
mango_rmse_random,medium,2004-06-30,2005Q4,7,INV,757.5888901178804,791.7115864821873,-34.122696364306876,732.551008021406,742.6939377447789,757.282546503602,772.9383908606304,782.5229374866484
mango_rmse_random,medium,2004-06-30,2006Q1,8,INV,758.1842764093797,793.1853410450444,-35.00106463566476,731.7932739901462,742.3455672217734,757.9752850480836,774.276270454422,785.429934052045
mango_rmse_random,medium,2004-06-30,2004Q2,1,WAGE,475.8294691232358,458.1881088010138,17.641360322222,474.82294374225546,475.194512425601,475.8443057976631,476.44457608994566,476.8700155756898
mango_rmse_random,medium,2004-06-30,2004Q3,2,WAGE,476.1203572858921,459.3380965413115,16.78226074458064,474.54897405227143,475.15515781034253,476.12537719571924,477.0796613207238,477.67033688521803
mango_rmse_random,medium,2004-06-30,2004Q4,3,WAGE,476.41339213578124,458.67923432042323,17.734157815358003,474.301084041726,475.1307368758783,476.4438050738838,477.65642942586,478.4837001626101
mango_rmse_random,medium,2004-06-30,2005Q1,4,WAGE,476.6853834502714,458.8644384030756,17.820945047195778,474.1539346473563,475.10654535285624,476.7267102347723,478.2144532811409,479.17336925800873
mango_rmse_random,medium,2004-06-30,2005Q2,5,WAGE,476.93775755391863,458.7637380695785,18.174019484340135,473.78767239358456,475.1457577896017,476.9964810961544,478.71508340370286,479.9750864723046
mango_rmse_random,medium,2004-06-30,2005Q3,6,WAGE,477.17493651034005,458.51919432724264,18.655742183097402,473.58670243910063,475.08310130065786,477.2253705108187,479.2433194782743,480.5170695791351
mango_rmse_random,medium,2004-06-30,2005Q4,7,WAGE,477.4384954540186,458.1983439012755,19.2401515527431,473.46221244715986,475.1610648900544,477.4673902669582,479.7394624882372,481.26709899113473
mango_rmse_random,medium,2004-06-30,2006Q1,8,WAGE,477.6912479863653,459.65430792875725,18.036940057608035,473.3112961804859,475.14652107645156,477.74643565765246,480.26533643472663,481.9035231326308
mango_rmse_random,medium,2004-09-30,2004Q3,1,CONS,894.2950669687166,918.9202125137185,-24.625145545001942,893.355642624281,893.7153795351425,894.3019982438655,894.8669436019799,895.241127485927
mango_rmse_random,medium,2004-09-30,2004Q4,2,CONS,895.1961967217106,920.0449619348196,-24.848765213109004,893.7120324895515,894.2595813202921,895.1908226824885,896.1097451304692,896.718989555427
mango_rmse_random,medium,2004-09-30,2005Q1,3,CONS,896.0612099592839,920.6783654348266,-24.61715547554263,893.966453380222,894.7828298407655,896.0505186929848,897.3515750737236,898.2610622653418
mango_rmse_random,medium,2004-09-30,2005Q2,4,CONS,896.9751708177652,921.7804644849432,-24.805293667178034,894.2212484946238,895.3703227048547,896.9303132642644,898.5922837447977,899.8704232798722
mango_rmse_random,medium,2004-09-30,2005Q3,5,CONS,897.8327096498915,922.606735215334,-24.774025565442457,894.3775906121111,895.8068217122067,897.8336063070436,899.8440181019026,901.2739372430392
mango_rmse_random,medium,2004-09-30,2005Q4,6,CONS,898.575855210092,922.7908936985102,-24.21503848841826,894.4375138299546,896.111946473823,898.5152733044786,901.0621517983774,902.6029196373566
mango_rmse_random,medium,2004-09-30,2006Q1,7,CONS,899.3489453660586,923.8754538789948,-24.526508512936175,894.4833603618429,896.4914496196296,899.2677383179733,902.2639325071908,904.1059827612055
mango_rmse_random,medium,2004-09-30,2006Q2,8,CONS,900.0422597856763,924.3925620299899,-24.35030224431364,894.6982940239787,896.8314510881346,900.0176853570317,903.3463804848681,905.4975381074136
mango_rmse_random,medium,2004-09-30,2004Q3,1,DEFL,468.96793833484355,444.39680362140643,24.571134713437118,468.13553391701555,468.4538336513748,468.9894589493853,469.4545304422319,469.7979805462199
mango_rmse_random,medium,2004-09-30,2004Q4,2,DEFL,469.71805490966494,445.166929500233,24.55112540943196,468.25380483020143,468.86035757711323,469.719057583795,470.5705739941076,471.08452445978685
mango_rmse_random,medium,2004-09-30,2005Q1,3,DEFL,470.565137851236,445.960091366716,24.605046484520017,468.40385994055936,469.2795631084652,470.5947130720318,471.80535586688194,472.59116548536235
mango_rmse_random,medium,2004-09-30,2005Q2,4,DEFL,471.40552997788967,446.6850203488912,24.720509628998457,468.51385954803,469.6135309056137,471.4331124492584,473.1149185163707,474.26060475478664
mango_rmse_random,medium,2004-09-30,2005Q3,5,DEFL,472.3038296376876,447.5903970265225,24.713432611165103,468.48428985802116,469.92456855139113,472.3439262126178,474.53893633891755,476.11150942134253
mango_rmse_random,medium,2004-09-30,2005Q4,6,DEFL,473.25511131727643,448.39625430524006,24.858857012036367,468.5247665489763,470.19507288157126,473.2995050944279,476.11890622729095,478.01572537977086
mango_rmse_random,medium,2004-09-30,2006Q1,7,DEFL,474.2387874667282,449.0981931357204,25.140594331007776,468.4030303906644,470.55034585868435,474.22458660231894,477.78327824891653,480.0439433726766
mango_rmse_random,medium,2004-09-30,2006Q2,8,DEFL,475.29008584927783,449.9809670330265,25.309118816251328,468.3092622210891,470.9379429757103,475.25885166650255,479.5174500209701,482.1692727394217
mango_rmse_random,medium,2004-09-30,2004Q3,1,FFR,1.147285166721295,1.4333333333333333,-0.28604816661203825,-0.5470994415988282,0.1301635446158168,1.1823640299912501,2.1137511880782904,2.8147715213188382
mango_rmse_random,medium,2004-09-30,2004Q4,2,FFR,1.5974194129106467,1.95,-0.35258058708935325,-1.1000397652889566,0.028492095755909077,1.6187998851295347,3.2324630550814235,4.17319015873482
mango_rmse_random,medium,2004-09-30,2005Q1,3,FFR,1.7617707614863036,2.47,-0.7082292385136966,-1.644353765631852,-0.17580698351847984,1.844429351310788,3.7269438196091436,4.960852336311491
mango_rmse_random,medium,2004-09-30,2005Q2,4,FFR,2.044383620211354,2.9433333333333334,-0.8989497131219792,-2.1494450242483247,-0.2818456619900235,2.142557806918661,4.402940857258379,5.988117281559837
mango_rmse_random,medium,2004-09-30,2005Q3,5,FFR,2.490431602488923,3.4599999999999995,-0.9695683975110767,-2.399300623564827,-0.31737677668206593,2.581133290888394,5.30360741363416,7.047682164680551
mango_rmse_random,medium,2004-09-30,2005Q4,6,FFR,2.8133936025707085,3.98,-1.1666063974292915,-2.667790073089719,-0.44790305920764517,2.9126282002229065,6.010353574824773,8.04870630423465
mango_rmse_random,medium,2004-09-30,2006Q1,7,FFR,3.0946602713902602,4.456666666666667,-1.3620063952764068,-2.7707950622081268,-0.4213730730113278,3.151904007073178,6.566970713951237,8.82790074256239
mango_rmse_random,medium,2004-09-30,2006Q2,8,FFR,3.4061900662685325,4.906666666666667,-1.5004766003981347,-2.928371193745412,-0.4046662139126523,3.442979404722684,7.030079952318329,9.769296683571547
mango_rmse_random,medium,2004-09-30,2004Q3,1,GDP,929.4743360548829,957.8991553628297,-28.42481930794679,928.065984288183,928.614205759473,929.4665345738945,930.3195010295045,930.884169255887
mango_rmse_random,medium,2004-09-30,2004Q4,2,GDP,930.4491051395734,958.9159953464796,-28.466890206906214,928.1491430043612,929.0517191443946,930.4798885103619,931.7602525029629,932.7060045983966
mango_rmse_random,medium,2004-09-30,2005Q1,3,GDP,931.532771613859,960.0207528735932,-28.48798125973417,928.468214666733,929.7187557713003,931.5850207608485,933.353611383901,934.5926197640273
mango_rmse_random,medium,2004-09-30,2005Q2,4,GDP,932.4663607226444,960.5061772591148,-28.039816536470425,928.7953543155313,930.1646813921733,932.4665663584735,934.7033774121218,936.3030994214133
mango_rmse_random,medium,2004-09-30,2005Q3,5,GDP,933.4350201814508,961.2887292981801,-27.853709116729306,929.0762787920704,930.7438635939288,933.4473294476592,935.9790655139348,937.8900379412886
mango_rmse_random,medium,2004-09-30,2005Q4,6,GDP,934.2675983776574,961.8550509042607,-27.58745252660333,929.3768869872357,931.1951946967961,934.3504371254846,937.199899804837,939.157337075167
mango_rmse_random,medium,2004-09-30,2006Q1,7,GDP,935.0473152018704,963.1947034740143,-28.14738827214387,929.3922326130006,931.6454615516793,935.0770711864964,938.2923945949141,940.6091716881573
mango_rmse_random,medium,2004-09-30,2006Q2,8,GDP,935.7728261601613,963.4399861405379,-27.667159980376596,929.5718804595864,932.0415283263234,935.8173033385676,939.4219146917152,941.9021838458888
mango_rmse_random,medium,2004-09-30,2004Q3,1,HOURS,476.40643591739445,461.2721602140926,15.134275703301853,475.0342105988546,475.5685148873783,476.4177291049606,477.2072249253166,477.7376991969651
mango_rmse_random,medium,2004-09-30,2004Q4,2,HOURS,476.85346276957694,461.7997562292878,15.053706540289113,474.48988460668187,475.3932415804692,476.8652915664128,478.32142627011456,479.2003405773939
mango_rmse_random,medium,2004-09-30,2005Q1,3,HOURS,477.3272905997391,462.0029241394789,15.324366460260194,473.7874660135321,475.2637793406419,477.39763803382834,479.42058500159743,480.6918167531344
mango_rmse_random,medium,2004-09-30,2005Q2,4,HOURS,477.73888368463577,462.5854777180924,15.153405966543346,473.33115299889766,475.0266479618941,477.7631517866174,480.4006527447553,482.2483524100159
mango_rmse_random,medium,2004-09-30,2005Q3,5,HOURS,478.16723356743955,462.9023422010251,15.264891366414474,472.7495250697249,474.97431658011106,478.2014307161555,481.2808108815273,483.4960857983315
mango_rmse_random,medium,2004-09-30,2005Q4,6,HOURS,478.56369266284935,463.5020207956977,15.061671867151631,472.20559300140536,474.79575598397656,478.65696252983685,482.24366998126624,484.79157260495384
mango_rmse_random,medium,2004-09-30,2006Q1,7,HOURS,478.8802008591116,464.4804275228165,14.399773336295084,471.7925911832587,474.64812776687216,479.0323620372278,482.9554275841553,485.6215268913893
mango_rmse_random,medium,2004-09-30,2006Q2,8,HOURS,479.1481612204644,464.7913533526924,14.356807867771977,471.1368676637132,474.5751215819917,479.29566932240164,483.707202386667,486.56628778480183
mango_rmse_random,medium,2004-09-30,2004Q3,1,INV,752.4231595284483,783.7015541710955,-31.278394642647186,744.961997287237,747.8628609848002,752.3929284989871,756.9294745485081,759.7196695793023
mango_rmse_random,medium,2004-09-30,2004Q4,2,INV,754.6630340865793,785.7665296031867,-31.10349551660738,743.2364231949499,747.9215234265763,754.5688180404845,761.6947978948876,766.3787670095285
mango_rmse_random,medium,2004-09-30,2005Q1,3,INV,757.4610456742536,788.539056169692,-31.078010495438434,742.1459082455182,748.212316929922,757.5313672013076,766.5344407772012,772.5535930950222
mango_rmse_random,medium,2004-09-30,2005Q2,4,INV,758.6616707921971,787.1995059482441,-28.53783515604698,740.426660882124,747.7743250593378,758.526951143349,769.4801703109699,776.2389769937934
mango_rmse_random,medium,2004-09-30,2005Q3,5,INV,760.4853934236189,788.5125305763838,-28.027137152764908,739.9942046429321,748.424505975067,760.4666822040897,772.8007319503256,780.4853109019446
mango_rmse_random,medium,2004-09-30,2005Q4,6,INV,761.9300385465519,791.7115864821873,-29.78154793563533,739.2375878402274,748.40680761185,761.7666940524243,775.3763244293459,784.163949196239
mango_rmse_random,medium,2004-09-30,2006Q1,7,INV,762.651050054238,793.1853410450444,-30.534290990806426,738.1229300112859,748.2435266004862,762.6036262525787,777.5179587745173,786.6635397816707
mango_rmse_random,medium,2004-09-30,2006Q2,8,INV,763.3042219309712,792.5384529115302,-29.234230980559005,736.7935586159921,747.3747226241727,763.3183949628815,779.1532122940947,789.5603862759253
mango_rmse_random,medium,2004-09-30,2004Q3,1,WAGE,477.0083304123486,459.3380965413115,17.670233871037112,475.9474308100152,476.3483748048516,477.0284261278988,477.6339084052332,478.0559276321661
mango_rmse_random,medium,2004-09-30,2004Q4,2,WAGE,477.37929766772044,458.67923432042323,18.700063347297203,475.7125366055308,476.3955210119932,477.3953297584136,478.3774736822621,479.00445662238536
mango_rmse_random,medium,2004-09-30,2005Q1,3,WAGE,477.66665309022903,458.8644384030756,18.802214687153423,475.4590840968053,476.34738735028503,477.687726567186,478.97050080103634,479.81643260643176
mango_rmse_random,medium,2004-09-30,2005Q2,4,WAGE,477.99657731524644,458.7637380695785,19.232839245667947,475.3667096990151,476.4384813233063,478.0274883943054,479.48469579370953,480.59846207725906
mango_rmse_random,medium,2004-09-30,2005Q3,5,WAGE,478.2884607663571,458.51919432724264,19.76926643911446,475.27978123854245,476.46860968176946,478.3216691453847,480.1111656058747,481.34515053536506
mango_rmse_random,medium,2004-09-30,2005Q4,6,WAGE,478.5582249972459,458.1983439012755,20.359881095970366,474.98984844226675,476.42523002056583,478.552298833432,480.7380218965734,481.9695473114563
mango_rmse_random,medium,2004-09-30,2006Q1,7,WAGE,478.83470421230544,459.65430792875725,19.18039628354819,474.82861631938,476.47651213198077,478.86121627005133,481.2345568986604,482.74061450351473
mango_rmse_random,medium,2004-09-30,2006Q2,8,WAGE,479.0911335662926,458.81867809476785,20.27245547152478,474.5387669196772,476.4689342418704,479.1941597636729,481.6594270912717,483.4213409300973
mango_rmse_random,medium,2004-12-31,2004Q4,1,CONS,895.3428729499318,920.0449619348196,-24.702088984887837,894.3789167299783,894.7365742267816,895.3482713494597,895.9215853389998,896.2932030064633
mango_rmse_random,medium,2004-12-31,2005Q1,2,CONS,896.2226805658192,920.6783654348266,-24.455684869007314,894.710629109745,895.2728299404504,896.2398910933925,897.124761835022,897.7210326495436
mango_rmse_random,medium,2004-12-31,2005Q2,3,CONS,897.1742855457121,921.7804644849432,-24.606178939231086,895.0982803766246,895.8962275255235,897.1802461206098,898.422114099633,899.287795009448
mango_rmse_random,medium,2004-12-31,2005Q3,4,CONS,898.0448235684846,922.606735215334,-24.561911646849353,895.2589529539123,896.4189983285339,898.0731998143532,899.7489177025049,900.7825794585779
mango_rmse_random,medium,2004-12-31,2005Q4,5,CONS,898.8301818297479,922.7908936985102,-23.96071186876236,895.2810432533992,896.7915144053742,898.830420749071,900.8674954574157,902.2401518144314
mango_rmse_random,medium,2004-12-31,2006Q1,6,CONS,899.6443810677481,923.8754538789948,-24.23107281124669,895.6071390845973,897.2611472910974,899.6067247141232,902.0567217658431,903.73081550217
mango_rmse_random,medium,2004-12-31,2006Q2,7,CONS,900.3993399586575,924.3925620299899,-23.99322207133241,895.6570590823899,897.574260505336,900.4074607867694,903.2859956790148,905.2916491742156
mango_rmse_random,medium,2004-12-31,2006Q3,8,CONS,901.0928203345215,925.0326753469096,-23.93985501238808,895.7697582330449,897.8784190100491,901.0998539683974,904.3168018988129,906.5562897795982
mango_rmse_random,medium,2004-12-31,2004Q4,1,DEFL,469.3672511334205,445.166929500233,24.200321633187514,468.602170425286,468.8855168581526,469.3560294684969,469.8652214694139,470.1854890989133
mango_rmse_random,medium,2004-12-31,2005Q1,2,DEFL,470.10097667869303,445.960091366716,24.14088531197706,468.67273106569195,469.28527674150297,470.0902687982007,470.93382480251347,471.50119145089985
mango_rmse_random,medium,2004-12-31,2005Q2,3,DEFL,470.83055361615254,446.6850203488912,24.145533267261328,468.8120155264872,469.63106000792015,470.8298522431539,472.0234079299193,472.85517570921957
mango_rmse_random,medium,2004-12-31,2005Q3,4,DEFL,471.6294700394453,447.5903970265225,24.039073012922813,468.8333024622545,469.97689461004853,471.60942392805896,473.3144627308622,474.45251029687194
mango_rmse_random,medium,2004-12-31,2005Q4,5,DEFL,472.5210427268311,448.39625430524006,24.124788421591063,468.7902622274701,470.30724602057626,472.47242887110036,474.7209438335136,476.2309729706196
mango_rmse_random,medium,2004-12-31,2006Q1,6,DEFL,473.4447881433972,449.0981931357204,24.346595007676797,468.66172973997124,470.64522719636994,473.3564698403769,476.25530336129674,478.21630804560954
mango_rmse_random,medium,2004-12-31,2006Q2,7,DEFL,474.420759778352,449.9809670330265,24.43979274532552,468.6554991675036,470.98517479162945,474.36756705630796,477.84888881398876,480.20885466262797
mango_rmse_random,medium,2004-12-31,2006Q3,8,DEFL,475.45277314860675,450.6763216075208,24.776451541085976,468.54009945698766,471.36103868986714,475.37942247297184,479.5389591891428,482.24515487901266
mango_rmse_random,medium,2004-12-31,2004Q4,1,FFR,1.8685230994855493,1.95,-0.08147690051445067,0.22815407822275452,0.8956446089023664,1.8558431304628897,2.871479811527138,3.455548278332335
mango_rmse_random,medium,2004-12-31,2005Q1,2,FFR,1.9061877364678268,2.47,-0.5638122635321734,-0.6152993321847596,0.4015084698570844,1.9170148832540992,3.3910920771190503,4.463066373218374
mango_rmse_random,medium,2004-12-31,2005Q2,3,FFR,2.2222009254148904,2.9433333333333334,-0.7211324079184429,-0.9332349371703277,0.30390328584386905,2.221741962498518,4.190195165439417,5.4699399539358895
mango_rmse_random,medium,2004-12-31,2005Q3,4,FFR,2.6682491009307348,3.4599999999999995,-0.7917508990692648,-1.12473650643081,0.2547056985942828,2.6577184373001557,5.056473735390606,6.564675267223937
mango_rmse_random,medium,2004-12-31,2005Q4,5,FFR,3.003735414109959,3.98,-0.976264585890041,-1.5569202488850262,0.26432354204997105,3.038551415586186,5.759949771714273,7.4841576716361775
mango_rmse_random,medium,2004-12-31,2006Q1,6,FFR,3.3077271376705415,4.456666666666667,-1.1489395289961255,-1.6997249043393086,0.2164034115844292,3.2185620563923902,6.4962820117571916,8.471668851531833
mango_rmse_random,medium,2004-12-31,2006Q2,7,FFR,3.6113044726543966,4.906666666666667,-1.2953621940122706,-1.9663234524834556,0.139791506278256,3.504779282517452,7.089652895816957,9.428103126922226
mango_rmse_random,medium,2004-12-31,2006Q3,8,FFR,3.857205393435029,5.246666666666667,-1.389461273231638,-2.442301341333145,0.2062754952890294,3.8196686864971436,7.4816189446296235,10.038707445538858
mango_rmse_random,medium,2004-12-31,2004Q4,1,GDP,930.5761989678308,958.9159953464796,-28.33979637864877,929.1491391446851,929.7303335886353,930.567851907405,931.4450898839698,932.0403072427491
mango_rmse_random,medium,2004-12-31,2005Q1,2,GDP,931.5869727731136,960.0207528735932,-28.433780100479566,929.3660088783977,930.24190909504,931.5382533548852,932.9551502862379,933.8046812254966
mango_rmse_random,medium,2004-12-31,2005Q2,3,GDP,932.4798670237262,960.5061772591148,-28.026310235388564,929.3865965597001,930.6574030355478,932.4762116015605,934.3711308082736,935.5616480708095
mango_rmse_random,medium,2004-12-31,2005Q3,4,GDP,933.4786155707956,961.2887292981801,-27.810113727384532,929.8126115029867,931.2597599312253,933.4654853162144,935.6616736588056,937.1335825616552
mango_rmse_random,medium,2004-12-31,2005Q4,5,GDP,934.3154784007179,961.8550509042607,-27.539572503542786,929.9340972338462,931.6951324656128,934.3233580350595,936.92034642357,938.7447800373322
mango_rmse_random,medium,2004-12-31,2006Q1,6,GDP,935.1327191151171,963.1947034740143,-28.061984358897234,930.3903017667524,932.2896755138363,935.1017571873875,938.0497823577869,940.071136985928
mango_rmse_random,medium,2004-12-31,2006Q2,7,GDP,935.9222360891007,963.4399861405379,-27.517750051437247,930.5519914157564,932.6321482548641,935.9421239400215,939.1007035833828,941.4339942557946
mango_rmse_random,medium,2004-12-31,2006Q3,8,GDP,936.6398750481775,963.5903292567261,-26.95045420854865,930.9112115091148,933.0841688577051,936.6620824135915,940.093585085573,942.8625631342549
mango_rmse_random,medium,2004-12-31,2004Q4,1,HOURS,477.104039655798,461.7997562292878,15.304283426510153,475.74879769322297,476.26640231501545,477.11127007881373,477.90970820608476,478.41852567434955
mango_rmse_random,medium,2004-12-31,2005Q1,2,HOURS,477.58204809532356,462.0029241394789,15.579123955844636,475.1491965171033,476.133691973476,477.5602743167918,479.039471723881,480.01986506536525
mango_rmse_random,medium,2004-12-31,2005Q2,3,HOURS,477.99080366351535,462.5854777180924,15.40532594542293,474.61294718282517,475.9814939061755,477.95857389830473,480.0693996558395,481.43011614075425
mango_rmse_random,medium,2004-12-31,2005Q3,4,HOURS,478.4835419678804,462.9023422010251,15.58119976685532,474.16631905764103,475.8787930239579,478.45934222053387,481.12325573660235,482.9448584424092
mango_rmse_random,medium,2004-12-31,2005Q4,5,HOURS,478.9210853998469,463.5020207956977,15.419064604149185,473.559480735609,475.6527164108559,478.8992938979885,482.12141804964193,484.3886090674371
mango_rmse_random,medium,2004-12-31,2006Q1,6,HOURS,479.27628823531757,464.4804275228165,14.795860712501053,473.0847965639132,475.5149420265616,479.2739543130307,482.86520371899707,485.5747647764925
mango_rmse_random,medium,2004-12-31,2006Q2,7,HOURS,479.58766624033336,464.7913533526924,14.796312887640966,472.5853433089089,475.3581374100153,479.63601299474965,483.6846757010018,486.8902186660604
mango_rmse_random,medium,2004-12-31,2006Q3,8,HOURS,479.8258317116423,465.20728556743103,14.61854614421128,472.1253189567095,475.2230752338625,479.7904237166189,484.3229516050645,487.8806421635226
mango_rmse_random,medium,2004-12-31,2004Q4,1,INV,755.4501559750836,785.7665296031867,-30.316373628103065,747.4863401288089,750.7602386980257,755.4848603659525,760.2436865757484,763.0601954139789
mango_rmse_random,medium,2004-12-31,2005Q1,2,INV,757.670786455986,788.539056169692,-30.868269713706013,745.8898341012398,750.6307209057967,757.5895411529991,764.7120296276073,769.3305990784825
mango_rmse_random,medium,2004-12-31,2005Q2,3,INV,758.3967967292617,787.1995059482441,-28.802709218982386,743.8025152683151,749.6495416987641,758.5688858058666,767.2768709718171,773.0985682490173
mango_rmse_random,medium,2004-12-31,2005Q3,4,INV,760.4347594242518,788.5125305763838,-28.077771152132073,743.446741895139,750.1743422369152,760.3882397851688,770.7653418157274,777.4822676610971
mango_rmse_random,medium,2004-12-31,2005Q4,5,INV,761.8364096690811,791.7115864821873,-29.875176813106123,741.6434594999984,749.7970976293884,761.9486410019955,774.4668496211849,782.1768047455631
mango_rmse_random,medium,2004-12-31,2006Q1,6,INV,762.864856564678,793.1853410450444,-30.320484480366417,740.6158113617811,749.6081476216457,762.9737648787557,776.2991682597634,785.6271355540124
mango_rmse_random,medium,2004-12-31,2006Q2,7,INV,763.7017139579538,792.5384529115302,-28.8367389535764,738.9236429990119,748.7238331281377,763.4074848940658,778.9929484218651,789.5434928588553
mango_rmse_random,medium,2004-12-31,2006Q3,8,INV,764.5614799240094,792.1518941137941,-27.590414189784724,738.371411064318,748.1677031769557,764.6835923838164,781.509545354054,792.2265656139075
mango_rmse_random,medium,2004-12-31,2004Q4,1,WAGE,477.87912396001843,458.67923432042323,19.1998896395952,476.82506849661894,477.2464167092467,477.87918269832,478.51216634237556,478.92075075738035
mango_rmse_random,medium,2004-12-31,2005Q1,2,WAGE,478.18263070838,458.8644384030756,19.318192305304365,476.5972450327175,477.18695594690945,478.18270145586365,479.16927617245886,479.81017835758274
mango_rmse_random,medium,2004-12-31,2005Q2,3,WAGE,478.5955364425494,458.7637380695785,19.831798372970923,476.46078758784915,477.29639076613574,478.5852598132067,479.8960267082315,480.688046429967
mango_rmse_random,medium,2004-12-31,2005Q3,4,WAGE,478.92800494227583,458.51919432724264,20.40881061503319,476.4067600919668,477.3855589560997,478.9041877723455,480.47274932930566,481.5704899748837
mango_rmse_random,medium,2004-12-31,2005Q4,5,WAGE,479.22195966978387,458.1983439012755,21.023615768508364,476.32438805701344,477.39492371048124,479.2032192187947,481.06887716838236,482.32567356189736
mango_rmse_random,medium,2004-12-31,2006Q1,6,WAGE,479.5620307090639,459.65430792875725,19.907722780306642,476.1849527929205,477.51862264311023,479.5604094261274,481.6831128626443,483.0336597722271
mango_rmse_random,medium,2004-12-31,2006Q2,7,WAGE,479.8460692430239,458.81867809476785,21.027391148256072,475.87003968598583,477.57247675160767,479.83743946084707,482.19144652862775,483.8407618632579
mango_rmse_random,medium,2004-12-31,2006Q3,8,WAGE,480.13908223097764,458.137941661485,22.001140569492634,475.8648612518144,477.6217552253425,480.05077752707535,482.79069199913823,484.5099618088238
mango_rmse_random,medium,2005-03-31,2005Q1,1,CONS,896.2755770447297,920.6783654348266,-24.402788390096816,895.3662503336307,895.72461209434,896.286789201904,896.8295074589518,897.184875699701
mango_rmse_random,medium,2005-03-31,2005Q2,2,CONS,897.2807654489262,921.7804644849432,-24.499699036016978,895.8412889901344,896.4016690692483,897.2839674872569,898.1368312889942,898.7466010957121
mango_rmse_random,medium,2005-03-31,2005Q3,3,CONS,898.16928256243,922.606735215334,-24.43745265290397,896.1511587527,896.9607500108982,898.1835314375307,899.3804853576644,900.2746198029473
mango_rmse_random,medium,2005-03-31,2005Q4,4,CONS,899.0412919660561,922.7908936985102,-23.749601732454153,896.4599175276763,897.4689983388232,899.0091564132721,900.6504630561112,901.7608339402404
mango_rmse_random,medium,2005-03-31,2006Q1,5,CONS,899.9372146157506,923.8754538789948,-23.938239263244213,896.6592720202245,897.9967296603227,899.9065084552799,901.9160711614446,903.3807169352718
mango_rmse_random,medium,2005-03-31,2006Q2,6,CONS,900.7969074660479,924.3925620299899,-23.59565456394205,896.8826675539599,898.4494077989892,900.764095387317,903.1292759471023,904.7236233702863
mango_rmse_random,medium,2005-03-31,2006Q3,7,CONS,901.5770593827101,925.0326753469096,-23.455615964199524,897.036857418358,898.8001237661024,901.5253548812107,904.361550109747,906.2801534829455
mango_rmse_random,medium,2005-03-31,2006Q4,8,CONS,902.3451172956347,925.9820583722299,-23.63694107659512,897.093551135463,899.2277638977533,902.2756905336121,905.493974639789,907.6681001096491
mango_rmse_random,medium,2005-03-31,2005Q1,1,DEFL,469.9350581148979,445.960091366716,23.97496674818194,469.14507980781406,469.4621513665321,469.94837495116997,470.4123950431183,470.74106273974235
mango_rmse_random,medium,2005-03-31,2005Q2,2,DEFL,470.56068209984505,446.6850203488912,23.87566175095384,469.1679501203872,469.7390027644102,470.5420696451866,471.4243145186938,471.90542224526945
mango_rmse_random,medium,2005-03-31,2005Q3,3,DEFL,471.2699327310538,447.5903970265225,23.679535704531304,469.19415715966227,470.080549977296,471.30280425163903,472.4986614006437,473.3154595467113
mango_rmse_random,medium,2005-03-31,2005Q4,4,DEFL,472.02961420271674,448.39625430524006,23.63335989747668,469.1912757020933,470.363171791181,472.05904320562183,473.6820042080387,474.83332777178504
mango_rmse_random,medium,2005-03-31,2006Q1,5,DEFL,472.8561524465745,449.0981931357204,23.75795931085412,469.10898477289555,470.66601235728547,472.92316506814586,475.06982823053636,476.48314416694257
mango_rmse_random,medium,2005-03-31,2006Q2,6,DEFL,473.7076252267828,449.9809670330265,23.726658193756293,469.1060359431284,470.8903519869731,473.8311903423714,476.3943598004876,478.21039978795045
mango_rmse_random,medium,2005-03-31,2006Q3,7,DEFL,474.6476250779689,450.6763216075208,23.971303470448106,468.94498261679996,471.2333821836398,474.70143246434435,478.02734959772863,480.0737426507684
mango_rmse_random,medium,2005-03-31,2006Q4,8,DEFL,475.6104927919485,451.0496803385384,24.560812453410108,468.66978213202964,471.51594915166964,475.7617096953849,479.66875476693394,482.0508982526622
mango_rmse_random,medium,2005-03-31,2005Q1,1,FFR,1.9137914085404446,2.47,-0.5562085914595556,0.3031579277201865,0.8918515008164273,1.9088181511260074,2.933349950977019,3.564983720521316
mango_rmse_random,medium,2005-03-31,2005Q2,2,FFR,2.0200313874525357,2.9433333333333334,-0.9233019458807976,-0.6094688084977767,0.4552014505096745,2.046872450522318,3.5820954938018246,4.532721426108352
mango_rmse_random,medium,2005-03-31,2005Q3,3,FFR,2.413231695064754,3.4599999999999995,-1.0467683049352456,-0.8301820414501491,0.45076245530076525,2.4477565518443614,4.365089328073018,5.529782591735728
mango_rmse_random,medium,2005-03-31,2005Q4,4,FFR,2.6711231110213367,3.98,-1.3088768889786633,-1.2118605580440314,0.35773133092299186,2.721046696075555,4.955913957798175,6.467097171036401
mango_rmse_random,medium,2005-03-31,2006Q1,5,FFR,2.9614561712629124,4.456666666666667,-1.4952104954037546,-1.5982959378182393,0.19717008665921082,3.0584074486402004,5.658228688867777,7.392713970583235
mango_rmse_random,medium,2005-03-31,2006Q2,6,FFR,3.285043003812214,4.906666666666667,-1.6216236628544531,-2.0617693734088753,0.16626083240508233,3.36008268476648,6.340696783060495,8.138944899154518
mango_rmse_random,medium,2005-03-31,2006Q3,7,FFR,3.534825270352244,5.246666666666667,-1.7118413963144232,-2.115875613829444,0.048653374785104446,3.6768394849930264,6.904724770790641,8.818080339376845
mango_rmse_random,medium,2005-03-31,2006Q4,8,FFR,3.731071345615205,5.246666666666667,-1.515595321051462,-2.307074852967071,0.01319825177449311,3.8448619733670224,7.3248437369241906,9.529887110465971
mango_rmse_random,medium,2005-03-31,2005Q1,1,GDP,931.390730696184,960.0207528735932,-28.63002217740916,930.0280636308486,930.5489961237921,931.4036098725844,932.2370408709077,932.7309307044234
mango_rmse_random,medium,2005-03-31,2005Q2,2,GDP,932.2890515863438,960.5061772591148,-28.217125672770976,930.147307708069,930.9501209368285,932.2961959382621,933.6268449082181,934.3331705417646
mango_rmse_random,medium,2005-03-31,2005Q3,3,GDP,933.2610923125845,961.2887292981801,-28.027636985595564,930.3295099210229,931.5032754098827,933.2499118486005,935.0289052503571,936.167753885387
mango_rmse_random,medium,2005-03-31,2005Q4,4,GDP,934.1995111946754,961.8550509042607,-27.65553970958524,930.6991435165055,932.1146145943653,934.1754373245415,936.2386822621008,937.8309164913927
mango_rmse_random,medium,2005-03-31,2006Q1,5,GDP,935.0710472422824,963.1947034740143,-28.123656231731957,931.0437028173885,932.5832202242441,935.05921881465,937.5147522416613,939.2472771993167
mango_rmse_random,medium,2005-03-31,2006Q2,6,GDP,935.9372906405328,963.4399861405379,-27.50269550000519,931.3550711041909,933.0966567665581,935.8884846056844,938.7585091972973,940.7436910497997
mango_rmse_random,medium,2005-03-31,2006Q3,7,GDP,936.7341471602103,963.5903292567261,-26.856182096515795,931.529475121526,933.5939408309595,936.6850565652392,939.9132337004683,942.1390783013971
mango_rmse_random,medium,2005-03-31,2006Q4,8,GDP,937.4759761894402,964.4305015999738,-26.95452541053362,931.780424019015,934.0580165332216,937.36020501449,940.9580575357588,943.4793464168479
mango_rmse_random,medium,2005-03-31,2005Q1,1,HOURS,477.56358512603197,462.0029241394789,15.560660986553046,476.2496757006937,476.77163363530366,477.5703345677092,478.3441219971374,478.87029013443987
mango_rmse_random,medium,2005-03-31,2005Q2,2,HOURS,477.8814083229625,462.5854777180924,15.29593060487008,475.5084605000961,476.48211403458697,477.8613978433923,479.27714301943087,480.21321896185447
mango_rmse_random,medium,2005-03-31,2005Q3,3,HOURS,478.3193557427989,462.9023422010251,15.417013541773827,475.153888373982,476.35005953304363,478.31460488898335,480.35533587775694,481.55938323665197
mango_rmse_random,medium,2005-03-31,2005Q4,4,HOURS,478.74839297924154,463.5020207956977,15.246372183543826,474.717539629551,476.22310033523013,478.7498206364644,481.30313010491,482.8036325494504
mango_rmse_random,medium,2005-03-31,2006Q1,5,HOURS,479.1211553197518,464.4804275228165,14.640727796935266,474.27341910555793,476.1588020573515,479.06837748143187,482.19617133369053,484.0236400118451
mango_rmse_random,medium,2005-03-31,2006Q2,6,HOURS,479.5181003120396,464.7913533526924,14.726746959347224,473.89376086526346,476.0357118295565,479.4568302706177,483.0438873306383,485.2078203003252
mango_rmse_random,medium,2005-03-31,2006Q3,7,HOURS,479.83744881956784,465.20728556743103,14.63016325213681,473.49975780048027,475.8880356052745,479.8567966535294,483.84450231202584,486.2281245766299
mango_rmse_random,medium,2005-03-31,2006Q4,8,HOURS,480.06979115349986,465.62909654958054,14.440694603919326,473.09651570864867,475.7474129941142,480.04459402049713,484.4457633038672,487.1136571311338
mango_rmse_random,medium,2005-03-31,2005Q1,1,INV,757.6053324611415,788.539056169692,-30.933723708550474,750.084776947772,753.1612214472513,757.5601809494054,762.2624861152395,765.3282825300253
mango_rmse_random,medium,2005-03-31,2005Q2,2,INV,758.0805978474052,787.1995059482441,-29.118908100838894,747.1457833643136,751.1597114409739,758.0365127065959,765.0880385654577,769.200808238456
mango_rmse_random,medium,2005-03-31,2005Q3,3,INV,760.0719221264385,788.5125305763838,-28.44060844994533,745.7927441691465,751.3249405516965,760.0419075634352,768.9157953237594,774.3356652054827
mango_rmse_random,medium,2005-03-31,2005Q4,4,INV,762.067461378921,791.7115864821873,-29.64412510326622,744.6524523535269,751.7177791299672,761.9700391387594,772.4751305594001,779.2062156432396
mango_rmse_random,medium,2005-03-31,2006Q1,5,INV,763.0646621662414,793.1853410450444,-30.120678878803005,743.7134495433384,751.4576130704396,763.1227180768244,774.7713896241665,782.1691335650048
mango_rmse_random,medium,2005-03-31,2006Q2,6,INV,764.3739046685151,792.5384529115302,-28.16454824301502,742.836249020029,751.1934323390831,764.499047798969,776.9800937177143,785.8887507729195
mango_rmse_random,medium,2005-03-31,2006Q3,7,INV,765.3391345919017,792.1518941137941,-26.812759521892417,742.2601620202379,750.9171212190744,765.4347230374485,779.5159489637538,789.8321764647947
mango_rmse_random,medium,2005-03-31,2006Q4,8,INV,765.9953462916325,790.1927739141016,-24.19742762246915,740.1494437146611,750.1898251495082,765.7037953492913,781.5494098528128,792.8096570050693
mango_rmse_random,medium,2005-03-31,2005Q1,1,WAGE,478.1849070983438,458.8644384030756,19.320468695268175,477.1403439601366,477.5554468228638,478.1928802812606,478.80562166174315,479.2530870337987
mango_rmse_random,medium,2005-03-31,2005Q2,2,WAGE,478.5720540901353,458.7637380695785,19.808316020556788,477.0090842130779,477.612349286537,478.5817246306832,479.5180653677617,480.14196857378033
mango_rmse_random,medium,2005-03-31,2005Q3,3,WAGE,478.92292164761665,458.51919432724264,20.403727320374003,476.81006096091886,477.63226098159527,478.9315276967984,480.21245621925425,480.96966152654187
mango_rmse_random,medium,2005-03-31,2005Q4,4,WAGE,479.1981524457007,458.1983439012755,20.999808544425207,476.5721766223672,477.6666958339845,479.21546146537685,480.8003228937138,481.8075772514422
mango_rmse_random,medium,2005-03-31,2006Q1,5,WAGE,479.5209231138962,459.65430792875725,19.866615185138926,476.35691225479235,477.7085651547518,479.537707942653,481.31730717337496,482.5893104149476
mango_rmse_random,medium,2005-03-31,2006Q2,6,WAGE,479.84713491494085,458.81867809476785,21.028456820173005,476.2504007804985,477.77673315775695,479.88361338496634,481.9054263052673,483.32980012382757
mango_rmse_random,medium,2005-03-31,2006Q3,7,WAGE,480.1564954351821,458.137941661485,22.01855377369708,476.20516735075034,477.7831606408459,480.19209770034627,482.42242306790945,484.1014254550674
mango_rmse_random,medium,2005-03-31,2006Q4,8,WAGE,480.4859239511133,460.156369039398,20.32955491171532,476.00667763652314,477.9038660461251,480.5448654488539,483.065136777591,484.7666051425996
mango_rmse_random,medium,2005-06-30,2005Q2,1,CONS,897.1781363811378,921.7804644849432,-24.60232810380535,896.2493795314499,896.5823146123894,897.1579103713466,897.7747010749665,898.1311639676958
mango_rmse_random,medium,2005-06-30,2005Q3,2,CONS,897.9597556479551,922.606735215334,-24.64697956737882,896.4121698434727,897.047118962902,897.9507947945917,898.8859224987496,899.4681377722802
mango_rmse_random,medium,2005-06-30,2005Q4,3,CONS,898.7113026929941,922.7908936985102,-24.079591005516136,896.6639175718518,897.4247534177318,898.712913571562,899.9805448131777,900.8007924200377
mango_rmse_random,medium,2005-06-30,2006Q1,4,CONS,899.4530668609323,923.8754538789948,-24.422387018062523,896.6368093094629,897.7979530925442,899.4743824223506,901.0922807391458,902.1822507041508
mango_rmse_random,medium,2005-06-30,2006Q2,5,CONS,900.2518337870611,924.3925620299899,-24.140728242928844,896.688459716982,898.1938836028478,900.235333758482,902.2649092740919,903.6375121171194
mango_rmse_random,medium,2005-06-30,2006Q3,6,CONS,901.014355828115,925.0326753469096,-24.01831951879467,896.8697539041171,898.5211231500372,901.0405459499907,903.42431363353,905.0656640833619
mango_rmse_random,medium,2005-06-30,2006Q4,7,CONS,901.757466199573,925.9820583722299,-24.224592172656912,896.9576840523829,898.8725013579063,901.7714478724588,904.5551349817449,906.5930126087137
mango_rmse_random,medium,2005-06-30,2007Q1,8,CONS,902.5083361533297,926.5969288954141,-24.088592742084415,897.1180542902392,899.2129526862968,902.4651597745682,905.7106386711091,907.9818342272584
mango_rmse_random,medium,2005-06-30,2005Q2,1,DEFL,470.64713281453794,446.6850203488912,23.962112465646726,469.8561018509322,470.15122750142797,470.6382609331239,471.1543255001658,471.4383921619746
mango_rmse_random,medium,2005-06-30,2005Q3,2,DEFL,471.44133024008374,447.5903970265225,23.850933213561234,470.0191082217277,470.58276727994973,471.4605963724282,472.25260086290683,472.83439347899986
mango_rmse_random,medium,2005-06-30,2005Q4,3,DEFL,472.2934758814495,448.39625430524006,23.89722157620946,470.11888428172074,471.05896872789657,472.3269072040234,473.557492741228,474.3242599176289
mango_rmse_random,medium,2005-06-30,2006Q1,4,DEFL,473.19530509604874,449.0981931357204,24.097111960328334,470.2725439057821,471.5208789451974,473.22235324163904,474.89990412575133,475.92064692730577
mango_rmse_random,medium,2005-06-30,2006Q2,5,DEFL,474.14012313446983,449.9809670330265,24.15915610144333,470.41915411061024,471.91424167407763,474.19868677747934,476.3849397365901,477.68377080876775
mango_rmse_random,medium,2005-06-30,2006Q3,6,DEFL,475.1390087252027,450.6763216075208,24.462687117681924,470.396546606022,472.28193563422036,475.25157222908797,477.8715205940843,479.58709226010063
mango_rmse_random,medium,2005-06-30,2006Q4,7,DEFL,476.1818907844609,451.0496803385384,25.13221044592251,470.50143007414596,472.7889725791378,476.1877567278935,479.4553152927606,481.6846537806706
mango_rmse_random,medium,2005-06-30,2007Q1,8,DEFL,477.2472710987285,452.0037044010234,25.24356669770509,470.4875867877053,473.1922692733072,477.29873354422455,481.1649171225913,483.87892818157036
mango_rmse_random,medium,2005-06-30,2005Q2,1,FFR,2.5971148852350607,2.9433333333333334,-0.3462184480982726,0.9806845152858602,1.602454544347519,2.602241722633665,3.5667653673912803,4.220996792478372
mango_rmse_random,medium,2005-06-30,2005Q3,2,FFR,2.7713354189837855,3.4599999999999995,-0.688664581016214,0.14469221535871168,1.199426645255918,2.751073065054216,4.387869809438536,5.404788427466391
mango_rmse_random,medium,2005-06-30,2005Q4,3,FFR,3.018162388792744,3.98,-0.961837611207256,-0.2464328607594908,1.0753875251096785,3.0119548494214117,4.96837698070989,6.315463861103312
mango_rmse_random,medium,2005-06-30,2006Q1,4,FFR,3.3125866782559807,4.456666666666667,-1.1440799884106863,-0.5940020348426618,1.000247550752145,3.3341750358938604,5.569027966918648,7.2283533683996835
mango_rmse_random,medium,2005-06-30,2006Q2,5,FFR,3.656001043575338,4.906666666666667,-1.2506656230913293,-0.655041519859908,1.0088930174547384,3.5950349649687587,6.3307497644164386,8.101648191630634
mango_rmse_random,medium,2005-06-30,2006Q3,6,FFR,3.967831414342855,5.246666666666667,-1.278835252323812,-0.8290549533801639,0.9228681348221855,3.9159434166521563,6.992759999920928,8.86444316833871
mango_rmse_random,medium,2005-06-30,2006Q4,7,FFR,4.164905715448843,5.246666666666667,-1.0817609512178237,-1.0987332019638087,0.8306062961800884,4.167731787034771,7.411378509108831,9.820039477358772
mango_rmse_random,medium,2005-06-30,2007Q1,8,FFR,4.369327636639194,5.256666666666667,-0.8873390300274728,-1.3306402182082926,0.8797401455883419,4.3352997222191005,7.895083055968072,10.2373550690179
mango_rmse_random,medium,2005-06-30,2005Q2,1,GDP,932.1024299139,960.5061772591148,-28.40374734521481,930.7309708166644,931.2442774909404,932.1041183330942,932.959771725938,933.5005086141816
mango_rmse_random,medium,2005-06-30,2005Q3,2,GDP,932.8340143613573,961.2887292981801,-28.454714936822825,930.6630593528516,931.4872060131926,932.8378086605129,934.2225200610134,935.0015831621064
mango_rmse_random,medium,2005-06-30,2005Q4,3,GDP,933.5724806282193,961.8550509042607,-28.282570276041383,930.6057122852196,931.794009528504,933.5489038052157,935.3248117542298,936.5567447803837
mango_rmse_random,medium,2005-06-30,2006Q1,4,GDP,934.381423202264,963.1947034740143,-28.813280271750273,930.7429209754816,932.2826087274495,934.3989494343008,936.464585778558,937.9323396792317
mango_rmse_random,medium,2005-06-30,2006Q2,5,GDP,935.2269772575539,963.4399861405379,-28.213008882984013,930.922631119968,932.701303522019,935.2504516766905,937.7779590655466,939.3115477395926
mango_rmse_random,medium,2005-06-30,2006Q3,6,GDP,936.0343640291244,963.5903292567261,-27.555965227601746,931.2490958319245,933.1074555745402,935.9945305410299,938.9568860748511,940.7174668939431
mango_rmse_random,medium,2005-06-30,2006Q4,7,GDP,936.7582671570689,964.4305015999738,-27.672234442904937,931.2487318138989,933.5780690571904,936.7439108922324,939.99360528562,942.0387123583306
mango_rmse_random,medium,2005-06-30,2007Q1,8,GDP,937.5114428411115,964.7236703008948,-27.21222745978332,931.4978479959608,933.9864481579002,937.4638420084249,941.0581061080995,943.4342924647568
mango_rmse_random,medium,2005-06-30,2005Q2,1,HOURS,477.70837707043586,462.5854777180924,15.122899352343438,476.34322846373936,476.89992698444064,477.714310283993,478.4940553475841,479.07585729546054
mango_rmse_random,medium,2005-06-30,2005Q3,2,HOURS,477.9765839449132,462.9023422010251,15.074241743888138,475.693989141439,476.5983446270444,477.95715284005405,479.3936190637916,480.36983687492847
mango_rmse_random,medium,2005-06-30,2005Q4,3,HOURS,478.24089678340283,463.5020207956977,14.738875987705114,474.9492553154548,476.2945058300673,478.17965623792924,480.22112756728313,481.57089124952506
mango_rmse_random,medium,2005-06-30,2006Q1,4,HOURS,478.5262636152274,464.4804275228165,14.045836092410866,474.3368160002951,476.06206256659027,478.5034370632889,481.0639803733128,482.8032908332667
mango_rmse_random,medium,2005-06-30,2006Q2,5,HOURS,478.8076354312311,464.7913533526924,14.016282078538723,473.5376480042215,475.82521215115065,478.8468022260782,481.86213758794264,483.92080345985573
mango_rmse_random,medium,2005-06-30,2006Q3,6,HOURS,479.0982025757614,465.20728556743103,13.890917008330348,473.19706719375813,475.51984458681505,479.09183450255625,482.60422174494823,485.13063419104947
mango_rmse_random,medium,2005-06-30,2006Q4,7,HOURS,479.33200038182207,465.62909654958054,13.702903832241532,472.75681754765,475.3531893650044,479.3372344274976,483.31952575031914,486.060641187939
mango_rmse_random,medium,2005-06-30,2007Q1,8,HOURS,479.6123067075838,465.77246847229804,13.839838235285754,472.44462811107974,475.3678535755849,479.5555927184518,483.9851210468562,487.024882718843
mango_rmse_random,medium,2005-06-30,2005Q2,1,INV,758.3668569392352,787.1995059482441,-28.832649009008946,750.9085911777313,753.7412497875248,758.2440404266642,763.1593262360003,766.1162703254612
mango_rmse_random,medium,2005-06-30,2005Q3,2,INV,758.7311965813868,788.5125305763838,-29.781333994997,747.5926124315129,751.9149883942652,758.6601146571101,765.7135036823037,770.0343887008501
mango_rmse_random,medium,2005-06-30,2005Q4,3,INV,759.299590194475,791.7115864821873,-32.41199628771233,744.351636033248,750.3718724275498,759.0088599134413,768.3033540972659,773.6794449601938
mango_rmse_random,medium,2005-06-30,2006Q1,4,INV,760.41406336707,793.1853410450444,-32.77127767797447,743.2853521520499,749.8189609234261,760.5499598461583,770.6155310171927,777.3957570874928
mango_rmse_random,medium,2005-06-30,2006Q2,5,INV,761.5646049556419,792.5384529115302,-30.973847955888232,742.1400116467528,749.5971602905139,761.9597390790036,772.9911855515695,780.3427321390549
mango_rmse_random,medium,2005-06-30,2006Q3,6,INV,762.8940848166108,792.1518941137941,-29.25780929718337,741.3802671886675,749.6790987910432,763.207395251461,776.2441529327959,784.0831834072638
mango_rmse_random,medium,2005-06-30,2006Q4,7,INV,763.7319668956064,790.1927739141016,-26.46080701849519,739.5505907106649,748.8425173808404,763.9442036206262,777.9534258248439,787.6005997645211
mango_rmse_random,medium,2005-06-30,2007Q1,8,INV,764.5324368554811,789.5023631425074,-24.969926287026283,738.0323385449302,748.3409901535654,765.1062253654748,780.1417379549824,790.828041802602
mango_rmse_random,medium,2005-06-30,2005Q2,1,WAGE,480.84127494988917,458.7637380695785,22.077536880310674,479.8026146260892,480.20935910357946,480.84468275295865,481.4999312102734,481.90915365190995
mango_rmse_random,medium,2005-06-30,2005Q3,2,WAGE,481.2050257004727,458.51919432724264,22.68583137323003,479.58535358566587,480.2197702121633,481.18617237661226,482.2029161779416,482.85453504124024
mango_rmse_random,medium,2005-06-30,2005Q4,3,WAGE,481.56084635353335,458.1983439012755,23.362502452257843,479.3966500307453,480.28464058133585,481.5386164780679,482.8752050882782,483.76967465012075
mango_rmse_random,medium,2005-06-30,2006Q1,4,WAGE,481.8931691996355,459.65430792875725,22.23886127087826,479.3400565990807,480.31157506093746,481.8973261949575,483.48154282011717,484.4988654382323
mango_rmse_random,medium,2005-06-30,2006Q2,5,WAGE,482.2582406771305,458.81867809476785,23.43956258236267,479.1940270733457,480.35610358528197,482.286032737612,484.0645455786364,485.3694749470621
mango_rmse_random,medium,2005-06-30,2006Q3,6,WAGE,482.62302612451276,458.137941661485,24.48508446302776,479.1087842723468,480.4778923579086,482.64507359792015,484.69980075189847,486.2510915838077
mango_rmse_random,medium,2005-06-30,2006Q4,7,WAGE,482.98845218218156,460.156369039398,22.832083142783574,479.0214164015259,480.62566535161426,482.9828117534031,485.35448621012534,487.1278766875264
mango_rmse_random,medium,2005-06-30,2007Q1,8,WAGE,483.3353855234783,461.45956266352465,21.875822859953644,478.89099786156595,480.64924685196644,483.28538256355955,486.03434951660165,487.83259993892653
mango_rmse_random,medium,2005-09-30,2005Q3,1,CONS,897.2397799028411,922.606735215334,-25.366955312492905,896.2649379829617,896.6484801904111,897.2548813305594,897.8432498431437,898.2278520413923
mango_rmse_random,medium,2005-09-30,2005Q4,2,CONS,897.8782750035369,922.7908936985102,-24.912618694973276,896.3255542543736,896.9280894443506,897.8783790828023,898.8220566731918,899.4081994301815
mango_rmse_random,medium,2005-09-30,2006Q1,3,CONS,898.5439950257067,923.8754538789948,-25.33145885328804,896.4109366562229,897.2957905945304,898.5441806031102,899.8053285415709,900.7063872675429
mango_rmse_random,medium,2005-09-30,2006Q2,4,CONS,899.2443595507121,924.3925620299899,-25.148202479277757,896.562376181862,897.5536786964066,899.2468515597272,900.8567549290519,902.0364408136714
mango_rmse_random,medium,2005-09-30,2006Q3,5,CONS,899.8954582471204,925.0326753469096,-25.137217099789268,896.5162513362015,897.8307977294396,899.9803272456625,901.9035699921728,903.1650876419005
mango_rmse_random,medium,2005-09-30,2006Q4,6,CONS,900.5321331645144,925.9820583722299,-25.44992520771541,896.5105158246679,898.1041116148704,900.5980743950668,902.8758812335274,904.3840112837667
mango_rmse_random,medium,2005-09-30,2007Q1,7,CONS,901.1755798634861,926.5969288954141,-25.421349031928003,896.4985683077398,898.4256400993917,901.2777750814855,903.8029027401813,905.6223776418235
mango_rmse_random,medium,2005-09-30,2007Q2,8,CONS,901.848935974572,926.8589940290503,-25.01005805447835,896.5204121893468,898.6490131991085,901.9287710060199,904.8914415333811,907.0496003366687
mango_rmse_random,medium,2005-09-30,2005Q3,1,DEFL,472.3516552324294,447.5903970265225,24.76125820590687,471.5418972735744,471.8698378347472,472.35813174609643,472.8261335604925,473.13260477842556
mango_rmse_random,medium,2005-09-30,2005Q4,2,DEFL,473.24233863463587,448.39625430524006,24.846084329395808,471.82858091697034,472.4391156881233,473.2611006939723,474.0292967820255,474.56045020862024
mango_rmse_random,medium,2005-09-30,2006Q1,3,DEFL,474.1837440080152,449.0981931357204,25.08555087229479,472.11925226984886,473.001123625329,474.217069471734,475.3383934133597,476.1455263006552
mango_rmse_random,medium,2005-09-30,2006Q2,4,DEFL,475.17776917930007,449.9809670330265,25.19680214627357,472.4324446441598,473.52894814238294,475.20488251748293,476.75338796199526,477.8351655771388
mango_rmse_random,medium,2005-09-30,2006Q3,5,DEFL,476.2272182818638,450.6763216075208,25.55089667434305,472.6119379298086,474.1097553726192,476.2637973990222,478.36545090320976,479.69770278679437
mango_rmse_random,medium,2005-09-30,2006Q4,6,DEFL,477.3110970190129,451.0496803385384,26.261416680474497,472.73159001775656,474.67436460319436,477.3497119039501,480.0080083443571,481.839625523891
mango_rmse_random,medium,2005-09-30,2007Q1,7,DEFL,478.4306943847462,452.0037044010234,26.426989983722763,472.94408961123713,475.13357794176653,478.4469910950777,481.7052378220982,484.00719165216566
mango_rmse_random,medium,2005-09-30,2007Q2,8,DEFL,479.5640096989857,452.67004072796027,26.89396897102546,472.98628168986824,475.70634682460667,479.57041901530437,483.429952416245,486.04473875867365
mango_rmse_random,medium,2005-09-30,2005Q3,1,FFR,3.266107231355892,3.4599999999999995,-0.19389276864410743,1.5959815976787344,2.2562274762211625,3.272345656858894,4.243323440204092,4.857951931690163
mango_rmse_random,medium,2005-09-30,2005Q4,2,FFR,3.5483105526901992,3.98,-0.43168944730980074,1.0283457656510817,2.033121257624669,3.565381704434488,5.05946177440579,6.069227157317637
mango_rmse_random,medium,2005-09-30,2006Q1,3,FFR,3.91719085991166,4.456666666666667,-0.5394758067550072,0.6235845273119582,1.942184999946442,3.9690845392558938,5.889548296046677,7.14984267181406
mango_rmse_random,medium,2005-09-30,2006Q2,4,FFR,4.273640085497242,4.906666666666667,-0.6330265811694256,0.2803943135891334,1.8856121839591946,4.355209041157066,6.599705474832891,8.20880171941152
mango_rmse_random,medium,2005-09-30,2006Q3,5,FFR,4.517987902828985,5.246666666666667,-0.7286787638376824,-0.1646818155681023,1.7967052495792655,4.579461566624248,7.326995512635315,9.151359544249367
mango_rmse_random,medium,2005-09-30,2006Q4,6,FFR,4.707274822750753,5.246666666666667,-0.5393918439159142,-0.4079779269830362,1.8204604694693998,4.7035882323153455,7.681824699459037,9.648379937550319
mango_rmse_random,medium,2005-09-30,2007Q1,7,FFR,4.86795157339837,5.256666666666667,-0.38871509326829656,-0.6129779507518079,1.7305734686969876,4.821590498201922,8.099234388406106,10.109183117875883
mango_rmse_random,medium,2005-09-30,2007Q2,8,FFR,5.028725044493405,5.25,-0.22127495550659493,-0.877972976146126,1.5013902888255743,5.02705994309078,8.51860978932463,10.85624517536843
mango_rmse_random,medium,2005-09-30,2005Q3,1,GDP,932.132248376147,961.2887292981801,-29.156480922033097,930.72887889016,931.2690619050625,932.1231634029199,932.9929575751893,933.5120274509223
mango_rmse_random,medium,2005-09-30,2005Q4,2,GDP,932.89292786115,961.8550509042607,-28.962123043110637,930.6194641354549,931.5427879470176,932.8868790311083,934.2504796303473,935.1421415005282
mango_rmse_random,medium,2005-09-30,2006Q1,3,GDP,933.6403547005942,963.1947034740143,-29.554348773420088,930.5981210108291,931.8856321750521,933.6756636004167,935.4488311787911,936.5651434623011
mango_rmse_random,medium,2005-09-30,2006Q2,4,GDP,934.3899236821868,963.4399861405379,-29.050062458351135,930.6898077977997,932.2267931823557,934.4123411308904,936.606724127898,937.879965163333
mango_rmse_random,medium,2005-09-30,2006Q3,5,GDP,935.070175209801,963.5903292567261,-28.520154046925086,930.7490284307142,932.528603757313,935.105187680566,937.5299136500098,939.1079897558884
mango_rmse_random,medium,2005-09-30,2006Q4,6,GDP,935.7012327878982,964.4305015999738,-28.72926881207559,930.8728509588286,932.839620180463,935.7793653418037,938.4402495501878,940.1860706625127
mango_rmse_random,medium,2005-09-30,2007Q1,7,GDP,936.3289532537973,964.7236703008948,-28.394717047097515,931.0132626261745,933.2271854096504,936.4466831438622,939.4160093191203,941.2924179188094
mango_rmse_random,medium,2005-09-30,2007Q2,8,GDP,936.98387804723,965.3600754705748,-28.37619742334482,931.249020738079,933.5598077614184,936.9966405966045,940.3517178427526,942.4933649677188
mango_rmse_random,medium,2005-09-30,2005Q3,1,HOURS,478.47635000743156,462.9023422010251,15.574007806406485,477.1609170506241,477.67327659496397,478.4689686254029,479.30828449479736,479.77778574089604
mango_rmse_random,medium,2005-09-30,2005Q4,2,HOURS,478.82795197314846,463.5020207956977,15.325931177450741,476.37272154550556,477.39718018838164,478.8449739961485,480.274945163822,481.1326778369616
mango_rmse_random,medium,2005-09-30,2006Q1,3,HOURS,479.1129595055398,464.4804275228165,14.632531982723265,475.6287501087581,477.0839295101781,479.13334697813656,481.15032528359785,482.30354931843766
mango_rmse_random,medium,2005-09-30,2006Q2,4,HOURS,479.3934236364263,464.7913533526924,14.602070283733894,475.02258667928754,476.8628838745459,479.4150448559763,481.92387914845733,483.5753831065661
mango_rmse_random,medium,2005-09-30,2006Q3,5,HOURS,479.6168815511138,465.20728556743103,14.409595983682777,474.34511877601307,476.7117773758438,479.72198681776194,482.46174317124417,484.5136229006615
mango_rmse_random,medium,2005-09-30,2006Q4,6,HOURS,479.7897386887172,465.62909654958054,14.160642139136655,473.76375945107327,476.3922072550881,479.8454898160682,483.1117800477287,485.4321753914479
mango_rmse_random,medium,2005-09-30,2007Q1,7,HOURS,479.98045395431035,465.77246847229804,14.207985482012305,473.5507632220176,476.0936066284641,479.9969215749131,483.67660003228866,486.33796780185844
mango_rmse_random,medium,2005-09-30,2007Q2,8,HOURS,480.16805060448013,466.2731296512623,13.89492095321782,473.1171268672505,476.02601635038485,480.12589683411784,484.2670984164893,487.01177017119034
mango_rmse_random,medium,2005-09-30,2005Q3,1,INV,754.9728387057227,788.5125305763838,-33.53969187066116,747.5450689210805,750.5535779700414,755.0217924972671,759.3583088047897,762.2902775648777
mango_rmse_random,medium,2005-09-30,2005Q4,2,INV,756.0426075201249,791.7115864821873,-35.6689789620624,744.7105248465793,749.1387346032656,755.9930860135091,762.9043109027194,767.7519568971795
mango_rmse_random,medium,2005-09-30,2006Q1,3,INV,756.9543199610583,793.1853410450444,-36.23102108398609,742.2951118174649,748.4467013864436,757.063275224795,765.7213307895041,771.0447271505342
mango_rmse_random,medium,2005-09-30,2006Q2,4,INV,757.6627884942877,792.5384529115302,-34.87566441724243,740.0411621798808,747.485409903865,757.8518176122811,767.9496741138338,774.4071523882986
mango_rmse_random,medium,2005-09-30,2006Q3,5,INV,758.3363365416831,792.1518941137941,-33.81555757211106,738.4497729600578,746.9878021958244,758.285591170511,769.698988703908,777.3602169080768
mango_rmse_random,medium,2005-09-30,2006Q4,6,INV,758.532067043834,790.1927739141016,-31.66070687026763,736.418637581611,745.7657441334034,758.5120025627614,771.3454743624003,780.2937057704937
mango_rmse_random,medium,2005-09-30,2007Q1,7,INV,758.9190227258191,789.5023631425074,-30.583340416688316,735.2952468890574,745.3151730949795,758.7739069103732,772.366041037818,782.3100603669513
mango_rmse_random,medium,2005-09-30,2007Q2,8,INV,759.4045569614057,790.5992750863104,-31.19471812490474,733.3927160604002,744.4766332640962,759.384225338184,774.2245067691242,784.1546308419385
mango_rmse_random,medium,2005-09-30,2005Q3,1,WAGE,480.36225839978505,458.51919432724264,21.843064072542404,479.24330554801105,479.6983989778118,480.3543601721616,481.0351502752368,481.4720352761684
mango_rmse_random,medium,2005-09-30,2005Q4,2,WAGE,480.608752439773,458.1983439012755,22.410408538497506,478.9305594014627,479.5087417200619,480.61249450395076,481.64749908902184,482.33801392707704
mango_rmse_random,medium,2005-09-30,2006Q1,3,WAGE,480.87705465934806,459.65430792875725,21.222746730590814,478.76110563800864,479.5670344991246,480.88898362195664,482.1621394103512,483.001717943202
mango_rmse_random,medium,2005-09-30,2006Q2,4,WAGE,481.13219408041016,458.81867809476785,22.31351598564231,478.52394496577875,479.6211067847852,481.11765320392453,482.71279578725574,483.70034581115067
mango_rmse_random,medium,2005-09-30,2006Q3,5,WAGE,481.4196797142559,458.137941661485,23.28173805277089,478.4827025742995,479.7290414542017,481.38637501373944,483.1613846411278,484.3761812569719
mango_rmse_random,medium,2005-09-30,2006Q4,6,WAGE,481.69694385060535,460.156369039398,21.540574811207364,478.4281274586465,479.7876674934302,481.6922376801176,483.7126632905096,485.03130983985983
mango_rmse_random,medium,2005-09-30,2007Q1,7,WAGE,481.98489709318835,461.45956266352465,20.5253344296637,478.3664881287494,479.73944017817064,482.0049232047759,484.17157443393944,485.6806658043273
mango_rmse_random,medium,2005-09-30,2007Q2,8,WAGE,482.2328390363953,460.2255943706066,22.007244665788733,478.2656634484219,479.77598990114166,482.25053647228697,484.60787005369167,486.4431278644006
mango_rmse_random,medium,2005-12-31,2005Q4,1,CONS,898.1725845369538,922.7908936985102,-24.618309161556454,897.2215497715719,897.6041780230945,898.1689849608099,898.7420292728508,899.1322490724593
mango_rmse_random,medium,2005-12-31,2006Q1,2,CONS,898.8214520933178,923.8754538789948,-25.054001785676974,897.2904118898671,897.9428083572799,898.8181458574946,899.7320194508327,900.3233784004486
mango_rmse_random,medium,2005-12-31,2006Q2,3,CONS,899.6546541749598,924.3925620299899,-24.73790785503013,897.4502529127616,898.41217991047,899.7008918420863,900.8806239102516,901.7175061351705
mango_rmse_random,medium,2005-12-31,2006Q3,4,CONS,900.4218281434855,925.0326753469096,-24.6108472034241,897.5282575211417,898.8240119739704,900.4860983218967,901.989462332039,903.0769976978028
mango_rmse_random,medium,2005-12-31,2006Q4,5,CONS,901.2088461759828,925.9820583722299,-24.773212196247073,897.8156980779975,899.2521457716945,901.2470483592198,903.1403125267976,904.4775582751511
mango_rmse_random,medium,2005-12-31,2007Q1,6,CONS,901.9859524899433,926.5969288954141,-24.61097640547075,898.0525963673552,899.6375126970943,902.0352447802127,904.3533238264678,905.9126347743754
mango_rmse_random,medium,2005-12-31,2007Q2,7,CONS,902.7542275051946,926.8589940290503,-24.104766523855687,898.0093137683278,900.0996768380779,902.7364444382756,905.4804796211803,907.2885216495303
mango_rmse_random,medium,2005-12-31,2007Q3,8,CONS,903.5317486693313,927.5238765851791,-23.992127915847846,898.2514988683073,900.3210058862329,903.5959264656486,906.7499029074801,908.696727843077
mango_rmse_random,medium,2005-12-31,2005Q4,1,DEFL,473.1223257463984,448.39625430524006,24.726071441158354,472.3139711382131,472.6379156089947,473.10596828537825,473.60836021235656,473.97224594858653
mango_rmse_random,medium,2005-12-31,2006Q1,2,DEFL,473.971675514111,449.0981931357204,24.873482378390577,472.5644906279868,473.0925488080246,473.96555119843174,474.8430480972933,475.41085429699655
mango_rmse_random,medium,2005-12-31,2006Q2,3,DEFL,474.8664930149522,449.9809670330265,24.885525981925696,472.8090867892832,473.63740688593583,474.8850017084711,476.07859048475734,476.9225371651669
mango_rmse_random,medium,2005-12-31,2006Q3,4,DEFL,475.82745526994177,450.6763216075208,25.15113366242099,473.0146698181856,474.14424301691963,475.8295589618906,477.52948810876825,478.71584356554666
mango_rmse_random,medium,2005-12-31,2006Q4,5,DEFL,476.81087378166,451.0496803385384,25.761193443121613,473.0861465026164,474.6177090864498,476.7955169151249,479.01533690677604,480.5235920387162
mango_rmse_random,medium,2005-12-31,2007Q1,6,DEFL,477.84445755462593,452.0037044010234,25.84075315360252,473.0810500787124,475.086767346118,477.8727535586193,480.6420126133314,482.3828845708595
mango_rmse_random,medium,2005-12-31,2007Q2,7,DEFL,478.88338092495223,452.67004072796027,26.213340196991965,473.1676039399691,475.53546268290984,478.9468127361754,482.27479726419773,484.4129838202156
mango_rmse_random,medium,2005-12-31,2007Q3,8,DEFL,479.939959118208,453.18788034112526,26.752078777082716,473.2097380468506,475.9256649634061,479.9790198398067,483.8989349606118,486.61440899995887
mango_rmse_random,medium,2005-12-31,2005Q4,1,FFR,3.647173336322911,3.98,-0.33282666367708913,2.0031521351933894,2.6471127851865632,3.64755250520541,4.631943732343111,5.292705616447577
mango_rmse_random,medium,2005-12-31,2006Q1,2,FFR,3.7728111340896158,4.456666666666667,-0.6838555325770512,1.213507477329811,2.252276389605236,3.755708962499013,5.295785173187836,6.3097940590113195
mango_rmse_random,medium,2005-12-31,2006Q2,3,FFR,4.008125220489427,4.906666666666667,-0.8985414461772399,0.7848307315820656,1.9824539579095268,4.012420326032821,5.948512305069705,7.223686158844614
mango_rmse_random,medium,2005-12-31,2006Q3,4,FFR,4.267693605600667,5.246666666666667,-0.9789730610660001,0.38820092035533865,1.8496565553994986,4.268492907126708,6.692179278803187,8.273690006728113
mango_rmse_random,medium,2005-12-31,2006Q4,5,FFR,4.408795273497932,5.246666666666667,-0.8378713931687347,-0.18095971780595127,1.58034895672112,4.40212424045459,7.114736903349932,8.958662848694603
mango_rmse_random,medium,2005-12-31,2007Q1,6,FFR,4.529417651496734,5.256666666666667,-0.7272490151699325,-0.6856990603829953,1.4652322281814543,4.549415854498274,7.489248268347478,9.583953042732311
mango_rmse_random,medium,2005-12-31,2007Q2,7,FFR,4.6862900971054,5.25,-0.5637099028946002,-0.7272890996988172,1.4905621055647598,4.677304990751801,7.917719780477195,10.057850366095023
mango_rmse_random,medium,2005-12-31,2007Q3,8,FFR,4.861347048969505,5.073333333333333,-0.21198628436382805,-0.9807534633905646,1.4372751702986206,4.82766310793442,8.394591593328336,10.817338953330653
mango_rmse_random,medium,2005-12-31,2005Q4,1,GDP,933.2163588061384,961.8550509042607,-28.638692098122306,931.8705488451732,932.3859818492676,933.2104258081706,934.0325699504767,934.6150983901294
mango_rmse_random,medium,2005-12-31,2006Q1,2,GDP,934.0494143877049,963.1947034740143,-29.14528908630939,931.9431342377625,932.7243567339257,934.0297810076036,935.3567758596704,936.2753103300489
mango_rmse_random,medium,2005-12-31,2006Q2,3,GDP,934.8937410172741,963.4399861405379,-28.546245123263816,931.8703469822937,933.0891996588291,934.923595032884,936.6120061795236,937.8325556556655
mango_rmse_random,medium,2005-12-31,2006Q3,4,GDP,935.64232823247,963.5903292567261,-27.948001024256087,932.1040497502134,933.4830471929055,935.7249181661332,937.7385116658553,939.2435865807491
mango_rmse_random,medium,2005-12-31,2006Q4,5,GDP,936.3300569654073,964.4305015999738,-28.100444634566543,932.2193906271083,933.8507398335211,936.3276192663227,938.7841944805938,940.4816841529822
mango_rmse_random,medium,2005-12-31,2007Q1,6,GDP,937.0505088667793,964.7236703008948,-27.673161434115514,932.4432804314971,934.3033593158985,937.0671859373583,939.8288161091513,941.5963273344605
mango_rmse_random,medium,2005-12-31,2007Q2,7,GDP,937.7703746413803,965.3600754705748,-27.5897008291945,932.5811193185773,934.6605691528532,937.7636298569537,940.8074433057047,942.9523430836236
mango_rmse_random,medium,2005-12-31,2007Q3,8,GDP,938.4885427876643,965.9605755120938,-27.472032724429482,932.8482011303776,935.0316428842557,938.6468592085128,941.8217588619308,944.2244764953833
mango_rmse_random,medium,2005-12-31,2005Q4,1,HOURS,478.3731287860518,463.5020207956977,14.871107990354062,477.0164146558687,477.5581407899669,478.37224233410427,479.15973387675336,479.6735242539432
mango_rmse_random,medium,2005-12-31,2006Q1,2,HOURS,478.6739193346362,464.4804275228165,14.193491811819683,476.3333815389411,477.3284987273835,478.65049713499485,480.0989218758765,481.0638851203214
mango_rmse_random,medium,2005-12-31,2006Q2,3,HOURS,478.99252025369714,464.7913533526924,14.20116690100474,475.57715661295816,476.95061267791795,478.9899881396396,481.06557478959695,482.3234388591317
mango_rmse_random,medium,2005-12-31,2006Q3,4,HOURS,479.2353088355591,465.20728556743103,14.028023268128095,474.85370185534674,476.6382058301391,479.2489930481753,481.8604836833986,483.37495835153265
mango_rmse_random,medium,2005-12-31,2006Q4,5,HOURS,479.43480305404523,465.62909654958054,13.805706504464695,474.1331312611095,476.379998068765,479.4732557044705,482.5153350537501,484.3237329782213
mango_rmse_random,medium,2005-12-31,2007Q1,6,HOURS,479.6376195909515,465.77246847229804,13.865151118653444,473.75525085783,476.1764634228733,479.7216689634198,483.0393329821898,485.2323348868346
mango_rmse_random,medium,2005-12-31,2007Q2,7,HOURS,479.8526664676226,466.2731296512623,13.579536816360303,473.27886092666853,475.97762879925085,479.90818149445977,483.6276158040982,486.12683751625013
mango_rmse_random,medium,2005-12-31,2007Q3,8,HOURS,480.1051067958882,465.8900508409059,14.215055954982347,472.8430864865056,475.9927515585878,480.18657641072446,484.3222919500036,486.99201634518215
mango_rmse_random,medium,2005-12-31,2005Q4,1,INV,756.9209677069513,791.7115864821873,-34.790618775236,749.5294622731351,752.3828496130674,756.8804670523075,761.3391430708219,764.2430931009645
mango_rmse_random,medium,2005-12-31,2006Q1,2,INV,758.7914331405199,793.1853410450444,-34.39390790452455,747.7647220384185,752.0231615453416,758.7527468896412,765.7448187017783,769.9088542225426
mango_rmse_random,medium,2005-12-31,2006Q2,3,INV,760.0071689082091,792.5384529115302,-32.53128400332105,745.4287961655667,751.3496225355623,760.1736861893795,768.8158139554226,773.6124716536538
mango_rmse_random,medium,2005-12-31,2006Q3,4,INV,761.1187073612,792.1518941137941,-31.033186752594133,743.9677457541949,751.4014737127355,761.1081579280483,771.3566824528557,777.0710699065506
mango_rmse_random,medium,2005-12-31,2006Q4,5,INV,761.4489062889994,790.1927739141016,-28.74386762510221,742.112366668862,750.2144903279445,761.4589876634409,772.7802492552405,779.9314291180324
mango_rmse_random,medium,2005-12-31,2007Q1,6,INV,761.9856029983807,789.5023631425074,-27.516760144126692,741.0041070548534,749.32202451886,762.1726708020597,774.8695710300099,782.6659567023034
mango_rmse_random,medium,2005-12-31,2007Q2,7,INV,762.5587285950519,790.5992750863104,-28.04054649125851,739.1176458721836,748.7636014350644,762.77527759246,776.483244933801,785.5081716156578
mango_rmse_random,medium,2005-12-31,2007Q3,8,INV,763.3640262048783,789.5847840191325,-26.22075781425417,737.8261539174837,747.9882801412834,763.7862231991423,778.18887557801,787.8589049487853
mango_rmse_random,medium,2005-12-31,2005Q4,1,WAGE,479.1065337821942,458.1983439012755,20.908189880918712,478.08895399743494,478.4656453694231,479.11129753902463,479.72798480851503,480.1787268603649
mango_rmse_random,medium,2005-12-31,2006Q1,2,WAGE,479.35996783012445,459.65430792875725,19.7056599013672,477.7350988565357,478.3907544467188,479.3497128283727,480.3195061279495,481.01806178056654
mango_rmse_random,medium,2005-12-31,2006Q2,3,WAGE,479.6897699541736,458.81867809476785,20.871091859405738,477.6704196470807,478.4466572559061,479.68499106488264,480.9381908733779,481.80519413609375
mango_rmse_random,medium,2005-12-31,2006Q3,4,WAGE,479.99280768822797,458.137941661485,21.854866026742968,477.5230188432897,478.56370445563437,479.95122010106707,481.55153572620947,482.5103756769952
mango_rmse_random,medium,2005-12-31,2006Q4,5,WAGE,480.29536127774327,460.156369039398,20.13899223834528,477.4318990873955,478.58464742716825,480.2253610017342,482.0862616790338,483.233858369632
mango_rmse_random,medium,2005-12-31,2007Q1,6,WAGE,480.6086145312269,461.45956266352465,19.14905186770227,477.3741670410487,478.6140222895582,480.5931160896821,482.6932938578008,483.97091362559814
mango_rmse_random,medium,2005-12-31,2007Q2,7,WAGE,480.89045770610846,460.2255943706066,20.664863335501877,477.2386277445584,478.65504195494054,480.82669865690787,483.1839761836085,484.69385506229185
mango_rmse_random,medium,2005-12-31,2007Q3,8,WAGE,481.1381437467953,460.0519387772664,21.08620496952892,476.9796094943875,478.6964460451737,481.0660408761999,483.73299400241217,485.34445582431374
mango_rmse_random,medium,2006-03-31,2006Q1,1,CONS,898.3514323386964,923.8754538789948,-25.52402154029835,897.3819612532229,897.7723762773203,898.3516097956009,898.9019815953064,899.2900473052316
mango_rmse_random,medium,2006-03-31,2006Q2,2,CONS,899.1563997944072,924.3925620299899,-25.236162235582697,897.6496896496033,898.2563307946472,899.171841905412,900.0892246509542,900.6104064900898
mango_rmse_random,medium,2006-03-31,2006Q3,3,CONS,899.8261470987928,925.0326753469096,-25.206528248116797,897.7049027584578,898.5763557059887,899.7939700406839,901.1337713554021,901.8709148355249
mango_rmse_random,medium,2006-03-31,2006Q4,4,CONS,900.597878907688,925.9820583722299,-25.38417946454183,897.8721242069437,898.9325809168414,900.6186283288474,902.2318870890017,903.3081893042178
mango_rmse_random,medium,2006-03-31,2007Q1,5,CONS,901.3573844334151,926.5969288954141,-25.239544461999003,897.9778362852621,899.3189643667366,901.3240338474143,903.3758144854961,904.7736948394925
mango_rmse_random,medium,2006-03-31,2007Q2,6,CONS,902.0760953403253,926.8589940290503,-24.782898688725027,898.0226467629457,899.737064466979,902.0342501868366,904.4822949429316,906.2330330093552
mango_rmse_random,medium,2006-03-31,2007Q3,7,CONS,902.7949859028863,927.5238765851791,-24.728890682292786,898.1987626808269,900.1171028732995,902.7456954299364,905.532752467039,907.7092345558659
mango_rmse_random,medium,2006-03-31,2007Q4,8,CONS,903.526938976433,927.9171790430295,-24.390240066596448,898.2311064324964,900.4392717304568,903.5184310074483,906.6732457005934,909.0658721513471
mango_rmse_random,medium,2006-03-31,2006Q1,1,DEFL,474.0628191254919,449.0981931357204,24.96462598977149,473.2423527122391,473.56126178624794,474.05824884528295,474.56244870110385,474.87820911653785
mango_rmse_random,medium,2006-03-31,2006Q2,2,DEFL,475.02163932014787,449.9809670330265,25.040672287121367,473.6644445949581,474.1757018289755,475.0255660495598,475.8777380743067,476.4089294910573
mango_rmse_random,medium,2006-03-31,2006Q3,3,DEFL,476.0193474569843,450.6763216075208,25.343025849463515,473.984936704343,474.82125339081,476.04440076076264,477.2466481067437,478.0379407939223
mango_rmse_random,medium,2006-03-31,2006Q4,4,DEFL,477.03659168942403,451.0496803385384,25.986911350885634,474.29144950051494,475.37620007834664,477.0678149399761,478.7242711540187,479.6707030525694
mango_rmse_random,medium,2006-03-31,2007Q1,5,DEFL,478.0851545426235,452.0037044010234,26.0814501416001,474.6033784358745,475.8958835087867,478.13807060148565,480.2091757763699,481.5858705484278
mango_rmse_random,medium,2006-03-31,2007Q2,6,DEFL,479.17235615797233,452.67004072796027,26.50231543001206,474.82912439817653,476.42847553006874,479.18545602104575,481.81562879209787,483.6009048609548
mango_rmse_random,medium,2006-03-31,2007Q3,7,DEFL,480.26399958864164,453.18788034112526,27.076119247516374,474.9623938990808,476.9970245249752,480.2414775971497,483.5178503464214,485.7028670984081
mango_rmse_random,medium,2006-03-31,2007Q4,8,DEFL,481.3930130499218,453.61094550558823,27.782067544333586,475.0312429407405,477.5202633995052,481.3115718988171,485.3314311365929,487.9196107781909
mango_rmse_random,medium,2006-03-31,2006Q1,1,FFR,4.069659528178209,4.456666666666667,-0.3870071384884577,2.5056228987663123,3.1071428366721316,4.062944138934423,5.050981748616429,5.662317453388364
mango_rmse_random,medium,2006-03-31,2006Q2,2,FFR,4.2653962189924,4.906666666666667,-0.641270447674267,1.7228487781709478,2.786583812247523,4.2449704855536625,5.812441651815208,6.765053332582765
mango_rmse_random,medium,2006-03-31,2006Q3,3,FFR,4.432605408105922,5.246666666666667,-0.814061258560745,1.2151530658842389,2.5709891787252297,4.43335349475934,6.368541722705924,7.640373516726366
mango_rmse_random,medium,2006-03-31,2006Q4,4,FFR,4.503197412827131,5.246666666666667,-0.7434692538395362,0.7137661537472824,2.217197909244579,4.5217092266277215,6.805668550331433,8.177994241232668
mango_rmse_random,medium,2006-03-31,2007Q1,5,FFR,4.630386698183161,5.256666666666667,-0.6262799684835061,0.27017583768624814,2.0860596210747056,4.628646255261298,7.157581777669027,8.789743950740428
mango_rmse_random,medium,2006-03-31,2007Q2,6,FFR,4.774137616462434,5.25,-0.4758623835375664,-0.28777696449046286,1.8664876485268296,4.735302447155135,7.665561507020997,9.597584523438801
mango_rmse_random,medium,2006-03-31,2007Q3,7,FFR,4.911467941828564,5.073333333333333,-0.16186539150476964,-0.6337106263522438,1.6006003373540532,4.826649818549612,8.178568450355483,10.297374851468051
mango_rmse_random,medium,2006-03-31,2007Q4,8,FFR,5.0518556420477925,4.496666666666667,0.5551889753811254,-0.8354642377714191,1.5161042193277283,5.089651630140693,8.426142999550295,10.928666151875074
mango_rmse_random,medium,2006-03-31,2006Q1,1,GDP,933.4589844542562,963.1947034740143,-29.735719019758108,932.1146086316675,932.6265674303381,933.4545553592793,934.2901147797239,934.8194216150611
mango_rmse_random,medium,2006-03-31,2006Q2,2,GDP,934.1151735400019,963.4399861405379,-29.324812600536006,932.0420370243871,932.8621773928177,934.066107764473,935.4223250951123,936.2366495363831
mango_rmse_random,medium,2006-03-31,2006Q3,3,GDP,934.8401355569342,963.5903292567261,-28.750193699791907,931.81404680132,933.0717588314099,934.8669255305309,936.5838520354245,937.6607536718931
mango_rmse_random,medium,2006-03-31,2006Q4,4,GDP,935.4612198247263,964.4305015999738,-28.96928177524751,931.8769452803034,933.3131411415,935.5311934038906,937.5773632357226,938.9370124895173
mango_rmse_random,medium,2006-03-31,2007Q1,5,GDP,936.1303812395264,964.7236703008948,-28.59328906136841,931.8773383478083,933.6403060896165,936.1462786879654,938.5891902231165,940.2209277747106
mango_rmse_random,medium,2006-03-31,2007Q2,6,GDP,936.8073521024161,965.3600754705748,-28.552723368158695,931.9260947028789,934.0371282460461,936.7916142701185,939.6128381759024,941.4687050904729
mango_rmse_random,medium,2006-03-31,2007Q3,7,GDP,937.4764526755386,965.9605755120938,-28.48412283655523,932.0337192690241,934.318758592327,937.3984867524507,940.6937765039396,942.7981132869061
mango_rmse_random,medium,2006-03-31,2007Q4,8,GDP,938.1431402905569,966.5683687041123,-28.425228413555487,932.1128116980628,934.7501961167254,938.1515544211459,941.652359237132,944.1391195364898
mango_rmse_random,medium,2006-03-31,2006Q1,1,HOURS,478.6702029035014,464.4804275228165,14.189775380684864,477.31787318369794,477.896389746277,478.6845600745826,479.47667687730655,479.9336779520985
mango_rmse_random,medium,2006-03-31,2006Q2,2,HOURS,478.8202832803239,464.7913533526924,14.02892992763151,476.5562582976204,477.4602213063702,478.80597307868413,480.2125270736595,481.1438026621338
mango_rmse_random,medium,2006-03-31,2006Q3,3,HOURS,478.94752843575225,465.20728556743103,13.740242868321218,475.6938792364563,476.93070065330653,478.92799518644574,480.9464930946286,482.1569341790446
mango_rmse_random,medium,2006-03-31,2006Q4,4,HOURS,479.07714114501385,465.62909654958054,13.448044595433316,474.7775202103971,476.46857044602604,479.08618941621387,481.59017561761675,483.4074605037594
mango_rmse_random,medium,2006-03-31,2007Q1,5,HOURS,479.2197125045943,465.77246847229804,13.447244032296283,474.2570061152427,476.1153320971824,479.31063721854895,482.2310560440522,484.2529190958377
mango_rmse_random,medium,2006-03-31,2007Q2,6,HOURS,479.40982246671643,466.2731296512623,13.136692815454126,473.6751566029368,475.8408838642383,479.4619572028039,482.8297997711091,485.1832342909472
mango_rmse_random,medium,2006-03-31,2007Q3,7,HOURS,479.590835725865,465.8900508409059,13.700784884959148,473.11194593825184,475.71482819933163,479.7221949209701,483.40306948230494,485.9291656630213
mango_rmse_random,medium,2006-03-31,2007Q4,8,HOURS,479.81913311129153,465.54069224148026,14.278440869811277,472.6263482782756,475.60747529332764,479.84810673808204,483.9940807904173,486.8234775937096
mango_rmse_random,medium,2006-03-31,2006Q1,1,INV,760.0245316089525,793.1853410450444,-33.16080943609188,752.7171872526162,755.5354381643899,759.9441624446171,764.5245890324416,767.1574605590702
mango_rmse_random,medium,2006-03-31,2006Q2,2,INV,760.2549853939355,792.5384529115302,-32.28346751759466,749.3299682537084,753.5345800890586,760.2759587645711,766.7286665679645,771.4245793114121
mango_rmse_random,medium,2006-03-31,2006Q3,3,INV,761.4623483564637,792.1518941137941,-30.689545757330393,747.062922387848,752.8727901000418,761.3910401265925,769.997765737093,775.678590110876
mango_rmse_random,medium,2006-03-31,2006Q4,4,INV,761.2314169148225,790.1927739141016,-28.961356999279133,744.2532239985093,750.9434662903976,761.329104028484,771.7261450028456,778.3684107735312
mango_rmse_random,medium,2006-03-31,2007Q1,5,INV,761.6191559181832,789.5023631425074,-27.883207224324224,742.565519888494,750.404861448292,761.3648456345378,773.4338563678309,780.802149013208
mango_rmse_random,medium,2006-03-31,2007Q2,6,INV,762.4388971519869,790.5992750863104,-28.160377934323492,741.454282213877,749.740661980856,762.666750599964,775.3801612435587,784.0647011615449
mango_rmse_random,medium,2006-03-31,2007Q3,7,INV,763.0468034420201,789.5847840191325,-26.53798057711242,739.9008134381421,748.9265881985077,762.9759319827347,777.2481760524022,787.4503257109145
mango_rmse_random,medium,2006-03-31,2007Q4,8,INV,763.6490768563157,788.3467462094385,-24.69766935312282,738.3677009679045,748.1462998114382,763.3448677524228,779.5662986694604,790.1125608610117
mango_rmse_random,medium,2006-03-31,2006Q1,1,WAGE,479.57348543163727,459.65430792875725,19.919177502880018,478.51492575619875,478.9308463172464,479.5695220098329,480.194733099478,480.6537680018142
mango_rmse_random,medium,2006-03-31,2006Q2,2,WAGE,479.89595723099944,458.81867809476785,21.077279136231596,478.22849661261546,478.9049376597148,479.90439547980776,480.8644291501416,481.5715489936019
mango_rmse_random,medium,2006-03-31,2006Q3,3,WAGE,480.2017076451138,458.137941661485,22.063765983628798,478.0283892625136,478.87993953183104,480.2344732275395,481.4838949940799,482.3172043734725
mango_rmse_random,medium,2006-03-31,2006Q4,4,WAGE,480.49036388323725,460.156369039398,20.333994843839264,477.9314737262185,478.9763415315075,480.4794419233297,481.9522911901514,482.9957351732663
mango_rmse_random,medium,2006-03-31,2007Q1,5,WAGE,480.8263711617742,461.45956266352465,19.366808498249554,477.8316786991325,479.08648233326363,480.8266002170021,482.56387796663466,483.7758497410057
mango_rmse_random,medium,2006-03-31,2007Q2,6,WAGE,481.1251267687918,460.2255943706066,20.899532398185215,477.7860796897008,479.176897811326,481.16356254933055,483.09550023723466,484.4044473992106
mango_rmse_random,medium,2006-03-31,2007Q3,7,WAGE,481.39044510984223,460.0519387772664,21.338506332575832,477.6434238307887,479.20996369511164,481.43451608730123,483.60802234489995,485.0219989225969
mango_rmse_random,medium,2006-03-31,2007Q4,8,WAGE,481.64439671221146,460.03184352570673,21.612553186504726,477.5396455440003,479.2483712825504,481.65290093170995,484.0366682544489,485.67213536145283
mango_rmse_random,medium,2006-06-30,2006Q2,1,CONS,899.9322250428839,924.3925620299899,-24.46033698710596,898.9585161680315,899.353944328825,899.9184135659481,900.5336640979908,900.9128913533979
mango_rmse_random,medium,2006-06-30,2006Q3,2,CONS,900.577894775854,925.0326753469096,-24.454780571055608,899.0436146789694,899.6772005203495,900.5550541244359,901.5067722163079,902.14552835928
mango_rmse_random,medium,2006-06-30,2006Q4,3,CONS,901.553015293805,925.9820583722299,-24.42904307842491,899.5452731582724,900.2854234095212,901.5269710989509,902.8507668970229,903.6537452202616
mango_rmse_random,medium,2006-06-30,2007Q1,4,CONS,902.2951443506352,926.5969288954141,-24.30178454477891,899.7282412413672,900.6657122269828,902.2657509324006,903.8886523761685,904.9315059259958
mango_rmse_random,medium,2006-06-30,2007Q2,5,CONS,903.0300356821742,926.8589940290503,-23.828958346876107,899.8281794913141,901.099807474105,903.0360654396354,904.9469549644176,906.2550279079506
mango_rmse_random,medium,2006-06-30,2007Q3,6,CONS,903.8476934241372,927.5238765851791,-23.676183161041877,900.1088718118691,901.5368917473706,903.8185254383535,906.0956521060482,907.5823640341995
mango_rmse_random,medium,2006-06-30,2007Q4,7,CONS,904.5726191330554,927.9171790430295,-23.344559909974123,900.0845537571853,901.9408129234877,904.5579374909671,907.2321393248823,909.0408002761156
mango_rmse_random,medium,2006-06-30,2008Q1,8,CONS,905.3224969864693,927.779965478359,-22.4574684918897,900.2997112356193,902.3182652956459,905.2937245472499,908.4409991030866,910.5104591089663
mango_rmse_random,medium,2006-06-30,2006Q2,1,DEFL,474.8134072466587,449.9809670330265,24.832440213632196,473.97647966591495,474.32003008243066,474.8199458460346,475.30212952073134,475.61065657091905
mango_rmse_random,medium,2006-06-30,2006Q3,2,DEFL,475.7505381678006,450.6763216075208,25.074216560279808,474.3463431782123,474.90656477602255,475.7533666743717,476.5829796972955,477.13244138895965
mango_rmse_random,medium,2006-06-30,2006Q4,3,DEFL,476.72171279100576,451.0496803385384,25.672032452467363,474.6612748182166,475.508666516122,476.71672311864216,477.9485465740453,478.73360620998733
mango_rmse_random,medium,2006-06-30,2007Q1,4,DEFL,477.7523659751406,452.0037044010234,25.748661574117193,474.93078456935257,476.06886484903106,477.7676816952469,479.40579643984466,480.49425206366203
mango_rmse_random,medium,2006-06-30,2007Q2,5,DEFL,478.8260375267081,452.67004072796027,26.15599679874782,475.20916465978513,476.6443016649659,478.8317488983323,481.03386533884486,482.46473219148754
mango_rmse_random,medium,2006-06-30,2007Q3,6,DEFL,479.90072686195555,453.18788034112526,26.712846520830283,475.2402372707511,477.18785695665224,479.8989331120522,482.6431264270707,484.5353641284376
mango_rmse_random,medium,2006-06-30,2007Q4,7,DEFL,481.0047425331953,453.61094550558823,27.393797027607093,475.4324140453555,477.81597737924403,480.9862627086311,484.28706021658013,486.493548986142
mango_rmse_random,medium,2006-06-30,2008Q1,8,DEFL,482.12403185039636,453.9617817747856,28.162250075610757,475.36326035148403,478.24410688602484,482.16576024247723,486.01824749876516,488.4228192262845
mango_rmse_random,medium,2006-06-30,2006Q2,1,FFR,4.854517391044039,4.906666666666667,-0.05214927562262783,3.22751927280012,3.8443301308491447,4.859810482022463,5.852760773376118,6.5093197886508865
mango_rmse_random,medium,2006-06-30,2006Q3,2,FFR,4.981552503290809,5.246666666666667,-0.26511416337585825,2.5186660447795006,3.5114989477189273,5.027831422883254,6.466714928910943,7.393613487002606
mango_rmse_random,medium,2006-06-30,2006Q4,3,FFR,5.108092344166068,5.246666666666667,-0.13857432250059887,1.9549740460470177,3.281061274250231,5.13010167533282,6.9164067580598925,8.236836050102678
mango_rmse_random,medium,2006-06-30,2007Q1,4,FFR,5.308715600479715,5.256666666666667,0.052048933813048315,1.5629696286464787,2.980064956688156,5.3777421323092724,7.58173324343679,9.18885890640127
mango_rmse_random,medium,2006-06-30,2007Q2,5,FFR,5.403387848989674,5.25,0.15338784898967361,1.01924147128682,2.7342654124265247,5.4328228342674185,8.10172378758714,9.683623689068392
mango_rmse_random,medium,2006-06-30,2007Q3,6,FFR,5.611329868954763,5.073333333333333,0.5379965356214296,0.6978065758494099,2.656695396218718,5.672448071476435,8.48493074593054,10.395068707537755
mango_rmse_random,medium,2006-06-30,2007Q4,7,FFR,5.771284866631734,4.496666666666667,1.274618199965067,0.4026057563078949,2.542503363124886,5.7677090791727625,8.9853825674142,11.074291998024298
mango_rmse_random,medium,2006-06-30,2008Q1,8,FFR,5.852920049758504,3.1766666666666663,2.676253383091838,0.12389744332560806,2.3837244502214676,5.863712580168551,9.273268700310004,11.571666885012316
mango_rmse_random,medium,2006-06-30,2006Q2,1,GDP,935.2888839722235,963.4399861405379,-28.151102168314424,933.9549117909709,934.472890258617,935.2781128154256,936.135136061534,936.6406928359247
mango_rmse_random,medium,2006-06-30,2006Q3,2,GDP,935.9616675416019,963.5903292567261,-27.62866171512428,933.800210727046,934.6730692722525,935.9385727046479,937.2179885452503,938.1740178094768
mango_rmse_random,medium,2006-06-30,2006Q4,3,GDP,936.6098337860928,964.4305015999738,-27.82066781388096,933.649526630288,934.8191525290669,936.5438267949467,938.432768819388,939.4856004718946
mango_rmse_random,medium,2006-06-30,2007Q1,4,GDP,937.2661439629965,964.7236703008948,-27.457526337898344,933.8900907362656,935.1307105713503,937.224271414992,939.3863812813315,940.6616679198968
mango_rmse_random,medium,2006-06-30,2007Q2,5,GDP,937.9803304709644,965.3600754705748,-27.379744999610352,933.9278171486515,935.4871384154837,937.9797352492146,940.4083554191196,942.0517077420242
mango_rmse_random,medium,2006-06-30,2007Q3,6,GDP,938.6260889862994,965.9605755120938,-27.334486525794432,933.9282082599029,935.9089083410593,938.6116531714213,941.3249162741688,943.246047506392
mango_rmse_random,medium,2006-06-30,2007Q4,7,GDP,939.3199285672093,966.5683687041123,-27.248440136903014,934.2317724495747,936.2736440574784,939.3022587292166,942.3887070000164,944.346999600161
mango_rmse_random,medium,2006-06-30,2008Q1,8,GDP,939.9498766943477,966.1601069749734,-26.210230280625638,934.3203639156682,936.5791340556531,939.9840413750952,943.3032350119388,945.6445745307592
mango_rmse_random,medium,2006-06-30,2006Q2,1,HOURS,479.65063210117114,464.7913533526924,14.859278748478744,478.3364073613153,478.82009109406295,479.68037975667505,480.46513541361867,480.9654641679223
mango_rmse_random,medium,2006-06-30,2006Q3,2,HOURS,479.9762455305227,465.20728556743103,14.768959963091675,477.61347330545624,478.50389205399165,479.94982625769694,481.4397305704963,482.38681971471
mango_rmse_random,medium,2006-06-30,2006Q4,3,HOURS,480.20347050043785,465.62909654958054,14.574373950857307,476.910531032862,478.1896632198896,480.1891244992965,482.2340224473678,483.4621980880124
mango_rmse_random,medium,2006-06-30,2007Q1,4,HOURS,480.46561142681395,465.77246847229804,14.693142954515906,476.2384872696103,477.89239809287886,480.45741926389724,483.036649328657,484.6082192336171
mango_rmse_random,medium,2006-06-30,2007Q2,5,HOURS,480.6680411126481,466.2731296512623,14.394911461385789,475.7523083297965,477.65448164962453,480.6807760522238,483.582105399551,485.67941434708
mango_rmse_random,medium,2006-06-30,2007Q3,6,HOURS,480.84367802960685,465.8900508409059,14.953627188700978,475.1547873595458,477.51145773318575,480.89518984188214,484.1396914084085,486.44989098014173
mango_rmse_random,medium,2006-06-30,2007Q4,7,HOURS,481.0275409709875,465.54069224148026,15.486848729507244,474.9082845296776,477.21549074967106,481.0870807803153,484.7316603903445,487.20579610755306
mango_rmse_random,medium,2006-06-30,2008Q1,8,HOURS,481.18249622690354,465.22350531644213,15.95899091046141,474.3848179424131,477.1062081824458,481.13946003827573,485.17296992920825,487.99314698572505
mango_rmse_random,medium,2006-06-30,2006Q2,1,INV,764.167428363376,792.5384529115302,-28.371024548154196,756.6380374228312,759.737355501572,764.1513563633675,768.6517746402433,771.6823042338752
mango_rmse_random,medium,2006-06-30,2006Q3,2,INV,765.2940123303331,792.1518941137941,-26.85788178346104,753.9917477618383,758.7380156759081,765.2614137261127,771.996135305742,776.4413416196488
mango_rmse_random,medium,2006-06-30,2006Q4,3,INV,764.128654587032,790.1927739141016,-26.064119327069648,750.8778832370392,755.7669485966001,764.2066731287146,772.2441001716104,778.2306465911552
mango_rmse_random,medium,2006-06-30,2007Q1,4,INV,764.6552975053289,789.5023631425074,-24.847065637178503,748.6065739517243,755.2942994439179,764.4579903904778,774.2698437607493,781.1346564719853
mango_rmse_random,medium,2006-06-30,2007Q2,5,INV,765.3656528925295,790.5992750863104,-25.23362219378089,747.4728018952621,754.5214975686239,764.9621564779017,776.4553810796183,784.1699307658477
mango_rmse_random,medium,2006-06-30,2007Q3,6,INV,765.5613537960185,789.5847840191325,-24.02343022311402,745.3782160932933,753.52345290505,765.299653097879,777.8441959844401,786.4512958086908
mango_rmse_random,medium,2006-06-30,2007Q4,7,INV,766.4139687747338,788.3467462094385,-21.93277743470469,743.8297298909699,752.8744317720486,766.5640096014872,779.7832758909924,788.8461166617715
mango_rmse_random,medium,2006-06-30,2008Q1,8,INV,766.778739380249,785.6804736421575,-18.901734261908473,741.9460453081269,752.046458731751,767.07795980195,781.2198926039812,792.0781376643956
mango_rmse_random,medium,2006-06-30,2006Q2,1,WAGE,479.6579859926976,458.81867809476785,20.839307897929757,478.5728086496569,479.00802878806974,479.64151285442665,480.3271990082017,480.7478633484159
mango_rmse_random,medium,2006-06-30,2006Q3,2,WAGE,479.9466538296723,458.137941661485,21.8087121681873,478.28559671699935,478.9206824657339,479.9656676710607,480.90689709526083,481.5833337770132
mango_rmse_random,medium,2006-06-30,2006Q4,3,WAGE,480.26881477112215,460.156369039398,20.112445731724165,478.1970616334831,478.9804747963406,480.2754588010153,481.5307017182485,482.3962373927003
mango_rmse_random,medium,2006-06-30,2007Q1,4,WAGE,480.59379423752904,461.45956266352465,19.13423157400439,478.0644700825442,479.0576271640666,480.6417335769155,482.08518408458764,483.1201602150636
mango_rmse_random,medium,2006-06-30,2007Q2,5,WAGE,480.8462928094044,460.2255943706066,20.62069843879783,477.9815943300545,479.07942330951136,480.85549141902084,482.54608152406246,483.8255983902806
mango_rmse_random,medium,2006-06-30,2007Q3,6,WAGE,481.1496726618235,460.0519387772664,21.0977338845571,477.88965560036246,479.06780516451465,481.1417252280796,483.2089565458032,484.52928299990873
mango_rmse_random,medium,2006-06-30,2007Q4,7,WAGE,481.41772810655925,460.03184352570673,21.38588458085252,477.6893006408664,479.14405614979734,481.450670104337,483.66732909951884,485.201328265626
mango_rmse_random,medium,2006-06-30,2008Q1,8,WAGE,481.69894678414477,459.9262771523625,21.772669631782264,477.6856002396464,479.1974228215422,481.7198991826575,484.1289175332338,485.8340130671766
mango_rmse_random,medium,2006-09-30,2006Q3,1,CONS,899.7553318280345,925.0326753469096,-25.277343518875114,898.7959929506185,899.1660288346264,899.7453018559569,900.3631512710086,900.7704996855524
mango_rmse_random,medium,2006-09-30,2006Q4,2,CONS,900.5748567557903,925.9820583722299,-25.40720161643958,899.0210443145153,899.6099922090855,900.5624141977282,901.5065773795806,902.1011444381174
mango_rmse_random,medium,2006-09-30,2007Q1,3,CONS,901.0533407542187,926.5969288954141,-25.543588141195414,898.8901636321812,899.7662292752875,901.057446629539,902.3613982122553,903.1952049366539
mango_rmse_random,medium,2006-09-30,2007Q2,4,CONS,901.6570059866275,926.8589940290503,-25.20198804242284,898.885335735066,900.0430280175606,901.6139411062321,903.3520195447242,904.4662885824388
mango_rmse_random,medium,2006-09-30,2007Q3,5,CONS,902.3485596055893,927.5238765851791,-25.175316979589752,898.8636476357572,900.3968329436153,902.319671197733,904.4291492002583,905.7108500728266
mango_rmse_random,medium,2006-09-30,2007Q4,6,CONS,902.9976488733295,927.9171790430295,-24.91953016970001,898.8584946320723,900.6458168182967,903.0071994669802,905.4216965667354,907.0272276353415
mango_rmse_random,medium,2006-09-30,2008Q1,7,CONS,903.6583052365969,927.779965478359,-24.12166024176213,898.9939177107912,900.9558374662623,903.6805148735449,906.4608204731097,908.2813853387386
mango_rmse_random,medium,2006-09-30,2008Q2,8,CONS,904.3545525024439,928.0551554354275,-23.700602932983657,899.188130973369,901.3444827815447,904.3891690830771,907.4860618355707,909.5107540469559
mango_rmse_random,medium,2006-09-30,2006Q3,1,DEFL,476.3084407272649,450.6763216075208,25.632119119744118,475.4809693317091,475.80513231039174,476.3119250871713,476.81528994734913,477.13241570554396
mango_rmse_random,medium,2006-09-30,2006Q4,2,DEFL,477.3544959964011,451.0496803385384,26.30481565786272,475.9453388656355,476.4961043588357,477.3613067469548,478.20189586862654,478.7265913368944
mango_rmse_random,medium,2006-09-30,2007Q1,3,DEFL,478.45546026891776,452.0037044010234,26.45175586789435,476.4266177923589,477.2528880332693,478.48073451245955,479.6170795117766,480.4989383521272
mango_rmse_random,medium,2006-09-30,2007Q2,4,DEFL,479.5648589905981,452.67004072796027,26.89481826263784,476.8211554692812,477.9268609838015,479.57642515457667,481.20191008043605,482.3266100064744
mango_rmse_random,medium,2006-09-30,2007Q3,5,DEFL,480.68116310268925,453.18788034112526,27.49328276156399,477.0689384512577,478.53703500367277,480.6986162488099,482.8032114372948,484.2643625070781
mango_rmse_random,medium,2006-09-30,2007Q4,6,DEFL,481.84626554994077,453.61094550558823,28.235320044352534,477.311451592884,479.2193651464577,481.84360762137817,484.49479704937016,486.32652698830964
mango_rmse_random,medium,2006-09-30,2008Q1,7,DEFL,483.0136183018211,453.9617817747856,29.051836527035505,477.6313504575601,479.73775076820306,483.01262825892434,486.22725718926273,488.3962626884688
mango_rmse_random,medium,2006-09-30,2008Q2,8,DEFL,484.2210294413182,454.46768055591286,29.75334888540533,477.9237917858543,480.2659260357588,484.18972589497156,488.01609663214725,490.6839029628609
mango_rmse_random,medium,2006-09-30,2006Q3,1,FFR,4.946600419994188,5.246666666666667,-0.30006624667247905,3.3234266450086034,3.9349955198529813,4.956472535149597,5.937283633184228,6.5845543007205025
mango_rmse_random,medium,2006-09-30,2006Q4,2,FFR,4.991688344716751,5.246666666666667,-0.254978321949916,2.5341318161621857,3.524766705157019,5.000303735161184,6.461493457033392,7.496284819569535
mango_rmse_random,medium,2006-09-30,2007Q1,3,FFR,5.228018096907085,5.256666666666667,-0.028648569759582188,2.1803469905413033,3.376364808374357,5.207700209522269,7.149300639433104,8.363880866488495
mango_rmse_random,medium,2006-09-30,2007Q2,4,FFR,5.33518108746102,5.25,0.08518108746102016,1.5842354361252091,3.202669037262777,5.341745878654141,7.583189174250892,9.064315366505406
mango_rmse_random,medium,2006-09-30,2007Q3,5,FFR,5.538881826934012,5.073333333333333,0.4655484936006786,1.1313477978418822,2.9627329939850937,5.516005566837176,8.126241452882033,9.721461473145283
mango_rmse_random,medium,2006-09-30,2007Q4,6,FFR,5.697411693164393,4.496666666666667,1.2007450264977262,0.852064152080144,2.8041057093487387,5.642826404700443,8.629297888250713,10.610379243839716
mango_rmse_random,medium,2006-09-30,2008Q1,7,FFR,5.730123805408708,3.1766666666666663,2.5534571387420413,0.42168528582367054,2.5880136896620423,5.705211902156342,8.939258276756746,10.930694736858891
mango_rmse_random,medium,2006-09-30,2008Q2,8,FFR,5.814936002108684,2.0866666666666664,3.7282693354420178,0.2770248988797068,2.4541801071563696,5.659309076458863,9.265692007096254,11.48977834924769
mango_rmse_random,medium,2006-09-30,2006Q3,1,GDP,934.1915713595862,963.5903292567261,-29.398757897139944,932.8143371500415,933.3348780729208,934.1944035842971,935.0774742061171,935.5745126961533
mango_rmse_random,medium,2006-09-30,2006Q4,2,GDP,934.5832274179195,964.4305015999738,-29.84727418205432,932.3913099204499,933.2301749718451,934.6466191663466,935.9030941145379,936.7454236356417
mango_rmse_random,medium,2006-09-30,2007Q1,3,GDP,935.124928270452,964.7236703008948,-29.59874203044285,932.0084173693734,933.3206154818295,935.11383004809,937.0088154663638,938.1172599824027
mango_rmse_random,medium,2006-09-30,2007Q2,4,GDP,935.7662491277226,965.3600754705748,-29.59382634285214,932.0216946348912,933.5509156276606,935.8283932729178,937.9996854699816,939.5555739754989
mango_rmse_random,medium,2006-09-30,2007Q3,5,GDP,936.3339823028414,965.9605755120938,-29.626593209252405,932.1480168692829,933.7968733051686,936.3607760017541,938.9216790431169,940.5084123464185
mango_rmse_random,medium,2006-09-30,2007Q4,6,GDP,937.0015389972871,966.5683687041123,-29.566829706825274,932.3364579315097,934.1504525857315,936.9746168081878,939.8359886881792,941.7858649698471
mango_rmse_random,medium,2006-09-30,2008Q1,7,GDP,937.5835289571024,966.1601069749734,-28.57657801787093,932.2122135064053,934.4060856812175,937.6116836313498,940.7452141898608,942.8921361486676
mango_rmse_random,medium,2006-09-30,2008Q2,8,GDP,938.2213796471461,966.730770931016,-28.50939128386983,932.5094262196271,934.764203681721,938.1949130708608,941.7257285748905,944.1069048435796
mango_rmse_random,medium,2006-09-30,2006Q3,1,HOURS,479.12500088500906,465.20728556743103,13.917715317578029,477.7476077271886,478.2749633335491,479.11701686587253,479.94380580688534,480.50157639864585
mango_rmse_random,medium,2006-09-30,2006Q4,2,HOURS,479.1360101929688,465.62909654958054,13.506913643388259,476.6932535164265,477.63083235228675,479.19033712925636,480.61288218102334,481.54642151132873
mango_rmse_random,medium,2006-09-30,2007Q1,3,HOURS,479.21822384231666,465.77246847229804,13.445755370018617,475.717795131196,477.1038804560203,479.2343342587492,481.24267302030887,482.63578815992656
mango_rmse_random,medium,2006-09-30,2007Q2,4,HOURS,479.29644236653496,466.2731296512623,13.023312715272652,474.88495275210926,476.71157745441354,479.3513880222969,481.9070100435526,483.68196213374927
mango_rmse_random,medium,2006-09-30,2007Q3,5,HOURS,479.404256391882,465.8900508409059,13.5142055509761,474.25391855884857,476.30875777000296,479.42528085621484,482.60813633874784,484.5927162881418
mango_rmse_random,medium,2006-09-30,2007Q4,6,HOURS,479.58609853594567,465.54069224148026,14.045406294465408,473.77801289298174,476.13712539236815,479.51091282730965,483.126219804573,485.37884520585095
mango_rmse_random,medium,2006-09-30,2008Q1,7,HOURS,479.7712370600413,465.22350531644213,14.547731743599172,473.25241201014745,476.02901850175016,479.72920378639026,483.61399532728564,486.15858016428604
mango_rmse_random,medium,2006-09-30,2008Q2,8,HOURS,479.9548896423625,464.68014529590437,15.274744346458135,472.93463765040866,475.83686910243756,479.9046621456894,484.1977733941375,486.8274552873483
mango_rmse_random,medium,2006-09-30,2006Q3,1,INV,757.3173915239411,792.1518941137941,-34.83450258985306,750.001796370407,752.7584650041446,757.1732099503967,761.968091790421,764.9033249341032
mango_rmse_random,medium,2006-09-30,2006Q4,2,INV,754.706896726239,790.1927739141016,-35.48587718786257,743.5817017667995,747.7436067537384,754.5771164271332,761.4117227754615,765.8329864899557
mango_rmse_random,medium,2006-09-30,2007Q1,3,INV,755.4217010852349,789.5023631425074,-34.08066205727255,741.2804775802658,746.2119566171936,755.4026904874111,764.3577993030301,769.9719265917578
mango_rmse_random,medium,2006-09-30,2007Q2,4,INV,755.9465137771024,790.5992750863104,-34.65276130920802,739.367194625235,745.4830732291358,755.8303146394228,766.6665895861776,773.109790972619
mango_rmse_random,medium,2006-09-30,2007Q3,5,INV,755.9960998510672,789.5847840191325,-33.58868416806524,737.5789317435941,744.2858681089576,755.9141010709836,767.3352752781227,775.8105896252894
mango_rmse_random,medium,2006-09-30,2007Q4,6,INV,757.2096423301685,788.3467462094385,-31.137103879269944,736.6716381461425,744.8353164088309,757.1252236669627,769.7704306375806,778.5347867592249
mango_rmse_random,medium,2006-09-30,2008Q1,7,INV,757.4907757548829,785.6804736421575,-28.189697887274633,734.0632978608803,743.7469010975003,757.4520988626501,771.7189969155371,780.3260536355291
mango_rmse_random,medium,2006-09-30,2008Q2,8,INV,758.1106731148121,783.8502214603918,-25.739548345579692,732.8708901419126,742.932809137243,758.3714863682285,773.1082341297431,783.6639359253815
mango_rmse_random,medium,2006-09-30,2006Q3,1,WAGE,481.52013861530247,458.137941661485,23.38219695381747,480.4017600424701,480.8416021222954,481.50803704857685,482.19928653557855,482.6797144209265
mango_rmse_random,medium,2006-09-30,2006Q4,2,WAGE,481.6986062294953,460.156369039398,21.542237190097296,479.99052183626844,480.66296563121364,481.67892267132316,482.7293226196982,483.5085726008173
mango_rmse_random,medium,2006-09-30,2007Q1,3,WAGE,481.9805242314662,461.45956266352465,20.520961567941526,479.90564069994025,480.66323818685436,481.94485905110105,483.25669171298387,484.1893118568218
mango_rmse_random,medium,2006-09-30,2007Q2,4,WAGE,482.16074427566247,460.2255943706066,21.93514990505588,479.6940917282226,480.6343346717054,482.12178604261715,483.71648624117176,484.7082264529288
mango_rmse_random,medium,2006-09-30,2007Q3,5,WAGE,482.4308836419612,460.0519387772664,22.3789448646948,479.46377640257197,480.57824543205646,482.3792642668326,484.2484552572177,485.4295417573407
mango_rmse_random,medium,2006-09-30,2007Q4,6,WAGE,482.6601449565834,460.03184352570673,22.62830143087666,479.40440814285455,480.60359050128955,482.6338607817777,484.68251019037257,486.06142226408315
mango_rmse_random,medium,2006-09-30,2008Q1,7,WAGE,482.8623179639396,459.9262771523625,22.936040811577072,479.2372107373847,480.6304483654276,482.80878897226415,485.1255968415094,486.5900035210849
mango_rmse_random,medium,2006-09-30,2008Q2,8,WAGE,483.107793447239,458.7657734236793,24.342020023559655,479.117891676945,480.6456125189516,483.02366783428045,485.5715163550735,487.33559855057894
mango_rmse_random,medium,2006-12-31,2006Q4,1,CONS,901.134124870877,925.9820583722299,-24.847933501352827,900.1327127723982,900.5373199271756,901.1516396412992,901.7085625728214,902.1119467879053
mango_rmse_random,medium,2006-12-31,2007Q1,2,CONS,901.6101768162865,926.5969288954141,-24.98675207912754,900.1292161020687,900.7113380835125,901.6114205764511,902.4992229889147,903.0630144423674
mango_rmse_random,medium,2006-12-31,2007Q2,3,CONS,902.5365308484509,926.8589940290503,-24.32246318059947,900.5082968243631,901.2724083048394,902.5411590789563,903.7610815963247,904.5332480419929
mango_rmse_random,medium,2006-12-31,2007Q3,4,CONS,903.418608014059,927.5238765851791,-24.105268571120064,900.7930335699812,901.8092987595486,903.4716753254638,905.0162472009924,906.0219231051293
mango_rmse_random,medium,2006-12-31,2007Q4,5,CONS,904.2195388587842,927.9171790430295,-23.6976401842453,901.0077435682031,902.2327696179983,904.2462135155672,906.2345720976473,907.4390206143927
mango_rmse_random,medium,2006-12-31,2008Q1,6,CONS,905.0611109273839,927.779965478359,-22.718854550975152,901.2517325062943,902.7569959717043,905.0187529495469,907.3905975597706,908.8398971563998
mango_rmse_random,medium,2006-12-31,2008Q2,7,CONS,905.9278254475565,928.0551554354275,-22.127329987871008,901.5914011319987,903.3190832730295,905.8869935836578,908.6027271198025,910.4771566299719
mango_rmse_random,medium,2006-12-31,2008Q3,8,CONS,906.7715936366411,927.2814388489875,-20.509845212346363,901.8370844580389,903.8370803290893,906.7314844546188,909.7270153678664,911.8031812775131
mango_rmse_random,medium,2006-12-31,2006Q4,1,DEFL,476.5392882921754,451.0496803385384,25.489607953637005,475.677512340669,476.03782551335263,476.5409801342696,477.04309693617006,477.37731892455287
mango_rmse_random,medium,2006-12-31,2007Q1,2,DEFL,477.322881859157,452.0037044010234,25.319177458133595,475.9682810888356,476.46895702418044,477.33044492964245,478.16169570127875,478.73267606875453
mango_rmse_random,medium,2006-12-31,2007Q2,3,DEFL,478.1353537446628,452.67004072796027,25.46531301670251,476.1150192904745,476.9319808424776,478.14596647632976,479.30195205688983,480.16096708849227
mango_rmse_random,medium,2006-12-31,2007Q3,4,DEFL,478.9670785143368,453.18788034112526,25.779198173211512,476.22244334280606,477.30542291175135,478.9815194904529,480.6243609704749,481.668322079952
mango_rmse_random,medium,2006-12-31,2007Q4,5,DEFL,479.8585126528493,453.61094550558823,26.247567147261066,476.2720608438813,477.6934894046992,479.8464921003268,482.0023773779045,483.5158114802903
mango_rmse_random,medium,2006-12-31,2008Q1,6,DEFL,480.7407528902624,453.9617817747856,26.778971115476793,476.13736682147845,478.07676420478896,480.7362707710113,483.4447042493754,485.3856506586177
mango_rmse_random,medium,2006-12-31,2008Q2,7,DEFL,481.66203323440493,454.46768055591286,27.194352678492066,476.0778025591893,478.3586244666058,481.6555589871856,484.9296411623453,487.3446255489205
mango_rmse_random,medium,2006-12-31,2008Q3,8,DEFL,482.60319300665424,455.2191261197205,27.384066886933738,476.003956871159,478.69047230407,482.5482316497471,486.53318359207117,489.2401561667537
mango_rmse_random,medium,2006-12-31,2006Q4,1,FFR,5.264368074097896,5.246666666666667,0.017701407431228944,3.6195873029658427,4.279565218576568,5.266143640882596,6.269804161783462,6.984355034428784
mango_rmse_random,medium,2006-12-31,2007Q1,2,FFR,5.342470159966878,5.256666666666667,0.08580349330021075,2.8233382648049377,3.8294014590397385,5.294488322672505,6.907428481657157,7.96532698042946
mango_rmse_random,medium,2006-12-31,2007Q2,3,FFR,5.3201201540640515,5.25,0.07012015406405148,2.0503475817828885,3.3417336756047016,5.334638505492345,7.230293732593048,8.566058751886212
mango_rmse_random,medium,2006-12-31,2007Q3,4,FFR,5.492955906471107,5.073333333333333,0.41962257313777407,1.6409558732900573,3.2800739772321035,5.505835872194698,7.751474996583607,9.223813586132707
mango_rmse_random,medium,2006-12-31,2007Q4,5,FFR,5.448529570233232,4.496666666666667,0.9518629035665649,1.0667613491286216,2.946614137257139,5.414992851968152,7.989292602870154,9.717699526526369
mango_rmse_random,medium,2006-12-31,2008Q1,6,FFR,5.400004762222724,3.1766666666666663,2.2233380955560578,0.6976625287451277,2.6727915917558787,5.423437156780524,8.124026435166575,10.032630687618063
mango_rmse_random,medium,2006-12-31,2008Q2,7,FFR,5.453180802292266,2.0866666666666664,3.3665141356255996,0.08662548093101488,2.403280857856927,5.490975088467345,8.486242681607436,10.56825726647699
mango_rmse_random,medium,2006-12-31,2008Q3,8,FFR,5.46924250379534,1.9400000000000002,3.5292425037953397,-0.03695226182847955,2.2595196001038973,5.457621295152096,8.757027364316006,10.860460893276782
mango_rmse_random,medium,2006-12-31,2006Q4,1,GDP,935.3857316454727,964.4305015999738,-29.044769954501135,933.9334310305213,934.5388899576024,935.376265399738,936.2365026252726,936.8167749881432
mango_rmse_random,medium,2006-12-31,2007Q1,2,GDP,935.9798533616328,964.7236703008948,-28.743816939262047,933.848898568853,934.6939474900931,935.9937974290353,937.2703852228689,938.1057106729653
mango_rmse_random,medium,2006-12-31,2007Q2,3,GDP,936.7989045424505,965.3600754705748,-28.561170928124284,933.8689918826284,935.1141064615606,936.8498947534324,938.4998031314794,939.5552676065438
mango_rmse_random,medium,2006-12-31,2007Q3,4,GDP,937.4910235761939,965.9605755120938,-28.469551935899858,933.9579780516138,935.4462720784012,937.5284152275376,939.5282871449338,940.9307215153761
mango_rmse_random,medium,2006-12-31,2007Q4,5,GDP,938.2740083396669,966.5683687041123,-28.294360364445424,934.0807412523109,935.8932244047445,938.2947734008841,940.645181078711,942.2241317357067
mango_rmse_random,medium,2006-12-31,2008Q1,6,GDP,938.936858639356,966.1601069749734,-27.223248335617313,934.260655796353,936.2407239099819,938.9766359517814,941.5848115863356,943.6706236883873
mango_rmse_random,medium,2006-12-31,2008Q2,7,GDP,939.6856875573368,966.730770931016,-27.045083373679176,934.5134278170001,936.7517013464908,939.7378524152889,942.5834155180496,944.6417066104086
mango_rmse_random,medium,2006-12-31,2008Q3,8,GDP,940.4263314570351,966.2024850530005,-25.77615359596541,934.8460990888365,937.2524925371667,940.4864402596223,943.7232488662147,945.8198628199157
mango_rmse_random,medium,2006-12-31,2006Q4,1,HOURS,479.88171300310233,465.62909654958054,14.252616453521796,478.5439407533643,479.06732536232505,479.8738331532551,480.7240155222056,481.2204207050389
mango_rmse_random,medium,2006-12-31,2007Q1,2,HOURS,480.085281892816,465.77246847229804,14.312813420517955,477.6586895862449,478.6802848078075,480.0862358658486,481.5455465613939,482.3794593470689
mango_rmse_random,medium,2006-12-31,2007Q2,3,HOURS,480.2447143361555,466.2731296512623,13.971584684893173,476.90080440899294,478.29123392211295,480.2699219618781,482.2371264457396,483.5115892462662
mango_rmse_random,medium,2006-12-31,2007Q3,4,HOURS,480.4560147771569,465.8900508409059,14.565963936251023,476.3919777644279,477.9790989343563,480.42697195036317,482.903510375042,484.4990514575844
mango_rmse_random,medium,2006-12-31,2007Q4,5,HOURS,480.6808422644385,465.54069224148026,15.140150022958267,475.9167426919021,477.87106594448136,480.685075252038,483.51876829850767,485.42816396695594
mango_rmse_random,medium,2006-12-31,2008Q1,6,HOURS,480.8529699276709,465.22350531644213,15.629464611228798,475.54601482120995,477.69923108968175,480.8846428572592,484.08776147909055,486.2677882762299
mango_rmse_random,medium,2006-12-31,2008Q2,7,HOURS,481.08227585676195,464.68014529590437,16.402130560857586,475.0203165597485,477.5678753447412,481.07632850984305,484.6527571323649,487.12033044814746
mango_rmse_random,medium,2006-12-31,2008Q3,8,HOURS,481.3321559611983,463.5291936540614,17.80296230713691,474.73791963330336,477.48690523342896,481.43382797380855,485.1518749480077,487.9454389718749
mango_rmse_random,medium,2006-12-31,2006Q4,1,INV,757.9428606037964,790.1927739141016,-32.24991331030526,750.084098659564,753.1804053757724,758.1049494076736,762.521922346259,765.6839326606535
mango_rmse_random,medium,2006-12-31,2007Q1,2,INV,759.8429300919456,789.5023631425074,-29.659433050561802,748.5160158342662,753.1968521387078,759.9606277053533,766.2513467018096,771.0904435905043
mango_rmse_random,medium,2006-12-31,2007Q2,3,INV,760.3593924656926,790.5992750863104,-30.239882620617777,745.9850935018463,751.7356744455041,760.5677901854509,768.5791343038253,774.1817466406864
mango_rmse_random,medium,2006-12-31,2007Q3,4,INV,760.6331366791737,789.5847840191325,-28.951647339958754,743.789645724381,750.3542282362328,760.999100526687,770.525146475058,777.0162129614727
mango_rmse_random,medium,2006-12-31,2007Q4,5,INV,761.6443731436565,788.3467462094385,-26.702373065782012,743.1573360593256,750.5683848541878,761.7823878930726,772.5712672237214,780.1264645360515
mango_rmse_random,medium,2006-12-31,2008Q1,6,INV,761.7979591773515,785.6804736421575,-23.882514464806036,741.0308836906079,749.2893013259599,761.5342634852257,774.2861322549235,782.6261395193299
mango_rmse_random,medium,2006-12-31,2008Q2,7,INV,762.5664191386599,783.8502214603918,-21.28380232173197,740.9491921888037,748.9519420815748,762.3226463559289,776.1233574588764,785.3397132097765
mango_rmse_random,medium,2006-12-31,2008Q3,8,INV,763.4888779629886,781.8248839683592,-18.336006005370677,739.5877018887082,748.5881753087829,763.3248689059913,778.2050879470081,788.9512771629967
mango_rmse_random,medium,2006-12-31,2006Q4,1,WAGE,479.4810956987722,460.156369039398,19.32472665937422,478.3106565045238,478.77678437560564,479.47295112996716,480.1674401337975,480.6656047687581
mango_rmse_random,medium,2006-12-31,2007Q1,2,WAGE,479.8554822800679,461.45956266352465,18.395919616543267,478.3326980325716,478.8798029768144,479.83673714489714,480.8035530576592,481.47593521447874
mango_rmse_random,medium,2006-12-31,2007Q2,3,WAGE,480.0756641075205,460.2255943706066,19.850069736913895,478.0523410209681,478.8561009450896,480.05082367224816,481.30861219915045,482.16207616744197
mango_rmse_random,medium,2006-12-31,2007Q3,4,WAGE,480.3962811772062,460.0519387772664,20.34434239993982,478.02223084637035,478.91354473827687,480.39903125989963,481.8432586496824,482.83239104505816
mango_rmse_random,medium,2006-12-31,2007Q4,5,WAGE,480.65750601446825,460.03184352570673,20.62566248876152,477.90783250655903,478.9132110313568,480.65056626510284,482.3040425326336,483.4678815065701
mango_rmse_random,medium,2006-12-31,2008Q1,6,WAGE,480.97956733880767,459.9262771523625,21.053290186445167,477.77208759384797,479.02912635267916,481.02477864642844,482.93515587020767,484.0753858420478
mango_rmse_random,medium,2006-12-31,2008Q2,7,WAGE,481.24158951425426,458.7657734236793,22.475816090574938,477.6269509310988,479.15249716026625,481.2211054477831,483.3562572273194,484.8369630799469
mango_rmse_random,medium,2006-12-31,2008Q3,8,WAGE,481.5337847222672,458.23722773120875,23.29655699105848,477.63647627426127,479.28918326180826,481.4879997554329,483.83587084491745,485.4157031179214
mango_rmse_random,medium,2007-03-31,2007Q1,1,CONS,901.7001192055425,926.5969288954141,-24.89680968987159,900.6371006296903,901.0865250238239,901.6947978891038,902.3009514444411,902.7197246472446
mango_rmse_random,medium,2007-03-31,2007Q2,2,CONS,902.4505757545267,926.8589940290503,-24.408418274523683,900.8720824055607,901.4694274042444,902.4481343185214,903.3768939336661,904.0452827709234
mango_rmse_random,medium,2007-03-31,2007Q3,3,CONS,903.4750931384261,927.5238765851791,-24.048783446752964,901.3463956513541,902.2061289107578,903.4390002904004,904.7488663669063,905.6506849242463
mango_rmse_random,medium,2007-03-31,2007Q4,4,CONS,904.1618811249583,927.9171790430295,-23.755297918071165,901.4490147028778,902.4538860210471,904.1446478006847,905.7895040463014,906.872319495524
mango_rmse_random,medium,2007-03-31,2008Q1,5,CONS,904.9372141265528,927.779965478359,-22.842751351806214,901.6951431021092,902.8709299520051,904.9171512762666,906.9669848283282,908.3136055698197
mango_rmse_random,medium,2007-03-31,2008Q2,6,CONS,905.7805979624545,928.0551554354275,-22.274557472973015,901.9607585502096,903.3882443338264,905.8065628285782,908.176674481333,909.6925995639164
mango_rmse_random,medium,2007-03-31,2008Q3,7,CONS,906.581516756614,927.2814388489875,-20.699922092373527,902.0981021417067,903.7457417247392,906.5767931791527,909.4173862990405,911.0891537764098
mango_rmse_random,medium,2007-03-31,2008Q4,8,CONS,907.4397029331093,926.3774213756642,-18.93771844255491,902.379396188622,904.2473425813215,907.3901308112559,910.5475034629179,912.7959737560134
mango_rmse_random,medium,2007-03-31,2007Q1,1,DEFL,476.848485894246,452.0037044010234,24.84478149322257,475.9883247513589,476.3342643560075,476.8467357290153,477.34067039672567,477.71918113694534
mango_rmse_random,medium,2007-03-31,2007Q2,2,DEFL,477.5916660286258,452.67004072796027,24.92162530066554,476.1415624788259,476.7214933283822,477.5946326257771,478.452300065883,479.0776700880619
mango_rmse_random,medium,2007-03-31,2007Q3,3,DEFL,478.32931876181,453.18788034112526,25.14143842068472,476.28893495857284,477.04803046189846,478.3330350829972,479.5595174937501,480.412998781362
mango_rmse_random,medium,2007-03-31,2007Q4,4,DEFL,479.12264453116023,453.61094550558823,25.511699025572,476.28624258239,477.36122958402103,479.11142466104013,480.84598392016187,481.89401600338607
mango_rmse_random,medium,2007-03-31,2008Q1,5,DEFL,479.9565532667555,453.9617817747856,25.994771491969914,476.26221282612124,477.65406940201876,479.9826650780906,482.1597535261057,483.5259376982751
mango_rmse_random,medium,2007-03-31,2008Q2,6,DEFL,480.8099955447546,454.46768055591286,26.342314988841736,476.12324230210874,477.98521492722546,480.88284415934913,483.5766548086798,485.3757011506069
mango_rmse_random,medium,2007-03-31,2008Q3,7,DEFL,481.71111905496304,455.2191261197205,26.491992935242536,475.9649396023029,478.2911908423706,481.7996223075006,485.03272921929874,487.18477815721326
mango_rmse_random,medium,2007-03-31,2008Q4,8,DEFL,482.62842131125456,455.45608681615494,27.17233449509962,475.9074352074413,478.648125328411,482.6793543161503,486.53876087783726,489.0512621554623
mango_rmse_random,medium,2007-03-31,2007Q1,1,FFR,5.178355943161439,5.256666666666667,-0.07831072350522739,3.4990111902595236,4.166345287623808,5.185167945656726,6.20511027732629,6.874344045781704
mango_rmse_random,medium,2007-03-31,2007Q2,2,FFR,5.2122868158352595,5.25,-0.037713184164740454,2.5876581959043863,3.6462779706905537,5.2429559692827645,6.779903509178438,7.798429172218451
mango_rmse_random,medium,2007-03-31,2007Q3,3,FFR,5.414932155819245,5.073333333333333,0.34159882248591167,2.2708820893221535,3.497234252076747,5.4076642476830905,7.350457661295483,8.474939087399465
mango_rmse_random,medium,2007-03-31,2007Q4,4,FFR,5.496629502887509,4.496666666666667,0.9999628362208419,1.6889179254174067,3.180471905224211,5.524590840977539,7.809827068336163,9.211504977293108
mango_rmse_random,medium,2007-03-31,2008Q1,5,FFR,5.3908617474076355,3.1766666666666663,2.214195080740969,0.9091781446925544,2.6434654426247324,5.444896687315506,7.9972060978819535,9.694633660840957
mango_rmse_random,medium,2007-03-31,2008Q2,6,FFR,5.463366830194149,2.0866666666666664,3.3767001635274823,0.7320950530533674,2.6006492901621,5.4640537092052455,8.36261419410594,10.203900136475577
mango_rmse_random,medium,2007-03-31,2008Q3,7,FFR,5.586779859063066,1.9400000000000002,3.6467798590630656,0.41315520676239503,2.3089130326269625,5.525888214855428,8.793869891045334,10.860965071914826
mango_rmse_random,medium,2007-03-31,2008Q4,8,FFR,5.656953014905764,0.5066666666666667,5.1502863482390975,0.024255821759030766,2.2722669069487873,5.676693983436441,8.97370634090023,11.179716056749447
mango_rmse_random,medium,2007-03-31,2007Q1,1,GDP,935.9257524845459,964.7236703008948,-28.7979178163489,934.4522127640195,935.0148506884525,935.9061857362898,936.8184445663431,937.4269788605303
mango_rmse_random,medium,2007-03-31,2007Q2,2,GDP,936.4595288299208,965.3600754705748,-28.900546640653943,934.1080112721976,935.1158099774332,936.4752028809464,937.8107571992126,938.7435991684674
mango_rmse_random,medium,2007-03-31,2007Q3,3,GDP,937.2347209297527,965.9605755120938,-28.72585458234107,934.2885630819469,935.474566231566,937.2637897423139,938.9980588091648,940.1738438236991
mango_rmse_random,medium,2007-03-31,2007Q4,4,GDP,937.9510196262477,966.5683687041123,-28.617349077864674,934.4713668812738,935.8203714600621,937.8966489296461,940.1489582936716,941.4321968895082
mango_rmse_random,medium,2007-03-31,2008Q1,5,GDP,938.6536271113908,966.1601069749734,-27.506479863582513,934.6228889448719,936.2956501563266,938.6165626513075,941.1411157189741,942.6798401588449
mango_rmse_random,medium,2007-03-31,2008Q2,6,GDP,939.396286426892,966.730770931016,-27.33448450412402,934.9081557562155,936.5811591076052,939.34237439404,942.2504073727257,943.83205844233
mango_rmse_random,medium,2007-03-31,2008Q3,7,GDP,940.15610609142,966.2024850530005,-26.046378961580444,935.2169146847938,937.0985497410798,940.1400666707682,943.3441801846826,945.1515386365926
mango_rmse_random,medium,2007-03-31,2008Q4,8,GDP,940.9134739726347,963.9952057445751,-23.081731771940326,935.3176882776058,937.6209298663443,940.8482989023123,944.3650349773395,946.4974766670052
mango_rmse_random,medium,2007-03-31,2007Q1,1,HOURS,480.85333499995147,465.77246847229804,15.080866527653427,479.52101603725293,479.9993115799248,480.8484528577059,481.667249415519,482.3142369268366
mango_rmse_random,medium,2007-03-31,2007Q2,2,HOURS,480.977489913527,466.2731296512623,14.704360262264686,478.53596356919,479.5195633581697,480.96042825494294,482.4123509621772,483.4671817511401
mango_rmse_random,medium,2007-03-31,2007Q3,3,HOURS,481.1673527665342,465.8900508409059,15.277301925628308,477.83120746761,479.1620202348472,481.14847251785113,483.19092426877666,484.53255109327864
mango_rmse_random,medium,2007-03-31,2007Q4,4,HOURS,481.40963388675743,465.54069224148026,15.868941645277175,477.13143435021703,478.87300886363823,481.3688208897811,483.9305693830577,485.8609467271494
mango_rmse_random,medium,2007-03-31,2008Q1,5,HOURS,481.61621723876596,465.22350531644213,16.392711922323826,476.67565752775414,478.59217931731587,481.60509412601664,484.6176624372756,486.64702059713335
mango_rmse_random,medium,2007-03-31,2008Q2,6,HOURS,481.89345586084914,464.68014529590437,17.213310564944777,476.2472502534303,478.37545452198157,481.90443085894924,485.2835168840292,487.72064526724944
mango_rmse_random,medium,2007-03-31,2008Q3,7,HOURS,482.20167258591977,463.5291936540614,18.672478931858393,476.11669155279975,478.3776280933022,482.23419326909044,485.94723970022085,488.66078202383034
mango_rmse_random,medium,2007-03-31,2008Q4,8,HOURS,482.51213794716233,460.7158208561043,21.79631709105803,475.6664354413154,478.4516916634957,482.5855283151376,486.589871747065,489.39202795789595
mango_rmse_random,medium,2007-03-31,2007Q1,1,INV,757.0283973465331,789.5023631425074,-32.47396579597432,749.1001056931677,752.4371479997869,757.089011466777,761.808961808762,764.6120150856767
mango_rmse_random,medium,2007-03-31,2007Q2,2,INV,756.6804966746372,790.5992750863104,-33.9187784116732,745.4317274270486,749.8169352258761,756.7176737762717,763.6060598875408,767.9192257717657
mango_rmse_random,medium,2007-03-31,2007Q3,3,INV,755.6655195400783,789.5847840191325,-33.91926447905416,741.3911386543792,747.1245242688339,755.7089098020351,763.9464849818243,769.4287289360373
mango_rmse_random,medium,2007-03-31,2007Q4,4,INV,757.0483114060879,788.3467462094385,-31.298434803350574,740.6597116889433,747.2050955398189,757.136672707262,766.7020417869539,773.6017987712461
mango_rmse_random,medium,2007-03-31,2008Q1,5,INV,757.6432532678642,785.6804736421575,-28.03722037429327,738.4352421498786,746.3127251084915,758.063151738738,768.951385634141,775.7752377580188
mango_rmse_random,medium,2007-03-31,2008Q2,6,INV,758.3234336930046,783.8502214603918,-25.52678776738719,737.8574842712078,745.6062117065804,758.2062237935241,770.6473821926261,779.0371358179676
mango_rmse_random,medium,2007-03-31,2008Q3,7,INV,759.4891235319368,781.8248839683592,-22.335760436422447,737.2148158234978,746.061338623869,758.9945298389925,773.1323304029278,782.7787372040405
mango_rmse_random,medium,2007-03-31,2008Q4,8,INV,760.3298347436034,771.7102465089438,-11.380411765340341,736.7566862027003,745.3652272948667,760.4435650768177,775.0867679413706,785.0875068387961
mango_rmse_random,medium,2007-03-31,2007Q1,1,WAGE,480.9254820420035,461.45956266352465,19.465919378478873,479.6479793398632,480.16860742788515,480.9516006621094,481.6924655485981,482.16204744284875
mango_rmse_random,medium,2007-03-31,2007Q2,2,WAGE,480.97923142697897,460.2255943706066,20.753637056372384,479.27875792361465,479.919479040797,480.9749894375491,482.0096092123387,482.6776090554283
mango_rmse_random,medium,2007-03-31,2007Q3,3,WAGE,481.2868177253858,460.0519387772664,21.234878948119388,479.1885458836659,480.02934439641433,481.3169380440223,482.4699047847866,483.42676690028844
mango_rmse_random,medium,2007-03-31,2007Q4,4,WAGE,481.60060711365855,460.03184352570673,21.56876358795182,479.1065116749702,480.1482833818511,481.61283100416426,483.0381341458317,484.11696824768296
mango_rmse_random,medium,2007-03-31,2008Q1,5,WAGE,481.8170161887941,459.9262771523625,21.890739036431626,479.016059344009,480.1351000470147,481.8245953582565,483.5282775322045,484.6502064692306
mango_rmse_random,medium,2007-03-31,2008Q2,6,WAGE,482.0968069671459,458.7657734236793,23.33103354346656,478.8642958959502,480.17944781979435,482.12475066358485,484.0387233942976,485.3275414174416
mango_rmse_random,medium,2007-03-31,2008Q3,7,WAGE,482.32156708913834,458.23722773120875,24.084339357929593,478.6533174008125,480.19535006927293,482.3700262182814,484.39145686152875,485.93724565143106
mango_rmse_random,medium,2007-03-31,2008Q4,8,WAGE,482.5716590544287,461.8984329821462,20.673226072282546,478.62438802446223,480.1735336808123,482.6279042954635,484.8864817056628,486.50606629602487
mango_rmse_random,medium,2007-06-30,2007Q2,1,CONS,902.6060113331282,926.8589940290503,-24.252982695922128,901.602859020129,901.9743505158588,902.6057133195637,903.2337085196502,903.6138010603163
mango_rmse_random,medium,2007-06-30,2007Q3,2,CONS,903.6348319608924,927.5238765851791,-23.889044624286726,902.0920369771443,902.7207869286041,903.6257777667328,904.5692699752925,905.1722215182796
mango_rmse_random,medium,2007-06-30,2007Q4,3,CONS,904.3686923489646,927.9171790430295,-23.548486694064877,902.1993203311636,903.1584126468763,904.3695899235877,905.5824489717357,906.3806318769572
mango_rmse_random,medium,2007-06-30,2008Q1,4,CONS,905.12803028029,927.779965478359,-22.651935198069054,902.4545888326853,903.5125614371312,905.1792788156257,906.7499062130871,907.7981200451837
mango_rmse_random,medium,2007-06-30,2008Q2,5,CONS,906.0010207177255,928.0551554354275,-22.054134717702027,902.7108570022807,904.0875974476344,906.0436934360607,907.9532273965342,909.1915257077717
mango_rmse_random,medium,2007-06-30,2008Q3,6,CONS,906.8007264360313,927.2814388489875,-20.480712412956223,902.8790773915703,904.5344020175205,906.8839988659618,909.0645723411549,910.4778569466425
mango_rmse_random,medium,2007-06-30,2008Q4,7,CONS,907.6283930845623,926.3774213756642,-18.749028291101922,903.1148381284395,904.9973650321792,907.6890213490008,910.2373368602565,912.0019693473743
mango_rmse_random,medium,2007-06-30,2009Q1,8,CONS,908.4364751585118,926.1231470493817,-17.68667189086989,903.3879238041609,905.5316310501466,908.5363128008524,911.4076271960084,913.3703748585283
mango_rmse_random,medium,2007-06-30,2007Q2,1,DEFL,477.99328673469785,452.67004072796027,25.323246006737577,477.1598415964476,477.5007088965432,477.996004722055,478.48965200156385,478.85303853673685
mango_rmse_random,medium,2007-06-30,2007Q3,2,DEFL,478.773152555613,453.18788034112526,25.58527221448776,477.3375925714036,477.9197333098114,478.78283295764925,479.5950937214993,480.1433509193924
mango_rmse_random,medium,2007-06-30,2007Q4,3,DEFL,479.66421476453564,453.61094550558823,26.05326925894741,477.6663245433318,478.435928937096,479.6435597768846,480.85346743576366,481.68570688129086
mango_rmse_random,medium,2007-06-30,2008Q1,4,DEFL,480.60189538803263,453.9617817747856,26.640113613247024,477.87321935967304,478.9485265746904,480.61282773781846,482.2610236783848,483.3608356815105
mango_rmse_random,medium,2007-06-30,2008Q2,5,DEFL,481.5282325160367,454.46768055591286,27.06055196012386,478.0267876603342,479.41593989802493,481.5073924297052,483.7423893249769,485.1078300847994
mango_rmse_random,medium,2007-06-30,2008Q3,6,DEFL,482.4657196917813,455.2191261197205,27.246593572060817,478.0217466040478,479.7959789002401,482.4608875567661,485.19221677371996,486.98699659245443
mango_rmse_random,medium,2007-06-30,2008Q4,7,DEFL,483.4433793607691,455.45608681615494,27.98729254461415,478.08161725112524,480.12918487065684,483.45000426519863,486.70168694830716,488.86656432819746
mango_rmse_random,medium,2007-06-30,2009Q1,8,DEFL,484.4297682551813,455.406634733688,29.023133521493264,478.0206518959232,480.66220682598026,484.44624581705114,488.21416797501604,490.8129716737378
mango_rmse_random,medium,2007-06-30,2007Q2,1,FFR,5.204077984305857,5.25,-0.04592201569414289,3.558263825125686,4.220170162997099,5.192790973293169,6.237211841672959,6.889366747671044
mango_rmse_random,medium,2007-06-30,2007Q3,2,FFR,5.187866860066933,5.073333333333333,0.11453352673359962,2.557293444552003,3.6691099333186874,5.177927180856569,6.714983956649431,7.760684711010241
mango_rmse_random,medium,2007-06-30,2007Q4,3,FFR,5.521916959161748,4.496666666666667,1.0252502924950813,2.205544920943755,3.6401195955560266,5.62601058515251,7.31802458274776,8.646809680638306
mango_rmse_random,medium,2007-06-30,2008Q1,4,FFR,5.522061690145673,3.1766666666666663,2.3453950234790066,1.8353104653446466,3.2991141571496603,5.562511308412313,7.71358230420506,9.131016725198174
mango_rmse_random,medium,2007-06-30,2008Q2,5,FFR,5.556342004910491,2.0866666666666664,3.469675338243824,1.2971245838427503,3.028167276594805,5.562067819665208,8.061338071559408,9.871366014428427
mango_rmse_random,medium,2007-06-30,2008Q3,6,FFR,5.653840472725327,1.9400000000000002,3.7138404727253267,1.143879102001199,2.7785221997722727,5.676106525229482,8.387594827626968,10.239073215850784
mango_rmse_random,medium,2007-06-30,2008Q4,7,FFR,5.671431686346038,0.5066666666666667,5.164765019679371,0.5382988762019524,2.643766893316176,5.753268124624227,8.67755341762035,10.730153730328215
mango_rmse_random,medium,2007-06-30,2009Q1,8,FFR,5.709274081341144,0.18333333333333335,5.525940748007811,-0.044748335523503296,2.484871571821445,5.768455785859141,9.015667515970348,11.098696228457667
mango_rmse_random,medium,2007-06-30,2007Q2,1,GDP,935.9907866390793,965.3600754705748,-29.36928883149551,934.4686579106399,935.0860338112741,935.9882620359843,936.8712674900188,937.470689617257
mango_rmse_random,medium,2007-06-30,2007Q3,2,GDP,936.8869343448363,965.9605755120938,-29.073641167257506,934.5815623965796,935.5102140962247,936.9253326872647,938.2178356603881,939.1132705226307
mango_rmse_random,medium,2007-06-30,2007Q4,3,GDP,937.5537433886624,966.5683687041123,-29.014625315449962,934.6401751705571,935.7958733558243,937.6046979445913,939.2596882973525,940.3774379183315
mango_rmse_random,medium,2007-06-30,2008Q1,4,GDP,938.3808151374553,966.1601069749734,-27.77929183751803,934.8390291309626,936.3234475141436,938.445839441456,940.3920436748765,941.6612500501471
mango_rmse_random,medium,2007-06-30,2008Q2,5,GDP,939.0733639684087,966.730770931016,-27.657406962607297,934.9707947296037,936.5465997024771,939.2324059882978,941.4656218355146,942.8898811582396
mango_rmse_random,medium,2007-06-30,2008Q3,6,GDP,939.8822634803693,966.2024850530005,-26.320221572631226,935.2875707696503,937.0406044600735,939.9683504463974,942.6779168516186,944.2160805986474
mango_rmse_random,medium,2007-06-30,2008Q4,7,GDP,940.5657548379785,963.9952057445751,-23.42945090659657,935.4241443124486,937.5155940496786,940.6408284440937,943.6189646342297,945.5180018062671
mango_rmse_random,medium,2007-06-30,2009Q1,8,GDP,941.2854611997377,962.8226353991014,-21.537174199363676,935.5742519651443,938.038217951715,941.3351994010275,944.5241842651411,946.7282493107765
mango_rmse_random,medium,2007-06-30,2007Q2,1,HOURS,480.59524631022776,466.2731296512623,14.322116658965456,479.2136499970408,479.7992355795486,480.57980289442696,481.4205391549698,482.0413645555965
mango_rmse_random,medium,2007-06-30,2007Q3,2,HOURS,480.8363840705942,465.8900508409059,14.946333229688321,478.45290057735457,479.40698661976836,480.79119848436187,482.2841522288646,483.2023062077048
mango_rmse_random,medium,2007-06-30,2007Q4,3,HOURS,481.071903982111,465.54069224148026,15.531211740630738,477.71511785407915,479.12250550293174,481.04475897437396,483.0516075457435,484.3350428298874
mango_rmse_random,medium,2007-06-30,2008Q1,4,HOURS,481.4158952504099,465.22350531644213,16.192389933967775,477.29774736185846,478.9982687331022,481.4420140043213,483.7848207052422,485.4610824539298
mango_rmse_random,medium,2007-06-30,2008Q2,5,HOURS,481.6764077257882,464.68014529590437,16.996262429883814,476.65857691792763,478.70515729720967,481.72238220617953,484.62784169430245,486.6719668278995
mango_rmse_random,medium,2007-06-30,2008Q3,6,HOURS,482.0091509973236,463.5291936540614,18.479957343262242,476.36547786299826,478.7681175159954,482.1693542185161,485.3193855662354,487.5400132437004
mango_rmse_random,medium,2007-06-30,2008Q4,7,HOURS,482.31792771986926,460.7158208561043,21.60210686376496,475.96281008446067,478.5503281738201,482.4176327272739,486.04937445049285,488.41214621265226
mango_rmse_random,medium,2007-06-30,2009Q1,8,HOURS,482.63156315468444,458.14920586335137,24.482357291333074,475.76792877214626,478.729549071108,482.65977517566967,486.69482165749184,489.13964097062234
mango_rmse_random,medium,2007-06-30,2007Q2,1,INV,753.615002249576,790.5992750863104,-36.98427283673436,745.8688934316585,748.7994108896872,753.5943345684614,758.3922160333257,761.4996237611582
mango_rmse_random,medium,2007-06-30,2007Q3,2,INV,752.8926921625778,789.5847840191325,-36.692091856554725,741.548777839147,745.628045604058,753.0377791591158,759.7582663727188,764.4451703264176
mango_rmse_random,medium,2007-06-30,2007Q4,3,INV,754.311359272482,788.3467462094385,-34.035386936956456,740.3768402366063,745.9297683067578,754.1847540217775,762.9149697912022,768.2487898532057
mango_rmse_random,medium,2007-06-30,2008Q1,4,INV,756.4388950682569,785.6804736421575,-29.241578573900597,740.550997336208,746.5255003108969,756.3076064723891,765.8406128618564,772.0337270259679
mango_rmse_random,medium,2007-06-30,2008Q2,5,INV,756.5810366073456,783.8502214603918,-27.269184853046227,738.0890684767928,745.4631915140525,756.6323006169712,767.5581497016374,775.1811349738092
mango_rmse_random,medium,2007-06-30,2008Q3,6,INV,757.9457520207613,781.8248839683592,-23.879131947597898,737.1344607517291,745.9538884581705,758.1768178056691,769.783653891456,777.7598817561386
mango_rmse_random,medium,2007-06-30,2008Q4,7,INV,758.7099594752528,771.7102465089438,-13.000287033690938,736.3302796158157,745.5654514898584,758.7699816941365,771.9594129888994,781.2505134672587
mango_rmse_random,medium,2007-06-30,2009Q1,8,INV,759.7105389612557,759.4303232463312,0.2802157149244522,735.8415402719248,745.4527440144681,759.8908720533307,774.4000981659965,783.9226365311465
mango_rmse_random,medium,2007-06-30,2007Q2,1,WAGE,480.9315902431293,460.2255943706066,20.705995872522692,479.7225195942182,480.1736480196659,480.94006333184825,481.68690447497573,482.14704482330353
mango_rmse_random,medium,2007-06-30,2007Q3,2,WAGE,481.297945759538,460.0519387772664,21.24600698227158,479.59228244527804,480.2932830327235,481.3007548316191,482.3246265296858,482.95100510806174
mango_rmse_random,medium,2007-06-30,2007Q4,3,WAGE,481.5651846199115,460.03184352570673,21.533341094204786,479.5317205187806,480.3551621300622,481.56574732052593,482.7886587617397,483.61551041669105
mango_rmse_random,medium,2007-06-30,2008Q1,4,WAGE,481.69378080747043,459.9262771523625,21.76750365510793,479.25425212688316,480.21022975409113,481.68591054094315,483.1711692606063,484.1470252189109
mango_rmse_random,medium,2007-06-30,2008Q2,5,WAGE,481.97767332428486,458.7657734236793,23.211899900605545,479.18769134366283,480.3044563472368,481.957860335195,483.72448595985145,484.78885484971215
mango_rmse_random,medium,2007-06-30,2008Q3,6,WAGE,482.21041170103535,458.23722773120875,23.973183969826607,478.9583311188008,480.3710495746776,482.26424880685636,484.1018150067905,485.3572295701728
mango_rmse_random,medium,2007-06-30,2008Q4,7,WAGE,482.4525690805682,461.8984329821462,20.55413609842202,478.816327740864,480.3955715538953,482.4796542798162,484.49646841027015,486.0194854347201
mango_rmse_random,medium,2007-06-30,2009Q1,8,WAGE,482.6741680615497,459.9192354301555,22.75493263139424,478.71797589586055,480.3920914120588,482.68827069895997,485.04834209199686,486.57689789077665
mango_rmse_random,medium,2007-09-30,2007Q3,1,CONS,902.6842503082978,927.5238765851791,-24.83962627688129,901.7127773177622,902.0943856497393,902.6631550227727,903.284044318148,903.6824818889177
mango_rmse_random,medium,2007-09-30,2007Q4,2,CONS,903.3685778931206,927.9171790430295,-24.548601149908905,901.8845242674187,902.4471075498868,903.3375497684349,904.2801771426833,904.9498836599892
mango_rmse_random,medium,2007-09-30,2008Q1,3,CONS,904.0263241717672,927.779965478359,-23.753641306591817,902.0552914820933,902.7225358031441,904.0487379159392,905.2880110753911,906.0548860046968
mango_rmse_random,medium,2007-09-30,2008Q2,4,CONS,904.7836552898325,928.0551554354275,-23.27150014559504,902.0809168533078,903.0871610586372,904.8136153523815,906.3849685375914,907.4703569344348
mango_rmse_random,medium,2007-09-30,2008Q3,5,CONS,905.5061505915853,927.2814388489875,-21.775288257402167,902.3582931116874,903.501311535746,905.4931644533114,907.452521325774,908.733920057461
mango_rmse_random,medium,2007-09-30,2008Q4,6,CONS,906.2622841218495,926.3774213756642,-20.115137253814737,902.5100180403986,903.9048640586226,906.2468750075236,908.5261030192688,910.0952840613197
mango_rmse_random,medium,2007-09-30,2009Q1,7,CONS,907.0261620276585,926.1231470493817,-19.096985021723185,902.602412584886,904.4127087566203,907.0079873040245,909.7521957989646,911.4787887652737
mango_rmse_random,medium,2007-09-30,2009Q2,8,CONS,907.7902448436807,925.6303496212205,-17.84010477753975,902.8001102599696,904.8445281875871,907.7816573485418,910.8326459586272,912.9368040990968
mango_rmse_random,medium,2007-09-30,2007Q3,1,DEFL,479.1527575280242,453.18788034112526,25.964877186898946,478.32152462030234,478.6439243728731,479.1597089297278,479.6554608465646,479.96199078762066
mango_rmse_random,medium,2007-09-30,2007Q4,2,DEFL,480.00249117748115,453.61094550558823,26.391545671892914,478.6323563987975,479.13761613654236,479.99989915868406,480.8534370417961,481.41022793386014
mango_rmse_random,medium,2007-09-30,2008Q1,3,DEFL,480.92243878703266,453.9617817747856,26.960657012247054,478.88221384909775,479.64707677228324,480.94267571138744,482.16170095171896,482.95694330330747
mango_rmse_random,medium,2007-09-30,2008Q2,4,DEFL,481.80697414785874,454.46768055591286,27.339293591945875,478.9845964913297,480.129311880283,481.8495960477744,483.4567009532694,484.6235068418824
mango_rmse_random,medium,2007-09-30,2008Q3,5,DEFL,482.7390478464079,455.2191261197205,27.519921726687414,479.13233644896525,480.5859273372451,482.7703046148974,484.9052655317182,486.31328570608144
mango_rmse_random,medium,2007-09-30,2008Q4,6,DEFL,483.68483737346395,455.45608681615494,28.228750557309013,479.1512498394099,480.9373357893033,483.7417281867106,486.3569022729218,488.10721449793226
mango_rmse_random,medium,2007-09-30,2009Q1,7,DEFL,484.6474082315699,455.406634733688,29.24077349788189,479.2327003019751,481.38521004621043,484.6712170743641,487.96447917694076,489.9906969718334
mango_rmse_random,medium,2007-09-30,2009Q2,8,DEFL,485.60763307671425,455.2317782083863,30.375854868327963,479.2355160266803,481.8154175107367,485.6530085932844,489.3784983490564,491.85590249356574
mango_rmse_random,medium,2007-09-30,2007Q3,1,FFR,5.359726421045358,5.073333333333333,0.28639308771202465,3.6883643683333074,4.3085757661794695,5.376226294077574,6.340490001443138,6.990263641126648
mango_rmse_random,medium,2007-09-30,2007Q4,2,FFR,5.763456032773944,4.496666666666667,1.266789366107277,3.2880007761531207,4.235282663243919,5.7717479782001195,7.299876125665118,8.335293914935507
mango_rmse_random,medium,2007-09-30,2008Q1,3,FFR,5.748677716081012,3.1766666666666663,2.5720110494143458,2.6883738014103487,3.87444382090724,5.708878184766472,7.645476879744238,8.991766925668795
mango_rmse_random,medium,2007-09-30,2008Q2,4,FFR,5.776635725358031,2.0866666666666664,3.6899690586913647,2.3435244327470226,3.609093239450808,5.74123427497584,7.954004388858178,9.55585079057898
mango_rmse_random,medium,2007-09-30,2008Q3,5,FFR,5.843756511152926,1.9400000000000002,3.9037565111529258,1.898879739810629,3.2682280152018808,5.7756978241893,8.402007893555217,10.135109342498232
mango_rmse_random,medium,2007-09-30,2008Q4,6,FFR,5.8820473319396385,0.5066666666666667,5.375380665272972,1.2971074847129946,3.006562395296194,5.789045986351642,8.786556120052227,10.70134852558465
mango_rmse_random,medium,2007-09-30,2009Q1,7,FFR,5.910949808004978,0.18333333333333335,5.7276164746716445,0.8266069431788511,2.911163988658253,5.897845015070693,8.976102047162739,11.137923291524313
mango_rmse_random,medium,2007-09-30,2009Q2,8,FFR,5.956689937352492,0.18000000000000002,5.776689937352493,0.4911853281728969,2.748168168951936,5.894155551168526,9.214730282875735,11.675755466153323
mango_rmse_random,medium,2007-09-30,2007Q3,1,GDP,935.9032731108637,965.9605755120938,-30.057302401230118,934.4133444250027,935.0259905181488,935.8895683848584,936.7833371350034,937.3796675398702
mango_rmse_random,medium,2007-09-30,2007Q4,2,GDP,936.5321319540843,966.5683687041123,-30.036236750028024,934.3033927847154,935.2149270596493,936.5115299511955,937.8672197182609,938.7624716366936
mango_rmse_random,medium,2007-09-30,2008Q1,3,GDP,937.2644668567832,966.1601069749734,-28.89564011819016,934.2924236508348,935.5434713898292,937.2747293832203,938.994141740267,940.2128831705546
mango_rmse_random,medium,2007-09-30,2008Q2,4,GDP,937.9239607589433,966.730770931016,-28.806810172072687,934.4347802376035,935.8287185685488,937.8954339648972,939.9919862061677,941.4979776165179
mango_rmse_random,medium,2007-09-30,2008Q3,5,GDP,938.6192385190552,966.2024850530005,-27.58324653394527,934.7089307878783,936.2150494861005,938.5901039000441,940.9074819725678,942.7432010441221
mango_rmse_random,medium,2007-09-30,2008Q4,6,GDP,939.2725473137483,963.9952057445751,-24.722658430826755,934.9214045100744,936.5609075401742,939.2734966813014,941.9221051279368,943.9838039514322
mango_rmse_random,medium,2007-09-30,2009Q1,7,GDP,939.9499690849665,962.8226353991014,-22.872666314134904,934.9949165665038,936.9523955584649,939.879115986453,943.0068566308512,945.1467929649729
mango_rmse_random,medium,2007-09-30,2009Q2,8,GDP,940.6622822467731,962.6532538909199,-21.99097164414684,935.2869780769142,937.4072308587183,940.6135399339289,943.8429566717203,946.3560096049397
mango_rmse_random,medium,2007-09-30,2007Q3,1,HOURS,481.21861018325137,465.8900508409059,15.3285593423455,479.8822343150375,480.39053563867947,481.22512149973886,482.0299135162219,482.56181963384756
mango_rmse_random,medium,2007-09-30,2007Q4,2,HOURS,481.4465770180725,465.54069224148026,15.905884776592245,479.0087136388219,480.08467219674037,481.4046156083159,482.87356070640556,483.8025764386167
mango_rmse_random,medium,2007-09-30,2008Q1,3,HOURS,481.7418171611691,465.22350531644213,16.518311844726952,478.3402624257863,479.8169762214228,481.7264733195682,483.6674934560907,485.0619629612526
mango_rmse_random,medium,2007-09-30,2008Q2,4,HOURS,482.00947518737553,464.68014529590437,17.32932989147116,478.0469301214284,479.59125696233525,482.0072324287085,484.4165549686192,486.1979271683775
mango_rmse_random,medium,2007-09-30,2008Q3,5,HOURS,482.2942257148665,463.5291936540614,18.76503206080514,477.53810956580685,479.31817599243334,482.2689695965846,485.15650579497634,487.1104071448873
mango_rmse_random,medium,2007-09-30,2008Q4,6,HOURS,482.5801547683266,460.7158208561043,21.86433391222232,476.9939302744765,479.202196009905,482.47667141949944,485.8857127520761,488.0037593067481
mango_rmse_random,medium,2007-09-30,2009Q1,7,HOURS,482.8630605207311,458.14920586335137,24.713854657379727,476.8604939113575,479.20924225211184,482.8580614561793,486.5184183864422,488.7333722182348
mango_rmse_random,medium,2007-09-30,2009Q2,8,HOURS,483.14958388267854,455.7826974477571,27.36688643492147,476.6446971427939,479.16675971813856,483.15359123123164,487.1334799311024,489.887578889184
mango_rmse_random,medium,2007-09-30,2007Q3,1,INV,750.0482645104015,789.5847840191325,-39.536519508730976,742.0098913686257,745.2200435331392,750.2206609190121,754.74162783931,757.7071210727436
mango_rmse_random,medium,2007-09-30,2007Q4,2,INV,751.0586710555253,788.3467462094385,-37.288075153913155,739.6484266953787,744.0704681860595,751.2335790462837,757.7916413563253,762.6817295827381
mango_rmse_random,medium,2007-09-30,2008Q1,3,INV,752.5855961618064,785.6804736421575,-33.0948774803511,737.7227909884331,743.8736897275105,752.7208485496944,761.3301661308541,767.2842055436382
mango_rmse_random,medium,2007-09-30,2008Q2,4,INV,752.7091607307307,783.8502214603918,-31.14106072966115,735.0815804377861,742.7727691597709,752.855470405782,762.7509152704996,769.2799998294372
mango_rmse_random,medium,2007-09-30,2008Q3,5,INV,753.8207989467426,781.8248839683592,-28.004085021616675,735.350490840423,742.4699273537021,753.98475351571,764.6850062569712,772.4522247154896
mango_rmse_random,medium,2007-09-30,2008Q4,6,INV,754.5778728674093,771.7102465089438,-17.132373641534514,733.5752493583557,742.497004788417,754.9364039743127,766.7128532136427,775.1457157561346
mango_rmse_random,medium,2007-09-30,2009Q1,7,INV,755.3325923212868,759.4303232463312,-4.097730925044402,733.2837269614057,742.185942085825,755.8637244060113,768.647955154996,777.3703116261194
mango_rmse_random,medium,2007-09-30,2009Q2,8,INV,756.2543095204412,753.4915957252271,2.762713795214154,731.0891233244897,741.7429758649589,756.6220634716833,770.5262160609029,780.312628752065
mango_rmse_random,medium,2007-09-30,2007Q3,1,WAGE,480.69453370752933,460.0519387772664,20.64259493026293,479.51631418143086,479.9797894527982,480.6891471336885,481.4112507589575,481.86259709131775
mango_rmse_random,medium,2007-09-30,2007Q4,2,WAGE,480.9915756837626,460.03184352570673,20.959732158055886,479.268657205992,479.9683987614296,480.991232007234,482.0516008195553,482.68474768734876
mango_rmse_random,medium,2007-09-30,2008Q1,3,WAGE,481.1629459545925,459.9262771523625,21.236668802229985,478.96850236812855,479.8497102109489,481.17800134826064,482.5349282399839,483.2061938036027
mango_rmse_random,medium,2007-09-30,2008Q2,4,WAGE,481.3631785988687,458.7657734236793,22.597405175189408,478.7964359244299,479.7920494098406,481.39370511045286,482.86767929799333,483.796039410492
mango_rmse_random,medium,2007-09-30,2008Q3,5,WAGE,481.54921612994866,458.23722773120875,23.311988398739913,478.5799263620052,479.85248409254854,481.60108270328453,483.30707317556755,484.40443623346937
mango_rmse_random,medium,2007-09-30,2008Q4,6,WAGE,481.74383067693475,461.8984329821462,19.845397694788574,478.38954597628174,479.7594564526114,481.73781357584494,483.6876054353458,485.0473089749675
mango_rmse_random,medium,2007-09-30,2009Q1,7,WAGE,481.966640436031,459.9192354301555,22.047405005875532,478.23263015619193,479.77454214761354,482.01806449808237,484.1841180318275,485.6801135668325
mango_rmse_random,medium,2007-09-30,2009Q2,8,WAGE,482.1465161741819,461.94872065828844,20.19779551589346,478.151166507147,479.77369805904954,482.1607945660928,484.54029215761204,486.20903039932057
mango_rmse_random,medium,2007-12-31,2007Q4,1,CONS,903.307971658942,927.9171790430295,-24.609207384087426,902.3494541417954,902.738279573169,903.3179692857906,903.8667038555468,904.2691752659164
mango_rmse_random,medium,2007-12-31,2008Q1,2,CONS,903.9845817745778,927.779965478359,-23.795383703781226,902.5233213676357,903.1160244860569,903.9787451739153,904.871669904627,905.4946367981241
mango_rmse_random,medium,2007-12-31,2008Q2,3,CONS,904.860055215346,928.0551554354275,-23.195100220081486,902.9053769400106,903.6507057088725,904.8474632697341,906.0826155830127,906.8748670969968
mango_rmse_random,medium,2007-12-31,2008Q3,4,CONS,905.7427032422779,927.2814388489875,-21.538735606709565,903.1870419651864,904.2577445445706,905.7681476816789,907.2624315244326,908.2047291960118
mango_rmse_random,medium,2007-12-31,2008Q4,5,CONS,906.6403930380618,926.3774213756642,-19.737028337602396,903.6354997773763,904.7937433781453,906.6204268219307,908.5176429534855,909.6905831486226
mango_rmse_random,medium,2007-12-31,2009Q1,6,CONS,907.5406487126926,926.1231470493817,-18.582498336689127,903.9404821523341,905.3981968700817,907.4984680620212,909.7294530341281,911.1318400813079
mango_rmse_random,medium,2007-12-31,2009Q2,7,CONS,908.4387888235427,925.6303496212205,-17.191560797677766,904.3609147206305,905.9751733212393,908.3638031263717,910.9095073121273,912.7976983542377
mango_rmse_random,medium,2007-12-31,2009Q3,8,CONS,909.37397580456,926.3005779585693,-16.926602154009288,904.7466109354456,906.5377100963328,909.2347955217565,912.2799815277793,914.1415306887259
mango_rmse_random,medium,2007-12-31,2007Q4,1,DEFL,479.22016114805683,453.61094550558823,25.609215642468598,478.3870731375701,478.7011495266886,479.21762404671597,479.7341628358621,480.0509323014545
mango_rmse_random,medium,2007-12-31,2008Q1,2,DEFL,479.9581329703177,453.9617817747856,25.9963511955321,478.5510448755839,479.0812657898583,479.9592613381135,480.81451426505527,481.38809539362506
mango_rmse_random,medium,2007-12-31,2008Q2,3,DEFL,480.64515695216005,454.46768055591286,26.177476396247187,478.6290400578385,479.3518608320368,480.66248221306586,481.8340740155981,482.62679403532866
mango_rmse_random,medium,2007-12-31,2008Q3,4,DEFL,481.31762863243625,455.2191261197205,26.098502512715754,478.5739376851532,479.6337910865834,481.3260214939769,482.9202291766369,484.0155865571161
mango_rmse_random,medium,2007-12-31,2008Q4,5,DEFL,482.0273291545896,455.45608681615494,26.571242338434672,478.4476311326966,479.82806001561596,482.10008034050577,484.1459167778741,485.56231324608507
mango_rmse_random,medium,2007-12-31,2009Q1,6,DEFL,482.7898500042174,455.406634733688,27.383215270529377,478.2271532188557,479.98358261469474,482.8921000219126,485.3920334248779,487.19722953857143
mango_rmse_random,medium,2007-12-31,2009Q2,7,DEFL,483.5636868869608,455.2317782083863,28.331908678574507,477.9670760668146,480.275749750654,483.64001204886483,486.78270588481695,488.85455497217845
mango_rmse_random,medium,2007-12-31,2009Q3,8,DEFL,484.34223205483926,455.33925638064517,29.00297567419409,477.7785499611209,480.38550184339107,484.4768703972271,488.10888590641815,490.71578959394014
mango_rmse_random,medium,2007-12-31,2007Q4,1,FFR,5.190176469323979,4.496666666666667,0.6935098026573119,3.674450594520725,4.238915392980732,5.142750932270712,6.165005789368767,6.82309132436495
mango_rmse_random,medium,2007-12-31,2008Q1,2,FFR,5.0940304883788095,3.1766666666666663,1.9173638217121431,2.743567420315842,3.67052042820255,5.033265086424191,6.599588959623981,7.522082910845756
mango_rmse_random,medium,2007-12-31,2008Q2,3,FFR,4.787769566049152,2.0866666666666664,2.701102899382486,1.7058503107494696,2.959106994573496,4.7849562178505565,6.597439643815666,7.7947597983469485
mango_rmse_random,medium,2007-12-31,2008Q3,4,FFR,4.748613827226185,1.9400000000000002,2.8086138272261847,1.117828600990863,2.5259206164652857,4.771539687965508,6.93495071867549,8.330175544241714
mango_rmse_random,medium,2007-12-31,2008Q4,5,FFR,4.836315178568815,0.5066666666666667,4.329648511902148,0.538799620179777,2.418883877295539,4.769872300822754,7.394321156905381,9.023459147942882
mango_rmse_random,medium,2007-12-31,2009Q1,6,FFR,4.833052246551863,0.18333333333333335,4.649718913218529,0.13201605801546354,2.0714716903388464,4.751412130173202,7.713339211192056,9.658965739117171
mango_rmse_random,medium,2007-12-31,2009Q2,7,FFR,4.808691475998266,0.18000000000000002,4.6286914759982665,-0.2054116396382681,1.7983834358140853,4.75504216205247,8.029609319791067,10.03535200689487
mango_rmse_random,medium,2007-12-31,2009Q3,8,FFR,4.898148932143727,0.15666666666666665,4.74148226547706,-0.6660910635453235,1.5231851342916558,4.862971845935076,8.182495325993859,10.592675219790252
mango_rmse_random,medium,2007-12-31,2007Q4,1,GDP,936.7638277135858,966.5683687041123,-29.80454099052656,935.3438550787006,935.8829660101101,936.7435480572461,937.6557749423525,938.2313684104398
mango_rmse_random,medium,2007-12-31,2008Q1,2,GDP,937.4000227007288,966.1601069749734,-28.760084274244605,935.1541300466674,936.050536605007,937.4125133595023,938.770274435186,939.6422679254296
mango_rmse_random,medium,2007-12-31,2008Q2,3,GDP,938.2013658516378,966.730770931016,-28.529405079378193,935.329191623924,936.4835997328587,938.2259021050252,939.9064390182791,941.0383706552121
mango_rmse_random,medium,2007-12-31,2008Q3,4,GDP,939.0056843773435,966.2024850530005,-27.19680067565696,935.4271890799503,937.0426049880164,939.0491650824821,940.9986296908203,942.3220492462982
mango_rmse_random,medium,2007-12-31,2008Q4,5,GDP,939.8597062996822,963.9952057445751,-24.135499444892844,935.9415817015202,937.4607257242619,939.9326751831285,942.1082436011142,943.6925721799969
mango_rmse_random,medium,2007-12-31,2009Q1,6,GDP,940.6819417879192,962.8226353991014,-22.1406936111822,936.3737234980326,938.0185719862884,940.7155243401751,943.275893314874,944.9464085312461
mango_rmse_random,medium,2007-12-31,2009Q2,7,GDP,941.5593947124447,962.6532538909199,-21.093859178475213,936.7487027006312,938.755684006931,941.5144141441394,944.3651745977409,946.3529653891613
mango_rmse_random,medium,2007-12-31,2009Q3,8,GDP,942.4469766577591,963.0145304911672,-20.567553833408056,937.4298907952867,939.3347121735246,942.4494012258549,945.476000697889,947.6601320208975
mango_rmse_random,medium,2007-12-31,2007Q4,1,HOURS,480.79010377922083,465.54069224148026,15.24941153774057,479.4077800951675,479.9723586541262,480.7952502514496,481.62744152794926,482.1601372210475
mango_rmse_random,medium,2007-12-31,2008Q1,2,HOURS,480.9888440596581,465.22350531644213,15.765338743215978,478.678085381877,479.5281628209365,481.01789932392376,482.46366596070885,483.39484656864266
mango_rmse_random,medium,2007-12-31,2008Q2,3,HOURS,481.20575692603876,464.68014529590437,16.525611630134392,477.9371345590663,479.2261997802468,481.24228693320975,483.11040962659104,484.59467128864617
mango_rmse_random,medium,2007-12-31,2008Q3,4,HOURS,481.4265170301877,463.5291936540614,17.897323376126337,477.31215183168456,479.0420364951277,481.4642688565692,483.8645477547376,485.5494701267547
mango_rmse_random,medium,2007-12-31,2008Q4,5,HOURS,481.7861192727244,460.7158208561043,21.07029841662012,476.9970949566712,478.95033171218006,481.8061476714212,484.75417616841656,486.53764545057317
mango_rmse_random,medium,2007-12-31,2009Q1,6,HOURS,482.1770773122223,458.14920586335137,24.02787144887094,476.9748283509234,478.8725211361021,482.1286933496799,485.47461879348674,487.7238780089431
mango_rmse_random,medium,2007-12-31,2009Q2,7,HOURS,482.6011192414857,455.7826974477571,26.818421793728646,476.57199632074565,478.9380128620594,482.6195637346465,486.25608600416604,488.7106896610191
mango_rmse_random,medium,2007-12-31,2009Q3,8,HOURS,483.0315820350802,454.67568674374314,28.35589529133705,476.4589963224927,479.1535149541481,483.08603544867265,486.9310146529679,489.5414391652486
mango_rmse_random,medium,2007-12-31,2007Q4,1,INV,751.5194139899294,788.3467462094385,-36.82733221950912,744.136124266825,746.858744008311,751.51522974258,756.0462477631321,759.0125232477103
mango_rmse_random,medium,2007-12-31,2008Q1,2,INV,753.3927876145787,785.6804736421575,-32.28768602757884,742.5130570849539,746.5528340277932,753.3867265155349,760.1535041307008,764.334841828349
mango_rmse_random,medium,2007-12-31,2008Q2,3,INV,754.0860234274452,783.8502214603918,-29.764198032946638,739.9846910489621,745.6263811122171,754.1508076556071,762.4119659732027,767.9997012972595
mango_rmse_random,medium,2007-12-31,2008Q3,4,INV,754.9876484531987,781.8248839683592,-26.8372355151605,739.0796686678227,745.5131842390513,755.0164559032859,764.396457522714,770.8764296675246
mango_rmse_random,medium,2007-12-31,2008Q4,5,INV,756.6109225984007,771.7102465089438,-15.099323910543035,739.0682824865721,746.1513099047773,756.5915817036484,767.1488179196425,774.5831288620421
mango_rmse_random,medium,2007-12-31,2009Q1,6,INV,758.0339855428444,759.4303232463312,-1.396337703486779,738.9650522456823,746.1092523599789,758.3631562349156,769.3328856533305,778.2758045181328
mango_rmse_random,medium,2007-12-31,2009Q2,7,INV,759.5327528209051,753.4915957252271,6.041157095678045,738.4508899505196,746.6506717440196,759.6824029499737,771.9568832592528,780.6346495784991
mango_rmse_random,medium,2007-12-31,2009Q3,8,INV,760.9865461482891,753.2630578079347,7.723488340354379,737.3374035217972,747.3018298545386,761.0178692245473,774.7365435760172,784.6687804818474
mango_rmse_random,medium,2007-12-31,2007Q4,1,WAGE,480.9378570077244,460.03184352570673,20.90601348201767,479.7846714942995,480.2373820578006,480.9404065541128,481.6465475426379,482.10355537338427
mango_rmse_random,medium,2007-12-31,2008Q1,2,WAGE,481.1487632441487,459.9262771523625,21.22248609178621,479.43128638996063,480.1362823225392,481.1760491047205,482.16366599529425,482.7913463463951
mango_rmse_random,medium,2007-12-31,2008Q2,3,WAGE,481.3430556282711,458.7657734236793,22.577282204591768,479.2747777932889,480.13406968846454,481.39810522909465,482.5597690043022,483.2829032280757
mango_rmse_random,medium,2007-12-31,2008Q3,4,WAGE,481.64448047525053,458.23722773120875,23.407252744041784,479.1939149749762,480.2410952196788,481.70702416809104,483.0401376616816,483.95699556233797
mango_rmse_random,medium,2007-12-31,2008Q4,5,WAGE,481.9308886417392,461.8984329821462,20.03245565959304,479.0248721864863,480.3070393533009,481.99694738749395,483.5253227954634,484.7129180891216
mango_rmse_random,medium,2007-12-31,2009Q1,6,WAGE,482.1710750049119,459.9192354301555,22.251839574756445,478.9734330945191,480.28129233099486,482.2309276168961,484.02475148750614,485.26320234985684
mango_rmse_random,medium,2007-12-31,2009Q2,7,WAGE,482.4246197378442,461.94872065828844,20.475899079555745,478.9830285990145,480.33807736000136,482.4499897309338,484.5120773072761,486.0303746956864
mango_rmse_random,medium,2007-12-31,2009Q3,8,WAGE,482.7266728009758,461.7928452086754,20.933827592300418,478.73790709992267,480.51564652641,482.76054985443966,484.9703667166107,486.7223889381482
mango_rmse_random,medium,2008-03-31,2008Q1,1,CONS,903.7218270046023,927.779965478359,-24.058138473756685,902.8067425986656,903.1658383842582,903.732798387329,904.2596911193926,904.6383754761879
mango_rmse_random,medium,2008-03-31,2008Q2,2,CONS,904.7091110094522,928.0551554354275,-23.34604442597538,903.2078485380321,903.853713445141,904.7362048443792,905.5770586527957,906.1691234843643
mango_rmse_random,medium,2008-03-31,2008Q3,3,CONS,905.5762987712246,927.2814388489875,-21.70514007776285,903.5709312461377,904.3889548337615,905.600906460882,906.7666190615407,907.5415821068525
mango_rmse_random,medium,2008-03-31,2008Q4,4,CONS,906.5793330510944,926.3774213756642,-19.79808832456979,903.8686744790814,905.0433394637404,906.5846572803828,908.1497277968487,909.0751834228001
mango_rmse_random,medium,2008-03-31,2009Q1,5,CONS,907.5524080397084,926.1231470493817,-18.570739009673275,904.3194428856198,905.558995159985,907.5894885616997,909.4722815134722,910.634637279667
mango_rmse_random,medium,2008-03-31,2009Q2,6,CONS,908.4290833575221,925.6303496212205,-17.201266263698358,904.6837688055273,906.0946771296467,908.5000234461852,910.6185513310845,912.2002057495739
mango_rmse_random,medium,2008-03-31,2009Q3,7,CONS,909.3744470044154,926.3005779585693,-16.926130954153905,904.9499274536298,906.7373554483592,909.4533466074975,911.8940437688542,913.7031128293803
mango_rmse_random,medium,2008-03-31,2009Q4,8,CONS,910.2953763787626,926.1903449968864,-15.894968618123812,905.3729280277801,907.3356848998698,910.3868844255223,913.1381662439733,915.2151410796415
mango_rmse_random,medium,2008-03-31,2008Q1,1,DEFL,479.8670811366154,453.9617817747856,25.905299361829805,479.0822393862713,479.377240957625,479.86469076691515,480.3604904813958,480.65667777952643
mango_rmse_random,medium,2008-03-31,2008Q2,2,DEFL,480.5169773531967,454.46768055591286,26.04929679728383,479.1737942446588,479.70096378694285,480.5131038259823,481.3358124453567,481.8852231287717
mango_rmse_random,medium,2008-03-31,2008Q3,3,DEFL,481.16533205574353,455.2191261197205,25.946205936023034,479.229493118501,479.9406021054336,481.1397115366079,482.35124584632223,483.141768799911
mango_rmse_random,medium,2008-03-31,2008Q4,4,DEFL,481.8065777040298,455.45608681615494,26.350490887874855,479.16182654685576,480.13228728748464,481.84534800181603,483.4025592910277,484.5011637108928
mango_rmse_random,medium,2008-03-31,2009Q1,5,DEFL,482.50746389898524,455.406634733688,27.100829165297228,479.05465883256875,480.3541653876767,482.5672882916245,484.5819511478132,485.9935945708841
mango_rmse_random,medium,2008-03-31,2009Q2,6,DEFL,483.24685668916226,455.2317782083863,28.01507848077597,479.0975811059456,480.5445966456723,483.29542592992675,485.8115683761499,487.45286693433366
mango_rmse_random,medium,2008-03-31,2009Q3,7,DEFL,483.98955900898994,455.33925638064517,28.650302628344775,478.97636244122566,480.8350685256138,484.0972873891452,487.05222770969976,489.13942992316197
mango_rmse_random,medium,2008-03-31,2009Q4,8,DEFL,484.7746835790699,455.6683475771851,29.106336001884813,478.80009133767516,481.07237877563705,484.91324471831837,488.3238205362877,490.73227951730064
mango_rmse_random,medium,2008-03-31,2008Q1,1,FFR,4.225191356210204,3.1766666666666663,1.0485246895435378,2.652541170227126,3.2726168757780445,4.204039158228117,5.153199211628461,5.845904723009752
mango_rmse_random,medium,2008-03-31,2008Q2,2,FFR,4.137969043529555,2.0866666666666664,2.0513023768628886,1.7732559499592517,2.681740669680192,4.150005124698081,5.5512283643680655,6.503049540517571
mango_rmse_random,medium,2008-03-31,2008Q3,3,FFR,4.139549748957175,1.9400000000000002,2.1995497489571747,1.0596908125073405,2.3039429009071224,4.169511564448355,5.953499777560884,7.155279148864726
mango_rmse_random,medium,2008-03-31,2008Q4,4,FFR,4.1629020939644095,0.5066666666666667,3.6562354272977426,0.551125380478902,2.0442548733425383,4.1704146617625355,6.359516941973587,7.730624583994322
mango_rmse_random,medium,2008-03-31,2009Q1,5,FFR,4.2137373804548055,0.18333333333333335,4.030404047121472,0.17417622971422903,1.7131358489248332,4.23370045548746,6.710033889185354,8.320783922827951
mango_rmse_random,medium,2008-03-31,2009Q2,6,FFR,4.245778616388069,0.18000000000000002,4.065778616388069,-0.24646618002637655,1.591877612032624,4.254323321958733,6.925576893846555,8.794943404937072
mango_rmse_random,medium,2008-03-31,2009Q3,7,FFR,4.314574219287096,0.15666666666666665,4.15790755262043,-0.5650403794386575,1.3852186440293195,4.315784043601545,7.2680777941460954,9.286021992364223
mango_rmse_random,medium,2008-03-31,2009Q4,8,FFR,4.499629224751736,0.12,4.379629224751736,-0.6597099639644833,1.3865747092049625,4.443306268919382,7.635337932905801,9.663548838575805
mango_rmse_random,medium,2008-03-31,2008Q1,1,GDP,937.0376295682007,966.1601069749734,-29.122477406772646,935.5904336400502,936.2082105677493,937.0309727174489,937.8782935429433,938.3991732465952
mango_rmse_random,medium,2008-03-31,2008Q2,2,GDP,938.0247775126015,966.730770931016,-28.705993418414437,936.0009938617358,936.7817663598689,938.0243057976495,939.3215410549889,940.0951933951659
mango_rmse_random,medium,2008-03-31,2008Q3,3,GDP,938.9906446875552,966.2024850530005,-27.211840365445255,936.2985268810949,937.303732863865,939.007187860454,940.7597581777713,941.6979721436064
mango_rmse_random,medium,2008-03-31,2008Q4,4,GDP,939.959744776817,963.9952057445751,-24.035460967758013,936.5989786343746,937.8862311318751,940.0051468459822,941.9733076332192,943.2335378897545
mango_rmse_random,medium,2008-03-31,2009Q1,5,GDP,940.879402250377,962.8226353991014,-21.943233148724403,936.985985314826,938.40925113266,940.9455685888051,943.2779987018765,944.7612069995131
mango_rmse_random,medium,2008-03-31,2009Q2,6,GDP,941.7801078703878,962.6532538909199,-20.87314602053209,937.4386199994723,939.0235067275629,941.768102894999,944.4872631029825,946.1276914948305
mango_rmse_random,medium,2008-03-31,2009Q3,7,GDP,942.6513508559937,963.0145304911672,-20.363179635173537,937.7754493572261,939.73099701748,942.6424533377092,945.5605492332793,947.4859821129339
mango_rmse_random,medium,2008-03-31,2009Q4,8,GDP,943.5336288324602,964.0768300067851,-20.543201174324963,938.1792738517044,940.3481321082916,943.5931939203881,946.7220561606474,948.8116939618642
mango_rmse_random,medium,2008-03-31,2008Q1,1,HOURS,480.1406196684789,465.22350531644213,14.917114352036776,478.8893315781016,479.3554333587162,480.13225605534,480.9244398879847,481.4200627945574
mango_rmse_random,medium,2008-03-31,2008Q2,2,HOURS,480.39090443396503,464.68014529590437,15.710759138060666,478.20629282281726,479.03963382285826,480.3768578233938,481.7065476538689,482.60807553011506
mango_rmse_random,medium,2008-03-31,2008Q3,3,HOURS,480.7106527834865,463.5291936540614,17.18145912942515,477.63624747520186,478.86702154788196,480.76896424565683,482.52102139345703,483.8286256625269
mango_rmse_random,medium,2008-03-31,2008Q4,4,HOURS,481.12109624359994,460.7158208561043,20.405275387495635,477.1369294969101,478.75933335004527,481.204798452133,483.4275349658917,484.93582413237016
mango_rmse_random,medium,2008-03-31,2009Q1,5,HOURS,481.60187520556485,458.14920586335137,23.452669342213483,476.7142501928188,478.78235406598594,481.628219429243,484.38408340784594,486.41862981181214
mango_rmse_random,medium,2008-03-31,2009Q2,6,HOURS,482.1083988911259,455.7826974477571,26.325701443368814,476.7480726885936,478.8786154761289,482.1469529940222,485.30311898118845,487.49059996084117
mango_rmse_random,medium,2008-03-31,2009Q3,7,HOURS,482.5850331890957,454.67568674374314,27.909346445352583,476.54828490381834,479.0627178470558,482.502879341202,486.1872564125353,488.488065933429
mango_rmse_random,medium,2008-03-31,2009Q4,8,HOURS,483.04462518849977,454.55581763068915,28.488807557810617,476.42519383341096,479.2009166059581,483.01748554679006,486.9117037776366,489.6060177200251
mango_rmse_random,medium,2008-03-31,2008Q1,1,INV,749.4426934135267,785.6804736421575,-36.237780228630754,741.9957253114042,744.9422303319817,749.3900785405301,754.0528641042948,756.8200687658713
mango_rmse_random,medium,2008-03-31,2008Q2,2,INV,751.1074646433746,783.8502214603918,-32.742756817017266,740.2019038025563,744.8280553463286,751.092403428105,757.5150417552356,761.8935947964853
mango_rmse_random,medium,2008-03-31,2008Q3,3,INV,753.4146358225449,781.8248839683592,-28.410248145814307,739.6029935128349,745.3311794369714,753.6785376626444,761.6003093630276,766.64539975872
mango_rmse_random,medium,2008-03-31,2008Q4,4,INV,755.3709720510259,771.7102465089438,-16.339274457917895,738.507540029538,746.0843126739364,755.5631435049573,764.9135440434286,771.1958967148743
mango_rmse_random,medium,2008-03-31,2009Q1,5,INV,757.1995565030072,759.4303232463312,-2.2307667433240113,738.2195088565887,746.8183480934424,757.5014192973113,768.0878491012447,775.4192718343375
mango_rmse_random,medium,2008-03-31,2009Q2,6,INV,759.1714069851527,753.4915957252271,5.6798112599256,738.7916280642979,747.2727787802079,759.678333244186,770.9225696704457,778.7574766572613
mango_rmse_random,medium,2008-03-31,2009Q3,7,INV,760.6682547912748,753.2630578079347,7.4051969833400335,738.2359069880525,747.7996814495721,760.7884587530689,773.7428652903906,781.419947731106
mango_rmse_random,medium,2008-03-31,2009Q4,8,INV,762.1795035317252,762.1065806084977,0.07292292322756566,737.5764511004018,747.7472114604079,762.3462109281186,776.4424664950529,785.6005333968301
mango_rmse_random,medium,2008-03-31,2008Q1,1,WAGE,480.88136629578156,459.9262771523625,20.95508914341906,479.69763595774674,480.2069037130684,480.88752323580024,481.57037830384417,482.00952885013174
mango_rmse_random,medium,2008-03-31,2008Q2,2,WAGE,481.2201819750716,458.7657734236793,22.454408551392305,479.5566931060196,480.2153863179506,481.2145237340924,482.2390193981483,482.9068400021385
mango_rmse_random,medium,2008-03-31,2008Q3,3,WAGE,481.42860783632767,458.23722773120875,23.191380105118924,479.4089322775459,480.1522351660529,481.39329508665253,482.6503582661638,483.4950200038853
mango_rmse_random,medium,2008-03-31,2008Q4,4,WAGE,481.6788431534657,461.8984329821462,19.780410171319545,479.2347381652328,480.1558608966972,481.729123300791,483.15256217417937,484.02800426940263
mango_rmse_random,medium,2008-03-31,2009Q1,5,WAGE,481.9826975167811,459.9192354301555,22.063462086625634,479.1787822954026,480.2859363239243,482.04769774570786,483.6232507954275,484.65315802110723
mango_rmse_random,medium,2008-03-31,2009Q2,6,WAGE,482.2270366688084,461.94872065828844,20.278316010519973,479.01180777175637,480.37304079129876,482.2371356862923,484.13615185379655,485.37764726469055
mango_rmse_random,medium,2008-03-31,2009Q3,7,WAGE,482.48410065803114,461.7928452086754,20.691255449355765,478.92080921433114,480.3549526076115,482.4764093337858,484.61600863757695,486.1676118540869
mango_rmse_random,medium,2008-03-31,2009Q4,8,WAGE,482.72749908433775,461.5922175624994,21.13528152183835,478.7625827302128,480.3663308039018,482.7419690860918,485.112304590322,486.74752820816997
mango_rmse_random,medium,2008-06-30,2008Q2,1,CONS,904.3640740457112,928.0551554354275,-23.691081389716373,903.4377360963413,903.8088612293686,904.3721056557458,904.9002926778544,905.2618833228323
mango_rmse_random,medium,2008-06-30,2008Q3,2,CONS,905.3379070596387,927.2814388489875,-21.943531789348754,903.9100234299427,904.4338899409406,905.352177959368,906.2289877205499,906.7730808284293
mango_rmse_random,medium,2008-06-30,2008Q4,3,CONS,906.2820314229957,926.3774213756642,-20.095389952668484,904.2695809545562,905.0736443735356,906.2791725775176,907.4758265179557,908.2033664584442
mango_rmse_random,medium,2008-06-30,2009Q1,4,CONS,907.3211875551516,926.1231470493817,-18.80195949423012,904.8514896625668,905.7520076950381,907.3191879929431,908.8580679464172,909.9214906313006
mango_rmse_random,medium,2008-06-30,2009Q2,5,CONS,908.2214232584773,925.6303496212205,-17.40892636274316,905.1889052083666,906.3362268716064,908.2056866144524,910.1069395415809,911.3363519434392
mango_rmse_random,medium,2008-06-30,2009Q3,6,CONS,909.0901238685866,926.3005779585693,-17.210454089982704,905.5095682784968,906.9568448829535,909.0619619662066,911.2994464168984,912.7507846827187
mango_rmse_random,medium,2008-06-30,2009Q4,7,CONS,909.9817194729775,926.1903449968864,-16.20862552390895,905.7075709443816,907.5068000431794,909.9741300480568,912.4714530235061,914.2886505360012
mango_rmse_random,medium,2008-06-30,2010Q1,8,CONS,910.810646602082,926.7682152336796,-15.95756863159761,905.9793247026129,907.8724463657712,910.8051632998723,913.7781146839081,915.7844895609406
mango_rmse_random,medium,2008-06-30,2008Q2,1,DEFL,480.4669104051492,454.46768055591286,25.999229849236315,479.65802096439376,479.99483816600934,480.4825261008357,480.9364160513607,481.25258231620546
mango_rmse_random,medium,2008-06-30,2008Q3,2,DEFL,481.10231482119417,455.2191261197205,25.88318870147367,479.74137560244566,480.278161792601,481.0989519161752,481.9179062653797,482.4249362314795
mango_rmse_random,medium,2008-06-30,2008Q4,3,DEFL,481.76267539493733,455.45608681615494,26.306588578782396,479.8401407524557,480.5559002922741,481.7504801998321,482.96156496276893,483.73009230835413
mango_rmse_random,medium,2008-06-30,2009Q1,4,DEFL,482.43264668282586,455.406634733688,27.026011949137853,479.7851716656745,480.8311167140847,482.4614016591607,484.0209577978745,485.1558664683653
mango_rmse_random,medium,2008-06-30,2009Q2,5,DEFL,483.13605327810103,455.2317782083863,27.904275069714743,479.63733901851293,481.0294031402429,483.1285330834563,485.23331462651015,486.5861000087089
mango_rmse_random,medium,2008-06-30,2009Q3,6,DEFL,483.88103487178904,455.33925638064517,28.541778491143873,479.4299010743936,481.27912365351125,483.85591971205986,486.5102023416387,488.17573693535354
mango_rmse_random,medium,2008-06-30,2009Q4,7,DEFL,484.6656988862096,455.6683475771851,28.99735130902451,479.22916835005043,481.5197460227076,484.6687170381507,487.93822736062117,489.9555905344608
mango_rmse_random,medium,2008-06-30,2010Q1,8,DEFL,485.49326565440504,455.93984617419227,29.553419480212767,479.377453157637,481.79265032404777,485.5210998306528,489.3820291307976,491.6993546059722
mango_rmse_random,medium,2008-06-30,2008Q2,1,FFR,2.8450776503400967,2.0866666666666664,0.7584109836734303,1.303404934158965,1.8686320393351377,2.802829345166873,3.810943547111044,4.448294947430758
mango_rmse_random,medium,2008-06-30,2008Q3,2,FFR,3.0744779040703287,1.9400000000000002,1.1344779040703286,0.5894129531072565,1.5514066087094838,3.0626907738881375,4.588833372439471,5.58370650256787
mango_rmse_random,medium,2008-06-30,2008Q4,3,FFR,3.1056498624972178,0.5066666666666667,2.598983195830551,0.0016589518085217123,1.2773802439023023,3.124711464247886,4.925959966101321,6.173769578232636
mango_rmse_random,medium,2008-06-30,2009Q1,4,FFR,3.1805482149749045,0.18333333333333335,2.997214881641571,-0.4981073501059024,0.9352999759249089,3.1861354542174345,5.4278809294699695,6.777202305111122
mango_rmse_random,medium,2008-06-30,2009Q2,5,FFR,3.3555929525203725,0.18000000000000002,3.1755929525203723,-0.9084606579849528,0.7439481641360097,3.3662847276107577,5.96205483787357,7.583053953858247
mango_rmse_random,medium,2008-06-30,2009Q3,6,FFR,3.5567826242704004,0.15666666666666665,3.4001159576037336,-1.199955089320666,0.784948949260852,3.518620764307422,6.445847522084791,8.342646086037567
mango_rmse_random,medium,2008-06-30,2009Q4,7,FFR,3.76906649776532,0.12,3.64906649776532,-1.3372510926380325,0.8185267473898076,3.774562453817812,6.806773666455444,8.987188462981841
mango_rmse_random,medium,2008-06-30,2010Q1,8,FFR,3.9841890553615182,0.13333333333333333,3.850855722028185,-1.5574514534521557,0.8362349771549026,3.9853375950103014,7.262768390807742,9.444252898055202
mango_rmse_random,medium,2008-06-30,2008Q2,1,GDP,937.4596758123593,966.730770931016,-29.271095118656717,936.0891753974497,936.662998843733,937.458361420657,938.2835382591637,938.7873895183994
mango_rmse_random,medium,2008-06-30,2008Q3,2,GDP,938.5581255946958,966.2024850530005,-27.644359458304734,936.4726816947646,937.3350135948431,938.5649061056619,939.8129342580285,940.5659226701666
mango_rmse_random,medium,2008-06-30,2008Q4,3,GDP,939.5979715100622,963.9952057445751,-24.397234234512894,936.8663844847949,937.9150360565018,939.566475594552,941.2722186931692,942.4167672708085
mango_rmse_random,medium,2008-06-30,2009Q1,4,GDP,940.6452862466684,962.8226353991014,-22.177349152432953,937.2901601950638,938.6582650561287,940.6109713601442,942.6224692664463,944.0790089461439
mango_rmse_random,medium,2008-06-30,2009Q2,5,GDP,941.6738314499188,962.6532538909199,-20.979422441001134,937.8419493404122,939.3266722731405,941.6502014030026,943.9504077038425,945.6053185656613
mango_rmse_random,medium,2008-06-30,2009Q3,6,GDP,942.5773366141891,963.0145304911672,-20.437193876978085,938.3455448620533,940.0323956119671,942.5289092187811,945.1409040604569,946.9167819053779
mango_rmse_random,medium,2008-06-30,2009Q4,7,GDP,943.4598020212896,964.0768300067851,-20.617027985495497,938.8521739437772,940.5694185579296,943.3962896897592,946.3176382292183,948.2810930671154
mango_rmse_random,medium,2008-06-30,2010Q1,8,GDP,944.3005020747854,964.5756373732798,-20.275135298494433,939.2520708821837,941.1432680290167,944.2386390834113,947.4057316616468,949.6601283062346
mango_rmse_random,medium,2008-06-30,2008Q2,1,HOURS,479.64950302213725,464.68014529590437,14.969357726232886,478.3561224157039,478.8679807767962,479.6589782089538,480.42431352184684,480.9055257851626
mango_rmse_random,medium,2008-06-30,2008Q3,2,HOURS,479.9280818413533,463.5291936540614,16.398888187291902,477.59785910137975,478.567209362592,479.9598052443555,481.278081143283,482.15496676707164
mango_rmse_random,medium,2008-06-30,2008Q4,3,HOURS,480.3875323180956,460.7158208561043,19.671711461991322,477.11472704253634,478.51854166595894,480.40627103529295,482.26691529954434,483.4382561133402
mango_rmse_random,medium,2008-06-30,2009Q1,4,HOURS,480.91152535505665,458.14920586335137,22.762319491705284,476.9349492253162,478.6053902873235,480.99102685584967,483.2860486166909,484.7502401936591
mango_rmse_random,medium,2008-06-30,2009Q2,5,HOURS,481.55523283975793,455.7826974477571,25.77253539200086,476.9153195813087,478.74410587957203,481.57685575924575,484.28189894406296,486.00667845283743
mango_rmse_random,medium,2008-06-30,2009Q3,6,HOURS,482.13621237182554,454.67568674374314,27.460525628082394,476.8457839194152,479.0618724824595,482.11290612138146,485.2562690986661,487.3417074617499
mango_rmse_random,medium,2008-06-30,2009Q4,7,HOURS,482.67244247807315,454.55581763068915,28.116624847384003,476.8851888959565,479.3164547257861,482.5767822047793,486.22637976117585,488.4878183996046
mango_rmse_random,medium,2008-06-30,2010Q1,8,HOURS,483.1474159285992,454.84940087945347,28.298015049145704,477.069627871616,479.34659368581225,483.0717482802344,487.08035967023716,489.4354982359826
mango_rmse_random,medium,2008-06-30,2008Q2,1,INV,746.3254468010666,783.8502214603918,-37.5247746593252,738.8439190304979,741.9271607363021,746.3640002687766,750.7419493413616,753.6435391201609
mango_rmse_random,medium,2008-06-30,2008Q3,2,INV,749.2170258260238,781.8248839683592,-32.60785814233543,738.223083698649,742.5922477779187,749.1583109820631,755.7664425826589,760.5364111544799
mango_rmse_random,medium,2008-06-30,2008Q4,3,INV,751.994480782342,771.7102465089438,-19.71576572660183,737.974809548147,743.4275506511335,752.2805887376251,760.1897833756822,765.7841735944891
mango_rmse_random,medium,2008-06-30,2009Q1,4,INV,754.0066133321563,759.4303232463312,-5.423709914174879,738.0423195798943,744.3164070581482,754.0840339978222,763.8014540692137,770.0364895260967
mango_rmse_random,medium,2008-06-30,2009Q2,5,INV,756.7926601733642,753.4915957252271,3.30106444813714,738.8791149946973,745.7911474219437,756.9099511604763,767.9462665289535,775.3144068781342
mango_rmse_random,medium,2008-06-30,2009Q3,6,INV,758.703167332384,753.2630578079347,5.440109524449326,738.218060104047,746.3594843825366,758.8886610381852,771.0004017242985,779.4057839418855
mango_rmse_random,medium,2008-06-30,2009Q4,7,INV,760.4162495548954,762.1065806084977,-1.6903310536022218,738.5371081691023,747.5220087937362,760.4406217487535,773.2936973716222,782.5209925301792
mango_rmse_random,medium,2008-06-30,2010Q1,8,INV,761.8027252159004,764.3564839513651,-2.5537587354647258,738.1662005272004,747.6630658537442,761.8663086433892,775.305109842833,786.1649800145443
mango_rmse_random,medium,2008-06-30,2008Q2,1,WAGE,481.39285219687264,458.7657734236793,22.62707877319332,480.2578573058793,480.703965700396,481.41412070220764,482.03156092285406,482.486113083021
mango_rmse_random,medium,2008-06-30,2008Q3,2,WAGE,481.735166433379,458.23722773120875,23.497938702170245,480.06658153071527,480.71554160183814,481.7455959212936,482.73754768083097,483.4235759716047
mango_rmse_random,medium,2008-06-30,2008Q4,3,WAGE,481.9497909352899,461.8984329821462,20.051357953143736,479.84429285561237,480.663997325239,481.97313895645516,483.2031107567582,484.03919789935316
mango_rmse_random,medium,2008-06-30,2009Q1,4,WAGE,482.2559544442766,459.9192354301555,22.336719014121115,479.72871151505365,480.74474617621456,482.2659505677319,483.7771292882892,484.69720601711543
mango_rmse_random,medium,2008-06-30,2009Q2,5,WAGE,482.4863450665358,461.94872065828844,20.537624408247382,479.6165411992093,480.76999865657297,482.4556933815019,484.2620695849893,485.3279567208484
mango_rmse_random,medium,2008-06-30,2009Q3,6,WAGE,482.6808190820493,461.7928452086754,20.887973873373937,479.356416790356,480.6542636845422,482.6950140248373,484.6949992580272,485.93045127337774
mango_rmse_random,medium,2008-06-30,2009Q4,7,WAGE,482.8904073198439,461.5922175624994,21.298189757344517,479.2748561280453,480.7641437069541,482.93322328324587,485.0911225795509,486.4700136372046
mango_rmse_random,medium,2008-06-30,2010Q1,8,WAGE,483.0613626934887,460.4900149531529,22.571347740335796,479.05341829389096,480.7781557873872,483.06447542009096,485.46265865381724,487.0254148013945
mango_rmse_random,medium,2008-09-30,2008Q3,1,CONS,903.8929273901805,927.2814388489875,-23.38851145880699,902.9295088375778,903.3539022809107,903.894422793096,904.4475414649872,904.7991954737671
mango_rmse_random,medium,2008-09-30,2008Q4,2,CONS,904.8687587097229,926.3774213756642,-21.5086626659413,903.3884868022276,903.9745504699291,904.8757952831309,905.7577012120793,906.3713677711576
mango_rmse_random,medium,2008-09-30,2009Q1,3,CONS,905.7382142762826,926.1231470493817,-20.38493277309908,903.6765119469131,904.5428685417837,905.7275530572892,906.929562028869,907.8395774841326
mango_rmse_random,medium,2008-09-30,2009Q2,4,CONS,906.682777266573,925.6303496212205,-18.94757235464749,904.1005563397109,905.1376000603426,906.6909097911545,908.2507863297236,909.3151218073917
mango_rmse_random,medium,2008-09-30,2009Q3,5,CONS,907.5661484523675,926.3005779585693,-18.734429506201764,904.3461815499884,905.6329725679913,907.5728740213267,909.4930566706353,910.7392571620289
mango_rmse_random,medium,2008-09-30,2009Q4,6,CONS,908.4029848105332,926.1903449968864,-17.787360186353226,904.5861794355037,906.1213926793046,908.4625006496385,910.5848086001275,912.1520836871955
mango_rmse_random,medium,2008-09-30,2010Q1,7,CONS,909.2305356711576,926.7682152336796,-17.537679562522044,904.8075835044575,906.4789519938703,909.1991869691483,911.8538795093929,913.6789797519499
mango_rmse_random,medium,2008-09-30,2010Q2,8,CONS,910.018324567877,927.6609738087002,-17.642649240823175,904.9204138948784,906.8900799592313,910.0518392677291,912.9664556440209,915.1034860172425
mango_rmse_random,medium,2008-09-30,2008Q3,1,DEFL,480.8257990709044,455.2191261197205,25.606672951183896,480.0212679369479,480.3402784470809,480.81752581494356,481.31300354127967,481.62901482609664
mango_rmse_random,medium,2008-09-30,2008Q4,2,DEFL,481.36661097443584,455.45608681615494,25.910524158280907,479.9727560674502,480.5335021018419,481.3779254225417,482.2081050644344,482.74599348296096
mango_rmse_random,medium,2008-09-30,2009Q1,3,DEFL,481.9080403523253,455.406634733688,26.501405618637307,479.8685881952306,480.7038598662999,481.9190993630264,483.14160875487397,483.9614701709702
mango_rmse_random,medium,2008-09-30,2009Q2,4,DEFL,482.3979168013333,455.2317782083863,27.166138592946993,479.63497343570486,480.79939017075293,482.3603576240571,484.0218434522125,485.1978862059473
mango_rmse_random,medium,2008-09-30,2009Q3,5,DEFL,482.96034405386814,455.33925638064517,27.621087673222974,479.3635983371948,480.8244586743339,482.9426611755284,485.08098963402284,486.65481529018166
mango_rmse_random,medium,2008-09-30,2009Q4,6,DEFL,483.56313809791345,455.6683475771851,27.89479052072835,479.1373334978032,480.95685477837753,483.55161849413025,486.2316136269117,488.11799000342563
mango_rmse_random,medium,2008-09-30,2010Q1,7,DEFL,484.2077973731182,455.93984617419227,28.267951198925914,478.8609949492176,480.96042037781444,484.2124952974417,487.38400901661703,489.67215724866327
mango_rmse_random,medium,2008-09-30,2010Q2,8,DEFL,484.8600377938784,456.42648546620876,28.433552327669645,478.5761951317097,481.1399232552139,484.9086514563176,488.54843674470646,491.3187402569583
mango_rmse_random,medium,2008-09-30,2008Q3,1,FFR,2.0259573973741056,1.9400000000000002,0.08595739737410546,0.41227983299152254,1.0285875790375083,2.060280778528874,2.98203746917839,3.5885003692254243
mango_rmse_random,medium,2008-09-30,2008Q4,2,FFR,2.227385056324337,0.5066666666666667,1.7207183896576703,-0.1741545010378913,0.7562593211776736,2.2640911525807987,3.680257828728706,4.621802737993139
mango_rmse_random,medium,2008-09-30,2009Q1,3,FFR,2.147802420729551,0.18333333333333335,1.9644690873962178,-1.0053619375976408,0.2455351842210859,2.1925164343910133,3.9902937578997406,5.165319476546477
mango_rmse_random,medium,2008-09-30,2009Q2,4,FFR,2.227275673942002,0.18000000000000002,2.0472756739420017,-1.552057875035734,-0.044836021023813656,2.253381274678669,4.49233889596076,5.981016636769772
mango_rmse_random,medium,2008-09-30,2009Q3,5,FFR,2.4661462362731386,0.15666666666666665,2.309479569606472,-1.9907464886707533,-0.046293545886014385,2.5427614121414406,4.979460276779603,6.7030512976439525
mango_rmse_random,medium,2008-09-30,2009Q4,6,FFR,2.6872917405203465,0.12,2.5672917405203464,-2.1367965849709947,-0.1886980077652825,2.866816186220257,5.491738530545313,7.318197299613818
mango_rmse_random,medium,2008-09-30,2010Q1,7,FFR,2.916313175471664,0.13333333333333333,2.7829798421383307,-2.4865579999803202,-0.2390963810584734,2.954182356480887,5.973812009465904,8.045224332767745
mango_rmse_random,medium,2008-09-30,2010Q2,8,FFR,3.1824843988423805,0.19333333333333336,2.989151065509047,-2.6816764721213886,-0.1999077453015645,3.246649654962251,6.599516891696175,8.733818698434936
mango_rmse_random,medium,2008-09-30,2008Q3,1,GDP,937.6430229798115,966.2024850530005,-28.559462073189025,936.3079142948699,936.8050798915574,937.6569546180247,938.4457683239008,938.975161703997
mango_rmse_random,medium,2008-09-30,2008Q4,2,GDP,938.7203467767114,963.9952057445751,-25.27485896786368,936.6118072166973,937.468156248072,938.7515149291892,940.0126081165708,940.7462872359273
mango_rmse_random,medium,2008-09-30,2009Q1,3,GDP,939.8142134683659,962.8226353991014,-23.008421930735494,937.0646713487854,938.1421521284614,939.7854061290565,941.4719416904248,942.6231927070502
mango_rmse_random,medium,2008-09-30,2009Q2,4,GDP,940.8617311671766,962.6532538909199,-21.791522723743356,937.5181621414337,938.8255990672651,940.8775202930758,942.8655530161886,944.2981858294006
mango_rmse_random,medium,2008-09-30,2009Q3,5,GDP,941.875108090642,963.0145304911672,-21.139422400525177,937.9519841957278,939.5483393456336,941.8151453537639,944.2293951947374,945.9152184792331
mango_rmse_random,medium,2008-09-30,2009Q4,6,GDP,942.8231107949127,964.0768300067851,-21.253719211872408,938.3693056632886,940.1521674078249,942.7557165062708,945.566456729135,947.4383865761243
mango_rmse_random,medium,2008-09-30,2010Q1,7,GDP,943.730695015707,964.5756373732798,-20.84494235757279,938.7449594413886,940.7485874853714,943.7448042236385,946.7560286447462,949.0380766669708
mango_rmse_random,medium,2008-09-30,2010Q2,8,GDP,944.6056561562549,965.5386897406826,-20.933033584427676,938.8758142485347,941.2204681955619,944.5645519280512,947.892307692026,950.2144514377742
mango_rmse_random,medium,2008-09-30,2008Q3,1,HOURS,479.4464128885789,463.5291936540614,15.917219234517518,478.1141620598303,478.67295411638975,479.4667385038749,480.2412466555725,480.7086048348318
mango_rmse_random,medium,2008-09-30,2008Q4,2,HOURS,479.72680892028734,460.7158208561043,19.01098806418304,477.33637550371407,478.3576800719881,479.73218813815447,481.07070465771324,481.9674030730709
mango_rmse_random,medium,2008-09-30,2009Q1,3,HOURS,480.2287163492522,458.14920586335137,22.079510485900812,476.9926057269589,478.23949388508765,480.24142080465015,482.2011550193752,483.391342587635
mango_rmse_random,medium,2008-09-30,2009Q2,4,HOURS,480.76116179841245,455.7826974477571,24.978464350655372,476.6957025632249,478.2812078550681,480.7476924694578,483.2554794374849,484.84886689415777
mango_rmse_random,medium,2008-09-30,2009Q3,5,HOURS,481.3965930571041,454.67568674374314,26.720906313360956,476.52330796912406,478.52571003779786,481.40765967028324,484.3012472416443,486.2141823707347
mango_rmse_random,medium,2008-09-30,2009Q4,6,HOURS,482.00876690327806,454.55581763068915,27.45294927258891,476.51406420219666,478.72879842631255,482.01119548633665,485.36820403574995,487.555318626311
mango_rmse_random,medium,2008-09-30,2010Q1,7,HOURS,482.56885104434417,454.84940087945347,27.719450164890702,476.15011604254,478.91729963205626,482.4854841787501,486.3440536981366,488.50129272333646
mango_rmse_random,medium,2008-09-30,2010Q2,8,HOURS,483.0869705317844,455.69038845785997,27.396582073924435,475.88080981377266,478.88201627913736,483.1375630049354,487.2952379063033,489.80333652781695
mango_rmse_random,medium,2008-09-30,2008Q3,1,INV,743.3753671612186,781.8248839683592,-38.44951680714064,736.1666394651767,738.9227866223886,743.45177912141,747.6347661579653,750.3925490714421
mango_rmse_random,medium,2008-09-30,2008Q4,2,INV,746.2452166846066,771.7102465089438,-25.465029824337194,734.7317883240321,739.3313022663715,746.4407849810477,753.0146737612394,756.705984320313
mango_rmse_random,medium,2008-09-30,2009Q1,3,INV,749.186974139704,759.4303232463312,-10.243349106627193,734.389453595727,740.4701911707261,749.2375585878025,757.8195826553904,763.2112615885194
mango_rmse_random,medium,2008-09-30,2009Q2,4,INV,751.0973016057782,753.4915957252271,-2.3942941194488867,733.7734625738614,740.954717303903,751.088282276636,761.1796594348547,767.9364875631312
mango_rmse_random,medium,2008-09-30,2009Q3,5,INV,753.6220000107484,753.2630578079347,0.35894220281363687,733.6447400407799,742.4618770234791,753.9897997337578,764.9044711716516,772.3451418658797
mango_rmse_random,medium,2008-09-30,2009Q4,6,INV,755.9446884722039,762.1065806084977,-6.161892136293773,734.6631066469049,743.2421353283481,756.2897926549268,768.4280327187138,776.5248364621805
mango_rmse_random,medium,2008-09-30,2010Q1,7,INV,757.6912456122482,764.3564839513651,-6.665238339116968,734.5093201746955,743.4258153143286,757.6918455255852,771.1541755528957,780.7296675228143
mango_rmse_random,medium,2008-09-30,2010Q2,8,INV,759.2841003172344,769.4714244586191,-10.187324141384693,733.5008971381592,743.8017327317876,759.803768244851,774.2978598313881,784.7297085423507
mango_rmse_random,medium,2008-09-30,2008Q3,1,WAGE,479.533307857834,458.23722773120875,21.29608012662527,478.4440527792485,478.8737925295436,479.53069674655944,480.19642643706686,480.65220759626067
mango_rmse_random,medium,2008-09-30,2008Q4,2,WAGE,479.886784458482,461.8984329821462,17.988351476335822,478.23957332260113,478.90085321246414,479.8836135105839,480.87976531388733,481.5417368125365
mango_rmse_random,medium,2008-09-30,2009Q1,3,WAGE,480.0888806995044,459.9192354301555,20.169645269348905,478.0464016385014,478.8328342362738,480.08701147059264,481.3708997614946,482.1535583373162
mango_rmse_random,medium,2008-09-30,2009Q2,4,WAGE,480.27288412520295,461.94872065828844,18.324163466914513,477.85512263100924,478.8292306210199,480.29076294290644,481.701719486201,482.78054720072623
mango_rmse_random,medium,2008-09-30,2009Q3,5,WAGE,480.45365163908576,461.7928452086754,18.66080643041039,477.5870989615891,478.7888579169581,480.47776095134316,482.0933837623227,483.34642522121226
mango_rmse_random,medium,2008-09-30,2009Q4,6,WAGE,480.60640008641093,461.5922175624994,19.01418252391153,477.4068488017245,478.72831497925216,480.63734162636285,482.49829113598463,483.7884017191924
mango_rmse_random,medium,2008-09-30,2010Q1,7,WAGE,480.7816104169395,460.4900149531529,20.291595463786564,477.18116327652194,478.64042334449493,480.8294682144482,482.8496189735464,484.2578293474371
mango_rmse_random,medium,2008-09-30,2010Q2,8,WAGE,480.96220900759704,461.6337597679988,19.32844923959823,476.92917020075794,478.6116421557939,481.04791347412663,483.2569629645212,484.7471792325881
mango_rmse_random,medium,2008-12-31,2008Q4,1,CONS,902.688323083735,926.3774213756642,-23.689098291929213,901.7034359270225,902.0992762140538,902.7005726788329,903.280129151705,903.670244972671
mango_rmse_random,medium,2008-12-31,2009Q1,2,CONS,903.229158856687,926.1231470493817,-22.893988192694678,901.6116194784214,902.2756462323608,903.2345418273105,904.2144792434739,904.783714611925
mango_rmse_random,medium,2008-12-31,2009Q2,3,CONS,903.6647018690787,925.6303496212205,-21.965647752141763,901.3657673717762,902.359944619355,903.677666279729,905.0238639115136,905.9389437255614
mango_rmse_random,medium,2008-12-31,2009Q3,4,CONS,904.3759932088196,926.3005779585693,-21.92458474974967,901.3191300186302,902.6406428309194,904.4154616439863,906.1607866261354,907.2368410348507
mango_rmse_random,medium,2008-12-31,2009Q4,5,CONS,905.0425700989921,926.1903449968864,-21.14777489789435,901.2692346976525,902.8835004552574,905.1087892074684,907.2040176083999,908.4956570590281
mango_rmse_random,medium,2008-12-31,2010Q1,6,CONS,905.6646388216792,926.7682152336796,-21.103576412000393,901.2223093039427,903.0555437033166,905.7548170193932,908.2156759752762,909.9201695051893
mango_rmse_random,medium,2008-12-31,2010Q2,7,CONS,906.3411155473667,927.6609738087002,-21.31985826133348,901.2837388180158,903.3557885200576,906.4284128378874,909.2867966800216,911.2491248149306
mango_rmse_random,medium,2008-12-31,2010Q3,8,CONS,906.9922971715157,928.3718706580585,-21.379573486542768,901.2419096797962,903.6696091692538,907.0873108280866,910.2747675257768,912.4212717375664
mango_rmse_random,medium,2008-12-31,2008Q4,1,DEFL,481.95994928131546,455.45608681615494,26.503862465160523,481.1757449866954,481.46881139275234,481.94360623576415,482.45898744423073,482.82136799502143
mango_rmse_random,medium,2008-12-31,2009Q1,2,DEFL,482.73380602595887,455.406634733688,27.32717129227086,481.31184834117715,481.86947565849323,482.70412898571533,483.59224613501004,484.18381140625706
mango_rmse_random,medium,2008-12-31,2009Q2,3,DEFL,483.4791807976838,455.2317782083863,28.247402589297508,481.422847927295,482.21673712043315,483.46349274750787,484.7268462031887,485.65126846796016
mango_rmse_random,medium,2008-12-31,2009Q3,4,DEFL,484.1776274490475,455.33925638064517,28.838371068402353,481.3313530564567,482.46538021060275,484.17249094402496,485.8890988219144,487.1091089033543
mango_rmse_random,medium,2008-12-31,2009Q4,5,DEFL,484.8909268461648,455.6683475771851,29.2225792689797,481.1720687549462,482.6034127801339,484.91023433062156,487.1094860725501,488.7150619579887
mango_rmse_random,medium,2008-12-31,2010Q1,6,DEFL,485.6444911660741,455.93984617419227,29.70464499188182,480.875102398555,482.8466453838359,485.6397068054207,488.47255689446257,490.3204697801735
mango_rmse_random,medium,2008-12-31,2010Q2,7,DEFL,486.3721439690981,456.42648546620876,29.94565850288933,480.6540409940557,482.9370518887591,486.4423425011218,489.7421620177702,491.9639183311908
mango_rmse_random,medium,2008-12-31,2010Q3,8,DEFL,487.1102917275921,456.7281385445278,30.382153183064304,480.41159663101337,483.1494408181122,487.18932300967964,491.07624663763966,493.6951497800312
mango_rmse_random,medium,2008-12-31,2008Q4,1,FFR,1.7070390134350182,0.5066666666666667,1.2003723467683516,0.11021579776499627,0.6866944062580694,1.7421783118892642,2.6566446670665993,3.3060545498368255
mango_rmse_random,medium,2008-12-31,2009Q1,2,FFR,1.8095690304694414,0.18333333333333335,1.626235697136108,-0.8306279239267164,0.20308181479962015,1.8465920355749659,3.390144231992429,4.400858571047671
mango_rmse_random,medium,2008-12-31,2009Q2,3,FFR,1.5968980276834248,0.18000000000000002,1.4168980276834249,-1.7452585649015708,-0.49969143138290284,1.5945796918530064,3.6633576068782965,4.872827899698684
mango_rmse_random,medium,2008-12-31,2009Q3,4,FFR,1.5903302875742835,0.15666666666666665,1.4336636209076168,-2.4877883119455113,-0.7810651348218283,1.6068188189892463,3.9964804808217034,5.5230142108428355
mango_rmse_random,medium,2008-12-31,2009Q4,5,FFR,1.8288051651972699,0.12,1.70880516519727,-2.6850642337613055,-0.9012451853838784,1.8203520845408625,4.49785137453564,6.520184745355845
mango_rmse_random,medium,2008-12-31,2010Q1,6,FFR,2.0057705111369732,0.13333333333333333,1.87243717780364,-3.0235976134151055,-0.8407179741697592,1.9257798818395049,4.936671009601715,7.010058691840956
mango_rmse_random,medium,2008-12-31,2010Q2,7,FFR,2.1897781201213515,0.19333333333333336,1.9964447867880182,-3.1893717585927974,-0.8803177872375422,2.09650061173589,5.317159467509944,7.9113768564093805
mango_rmse_random,medium,2008-12-31,2010Q3,8,FFR,2.4725139496224386,0.18666666666666668,2.285847282955772,-3.133723479735674,-0.7942094071115381,2.3634755069108317,5.834685925764284,8.5178375024673
mango_rmse_random,medium,2008-12-31,2008Q4,1,GDP,937.1813658946656,963.9952057445751,-26.813839849909414,935.7629610125397,936.337342835771,937.1959752879275,938.0258100310607,938.6165148937805
mango_rmse_random,medium,2008-12-31,2009Q1,2,GDP,937.8091836534209,962.8226353991014,-25.013451745680527,935.6421894652889,936.4746621120187,937.7972911321363,939.1708391564428,939.9883401518762
mango_rmse_random,medium,2008-12-31,2009Q2,3,GDP,938.6433336603972,962.6532538909199,-24.009920230522766,935.6283614620021,936.7896073459174,938.6449077741631,940.4910066400209,941.5894796548172
mango_rmse_random,medium,2008-12-31,2009Q3,4,GDP,939.2870243651314,963.0145304911672,-23.72750612603579,935.4980939229697,937.1236905458283,939.3268858622444,941.4919987504826,942.9247402093373
mango_rmse_random,medium,2008-12-31,2009Q4,5,GDP,940.137021237628,964.0768300067851,-23.93980876915714,935.7631155013935,937.6336734228563,940.1689814534648,942.6420232966201,944.2232843938816
mango_rmse_random,medium,2008-12-31,2010Q1,6,GDP,940.9118535517061,964.5756373732798,-23.663783821573702,935.9770328450276,938.1586596732201,940.9317485503495,943.7893971980782,945.4012317418114
mango_rmse_random,medium,2008-12-31,2010Q2,7,GDP,941.7044261688989,965.5386897406826,-23.83426357178371,936.26561583187,938.5646718057036,941.8340903907463,944.8140043609023,946.7780193350426
mango_rmse_random,medium,2008-12-31,2010Q3,8,GDP,942.4974207644666,966.3088604477673,-23.811439683300705,936.4500663345777,939.0081334863238,942.7021248060071,945.9613258395432,948.1524304479748
mango_rmse_random,medium,2008-12-31,2008Q4,1,HOURS,478.363819709645,460.7158208561043,17.647998853540685,476.9774923544163,477.5237311823275,478.3777793010782,479.1841477691812,479.64969910266404
mango_rmse_random,medium,2008-12-31,2009Q1,2,HOURS,478.25687356163826,458.14920586335137,20.10766769828689,475.6762626899231,476.8278094344583,478.30078120481267,479.720235090604,480.6932410579055
mango_rmse_random,medium,2008-12-31,2009Q2,3,HOURS,478.33913725494006,455.7826974477571,22.556439807182983,474.79487271525795,476.32706777342975,478.35538117145006,480.43661214463566,481.79312991852447
mango_rmse_random,medium,2008-12-31,2009Q3,4,HOURS,478.52680099541925,454.67568674374314,23.85111425167611,474.0754642081505,475.93579123821604,478.55298604414054,481.18002659413764,482.9953255359058
mango_rmse_random,medium,2008-12-31,2009Q4,5,HOURS,478.92670601244447,454.55581763068915,24.37088838175532,473.573079706763,475.8394327165713,478.99697794260817,481.99744537653703,484.0715638078844
mango_rmse_random,medium,2008-12-31,2010Q1,6,HOURS,479.39727507840627,454.84940087945347,24.547874198952798,473.3166593540829,475.8436361847929,479.5245286367982,482.924340389862,485.2613017324931
mango_rmse_random,medium,2008-12-31,2010Q2,7,HOURS,479.8443603075551,455.69038845785997,24.153971849695154,473.017585991732,475.87039216729664,480.0548871104984,483.76633675175987,486.158800378341
mango_rmse_random,medium,2008-12-31,2010Q3,8,HOURS,480.2941349311974,456.0883864276619,24.205748503535517,472.8128444367444,475.98387945340636,480.42854087393914,484.46636602546715,487.3213488922099
mango_rmse_random,medium,2008-12-31,2008Q4,1,INV,741.8163737036472,771.7102465089438,-29.89387280529661,734.6038047336727,737.444098063649,741.9126123598886,746.1292886871183,748.8638588920765
mango_rmse_random,medium,2008-12-31,2009Q1,2,INV,743.4367242482202,759.4303232463312,-15.993598998110997,732.6586487865987,736.5290660300532,743.5435217980785,750.1548558395461,754.534244002086
mango_rmse_random,medium,2008-12-31,2009Q2,3,INV,745.8680676458149,753.4915957252271,-7.623528079412154,730.9732834691498,737.222973755704,745.8259427097282,754.8099522913066,760.6477226778641
mango_rmse_random,medium,2008-12-31,2009Q3,4,INV,745.7509182929484,753.2630578079347,-7.512139514986302,728.0147286799386,735.0896861325205,745.9971793223242,756.5904152695929,763.0533476284429
mango_rmse_random,medium,2008-12-31,2009Q4,5,INV,748.2878246803674,762.1065806084977,-13.818755928130258,727.8857025453614,736.2779718499446,748.2824477724286,759.9936564642112,768.1575928720285
mango_rmse_random,medium,2008-12-31,2010Q1,6,INV,750.2845311539311,764.3564839513651,-14.07195279743405,727.0281817722076,737.2710656577236,750.441835103183,763.6395873427699,772.2862522244045
mango_rmse_random,medium,2008-12-31,2010Q2,7,INV,751.7997651623657,769.4714244586191,-17.671659296253438,725.79319700358,737.0499899857872,752.0693021119009,766.4521504365143,776.2654963832746
mango_rmse_random,medium,2008-12-31,2010Q3,8,INV,753.4588913112663,773.8345192890719,-20.375627977805607,725.7425711721248,737.2535859812135,753.4911502603583,769.4865140464924,779.2078903692068
mango_rmse_random,medium,2008-12-31,2008Q4,1,WAGE,477.99890094372057,461.8984329821462,16.100467961574395,476.8719581813044,477.2925789049498,477.9987316336582,478.6970438606987,479.1568214239462
mango_rmse_random,medium,2008-12-31,2009Q1,2,WAGE,478.31966457950966,459.9192354301555,18.40042914935418,476.5551975684259,477.26478750371746,478.29501523005774,479.37401347537786,480.12445972555577
mango_rmse_random,medium,2008-12-31,2009Q2,3,WAGE,478.2814314451148,461.94872065828844,16.33271078682634,476.10719318202024,476.97633371935973,478.30061424731775,479.5982340182615,480.4653981568473
mango_rmse_random,medium,2008-12-31,2009Q3,4,WAGE,478.4160893754422,461.7928452086754,16.623244166766824,475.84228902448785,476.863765170191,478.45742536619326,480.02015243623117,480.9522721465953
mango_rmse_random,medium,2008-12-31,2009Q4,5,WAGE,478.5337455498577,461.5922175624994,16.941527987358313,475.61449105071887,476.76623627335357,478.50612575212693,480.32423923261126,481.53725009663594
mango_rmse_random,medium,2008-12-31,2010Q1,6,WAGE,478.5981867963033,460.4900149531529,18.108171843150387,475.2036044938296,476.60296534038827,478.5610872105708,480.63039693835304,482.090953905716
mango_rmse_random,medium,2008-12-31,2010Q2,7,WAGE,478.64737081330355,461.6337597679988,17.013611045304742,474.8318525996547,476.40514783941956,478.6262980081679,480.9393137718825,482.53058080882465
mango_rmse_random,medium,2008-12-31,2010Q3,8,WAGE,478.72692480353857,461.92505901960953,16.80186578392903,474.4370220393522,476.15163215743496,478.7420647645077,481.307048930679,482.88327292878245
mango_rmse_random,medium,2009-03-31,2009Q1,1,CONS,901.5107818984803,926.1231470493817,-24.612365150901383,900.389625386618,900.8071639273334,901.4988114704933,902.2244772063559,902.663230751426
mango_rmse_random,medium,2009-03-31,2009Q2,2,CONS,901.7461096979342,925.6303496212205,-23.88423992328626,899.9289267571083,900.5881961225232,901.7217379116986,902.8800615982086,903.585760394423
mango_rmse_random,medium,2009-03-31,2009Q3,3,CONS,902.4575003751906,926.3005779585693,-23.84307758337866,899.9462093352588,900.9185721511437,902.4455027864302,904.0115055597428,905.0283771883936
mango_rmse_random,medium,2009-03-31,2009Q4,4,CONS,903.1919594506792,926.1903449968864,-22.99838554620726,899.842745896281,901.1334020843902,903.1799222501703,905.2625530615801,906.5291425531635
mango_rmse_random,medium,2009-03-31,2010Q1,5,CONS,903.874173994284,926.7682152336796,-22.89404123939562,899.7287584103383,901.3408773445227,903.8712792114231,906.3712709473102,907.996557446367
mango_rmse_random,medium,2009-03-31,2010Q2,6,CONS,904.6077582586449,927.6609738087002,-23.053215550055256,899.7464163983092,901.6931822648967,904.6594244066041,907.4206506957639,909.4015894533093
mango_rmse_random,medium,2009-03-31,2010Q3,7,CONS,905.3303394369459,928.3718706580585,-23.041531221112564,899.6434388261348,901.9408634482602,905.3530495801849,908.6477548950995,910.8064690225046
mango_rmse_random,medium,2009-03-31,2010Q4,8,CONS,906.0118955281756,928.9828956921305,-22.97100016395484,899.5492076234732,902.1251409329873,906.0670323319976,909.6827871371003,912.169734677829
mango_rmse_random,medium,2009-03-31,2009Q1,1,DEFL,481.93669845518406,455.406634733688,26.53006372149605,481.0057691970438,481.37544586799464,481.9467386790602,482.48021762394137,482.8626983481079
mango_rmse_random,medium,2009-03-31,2009Q2,2,DEFL,482.60038157459314,455.2317782083863,27.368603366206855,481.0679660965276,481.68094947854905,482.60847581811936,483.5572131371053,484.11350904060856
mango_rmse_random,medium,2009-03-31,2009Q3,3,DEFL,483.08943558655557,455.33925638064517,27.7501792059104,480.7792877608108,481.7899821338477,483.06580094056574,484.49469429357447,485.32355293466145
mango_rmse_random,medium,2009-03-31,2009Q4,4,DEFL,483.47471092721656,455.6683475771851,27.80636335003146,480.2964563044194,481.6816737653938,483.46596565722183,485.37703681792414,486.577843349365
mango_rmse_random,medium,2009-03-31,2010Q1,5,DEFL,483.94207394026495,455.93984617419227,28.00222776607268,479.7133436240544,481.5233166050812,483.92579304313836,486.46543628933495,488.02792196049427
mango_rmse_random,medium,2009-03-31,2010Q2,6,DEFL,484.4455270985796,456.42648546620876,28.01904163237083,479.1008451234828,481.48584320720266,484.3936361663473,487.6472792768632,489.52358098255974
mango_rmse_random,medium,2009-03-31,2010Q3,7,DEFL,484.9826068140459,456.7281385445278,28.2544682695181,478.6015628153952,481.3013031847005,484.94613355140075,488.8628024809302,491.0711601209819
mango_rmse_random,medium,2009-03-31,2010Q4,8,DEFL,485.54253369507154,457.3122088019198,28.23032489315176,477.9672863680871,481.0481595767028,485.4879290753988,489.9835757563465,492.667889978878
mango_rmse_random,medium,2009-03-31,2009Q1,1,FFR,-0.665165839818883,0.18333333333333335,-0.8484991731522163,-2.494398822260281,-1.7823079568375566,-0.6818916839123721,0.4148064693041268,1.1096739994289884
mango_rmse_random,medium,2009-03-31,2009Q2,2,FFR,-1.0990984824246008,0.18000000000000002,-1.2790984824246008,-3.9843890743178387,-2.8637724810517944,-1.0841488459026427,0.651474505337839,1.873284631237742
mango_rmse_random,medium,2009-03-31,2009Q3,3,FFR,-1.4752394909353144,0.15666666666666665,-1.631906157601981,-5.145782060105939,-3.6693097997374036,-1.458774605815027,0.7151580970279823,2.0948133975958023
mango_rmse_random,medium,2009-03-31,2009Q4,4,FFR,-1.2840836075185669,0.12,-1.404083607518567,-5.703953126338591,-3.8022240758493044,-1.2639183100282427,1.372498509375962,2.849195152155696
mango_rmse_random,medium,2009-03-31,2010Q1,5,FFR,-1.0763997388863011,0.13333333333333333,-1.2097330722196344,-6.279969110604302,-3.9907965952284936,-1.1094523166779005,1.849764459745848,3.8192524093305598
mango_rmse_random,medium,2009-03-31,2010Q2,6,FFR,-0.7710566803101556,0.19333333333333336,-0.964390013643489,-6.429095886878192,-3.986442692963675,-0.7641604311646064,2.413065008932081,4.773687481680939
mango_rmse_random,medium,2009-03-31,2010Q3,7,FFR,-0.2840681556433093,0.18666666666666668,-0.470734822309976,-6.5058033671474815,-3.8689188776994614,-0.2438461962896776,3.312882393165453,5.684008810117955
mango_rmse_random,medium,2009-03-31,2010Q4,8,FFR,0.19853209727706725,0.18666666666666668,0.011865430610400574,-6.67829312009459,-3.590803889815017,0.27073612464433644,4.092797409905159,6.587355842728354
mango_rmse_random,medium,2009-03-31,2009Q1,1,GDP,934.828702536829,962.8226353991014,-27.993932862272345,933.2602978178976,933.8803866856495,934.781959935895,935.8211858494196,936.4449154468759
mango_rmse_random,medium,2009-03-31,2009Q2,2,GDP,934.9781195074195,962.6532538909199,-27.67513438350045,932.3542733589435,933.3578252882802,934.9946516254261,936.5682310940324,937.4819415482397
mango_rmse_random,medium,2009-03-31,2009Q3,3,GDP,935.8710966327404,963.0145304911672,-27.14343385842676,932.3685858395755,933.8195267762248,935.9076254079655,937.8634163715905,939.2208362438274
mango_rmse_random,medium,2009-03-31,2009Q4,4,GDP,936.7099440510834,964.0768300067851,-27.36688595570172,932.366603639706,934.1169726139204,936.8430005242064,939.177994249594,940.6697947674256
mango_rmse_random,medium,2009-03-31,2010Q1,5,GDP,937.8929726563664,964.5756373732798,-26.68266471691345,932.8155537778076,934.9262455561261,938.0137593924136,940.7689734810251,942.6249208525112
mango_rmse_random,medium,2009-03-31,2010Q2,6,GDP,938.9128184266873,965.5386897406826,-26.625871313995276,933.3134725333807,935.6220468989477,939.0256747807632,942.1279296354114,944.2431937696825
mango_rmse_random,medium,2009-03-31,2010Q3,7,GDP,939.9697666270757,966.3088604477673,-26.339093820691573,933.7138386928298,936.2585397478327,940.0485674354206,943.7851888496725,945.7934215763404
mango_rmse_random,medium,2009-03-31,2010Q4,8,GDP,940.9581684729233,966.8271103692053,-25.86894189628208,934.2499308954392,936.9200561526312,940.9542599520385,944.9753949088314,947.2829684415315
mango_rmse_random,medium,2009-03-31,2009Q1,1,HOURS,475.11689827785983,458.14920586335137,16.967692414508463,473.6263752122607,474.19079863621755,475.10550036592065,476.0417805709154,476.6583613029716
mango_rmse_random,medium,2009-03-31,2009Q2,2,HOURS,474.3921579878393,455.7826974477571,18.60946054008224,471.5993611651642,472.7000746745075,474.3571642933134,476.1221728788841,477.16236956529184
mango_rmse_random,medium,2009-03-31,2009Q3,3,HOURS,474.12139475438244,454.67568674374314,19.445708010639294,470.1681779659368,471.7213531481605,474.141360306892,476.5663745042974,477.9682684274161
mango_rmse_random,medium,2009-03-31,2009Q4,4,HOURS,474.3215799009766,454.55581763068915,19.76576227028744,469.17988967964806,471.29728817301356,474.3504266264643,477.45025774602425,479.26343861789644
mango_rmse_random,medium,2009-03-31,2010Q1,5,HOURS,475.0013879326631,454.84940087945347,20.15198705320961,468.9710587639909,471.343028788908,475.0104841537085,478.7168291031507,480.91234640906185
mango_rmse_random,medium,2009-03-31,2010Q2,6,HOURS,475.7543960774009,455.69038845785997,20.064007619540916,468.7324290523131,471.3472635636247,475.80900100908747,479.9215911389097,482.37958979146464
mango_rmse_random,medium,2009-03-31,2010Q3,7,HOURS,476.5550588635562,456.0883864276619,20.46667243589434,468.7581237334348,471.692645364636,476.784257858715,481.1946648918979,484.1313634856009
mango_rmse_random,medium,2009-03-31,2010Q4,8,HOURS,477.34201682713126,456.58366664724116,20.7583501798901,468.7756245492126,472.0189765467541,477.5763100636267,482.567024744079,485.63005221682135
mango_rmse_random,medium,2009-03-31,2009Q1,1,INV,732.2232572618244,759.4303232463312,-27.207065984506812,723.5336191472438,727.1286186517018,732.3538783676897,737.3822204395486,740.7938995015312
mango_rmse_random,medium,2009-03-31,2009Q2,2,INV,732.286076482995,753.4915957252271,-21.20551924223207,719.2219658778437,724.5023754797184,732.4041627316026,739.9960532907584,745.1814121603267
mango_rmse_random,medium,2009-03-31,2009Q3,3,INV,732.7546689185245,753.2630578079347,-20.508388889410185,716.3822425199326,722.8877716162699,732.7127341962573,742.6599134577598,748.986051785623
mango_rmse_random,medium,2009-03-31,2009Q4,4,INV,734.8361675310362,762.1065806084977,-27.270413077461512,715.4775248854826,723.1797327691547,734.8230850598693,746.7535267722877,754.5597510247284
mango_rmse_random,medium,2009-03-31,2010Q1,5,INV,739.911956303137,764.3564839513651,-24.44452764822813,717.3155194411956,726.270404091333,740.1374877568528,753.4084221168054,762.8083712954414
mango_rmse_random,medium,2009-03-31,2010Q2,6,INV,743.2516391189936,769.4714244586191,-26.21978533962556,717.1709007922364,728.4067539401808,743.4576064408889,758.420564841637,768.8160633175505
mango_rmse_random,medium,2009-03-31,2010Q3,7,INV,746.6017872526498,773.8345192890719,-27.23273203642202,716.9649914845241,729.6593924387744,746.9793036913707,763.6285125043406,774.2971390192895
mango_rmse_random,medium,2009-03-31,2010Q4,8,INV,749.3293962667128,773.5154467461025,-24.186050479389678,717.4562684623172,731.2185418837495,750.0538723403007,766.9137383822597,779.6453364993909
mango_rmse_random,medium,2009-03-31,2009Q1,1,WAGE,482.7288347713062,459.9192354301555,22.809599341150715,481.4434753690227,481.97077530005396,482.7151735281693,483.50952459594055,484.0388772329444
mango_rmse_random,medium,2009-03-31,2009Q2,2,WAGE,482.8517897548365,461.94872065828844,20.90306909654805,480.9402110449238,481.6377507268458,482.8349222033027,484.08288673618193,484.84758941195093
mango_rmse_random,medium,2009-03-31,2009Q3,3,WAGE,482.97494375734925,461.7928452086754,21.182098548673878,480.53271002822623,481.47760631494924,482.9167096348933,484.5428515654131,485.5596398431406
mango_rmse_random,medium,2009-03-31,2009Q4,4,WAGE,483.34655244953467,461.5922175624994,21.75433488703527,480.3878036154268,481.56135602675255,483.2697280405999,485.1739864332404,486.43614564357676
mango_rmse_random,medium,2009-03-31,2010Q1,5,WAGE,483.4238842389206,460.4900149531529,22.933869285767685,480.0629517234783,481.38661938718576,483.3794205452974,485.481460665066,486.9273271138798
mango_rmse_random,medium,2009-03-31,2010Q2,6,WAGE,483.50869142413376,461.6337597679988,21.874931656134947,479.63724918793355,481.21544088932563,483.42651066990004,485.71384775411536,487.44994915711857
mango_rmse_random,medium,2009-03-31,2010Q3,7,WAGE,483.57830031480705,461.92505901960953,21.653241295197518,479.3988405114733,481.03413076728214,483.5420727940798,486.04139021534235,488.05144671458567
mango_rmse_random,medium,2009-03-31,2010Q4,8,WAGE,483.63739120010007,461.51106158021446,22.12632961988561,479.0531067810487,480.87670733659496,483.56788730354714,486.3049009323039,488.47335994169276
mango_rmse_random,medium,2009-06-30,2009Q2,1,CONS,900.7730587465647,925.6303496212205,-24.857290874655746,899.6882415106809,900.0599515881831,900.7851352001451,901.459404044616,901.8923365032826
mango_rmse_random,medium,2009-06-30,2009Q3,2,CONS,900.9366663332662,926.3005779585693,-25.363911625303103,899.0492933411189,899.7660757459016,900.9379903642582,902.0881939869038,902.8368754721416
mango_rmse_random,medium,2009-06-30,2009Q4,3,CONS,901.3657155470596,926.1903449968864,-24.82462944982683,898.6131230999006,899.7452763241528,901.3688462243842,903.0003814217725,904.0172746132499
mango_rmse_random,medium,2009-06-30,2010Q1,4,CONS,901.7112633975447,926.7682152336796,-25.056951836134886,897.9114913957005,899.548383020532,901.7471570745643,903.8470452176663,905.333794469291
mango_rmse_random,medium,2009-06-30,2010Q2,5,CONS,902.1662650463651,927.6609738087002,-25.494708762335108,897.4532487049515,899.5169354363132,902.2798679024138,904.8429834146506,906.6353965328176
mango_rmse_random,medium,2009-06-30,2010Q3,6,CONS,902.6556091309892,928.3718706580585,-25.716261527069264,896.8314066724603,899.3667182904442,902.8070101099188,905.8736247826664,907.8189897712956
mango_rmse_random,medium,2009-06-30,2010Q4,7,CONS,903.1005208177857,928.9828956921305,-25.882374874344805,896.3992112475726,899.255563734911,903.4017096606824,906.8323615933809,909.1929449507203
mango_rmse_random,medium,2009-06-30,2011Q1,8,CONS,903.5515714557038,929.3641365665912,-25.812565110887476,895.6019432123942,899.2408607630487,903.8937220020381,907.8692722101825,910.6273023737094
mango_rmse_random,medium,2009-06-30,2009Q2,1,DEFL,482.9071982170693,455.2317782083863,27.675420008683034,481.9932634527925,482.37743411812266,482.92207202702525,483.4710119104788,483.82805272212704
mango_rmse_random,medium,2009-06-30,2009Q3,2,DEFL,483.5977688364705,455.33925638064517,28.258512455825326,481.9362109272901,482.59314713867167,483.6202614574452,484.6076505486813,485.2133133656632
mango_rmse_random,medium,2009-06-30,2009Q4,3,DEFL,484.1360380272702,455.6683475771851,28.467690450085115,481.6097157989685,482.61056543916203,484.15497680946356,485.6716607723749,486.6648735084729
mango_rmse_random,medium,2009-06-30,2010Q1,4,DEFL,484.75977885343303,455.93984617419227,28.819932679240765,481.20969461571116,482.6792926008658,484.7813097639808,486.83214084695913,488.24943078674414
mango_rmse_random,medium,2009-06-30,2010Q2,5,DEFL,485.41058878911196,456.42648546620876,28.984103322903195,480.83115561586646,482.6983239064399,485.39886577045615,488.1522624800019,489.9355270095328
mango_rmse_random,medium,2009-06-30,2010Q3,6,DEFL,486.06945648642727,456.7281385445278,29.34131794189949,480.2827421048089,482.58423319098796,486.0992529086591,489.468696370406,491.81400131040124
mango_rmse_random,medium,2009-06-30,2010Q4,7,DEFL,486.76820458451334,457.3122088019198,29.45599578259356,479.7527170968731,482.4370300845439,486.75890801121375,491.0038338423104,493.7490752211889
mango_rmse_random,medium,2009-06-30,2011Q1,8,DEFL,487.5339851699358,457.8271642119391,29.70682095799674,479.14222993613544,482.4236387308169,487.50421708369794,492.6544844819607,495.8629203786013
mango_rmse_random,medium,2009-06-30,2009Q2,1,FFR,-0.6130854088522435,0.18000000000000002,-0.7930854088522435,-2.4455648323308687,-1.728222012317888,-0.6018453598269113,0.4825862560489371,1.2182171692648838
mango_rmse_random,medium,2009-06-30,2009Q3,2,FFR,-1.4254790920650457,0.15666666666666665,-1.5821457587317125,-4.447269050910451,-3.278968947742605,-1.4062777894788243,0.4609204170072595,1.6562831523715906
mango_rmse_random,medium,2009-06-30,2009Q4,3,FFR,-1.1946024603583532,0.12,-1.314602460358353,-5.145945108676707,-3.5672847886917647,-1.132433351240986,1.1664500270616145,2.898928664423715
mango_rmse_random,medium,2009-06-30,2010Q1,4,FFR,-0.7756534286408994,0.13333333333333333,-0.9089867619742327,-5.534935291189462,-3.6877934447692398,-0.7751139054288587,2.0547440316445473,3.861144933858006
mango_rmse_random,medium,2009-06-30,2010Q2,5,FFR,-0.5901018783142873,0.19333333333333336,-0.7834352116476206,-6.121093212130446,-3.9673319826983375,-0.5952319644142927,2.749519003212947,4.793159002380794
mango_rmse_random,medium,2009-06-30,2010Q3,6,FFR,-0.25832075241723146,0.18666666666666668,-0.44498741908389816,-6.377105366661863,-4.006544053138067,-0.25710810209369434,3.5131734191407653,5.76466983315785
mango_rmse_random,medium,2009-06-30,2010Q4,7,FFR,0.15597356126270395,0.18666666666666668,-0.030693105403962723,-6.495005942497272,-3.8769037719072963,0.12998894040150685,4.373171704885273,6.922810600014239
mango_rmse_random,medium,2009-06-30,2011Q1,8,FFR,0.5821081816447201,0.15666666666666668,0.42544151497805344,-6.946728077432626,-3.791860669629031,0.5437402551798924,5.153413577372128,7.890143237146043
mango_rmse_random,medium,2009-06-30,2009Q2,1,GDP,933.5408629351332,962.6532538909199,-29.112390955786736,931.9390743017026,932.5843898660742,933.5529204656993,934.4976651569569,935.0888139404018
mango_rmse_random,medium,2009-06-30,2009Q3,2,GDP,933.9016960061902,963.0145304911672,-29.112834484977043,931.180411611784,932.2802840011964,933.8544143273571,935.470636248983,936.597195187574
mango_rmse_random,medium,2009-06-30,2009Q4,3,GDP,934.6637006668617,964.0768300067851,-29.413129339923444,930.9538143352282,932.3836054093595,934.7130009846943,936.8710637318402,938.3809967418491
mango_rmse_random,medium,2009-06-30,2010Q1,4,GDP,935.6405573555013,964.5756373732798,-28.935080017778546,930.970875821399,932.8529760565767,935.7499954663907,938.3373262012077,940.0970637991651
mango_rmse_random,medium,2009-06-30,2010Q2,5,GDP,936.4634325716928,965.5386897406826,-29.075257168989765,930.9844687023083,933.2174245981165,936.5569708037438,939.6799487333841,941.6617915125994
mango_rmse_random,medium,2009-06-30,2010Q3,6,GDP,937.3258287844718,966.3088604477673,-28.983031663295492,930.803156136928,933.5638499925172,937.5592370523025,940.9823718258144,943.1599603554057
mango_rmse_random,medium,2009-06-30,2010Q4,7,GDP,938.1900769455758,966.8271103692053,-28.637033423629532,931.1064164517463,934.1581965023133,938.4117462436552,942.2402267734443,944.644183148079
mango_rmse_random,medium,2009-06-30,2011Q1,8,GDP,939.0008252201773,966.5859036314018,-27.585078411224572,930.9935001094545,934.5024122537036,939.3008319622872,943.5209191649202,946.0981448543081
mango_rmse_random,medium,2009-06-30,2009Q2,1,HOURS,472.7026170287818,455.7826974477571,16.919919581024715,471.2143014162945,471.79479141491,472.68228120743447,473.6695753356848,474.23232883485196
mango_rmse_random,medium,2009-06-30,2009Q3,2,HOURS,471.94085744081923,454.67568674374314,17.265170697076087,469.09331128867046,470.1901201972474,471.933156180295,473.6558886747022,474.7744243870757
mango_rmse_random,medium,2009-06-30,2009Q4,3,HOURS,471.7900880058477,454.55581763068915,17.23427037515853,467.61748222261235,469.2557126942915,471.8290006872219,474.2732065968337,475.88026461346413
mango_rmse_random,medium,2009-06-30,2010Q1,4,HOURS,472.1651683067574,454.84940087945347,17.31576742730391,466.4622701638294,468.86554966990303,472.21702542159034,475.52140191339686,477.374712984476
mango_rmse_random,medium,2009-06-30,2010Q2,5,HOURS,472.6480186738058,455.69038845785997,16.957630215945812,465.5202601843495,468.65930464524916,472.7921971147987,476.7366903095973,479.13149006157363
mango_rmse_random,medium,2009-06-30,2010Q3,6,HOURS,473.23362773197783,456.0883864276619,17.14524130431596,464.7400993855756,468.51495908875427,473.520600945429,477.94170421068014,480.6052888085922
mango_rmse_random,medium,2009-06-30,2010Q4,7,HOURS,473.8647087675335,456.58366664724116,17.28104212029234,464.24002748697467,468.5859721784399,474.2058970187978,479.1292779107513,482.308707238561
mango_rmse_random,medium,2009-06-30,2011Q1,8,HOURS,474.4802839453937,456.76655994468166,17.713724000712034,464.02661993589146,468.6374482562108,474.70125850122224,480.17152233723016,483.7761696736914
mango_rmse_random,medium,2009-06-30,2009Q2,1,INV,719.4424169975101,753.4915957252271,-34.049178727716935,710.9572210418127,714.2807508692784,719.3047437506052,724.6119699200909,728.0066235617611
mango_rmse_random,medium,2009-06-30,2009Q3,2,INV,717.8483847099795,753.2630578079347,-35.41467309795519,703.9519480412392,709.5161056648417,717.8050088666524,726.3506602468154,731.7511400009814
mango_rmse_random,medium,2009-06-30,2009Q4,3,INV,718.9063661844601,762.1065806084977,-43.20021442403754,700.2562621935047,707.3268014849743,719.0430571321863,730.6202970187258,738.0132771591657
mango_rmse_random,medium,2009-06-30,2010Q1,4,INV,723.6464663562367,764.3564839513651,-40.71001759512842,700.052691432481,710.2773111668303,724.0740884763806,737.468423014731,744.7690078058371
mango_rmse_random,medium,2009-06-30,2010Q2,5,INV,726.2052240428125,769.4714244586191,-43.26620041580668,697.6568175510168,710.6948046334405,726.8943596851334,742.4561954026599,750.7347561828332
mango_rmse_random,medium,2009-06-30,2010Q3,6,INV,728.7323223265632,773.8345192890719,-45.10219696250863,696.5373823612617,710.9056511013393,729.8400904600428,746.2832883986036,755.8795290105245
mango_rmse_random,medium,2009-06-30,2010Q4,7,INV,731.2917988538709,773.5154467461025,-42.22364789223161,695.4082281247776,711.8178456011725,732.9826618667449,750.8124676419782,761.3570884529298
mango_rmse_random,medium,2009-06-30,2011Q1,8,INV,733.2978704875094,771.6122658380344,-38.31439535052505,693.0916018024436,712.3259531760177,735.7194960229137,754.3332633062984,767.2642739550545
mango_rmse_random,medium,2009-06-30,2009Q2,1,WAGE,483.65337707768316,461.94872065828844,21.704656419394723,482.3856513513363,482.8903229584654,483.6388409902088,484.4379740959519,484.99921485403047
mango_rmse_random,medium,2009-06-30,2009Q3,2,WAGE,483.5971931345078,461.7928452086754,21.804347925832417,481.49702305074413,482.35611041288826,483.5842036559541,484.83636445171464,485.6913943934676
mango_rmse_random,medium,2009-06-30,2009Q4,3,WAGE,483.70168580752676,461.5922175624994,22.109468245027358,481.0777752896692,482.0931519111951,483.6804468589795,485.3109764338627,486.4961610680228
mango_rmse_random,medium,2009-06-30,2010Q1,4,WAGE,483.6661192996051,460.4900149531529,23.176104346452178,480.48246337693814,481.73511560842894,483.63245259819416,485.63444298007437,486.95901654604387
mango_rmse_random,medium,2009-06-30,2010Q2,5,WAGE,483.7230576239977,461.6337597679988,22.089297855998893,480.05705104160273,481.5079022058321,483.6667042348581,486.0083677374132,487.50760961409935
mango_rmse_random,medium,2009-06-30,2010Q3,6,WAGE,483.7549180286532,461.92505901960953,21.829859009043673,479.5735466685652,481.2691496564048,483.65854943232824,486.35628296887046,488.0873604110179
mango_rmse_random,medium,2009-06-30,2010Q4,7,WAGE,483.72291857655864,461.51106158021446,22.21185699634418,479.1845983025667,480.87271360873655,483.61026953460953,486.58842357309106,488.5522252917076
mango_rmse_random,medium,2009-06-30,2011Q1,8,WAGE,483.67713017531975,462.24696830661526,21.430161868704488,478.70759541300725,480.5463179952885,483.5942387762263,486.82975625594935,488.81816928270314
mango_rmse_random,medium,2009-09-30,2009Q3,1,CONS,912.5305299839665,926.3005779585693,-13.77004797460279,911.4489169462418,911.8669086457301,912.5366539495361,913.1943525701563,913.7179523059193
mango_rmse_random,medium,2009-09-30,2009Q4,2,CONS,912.6328387488072,926.1903449968864,-13.557506248079221,910.8236803178588,911.5376107069518,912.6139073697577,913.7602353538826,914.4469332794889
mango_rmse_random,medium,2009-09-30,2010Q1,3,CONS,913.1217949826183,926.7682152336796,-13.646420251061272,910.4837610299472,911.5616851769836,913.0960905877002,914.6574199808006,915.7976430916491
mango_rmse_random,medium,2009-09-30,2010Q2,4,CONS,913.6138446064149,927.6609738087002,-14.047129202285305,910.1024401661165,911.5354784640026,913.643229354446,915.6909456718683,917.0411782064127
mango_rmse_random,medium,2009-09-30,2010Q3,5,CONS,914.2177304423174,928.3718706580585,-14.154140215741108,909.820659129861,911.68489604539,914.2243402861105,916.9061338765767,918.5094494654148
mango_rmse_random,medium,2009-09-30,2010Q4,6,CONS,914.8346296018296,928.9828956921305,-14.148266090300808,909.4749865585925,911.6627558425035,914.91860805291,918.0544765233874,920.1062320544993
mango_rmse_random,medium,2009-09-30,2011Q1,7,CONS,915.4650240157217,929.3641365665912,-13.899112550869518,908.8714868469976,911.7049089489362,915.559530591413,919.1299480538457,921.5190154470718
mango_rmse_random,medium,2009-09-30,2011Q2,8,CONS,916.078729517914,929.4669847547688,-13.388255236854775,908.6183494429503,911.7648888899714,916.2056449544311,920.324847983718,923.2557905719202
mango_rmse_random,medium,2009-09-30,2009Q3,1,DEFL,469.96594310003513,455.33925638064517,14.626686719389966,469.09197919538576,469.4529140981579,469.96662864298764,470.49699363447576,470.8260239883286
mango_rmse_random,medium,2009-09-30,2009Q4,2,DEFL,469.9972651120205,455.6683475771851,14.328917534835398,468.4243678734028,469.0393544852182,470.01031673311104,470.93711711380803,471.4873064673643
mango_rmse_random,medium,2009-09-30,2010Q1,3,DEFL,470.0304494713385,455.93984617419227,14.090603297146231,467.639045814257,468.64722777912493,470.0589827061465,471.489522830153,472.3877359081081
mango_rmse_random,medium,2009-09-30,2010Q2,4,DEFL,470.07359438375306,456.42648546620876,13.647108917544301,466.8750009572725,468.1708789859286,470.09161679155545,472.0381446031288,473.39081196446415
mango_rmse_random,medium,2009-09-30,2010Q3,5,DEFL,470.14874144919696,456.7281385445278,13.420602904669181,465.78399896856126,467.7246135288657,470.11336851817316,472.7148901344741,474.4628521548212
mango_rmse_random,medium,2009-09-30,2010Q4,6,DEFL,470.23126842318015,457.3122088019198,12.919059621260374,464.6677874702452,466.9862204882963,470.224319060453,473.48448554526055,475.67502801516935
mango_rmse_random,medium,2009-09-30,2011Q1,7,DEFL,470.3604595060578,457.8271642119391,12.533295294118716,463.4249924839334,466.37526924806264,470.40472389709134,474.3203062331228,477.01602827303793
mango_rmse_random,medium,2009-09-30,2011Q2,8,DEFL,470.5297108354454,458.48552274726825,12.04418808817718,462.41396667698194,465.77342168196515,470.57218859713873,475.2000523429611,478.54870188994613
mango_rmse_random,medium,2009-09-30,2009Q3,1,FFR,-1.084815316561295,0.15666666666666665,-1.2414819832279618,-2.8067680944128344,-2.1559900421770215,-1.0872929523498358,-0.015179657016794924,0.6137584335768731
mango_rmse_random,medium,2009-09-30,2009Q4,2,FFR,-1.608559231372691,0.12,-1.728559231372691,-4.343861370541579,-3.2250898028638693,-1.6035313831165223,0.02045409973061614,1.0810054503710709
mango_rmse_random,medium,2009-09-30,2010Q1,3,FFR,-1.4616566839838874,0.13333333333333333,-1.5949900173172207,-5.011459065907765,-3.5300578470687562,-1.4988489927148136,0.7081817703984458,2.0514312193470516
mango_rmse_random,medium,2009-09-30,2010Q2,4,FFR,-1.3625417273512106,0.19333333333333336,-1.555875060684544,-5.699312062705913,-3.984678355207057,-1.4106524674541236,1.2964783075426716,3.077582896705577
mango_rmse_random,medium,2009-09-30,2010Q3,5,FFR,-1.4255811419273203,0.18666666666666668,-1.612247808593987,-6.600704673324945,-4.416977093287142,-1.403581684776654,1.6683111263605181,3.5926297774529066
mango_rmse_random,medium,2009-09-30,2010Q4,6,FFR,-1.3582666742169613,0.18666666666666668,-1.544933340883628,-7.34666093819281,-4.886880849286165,-1.3644359935591495,2.0953373995090407,4.475304644456175
mango_rmse_random,medium,2009-09-30,2011Q1,7,FFR,-1.1296201472084744,0.15666666666666668,-1.286286813875141,-7.858886359634572,-5.02155208320444,-1.0008482118707933,2.6342327441553186,5.363720695918973
mango_rmse_random,medium,2009-09-30,2011Q2,8,FFR,-0.8361435715773309,0.09333333333333334,-0.9294769049106643,-8.477469068001875,-5.107666837178176,-0.6725022589362425,3.3793949643724135,6.377454543605927
mango_rmse_random,medium,2009-09-30,2009Q3,1,GDP,946.9113783888364,963.0145304911672,-16.103152102330796,945.3763524373642,945.9635657060552,946.9290517761162,947.8195522285331,948.4903492823994
mango_rmse_random,medium,2009-09-30,2009Q4,2,GDP,947.385558744121,964.0768300067851,-16.691271262664145,944.8484697445203,945.8801547906537,947.3898270387771,948.8780237375165,949.8362845925246
mango_rmse_random,medium,2009-09-30,2010Q1,3,GDP,948.4756911401633,964.5756373732798,-16.099946233116498,945.0788206606622,946.426313929889,948.4653793784591,950.5758223834817,951.812781660765
mango_rmse_random,medium,2009-09-30,2010Q2,4,GDP,949.294795025719,965.5386897406826,-16.243894714963517,944.9210707729898,946.7606103464624,949.3363484571357,951.8274946507358,953.4575226562505
mango_rmse_random,medium,2009-09-30,2010Q3,5,GDP,950.2045162785145,966.3088604477673,-16.10434416925284,945.0205127065086,947.2327190859038,950.2122560984013,953.2255398968209,955.1489382695181
mango_rmse_random,medium,2009-09-30,2010Q4,6,GDP,951.1251777889867,966.8271103692053,-15.701932580218681,944.9121864764976,947.698071920636,951.2291477514184,954.6458339691189,956.8518572100788
mango_rmse_random,medium,2009-09-30,2011Q1,7,GDP,952.1417006284516,966.5859036314018,-14.44420300295019,945.186396097385,948.0895891563135,952.2355605483797,956.1488785081084,958.7597451493374
mango_rmse_random,medium,2009-09-30,2011Q2,8,GDP,953.1360675499643,967.261665957135,-14.125598407170742,945.4701493517529,948.6876226774248,953.2795972987016,957.6012509083399,960.3400071897576
mango_rmse_random,medium,2009-09-30,2009Q3,1,HOURS,470.95317915595575,454.67568674374314,16.27749241221261,469.4472477913731,470.06996262504816,470.99139025631666,471.8186756282415,472.3506902115341
mango_rmse_random,medium,2009-09-30,2009Q4,2,HOURS,470.46332070318266,454.55581763068915,15.907503072493512,467.76577135773243,468.8038705340727,470.4458016611431,472.08898425810537,473.1728806146714
mango_rmse_random,medium,2009-09-30,2010Q1,3,HOURS,470.601472064329,454.84940087945347,15.752071184875547,466.5697228646536,468.2442749967669,470.53712594529384,473.06697347048373,474.57621835666214
mango_rmse_random,medium,2009-09-30,2010Q2,4,HOURS,470.91066303855155,455.69038845785997,15.22027458069158,465.65034631957286,467.810210584258,470.91607604773196,474.0713250015974,476.1312124687337
mango_rmse_random,medium,2009-09-30,2010Q3,5,HOURS,471.29763710995155,456.0883864276619,15.209250682289678,464.68850789312353,467.4300593055587,471.25687775073186,475.0953945424068,477.6646499411697
mango_rmse_random,medium,2009-09-30,2010Q4,6,HOURS,471.7717560084928,456.58366664724116,15.188089361251627,463.8626070675773,467.26726218852946,471.87201797383403,476.25097055384543,479.31716371554626
mango_rmse_random,medium,2009-09-30,2011Q1,7,HOURS,472.34462414642684,456.76655994468166,15.578064201745178,463.3203666035541,467.11804722121,472.51171737572736,477.6060943724513,480.8678133676753
mango_rmse_random,medium,2009-09-30,2011Q2,8,HOURS,472.95187428262875,457.8251096636827,15.126764618946027,463.0095576259369,467.0975115151244,473.08731745908483,478.9090114190849,482.5888620049083
mango_rmse_random,medium,2009-09-30,2009Q3,1,INV,727.5816642110452,753.2630578079347,-25.681393596889507,719.7404184748351,722.704825465744,727.5070074210442,732.3615229772666,736.0114182900065
mango_rmse_random,medium,2009-09-30,2009Q4,2,INV,728.5256109680687,762.1065806084977,-33.580969640428975,715.4532182088973,720.4942325071994,728.762702652825,736.3582094609455,741.5893798629805
mango_rmse_random,medium,2009-09-30,2010Q1,3,INV,732.6285709871875,764.3564839513651,-31.727912964177676,714.8189937818524,722.1594268080478,732.9812939338244,742.5884735526657,749.4542980388137
mango_rmse_random,medium,2009-09-30,2010Q2,4,INV,735.3684974535032,769.4714244586191,-34.10292700511593,713.4786328946177,722.5078831669324,735.9378452589283,748.1745274123613,755.4103175811799
mango_rmse_random,medium,2009-09-30,2010Q3,5,INV,737.4605371662993,773.8345192890719,-36.37398212277253,710.9346669604163,722.4293636457526,738.2582143731967,752.598572846901,761.5739958845468
mango_rmse_random,medium,2009-09-30,2010Q4,6,INV,739.693551513017,773.5154467461025,-33.821895233085456,709.1539538364462,722.8589531696972,740.7017873311424,756.4712035122449,768.0422071758265
mango_rmse_random,medium,2009-09-30,2011Q1,7,INV,742.1947039698397,771.6122658380344,-29.417561868194753,707.6018992546386,723.2092398997295,743.1791870170433,761.55153363438,773.0023412232639
mango_rmse_random,medium,2009-09-30,2011Q2,8,INV,744.6030610860919,775.6219744335358,-31.018913347443913,706.4356855390148,722.7218995110363,745.9105903735818,765.6693710095382,779.6480701174565
mango_rmse_random,medium,2009-09-30,2009Q3,1,WAGE,479.75546532426023,461.7928452086754,17.962620115584855,478.46300539587895,478.970794201917,479.7412473680448,480.55199217095725,481.06222089337547
mango_rmse_random,medium,2009-09-30,2009Q4,2,WAGE,479.65222241362585,461.5922175624994,18.06000485112645,477.7224077887812,478.4745421272963,479.6881399860664,480.8138036123381,481.5793743534651
mango_rmse_random,medium,2009-09-30,2010Q1,3,WAGE,479.4539832248238,460.4900149531529,18.963968271670865,476.9794507449253,478.0143442905596,479.42690883670537,480.94239748890004,481.8381357503624
mango_rmse_random,medium,2009-09-30,2010Q2,4,WAGE,479.4229966573003,461.6337597679988,17.789236889301492,476.3996255141531,477.68007639747725,479.4091604642982,481.20836060423426,482.4195725832186
mango_rmse_random,medium,2009-09-30,2010Q3,5,WAGE,479.4167730546626,461.92505901960953,17.491714035053064,475.9904906562989,477.4181377320649,479.40185738228297,481.40127350296797,482.85492841783105
mango_rmse_random,medium,2009-09-30,2010Q4,6,WAGE,479.42950163312935,461.51106158021446,17.91844005291489,475.4842615011292,477.0880389097704,479.45280575664515,481.74682703885065,483.31299212830646
mango_rmse_random,medium,2009-09-30,2011Q1,7,WAGE,479.35734838657623,462.24696830661526,17.110380079960976,474.8684753883356,476.78540491289056,479.38994961031693,481.96099842932574,483.65693481994026
mango_rmse_random,medium,2009-09-30,2011Q2,8,WAGE,479.28779556970625,460.24464800664947,19.043147563056777,474.30481964056474,476.4355747609468,479.3672364818716,482.2206403198615,484.05019868407965
mango_rmse_random,medium,2009-12-31,2009Q4,1,CONS,913.2698045567028,926.1903449968864,-12.920540440183686,912.1714883888814,912.6358334169668,913.2526533916373,913.9268919733615,914.365619566973
mango_rmse_random,medium,2009-12-31,2010Q1,2,CONS,913.8382732453384,926.7682152336796,-12.92994198834117,912.0880388291534,912.7638033971311,913.8203619634069,914.9266049063315,915.6460982807431
mango_rmse_random,medium,2009-12-31,2010Q2,3,CONS,914.4879183981554,927.6609738087002,-13.173055410544748,911.9577589092613,912.9864803354691,914.4550965270864,915.9961364913268,917.1257867211493
mango_rmse_random,medium,2009-12-31,2010Q3,4,CONS,915.1386624106432,928.3718706580585,-13.233208247415291,911.8190693942214,913.1314644287042,915.1380615462447,917.1395211529187,918.5625098805106
mango_rmse_random,medium,2009-12-31,2010Q4,5,CONS,915.9625508149019,928.9828956921305,-13.020344877228581,911.8104581489306,913.3399659588977,915.9610482583385,918.4837422769707,920.2098508363208
mango_rmse_random,medium,2009-12-31,2011Q1,6,CONS,916.7662056146277,929.3641365665912,-12.597930951963576,911.6133639692496,913.6611544804664,916.7710773877093,919.7697427627064,921.9305752139602
mango_rmse_random,medium,2009-12-31,2011Q2,7,CONS,917.5331619286246,929.4669847547688,-11.933822826144137,911.4019013433738,914.0324700627905,917.6929998330615,920.9755924677954,923.5270071867754
mango_rmse_random,medium,2009-12-31,2011Q3,8,CONS,918.304450150227,929.7709193408268,-11.46646919059981,911.233618961711,914.303214289811,918.4230772918316,922.3165051256939,924.8944221754128
mango_rmse_random,medium,2009-12-31,2009Q4,1,DEFL,469.8836162450932,455.6683475771851,14.215268667908106,469.017009902552,469.3641002753222,469.8753933555356,470.4089823983163,470.7444651945731
mango_rmse_random,medium,2009-12-31,2010Q1,2,DEFL,469.86788353958246,455.93984617419227,13.928037365390196,468.37222204111464,468.9649147613906,469.8694399568904,470.77304534102586,471.3753832714334
mango_rmse_random,medium,2009-12-31,2010Q2,3,DEFL,469.8542291702843,456.42648546620876,13.427743704075567,467.5310805766419,468.5276051596725,469.8672340709547,471.1790294382364,472.1597194154677
mango_rmse_random,medium,2009-12-31,2010Q3,4,DEFL,469.9239753278625,456.7281385445278,13.195836783334698,466.7317567218293,468.0166014744437,469.9288885681149,471.7573472038514,473.07738612174
mango_rmse_random,medium,2009-12-31,2010Q4,5,DEFL,469.9931467461932,457.3122088019198,12.68093794427341,465.87409466643436,467.49973913583625,469.9979571739287,472.3964823611896,474.12267309581733
mango_rmse_random,medium,2009-12-31,2011Q1,6,DEFL,470.1302896073608,457.8271642119391,12.303125395421716,464.8035217374306,467.0023976539904,470.1858466152596,473.17609812748594,475.4910012952669
mango_rmse_random,medium,2009-12-31,2011Q2,7,DEFL,470.2862206063974,458.48552274726825,11.800697859129173,463.83104627342254,466.4238713924707,470.3868286729464,473.9668242688626,476.83716897192176
mango_rmse_random,medium,2009-12-31,2011Q3,8,DEFL,470.488352132972,459.10205503836494,11.386297094607073,462.63047855315887,465.8970813718677,470.6303533438961,474.89466041262375,478.2143455272056
mango_rmse_random,medium,2009-12-31,2009Q4,1,FFR,-0.1567030395879914,0.12,-0.27670303958799136,-2.0080621003213825,-1.2278798089602163,-0.14620870326488633,0.9212636715350068,1.6457354645812752
mango_rmse_random,medium,2009-12-31,2010Q1,2,FFR,-0.4972902758802582,0.13333333333333333,-0.6306236092135915,-3.3458285581569167,-2.29609649763216,-0.4665486636601328,1.275444815687616,2.3708638405605758
mango_rmse_random,medium,2009-12-31,2010Q2,3,FFR,-0.5062018840425115,0.19333333333333336,-0.6995352173758449,-4.26060908094588,-2.78248024531398,-0.48636159245413657,1.6818041125376917,3.2399757403515355
mango_rmse_random,medium,2009-12-31,2010Q3,4,FFR,-0.5040330029813852,0.18666666666666668,-0.6906996696480519,-5.050214828209358,-3.1329521858949105,-0.469920222991459,2.1403488392299668,4.026738657870885
mango_rmse_random,medium,2009-12-31,2010Q4,5,FFR,-0.3949159465791835,0.18666666666666668,-0.5815826132458501,-5.603837863006904,-3.394550289527072,-0.3995613244410866,2.635566603125755,4.852357759170176
mango_rmse_random,medium,2009-12-31,2011Q1,6,FFR,-0.19215037318208522,0.15666666666666668,-0.3488170398487519,-6.030096796324785,-3.630548225740526,-0.1662275445475233,3.215369079831523,5.468131920547542
mango_rmse_random,medium,2009-12-31,2011Q2,7,FFR,0.04595909973444463,0.09333333333333334,-0.047374233598888704,-6.468581713951042,-3.626653718490099,0.03331367999064683,3.7564339574113035,6.178634914857603
mango_rmse_random,medium,2009-12-31,2011Q3,8,FFR,0.3721117861741263,0.08333333333333333,0.288778452840793,-6.65463237113104,-3.683775678917526,0.37793714778369103,4.463650683551895,7.025299950501661
mango_rmse_random,medium,2009-12-31,2009Q4,1,GDP,947.560038393793,964.0768300067851,-16.516791612992165,946.0690358811206,946.6930138992994,947.5562716755171,948.4451771022742,949.022573068565
mango_rmse_random,medium,2009-12-31,2010Q1,2,GDP,948.5983288766168,964.5756373732798,-15.977308496663,946.1459334367557,947.1387516698602,948.603182665003,950.0714766662794,951.0146674847591
mango_rmse_random,medium,2009-12-31,2010Q2,3,GDP,949.3862951275376,965.5386897406826,-16.15239461314502,945.999660929779,947.3539050480939,949.3131187368438,951.4761467652726,952.8910876015825
mango_rmse_random,medium,2009-12-31,2010Q3,4,GDP,950.3940716125302,966.3088604477673,-15.914788835237118,946.1721919706897,947.8774182898147,950.314211581175,952.9050062982736,954.7021042596919
mango_rmse_random,medium,2009-12-31,2010Q4,5,GDP,951.3864505865405,966.8271103692053,-15.440659782664852,946.2492032035846,948.4589578875734,951.4443499933786,954.360959388615,956.3402723576029
mango_rmse_random,medium,2009-12-31,2011Q1,6,GDP,952.4805627767552,966.5859036314018,-14.10534085464667,946.800325188791,949.1533884475215,952.5082521582588,955.9303503252099,958.1686914330415
mango_rmse_random,medium,2009-12-31,2011Q2,7,GDP,953.5509080722823,967.261665957135,-13.710757884852796,947.1038825948272,949.8239643114445,953.6246607760314,957.3489245592988,960.0331578113454
mango_rmse_random,medium,2009-12-31,2011Q3,8,GDP,954.5561566032836,967.2228912780705,-12.66673467478688,947.2806230688923,950.3093373426507,954.6252213050498,958.8488134761438,961.5823946315644
mango_rmse_random,medium,2009-12-31,2009Q4,1,HOURS,470.3438753198798,454.55581763068915,15.78805768919068,468.97208966708774,469.4629184131777,470.31790401719866,471.21719368125787,471.8093264606288
mango_rmse_random,medium,2009-12-31,2010Q1,2,HOURS,470.3950077751673,454.84940087945347,15.545606895713831,467.85348431928463,468.8237651378832,470.3562321067026,471.95619332701625,473.09953233908504
mango_rmse_random,medium,2009-12-31,2010Q2,3,HOURS,470.660244288012,455.69038845785997,14.969855830152028,466.9937643305686,468.29016208091997,470.6101612372803,473.0084895628182,474.64902513228645
mango_rmse_random,medium,2009-12-31,2010Q3,4,HOURS,471.1771621552884,456.0883864276619,15.088775727626512,466.1985474469993,468.2139862768536,471.057672030108,474.1936605557335,476.3260487843874
mango_rmse_random,medium,2009-12-31,2010Q4,5,HOURS,471.7168561001738,456.58366664724116,15.13318945293264,465.5692654448109,468.05622533688677,471.61726047033414,475.436061206532,478.19500485708306
mango_rmse_random,medium,2009-12-31,2011Q1,6,HOURS,472.35580990206205,456.76655994468166,15.589249957380389,465.0702049398794,468.088987931909,472.3124922712152,476.809486221137,479.64990517737596
mango_rmse_random,medium,2009-12-31,2011Q2,7,HOURS,473.03834540764956,457.8251096636827,15.213235743966834,464.92949931558536,468.26418744913826,473.0823290355753,478.0871589287633,481.20871987006495
mango_rmse_random,medium,2009-12-31,2011Q3,8,HOURS,473.69977731012096,458.13691758021395,15.562859729907018,464.5988406061752,468.2684980082458,473.72021567578713,479.2385461561639,482.6355408783028
mango_rmse_random,medium,2009-12-31,2009Q4,1,INV,731.6559504997139,762.1065806084977,-30.4506301087838,723.7964021581569,726.8477609096285,731.567974644337,736.4871167208232,739.6087101189501
mango_rmse_random,medium,2009-12-31,2010Q1,2,INV,735.0195211865765,764.3564839513651,-29.33696276478861,722.6238294738702,727.2807970662881,735.1444803970539,742.4749255758928,747.7600330297415
mango_rmse_random,medium,2009-12-31,2010Q2,3,INV,737.3116787346959,769.4714244586191,-32.159745723923265,720.8599484580426,726.9755962294269,737.2625961122787,747.646502258569,753.9554227129996
mango_rmse_random,medium,2009-12-31,2010Q3,4,INV,741.1129779832511,773.8345192890719,-32.72154130582078,720.6922110564713,729.0566699685216,741.0273886164764,753.2442191227203,761.7468821292564
mango_rmse_random,medium,2009-12-31,2010Q4,5,INV,743.3930574626178,773.5154467461025,-30.122389283484722,719.3925859646286,729.1733815416898,743.5259241588562,757.9900806944524,767.9528068079355
mango_rmse_random,medium,2009-12-31,2011Q1,6,INV,746.4593008673961,771.6122658380344,-25.152964970638322,717.6198267702231,729.7607222181351,746.7000988140867,762.5660390907897,773.5240154990715
mango_rmse_random,medium,2009-12-31,2011Q2,7,INV,749.4879665707091,775.6219744335358,-26.134007862826707,717.6054027059428,730.5045439925425,750.3497596910213,768.2045140516043,779.7381086041495
mango_rmse_random,medium,2009-12-31,2011Q3,8,INV,751.9431031428882,775.9522849600758,-24.009181817187596,716.7054430657081,731.1534467285554,752.6018489065609,772.1118064786752,785.4199035409258
mango_rmse_random,medium,2009-12-31,2009Q4,1,WAGE,481.9347398835567,461.5922175624994,20.342522321057288,480.68197630342826,481.1715637780242,481.9374964856097,482.7227701924184,483.23818360850726
mango_rmse_random,medium,2009-12-31,2010Q1,2,WAGE,481.76399103378407,460.4900149531529,21.273976080631144,479.91110024544236,480.60980210466374,481.74999357643065,482.90481656286653,483.7243449073895
mango_rmse_random,medium,2009-12-31,2010Q2,3,WAGE,481.8303503465681,461.6337597679988,20.19659057856927,479.3734620253249,480.34598930517075,481.8173001372205,483.3405849481682,484.26790710588233
mango_rmse_random,medium,2009-12-31,2010Q3,4,WAGE,481.86881775178273,461.92505901960953,19.943758732173194,478.818494367828,480.0593521573371,481.896742674227,483.62608715865457,484.82655714962937
mango_rmse_random,medium,2009-12-31,2010Q4,5,WAGE,481.98654112113076,461.51106158021446,20.475479540916297,478.44286960900524,479.9395007364402,482.03563608497404,484.050432930431,485.4027111214896
mango_rmse_random,medium,2009-12-31,2011Q1,6,WAGE,482.09488054324174,462.24696830661526,19.847912236626485,478.0462883539714,479.72884822669454,482.1032114504353,484.43012570694725,486.0066745186012
mango_rmse_random,medium,2009-12-31,2011Q2,7,WAGE,482.1793818788354,460.24464800664947,21.934733872185916,477.71724582274857,479.5594584676315,482.2569813735047,484.77103721682175,486.62237805742114
mango_rmse_random,medium,2009-12-31,2011Q3,8,WAGE,482.25486401780705,460.38693402550433,21.86792999230272,477.3261934535837,479.36907083212895,482.36409054041184,485.09914523612173,487.1944520976184
mango_rmse_random,medium,2010-03-31,2010Q1,1,CONS,914.5408343767891,926.7682152336796,-12.227380856890477,913.4340047726739,913.9091035475824,914.5440596044882,915.1711120297675,915.60530973824
mango_rmse_random,medium,2010-03-31,2010Q2,2,CONS,915.3492874784066,927.6609738087002,-12.311686330293583,913.5959104317527,914.3310577595082,915.3409358859897,916.3742624110807,917.049966803405
mango_rmse_random,medium,2010-03-31,2010Q3,3,CONS,916.2832338580156,928.3718706580585,-12.088636800042877,913.8153348622992,914.8373433357289,916.3051382942824,917.7333951163635,918.7949754315127
mango_rmse_random,medium,2010-03-31,2010Q4,4,CONS,917.2829577189196,928.9828956921305,-11.699937973210808,914.0648039470258,915.3399626472384,917.3290026206673,919.18412760377,920.4150479141236
mango_rmse_random,medium,2010-03-31,2011Q1,5,CONS,918.2395455500746,929.3641365665912,-11.12459101651666,914.2221004322199,915.8912411111786,918.2951786585367,920.6367972307139,922.1703166713431
mango_rmse_random,medium,2010-03-31,2011Q2,6,CONS,919.1329568139381,929.4669847547688,-10.334027940830651,914.3499322586765,916.325814089416,919.2027330297351,921.9895246226013,924.0220533057687
mango_rmse_random,medium,2010-03-31,2011Q3,7,CONS,919.9721183738465,929.7709193408268,-9.798800966980366,914.3311688245864,916.641931727147,920.0025878484377,923.2760388896288,925.5412443935573
mango_rmse_random,medium,2010-03-31,2011Q4,8,CONS,920.722762255831,929.9433813298132,-9.22061907398222,914.3119114548481,917.0932696884179,920.7846211726832,924.4589349077414,927.1689685887658
mango_rmse_random,medium,2010-03-31,2010Q1,1,DEFL,469.94349278183887,455.93984617419227,14.003646607646601,469.089967082074,469.43669720585956,469.94728583858614,470.45097335116657,470.773049846883
mango_rmse_random,medium,2010-03-31,2010Q2,2,DEFL,469.9505418040519,456.42648546620876,13.524056337843149,468.474711669368,469.0753565396747,469.9346254019151,470.8492388635135,471.4376196101673
mango_rmse_random,medium,2010-03-31,2010Q3,3,DEFL,470.0439460926873,456.7281385445278,13.315807548159512,467.8655502829149,468.71526826658805,470.0297161792115,471.37637900281925,472.2277538497182
mango_rmse_random,medium,2010-03-31,2010Q4,4,DEFL,470.17802757976807,457.3122088019198,12.86581877784829,467.1453299923417,468.3189869588554,470.22191320396087,471.9904058819962,473.163018603637
mango_rmse_random,medium,2010-03-31,2011Q1,5,DEFL,470.3591258893156,457.8271642119391,12.5319616773765,466.3828896764699,467.84430595584973,470.36781423735744,472.7697539114603,474.43319915616246
mango_rmse_random,medium,2010-03-31,2011Q2,6,DEFL,470.57529931508316,458.48552274726825,12.089776567814909,465.5137552888517,467.3916346252705,470.60301778341716,473.55505549794935,475.64364889018464
mango_rmse_random,medium,2010-03-31,2011Q3,7,DEFL,470.83667314767337,459.10205503836494,11.734618109308428,464.5963855627367,467.04696634108706,470.9188783037232,474.4902331787069,477.01420629192825
mango_rmse_random,medium,2010-03-31,2011Q4,8,DEFL,471.1627364536139,459.2226780352162,11.940058418397712,463.7286464953693,466.75213964506406,471.2735822971212,475.3777918482191,478.448641602993
mango_rmse_random,medium,2010-03-31,2010Q1,1,FFR,0.010372198181356413,0.13333333333333333,-0.12296113515197692,-1.6298607479706784,-0.9970314678502472,-0.0238739608352872,1.0318815241587396,1.7132226484535185
mango_rmse_random,medium,2010-03-31,2010Q2,2,FFR,0.1213050637019456,0.19333333333333336,-0.07202826963138775,-2.6155940631684897,-1.5165533766239498,0.07351677914366662,1.7427075088873123,2.839103306247428
mango_rmse_random,medium,2010-03-31,2010Q3,3,FFR,0.09554030524438217,0.18666666666666668,-0.0911263614222845,-3.520445130892688,-1.9938320424969969,0.130635996835824,2.1791531907174275,3.649244471447754
mango_rmse_random,medium,2010-03-31,2010Q4,4,FFR,0.21046019200693067,0.18666666666666668,0.023793525340263993,-3.9577186748872157,-2.2874387582072746,0.17868278688334172,2.725353131558816,4.437693805716062
mango_rmse_random,medium,2010-03-31,2011Q1,5,FFR,0.5022288301372234,0.15666666666666668,0.34556216347055674,-4.291188396489829,-2.328941023483645,0.4578877941071395,3.350600459286205,5.48350037425618
mango_rmse_random,medium,2010-03-31,2011Q2,6,FFR,0.8543686104990178,0.09333333333333334,0.7610352771656844,-4.589439089069996,-2.4353178152653463,0.8829763937147479,4.153995123197239,6.447900686817706
mango_rmse_random,medium,2010-03-31,2011Q3,7,FFR,1.2213295741722463,0.08333333333333333,1.137996240838913,-4.9210186254071955,-2.2459994381621278,1.2562270963557252,4.797275251146926,7.248886984513771
mango_rmse_random,medium,2010-03-31,2011Q4,8,FFR,1.5398035457275483,0.07333333333333335,1.466470212394215,-5.162472396636023,-2.3089471162054656,1.5761174781395177,5.302835209252363,7.843182686435613
mango_rmse_random,medium,2010-03-31,2010Q1,1,GDP,949.9746612274778,964.5756373732798,-14.600976145802065,948.5311527377501,949.095140824595,949.9914964029999,950.8218945599205,951.4714730291441
mango_rmse_random,medium,2010-03-31,2010Q2,2,GDP,951.0571795376011,965.5386897406826,-14.481510203081484,948.7083299611321,949.5691839643139,951.0624103129937,952.5003233209643,953.3976113908121
mango_rmse_random,medium,2010-03-31,2010Q3,3,GDP,952.2000985145902,966.3088604477673,-14.108761933177107,948.9081366949429,950.2049578767989,952.1915613375229,954.1811050269949,955.4692650408624
mango_rmse_random,medium,2010-03-31,2010Q4,4,GDP,953.2368586595732,966.8271103692053,-13.590251709632184,949.1857491903276,950.7991120653086,953.2402380270667,955.7304087700549,957.1700167240306
mango_rmse_random,medium,2010-03-31,2011Q1,5,GDP,954.4163496346027,966.5859036314018,-12.169553996799095,949.6013458049509,951.6054846322229,954.4683654130886,957.2769733213007,959.0669752084814
mango_rmse_random,medium,2010-03-31,2011Q2,6,GDP,955.5334269907836,967.261665957135,-11.728238966351455,950.1031838201473,952.2552970057345,955.5051158620029,958.9630516531874,960.9320497079374
mango_rmse_random,medium,2010-03-31,2011Q3,7,GDP,956.6120238261673,967.2228912780705,-10.610867451903232,950.4986614501156,952.8814427906782,956.5917134986495,960.3774009626185,962.7563360005729
mango_rmse_random,medium,2010-03-31,2011Q4,8,GDP,957.5665545851762,968.3383253013681,-10.771770716191895,950.7790641287767,953.5794994331261,957.7135149327896,961.5271457665448,964.2184591219852
mango_rmse_random,medium,2010-03-31,2010Q1,1,HOURS,470.44537858058146,454.84940087945347,15.595977701127993,469.1257776986683,469.6280779946893,470.4375109962847,471.29732484795335,471.7834767454729
mango_rmse_random,medium,2010-03-31,2010Q2,2,HOURS,471.1624267577953,455.69038845785997,15.47203829993532,468.6593319945553,469.62130174734205,471.19174153527223,472.6945939275615,473.66628291036903
mango_rmse_random,medium,2010-03-31,2010Q3,3,HOURS,471.9224281392552,456.0883864276619,15.83404171159333,468.1470782623925,469.6070546688243,471.9687319821213,474.1318422711882,475.5869538652229
mango_rmse_random,medium,2010-03-31,2010Q4,4,HOURS,472.6351461298652,456.58366664724116,16.051479482624018,467.62107756741483,469.7354256333175,472.6481734346087,475.48839053637033,477.3195563051195
mango_rmse_random,medium,2010-03-31,2011Q1,5,HOURS,473.35106047606854,456.76655994468166,16.58450053138688,467.42064613592805,469.96119981170807,473.30122908431156,476.83185414061023,479.0391576017537
mango_rmse_random,medium,2010-03-31,2011Q2,6,HOURS,474.07171311050666,457.8251096636827,16.24660344682394,467.09512396050513,470.05209471829625,474.14144915942165,478.05662271595924,480.5957353468799
mango_rmse_random,medium,2010-03-31,2011Q3,7,HOURS,474.70648843287506,458.13691758021395,16.569570852661116,467.0899045397099,470.14477022115193,474.82404385617275,479.257633366161,482.3228912380994
mango_rmse_random,medium,2010-03-31,2011Q4,8,HOURS,475.2900074014199,458.99550201816106,16.294505383258866,466.48844139654983,470.2134208413724,475.412592356107,480.28535593184506,483.71428819238827
mango_rmse_random,medium,2010-03-31,2010Q1,1,INV,745.5888273337201,764.3564839513651,-18.767656617645002,737.9420421731519,740.8194310777087,745.6024342090869,750.2299051361653,753.0628108916849
mango_rmse_random,medium,2010-03-31,2010Q2,2,INV,750.3300957115705,769.4714244586191,-19.141328747048647,738.5492318874476,742.7343067231083,750.3969429484875,757.8770575209566,762.3592126050063
mango_rmse_random,medium,2010-03-31,2010Q3,3,INV,754.3294985314202,773.8345192890719,-19.505020757651664,738.2611656153073,743.969719545086,754.3754592547058,764.2580209524842,770.399012559272
mango_rmse_random,medium,2010-03-31,2010Q4,4,INV,756.5465043427203,773.5154467461025,-16.968942403382243,735.9707867830431,744.7656094517982,756.6671049890956,768.4496324657788,776.5522843050654
mango_rmse_random,medium,2010-03-31,2011Q1,5,INV,759.5306144509908,771.6122658380344,-12.081651387043621,735.6275407829735,746.4834089185362,759.7163098924624,773.313611068638,781.8590554354663
mango_rmse_random,medium,2010-03-31,2011Q2,6,INV,762.2927788088225,775.6219744335358,-13.329195624713293,735.1952361637291,747.7449803480663,762.2902312466107,777.2223171012693,788.0701172193731
mango_rmse_random,medium,2010-03-31,2011Q3,7,INV,764.9323438657175,775.9522849600758,-11.019941094358273,734.9528782209674,747.9754607468954,765.0673705234851,781.8654619285022,793.075340744447
mango_rmse_random,medium,2010-03-31,2011Q4,8,INV,766.9106794347617,783.3770177522407,-16.46633831747897,734.7295642631462,747.1652519956143,767.6797503270764,785.2184477005637,797.6047154116261
mango_rmse_random,medium,2010-03-31,2010Q1,1,WAGE,480.728492634257,460.4900149531529,20.238477681104087,479.44319422226874,479.94581646956556,480.72800477011856,481.50299039683523,482.0622861411266
mango_rmse_random,medium,2010-03-31,2010Q2,2,WAGE,480.7898849709442,461.6337597679988,19.15612520294536,478.86233922765115,479.61168750609437,480.7942738094788,481.9945413327563,482.7281928248499
mango_rmse_random,medium,2010-03-31,2010Q3,3,WAGE,480.9360051551884,461.92505901960953,19.010946135578877,478.4090398688994,479.4183921381276,481.008774184047,482.41505449707563,483.4130914590468
mango_rmse_random,medium,2010-03-31,2010Q4,4,WAGE,481.18767775439056,461.51106158021446,19.676616174176104,478.1458883769782,479.4455214279459,481.22844397919073,483.00144702393357,484.1866689062283
mango_rmse_random,medium,2010-03-31,2011Q1,5,WAGE,481.33722104090134,462.24696830661526,19.090252734286082,477.9478527194443,479.264993621,481.39228941169546,483.4029890457865,484.7233316198537
mango_rmse_random,medium,2010-03-31,2011Q2,6,WAGE,481.43316637618256,460.24464800664947,21.188518369533085,477.6795510140866,479.2073196434213,481.42520213109844,483.6831130549325,485.2034441770362
mango_rmse_random,medium,2010-03-31,2011Q3,7,WAGE,481.51979176837733,460.38693402550433,21.132857742873,477.3105220039273,479.0641570713368,481.5422920266835,484.088836940633,485.65892134331534
mango_rmse_random,medium,2010-03-31,2011Q4,8,WAGE,481.60790388485856,458.46408947355985,23.143814411298706,476.97764223265915,478.9532284289959,481.66379157375945,484.35913610134804,486.0742021698045
mango_rmse_random,medium,2010-06-30,2010Q2,1,CONS,915.1821298581143,927.6609738087002,-12.478843950585883,914.1538239202129,914.5873801711999,915.1789960346359,915.820179085473,916.2294421629127
mango_rmse_random,medium,2010-06-30,2010Q3,2,CONS,916.0338531322973,928.3718706580585,-12.338017525761188,914.3693674741166,915.0363053604271,916.0219756322608,917.0432530779213,917.7201090997407
mango_rmse_random,medium,2010-06-30,2010Q4,3,CONS,917.0858551082611,928.9828956921305,-11.897040583869398,914.6628482755864,915.7214048800078,917.0846916882904,918.5028835426144,919.4307118960812
mango_rmse_random,medium,2010-06-30,2011Q1,4,CONS,918.0807158694747,929.3641365665912,-11.283420697116526,915.0523259058177,916.2773987056679,918.0342532429901,919.9674757981568,921.2000948177689
mango_rmse_random,medium,2010-06-30,2011Q2,5,CONS,918.9877333098639,929.4669847547688,-10.47925144490489,915.1176313911001,916.6367840355913,918.9860108683691,921.3907163473716,922.9380519040811
mango_rmse_random,medium,2010-06-30,2011Q3,6,CONS,919.8183164818116,929.7709193408268,-9.952602859015201,915.1817168873287,917.0171967840887,919.8069861146096,922.6604226918969,924.4735385908967
mango_rmse_random,medium,2010-06-30,2011Q4,7,CONS,920.5764667946844,929.9433813298132,-9.366914535128785,915.1599313101291,917.3717471972495,920.5781591994743,923.8761319327887,925.9572546311947
mango_rmse_random,medium,2010-06-30,2012Q1,8,CONS,921.254453113735,930.6622261336005,-9.40777301986543,915.0184448453325,917.5547255970155,921.2479575851731,924.9309791594948,927.5104027359183
mango_rmse_random,medium,2010-06-30,2010Q2,1,DEFL,470.3715899484577,456.42648546620876,13.94510448224895,469.5246472744201,469.87432311411186,470.3643828098427,470.8877750616025,471.2175383561284
mango_rmse_random,medium,2010-06-30,2010Q3,2,DEFL,470.57161559180906,456.7281385445278,13.843477047281283,469.07859929970846,469.70129464892955,470.56230940791113,471.44534167634964,472.0553810651505
mango_rmse_random,medium,2010-06-30,2010Q4,3,DEFL,470.80939959919715,457.3122088019198,13.49719079727737,468.6356173472455,469.4971537385949,470.80618731530126,472.12499780021335,472.97946364386854
mango_rmse_random,medium,2010-06-30,2011Q1,4,DEFL,471.07106093442945,457.8271642119391,13.243896722490376,468.0576279514796,469.2826257994889,471.0473006029838,472.93633934180053,474.02917440077107
mango_rmse_random,medium,2010-06-30,2011Q2,5,DEFL,471.3704076876524,458.48552274726825,12.884884940384154,467.47106831046796,469.0054954826272,471.39741699308485,473.73176543642376,475.2879748111363
mango_rmse_random,medium,2010-06-30,2011Q3,6,DEFL,471.71806640691057,459.10205503836494,12.616011368545628,466.84248353845,468.72201833403534,471.7030871274379,474.79087258710047,476.60471219721256
mango_rmse_random,medium,2010-06-30,2011Q4,7,DEFL,472.1010851276376,459.2226780352162,12.878407092421412,466.16545597636474,468.3727203674907,472.09746231754855,475.80361779790746,477.99969920114773
mango_rmse_random,medium,2010-06-30,2012Q1,8,DEFL,472.5366216731,459.8276478897225,12.708973783377473,465.24306904100956,468.0729391992331,472.50847836878745,476.94857235198424,479.7036985537952
mango_rmse_random,medium,2010-06-30,2010Q2,1,FFR,0.14509066814632332,0.19333333333333336,-0.048242665187010036,-1.4239442431219496,-0.8484222606857716,0.09876224755768379,1.2044584991131848,1.8257557352074345
mango_rmse_random,medium,2010-06-30,2010Q3,2,FFR,0.04352634118892127,0.18666666666666668,-0.1431403254777454,-2.624845577197727,-1.582992874543438,0.015572556190623754,1.6729200710269276,2.714887556249611
mango_rmse_random,medium,2010-06-30,2010Q4,3,FFR,0.17465258660162727,0.18666666666666668,-0.0120140800650394,-3.130866801999448,-1.8990243725530613,0.15907089150427423,2.194249417781249,3.5948399464573595
mango_rmse_random,medium,2010-06-30,2011Q1,4,FFR,0.5431395688662597,0.15666666666666668,0.386472902199593,-3.6263231913892557,-1.9387613354244764,0.5059003311708681,3.048630929206779,4.703766129420841
mango_rmse_random,medium,2010-06-30,2011Q2,5,FFR,0.9512377992566045,0.09333333333333334,0.8579044659232711,-3.89443692331384,-1.8795664745951823,0.9106268305318035,3.8800587488359017,5.608639318588887
mango_rmse_random,medium,2010-06-30,2011Q3,6,FFR,1.320289646083486,0.08333333333333333,1.2369563127501528,-3.9803426289152313,-1.7220169019993097,1.303822087138139,4.532992546247187,6.582353125953557
mango_rmse_random,medium,2010-06-30,2011Q4,7,FFR,1.6985015105676107,0.07333333333333335,1.6251681772342774,-4.243964325561443,-1.7302978287242328,1.686530276421356,5.193858298634527,7.514754641522687
mango_rmse_random,medium,2010-06-30,2012Q1,8,FFR,2.011128871813624,0.10333333333333333,1.907795538480291,-4.392635173345287,-1.6496307526379832,2.0272538587064735,5.765624391617011,8.194982680514793
mango_rmse_random,medium,2010-06-30,2010Q2,1,GDP,950.2153346270452,965.5386897406826,-15.323355113637376,948.7835536708328,949.3765271353228,950.2370472257364,951.0704210756502,951.5936366415594
mango_rmse_random,medium,2010-06-30,2010Q3,2,GDP,951.2276076645974,966.3088604477673,-15.08125278316993,948.8821750539759,949.8016436936667,951.2301080345287,952.6455184991956,953.5160833994607
mango_rmse_random,medium,2010-06-30,2010Q4,3,GDP,952.3318361608559,966.8271103692053,-14.495274208349429,949.1160059097846,950.3766588163022,952.306341173199,954.2975253402958,955.5895463974939
mango_rmse_random,medium,2010-06-30,2011Q1,4,GDP,953.5063070012711,966.5859036314018,-13.079596630130709,949.5232157276854,951.1824284848346,953.4900263739548,955.9252939314412,957.4924169419169
mango_rmse_random,medium,2010-06-30,2011Q2,5,GDP,954.6178128879179,967.261665957135,-12.64385306921713,949.8479238762654,951.9167024999613,954.6063658658932,957.3898969952239,959.3166938637595
mango_rmse_random,medium,2010-06-30,2011Q3,6,GDP,955.665664555538,967.2228912780705,-11.557226722532505,950.2353138169912,952.5974978244088,955.6627865697151,958.861486115325,960.9826175522596
mango_rmse_random,medium,2010-06-30,2011Q4,7,GDP,956.6240524415069,968.3383253013681,-11.714272859861126,950.5912791905947,953.1119490286276,956.6145933264576,960.0923196681615,962.4700607356734
mango_rmse_random,medium,2010-06-30,2012Q1,8,GDP,957.4377582152351,969.1529212860218,-11.715163070786616,950.8718145858268,953.6113354961536,957.4389747665647,961.343711974914,963.9748831758728
mango_rmse_random,medium,2010-06-30,2010Q2,1,HOURS,470.79464583299307,455.69038845785997,15.104257375133102,469.39432759861126,469.9707610210685,470.78410545577066,471.6250041017345,472.2083730135146
mango_rmse_random,medium,2010-06-30,2010Q3,2,HOURS,471.53715468609863,456.0883864276619,15.448768258436758,468.98448009032427,470.0617717473137,471.52702174609715,473.0561285675519,474.08617030500415
mango_rmse_random,medium,2010-06-30,2010Q4,3,HOURS,472.21621494143216,456.58366664724116,15.632548294190997,468.46145568901375,470.0172227040813,472.23304493041474,474.48181729120665,475.9510998735157
mango_rmse_random,medium,2010-06-30,2011Q1,4,HOURS,472.99837342656576,456.76655994468166,16.231813481884103,468.12923433434645,470.15143681989946,473.00887807587134,475.8326026338701,477.6900821827294
mango_rmse_random,medium,2010-06-30,2011Q2,5,HOURS,473.77622887411405,457.8251096636827,15.95111921043133,467.8929551880766,470.27762546907644,473.8168292234624,477.23614214378813,479.4983987944192
mango_rmse_random,medium,2010-06-30,2011Q3,6,HOURS,474.530969031814,458.13691758021395,16.394051451600035,467.80521753703306,470.4459090135471,474.61060497979565,478.47350442595086,481.14432981237155
mango_rmse_random,medium,2010-06-30,2011Q4,7,HOURS,475.1913326903596,458.99550201816106,16.195830672198554,467.4092812633755,470.69146498398993,475.24644137110636,479.7182811791839,482.59195215432686
mango_rmse_random,medium,2010-06-30,2012Q1,8,HOURS,475.7086387782577,459.8326823506083,15.875956427649385,467.0422163291379,470.8664202160813,475.8013925484971,480.57273121763996,483.9035487674853
mango_rmse_random,medium,2010-06-30,2010Q2,1,INV,748.1980384188001,769.4714244586191,-21.273386039819002,740.4487014176493,743.5454649900607,748.1184080006128,752.9232345163108,755.8878001107511
mango_rmse_random,medium,2010-06-30,2010Q3,2,INV,752.0250613557448,773.8345192890719,-21.809457933327053,739.4184580338824,744.8183746608224,751.9661204254367,759.5717811954316,764.2803302169951
mango_rmse_random,medium,2010-06-30,2010Q4,3,INV,754.4353354561678,773.5154467461025,-19.080111289934734,738.4432873644072,744.8202491804858,754.516164806096,764.5435380183035,770.6128209227204
mango_rmse_random,medium,2010-06-30,2011Q1,4,INV,757.9319312655608,771.6122658380344,-13.680334572473612,738.8207748946169,746.5474948628519,757.7728135608231,769.5431576995927,777.372532507973
mango_rmse_random,medium,2010-06-30,2011Q2,5,INV,760.9829918140223,775.6219744335358,-14.638982619513513,738.5205040985365,747.680250487782,760.8460705853687,773.9738882864353,782.9812394187676
mango_rmse_random,medium,2010-06-30,2011Q3,6,INV,763.7105912222868,775.9522849600758,-12.241693737788978,738.3305837001404,749.0781487532086,763.4131277076651,778.3375358787421,788.8491069233469
mango_rmse_random,medium,2010-06-30,2011Q4,7,INV,766.1342706458797,783.3770177522407,-17.24274710636098,737.972237438731,749.6760925224872,766.2927018924089,782.7785041386727,793.8376599348061
mango_rmse_random,medium,2010-06-30,2012Q1,8,INV,767.7531189881756,785.4442132351122,-17.691094246936586,737.2887988079259,749.7654072212727,767.9849645848356,784.8812311897739,799.1007712633499
mango_rmse_random,medium,2010-06-30,2010Q2,1,WAGE,480.45854972130013,461.6337597679988,18.82478995330132,479.2345275515645,479.67325472188185,480.4691463254975,481.19839607349394,481.7300977574359
mango_rmse_random,medium,2010-06-30,2010Q3,2,WAGE,480.56253899543566,461.92505901960953,18.637479975826125,478.71438618439316,479.46044355675207,480.56009166254415,481.68462196614723,482.4027158721268
mango_rmse_random,medium,2010-06-30,2010Q4,3,WAGE,480.7050898500631,461.51106158021446,19.194028269848616,478.43962738141215,479.30909114995234,480.728867628697,482.1087428920415,482.97727714573574
mango_rmse_random,medium,2010-06-30,2011Q1,4,WAGE,480.8401220220729,462.24696830661526,18.593153715457618,478.1792043905366,479.17527220205363,480.8478009899984,482.5159508025936,483.64647332468655
mango_rmse_random,medium,2010-06-30,2011Q2,5,WAGE,480.8895271517988,460.24464800664947,20.644879145149332,477.73508928766574,478.9395140482512,480.9003039295055,482.83919052829106,484.04370641607477
mango_rmse_random,medium,2010-06-30,2011Q3,6,WAGE,480.88777759163696,460.38693402550433,20.50084356613263,477.21375346625524,478.713899070269,480.8542396987989,483.0791226704471,484.629681562826
mango_rmse_random,medium,2010-06-30,2011Q4,7,WAGE,480.91386271171734,458.46408947355985,22.44977323815749,476.8783462454432,478.5633568518273,480.8995816372086,483.34038302236104,484.9118491928453
mango_rmse_random,medium,2010-06-30,2012Q1,8,WAGE,480.98485332419125,460.1924925823062,20.792360741885034,476.5888430374844,478.3373626326314,480.9698628719922,483.7866056303914,485.21021693695286
mango_rmse_random,medium,2010-09-30,2010Q3,1,CONS,914.4023675717077,928.3718706580585,-13.969503086350755,913.3680449473372,913.7921398158298,914.4093727920526,915.014356788806,915.4256116791498
mango_rmse_random,medium,2010-09-30,2010Q4,2,CONS,915.3198721444613,928.9828956921305,-13.663023547669127,913.6788989016158,914.3274724150878,915.3141669841896,916.3250050297008,917.0002169880188
mango_rmse_random,medium,2010-09-30,2011Q1,3,CONS,916.2568795269515,929.3641365665912,-13.107257039639762,913.8974909879037,914.8074273751992,916.2770432401505,917.6045788043385,918.5859639554019
mango_rmse_random,medium,2010-09-30,2011Q2,4,CONS,917.1539419329399,929.4669847547688,-12.313042821828844,914.1786215650482,915.3369055943185,917.1171692115822,919.0257492515406,920.122968658132
mango_rmse_random,medium,2010-09-30,2011Q3,5,CONS,917.9013352688768,929.7709193408268,-11.869584071950044,914.2180814136743,915.6978040680843,917.8837362170293,920.1952460698617,921.6734260772208
mango_rmse_random,medium,2010-09-30,2011Q4,6,CONS,918.6023713972462,929.9433813298132,-11.341009932566976,914.0923665070092,915.8427328969073,918.5949558786691,921.3694025364591,923.3426665445086
mango_rmse_random,medium,2010-09-30,2012Q1,7,CONS,919.2187272540664,930.6622261336005,-11.443498879534104,913.8991216736439,915.9836612396036,919.1013246405157,922.5232243995071,924.8712161298189
mango_rmse_random,medium,2010-09-30,2012Q2,8,CONS,919.8069783961944,930.8376469452386,-11.030668549044208,913.661756861825,916.0167030053445,919.7324446312966,923.5762075159865,926.1208442839384
mango_rmse_random,medium,2010-09-30,2010Q3,1,DEFL,470.81670666621403,456.7281385445278,14.08856812168625,470.02133498257604,470.336021442203,470.8034068942781,471.29450857072464,471.6197948771419
mango_rmse_random,medium,2010-09-30,2010Q4,2,DEFL,471.21289328674754,457.3122088019198,13.900684484827764,469.83006385974164,470.39655986343274,471.2403013816353,472.03623587200013,472.5598362703616
mango_rmse_random,medium,2010-09-30,2011Q1,3,DEFL,471.6522712198486,457.8271642119391,13.825107007909537,469.5980088702947,470.4211709710368,471.6765600560363,472.86494258797933,473.6448098503344
mango_rmse_random,medium,2010-09-30,2011Q2,4,DEFL,472.12365165621554,458.48552274726825,13.638128908947294,469.353242584347,470.4340195965801,472.1726990354956,473.78488239253574,474.8828111667289
mango_rmse_random,medium,2010-09-30,2011Q3,5,DEFL,472.65128588822785,459.10205503836494,13.549230849862909,468.93037280497856,470.39908600273986,472.69464411642525,474.8403398121575,476.4219588517155
mango_rmse_random,medium,2010-09-30,2011Q4,6,DEFL,473.2135059882649,459.2226780352162,13.990827953048722,468.54111316276664,470.45022660332984,473.176259350113,475.98529799587277,477.97113380301687
mango_rmse_random,medium,2010-09-30,2012Q1,7,DEFL,473.81904976762473,459.8276478897225,13.991401877902206,468.15058218810856,470.52044432199216,473.77240607831664,477.186269459236,479.6492627768873
mango_rmse_random,medium,2010-09-30,2012Q2,8,DEFL,474.4593599399116,460.2296059641123,14.229753975799326,467.68813587441934,470.4978681796032,474.3310510955891,478.417266638578,481.2750457717084
mango_rmse_random,medium,2010-09-30,2010Q3,1,FFR,0.34205315961496324,0.18666666666666668,0.15538649294829657,-1.2315295206030028,-0.5902026926291064,0.34579814369841877,1.3117477826737358,1.8540705880335675
mango_rmse_random,medium,2010-09-30,2010Q4,2,FFR,0.5922952127071568,0.18666666666666668,0.40562854604049015,-2.0771586328188736,-0.9230507259361055,0.6173336159876036,2.0812512866128414,3.1910124736811496
mango_rmse_random,medium,2010-09-30,2011Q1,3,FFR,0.9042618512880766,0.15666666666666668,0.74759518462141,-2.4772501767089157,-1.1215716957633808,0.927990626126,2.939857724472335,4.261389528278274
mango_rmse_random,medium,2010-09-30,2011Q2,4,FFR,1.3305534125865048,0.09333333333333334,1.2372200792531716,-2.571103428050131,-1.134459861793865,1.3383574662354505,3.8041833632272417,5.298568626323827
mango_rmse_random,medium,2010-09-30,2011Q3,5,FFR,1.7775474511058358,0.08333333333333333,1.6942141177725025,-2.9963539605111094,-0.9931582434802355,1.7660174531490755,4.628887650665169,6.398949496566428
mango_rmse_random,medium,2010-09-30,2011Q4,6,FFR,2.2069846593034987,0.07333333333333335,2.1336513259701655,-3.0872360400890493,-0.9990109176927635,2.15980614544758,5.446351808549969,7.345998607096568
mango_rmse_random,medium,2010-09-30,2012Q1,7,FFR,2.562438494087035,0.10333333333333333,2.4591051607537016,-3.2089654758318633,-0.860328262412858,2.460147749247331,6.159451016721986,8.465886841009757
mango_rmse_random,medium,2010-09-30,2012Q2,8,FFR,2.858670833973488,0.15333333333333335,2.7053375006401548,-3.201279066715949,-0.8529189242310208,2.7602917627652053,6.6420818743995245,9.035425056248368
mango_rmse_random,medium,2010-09-30,2010Q3,1,GDP,949.9530696152284,966.3088604477673,-16.3557908325389,948.5474036307907,949.1074840270795,949.9706436802926,950.7871142857655,951.3457923196788
mango_rmse_random,medium,2010-09-30,2010Q4,2,GDP,950.9624236054473,966.8271103692053,-15.864686763758073,948.6272586951294,949.58797568436,950.9898253320162,952.3205571573719,953.3847906988848
mango_rmse_random,medium,2010-09-30,2011Q1,3,GDP,952.0323358640975,966.5859036314018,-14.553567767304344,948.8548867324874,950.2167901886492,952.0357008053179,953.8659924210468,955.1459818385792
mango_rmse_random,medium,2010-09-30,2011Q2,4,GDP,953.0768817245535,967.261665957135,-14.184784232581592,949.2346333937578,950.7604348679506,953.0564071260554,955.3420213150334,957.0171476112198
mango_rmse_random,medium,2010-09-30,2011Q3,5,GDP,954.0976557265217,967.2228912780705,-13.125235551548826,949.6896634419827,951.4577951677159,954.091577060601,956.7723440909889,958.6914622310653
mango_rmse_random,medium,2010-09-30,2011Q4,6,GDP,954.9633492318211,968.3383253013681,-13.37497606954696,949.9831136676506,951.8568725836778,954.9090925426042,957.9931953325923,960.3075339027266
mango_rmse_random,medium,2010-09-30,2012Q1,7,GDP,955.7322771641171,969.1529212860218,-13.420644121904616,949.9398541958232,952.2883265257401,955.7124906398019,959.1836046950349,961.6411708852511
mango_rmse_random,medium,2010-09-30,2012Q2,8,GDP,956.4183817269002,969.6077453782113,-13.189363651311169,949.9328893170286,952.6794051718518,956.3909840370767,960.230616406581,962.8533482235749
mango_rmse_random,medium,2010-09-30,2010Q3,1,HOURS,454.7655040234451,456.0883864276619,-1.3228824042167844,453.4247534254809,453.98792688501476,454.7598239190801,455.5554017593359,456.09788692945995
mango_rmse_random,medium,2010-09-30,2010Q4,2,HOURS,455.5428292055158,456.58366664724116,-1.0408374417253867,453.0160601978753,454.02061781965136,455.5703056139196,457.02114560186214,457.9823664672255
mango_rmse_random,medium,2010-09-30,2011Q1,3,HOURS,456.3148430226381,456.76655994468166,-0.45171692204354486,452.6037115284082,454.1652118951985,456.3278629750474,458.49644930490734,459.92675786542594
mango_rmse_random,medium,2010-09-30,2011Q2,4,HOURS,457.1402079447516,457.8251096636827,-0.6849017189311439,452.3080576478425,454.31296488830867,457.1782056077366,459.9471656100299,461.71598391023645
mango_rmse_random,medium,2010-09-30,2011Q3,5,HOURS,457.9578435880305,458.13691758021395,-0.1790739921834188,452.3006722513657,454.4587668166161,457.9559812490955,461.3411274097133,463.74457279514644
mango_rmse_random,medium,2010-09-30,2011Q4,6,HOURS,458.65999889796103,458.99550201816106,-0.3355031202000305,451.9520527967751,454.6301264023592,458.6929264439366,462.6591551060829,465.30126805978676
mango_rmse_random,medium,2010-09-30,2012Q1,7,HOURS,459.2317336335382,459.8326823506083,-0.6009487170700822,451.72097694235447,454.76626046301396,459.298156557751,463.5953669172273,466.81541660278447
mango_rmse_random,medium,2010-09-30,2012Q2,8,HOURS,459.69822861156,460.00571366012684,-0.3074850485668321,451.3351269553649,454.8198673198043,459.76504571970077,464.58445810650244,467.9905932471217
mango_rmse_random,medium,2010-09-30,2010Q3,1,INV,753.9581559412259,773.8345192890719,-19.876363347845995,746.5017288855333,749.4950021858068,754.0164457798651,758.4964647072848,761.3002051822251
mango_rmse_random,medium,2010-09-30,2010Q4,2,INV,756.8448323498461,773.5154467461025,-16.670614396256383,745.1303236514863,749.7306677069151,756.8704176375691,763.8885677832724,768.7626379366756
mango_rmse_random,medium,2010-09-30,2011Q1,3,INV,759.8762603920421,771.6122658380344,-11.736005445992305,744.8655013582325,750.2435221701136,760.066769167388,769.1744753001989,775.5987138485053
mango_rmse_random,medium,2010-09-30,2011Q2,4,INV,762.723118783787,775.6219744335358,-12.898855649748839,743.989631622834,751.7312617031158,762.7503420765013,773.4489760788512,781.2186004106844
mango_rmse_random,medium,2010-09-30,2011Q3,5,INV,765.7784646559629,775.9522849600758,-10.173820304112837,743.8435250767261,753.3530172407328,765.7309231397617,778.9804863070408,787.7592932872496
mango_rmse_random,medium,2010-09-30,2011Q4,6,INV,767.9485440456355,783.3770177522407,-15.428473706605246,743.4576264649901,753.4584215630725,767.9338162007045,782.77237235809,792.0292964413994
mango_rmse_random,medium,2010-09-30,2012Q1,7,INV,769.7502370484823,785.4442132351122,-15.693976186629925,742.2532089260436,753.6453932578205,770.0727064789726,786.1186851413369,796.8949712882815
mango_rmse_random,medium,2010-09-30,2012Q2,8,INV,770.899112094809,787.7205662515095,-16.821454156700497,740.6276292666676,753.0769552211032,771.2428970971489,788.6866457274575,800.3996321271599
mango_rmse_random,medium,2010-09-30,2010Q3,1,WAGE,463.5080887931467,461.92505901960953,1.5830297735371914,462.2364336351878,462.7809060315727,463.5042673831888,464.25548202154744,464.7086525203358
mango_rmse_random,medium,2010-09-30,2010Q4,2,WAGE,463.66069608645256,461.51106158021446,2.149634506238101,461.87368796148934,462.6039553238185,463.66194426552397,464.76354740887535,465.4516702410089
mango_rmse_random,medium,2010-09-30,2011Q1,3,WAGE,463.7686371187438,462.24696830661526,1.5216688121285529,461.5829646991395,462.4127130551157,463.7547357794466,465.1276718049639,466.03115235086835
mango_rmse_random,medium,2010-09-30,2011Q2,4,WAGE,463.86316399357224,460.24464800664947,3.618515986922773,461.22779192005004,462.2696437318177,463.8513151407234,465.48921584721626,466.5445011575274
mango_rmse_random,medium,2010-09-30,2011Q3,5,WAGE,463.9171196413696,460.38693402550433,3.530185615865264,460.92464673633833,462.0787597673461,463.8752154071309,465.79393111815403,467.00640684394466
mango_rmse_random,medium,2010-09-30,2011Q4,6,WAGE,463.94255832173104,458.46408947355985,5.47846884817119,460.56608119633023,461.8710450190221,463.8965542508274,466.0706141020476,467.43035996793026
mango_rmse_random,medium,2010-09-30,2012Q1,7,WAGE,463.98251018848407,460.1924925823062,3.790017606177855,460.16702487685023,461.70295022382663,463.9560907683201,466.4230212185954,467.81598360787007
mango_rmse_random,medium,2010-09-30,2012Q2,8,WAGE,464.05244839177027,460.5460143946219,3.506433997148349,459.79964521057263,461.5510472522996,464.01633706253324,466.70841111634974,468.2830734868365
mango_rmse_random,medium,2010-12-31,2010Q4,1,CONS,914.8379195608918,928.9828956921305,-14.14497613123865,913.828433043526,914.2128626187999,914.8340395149744,915.4493692744245,915.8661821741781
mango_rmse_random,medium,2010-12-31,2011Q1,2,CONS,915.7380078652778,929.3641365665912,-13.626128701313405,914.1121005222265,914.7673708816073,915.7293073822082,916.7381711881371,917.336474072271
mango_rmse_random,medium,2010-12-31,2011Q2,3,CONS,916.5340062221384,929.4669847547688,-12.932978532630386,914.302890456582,915.1614332324065,916.5340542606538,917.9201341074942,918.8495787089262
mango_rmse_random,medium,2010-12-31,2011Q3,4,CONS,917.2755856739956,929.7709193408268,-12.495333666831243,914.3775893312092,915.5180389792346,917.2802247122727,919.0317033819895,920.3958722552867
mango_rmse_random,medium,2010-12-31,2011Q4,5,CONS,918.0038716923046,929.9433813298132,-11.939509637508536,914.21745254056,915.8059938613505,918.0480911023002,920.2359079391131,921.7479617731789
mango_rmse_random,medium,2010-12-31,2012Q1,6,CONS,918.6112365282999,930.6622261336005,-12.050989605300629,914.1477830458036,916.0104835417881,918.6351553087395,921.2080403349025,923.1725251066331
mango_rmse_random,medium,2010-12-31,2012Q2,7,CONS,919.1805600971647,930.8376469452386,-11.657086848073845,914.046882485317,916.0711692470669,919.2431418729391,922.1613833663707,924.4041977252894
mango_rmse_random,medium,2010-12-31,2012Q3,8,CONS,919.7042596184114,931.0399982629759,-11.335738644564572,913.979431156329,916.1000683594644,919.7527587550068,923.1840048174726,925.5137328867215
mango_rmse_random,medium,2010-12-31,2010Q4,1,DEFL,471.4421990219126,457.3122088019198,14.129990219992806,470.63414597587933,470.96706590030027,471.4403216608612,471.91593480549767,472.2234375282855
mango_rmse_random,medium,2010-12-31,2011Q1,2,DEFL,471.9601612014101,457.8271642119391,14.132996989470996,470.5575821863731,471.108597313924,471.9594692720433,472.79755822505757,473.4155483247037
mango_rmse_random,medium,2010-12-31,2011Q2,3,DEFL,472.4723562770098,458.48552274726825,13.986833529741546,470.41913263142067,471.17328775207164,472.48016958874086,473.7417093578898,474.59546069130727
mango_rmse_random,medium,2010-12-31,2011Q3,4,DEFL,473.0099293139627,459.10205503836494,13.907874275597749,470.1582312243404,471.28877033664963,473.0058516251806,474.6949933564707,475.9221010773559
mango_rmse_random,medium,2010-12-31,2011Q4,5,DEFL,473.5917823218215,459.2226780352162,14.369104286605307,469.82288321619683,471.3807949362889,473.6154291504116,475.81014163422606,477.4536525025914
mango_rmse_random,medium,2010-12-31,2012Q1,6,DEFL,474.2427941832653,459.8276478897225,14.415146293542762,469.47641603757046,471.50033847383094,474.2870471412674,477.0694679526458,478.9111697349237
mango_rmse_random,medium,2010-12-31,2012Q2,7,DEFL,474.89143754795987,460.2296059641123,14.661831583847572,469.2218824630152,471.5069146471818,474.9444549722487,478.30490327123005,480.51478315552635
mango_rmse_random,medium,2010-12-31,2012Q3,8,DEFL,475.6103898996354,460.74675450367744,14.863635395957942,468.93999674263534,471.62520062561106,475.654898194524,479.65857744291617,482.3207283430287
mango_rmse_random,medium,2010-12-31,2010Q4,1,FFR,0.24057193262024884,0.18666666666666668,0.053905265953582165,-1.3456196247773846,-0.6767927219718022,0.24405264100747104,1.1852601832994893,1.7561532098970856
mango_rmse_random,medium,2010-12-31,2011Q1,2,FFR,0.404677099693628,0.15666666666666668,0.2480104330269613,-2.2018113898554326,-1.1339921719784194,0.38896779680847454,1.9398712660660955,3.019906566495002
mango_rmse_random,medium,2010-12-31,2011Q2,3,FFR,0.7623650300592938,0.09333333333333334,0.6690316967259604,-2.591066645276688,-1.1460155028209846,0.7850520774082369,2.6768866880619537,3.857784236196846
mango_rmse_random,medium,2010-12-31,2011Q3,4,FFR,1.1780678889032883,0.08333333333333333,1.094734555569955,-2.6855150947164663,-1.226770696295491,1.2740652263327505,3.4327647143804305,5.095609341820721
mango_rmse_random,medium,2010-12-31,2011Q4,5,FFR,1.66908273521555,0.07333333333333335,1.5957494018822167,-2.9162295888555323,-1.0827626880357846,1.7105457866571898,4.372860336961774,6.2116557502342635
mango_rmse_random,medium,2010-12-31,2012Q1,6,FFR,2.1039344993028304,0.10333333333333333,2.000601165969497,-2.9304233350239226,-0.9443919439519367,2.1411051338887823,5.12931477322677,7.152027809967349
mango_rmse_random,medium,2010-12-31,2012Q2,7,FFR,2.4945819811671095,0.15333333333333335,2.341248647833776,-2.9123194392192837,-0.7919859845153902,2.504641013495802,5.7078634266355115,7.962932003014879
mango_rmse_random,medium,2010-12-31,2012Q3,8,FFR,2.787979558425396,0.14333333333333334,2.6446462250920626,-3.0123186264111736,-0.7533549491826792,2.8302556014523894,6.224884872170388,8.768033037954218
mango_rmse_random,medium,2010-12-31,2010Q4,1,GDP,950.0683368357899,966.8271103692053,-16.75877353341548,948.6768953490807,949.2138709941419,950.0660400396728,950.9082046185549,951.4968867178706
mango_rmse_random,medium,2010-12-31,2011Q1,2,GDP,950.9886230889408,966.5859036314018,-15.597280542461021,948.6896388933761,949.565059692769,950.9647937429143,952.376286456505,953.2578467733349
mango_rmse_random,medium,2010-12-31,2011Q2,3,GDP,951.9368169980047,967.261665957135,-15.32484895913035,948.828731209957,949.9896405870601,951.9666659920488,953.800218437587,954.997881144521
mango_rmse_random,medium,2010-12-31,2011Q3,4,GDP,952.9568316188524,967.2228912780705,-14.266059659218058,949.1637742420942,950.647075759777,952.9493127078935,955.1861921537715,956.7824380731988
mango_rmse_random,medium,2010-12-31,2011Q4,5,GDP,953.8956572362259,968.3383253013681,-14.44266806514213,949.5038241811923,951.2471198917749,953.9533899113292,956.568904009847,958.2839838533031
mango_rmse_random,medium,2010-12-31,2012Q1,6,GDP,954.6907245507692,969.1529212860218,-14.462196735252519,949.7154330735913,951.6052932617322,954.6946128180122,957.7380328952205,959.687390937545
mango_rmse_random,medium,2010-12-31,2012Q2,7,GDP,955.3623004147425,969.6077453782113,-14.245444963468799,949.7635235406776,951.9903485879762,955.3443688659935,958.6883761228547,961.0161985995666
mango_rmse_random,medium,2010-12-31,2012Q3,8,GDP,955.9718150810615,969.7824756135876,-13.810660532526072,949.7471746491955,952.2018401785543,955.8929585996871,959.7733569863922,962.2188999555215
mango_rmse_random,medium,2010-12-31,2010Q4,1,HOURS,454.7172115925789,456.58366664724116,-1.8664550546622536,453.3634759166172,453.92814847904356,454.7070672312812,455.5438691352226,456.04885398975244
mango_rmse_random,medium,2010-12-31,2011Q1,2,HOURS,455.1878130941011,456.76655994468166,-1.5787468505805577,452.73518316089536,453.7678045695365,455.18331852246683,456.60529202083205,457.62529082136984
mango_rmse_random,medium,2010-12-31,2011Q2,3,HOURS,455.8343941604826,457.8251096636827,-1.9907155032001356,452.4753026350973,453.7680068241117,455.88921271725013,457.83493037504047,459.2096249422631
mango_rmse_random,medium,2010-12-31,2011Q3,4,HOURS,456.57470812253365,458.13691758021395,-1.5622094576802965,452.07214662173766,453.98324763642046,456.61984109158914,459.2061153523444,460.92178420641693
mango_rmse_random,medium,2010-12-31,2011Q4,5,HOURS,457.30149520868383,458.99550201816106,-1.69400680947723,452.0349520078874,454.167452838295,457.33020615284306,460.51260149309934,462.66101239928355
mango_rmse_random,medium,2010-12-31,2012Q1,6,HOURS,457.94126885635905,459.8326823506083,-1.8914134942492637,451.58127106157826,454.33288831535447,457.94974834961215,461.63613070843587,464.321089728757
mango_rmse_random,medium,2010-12-31,2012Q2,7,HOURS,458.4693212859784,460.00571366012684,-1.53639237414842,451.4493544985806,454.16352741248113,458.4689166004871,462.55820135032445,465.62006662935045
mango_rmse_random,medium,2010-12-31,2012Q3,8,HOURS,458.8646404789618,460.5260181938334,-1.6613777148716053,451.2375217250102,454.0280963569953,458.8529946740789,463.4987612739604,466.650635066403
mango_rmse_random,medium,2010-12-31,2010Q4,1,INV,754.1122789058139,773.5154467461025,-19.403167840288575,746.5260112934384,749.6767177522786,754.1606500819314,758.8411836715543,761.2343243033739
mango_rmse_random,medium,2010-12-31,2011Q1,2,INV,756.1536685888693,771.6122658380344,-15.45859724916511,744.0404597004756,748.8891474606615,756.3271238661291,763.1002952181503,767.7919956078882
mango_rmse_random,medium,2010-12-31,2011Q2,3,INV,758.9365255670642,775.6219744335358,-16.685448866471575,743.1597115478168,749.4732710317534,759.2559239890828,767.7082878221559,774.504923718771
mango_rmse_random,medium,2010-12-31,2011Q3,4,INV,762.2439401051615,775.9522849600758,-13.70834485491423,744.1359144946813,751.049850877413,762.390162073192,773.2540957024659,780.0452306669632
mango_rmse_random,medium,2010-12-31,2011Q4,5,INV,765.1561625674979,783.3770177522407,-18.220855184742845,744.5285711353351,752.650636607783,765.07763664461,777.6607796356968,785.9017081189158
mango_rmse_random,medium,2010-12-31,2012Q1,6,INV,767.478367601591,785.4442132351122,-17.965845633521212,743.5044566062878,753.7878829100503,767.1888659231125,781.4695898060693,790.2814865296751
mango_rmse_random,medium,2010-12-31,2012Q2,7,INV,768.8493178204479,787.7205662515095,-18.87124843106153,742.7914204232175,753.8857926945026,768.8693985935802,784.2850350100081,794.6964035809418
mango_rmse_random,medium,2010-12-31,2012Q3,8,INV,769.802450014224,788.1733240404119,-18.37087402618795,741.9640883492326,753.0987997070855,769.8304283114226,786.7323226786751,798.0831225102723
mango_rmse_random,medium,2010-12-31,2010Q4,1,WAGE,464.6237200203215,461.51106158021446,3.1126584401070545,463.38192589233154,463.92504824333787,464.6218188017059,465.33249058621385,465.79855010761827
mango_rmse_random,medium,2010-12-31,2011Q1,2,WAGE,464.8310842140025,462.24696830661526,2.584115907387229,463.1143075140764,463.80095027813053,464.8673716854753,465.87586102312395,466.5665130925721
mango_rmse_random,medium,2010-12-31,2011Q2,3,WAGE,465.00419560877424,460.24464800664947,4.759547602124769,462.8392131434945,463.6668550719867,465.0346461390792,466.355512596133,467.17440998747173
mango_rmse_random,medium,2010-12-31,2011Q3,4,WAGE,465.02857997910417,460.38693402550433,4.641645953599834,462.4652040543289,463.52192617497326,465.04308699096117,466.58291004036954,467.56517673739046
mango_rmse_random,medium,2010-12-31,2011Q4,5,WAGE,465.0914513766754,458.46408947355985,6.62736190311557,462.0349702951248,463.24978005943154,465.17043862014657,466.88253240372313,468.0362863711175
mango_rmse_random,medium,2010-12-31,2012Q1,6,WAGE,465.1360523624905,460.1924925823062,4.943559780184273,461.59982638482,463.00956335122595,465.17804823883455,467.17507723294153,468.5396644938133
mango_rmse_random,medium,2010-12-31,2012Q2,7,WAGE,465.2054629668987,460.5460143946219,4.659448572276801,461.3434222325034,462.8751027751847,465.27381436801954,467.513301302656,469.0238122454216
mango_rmse_random,medium,2010-12-31,2012Q3,8,WAGE,465.2811191114104,460.04490589855556,5.236213212854864,461.107351821993,462.6641603212334,465.31047622494793,467.78830679528295,469.4859918050771
mango_rmse_random,medium,2011-03-31,2011Q1,1,CONS,915.8041021426656,929.3641365665912,-13.560034423925686,914.7946217915046,915.157338077667,915.8117888039827,916.4335806081808,916.7972845508752
mango_rmse_random,medium,2011-03-31,2011Q2,2,CONS,916.4942227919129,929.4669847547688,-12.972761962855884,914.8478548813237,915.5089771241863,916.4636658210453,917.4990634177304,918.0972591614762
mango_rmse_random,medium,2011-03-31,2011Q3,3,CONS,917.1542678379001,929.7709193408268,-12.616651502926743,914.9425911672959,915.8100736115703,917.1295283427633,918.4819278434364,919.3377391757579
mango_rmse_random,medium,2011-03-31,2011Q4,4,CONS,917.7556441334929,929.9433813298132,-12.187737196320313,914.7721548574569,916.0355647365491,917.7748403602486,919.5271177302378,920.746847084046
mango_rmse_random,medium,2011-03-31,2012Q1,5,CONS,918.3182372527785,930.6622261336005,-12.34398888082194,914.5248282589084,916.1511357158487,918.3532835291383,920.4664050229007,922.0790003444876
mango_rmse_random,medium,2011-03-31,2012Q2,6,CONS,918.823046127254,930.8376469452386,-12.014600817984615,914.4030317633152,916.143999009557,918.8193386317104,921.4840718811803,923.3050525405513
mango_rmse_random,medium,2011-03-31,2012Q3,7,CONS,919.2940046158307,931.0399982629759,-11.74599364714527,913.9322819302574,916.1545871412161,919.2863539161225,922.3412647260498,924.63371437239
mango_rmse_random,medium,2011-03-31,2012Q4,8,CONS,919.7476569251322,931.437285619049,-11.689628693916802,913.9107902567762,916.2583303667717,919.6354756890262,923.2582127304593,925.8628289466607
mango_rmse_random,medium,2011-03-31,2011Q1,1,DEFL,471.49117066236806,457.8271642119391,13.664006450428985,470.6999815885736,470.9844787443462,471.4675026406176,472.00341943791585,472.32321551958296
mango_rmse_random,medium,2011-03-31,2011Q2,2,DEFL,471.8960091218154,458.48552274726825,13.410486374547133,470.52538001209166,471.01606338870585,471.8928442526071,472.75871283951705,473.2961855469654
mango_rmse_random,medium,2011-03-31,2011Q3,3,DEFL,472.32313003001065,459.10205503836494,13.221074991645708,470.2876943713494,471.0456770007968,472.3116067244807,473.6067762948702,474.41239636822877
mango_rmse_random,medium,2011-03-31,2011Q4,4,DEFL,472.7874963780949,459.2226780352162,13.56481834287871,470.0331152579973,471.12453365443264,472.7627366489281,474.4815557621606,475.5599705333355
mango_rmse_random,medium,2011-03-31,2012Q1,5,DEFL,473.3437709318186,459.8276478897225,13.51612304209607,469.6859055855274,471.22378087082467,473.30845573566137,475.5334223254206,477.0055555437624
mango_rmse_random,medium,2011-03-31,2012Q2,6,DEFL,473.95449283029046,460.2296059641123,13.724886866178167,469.52474468188757,471.2484333291818,473.9499443986367,476.71419184560796,478.5417710039368
mango_rmse_random,medium,2011-03-31,2012Q3,7,DEFL,474.58777722161705,460.74675450367744,13.841022717939609,469.1340980292051,471.27745972527055,474.6359833782183,477.956512565593,480.09662668471225
mango_rmse_random,medium,2011-03-31,2012Q4,8,DEFL,475.2357772530467,461.25230870332746,13.983468549719248,468.78746834338614,471.2610212608802,475.2691711465802,479.2949222021754,481.72729954724196
mango_rmse_random,medium,2011-03-31,2011Q1,1,FFR,0.4050259432205316,0.15666666666666668,0.24835927655386492,-1.2587100519687564,-0.5676219101012386,0.4033197070643538,1.3536195176959538,2.0178204629985514
mango_rmse_random,medium,2011-03-31,2011Q2,2,FFR,0.7237732586841911,0.09333333333333334,0.6304399253508577,-1.7974241201005303,-0.8032252535700523,0.6805528907107692,2.293912189441521,3.2365075274443216
mango_rmse_random,medium,2011-03-31,2011Q3,3,FFR,1.2859133023755576,0.08333333333333333,1.2025799690422243,-1.8298396544167304,-0.6699005713313553,1.2910445722769093,3.1731686411368067,4.478648809732216
mango_rmse_random,medium,2011-03-31,2011Q4,4,FFR,1.860133460700446,0.07333333333333335,1.7868001273671128,-2.121114680602812,-0.5115261859697968,1.8324873167813402,4.184372174756431,5.7716304766197
mango_rmse_random,medium,2011-03-31,2012Q1,5,FFR,2.281403143988201,0.10333333333333333,2.1780698106548675,-2.2400116643649395,-0.4855369644356514,2.3156081099995136,4.938291606073424,6.817596558093444
mango_rmse_random,medium,2011-03-31,2012Q2,6,FFR,2.5530610496724124,0.15333333333333335,2.399727716339079,-2.49503906251917,-0.4959011368243778,2.569432690428257,5.645864461103817,7.521626716837029
mango_rmse_random,medium,2011-03-31,2012Q3,7,FFR,2.7773889527696087,0.14333333333333334,2.634055619436275,-2.8820204136245535,-0.523684465665932,2.778374218890403,6.081836610191361,8.259507211091558
mango_rmse_random,medium,2011-03-31,2012Q4,8,FFR,2.991362828765124,0.16,2.831362828765124,-3.0238455927426697,-0.6637896031149146,3.015207063031157,6.579808864372503,9.08689106889503
mango_rmse_random,medium,2011-03-31,2011Q1,1,GDP,951.034567713765,966.5859036314018,-15.551335917636834,949.618789375736,950.1690611699372,951.0119575446224,951.894221770851,952.4301475554724
mango_rmse_random,medium,2011-03-31,2011Q2,2,GDP,952.0789925343571,967.261665957135,-15.182673422777953,949.8315494134062,950.6554738567629,952.067760462091,953.5033043107915,954.375768815654
mango_rmse_random,medium,2011-03-31,2011Q3,3,GDP,953.1678123522291,967.2228912780705,-14.055078925841372,950.1155611900484,951.3066218158772,953.151903842358,955.0124975009614,956.2973385771039
mango_rmse_random,medium,2011-03-31,2011Q4,4,GDP,954.1606845254283,968.3383253013681,-14.177640775939722,950.2477720876817,951.8921542563008,954.1376893744205,956.3990889243279,957.8909979156177
mango_rmse_random,medium,2011-03-31,2012Q1,5,GDP,954.8857831468815,969.1529212860218,-14.26713813914023,950.4745814928777,952.2538570093585,954.8433169624991,957.5702729361695,959.3326536990563
mango_rmse_random,medium,2011-03-31,2012Q2,6,GDP,955.5600201389827,969.6077453782113,-14.047725239228612,950.5910773909079,952.4992830685511,955.5605761018852,958.661659804403,960.7792275592773
mango_rmse_random,medium,2011-03-31,2012Q3,7,GDP,956.1855956977345,969.7824756135876,-13.596879915853151,950.5099936093603,952.8564240467371,956.2351481724565,959.5574350418894,962.0812374749212
mango_rmse_random,medium,2011-03-31,2012Q4,8,GDP,956.7644701257474,969.8922534031813,-13.127783277433878,950.378448327068,953.0100074476122,956.7642339388165,960.4559648668533,963.357563558445
mango_rmse_random,medium,2011-03-31,2011Q1,1,HOURS,454.5716743210555,456.76655994468166,-2.194885623626135,453.2431986840374,453.748170343897,454.55962242346374,455.3864418665986,455.94395777999307
mango_rmse_random,medium,2011-03-31,2011Q2,2,HOURS,455.25004887913957,457.8251096636827,-2.5750607845431546,452.8891227657327,453.79578222450357,455.26016574211513,456.7113617311044,457.77760748629504
mango_rmse_random,medium,2011-03-31,2011Q3,3,HOURS,455.97546881715255,458.13691758021395,-2.1614487630614008,452.50479722145576,453.90837772710813,455.9677069466628,458.0608710283696,459.5915400311337
mango_rmse_random,medium,2011-03-31,2011Q4,4,HOURS,456.68857024464194,458.99550201816106,-2.306931773519125,452.21743499682304,454.01620977560657,456.7032173811456,459.37018246105816,461.28541097127186
mango_rmse_random,medium,2011-03-31,2012Q1,5,HOURS,457.2648382215938,459.8326823506083,-2.5678441290145315,451.9081140629762,454.0032877145946,457.2403676839011,460.47219191611555,462.80323003062284
mango_rmse_random,medium,2011-03-31,2012Q2,6,HOURS,457.7232963922339,460.00571366012684,-2.2824172678929244,451.3429916704786,453.89622080932736,457.6393382884578,461.5709863809456,464.2101990594176
mango_rmse_random,medium,2011-03-31,2012Q3,7,HOURS,458.04239175682255,460.5260181938334,-2.483626437010855,450.788593639582,453.66856162200764,458.04548142381395,462.3549175139446,465.29049916801307
mango_rmse_random,medium,2011-03-31,2012Q4,8,HOURS,458.2846857122444,461.10130829713495,-2.816622584890524,450.0838472599944,453.3800907288333,458.3273846082798,463.0654591134101,466.40827247694796
mango_rmse_random,medium,2011-03-31,2011Q1,1,INV,749.6678871097996,771.6122658380344,-21.944378728234824,742.063985588209,745.1443797014163,749.6900807804604,754.1383741686035,756.987827027253
mango_rmse_random,medium,2011-03-31,2011Q2,2,INV,752.801362995415,775.6219744335358,-22.82061143812075,740.8517322698164,745.6809377365719,752.8908616359982,760.0269681760955,764.8728062800343
mango_rmse_random,medium,2011-03-31,2011Q3,3,INV,756.2732055284658,775.9522849600758,-19.67907943160992,740.6189072559587,747.0355011675988,756.333556244057,765.2259500411812,772.4131337031075
mango_rmse_random,medium,2011-03-31,2011Q4,4,INV,759.572926131347,783.3770177522407,-23.8040916208937,741.1597595272145,748.6791424799889,759.7186750850622,770.4842499254411,777.6259252423032
mango_rmse_random,medium,2011-03-31,2012Q1,5,INV,761.1535077219563,785.4442132351122,-24.2907055131559,739.7907273546396,748.3291650210336,761.6210267719105,773.4397074562255,781.8901598257706
mango_rmse_random,medium,2011-03-31,2012Q2,6,INV,762.1465312289375,787.7205662515095,-25.574035022571934,737.4993058352231,747.573948653861,762.5241701805971,776.5284678273606,786.1964857488076
mango_rmse_random,medium,2011-03-31,2012Q3,7,INV,762.9208381925587,788.1733240404119,-25.252485847853222,735.0573199598056,747.1681659350564,763.1276708161641,779.3253406003491,789.2370322049957
mango_rmse_random,medium,2011-03-31,2012Q4,8,INV,763.358619601894,787.2799983894643,-23.921378787570234,734.4468010945427,746.0927509334524,763.6126610859214,780.6933483685616,792.6257964765217
mango_rmse_random,medium,2011-03-31,2011Q1,1,WAGE,464.97198653082324,462.24696830661526,2.725018224207986,463.7755716284688,464.2101483003686,464.96812355533785,465.69982507364705,466.1509672054413
mango_rmse_random,medium,2011-03-31,2011Q2,2,WAGE,464.9797306999438,460.24464800664947,4.735082693294316,463.2612416001697,463.92533345067136,465.0030177032015,466.067715192672,466.7196086756849
mango_rmse_random,medium,2011-03-31,2011Q3,3,WAGE,464.96218195120133,460.38693402550433,4.575247925696999,462.79736864723856,463.6623828500145,465.00734545766545,466.243389516094,467.16706564019563
mango_rmse_random,medium,2011-03-31,2011Q4,4,WAGE,464.94062679930687,458.46408947355985,6.476537325747017,462.2518247278334,463.37243095018545,464.990725359668,466.4643004738213,467.43750029104416
mango_rmse_random,medium,2011-03-31,2012Q1,5,WAGE,464.95920550714425,460.1924925823062,4.766712924838032,461.909035206574,463.1377961925123,464.9747358467881,466.7905180862422,467.8321507731949
mango_rmse_random,medium,2011-03-31,2012Q2,6,WAGE,464.98708749186477,460.5460143946219,4.44107309724285,461.6235475299844,463.0178471665992,464.9869602829484,466.97685332491795,468.1858874615784
mango_rmse_random,medium,2011-03-31,2012Q3,7,WAGE,465.0195683726608,460.04490589855556,4.97466247410523,461.3583556340227,462.8271085222876,464.9874479070839,467.1682536305121,468.646896671578
mango_rmse_random,medium,2011-03-31,2012Q4,8,WAGE,465.0473993814993,461.94181992532924,3.1055794561700623,460.9220581543987,462.613140399736,465.06991727629395,467.4792097171323,468.99225210307003
mango_rmse_random,medium,2011-06-30,2011Q2,1,CONS,916.3499218619367,929.4669847547688,-13.11706289283211,915.3954907921038,915.7461490839078,916.3493585253018,916.9347178588328,917.3047537240978
mango_rmse_random,medium,2011-06-30,2011Q3,2,CONS,917.1180214160183,929.7709193408268,-12.652897924808485,915.4776140615224,916.1212245319338,917.1417819595221,918.100502030643,918.6916834186399
mango_rmse_random,medium,2011-06-30,2011Q4,3,CONS,917.7885594255777,929.9433813298132,-12.154821904235519,915.5699153030013,916.3656534808829,917.7773318252243,919.1273207127396,920.0644662508804
mango_rmse_random,medium,2011-06-30,2012Q1,4,CONS,918.4855143100884,930.6622261336005,-12.17671182351205,915.5799432558864,916.6461389653151,918.4677092261666,920.3523815946154,921.4748822214068
mango_rmse_random,medium,2011-06-30,2012Q2,5,CONS,919.0912038124546,930.8376469452386,-11.746443132783952,915.4782479950799,916.8208306888387,919.0370225805268,921.3566759061194,922.9865310535615
mango_rmse_random,medium,2011-06-30,2012Q3,6,CONS,919.6272998396872,931.0399982629759,-11.412698423288703,915.1826894411932,917.009076108136,919.6245802432184,922.3671312789307,924.0254523682664
mango_rmse_random,medium,2011-06-30,2012Q4,7,CONS,920.1758192401413,931.437285619049,-11.261466378907699,915.0145571199541,917.0657023031075,920.1818481158163,923.3442931574652,925.260799204807
mango_rmse_random,medium,2011-06-30,2013Q1,8,CONS,920.719472700669,931.9686225614282,-11.24914986075919,914.7492869502261,917.2902862280538,920.7319781234364,924.2592026506336,926.504516062444
mango_rmse_random,medium,2011-06-30,2011Q2,1,DEFL,471.95447073761693,458.48552274726825,13.468947990348681,471.12338130655235,471.45107762140213,471.952553476778,472.4478786756053,472.7559398953025
mango_rmse_random,medium,2011-06-30,2011Q3,2,DEFL,472.3327674817523,459.10205503836494,13.230712443387347,470.88911069492957,471.4376713105317,472.3484630361271,473.18518249752515,473.72233345873093
mango_rmse_random,medium,2011-06-30,2011Q4,3,DEFL,472.75500666303543,459.2226780352162,13.532328627819254,470.66174234293857,471.5149451320703,472.74810793797917,473.9914716377586,474.8531281217533
mango_rmse_random,medium,2011-06-30,2012Q1,4,DEFL,473.2482390247754,459.8276478897225,13.42059113505286,470.41856962271896,471.5609187409282,473.28519439258014,474.91340675974317,476.0334099657257
mango_rmse_random,medium,2011-06-30,2012Q2,5,DEFL,473.78549973641486,460.2296059641123,13.555893772302568,470.14646509213947,471.6563041857691,473.7875142252558,476.00838275972967,477.3656774830918
mango_rmse_random,medium,2011-06-30,2012Q3,6,DEFL,474.3683314978517,460.74675450367744,13.62157699417429,469.7125315970378,471.6665812269954,474.35571257286057,477.14416071240123,478.87992224186684
mango_rmse_random,medium,2011-06-30,2012Q4,7,DEFL,474.9837575779796,461.25230870332746,13.73144887465213,469.3705920585976,471.7691178595782,474.9398458444626,478.2846109724338,480.57464035961505
mango_rmse_random,medium,2011-06-30,2013Q1,8,DEFL,475.61979301312715,461.651558288791,13.968234724336128,469.0675230273816,471.7907675051091,475.5692119906503,479.5099935644787,482.27909003410235
mango_rmse_random,medium,2011-06-30,2011Q2,1,FFR,0.32928970576557093,0.09333333333333334,0.2359563724322376,-1.1853818073370717,-0.5926451475937803,0.3038133326929887,1.2768127767244577,1.8629536661973904
mango_rmse_random,medium,2011-06-30,2011Q3,2,FFR,0.8639616725345641,0.08333333333333333,0.7806283392012308,-1.6389518342636984,-0.6501449869220367,0.8500099510203294,2.353143227941281,3.385717531034238
mango_rmse_random,medium,2011-06-30,2011Q4,3,FFR,1.3657756122026798,0.07333333333333335,1.2924422788693466,-1.8912747774499883,-0.5870968493170646,1.396835747722759,3.219746270681479,4.504963888083659
mango_rmse_random,medium,2011-06-30,2012Q1,4,FFR,1.6449083445961452,0.10333333333333333,1.541575011262812,-2.3802422728733914,-0.6390937535316618,1.6412284354995095,3.957939823808747,5.603846181224603
mango_rmse_random,medium,2011-06-30,2012Q2,5,FFR,1.9261089341291395,0.15333333333333335,1.7727756007958062,-2.6769790439047862,-0.8078482067214264,1.9561015766255048,4.615822249595668,6.524482208293792
mango_rmse_random,medium,2011-06-30,2012Q3,6,FFR,2.206460762883713,0.14333333333333334,2.0631274295503794,-2.8338874219169843,-0.7038595735314136,2.2484120033523376,5.167899660335559,7.215676451938803
mango_rmse_random,medium,2011-06-30,2012Q4,7,FFR,2.441248370687161,0.16,2.2812483706871607,-3.2733126107995942,-0.7750265328158059,2.3699498849921343,5.7344035564716345,8.023806641654728
mango_rmse_random,medium,2011-06-30,2013Q1,8,FFR,2.6571539294340876,0.14333333333333334,2.513820596100754,-3.3545418714524224,-1.0111984604558935,2.693955851282425,6.215961370660989,8.52431646904097
mango_rmse_random,medium,2011-06-30,2011Q2,1,GDP,951.6639800310886,967.261665957135,-15.597685926046438,950.3348464170114,950.8464425493529,951.6772787750335,952.5000532442182,953.0161844628783
mango_rmse_random,medium,2011-06-30,2011Q3,2,GDP,952.7896445753677,967.2228912780705,-14.433246702702831,950.559827530897,951.4607401187383,952.8107310780147,954.1721558943302,954.9134685762668
mango_rmse_random,medium,2011-06-30,2011Q4,3,GDP,953.8465236657443,968.3383253013681,-14.491801635623801,950.7684680036019,951.9746845077103,953.8600279283919,955.6573564933439,956.8383543057679
mango_rmse_random,medium,2011-06-30,2012Q1,4,GDP,954.6327159929925,969.1529212860218,-14.520205293029221,950.8448778470228,952.3855697638027,954.6044852288961,956.8763220489974,958.4613199068116
mango_rmse_random,medium,2011-06-30,2012Q2,5,GDP,955.3667421448506,969.6077453782113,-14.241003233360743,951.0627306948993,952.6761540639244,955.3103017091848,957.9623896441933,959.7281758033265
mango_rmse_random,medium,2011-06-30,2012Q3,6,GDP,956.0541093518125,969.7824756135876,-13.728366261775136,951.063640196173,952.9989124193883,956.0947156982858,959.016978121512,961.0808873117778
mango_rmse_random,medium,2011-06-30,2012Q4,7,GDP,956.704776487583,969.8922534031813,-13.187476915598268,950.9574203500227,953.2923851350056,956.785124331299,959.9960763619459,962.3299138581666
mango_rmse_random,medium,2011-06-30,2013Q1,8,GDP,957.3261348899582,970.7562992997954,-13.430164409837175,951.2483632879594,953.6763013493251,957.4085057841089,960.8689990527147,963.4094998494282
mango_rmse_random,medium,2011-06-30,2011Q2,1,HOURS,455.1491993396117,457.8251096636827,-2.675910324071026,453.84033987196125,454.32411453566243,455.15898120875073,455.9817872691937,456.45238757890115
mango_rmse_random,medium,2011-06-30,2011Q3,2,HOURS,455.8921749657866,458.13691758021395,-2.2447426144273663,453.5080350421202,454.42982191676674,455.90592307403705,457.32668820009,458.25397099538543
mango_rmse_random,medium,2011-06-30,2011Q4,3,HOURS,456.57264892138716,458.99550201816106,-2.422853096773906,453.1212383843345,454.553737628136,456.5810882147973,458.6430796818557,459.93678616847416
mango_rmse_random,medium,2011-06-30,2012Q1,4,HOURS,457.1308672868589,459.8326823506083,-2.701815063749393,452.7275441435726,454.42751960136155,457.15741249978294,459.76725897319545,461.4824015420998
mango_rmse_random,medium,2011-06-30,2012Q2,5,HOURS,457.635866402538,460.00571366012684,-2.3698472575888445,452.3499880793049,454.4349963472796,457.66481185569364,460.7747925075495,462.92420517383823
mango_rmse_random,medium,2011-06-30,2012Q3,6,HOURS,458.06726544423003,460.5260181938334,-2.458752749603377,451.7986158347654,454.2968855263945,458.0505821161993,461.7315203110839,464.29328138867857
mango_rmse_random,medium,2011-06-30,2012Q4,7,HOURS,458.3898613974423,461.10130829713495,-2.711446899692646,451.39743523620024,454.10220613260043,458.36057057936887,462.69872143995826,465.39802898309586
mango_rmse_random,medium,2011-06-30,2013Q1,8,HOURS,458.65235525583074,461.53185170399064,-2.879496448159898,450.87847497832604,453.9579336898917,458.65809050747754,463.4022503754626,466.4103255566819
mango_rmse_random,medium,2011-06-30,2011Q2,1,INV,753.5771499584365,775.6219744335358,-22.04482447509929,746.1102237476259,748.9930795456532,753.5817600318279,758.1067009699404,760.8186952833503
mango_rmse_random,medium,2011-06-30,2011Q3,2,INV,757.2626386278836,775.9522849600758,-18.689646332192183,745.1892347886626,750.3930359178295,757.2683189993934,764.3514966594444,768.5780301255631
mango_rmse_random,medium,2011-06-30,2011Q4,3,INV,760.85496672505,783.3770177522407,-22.52205102719074,745.2879185088301,751.929175058562,760.9598835564677,769.8483411931212,775.8818873151499
mango_rmse_random,medium,2011-06-30,2012Q1,4,INV,762.4589339803013,785.4442132351122,-22.985279254810962,744.8731793799581,751.7662059012393,762.5287437713523,773.3978649568676,780.2266809614322
mango_rmse_random,medium,2011-06-30,2012Q2,5,INV,763.9461399205462,787.7205662515095,-23.77442633096325,743.5966529853418,751.2611404636464,764.0437207951816,776.6747433056628,784.1455419015222
mango_rmse_random,medium,2011-06-30,2012Q3,6,INV,765.1689392225683,788.1733240404119,-23.00438481784363,741.6415512367274,750.5522655225876,765.4955873794474,779.0938008633543,788.4832772802895
mango_rmse_random,medium,2011-06-30,2012Q4,7,INV,765.9809884621187,787.2799983894643,-21.299009927345537,739.3592985439209,750.2266193787211,766.6126973265798,781.2729719750779,791.4699832708253
mango_rmse_random,medium,2011-06-30,2013Q1,8,INV,766.7314540042455,790.9407961623422,-24.20934215809666,738.2514807776494,749.8516063804541,766.8854184325844,784.0060108926884,793.6887506409809
mango_rmse_random,medium,2011-06-30,2011Q2,1,WAGE,463.7470064185356,460.24464800664947,3.502358411886121,462.5420453048322,463.00077422988034,463.74693760463083,464.4912220843654,464.98886117112096
mango_rmse_random,medium,2011-06-30,2011Q3,2,WAGE,463.77471313866306,460.38693402550433,3.3877791131587287,461.9838107240378,462.698591099294,463.7735922591664,464.89267718173403,465.5111127447644
mango_rmse_random,medium,2011-06-30,2011Q4,3,WAGE,463.71935954228053,458.46408947355985,5.255270068720677,461.3923262303166,462.40439320643856,463.7562051265265,465.0690528976517,465.89318139495515
mango_rmse_random,medium,2011-06-30,2012Q1,4,WAGE,463.75061478416114,460.1924925823062,3.5581222018549283,461.10030154774796,462.1534566266224,463.78174113261707,465.3288732440251,466.2685848879533
mango_rmse_random,medium,2011-06-30,2012Q2,5,WAGE,463.79488846889643,460.5460143946219,3.248874074274511,460.74555652733176,462.0213773782957,463.8101272560964,465.6136131341432,466.7092028224116
mango_rmse_random,medium,2011-06-30,2012Q3,6,WAGE,463.79931760509055,460.04490589855556,3.754411706534995,460.3650547468587,461.7678506760454,463.838589789542,465.86154802012766,467.13792125455115
mango_rmse_random,medium,2011-06-30,2012Q4,7,WAGE,463.8061535566925,461.94181992532924,1.8643336313632517,460.0486553672498,461.50171538228443,463.87387779383573,466.1083269817214,467.47943111022556
mango_rmse_random,medium,2011-06-30,2013Q1,8,WAGE,463.886316141552,460.02983377843236,3.856482363119653,459.69975030965935,461.37426984364,463.96334091712896,466.3534720013096,467.97967197547405
mango_rmse_random,medium,2011-09-30,2011Q3,1,CONS,915.3443793960585,929.7709193408268,-14.426539944768365,914.3882278984324,914.75945043997,915.3558913036604,915.9159623488707,916.2937275703035
mango_rmse_random,medium,2011-09-30,2011Q4,2,CONS,915.984144095027,929.9433813298132,-13.959237234786201,914.4059051325995,915.0665699995321,915.9446729759894,916.945106275352,917.593939514796
mango_rmse_random,medium,2011-09-30,2012Q1,3,CONS,916.4989107789672,930.6622261336005,-14.163315354633255,914.3277979826056,915.1927094028662,916.4866855201053,917.8115682776594,918.7094855925178
mango_rmse_random,medium,2011-09-30,2012Q2,4,CONS,917.0272288245651,930.8376469452386,-13.81041812067349,914.1340949531341,915.2616071692207,917.042069989646,918.7850283607,919.9481564164357
mango_rmse_random,medium,2011-09-30,2012Q3,5,CONS,917.4707209185615,931.0399982629759,-13.569277344414445,913.8310228526055,915.2819941329456,917.4160456775556,919.6389009594905,921.118160667279
mango_rmse_random,medium,2011-09-30,2012Q4,6,CONS,917.8608056447155,931.437285619049,-13.576479974333552,913.4801843590338,915.3024834560622,917.8665474163467,920.4624261194833,922.1489481132055
mango_rmse_random,medium,2011-09-30,2013Q1,7,CONS,918.239854341478,931.9686225614282,-13.728768219950211,913.163955387048,915.0862718159749,918.2688280928512,921.3674899768087,923.2351363986562
mango_rmse_random,medium,2011-09-30,2013Q2,8,CONS,918.6071087992497,932.1223838026934,-13.515275003443776,912.7746940378631,915.0337382455864,918.6342832162011,922.1370607304775,924.2998673785921
mango_rmse_random,medium,2011-09-30,2011Q3,1,DEFL,473.41097360585167,459.10205503836494,14.308918567486728,472.64510378385876,472.9310961379022,473.4133813398094,473.87635569200506,474.16075581399963
mango_rmse_random,medium,2011-09-30,2011Q4,2,DEFL,474.0263899643314,459.2226780352162,14.803711929115195,472.68134659147023,473.2325193950434,474.02641844580546,474.8056018615152,475.3555923465344
mango_rmse_random,medium,2011-09-30,2012Q1,3,DEFL,474.66502263180246,459.8276478897225,14.83737474207993,472.6169050630283,473.43255629397487,474.6598836357381,475.86772984460504,476.722810636188
mango_rmse_random,medium,2011-09-30,2012Q2,4,DEFL,475.34854553328273,460.2296059641123,15.118939569170436,472.5709525079508,473.7062133892023,475.3767994413266,476.9914855296658,478.0249445082835
mango_rmse_random,medium,2011-09-30,2012Q3,5,DEFL,476.04861196104855,460.74675450367744,15.301857457371113,472.37388566511237,473.9618527679844,476.06473530772837,478.23002799955344,479.5602332672055
mango_rmse_random,medium,2011-09-30,2012Q4,6,DEFL,476.8022170360736,461.25230870332746,15.549908332746156,472.1507688898291,474.16458100904254,476.83325513256256,479.5026390743533,481.29979509774256
mango_rmse_random,medium,2011-09-30,2013Q1,7,DEFL,477.5561730872494,461.651558288791,15.904614798458397,472.0487571321022,474.2599631206194,477.5466729322984,480.8810221393604,483.0703259204883
mango_rmse_random,medium,2011-09-30,2013Q2,8,DEFL,478.31585314794347,461.93491871613605,16.380934431807418,471.7848983602825,474.3980342760451,478.3124706015571,482.23132173917367,484.985021391404
mango_rmse_random,medium,2011-09-30,2011Q3,1,FFR,0.4518142857097441,0.08333333333333333,0.36848095237641076,-1.0811791051664439,-0.4818862465123357,0.4431335872355262,1.3529677063922687,2.011136814600582
mango_rmse_random,medium,2011-09-30,2011Q4,2,FFR,1.0619623564257272,0.07333333333333335,0.9886290230923939,-1.3930597006998413,-0.44183501852888635,1.0511843810207582,2.526404362241246,3.601548838546631
mango_rmse_random,medium,2011-09-30,2012Q1,3,FFR,1.4919628456676415,0.10333333333333333,1.3886295123343082,-1.6091244616681362,-0.3972633101762991,1.524819449593637,3.3766914385266524,4.504655347907489
mango_rmse_random,medium,2011-09-30,2012Q2,4,FFR,1.7874181786777323,0.15333333333333335,1.634084845344399,-1.9813466013403058,-0.4493621151818374,1.823073226732426,4.029650417761832,5.366265739189153
mango_rmse_random,medium,2011-09-30,2012Q3,5,FFR,2.128904169394979,0.14333333333333334,1.9855708360616455,-2.384598600672238,-0.48951393758591233,2.1117564689997366,4.817932152578123,6.477793078077034
mango_rmse_random,medium,2011-09-30,2012Q4,6,FFR,2.4319761590010205,0.16,2.2719761590010203,-2.4961088459419463,-0.4496511707779325,2.470058830756032,5.362968461014082,7.443364058733064
mango_rmse_random,medium,2011-09-30,2013Q1,7,FFR,2.669051917889071,0.14333333333333334,2.5257185845557375,-2.95667396471237,-0.2977245542392639,2.694998810478016,5.8240571371579595,8.135877998356435
mango_rmse_random,medium,2011-09-30,2013Q2,8,FFR,2.8809165348271573,0.11666666666666665,2.7642498681604906,-2.994342277504633,-0.4942575077402569,2.8459364666132236,6.442940635909527,8.677926959777743
mango_rmse_random,medium,2011-09-30,2011Q3,1,GDP,950.1546725574476,967.2228912780705,-17.068218720622895,948.7745509264831,949.3050272109409,950.1524121371349,950.9970895836025,951.5201205149494
mango_rmse_random,medium,2011-09-30,2011Q4,2,GDP,951.0586334208291,968.3383253013681,-17.279691880538962,948.8692837408223,949.7303597272266,951.064878627833,952.4177342934771,953.171063525514
mango_rmse_random,medium,2011-09-30,2012Q1,3,GDP,951.764895554943,969.1529212860218,-17.388025731078756,948.7619748548183,949.979802194934,951.7309492285286,953.5870534895093,954.7855306996063
mango_rmse_random,medium,2011-09-30,2012Q2,4,GDP,952.4257766253093,969.6077453782113,-17.181968752902094,948.7695390890394,950.2258355109215,952.3794942891923,954.6592169917838,956.2049570608553
mango_rmse_random,medium,2011-09-30,2012Q3,5,GDP,952.9929236720084,969.7824756135876,-16.789551941579248,948.6050667710203,950.3327102171313,952.9178709412552,955.7987611284362,957.3980160678561
mango_rmse_random,medium,2011-09-30,2012Q4,6,GDP,953.5035963463364,969.8922534031813,-16.388657056844863,948.3815809209682,950.4069635727235,953.475667405188,956.558311191048,958.5597043184149
mango_rmse_random,medium,2011-09-30,2013Q1,7,GDP,953.9491179032484,970.7562992997954,-16.80718139654698,948.0721458491889,950.5165062888292,954.0644047786323,957.2894134458694,959.6028242021081
mango_rmse_random,medium,2011-09-30,2013Q2,8,GDP,954.3903788887172,970.8955874685364,-16.50520857981917,948.0794522278885,950.6596749313824,954.4230197618602,958.1822476395706,960.7267719292684
mango_rmse_random,medium,2011-09-30,2011Q3,1,HOURS,455.471606358357,458.13691758021395,-2.665311221856939,454.1969838782886,454.7005483602543,455.4811122765469,456.25286580899484,456.75599998695134
mango_rmse_random,medium,2011-09-30,2011Q4,2,HOURS,456.0206156115211,458.99550201816106,-2.974886406639939,453.7465838914322,454.63200991760533,456.01799667308256,457.40775061563403,458.3161308574244
mango_rmse_random,medium,2011-09-30,2012Q1,3,HOURS,456.5620151979485,459.8326823506083,-3.2706671526598257,453.2272242381374,454.6213345634703,456.5672840087161,458.48033862917896,459.9344588012095
mango_rmse_random,medium,2011-09-30,2012Q2,4,HOURS,457.04738183395136,460.00571366012684,-2.958331826175481,452.73583116222136,454.5007255934149,457.0601706073246,459.58396783446454,461.3515170985399
mango_rmse_random,medium,2011-09-30,2012Q3,5,HOURS,457.4803412081105,460.5260181938334,-3.0456769857229347,452.39225170923635,454.44159598962233,457.5289722994679,460.5233252796489,462.66150222479854
mango_rmse_random,medium,2011-09-30,2012Q4,6,HOURS,457.85171079717804,461.10130829713495,-3.2495974999569057,451.65667056404465,454.2500513885594,457.89184433705924,461.4454209241876,463.79333214606703
mango_rmse_random,medium,2011-09-30,2013Q1,7,HOURS,458.1084599683118,461.53185170399064,-3.4233917356788197,451.1469896225082,454.0549969953352,458.1549021897611,462.10849616851806,464.8086011087563
mango_rmse_random,medium,2011-09-30,2013Q2,8,HOURS,458.28875775687635,461.94181992532924,-3.653062168452891,450.60495230697296,453.7449598765352,458.34057826767463,462.8944948172341,465.7807309065203
mango_rmse_random,medium,2011-09-30,2011Q3,1,INV,750.7462307024323,775.9522849600758,-25.206054257643473,743.1907760910709,746.1873251994137,750.8128189200718,755.2049609236929,757.8393748003688
mango_rmse_random,medium,2011-09-30,2011Q4,2,INV,753.6562492816054,783.3770177522407,-29.720768470635335,742.2976542612723,746.7639619924712,753.5265796269022,760.8198640357534,765.0609841569045
mango_rmse_random,medium,2011-09-30,2012Q1,3,INV,755.8845597024656,785.4442132351122,-29.55965353264662,740.8337189402712,746.990710686437,755.9322437420266,765.0641430806302,770.7824081259631
mango_rmse_random,medium,2011-09-30,2012Q2,4,INV,757.0917773606722,787.7205662515095,-30.628788890837313,740.0019785656974,746.2255600837891,756.8635652069732,768.2979978635058,774.6551923334836
mango_rmse_random,medium,2011-09-30,2012Q3,5,INV,758.3202914199637,788.1733240404119,-29.853032620448175,738.0553717844898,745.9526049695971,758.2946681980072,770.6110422419946,779.0045271958192
mango_rmse_random,medium,2011-09-30,2012Q4,6,INV,759.2361533174284,787.2799983894643,-28.04384507203588,736.182662571456,744.7476018176264,759.2271356815652,773.7987609237028,782.2828670052141
mango_rmse_random,medium,2011-09-30,2013Q1,7,INV,759.813785047059,790.9407961623422,-31.127011115283153,733.4647094789107,744.5016544377181,759.6207960128136,775.5055267750954,785.0339944135559
mango_rmse_random,medium,2011-09-30,2013Q2,8,INV,760.2996542826013,792.0532589341361,-31.75360465153483,731.9237125117211,743.6896046261088,760.4303006105059,777.4128307044022,788.139260358462
mango_rmse_random,medium,2011-09-30,2011Q3,1,WAGE,463.6168983314757,460.38693402550433,3.2299643059713503,462.49759565381953,462.88947721299115,463.6061804815557,464.3159461178699,464.7831735150664
mango_rmse_random,medium,2011-09-30,2011Q4,2,WAGE,463.6141758127728,458.46408947355985,5.150086339212976,461.91524325435125,462.6141852478693,463.5967649740856,464.67532229005946,465.31454321071277
mango_rmse_random,medium,2011-09-30,2012Q1,3,WAGE,463.6164177631044,460.1924925823062,3.4239251807981645,461.446388845325,462.33701639258015,463.6330888509824,464.8912600063339,465.79574929271797
mango_rmse_random,medium,2011-09-30,2012Q2,4,WAGE,463.58372863300536,460.5460143946219,3.037714238383444,461.0367033406268,462.10694807357845,463.6410915924619,465.10408135187004,465.9782917288669
mango_rmse_random,medium,2011-09-30,2012Q3,5,WAGE,463.52919040706104,460.04490589855556,3.484284508505482,460.6738218355216,461.79346707645016,463.58517198302985,465.2536932344885,466.3186078238528
mango_rmse_random,medium,2011-09-30,2012Q4,6,WAGE,463.48638885073376,461.94181992532924,1.5445689254045192,460.1149629010375,461.61528138301105,463.5634397762866,465.4145901375559,466.67126409032056
mango_rmse_random,medium,2011-09-30,2013Q1,7,WAGE,463.4451991898367,460.02983377843236,3.415365411404366,459.80031901294296,461.30713531803747,463.45635203153205,465.6143003183428,467.1024880165302
mango_rmse_random,medium,2011-09-30,2013Q2,8,WAGE,463.42051338742573,460.8375044937003,2.5830088937254345,459.378854821103,461.06187515976956,463.4161747583602,465.84415954871093,467.4302146066868
mango_rmse_random,medium,2011-12-31,2011Q4,1,CONS,915.7597136855147,929.9433813298132,-14.183667644298453,914.7323705929638,915.1558312163328,915.7758666271916,916.356175994908,916.7734598017839
mango_rmse_random,medium,2011-12-31,2012Q1,2,CONS,916.2847941482859,930.6622261336005,-14.377431985314615,914.5995192173923,915.3077335888929,916.2782581342683,917.2850231989834,917.9042347792707
mango_rmse_random,medium,2011-12-31,2012Q2,3,CONS,916.8180636239732,930.8376469452386,-14.019583321265372,914.4102520203971,915.3859636658483,916.8018338669065,918.2295179040403,919.1823501619241
mango_rmse_random,medium,2011-12-31,2012Q3,4,CONS,917.3478963466263,931.0399982629759,-13.692101916349657,914.2162098557235,915.5094245982903,917.328257649855,919.1774523382454,920.5034078245634
mango_rmse_random,medium,2011-12-31,2012Q4,5,CONS,917.7920669198053,931.437285619049,-13.645218699243742,914.0052071792516,915.5344383583866,917.7683881645795,920.1217150465477,921.6272954914015
mango_rmse_random,medium,2011-12-31,2013Q1,6,CONS,918.2018663043099,931.9686225614282,-13.766756257118345,913.6334322504081,915.449821974662,918.0995043402355,920.9467258296505,922.7095480674008
mango_rmse_random,medium,2011-12-31,2013Q2,7,CONS,918.591059455407,932.1223838026934,-13.531324347286386,913.4244286427214,915.4726377667507,918.5663169943498,921.7860357558038,923.7762886614931
mango_rmse_random,medium,2011-12-31,2013Q3,8,CONS,919.001095227583,932.4955461653029,-13.494450937719876,913.1864083301424,915.4897346706672,918.9865746153305,922.6827348449643,924.9047191866557
mango_rmse_random,medium,2011-12-31,2011Q4,1,DEFL,474.0539594192432,459.2226780352162,14.831281384027022,473.2707975379801,473.5925835673234,474.0611354317867,474.51269810358446,474.81545704100444
mango_rmse_random,medium,2011-12-31,2012Q1,2,DEFL,474.6660186146921,459.8276478897225,14.838370724969593,473.28217399621406,473.84294957559814,474.6944935885557,475.47291892177253,476.00008077021295
mango_rmse_random,medium,2011-12-31,2012Q2,3,DEFL,475.3084710609497,460.2296059641123,15.078865096837433,473.3270233652242,474.11444020781755,475.3375397457255,476.5027358999612,477.22826021327097
mango_rmse_random,medium,2011-12-31,2012Q3,4,DEFL,475.9419258599078,460.74675450367744,15.19517135623039,473.20770396420403,474.34961722554607,475.9814685651038,477.60455868875056,478.5623078619112
mango_rmse_random,medium,2011-12-31,2012Q4,5,DEFL,476.59468741947967,461.25230870332746,15.342378716152211,472.93430267978323,474.4868047355758,476.5956130840858,478.7007268735338,480.0391566834248
mango_rmse_random,medium,2011-12-31,2013Q1,6,DEFL,477.27590940864366,461.651558288791,15.624351119852633,472.73960629790395,474.67855676952445,477.27076225761425,479.87332310262644,481.59933521293243
mango_rmse_random,medium,2011-12-31,2013Q2,7,DEFL,477.9750675466772,461.93491871613605,16.04014883054117,472.5250137040881,474.73815840558984,477.94459778561634,481.1586117767216,483.4586553746758
mango_rmse_random,medium,2011-12-31,2013Q3,8,DEFL,478.6908981421896,462.40508197513793,16.285816167051678,472.26892296204727,474.808240215045,478.7192922281561,482.3890826356459,485.2189082451811
mango_rmse_random,medium,2011-12-31,2011Q4,1,FFR,0.45857454528332003,0.07333333333333335,0.3852412119499867,-1.0869911647422434,-0.48218624058659776,0.4507989009114964,1.3966125255089819,2.0458626812073732
mango_rmse_random,medium,2011-12-31,2012Q1,2,FFR,0.8316278494678915,0.10333333333333333,0.7282945161345582,-1.7221962819581689,-0.6682905046757068,0.8600340259154236,2.3647553693493397,3.2879978567528148
mango_rmse_random,medium,2011-12-31,2012Q2,3,FFR,1.1612424754270023,0.15333333333333335,1.007909142093669,-2.0534116760301306,-0.9035869758433347,1.2102274723100392,3.1182105729341885,4.257221667411317
mango_rmse_random,medium,2011-12-31,2012Q3,4,FFR,1.4907081952518388,0.14333333333333334,1.3473748619185055,-2.41055450164295,-0.8411251309894585,1.5237171173776272,3.8232232172873766,5.213522194972766
mango_rmse_random,medium,2011-12-31,2012Q4,5,FFR,1.795723497445818,0.16,1.6357234974458181,-2.6419789175355697,-0.9052095453267799,1.8382288817564403,4.371384000055263,6.2405406824697645
mango_rmse_random,medium,2011-12-31,2013Q1,6,FFR,2.055852109261339,0.14333333333333334,1.9125187759280056,-2.871444562883316,-0.8675911563466447,2.123532349241647,5.025242341190745,6.980259029346381
mango_rmse_random,medium,2011-12-31,2013Q2,7,FFR,2.263455145094246,0.11666666666666665,2.1467884784275792,-3.1856299029903776,-1.1085015609579265,2.2807074447806235,5.485215609019578,7.678320062103026
mango_rmse_random,medium,2011-12-31,2013Q3,8,FFR,2.4161199978728027,0.08333333333333333,2.3327866645394693,-3.5778678140584095,-1.216399728503926,2.4344838764563552,5.966188217697455,8.261587021328072
mango_rmse_random,medium,2011-12-31,2011Q4,1,GDP,950.572431440666,968.3383253013681,-17.765893860702022,949.1998010151411,949.758725594876,950.607842933555,951.3773174756274,951.9267687521535
mango_rmse_random,medium,2011-12-31,2012Q1,2,GDP,951.316600529142,969.1529212860218,-17.836320756879786,949.0135526861475,949.9706918185835,951.3116917239242,952.7444136066171,953.5709089529989
mango_rmse_random,medium,2011-12-31,2012Q2,3,GDP,952.0168059985326,969.6077453782113,-17.59093937967873,948.7586379720373,950.0810206626005,952.0146342410083,953.996403545025,955.2142896244521
mango_rmse_random,medium,2011-12-31,2012Q3,4,GDP,952.6741014434759,969.7824756135876,-17.108374170111688,948.7748543542835,950.2278715208845,952.6080129187426,955.0548643401081,956.5742653850929
mango_rmse_random,medium,2011-12-31,2012Q4,5,GDP,953.2296593412847,969.8922534031813,-16.662594061896584,948.5121356914376,950.3841220738218,953.2287957477292,955.988696640616,958.033616286735
mango_rmse_random,medium,2011-12-31,2013Q1,6,GDP,953.7246137534601,970.7562992997954,-17.031685546335325,948.4898161518496,950.4664878827759,953.7297301063702,956.8626771943087,959.2144948479839
mango_rmse_random,medium,2011-12-31,2013Q2,7,GDP,954.2039231979907,970.8955874685364,-16.691664270545743,948.2249316475142,950.5658502339564,954.2094629279391,957.7596580956513,960.1738587041277
mango_rmse_random,medium,2011-12-31,2013Q3,8,GDP,954.6625367450292,971.6841237441809,-17.021586999151623,948.1564108488028,950.661619758471,954.6959926021311,958.5863229046862,961.3510340620633
mango_rmse_random,medium,2011-12-31,2011Q4,1,HOURS,455.5451507878018,458.99550201816106,-3.4503512303592743,454.29609752233,454.7930568835095,455.53360326013166,456.3030659897151,456.86507442550067
mango_rmse_random,medium,2011-12-31,2012Q1,2,HOURS,456.03849747642323,459.8326823506083,-3.7941848741850777,453.6673143632309,454.5694651450288,456.0715234105828,457.44888923917057,458.39738105983986
mango_rmse_random,medium,2011-12-31,2012Q2,3,HOURS,456.51217476714993,460.00571366012684,-3.4935388929769147,453.1250677472174,454.44985541545697,456.45171571205674,458.6118431643361,460.10443729501435
mango_rmse_random,medium,2011-12-31,2012Q3,4,HOURS,456.96102086134414,460.5260181938334,-3.56499733248927,452.6074749967368,454.1516389672518,456.93473321044826,459.69512664672146,461.4936028074936
mango_rmse_random,medium,2011-12-31,2012Q4,5,HOURS,457.3660212497349,461.10130829713495,-3.7352870474000497,451.9727591473507,453.99800660338855,457.3476181068928,460.7538264852469,462.97447847534573
mango_rmse_random,medium,2011-12-31,2013Q1,6,HOURS,457.70653567764856,461.53185170399064,-3.8253160263420796,451.45338054248975,453.9258364928008,457.5712433393645,461.600659991466,464.308462201233
mango_rmse_random,medium,2011-12-31,2013Q2,7,HOURS,457.9896508370084,461.94181992532924,-3.9521690883208294,450.95225910110247,453.62626507496606,457.8782614392128,462.19198041172484,465.3723940968365
mango_rmse_random,medium,2011-12-31,2013Q3,8,HOURS,458.2103091019584,462.46198098094044,-4.251671878982052,450.64125614234376,453.50542451521886,458.1670164933593,462.93174847179955,466.3302376976527
mango_rmse_random,medium,2011-12-31,2011Q4,1,INV,751.3098573362059,783.3770177522407,-32.06716041603477,744.0660080354668,746.9713580580624,751.2882394498371,755.7042447709138,758.5685182518326
mango_rmse_random,medium,2011-12-31,2012Q1,2,INV,753.9143507488402,785.4442132351122,-31.52986248627201,742.6427696034716,747.0345314573481,753.9020864563615,760.9093978739318,765.3420908718417
mango_rmse_random,medium,2011-12-31,2012Q2,3,INV,755.6759853996593,787.7205662515095,-32.04458085185013,740.2974667269802,746.0784588661162,755.6490824571428,765.2919788369321,770.8882192162383
mango_rmse_random,medium,2011-12-31,2012Q3,4,INV,757.2643759399899,788.1733240404119,-30.90894810042198,739.2004628047357,746.4548162609453,757.1642302710376,768.8519286161188,775.9369287366344
mango_rmse_random,medium,2011-12-31,2012Q4,5,INV,758.6779090831045,787.2799983894643,-28.602089306359744,737.0640301552901,745.3580926745368,759.027037751541,772.0492443341147,780.1524000742965
mango_rmse_random,medium,2011-12-31,2013Q1,6,INV,759.5772699903204,790.9407961623422,-31.363526172021807,735.7597350632053,744.8026297763679,759.3645987403017,774.1342611459456,783.9431999537917
mango_rmse_random,medium,2011-12-31,2013Q2,7,INV,760.3420982508374,792.0532589341361,-31.711160683298772,733.7805226004963,744.398505034211,760.4482109690487,776.55056071894,787.2294006419247
mango_rmse_random,medium,2011-12-31,2013Q3,8,INV,760.8906540556668,795.8489837086637,-34.958329652996895,731.9385379253794,743.1750715235377,760.8960937184479,778.7198782838052,790.3503425766622
mango_rmse_random,medium,2011-12-31,2011Q4,1,WAGE,462.236718419393,458.46408947355985,3.772628945833162,461.1008554652894,461.5047064084742,462.2453598565678,462.96627619761955,463.4178975935287
mango_rmse_random,medium,2011-12-31,2012Q1,2,WAGE,462.26993056257027,460.1924925823062,2.077437980264051,460.5442370850563,461.20047078905054,462.26633080869715,463.2893548099523,464.0952556809294
mango_rmse_random,medium,2011-12-31,2012Q2,3,WAGE,462.1965670506392,460.5460143946219,1.6505526560172825,460.01057866240643,460.91590955422515,462.1660405646284,463.54167108147004,464.41290225065245
mango_rmse_random,medium,2011-12-31,2012Q3,4,WAGE,462.1356259885156,460.04490589855556,2.09072008996003,459.6440203141507,460.60357772647825,462.10786529157474,463.6761705180571,464.82748396538557
mango_rmse_random,medium,2011-12-31,2012Q4,5,WAGE,462.08380976444664,461.94181992532924,0.14198983911740015,459.1527117516006,460.38267252889057,462.06135129020845,463.83732848875053,465.1335754885018
mango_rmse_random,medium,2011-12-31,2013Q1,6,WAGE,461.9979737560628,460.02983377843236,1.9681399776304147,458.61634830930825,460.05151943793385,461.93899316951024,464.0016634056025,465.52137766009406
mango_rmse_random,medium,2011-12-31,2013Q2,7,WAGE,461.93849757367826,460.8375044937003,1.1009930799779681,458.33284237801706,459.7811163001891,461.873800950207,464.20908475183256,465.6239451318873
mango_rmse_random,medium,2011-12-31,2013Q3,8,WAGE,461.8967061786519,460.07403889087055,1.8226672877813712,457.99284939188675,459.501454997776,461.8993155268373,464.31948314518115,465.9353232964971
mango_rmse_random,medium,2012-03-31,2012Q1,1,CONS,916.4529438387732,930.6622261336005,-14.20928229482729,915.4585063681551,915.8661066165693,916.4687238662764,917.0379145293084,917.4015390512618
mango_rmse_random,medium,2012-03-31,2012Q2,2,CONS,917.1586506983477,930.8376469452386,-13.678996246890847,915.5179408097872,916.1836824043578,917.1829924749441,918.1098248813014,918.7494796983812
mango_rmse_random,medium,2012-03-31,2012Q3,3,CONS,917.7252271450874,931.0399982629759,-13.31477111788854,915.4592923576259,916.3879260033461,917.7451155489797,919.0580712878997,919.9971622530845
mango_rmse_random,medium,2012-03-31,2012Q4,4,CONS,918.2815119175028,931.437285619049,-13.155773701546195,915.2765794614949,916.5629407568283,918.285070758688,920.0373443776247,921.2107483717474
mango_rmse_random,medium,2012-03-31,2013Q1,5,CONS,918.774222173149,931.9686225614282,-13.194400388279178,915.0900905148034,916.615632307678,918.7963682448212,920.8907790741865,922.3059002008197
mango_rmse_random,medium,2012-03-31,2013Q2,6,CONS,919.2550358909539,932.1223838026934,-12.867347911739557,914.8704596169018,916.6766353372975,919.2739558006786,921.8470431869002,923.2920203069812
mango_rmse_random,medium,2012-03-31,2013Q3,7,CONS,919.7194589232633,932.4955461653029,-12.77608724203958,914.7987324108506,916.7613793615807,919.7830983356736,922.7129190292707,924.4056758344638
mango_rmse_random,medium,2012-03-31,2013Q4,8,CONS,920.1407596321831,933.2938463290335,-13.153086696850437,914.5477920466336,916.7827177880712,920.2001403678593,923.5438681622574,925.5814190656822
mango_rmse_random,medium,2012-03-31,2012Q1,1,DEFL,474.20628957839085,459.8276478897225,14.378641688668324,473.4293289318278,473.72154612100013,474.20948956284565,474.6922540595752,474.9682136592936
mango_rmse_random,medium,2012-03-31,2012Q2,2,DEFL,474.71038495727447,460.2296059641123,14.480778993162176,473.3136057978722,473.8921218053257,474.701679470449,475.5531273593128,476.0175283051624
mango_rmse_random,medium,2012-03-31,2012Q3,3,DEFL,475.2316907510937,460.74675450367744,14.484936247416272,473.23960955642707,473.971831057596,475.24460806853153,476.44634987472244,477.14639496456897
mango_rmse_random,medium,2012-03-31,2012Q4,4,DEFL,475.78767036494276,461.25230870332746,14.535361661615298,473.1325460301063,474.1549810649993,475.78362553524477,477.4374435965035,478.4095124428582
mango_rmse_random,medium,2012-03-31,2013Q1,5,DEFL,476.37392134196057,461.651558288791,14.722363053169545,472.82348470245853,474.2095729004125,476.37480678175905,478.49584387514943,479.83332422484966
mango_rmse_random,medium,2012-03-31,2013Q2,6,DEFL,476.9791550640275,461.93491871613605,15.044236347891456,472.62645910977614,474.3108393746972,476.95645333284097,479.64829036523247,481.3653956385452
mango_rmse_random,medium,2012-03-31,2013Q3,7,DEFL,477.60786324012344,462.40508197513793,15.202781264985504,472.2232289599965,474.3454208707142,477.5858474041886,480.8869709044461,482.90983481867175
mango_rmse_random,medium,2012-03-31,2013Q4,8,DEFL,478.24291108881164,463.00091293350107,15.241998155310569,471.86424500163054,474.4710953717459,478.2610459178328,482.0825242539541,484.3977088785475
mango_rmse_random,medium,2012-03-31,2012Q1,1,FFR,0.45475969825277207,0.10333333333333333,0.35142636491943874,-1.1340053788255207,-0.5239034424764865,0.43749019552556945,1.418123865235561,1.9830495446912666
mango_rmse_random,medium,2012-03-31,2012Q2,2,FFR,0.8730111273765394,0.15333333333333335,0.7196777940432061,-1.5174601699764283,-0.6302748644037843,0.8626648429148753,2.30316163353235,3.301563709935279
mango_rmse_random,medium,2012-03-31,2012Q3,3,FFR,1.1041375064420196,0.14333333333333334,0.9608041731086863,-1.9295246310064325,-0.7199410072591265,1.0595485658879644,2.9590728780131017,4.19789517338624
mango_rmse_random,medium,2012-03-31,2012Q4,4,FFR,1.3452888051982854,0.16,1.1852888051982855,-2.2650689853126593,-0.8890471928900304,1.3163980934222415,3.5827973578037966,5.036356258437246
mango_rmse_random,medium,2012-03-31,2013Q1,5,FFR,1.6712893354600267,0.14333333333333334,1.5279560021266934,-2.6460561469169006,-0.9585903192447391,1.7030685521581257,4.239818314853711,5.940190259298769
mango_rmse_random,medium,2012-03-31,2013Q2,6,FFR,1.8974957004388868,0.11666666666666665,1.7808290337722201,-2.9380812928412476,-1.014311100129968,1.8516758599200307,4.706553137086021,6.590165717045754
mango_rmse_random,medium,2012-03-31,2013Q3,7,FFR,2.1311792736845763,0.08333333333333333,2.047845940351243,-3.2086440956909668,-1.0531867348594108,2.163335241354769,5.244626290392715,7.152796584829862
mango_rmse_random,medium,2012-03-31,2013Q4,8,FFR,2.324817420983874,0.08666666666666667,2.238150754317207,-3.371167018343049,-1.0477236793091527,2.397967818661197,5.649733257093153,7.911355559335781
mango_rmse_random,medium,2012-03-31,2012Q1,1,GDP,951.2239740047324,969.1529212860218,-17.92894728128931,949.8742621482302,950.3946047676732,951.2025644290966,952.0687287213511,952.577928949068
mango_rmse_random,medium,2012-03-31,2012Q2,2,GDP,951.9855827777136,969.6077453782113,-17.622162600497745,949.6997134298022,950.6975031605887,951.9860491471142,953.3339278271961,954.2195052056751
mango_rmse_random,medium,2012-03-31,2012Q3,3,GDP,952.6621573292708,969.7824756135876,-17.120318284316795,949.6961177117588,950.8748052125308,952.6735986786002,954.4661850338371,955.6823596799712
mango_rmse_random,medium,2012-03-31,2012Q4,4,GDP,953.3166597820082,969.8922534031813,-16.575593621173084,949.6413178461099,951.0915605503582,953.3390933548814,955.5737637938073,957.0049688587629
mango_rmse_random,medium,2012-03-31,2013Q1,5,GDP,953.9600970338996,970.7562992997954,-16.796202265895772,949.6419465468385,951.4021120703147,953.9331962231602,956.5458106412701,958.2652512387991
mango_rmse_random,medium,2012-03-31,2013Q2,6,GDP,954.5644382731463,970.8955874685364,-16.33114919539014,949.6626696055024,951.6448984087642,954.6168089097623,957.4859948231319,959.3449576143838
mango_rmse_random,medium,2012-03-31,2013Q3,7,GDP,955.0748342047515,971.6841237441809,-16.60928953942937,949.5898917353624,951.7534748911817,955.0930641644896,958.3813752888594,960.4135307760203
mango_rmse_random,medium,2012-03-31,2013Q4,8,GDP,955.5497668474242,972.3927778506837,-16.843011003259562,949.5408940674896,951.89924874486,955.5816940276185,959.0683605087186,961.5415079503011
mango_rmse_random,medium,2012-03-31,2012Q1,1,HOURS,456.76745714096177,459.8326823506083,-3.0652252096465418,455.47574332926376,455.99022019441844,456.75689801613964,457.5451796375304,458.0060456731322
mango_rmse_random,medium,2012-03-31,2012Q2,2,HOURS,457.2538825941875,460.00571366012684,-2.7518310659393705,454.957557603882,455.87599872759904,457.2295069621914,458.67689469876353,459.60955188039213
mango_rmse_random,medium,2012-03-31,2012Q3,3,HOURS,457.75672011759406,460.5260181938334,-2.7692980762393518,454.4196360064554,455.72967598231014,457.7266908123355,459.8065670881444,461.16315379899214
mango_rmse_random,medium,2012-03-31,2012Q4,4,HOURS,458.24727283771506,461.10130829713495,-2.8540354594198902,454.02152314667046,455.6228338130889,458.21448931119124,460.79568451926264,462.69277100224707
mango_rmse_random,medium,2012-03-31,2013Q1,5,HOURS,458.7082313052476,461.53185170399064,-2.82362039874306,453.6609515786576,455.62743256153914,458.6503833431973,461.7887977284418,463.9599943167699
mango_rmse_random,medium,2012-03-31,2013Q2,6,HOURS,459.08155860151055,461.94181992532924,-2.8602613238186905,453.1742442002294,455.4168486036702,459.0201758398989,462.6027453003367,465.1353619111827
mango_rmse_random,medium,2012-03-31,2013Q3,7,HOURS,459.36624303355546,462.46198098094044,-3.0957379473849755,452.60112475364434,455.2265380312996,459.3928874088292,463.39456236728364,466.0367173489027
mango_rmse_random,medium,2012-03-31,2013Q4,8,HOURS,459.60511014911907,462.7313209673723,-3.1262108182532415,452.210409266861,455.228027324803,459.6666533368126,464.1380299065577,466.9570846210713
mango_rmse_random,medium,2012-03-31,2012Q1,1,INV,755.1135740432393,785.4442132351122,-30.330639191872933,747.7924784372697,750.7609174131285,755.2022477370758,759.4490306684601,762.3922840697732
mango_rmse_random,medium,2012-03-31,2012Q2,2,INV,756.6948690331539,787.7205662515095,-31.025697218355617,744.9491680831361,749.8152659916409,756.7896836745384,763.3655330538709,767.8303600701812
mango_rmse_random,medium,2012-03-31,2012Q3,3,INV,758.3388727962397,788.1733240404119,-29.834451244172215,743.4261487921142,749.4726156245451,758.2852970392507,767.0949732402576,773.2355120107849
mango_rmse_random,medium,2012-03-31,2012Q4,4,INV,759.563799011647,787.2799983894643,-27.716199377817247,742.0656170518656,749.205713543152,759.6036760129291,770.2664214423634,776.5450400007106
mango_rmse_random,medium,2012-03-31,2013Q1,5,INV,761.3259390591888,790.9407961623422,-29.614857103153327,741.5074441867862,748.7469109523464,761.457668136667,773.5754761078244,781.4571407710191
mango_rmse_random,medium,2012-03-31,2013Q2,6,INV,762.4898657332067,792.0532589341361,-29.563393200929454,738.5722513300092,748.6486270918646,762.7890322256995,776.2435341566729,784.5528806554536
mango_rmse_random,medium,2012-03-31,2013Q3,7,INV,763.1025566995372,795.8489837086637,-32.74642700912648,736.8838115817866,747.4819516724156,763.6743056353819,777.9640400822593,788.1006735245584
mango_rmse_random,medium,2012-03-31,2013Q4,8,INV,763.6157589132923,796.2111558645706,-32.5953969512783,736.0484882199844,746.5681302921009,763.9177064020269,779.8784918999577,791.1448171236576
mango_rmse_random,medium,2012-03-31,2012Q1,1,WAGE,463.871375363132,460.1924925823062,3.678882780825802,462.67200900460165,463.1569547151105,463.8777310648939,464.58596215309973,465.0614945064272
mango_rmse_random,medium,2012-03-31,2012Q2,2,WAGE,463.8762643014749,460.5460143946219,3.3302499068529983,462.20267444213385,462.809273656599,463.86933378534343,464.944989440279,465.62927436867267
mango_rmse_random,medium,2012-03-31,2012Q3,3,WAGE,463.96148222799854,460.04490589855556,3.9165763294429894,461.8726113608642,462.75199237903183,463.9259165738655,465.2573013469488,466.0255224125573
mango_rmse_random,medium,2012-03-31,2012Q4,4,WAGE,463.9677090775812,461.94181992532924,2.0258891522519775,461.50306924828647,462.4958004827153,463.96487445131754,465.4425603182482,466.47399384504087
mango_rmse_random,medium,2012-03-31,2013Q1,5,WAGE,463.9529671509667,460.02983377843236,3.9231333725343234,461.04759666961064,462.2552874788888,463.9588816389282,465.63704185268153,466.8130835076349
mango_rmse_random,medium,2012-03-31,2013Q2,6,WAGE,463.96989894911883,460.8375044937003,3.1323944554185346,460.7828314739955,462.111190867252,463.9767245528154,465.8660379371055,467.2211025405117
mango_rmse_random,medium,2012-03-31,2013Q3,7,WAGE,464.0172425549825,460.07403889087055,3.943203664111934,460.5112076574448,461.960789264142,464.0699951878966,466.0917935893284,467.54023460380176
mango_rmse_random,medium,2012-03-31,2013Q4,8,WAGE,464.0426164001073,460.4549993708612,3.5876170292461325,460.2473049603686,461.78515855968135,464.07146732533965,466.31943257250646,467.88334501056255
mango_rmse_random,medium,2012-06-30,2012Q2,1,CONS,917.1456578478602,930.8376469452386,-13.691989097378382,916.238843748447,916.5532163428171,917.1494327126003,917.7229620742005,918.0980661437552
mango_rmse_random,medium,2012-06-30,2012Q3,2,CONS,917.8158223475239,931.0399982629759,-13.224175915452065,916.3075080024705,916.9008710553741,917.8066395865646,918.766312586479,919.3682949617926
mango_rmse_random,medium,2012-06-30,2012Q4,3,CONS,918.4306385890695,931.437285619049,-13.00664702997949,916.2298019816739,917.1219646008825,918.4153839258211,919.7475707869145,920.6852651130923
mango_rmse_random,medium,2012-06-30,2013Q1,4,CONS,919.0684319926049,931.9686225614282,-12.900190568823291,916.2050563532732,917.3470124619665,919.0721598621165,920.794848712337,921.9296090644546
mango_rmse_random,medium,2012-06-30,2013Q2,5,CONS,919.6303610001457,932.1223838026934,-12.492022802547694,916.0358216992261,917.4885369211183,919.647704935458,921.791460603637,923.2394828983829
mango_rmse_random,medium,2012-06-30,2013Q3,6,CONS,920.1372070203258,932.4955461653029,-12.358339144977094,915.7298402467196,917.6162652330434,920.1199596767972,922.7177176609503,924.4053014851881
mango_rmse_random,medium,2012-06-30,2013Q4,7,CONS,920.644943573167,933.2938463290335,-12.648902755866516,915.5729128281912,917.6321065330535,920.6592218059288,923.6933526308391,925.6852030438076
mango_rmse_random,medium,2012-06-30,2014Q1,8,CONS,921.1112592686494,933.6764719277527,-12.565212659103281,915.452637049209,917.7160219927111,921.0526562591701,924.5147591945894,926.8715330718425
mango_rmse_random,medium,2012-06-30,2012Q2,1,DEFL,474.634135052762,460.2296059641123,14.404529088649724,473.90821475336304,474.17023842752684,474.6391785657535,475.1005818108933,475.3946395216158
mango_rmse_random,medium,2012-06-30,2012Q3,2,DEFL,475.0644040875385,460.74675450367744,14.317649583861055,473.79258771373105,474.25206033644145,475.0721163136157,475.8414635033187,476.3462002061342
mango_rmse_random,medium,2012-06-30,2012Q4,3,DEFL,475.5174368002579,461.25230870332746,14.265128096930425,473.62388791297735,474.3247199411565,475.5492320618173,476.6658992172226,477.46066507516326
mango_rmse_random,medium,2012-06-30,2013Q1,4,DEFL,476.00766616225474,461.651558288791,14.356107873463714,473.36108594717535,474.40538662027484,476.03320486452697,477.5804198170698,478.69997809360507
mango_rmse_random,medium,2012-06-30,2013Q2,5,DEFL,476.52204728375716,461.93491871613605,14.587128567621107,473.0663732950286,474.4390519065111,476.5230349228602,478.5600702379606,479.9740158024963
mango_rmse_random,medium,2012-06-30,2013Q3,6,DEFL,477.0700451507121,462.40508197513793,14.664963175574144,472.78304158778127,474.49074809410314,477.06630685973204,479.56134139565063,481.4828268340779
mango_rmse_random,medium,2012-06-30,2013Q4,7,DEFL,477.6300687520671,463.00091293350107,14.629155818566005,472.3903260095744,474.44607664375195,477.5832124561292,480.6990474647287,482.9632279090953
mango_rmse_random,medium,2012-06-30,2014Q1,8,DEFL,478.18587364132594,463.41657228293434,14.769301358391601,471.9063720682681,474.3350373512727,478.18225364597356,481.85086226872863,484.4850126373133
mango_rmse_random,medium,2012-06-30,2012Q2,1,FFR,0.43022751786052416,0.15333333333333335,0.27689418452719083,-1.1165296273783798,-0.5530224885844643,0.44194797677378483,1.3739682326436315,1.9288627611868816
mango_rmse_random,medium,2012-06-30,2012Q3,2,FFR,0.7279414309500969,0.14333333333333334,0.5846080976167636,-1.67974306073976,-0.7193824696926213,0.7311984752965688,2.192562066759753,3.197996063141566
mango_rmse_random,medium,2012-06-30,2012Q4,3,FFR,0.9666567684077138,0.16,0.8066567684077137,-2.0175060330902395,-0.9179072118236414,0.9222716336010165,2.8101796177961496,4.0822706355033
mango_rmse_random,medium,2012-06-30,2013Q1,4,FFR,1.2491541430442676,0.14333333333333334,1.1058208097109343,-2.3495608817025064,-1.0302148288511757,1.2266145366192833,3.5515093858028846,4.865918889749234
mango_rmse_random,medium,2012-06-30,2013Q2,5,FFR,1.547855119012434,0.11666666666666665,1.4311884523457674,-2.649650037763039,-1.0498212442122121,1.5216326841111982,4.121346579931051,5.798408904962059
mango_rmse_random,medium,2012-06-30,2013Q3,6,FFR,1.7560997170664059,0.08333333333333333,1.6727663837330726,-2.9406032206035717,-1.02531707713158,1.7167983847796406,4.605557497832651,6.484312443944189
mango_rmse_random,medium,2012-06-30,2013Q4,7,FFR,1.94138793182094,0.08666666666666667,1.8547212651542733,-3.1162287532692377,-1.2409217792611147,1.9423136342738063,5.087165227378156,7.0107183742505965
mango_rmse_random,medium,2012-06-30,2014Q1,8,FFR,2.1243031601770315,0.07333333333333335,2.050969826843698,-3.484497194081768,-1.291166581889481,2.1434051029520758,5.515778219780206,7.7207952419226435
mango_rmse_random,medium,2012-06-30,2012Q2,1,GDP,951.886370964945,969.6077453782113,-17.721374413266403,950.5362791728807,951.0725101434743,951.8762028145479,952.7321268218974,953.2693154586436
mango_rmse_random,medium,2012-06-30,2012Q3,2,GDP,952.675759366396,969.7824756135876,-17.10671624719157,950.5695964297731,951.3411518600318,952.7179819286314,953.9872662804247,954.7997960341972
mango_rmse_random,medium,2012-06-30,2012Q4,3,GDP,953.394179873445,969.8922534031813,-16.498073529736303,950.3026134799308,951.6519392830801,953.3973716335727,955.1912931168885,956.2542586087842
mango_rmse_random,medium,2012-06-30,2013Q1,4,GDP,954.0908187771952,970.7562992997954,-16.665480522600205,950.3876071053436,951.834920775566,954.1032332937243,956.264052589148,957.5786811973803
mango_rmse_random,medium,2012-06-30,2013Q2,5,GDP,954.7599189716293,970.8955874685364,-16.1356684969071,950.3981778363801,952.144271882111,954.7975570677528,957.3132845962657,959.0339089974603
mango_rmse_random,medium,2012-06-30,2013Q3,6,GDP,955.3417770311935,971.6841237441809,-16.342346712987364,950.2771687349804,952.3439478488868,955.3713062626048,958.2183591359194,960.3165629994684
mango_rmse_random,medium,2012-06-30,2013Q4,7,GDP,955.884306600918,972.3927778506837,-16.508471249765762,950.2208658945926,952.5599054359623,955.9040660293806,959.2189686373164,961.530396923623
mango_rmse_random,medium,2012-06-30,2014Q1,8,GDP,956.3847309046051,972.0420537957549,-15.65732289114976,950.1290986865955,952.6384134813521,956.4170638598313,959.9789945201185,962.5845864250715
mango_rmse_random,medium,2012-06-30,2012Q2,1,HOURS,457.57223287395243,460.00571366012684,-2.433480786174414,456.3315487489157,456.7822880845709,457.5691301974218,458.3770033363657,458.8545482363473
mango_rmse_random,medium,2012-06-30,2012Q3,2,HOURS,458.1754963556334,460.5260181938334,-2.3505218381999953,455.8717910852925,456.8720722111679,458.1544892521363,459.5356181338512,460.48826468864934
mango_rmse_random,medium,2012-06-30,2012Q4,3,HOURS,458.7183508120131,461.10130829713495,-2.3829574851218354,455.46329256820894,456.7469673577155,458.7427107211555,460.67902868249297,461.94414650958754
mango_rmse_random,medium,2012-06-30,2013Q1,4,HOURS,459.23531095100384,461.53185170399064,-2.2965407529868003,454.99998838523146,456.76473760765765,459.17389554441945,461.8055579391827,463.3383692692272
mango_rmse_random,medium,2012-06-30,2013Q2,5,HOURS,459.74345414339746,461.94181992532924,-2.198365781931784,454.62126216286333,456.78033875132184,459.70305194206844,462.81755463514736,464.7485957602083
mango_rmse_random,medium,2012-06-30,2013Q3,6,HOURS,460.154073411189,462.46198098094044,-2.3079075697514213,454.2788888990195,456.6118589570473,460.0390580946085,463.76321808885154,466.17380030383606
mango_rmse_random,medium,2012-06-30,2013Q4,7,HOURS,460.458456318696,462.7313209673723,-2.272864648676318,453.6067861850663,456.44244040015576,460.3894707302116,464.52184254843394,467.42625504858745
mango_rmse_random,medium,2012-06-30,2014Q1,8,HOURS,460.6948927884161,463.23280500304094,-2.537912214624839,453.30512975351667,456.25925978527533,460.61764823793385,465.12040890986174,468.4830291324206
mango_rmse_random,medium,2012-06-30,2012Q2,1,INV,757.5901654948941,787.7205662515095,-30.13040075661536,750.6384277939214,753.3480227855341,757.5125989725238,761.8261776831644,764.5083609169064
mango_rmse_random,medium,2012-06-30,2012Q3,2,INV,759.8869659032274,788.1733240404119,-28.286358137184493,748.5332363865197,753.2567924243355,759.9005087984312,766.5822463998934,770.5748199041582
mango_rmse_random,medium,2012-06-30,2012Q4,3,INV,761.6216246721352,787.2799983894643,-25.658373717329027,747.1161868379777,752.8972181187554,761.7115617708082,770.4508792309172,776.06917967868
mango_rmse_random,medium,2012-06-30,2013Q1,4,INV,763.2013819595404,790.9407961623422,-27.739414202801754,746.0212186153854,752.9257943475276,763.2225583135245,773.7387679736712,780.9361900108231
mango_rmse_random,medium,2012-06-30,2013Q2,5,INV,764.7380476997871,792.0532589341361,-27.31521123434902,744.2327719036584,752.4953783930233,764.7953179244219,776.8107646670753,784.3485126700488
mango_rmse_random,medium,2012-06-30,2013Q3,6,INV,765.7860903438716,795.8489837086637,-30.062893364792103,742.4943608218356,751.6749870630722,766.2843654374152,779.25992165176,787.7779454271507
mango_rmse_random,medium,2012-06-30,2013Q4,7,INV,766.5459213311931,796.2111558645706,-29.665234533377543,740.2823192979548,751.2653671344517,766.8196854897183,781.4314843966941,792.029866828245
mango_rmse_random,medium,2012-06-30,2014Q1,8,INV,767.0841118527488,795.0955980161558,-28.01148616340697,739.070533891221,750.0903913230186,767.3705112972682,783.3326871786351,794.8290247065819
mango_rmse_random,medium,2012-06-30,2012Q2,1,WAGE,462.42344339140726,460.5460143946219,1.8774289967853406,461.24449721188535,461.7062421805173,462.41854184472254,463.11832929338004,463.6117028490302
mango_rmse_random,medium,2012-06-30,2012Q3,2,WAGE,462.54630796251473,460.04490589855556,2.5014020639591763,460.8656262187045,461.5163051689568,462.528215806801,463.58442459349016,464.24020937454503
mango_rmse_random,medium,2012-06-30,2012Q4,3,WAGE,462.5098180956515,461.94181992532924,0.5679981703222552,460.39599078291604,461.28353063724364,462.48884358173405,463.7567249403765,464.57744747924966
mango_rmse_random,medium,2012-06-30,2013Q1,4,WAGE,462.517544338384,460.02983377843236,2.4877105599516653,460.05588925631235,461.0027603358166,462.5144701185793,464.02360212496063,464.9639498305735
mango_rmse_random,medium,2012-06-30,2013Q2,5,WAGE,462.52750663885945,460.8375044937003,1.6900021451591556,459.8049178980454,460.7561327464139,462.5338671078198,464.254158455027,465.38623420199707
mango_rmse_random,medium,2012-06-30,2013Q3,6,WAGE,462.52856282153624,460.07403889087055,2.4545239306656867,459.33294123250164,460.488460239363,462.54517161229603,464.4819821401865,465.7818336295831
mango_rmse_random,medium,2012-06-30,2013Q4,7,WAGE,462.59314968053735,460.4549993708612,2.1381503096761776,459.0634734915323,460.3873464216311,462.57734755580066,464.7998568729095,466.21372397000493
mango_rmse_random,medium,2012-06-30,2014Q1,8,WAGE,462.61342106270786,461.71778051123687,0.89564055147099,458.5595367428964,460.2399559814252,462.6517320346188,464.9621260291808,466.7374609098816
mango_rmse_random,medium,2012-09-30,2012Q3,1,CONS,917.390814471669,931.0399982629759,-13.649183791306882,916.4032754203574,916.8208516825827,917.3914029417248,917.9856044119273,918.3821044899424
mango_rmse_random,medium,2012-09-30,2012Q4,2,CONS,917.9881558334935,931.437285619049,-13.449129785555556,916.4589474021919,917.0492489473606,917.9750096835478,918.9130040697386,919.5675557259161
mango_rmse_random,medium,2012-09-30,2013Q1,3,CONS,918.5554705316946,931.9686225614282,-13.413152029733624,916.3816350956565,917.2474002975049,918.5390222328534,919.8527459937616,920.7632935824946
mango_rmse_random,medium,2012-09-30,2013Q2,4,CONS,919.0667344883275,932.1223838026934,-13.05564931436595,916.3321462477357,917.390365483143,919.0295837421302,920.8766924565142,921.9207991242714
mango_rmse_random,medium,2012-09-30,2013Q3,5,CONS,919.569253087649,932.4955461653029,-12.926293077653895,916.059569036055,917.4772945687913,919.5743230372559,921.7293413069898,923.0034873764848
mango_rmse_random,medium,2012-09-30,2013Q4,6,CONS,920.0439773873559,933.2938463290335,-13.249868941677619,915.770693351697,917.5713606892203,920.0754167075751,922.6442733826589,924.1031584299535
mango_rmse_random,medium,2012-09-30,2014Q1,7,CONS,920.5030697780493,933.6764719277527,-13.173402149703406,915.3315013842381,917.5591565228476,920.4793625276297,923.5867243419992,925.3530851568318
mango_rmse_random,medium,2012-09-30,2014Q2,8,CONS,920.9490521576831,934.6008205784117,-13.651768420728558,915.1581020183193,917.6178684955229,920.9784325879978,924.4109985307679,926.4134524434459
mango_rmse_random,medium,2012-09-30,2012Q3,1,DEFL,474.9557887758524,460.74675450367744,14.20903427217496,474.1791614867255,474.48295045591135,474.9654651638058,475.4131049357841,475.7230741838458
mango_rmse_random,medium,2012-09-30,2012Q4,2,DEFL,475.38920319711616,461.25230870332746,14.136894493788702,474.058777247133,474.59864016954896,475.38934315646526,476.17686647398057,476.72366051899036
mango_rmse_random,medium,2012-09-30,2013Q1,3,DEFL,475.85432617594944,461.651558288791,14.202767887158416,473.90238953841913,474.65654303616606,475.866592580596,477.0620681748962,477.7432720964718
mango_rmse_random,medium,2012-09-30,2013Q2,4,DEFL,476.31727856499936,461.93491871613605,14.382359848863302,473.7133196690448,474.70771127254056,476.2934271856427,477.9654123976477,478.85948247881095
mango_rmse_random,medium,2012-09-30,2013Q3,5,DEFL,476.81213040144104,462.40508197513793,14.407048426303106,473.47210624825055,474.70199831929125,476.79343631269563,478.9401457510295,480.2588076413623
mango_rmse_random,medium,2012-09-30,2013Q4,6,DEFL,477.3316319592776,463.00091293350107,14.330719025776546,473.22481290069175,474.6814921145333,477.26631599954874,479.9632425105032,481.689066130147
mango_rmse_random,medium,2012-09-30,2014Q1,7,DEFL,477.8686742905829,463.41657228293434,14.452102007648534,472.7886269175833,474.69385540867216,477.7733833727949,481.05738734278737,483.24989576604014
mango_rmse_random,medium,2012-09-30,2014Q2,8,DEFL,478.41508934960314,463.9813129431631,14.433776406440018,472.42536219363905,474.6120055433802,478.34405245285694,482.1436237283821,484.84743903082
mango_rmse_random,medium,2012-09-30,2012Q3,1,FFR,0.1968345655229273,0.14333333333333334,0.05350123218959396,-1.308549952990332,-0.7461315660028851,0.1736879807509596,1.105432077855243,1.8307159585165158
mango_rmse_random,medium,2012-09-30,2012Q4,2,FFR,0.39786404308095374,0.16,0.23786404308095374,-1.9443603816939026,-1.0817184502155792,0.3882188414287782,1.8515655326280902,2.913047134283692
mango_rmse_random,medium,2012-09-30,2013Q1,3,FFR,0.6005934063288246,0.14333333333333334,0.4572600729954913,-2.437784022947285,-1.1750306968279203,0.5650006588994315,2.4498927245647697,3.7000584891265844
mango_rmse_random,medium,2012-09-30,2013Q2,4,FFR,0.8543127996816245,0.11666666666666665,0.7376461330149578,-2.7590612209975,-1.3083339957318938,0.8018808742566489,3.079987217975105,4.529368567524394
mango_rmse_random,medium,2012-09-30,2013Q3,5,FFR,1.0941233814622304,0.08333333333333333,1.0107900481288972,-2.998396688113622,-1.4331319100788322,1.0633046895833869,3.5900298344507204,5.286351972022805
mango_rmse_random,medium,2012-09-30,2013Q4,6,FFR,1.3113215317730709,0.08666666666666667,1.2246548651064042,-3.454914275947305,-1.5318808071934804,1.2520304564643574,4.200924793452275,6.138785306835553
mango_rmse_random,medium,2012-09-30,2014Q1,7,FFR,1.511848242132385,0.07333333333333335,1.4385149087990516,-3.654572970963872,-1.5447955053482505,1.5066938320089949,4.6896228878323,6.7034694955718175
mango_rmse_random,medium,2012-09-30,2014Q2,8,FFR,1.6752709730453461,0.09333333333333334,1.5819376397120128,-3.953884545305192,-1.7589441612323706,1.6392450104748588,4.992614568927882,7.5431758839411955
mango_rmse_random,medium,2012-09-30,2012Q3,1,GDP,951.8893952474145,969.7824756135876,-17.89308036617308,950.5007128035774,951.0743665929408,951.8772367205557,952.6971352478221,953.266796125732
mango_rmse_random,medium,2012-09-30,2012Q4,2,GDP,952.5300322890026,969.8922534031813,-17.362221114178624,950.4004614331454,951.169057996092,952.5526992961209,953.8486998150942,954.7981893490995
mango_rmse_random,medium,2012-09-30,2013Q1,3,GDP,953.2311887368112,970.7562992997954,-17.525110562984196,950.3333960771347,951.4558419822201,953.241410008554,954.9985251450418,956.13279970292
mango_rmse_random,medium,2012-09-30,2013Q2,4,GDP,953.8752765333279,970.8955874685364,-17.0203109352085,950.258679320184,951.6953379254326,953.9130748678967,956.0389673827153,957.4638971992867
mango_rmse_random,medium,2012-09-30,2013Q3,5,GDP,954.4850096503817,971.6841237441809,-17.199114093799153,950.2389379280183,952.01208494453,954.4801168789652,957.1328087265819,958.7577621886173
mango_rmse_random,medium,2012-09-30,2013Q4,6,GDP,955.0371644135512,972.3927778506837,-17.355613437132547,950.2516189097342,952.1601471412683,955.071464990551,957.9938551311534,959.8193922041222
mango_rmse_random,medium,2012-09-30,2014Q1,7,GDP,955.5703709741647,972.0420537957549,-16.471682821590207,950.18184138051,952.319219686728,955.5869914499322,958.9553800548726,960.9553621148957
mango_rmse_random,medium,2012-09-30,2014Q2,8,GDP,956.0595978026217,973.318007678534,-17.258409875912207,949.8858643464183,952.4046867166219,956.1325737469524,959.7563836717003,962.0936992747595
mango_rmse_random,medium,2012-09-30,2012Q3,1,HOURS,457.2563836580739,460.5260181938334,-3.269634535759508,455.9567722107723,456.47948861081915,457.2553929054111,458.03526071874006,458.50868852924833
mango_rmse_random,medium,2012-09-30,2012Q4,2,HOURS,457.5299689485399,461.10130829713495,-3.5713393485950746,455.2449503025669,456.0851175637332,457.5497326006305,458.92530527410537,459.91498550888616
mango_rmse_random,medium,2012-09-30,2013Q1,3,HOURS,457.9300171279913,461.53185170399064,-3.601834575999362,454.67751122232426,455.9593456690952,457.94829299270725,459.8984560427447,461.0734894155154
mango_rmse_random,medium,2012-09-30,2013Q2,4,HOURS,458.33827363825844,461.94181992532924,-3.603546287070799,454.1738944876255,455.8476513351208,458.31300783232894,460.7966318135782,462.44997751100635
mango_rmse_random,medium,2012-09-30,2013Q3,5,HOURS,458.74822908521435,462.46198098094044,-3.713751895726091,453.7154512512201,455.73251858805463,458.7740623839743,461.77318633089544,463.6684751473744
mango_rmse_random,medium,2012-09-30,2013Q4,6,HOURS,459.10880414960553,462.7313209673723,-3.6225168177667797,453.1267950234805,455.6972264462463,459.1665169987306,462.4929368981075,464.77555540935276
mango_rmse_random,medium,2012-09-30,2014Q1,7,HOURS,459.4107157666061,463.23280500304094,-3.822089236434863,452.764138231203,455.5439506335231,459.4890599992151,463.15674901832966,465.97565067432527
mango_rmse_random,medium,2012-09-30,2014Q2,8,HOURS,459.6130117451547,464.0228401803155,-4.409828435160762,452.16693808531534,455.27682115455445,459.6535045530285,463.75229904361987,466.8765340507777
mango_rmse_random,medium,2012-09-30,2012Q3,1,INV,754.7316068250275,788.1733240404119,-33.441717215384415,747.7832113569464,750.507128873356,754.6214537922649,758.9769750343678,761.8553439396086
mango_rmse_random,medium,2012-09-30,2012Q4,2,INV,755.4496254293632,787.2799983894643,-31.830372960101045,744.440315948884,749.0014174885376,755.2147315674067,762.1512312998514,766.6288230752492
mango_rmse_random,medium,2012-09-30,2013Q1,3,INV,757.1583070215196,790.9407961623422,-33.78248914082258,742.5904576009236,748.7288448747876,757.3378596425034,765.6235078107775,771.0756690685572
mango_rmse_random,medium,2012-09-30,2013Q2,4,INV,758.8403033165011,792.0532589341361,-33.212955617634975,741.1379632815289,748.8490831002929,759.2045497218162,769.0536871858579,774.7062139516119
mango_rmse_random,medium,2012-09-30,2013Q3,5,INV,760.426625868766,795.8489837086637,-35.4223578398977,740.3781990446814,749.0382329036611,760.7543803115013,772.037182719344,778.5842231096584
mango_rmse_random,medium,2012-09-30,2013Q4,6,INV,761.4808523645893,796.2111558645706,-34.730303499981346,739.4775821568413,748.5244690207707,761.484056354805,774.6592396444069,782.5753928438905
mango_rmse_random,medium,2012-09-30,2014Q1,7,INV,762.3207251598695,795.0955980161558,-32.774872856286265,738.1015234342352,748.44456267735,762.3182380951247,776.5838259720589,786.1662816896652
mango_rmse_random,medium,2012-09-30,2014Q2,8,INV,762.8628483916625,799.2291631512261,-36.36631475956358,736.0977250455869,747.3945405978864,762.8458418423736,778.8388049329218,788.1811453179004
mango_rmse_random,medium,2012-09-30,2012Q3,1,WAGE,463.7957534417284,460.04490589855556,3.7508475431728243,462.63558617552405,463.08724100082685,463.7792311458758,464.5120653334794,465.0014168205224
mango_rmse_random,medium,2012-09-30,2012Q4,2,WAGE,463.84352406097383,461.94181992532924,1.901704135644593,462.2301010911036,462.8059405040295,463.84412644529823,464.8649762415707,465.51428706017094
mango_rmse_random,medium,2012-09-30,2013Q1,3,WAGE,463.8775868637733,460.02983377843236,3.847753085340912,461.81906137125935,462.64296309386907,463.88396145665524,465.10563811065134,466.00804172504183
mango_rmse_random,medium,2012-09-30,2013Q2,4,WAGE,463.89604387215405,460.8375044937003,3.0585393784537587,461.39770589458186,462.4350148305796,463.8959085103531,465.3734104606963,466.38657602466685
mango_rmse_random,medium,2012-09-30,2013Q3,5,WAGE,463.9237377993198,460.07403889087055,3.849698908449227,461.0991922387152,462.22320303386346,463.9686663252445,465.6286224126558,466.7640646700045
mango_rmse_random,medium,2012-09-30,2013Q4,6,WAGE,463.9620189733651,460.4549993708612,3.507019602503931,460.7834549061665,461.98111533463225,464.01859294403806,465.85907934489853,467.1489048563619
mango_rmse_random,medium,2012-09-30,2014Q1,7,WAGE,463.98253129892885,461.71778051123687,2.2647507876919803,460.3895335355702,461.8545775919579,464.0465888729268,466.1604794257734,467.4121558911204
mango_rmse_random,medium,2012-09-30,2014Q2,8,WAGE,464.0270794283258,460.65692069017985,3.3701587381459603,460.217679664396,461.6785491595796,464.05923856489323,466.3209048350383,467.69167933539774
mango_rmse_random,medium,2012-12-31,2012Q4,1,CONS,917.7837373629766,931.437285619049,-13.65354825607244,916.8394726031293,917.226775163428,917.7858567389261,918.3487559202621,918.7496658521497
mango_rmse_random,medium,2012-12-31,2013Q1,2,CONS,918.2479204861829,931.9686225614282,-13.720702075245299,916.7116359190842,917.3227593007222,918.2609284397195,919.1824290010182,919.7288021767935
mango_rmse_random,medium,2012-12-31,2013Q2,3,CONS,918.6669067109281,932.1223838026934,-13.455477091765374,916.4973026316271,917.355042368044,918.6855100235737,919.9476312125702,920.8717827214525
mango_rmse_random,medium,2012-12-31,2013Q3,4,CONS,919.1389351738387,932.4955461653029,-13.356610991464208,916.191832379896,917.4089887539785,919.1737195159327,920.8470581051812,922.0094153105346
mango_rmse_random,medium,2012-12-31,2013Q4,5,CONS,919.5727654096073,933.2938463290335,-13.721080919426186,915.9258586751004,917.4872227626037,919.5290432532775,921.7079849751335,923.1584830955965
mango_rmse_random,medium,2012-12-31,2014Q1,6,CONS,919.9952384518738,933.6764719277527,-13.681233475878912,915.5896494142464,917.4866986388113,919.963172787685,922.6158588089924,924.1982473034232
mango_rmse_random,medium,2012-12-31,2014Q2,7,CONS,920.4206420595646,934.6008205784117,-14.180178518847129,915.4706131372847,917.5005533640776,920.3763133379557,923.4220918456047,925.2720166011767
mango_rmse_random,medium,2012-12-31,2014Q3,8,CONS,920.8375187315868,935.5797543960106,-14.742235664423788,915.2643269874192,917.5505492887745,920.7066368078841,924.2030312829276,926.5054187696911
mango_rmse_random,medium,2012-12-31,2012Q4,1,DEFL,475.6930427444601,461.25230870332746,14.440734041132657,474.9658976189157,475.2419688117267,475.6956600118201,476.15755271139915,476.4669915756323
mango_rmse_random,medium,2012-12-31,2013Q1,2,DEFL,476.2676053994441,461.651558288791,14.616047110653085,474.9867239564869,475.5009939145688,476.2719356533156,477.02480979236736,477.5527950270917
mango_rmse_random,medium,2012-12-31,2013Q2,3,DEFL,476.8340181580891,461.93491871613605,14.89909944195307,474.96550819589055,475.72420376035114,476.83168335134803,477.95943258880936,478.74805937810186
mango_rmse_random,medium,2012-12-31,2013Q3,4,DEFL,477.42484980881335,462.40508197513793,15.019767833675417,474.8586251335763,475.86477579363094,477.3924627212292,479.00981557604064,480.0507593209843
mango_rmse_random,medium,2012-12-31,2013Q4,5,DEFL,478.002503905007,463.00091293350107,15.001590971505948,474.628223065735,475.9710043075722,478.02690933424793,480.0366623223141,481.3703038460622
mango_rmse_random,medium,2012-12-31,2014Q1,6,DEFL,478.60356671130876,463.41657228293434,15.186994428374419,474.4784671062323,476.06648991000424,478.62573510863865,481.1269163084975,482.82151144569997
mango_rmse_random,medium,2012-12-31,2014Q2,7,DEFL,479.21839969806524,463.9813129431631,15.237086754902123,474.21398026293366,476.15784047251833,479.2252596940488,482.2385796796077,484.35378905242743
mango_rmse_random,medium,2012-12-31,2014Q3,8,DEFL,479.8320187575187,464.4169720837101,15.415046673808604,473.8164783161034,476.1866103516236,479.8078564380714,483.3904399996206,485.91195573544564
mango_rmse_random,medium,2012-12-31,2012Q4,1,FFR,0.37999335761095454,0.16,0.21999335761095454,-1.118614909352705,-0.5442523066977201,0.3772042445574985,1.286483390538157,1.9436950104510096
mango_rmse_random,medium,2012-12-31,2013Q1,2,FFR,0.7309201715239774,0.14333333333333334,0.5875868381906441,-1.7194632174460862,-0.6791033656697837,0.7663712366373174,2.0895036646498872,3.115379029676224
mango_rmse_random,medium,2012-12-31,2013Q2,3,FFR,0.9497718814045238,0.11666666666666665,0.8331052147378571,-2.0142868615410765,-0.8154565285007181,0.9308406173650688,2.702079814931961,3.9252305066922846
mango_rmse_random,medium,2012-12-31,2013Q3,4,FFR,1.1594757147691956,0.08333333333333333,1.0761423814358624,-2.3447114921153975,-1.0020401367321452,1.181358136614829,3.2677375010561964,4.7032003260613235
mango_rmse_random,medium,2012-12-31,2013Q4,5,FFR,1.3984309611640624,0.08666666666666667,1.3117642944973957,-2.742152752472477,-1.07552237722869,1.4085615204411028,3.825836219916647,5.464336630753721
mango_rmse_random,medium,2012-12-31,2014Q1,6,FFR,1.557210772802191,0.07333333333333335,1.4838774394688576,-3.0756282811712454,-1.2397854213794808,1.5694678391449992,4.2087740305186365,6.101352008629458
mango_rmse_random,medium,2012-12-31,2014Q2,7,FFR,1.699375336933397,0.09333333333333334,1.6060420036000638,-3.2574111463196194,-1.4137339794795667,1.6950874481105038,4.677054221120123,6.810111791332874
mango_rmse_random,medium,2012-12-31,2014Q3,8,FFR,1.8053728434638676,0.09000000000000001,1.7153728434638675,-3.743630726096288,-1.5215878538708654,1.8199154861550642,5.132319901963851,7.296312443304979
mango_rmse_random,medium,2012-12-31,2012Q4,1,GDP,952.714266807195,969.8922534031813,-17.177986595986226,951.4257404258024,951.9424201376846,952.7056888352467,953.4943207807814,954.0646921599431
mango_rmse_random,medium,2012-12-31,2013Q1,2,GDP,953.3403105594871,970.7562992997954,-17.415988740308308,951.289966366114,952.07475687734,953.320890376829,954.6259835945303,955.3656759350594
mango_rmse_random,medium,2012-12-31,2013Q2,3,GDP,953.8960790823763,970.8955874685364,-16.999508386160073,951.1052108292822,952.1421538721039,953.8837849512147,955.6312352531062,956.7593266427862
mango_rmse_random,medium,2012-12-31,2013Q3,4,GDP,954.445710748585,971.6841237441809,-17.23841299559581,950.8933634078363,952.2292170645773,954.4011968160262,956.562705982077,958.0195468045341
mango_rmse_random,medium,2012-12-31,2013Q4,5,GDP,954.9746841047928,972.3927778506837,-17.41809374589093,950.7411815866382,952.4334929513059,954.9871827018655,957.4354822539215,959.2690025469905
mango_rmse_random,medium,2012-12-31,2014Q1,6,GDP,955.4419408591338,972.0420537957549,-16.600112936621144,950.6886095143067,952.5321820957522,955.4504232744201,958.3078771508893,960.2842880433844
mango_rmse_random,medium,2012-12-31,2014Q2,7,GDP,955.9074108302893,973.318007678534,-17.41059684824461,950.6209152418063,952.6948677651706,955.9029018435783,959.0613725291508,961.3886819121911
mango_rmse_random,medium,2012-12-31,2014Q3,8,GDP,956.361384723913,974.4762358890149,-18.114851165101868,950.6032885740024,952.8202681027817,956.2988732330348,959.8539018893804,962.4419297203106
mango_rmse_random,medium,2012-12-31,2012Q4,1,HOURS,457.5841111154226,461.10130829713495,-3.5171971817123335,456.2907884069122,456.79736494964146,457.60389984685173,458.3565794529895,458.8404154333623
mango_rmse_random,medium,2012-12-31,2013Q1,2,HOURS,457.93759409832705,461.53185170399064,-3.5942576056635858,455.6703837394325,456.5717252870101,457.9263724119128,459.2890435020283,460.21912007116975
mango_rmse_random,medium,2012-12-31,2013Q2,3,HOURS,458.2953085890521,461.94181992532924,-3.646511336277115,455.0331452483553,456.3338533466598,458.2604499847905,460.33155976514115,461.51198752787207
mango_rmse_random,medium,2012-12-31,2013Q3,4,HOURS,458.6169850840715,462.46198098094044,-3.8449958968689657,454.522664040217,456.0850887338495,458.5975009807023,461.17609288615296,462.78909851836175
mango_rmse_random,medium,2012-12-31,2013Q4,5,HOURS,458.89546098928224,462.7313209673723,-3.8358599780900704,454.01512162056247,455.76047018170624,458.9047064846334,461.840281559817,463.9829664951918
mango_rmse_random,medium,2012-12-31,2014Q1,6,HOURS,459.1347945605303,463.23280500304094,-4.098010442510656,453.3403277051179,455.63363647327554,459.12454599418106,462.58341391788946,464.98099942389064
mango_rmse_random,medium,2012-12-31,2014Q2,7,HOURS,459.3670041618844,464.0228401803155,-4.655836018431103,452.8227055200528,455.4646115591929,459.3821526001641,463.17126707566814,465.80418759011474
mango_rmse_random,medium,2012-12-31,2014Q3,8,HOURS,459.54301730368445,464.76260450244837,-5.219587198763918,452.571810974363,455.32424053255585,459.49881422363507,463.77461802447425,466.66460214663084
mango_rmse_random,medium,2012-12-31,2012Q4,1,INV,756.6643841954399,787.2799983894643,-30.615614194024374,749.7668484909154,752.4001332830497,756.6565960733321,760.8316279292984,763.5539970859083
mango_rmse_random,medium,2012-12-31,2013Q1,2,INV,758.5112029308489,790.9407961623422,-32.4295932314933,747.6133934427374,751.9333049119844,758.5481029342279,765.2665930594446,769.3002994379797
mango_rmse_random,medium,2012-12-31,2013Q2,3,INV,759.8887487530227,792.0532589341361,-32.16451018111343,745.7185672779932,751.4865499353596,759.8770336927593,768.6049070053976,774.0603624794086
mango_rmse_random,medium,2012-12-31,2013Q3,4,INV,760.8390363057155,795.8489837086637,-35.00994740294823,743.3692473263333,750.7069825944379,760.6302380610539,771.3188478684164,777.8379738065901
mango_rmse_random,medium,2012-12-31,2013Q4,5,INV,761.8324152082317,796.2111558645706,-34.37874065633889,741.8258239533791,749.6177767030337,761.7562027391625,773.7029655717122,781.5957754596976
mango_rmse_random,medium,2012-12-31,2014Q1,6,INV,762.4663104485196,795.0955980161558,-32.6292875676362,739.8388937088434,749.0448812104312,762.4534278025246,775.9815125441701,785.7401555541361
mango_rmse_random,medium,2012-12-31,2014Q2,7,INV,762.9942300213677,799.2291631512261,-36.234933129858405,737.2658935204604,748.6541672795533,762.9484758862493,777.7608452974208,787.9009585169039
mango_rmse_random,medium,2012-12-31,2014Q3,8,INV,763.6160264010392,801.2542463678329,-37.63821996679371,736.6768930949556,747.9097400835452,763.184019656743,780.1855550489121,790.4462995244868
mango_rmse_random,medium,2012-12-31,2012Q4,1,WAGE,462.9585634074727,461.94181992532924,1.016743482143454,461.81465294010263,462.26134607265743,462.9570044500863,463.66859249888785,464.10176307549364
mango_rmse_random,medium,2012-12-31,2013Q1,2,WAGE,463.0318990842356,460.02983377843236,3.002065305803228,461.4810538610663,462.07722813537777,462.9977673475955,464.0399886570734,464.63949226950166
mango_rmse_random,medium,2012-12-31,2013Q2,3,WAGE,463.0558895666809,460.8375044937003,2.2183850729805954,461.06384733706733,461.87131991554685,463.0608828944396,464.28752221849976,465.0768986140014
mango_rmse_random,medium,2012-12-31,2013Q3,4,WAGE,463.05106925763334,460.07403889087055,2.97703036676279,460.50222759427,461.5598795932986,463.0982347981062,464.5025572369964,465.2802512225753
mango_rmse_random,medium,2012-12-31,2013Q4,5,WAGE,463.0940131728043,460.4549993708612,2.639013801943122,460.2973180932115,461.37219525085374,463.104873579289,464.7560248615623,465.8136689576486
mango_rmse_random,medium,2012-12-31,2014Q1,6,WAGE,463.13277572151003,461.71778051123687,1.4149952102731618,459.99479177319614,461.22055629044183,463.1337371548964,464.99452780695884,466.1460734865395
mango_rmse_random,medium,2012-12-31,2014Q2,7,WAGE,463.14389706277234,460.65692069017985,2.486976372592494,459.74782018476833,461.0028295700695,463.1434420193169,465.26980997916684,466.5182987532878
mango_rmse_random,medium,2012-12-31,2014Q3,8,WAGE,463.1754889939381,460.9759638321899,2.19952516174817,459.4518261923014,461.00640759569603,463.162407340313,465.4448661839197,466.7655796751864
mango_rmse_random,medium,2013-03-31,2013Q1,1,CONS,918.1434816537821,931.9686225614282,-13.825140907646073,917.2067215871341,917.5554558346597,918.1350977966522,918.7228583896268,919.1243892645157
mango_rmse_random,medium,2013-03-31,2013Q2,2,CONS,918.6205192921296,932.1223838026934,-13.501864510563792,917.1360549984387,917.6686960792366,918.6249813414165,919.5626328404269,920.1909759756261
mango_rmse_random,medium,2013-03-31,2013Q3,3,CONS,919.1085148534233,932.4955461653029,-13.387031311879582,916.8887127495897,917.8165294198616,919.1176056822092,920.4392111021085,921.3096100186627
mango_rmse_random,medium,2013-03-31,2013Q4,4,CONS,919.5955858270106,933.2938463290335,-13.69826050202289,916.6997773662403,917.883710464896,919.5328662975024,921.3004608685762,922.4800814221445
mango_rmse_random,medium,2013-03-31,2014Q1,5,CONS,920.0454815577929,933.6764719277527,-13.630990369959818,916.6024615755418,917.9389129621892,920.0251712845181,922.1183944910553,923.5951693149831
mango_rmse_random,medium,2013-03-31,2014Q2,6,CONS,920.497984204073,934.6008205784117,-14.102836374338722,916.5035368081736,918.0322364325706,920.5008242190568,922.9860640391726,924.6017105141452
mango_rmse_random,medium,2013-03-31,2014Q3,7,CONS,920.9433545916081,935.5797543960106,-14.636399804402458,916.1959881346728,918.1035161178926,920.885886156716,923.8020755276826,925.9492943381043
mango_rmse_random,medium,2013-03-31,2014Q4,8,CONS,921.3653879953521,936.6909581943073,-15.325570198955234,915.9055145210876,918.1190632887922,921.3615536378059,924.6428263609278,927.046973351912
mango_rmse_random,medium,2013-03-31,2013Q1,1,DEFL,475.9373419773716,461.651558288791,14.28578368858058,475.1682673109173,475.493955667375,475.9330633247762,476.39540108437933,476.680817142332
mango_rmse_random,medium,2013-03-31,2013Q2,2,DEFL,476.38101534088736,461.93491871613605,14.446096624751306,475.11182326321375,475.5933620324525,476.37371319356686,477.17006397402673,477.6262288871012
mango_rmse_random,medium,2013-03-31,2013Q3,3,DEFL,476.8506097314868,462.40508197513793,14.445527756348895,475.03070637582425,475.6941194354482,476.8534748287012,477.99007304340313,478.68931981964664
mango_rmse_random,medium,2013-03-31,2013Q4,4,DEFL,477.3244218356922,463.00091293350107,14.323508902191122,474.8111520787444,475.74047759310474,477.2798191561469,478.83084227603786,479.89574582861593
mango_rmse_random,medium,2013-03-31,2014Q1,5,DEFL,477.8247694351366,463.41657228293434,14.408197152202263,474.5444859034214,475.7431517323192,477.7816152183111,479.8338846854552,481.16607858139537
mango_rmse_random,medium,2013-03-31,2014Q2,6,DEFL,478.3538949196736,463.9813129431631,14.372581976510503,474.2823530462276,475.84122436466635,478.3324908799165,480.8957360458097,482.5558511934721
mango_rmse_random,medium,2013-03-31,2014Q3,7,DEFL,478.8568708638306,464.4169720837101,14.439898780120473,474.00551268204543,475.800012527775,478.8184332320237,481.88540023361264,483.9489484529714
mango_rmse_random,medium,2013-03-31,2014Q4,8,DEFL,479.38830207051416,464.58321677069813,14.805085299816028,473.62082398622255,475.75775294606734,479.3382667880534,483.00602472940227,485.51964773948424
mango_rmse_random,medium,2013-03-31,2013Q1,1,FFR,0.5139465237277047,0.14333333333333334,0.37061319039437135,-1.0334231021828681,-0.40089597047185366,0.5187568541891006,1.4164347604241085,2.0300201524971584
mango_rmse_random,medium,2013-03-31,2013Q2,2,FFR,0.7757271432700591,0.11666666666666665,0.6590604766033924,-1.537780583120721,-0.6101582435466434,0.7121962928240788,2.193976498550508,3.1267745290388747
mango_rmse_random,medium,2013-03-31,2013Q3,3,FFR,0.9425314313266999,0.08333333333333333,0.8591980979933665,-2.097104331080922,-0.8344032443621774,0.9424011485059453,2.79662965505537,3.940741191629636
mango_rmse_random,medium,2013-03-31,2013Q4,4,FFR,1.130451012768998,0.08666666666666667,1.0437843461023313,-2.427183643666424,-0.9205929019440795,1.102517086519026,3.3326310025686863,4.90194096385702
mango_rmse_random,medium,2013-03-31,2014Q1,5,FFR,1.280775962749284,0.07333333333333335,1.2074426294159508,-2.8706446510143033,-1.0406051239947662,1.2147947627697988,3.7892430705197655,5.430194087282754
mango_rmse_random,medium,2013-03-31,2014Q2,6,FFR,1.4172324237557399,0.09333333333333334,1.3238990904224066,-3.2557792209257834,-1.3408046091845462,1.3749310879818806,4.133994054172511,6.243381101574835
mango_rmse_random,medium,2013-03-31,2014Q3,7,FFR,1.5709036955110707,0.09000000000000001,1.4809036955110706,-3.4341846712237407,-1.5940789425534327,1.5956404499731196,4.591483683852098,6.921941633154243
mango_rmse_random,medium,2013-03-31,2014Q4,8,FFR,1.7393848578524111,0.09999999999999999,1.639384857852411,-3.6836692761283807,-1.4249362858899333,1.5840669476074256,5.007040086681672,7.614571663752686
mango_rmse_random,medium,2013-03-31,2013Q1,1,GDP,952.920078541313,970.7562992997954,-17.83622075848234,951.532706930854,952.0926416007351,952.9406920591962,953.7139290019446,954.2977207216105
mango_rmse_random,medium,2013-03-31,2013Q2,2,GDP,953.4890743584702,970.8955874685364,-17.406513110066157,951.3216701916457,952.1822169690832,953.4813995431998,954.778908153957,955.6355994469398
mango_rmse_random,medium,2013-03-31,2013Q3,3,GDP,954.0073821709371,971.6841237441809,-17.676741573243703,951.0527116516496,952.2590342704336,954.00602104538,955.7898959273629,956.9954304598881
mango_rmse_random,medium,2013-03-31,2013Q4,4,GDP,954.5566662924425,972.3927778506837,-17.836111558241214,950.991658567869,952.3736893050196,954.5164438335876,956.8153629077653,958.2745206444815
mango_rmse_random,medium,2013-03-31,2014Q1,5,GDP,955.0756398372622,972.0420537957549,-16.966413958492694,950.9318960467878,952.5302567689124,955.0385862018408,957.6253477839723,959.426627586724
mango_rmse_random,medium,2013-03-31,2014Q2,6,GDP,955.5840074518549,973.318007678534,-17.734000226679086,950.8420746269486,952.8033146364695,955.4532150609718,958.4899120406043,960.463573091954
mango_rmse_random,medium,2013-03-31,2014Q3,7,GDP,956.0593602384474,974.4762358890149,-18.416875650567476,950.7418144436107,952.9154849764241,956.0132966297997,959.2235492196234,961.4277138989415
mango_rmse_random,medium,2013-03-31,2014Q4,8,GDP,956.5068460301649,974.9242243231641,-18.417378292999274,950.5074973542005,953.0419489451654,956.4344688590027,960.0267590549931,962.6327888495948
mango_rmse_random,medium,2013-03-31,2013Q1,1,HOURS,458.7993203501187,461.53185170399064,-2.7325313538719342,457.59305180630724,458.0459192663148,458.7855757694921,459.5631476641647,460.08958808115324
mango_rmse_random,medium,2013-03-31,2013Q2,2,HOURS,459.12829258271836,461.94181992532924,-2.8135273426108824,456.8661677383935,457.7969884549226,459.1016447202215,460.4960935218984,461.33989983816696
mango_rmse_random,medium,2013-03-31,2013Q3,3,HOURS,459.38474309810374,462.46198098094044,-3.077237882836698,456.1655294134163,457.5309647856647,459.35988900181803,461.3212799997011,462.60530632986695
mango_rmse_random,medium,2013-03-31,2013Q4,4,HOURS,459.68022264239215,462.7313209673723,-3.0510983249801598,455.58436764606927,457.2582119964901,459.6725035403258,462.11997080744976,463.82299085393845
mango_rmse_random,medium,2013-03-31,2014Q1,5,HOURS,460.0042530479793,463.23280500304094,-3.2285519550616186,455.05601784662855,457.09722854997125,459.97352105416144,462.9791730597873,464.9023601827671
mango_rmse_random,medium,2013-03-31,2014Q2,6,HOURS,460.2648248581373,464.0228401803155,-3.7580153221782098,454.42785004330375,456.9317596379714,460.1294532878662,463.6848185462904,466.1004400554314
mango_rmse_random,medium,2013-03-31,2014Q3,7,HOURS,460.50200416815983,464.76260450244837,-4.26060033428854,454.1516686811668,456.58419246435807,460.42232788252414,464.3161776275799,467.08279615241815
mango_rmse_random,medium,2013-03-31,2014Q4,8,HOURS,460.70052303360467,465.875834515802,-5.175311482197344,453.7118981589448,456.29834945836467,460.721021681237,464.9248196440005,468.0133762794023
mango_rmse_random,medium,2013-03-31,2013Q1,1,INV,758.4937196573677,790.9407961623422,-32.44707650497446,751.242912518877,754.0552115373612,758.5505629872725,762.7917276080171,765.769647310987
mango_rmse_random,medium,2013-03-31,2013Q2,2,INV,759.7804459463638,792.0532589341361,-32.27281298777234,748.9446639392,753.1883672808656,759.6751966008253,766.4430789046606,770.8658116529484
mango_rmse_random,medium,2013-03-31,2013Q3,3,INV,760.4682722787145,795.8489837086637,-35.3807114299492,746.1497854150161,751.9052390248137,760.5241947509346,768.983660506475,774.7851829314791
mango_rmse_random,medium,2013-03-31,2013Q4,4,INV,761.294031413423,796.2111558645706,-34.91712445114763,743.5987120058543,751.380724320013,761.2797550479936,771.4894061028581,778.4813623390847
mango_rmse_random,medium,2013-03-31,2014Q1,5,INV,762.1554835177867,795.0955980161558,-32.9401144983691,742.638804137263,750.6379377738143,762.3817578640952,774.3601009634722,781.3895652433785
mango_rmse_random,medium,2013-03-31,2014Q2,6,INV,762.9120585713413,799.2291631512261,-36.31710457988481,740.4295130290992,749.5725648740774,762.9269614519328,775.9727815906274,784.960920848058
mango_rmse_random,medium,2013-03-31,2014Q3,7,INV,763.5596735388801,801.2542463678329,-37.6945728289528,739.1948682139143,748.8114004068311,763.3649056064546,778.2813705768441,787.4668133929731
mango_rmse_random,medium,2013-03-31,2014Q4,8,INV,764.056122642265,801.3626822057217,-37.306559563456744,737.1792680674218,748.1420007963345,764.2885043558585,780.2550888005928,790.0789734615374
mango_rmse_random,medium,2013-03-31,2013Q1,1,WAGE,462.71873094324775,460.02983377843236,2.688897164815387,461.55321539109354,461.9864463511681,462.70539938485,463.43974541598,463.89696873497746
mango_rmse_random,medium,2013-03-31,2013Q2,2,WAGE,462.7743808177847,460.8375044937003,1.9368763240843805,461.06480656301466,461.7615391257524,462.8037375989414,463.7989752133373,464.403875409594
mango_rmse_random,medium,2013-03-31,2013Q3,3,WAGE,462.80876961780496,460.07403889087055,2.7347307269344014,460.6469803116637,461.57628292480064,462.84563160418867,464.01141132332447,464.9308827915049
mango_rmse_random,medium,2013-03-31,2013Q4,4,WAGE,462.8695303996859,460.4549993708612,2.41453102882474,460.4366745093756,461.36910815888956,462.94494618294254,464.3160080953488,465.30349974929425
mango_rmse_random,medium,2013-03-31,2014Q1,5,WAGE,462.9096106195987,461.71778051123687,1.1918301083618417,459.96715294374826,461.19217624983145,462.9587921654663,464.57868611980393,465.6333931247331
mango_rmse_random,medium,2013-03-31,2014Q2,6,WAGE,462.93020882830785,460.65692069017985,2.2732881381280095,459.73620076945707,461.087522803455,462.9946577699769,464.7219622917787,466.0645182925389
mango_rmse_random,medium,2013-03-31,2014Q3,7,WAGE,462.97973028757906,460.9759638321899,2.0037664553891545,459.398754051023,460.9466622932476,463.0386632677139,465.0505585547012,466.4062009863945
mango_rmse_random,medium,2013-03-31,2014Q4,8,WAGE,463.04362660178606,462.26465802893273,0.77896857285333,459.1326780807904,460.9176122136681,463.1031058653509,465.271809390334,466.81329934979453
mango_rmse_random,medium,2013-06-30,2013Q2,1,CONS,918.6242540387824,932.1223838026934,-13.498129763911038,917.6693005030331,918.0350507676017,918.6151144285011,919.2098853017201,919.5983139960349
mango_rmse_random,medium,2013-06-30,2013Q3,2,CONS,919.4213498398346,932.4955461653029,-13.074196325468279,917.873934902086,918.4502363642066,919.3991846049059,920.3802455867403,921.0194743274585
mango_rmse_random,medium,2013-06-30,2013Q4,3,CONS,919.9157675040042,933.2938463290335,-13.37807882502932,917.7262640511597,918.5893078823581,919.8997296451806,921.2568857832995,922.2136502785747
mango_rmse_random,medium,2013-06-30,2014Q1,4,CONS,920.5385542361208,933.6764719277527,-13.137917691631856,917.6615642199989,918.848702711764,920.5741096725939,922.2099031959193,923.5136932014195
mango_rmse_random,medium,2013-06-30,2014Q2,5,CONS,921.1679073352818,934.6008205784117,-13.43291324312986,917.6470040909209,919.0721559886669,921.1847250946653,923.2540600648376,924.7794662442951
mango_rmse_random,medium,2013-06-30,2014Q3,6,CONS,921.689187812274,935.5797543960106,-13.890566583736586,917.5045714628858,919.168625896484,921.7600578716431,924.2488727523235,925.8783964290885
mango_rmse_random,medium,2013-06-30,2014Q4,7,CONS,922.2358050389307,936.6909581943073,-14.455153155376593,917.3853470650632,919.2886838260836,922.300379643019,925.1645124984726,927.0793460100496
mango_rmse_random,medium,2013-06-30,2015Q1,8,CONS,922.7546673887674,937.3559721122837,-14.60130472351625,917.2102716326834,919.549127367573,922.7817442963544,925.982537369119,928.3232288492501
mango_rmse_random,medium,2013-06-30,2013Q2,1,DEFL,476.14750702576197,461.93491871613605,14.212588309625914,475.40915859652836,475.69134190989047,476.1328443058211,476.64046793339315,476.93010173227844
mango_rmse_random,medium,2013-06-30,2013Q3,2,DEFL,476.4571598054489,462.40508197513793,14.052077830310964,475.1915182822065,475.6792364175599,476.44710903707505,477.25349479217874,477.7727639552292
mango_rmse_random,medium,2013-06-30,2013Q4,3,DEFL,476.8337133558988,463.00091293350107,13.832800422397725,474.9560042399128,475.69715150382257,476.81611060808507,477.996368783495,478.7365004304681
mango_rmse_random,medium,2013-06-30,2014Q1,4,DEFL,477.2120278002649,463.41657228293434,13.795455517330538,474.6902221642023,475.6398110222386,477.26195343954214,478.8083492608267,479.7658233524594
mango_rmse_random,medium,2013-06-30,2014Q2,5,DEFL,477.59783022676123,463.9813129431631,13.616517283598114,474.31193482570126,475.5993384781873,477.6095015465876,479.544152736858,480.87433445978036
mango_rmse_random,medium,2013-06-30,2014Q3,6,DEFL,478.0100275263283,464.4169720837101,13.593055442618208,473.8560723486664,475.5308895766828,478.0455119512484,480.5620076845689,482.1035253641624
mango_rmse_random,medium,2013-06-30,2014Q4,7,DEFL,478.42408745910234,464.58321677069813,13.840870688404209,473.50660064565795,475.2985151852451,478.47986365600127,481.5210378875697,483.3946646971743
mango_rmse_random,medium,2013-06-30,2015Q1,8,DEFL,478.855013575962,464.5476847747226,14.307328801239407,472.91760630643927,475.14698060598823,478.9367430309615,482.485431224464,484.7820978443876
mango_rmse_random,medium,2013-06-30,2013Q2,1,FFR,0.2914016424878801,0.11666666666666665,0.17473497582121345,-1.2438761607503954,-0.6292457852101124,0.2766050943717694,1.2160818510698455,1.8530892669214243
mango_rmse_random,medium,2013-06-30,2013Q3,2,FFR,0.2931612706490205,0.08333333333333333,0.20982793731568716,-2.1416430749279445,-1.1696582756584075,0.29011561293241256,1.7469031772096106,2.674382865582263
mango_rmse_random,medium,2013-06-30,2013Q4,3,FFR,0.48049202226246673,0.08666666666666667,0.39382535559580006,-2.5292271959679082,-1.255631616251444,0.44979764900462305,2.255029895261363,3.5235404042208853
mango_rmse_random,medium,2013-06-30,2014Q1,4,FFR,0.6075179480447115,0.07333333333333335,0.5341846147113781,-2.908401635013512,-1.5279952670187658,0.6235860041812323,2.7809322471078106,4.199923401004709
mango_rmse_random,medium,2013-06-30,2014Q2,5,FFR,0.8385766937314806,0.09333333333333334,0.7452433603981472,-3.2465483378803355,-1.6280399519202249,0.838929487581868,3.3482816932716193,4.896724279329147
mango_rmse_random,medium,2013-06-30,2014Q3,6,FFR,0.9968030772098107,0.09000000000000001,0.9068030772098107,-3.5555644066868353,-1.751398533266185,1.0346295269585624,3.7617644652257107,5.41402429500245
mango_rmse_random,medium,2013-06-30,2014Q4,7,FFR,1.0747214359654726,0.09999999999999999,0.9747214359654727,-3.8980116366761055,-1.8070319146231302,1.1502035877611068,3.9766395015624796,6.06906465215577
mango_rmse_random,medium,2013-06-30,2015Q1,8,FFR,1.1910318766370922,0.11,1.081031876637092,-4.389464646310859,-1.9091562985829091,1.1913411515995076,4.33793246554791,6.592965806916849
mango_rmse_random,medium,2013-06-30,2013Q2,1,GDP,953.038243688288,970.8955874685364,-17.857343780248357,951.7301168854673,952.2070878926786,953.006668783205,953.8734096169076,954.4565583991488
mango_rmse_random,medium,2013-06-30,2013Q3,2,GDP,953.7862571567697,971.6841237441809,-17.89786658741116,951.5947295216868,952.4586183838774,953.7660581878331,955.0781697091504,956.05358641878
mango_rmse_random,medium,2013-06-30,2013Q4,3,GDP,954.3600960720179,972.3927778506837,-18.032681778665847,951.4245915276039,952.5919646173888,954.3192773124865,956.1311002137473,957.5360506321088
mango_rmse_random,medium,2013-06-30,2014Q1,4,GDP,955.1393129693639,972.0420537957549,-16.902740826390982,951.5312771394721,952.9880921563157,955.0722645025963,957.3466113846672,958.8582427148784
mango_rmse_random,medium,2013-06-30,2014Q2,5,GDP,955.7157716552503,973.318007678534,-17.602236023283695,951.5664305016837,953.2391469588506,955.6548683892216,958.2347638261833,960.1107454770981
mango_rmse_random,medium,2013-06-30,2014Q3,6,GDP,956.3432268456372,974.4762358890149,-18.133009043377683,951.6841980931795,953.4879364729343,956.3376899123684,959.3225211871162,961.0487767912596
mango_rmse_random,medium,2013-06-30,2014Q4,7,GDP,956.8243566430424,974.9242243231641,-18.099867680121747,951.4979611207157,953.6575965735027,956.8149124244242,960.0875623318719,962.2145072522792
mango_rmse_random,medium,2013-06-30,2015Q1,8,GDP,957.3451897696449,975.7342483786737,-18.38905860902878,951.4148032248816,953.8888966071559,957.3274807138359,961.0006042792528,963.3569069219235
mango_rmse_random,medium,2013-06-30,2013Q2,1,HOURS,459.03308795028516,461.94181992532924,-2.908731975044077,457.7366069179091,458.29345171283666,459.0217393662223,459.8008218539956,460.33155336854117
mango_rmse_random,medium,2013-06-30,2013Q3,2,HOURS,459.3172746336446,462.46198098094044,-3.1447063472958234,457.0677429749713,457.9140417051929,459.32724096697234,460.6929286356241,461.54781234012376
mango_rmse_random,medium,2013-06-30,2013Q4,3,HOURS,459.7421339252179,462.7313209673723,-2.9891870421544127,456.4856557863943,457.758444365263,459.7615785465621,461.7085510915928,462.94932559217364
mango_rmse_random,medium,2013-06-30,2014Q1,4,HOURS,460.1529866666125,463.23280500304094,-3.0798183364284455,456.19288464035037,457.60503922062816,460.1527945587169,462.72626226427826,464.20498937369064
mango_rmse_random,medium,2013-06-30,2014Q2,5,HOURS,460.56849316259616,464.0228401803155,-3.4543470177193285,455.5574227155245,457.67930310211466,460.563422061475,463.6006873246279,465.47926528906
mango_rmse_random,medium,2013-06-30,2014Q3,6,HOURS,460.9169637886397,464.76260450244837,-3.8456407138086774,455.26998018554553,457.5333384579063,460.87662470823216,464.4514517782285,466.6919226158149
mango_rmse_random,medium,2013-06-30,2014Q4,7,HOURS,461.18188992474785,465.875834515802,-4.693944591054162,454.8187232418115,457.3545623729783,461.0364419734726,465.1783099996557,467.51563326277477
mango_rmse_random,medium,2013-06-30,2015Q1,8,HOURS,461.4271205900235,466.15694228372104,-4.729821693697545,454.45940625193214,457.19985406163653,461.39714478733447,465.65711541806803,468.4997401857742
mango_rmse_random,medium,2013-06-30,2013Q2,1,INV,759.1047566382592,792.0532589341361,-32.94850229587689,751.8567524325049,754.6645406761226,759.0688936781544,763.5054905215655,766.6555928465577
mango_rmse_random,medium,2013-06-30,2013Q3,2,INV,760.2820742693542,795.8489837086637,-35.566909439309484,749.3828246524736,753.9046776773919,760.2507218041958,766.7465552561005,771.2095813652481
mango_rmse_random,medium,2013-06-30,2013Q4,3,INV,762.0122297169588,796.2111558645706,-34.198926147611814,747.6399653663477,753.4700694600249,761.9637513075121,770.2675082563419,775.9494684690568
mango_rmse_random,medium,2013-06-30,2014Q1,4,INV,764.0257838751836,795.0955980161558,-31.0698141409722,746.844809761118,754.0466680791147,763.9837496946188,773.8929343453552,780.9373501875915
mango_rmse_random,medium,2013-06-30,2014Q2,5,INV,765.0578627827739,799.2291631512261,-34.171300368452194,745.6338070218895,753.8983545063217,765.0406869891361,776.7958920889295,784.3567691618447
mango_rmse_random,medium,2013-06-30,2014Q3,6,INV,766.6912946790748,801.2542463678329,-34.562951688758176,744.722237019969,753.7386831565027,766.9350541514607,779.4780895322846,787.9572844837485
mango_rmse_random,medium,2013-06-30,2014Q4,7,INV,767.1510545757544,801.3626822057217,-34.211627629967325,741.2889958501427,752.8618416979841,767.428468659768,780.9324418409437,791.4331328115242
mango_rmse_random,medium,2013-06-30,2015Q1,8,INV,767.8777088656407,804.7916977539779,-36.91398888833726,740.8277073570972,752.2428657823302,768.0362406992028,783.2348807244949,794.6146790926279
mango_rmse_random,medium,2013-06-30,2013Q2,1,WAGE,463.0291687552192,460.8375044937003,2.191664261518895,461.8035154525473,462.3084083865373,463.0251660152342,463.7528561320341,464.22917267784766
mango_rmse_random,medium,2013-06-30,2013Q3,2,WAGE,463.3054888120456,460.07403889087055,3.231449921175056,461.58854579971495,462.258323762717,463.3327428406744,464.3186259475443,464.95454860001354
mango_rmse_random,medium,2013-06-30,2013Q4,3,WAGE,463.41464899055467,460.4549993708612,2.9596496196934936,461.344764478256,462.1713867626092,463.4340733096409,464.6817693159663,465.53536248427736
mango_rmse_random,medium,2013-06-30,2014Q1,4,WAGE,463.42099768810726,461.71778051123687,1.703217176870396,460.9998308517244,461.98032686484225,463.4149185806846,464.90723848773166,465.92375396259075
mango_rmse_random,medium,2013-06-30,2014Q2,5,WAGE,463.5366771223193,460.65692069017985,2.879756432139459,460.7125340320598,461.87518906404625,463.5236052076466,465.16432745945815,466.3174527443414
mango_rmse_random,medium,2013-06-30,2014Q3,6,WAGE,463.63525726194354,460.9759638321899,2.6592934297536317,460.5492321699486,461.80993718110585,463.6192752029076,465.49969918131563,466.74034181641895
mango_rmse_random,medium,2013-06-30,2014Q4,7,WAGE,463.7215038481201,462.26465802893273,1.4568458191873788,460.24379388046333,461.7117302360495,463.6943741698376,465.8070556425664,467.1826596328125
mango_rmse_random,medium,2013-06-30,2015Q1,8,WAGE,463.8549261144023,464.0489066112446,-0.19398049684230045,459.9579084805809,461.6358168169187,463.8677506359497,466.154646775739,467.6371980284126
mango_rmse_random,medium,2013-09-30,2013Q3,1,CONS,928.6037457174343,932.4955461653029,-3.8918004478686044,927.6096420334816,928.0083386160029,928.6120659767917,929.1880602317439,929.5625340305489
mango_rmse_random,medium,2013-09-30,2013Q4,2,CONS,929.1418982140342,933.2938463290335,-4.1519481149993,927.558051491455,928.1852638697328,929.1574843504727,930.0650077048595,930.6928503025289
mango_rmse_random,medium,2013-09-30,2014Q1,3,CONS,929.8642037764296,933.6764719277527,-3.81226815132311,927.65741776584,928.5442691311392,929.8792280055206,931.2046083323208,932.081823552461
mango_rmse_random,medium,2013-09-30,2014Q2,4,CONS,930.5037712639249,934.6008205784117,-4.097049314486753,927.6603653837154,928.7788484707978,930.4909471902273,932.2554261682149,933.3734582872951
mango_rmse_random,medium,2013-09-30,2014Q3,5,CONS,931.094045360176,935.5797543960106,-4.485709035834589,927.5058778430334,928.9719764586844,931.0809253221506,933.2840890834221,934.6640330716609
mango_rmse_random,medium,2013-09-30,2014Q4,6,CONS,931.6644701613826,936.6909581943073,-5.0264880329247035,927.4834712551207,929.1249008439554,931.6656740567994,934.219872237716,935.9733315352303
mango_rmse_random,medium,2013-09-30,2015Q1,7,CONS,932.2391422064347,937.3559721122837,-5.116829905848931,927.1925941347816,929.3649752281374,932.2631108584761,935.2692094553058,937.0820479041331
mango_rmse_random,medium,2013-09-30,2015Q2,8,CONS,932.7772199451886,938.0306918992713,-5.253471954082784,927.0662111033866,929.5310016725965,932.7800118657092,936.2137582377552,938.1879536198177
mango_rmse_random,medium,2013-09-30,2013Q3,1,DEFL,466.8565890855084,462.40508197513793,4.451507110370471,466.10121741799236,466.3919092159844,466.8573386658402,467.3204567361935,467.6265022002213
mango_rmse_random,medium,2013-09-30,2013Q4,2,DEFL,467.17283571337344,463.00091293350107,4.171922779872375,465.86480434578027,466.37226475018,467.19218255303997,467.96443589350207,468.4752449036727
mango_rmse_random,medium,2013-09-30,2014Q1,3,DEFL,467.46737022753825,463.41657228293434,4.050797944603914,465.5215179970726,466.21415981842057,467.4923458474359,468.56426719190665,469.3692822364641
mango_rmse_random,medium,2013-09-30,2014Q2,4,DEFL,467.7798319267833,463.9813129431631,3.79851898362017,465.17071364527214,466.1636921319814,467.8557103965642,469.3201861608407,470.3223295453129
mango_rmse_random,medium,2013-09-30,2014Q3,5,DEFL,468.12654342397656,464.4169720837101,3.70957134026645,464.72990296274406,466.084356124983,468.1978798952073,470.17423611322585,471.33751673358034
mango_rmse_random,medium,2013-09-30,2014Q4,6,DEFL,468.4971720315317,464.58321677069813,3.913955260833575,464.2629423073568,465.9153355456474,468.59265861938854,471.0561653631968,472.48713351864114
mango_rmse_random,medium,2013-09-30,2015Q1,7,DEFL,468.87119718359764,464.5476847747226,4.323512408875047,463.6799792433618,465.7844066344258,468.92452986190995,471.90534607663835,473.7914664269251
mango_rmse_random,medium,2013-09-30,2015Q2,8,DEFL,469.2546621216009,465.0879418481692,4.166720273431736,463.18556023048063,465.60554822274025,469.3768700068105,472.7328418410633,475.1075998105719
mango_rmse_random,medium,2013-09-30,2013Q3,1,FFR,0.12991612482040793,0.08333333333333333,0.0465827914870746,-1.4166588035887906,-0.800229939468524,0.12155819462258317,1.0419797976680394,1.6791806916432743
mango_rmse_random,medium,2013-09-30,2013Q4,2,FFR,0.30769298172511533,0.08666666666666667,0.22102631505844866,-2.113550939560191,-1.0849110662548525,0.30579940780924286,1.7789918513644616,2.680939938649865
mango_rmse_random,medium,2013-09-30,2014Q1,3,FFR,0.3982303050325166,0.07333333333333335,0.32489697169918325,-2.6158173524652346,-1.4365369049560877,0.36572710700560435,2.312229178989188,3.4499797756397017
mango_rmse_random,medium,2013-09-30,2014Q2,4,FFR,0.5696886866421645,0.09333333333333334,0.4763553533088312,-3.1094867173425267,-1.587112690382771,0.561139598673143,2.85235421187987,4.096892653996409
mango_rmse_random,medium,2013-09-30,2014Q3,5,FFR,0.6811933865357586,0.09000000000000001,0.5911933865357586,-3.609203791002985,-1.8752052622071507,0.6577040418920401,3.217646819177266,4.8618317132948246
mango_rmse_random,medium,2013-09-30,2014Q4,6,FFR,0.7717377406518928,0.09999999999999999,0.6717377406518928,-3.904836186641625,-2.1961751001510272,0.7809595849839379,3.597393022018807,5.50228840572149
mango_rmse_random,medium,2013-09-30,2015Q1,7,FFR,0.9014781093705359,0.11,0.7914781093705359,-4.281555149176495,-2.3600365316294556,0.9083091372996668,4.007537690675197,5.988566423415209
mango_rmse_random,medium,2013-09-30,2015Q2,8,FFR,0.9853996518992091,0.12333333333333334,0.8620663185658758,-4.4915311009224155,-2.4874266684928963,1.0660124989039699,4.286724965770655,6.509782333100964
mango_rmse_random,medium,2013-09-30,2013Q3,1,GDP,966.6820287565118,971.6841237441809,-5.002094987669011,965.3765761007683,965.9061623863955,966.6491281468279,967.4919612227505,968.0404460825071
mango_rmse_random,medium,2013-09-30,2013Q4,2,GDP,967.2904870502873,972.3927778506837,-5.102290800396418,965.2599993098405,966.0401590256295,967.277534688596,968.5747737084181,969.3671118498982
mango_rmse_random,medium,2013-09-30,2014Q1,3,GDP,968.0907067289694,972.0420537957549,-3.9513470667855017,965.2585968587208,966.3786621690633,968.0375707736434,969.7727589352961,970.9933226194232
mango_rmse_random,medium,2013-09-30,2014Q2,4,GDP,968.7243733767484,973.318007678534,-4.593634301785528,965.1288897945954,966.593015606899,968.6857505144503,970.8864536510284,972.4938961655454
mango_rmse_random,medium,2013-09-30,2014Q3,5,GDP,969.3556130313402,974.4762358890149,-5.120622857674675,965.1233187711716,966.8446750730404,969.3292113541663,971.9112102880314,973.6406013677688
mango_rmse_random,medium,2013-09-30,2014Q4,6,GDP,969.8884732017109,974.9242243231641,-5.035751121453245,965.0874488275822,966.9303291624931,969.9290983293015,972.7569074149354,974.8319704596619
mango_rmse_random,medium,2013-09-30,2015Q1,7,GDP,970.4797153530924,975.7342483786737,-5.254533025581281,964.9136103681637,967.323172511511,970.4965520587355,973.7764082409193,975.8804656105934
mango_rmse_random,medium,2013-09-30,2015Q2,8,GDP,970.9898956639479,976.31257427765,-5.322678613702124,964.8885989351345,967.4948476471146,971.0440495412308,974.4821513666208,977.0028761221773
mango_rmse_random,medium,2013-09-30,2013Q3,1,HOURS,466.1825999451136,462.46198098094044,3.720618964173184,464.9378293585413,465.4342467361346,466.1812648864584,466.93683556362157,467.47597800311405
mango_rmse_random,medium,2013-09-30,2013Q4,2,HOURS,466.5652377975557,462.7313209673723,3.833916830183398,464.35758153104507,465.24836105829564,466.56493643750855,467.91222145993913,468.83684882367044
mango_rmse_random,medium,2013-09-30,2014Q1,3,HOURS,466.94550424611583,463.23280500304094,3.712699243074894,463.76753392838265,465.0196396272012,466.93994748117194,468.8898866876234,470.1787577266113
mango_rmse_random,medium,2013-09-30,2014Q2,4,HOURS,467.32064843982334,464.0228401803155,3.2978082595078604,463.16584586137463,464.7906516818244,467.2886789985218,469.87523597374974,471.45746547891457
mango_rmse_random,medium,2013-09-30,2014Q3,5,HOURS,467.67100793784095,464.76260450244837,2.908403435392586,462.6918343464604,464.6000838298516,467.57035054304623,470.68251369629144,472.97806141569083
mango_rmse_random,medium,2013-09-30,2014Q4,6,HOURS,467.9734586414295,465.875834515802,2.097624125627476,462.07271913769824,464.4300105103207,467.9374663943096,471.45265381917017,474.1389991933017
mango_rmse_random,medium,2013-09-30,2015Q1,7,HOURS,468.2460206350486,466.15694228372104,2.0890783513275437,461.8070203977204,464.29601900471096,468.18324251797316,472.20955733211844,474.9085486336578
mango_rmse_random,medium,2013-09-30,2015Q2,8,HOURS,468.4793272393397,466.5408850979831,1.9384421413565747,461.3483580574196,464.0591404762165,468.513200588428,472.8517551621217,475.84834677082983
mango_rmse_random,medium,2013-09-30,2013Q3,1,INV,783.540744646869,795.8489837086637,-12.308239061794666,776.9844042779525,779.507897089993,783.615482892455,787.5634530923098,790.0852707649441
mango_rmse_random,medium,2013-09-30,2013Q4,2,INV,785.385337907007,796.2111558645706,-10.825817957563572,774.9449412170048,779.0883961434863,785.5120038761959,791.7834004479824,795.8595909238106
mango_rmse_random,medium,2013-09-30,2014Q1,3,INV,786.9245805517351,795.0955980161558,-8.171017464420743,772.9057485690163,778.6835397897069,786.7524094766518,795.403218108844,800.4686031911895
mango_rmse_random,medium,2013-09-30,2014Q2,4,INV,787.9433324920399,799.2291631512261,-11.285830659186217,771.2651699875173,778.0477490600606,787.9626601140242,797.7142541914029,804.1859119902374
mango_rmse_random,medium,2013-09-30,2014Q3,5,INV,789.2783644902502,801.2542463678329,-11.975881877582765,770.3683038310273,778.0055678453399,789.2858589607865,800.6598531058796,808.2902325475173
mango_rmse_random,medium,2013-09-30,2014Q4,6,INV,790.0876454715446,801.3626822057217,-11.275036734177093,769.4975763228272,777.6100501370802,790.1952017329113,802.5187777322975,811.5104633021333
mango_rmse_random,medium,2013-09-30,2015Q1,7,INV,790.9592555847133,804.7916977539779,-13.832442169264596,767.4113034705853,777.1651789160297,791.2266439671853,804.9093225033176,813.2036980002824
mango_rmse_random,medium,2013-09-30,2015Q2,8,INV,791.5922659725389,805.0922745163426,-13.500008543803688,766.2353629030367,775.9631102925637,791.8913365416245,806.416983767945,816.7166845826052
mango_rmse_random,medium,2013-09-30,2013Q3,1,WAGE,461.05653851173923,460.07403889087055,0.9824996208686798,459.7726175105155,460.26589207004537,461.0346919151906,461.8794143260853,462.4447678322952
mango_rmse_random,medium,2013-09-30,2013Q4,2,WAGE,461.1813265311502,460.4549993708612,0.7263271602890313,459.4547403552252,460.1481196757881,461.1638196941351,462.2167371245805,462.94755602862665
mango_rmse_random,medium,2013-09-30,2014Q1,3,WAGE,461.24051051207033,461.71778051123687,-0.4772699991665377,459.13887947794075,459.96213598149836,461.248018929963,462.54152586128265,463.33731888637317
mango_rmse_random,medium,2013-09-30,2014Q2,4,WAGE,461.4117245926137,460.65692069017985,0.7548039024338777,458.9171743406349,459.8228306370546,461.39409521759234,462.9262110532498,463.90119328845935
mango_rmse_random,medium,2013-09-30,2014Q3,5,WAGE,461.4660545596203,460.9759638321899,0.49009072743041315,458.56622848970574,459.6806006326488,461.4690020337054,463.2724413137825,464.3572707271586
mango_rmse_random,medium,2013-09-30,2014Q4,6,WAGE,461.59038544876375,462.26465802893273,-0.6742725801689744,458.3357826799724,459.6560327969341,461.59546751020434,463.4831592866575,464.9082953455161
mango_rmse_random,medium,2013-09-30,2015Q1,7,WAGE,461.7112013768045,464.0489066112446,-2.3377052344400795,458.1745099531525,459.55412284215174,461.7805687190342,463.8102715981072,465.2740434594877
mango_rmse_random,medium,2013-09-30,2015Q2,8,WAGE,461.84602351122174,464.2369626977198,-2.3909391864980307,457.89107638911435,459.4141722762834,461.808409271906,464.20469620601887,465.72099109900495
mango_rmse_random,medium,2013-12-31,2013Q4,1,CONS,928.8095659580332,933.2938463290335,-4.484280371000295,927.8086437300728,928.2120102443879,928.8173928844485,929.4112237026152,929.7664298961498
mango_rmse_random,medium,2013-12-31,2014Q1,2,CONS,929.5201130334741,933.6764719277527,-4.156358894278583,928.0000550906467,928.5971089928992,929.5111859189306,930.4338454280007,931.0230544071707
mango_rmse_random,medium,2013-12-31,2014Q2,3,CONS,930.02599059742,934.6008205784117,-4.574829980991694,927.9337153851905,928.7567606766902,930.0087317186716,931.3462760090596,932.1028432621655
mango_rmse_random,medium,2013-12-31,2014Q3,4,CONS,930.5487018835989,935.5797543960106,-5.031052512411634,927.7653873093496,928.9190483915769,930.5380842195407,932.1847699995647,933.3075884040272
mango_rmse_random,medium,2013-12-31,2014Q4,5,CONS,931.0782510396759,936.6909581943073,-5.61270715463138,927.7307560572173,929.0922505865211,931.0311716625129,933.0889568004812,934.4488566711929
mango_rmse_random,medium,2013-12-31,2015Q1,6,CONS,931.5816510436815,937.3559721122837,-5.774321068602148,927.5394407673734,929.2902772969132,931.5994366851875,933.9697209512789,935.4037528805441
mango_rmse_random,medium,2013-12-31,2015Q2,7,CONS,932.0722419018615,938.0306918992713,-5.9584499974098435,927.418356116208,929.1997703161971,932.1391723573776,934.8597381425053,936.6169912389008
mango_rmse_random,medium,2013-12-31,2015Q3,8,CONS,932.5690017357081,938.7904212097346,-6.221419474026561,927.5143701953282,929.3890227273896,932.6347778022676,935.6884187359306,937.6273931196249
mango_rmse_random,medium,2013-12-31,2013Q4,1,DEFL,467.46795674807083,463.00091293350107,4.467043814569763,466.7106705014199,467.02701833635257,467.4672309850018,467.91825646292193,468.1981943230745
mango_rmse_random,medium,2013-12-31,2014Q1,2,DEFL,467.87433675403696,463.41657228293434,4.457764471102621,466.6143644750154,467.1060123473829,467.8810653083687,468.65537406828065,469.13623739328574
mango_rmse_random,medium,2013-12-31,2014Q2,3,DEFL,468.31216599231806,463.9813129431631,4.330853049154939,466.4618843044567,467.17295745022795,468.3162980467881,469.3861465181864,470.1981588474463
mango_rmse_random,medium,2013-12-31,2014Q3,4,DEFL,468.7702185131291,464.4169720837101,4.353246429419016,466.2627381877497,467.2258065491871,468.8057645568599,470.28993749546424,471.3161411519079
mango_rmse_random,medium,2013-12-31,2014Q4,5,DEFL,469.2282926826873,464.58321677069813,4.645075911989181,465.9157600513323,467.24310159525726,469.2703464008139,471.14641706440136,472.5009439808453
mango_rmse_random,medium,2013-12-31,2015Q1,6,DEFL,469.71346935122324,464.5476847747226,5.165784576500641,465.5750743984237,467.2413055609027,469.7578978261734,472.05892386413075,473.8493450561202
mango_rmse_random,medium,2013-12-31,2015Q2,7,DEFL,470.1989850615391,465.0879418481692,5.111043213369896,465.17477133888605,467.18697351237415,470.21863542090966,473.1264969333305,475.24292617391313
mango_rmse_random,medium,2013-12-31,2015Q3,8,DEFL,470.72749023316914,465.38555827648497,5.341931956684164,464.6814826396691,467.2063686177043,470.755641439722,474.1332691583634,476.6035755450541
mango_rmse_random,medium,2013-12-31,2013Q4,1,FFR,0.32928723423517203,0.08666666666666667,0.24262056756850536,-1.2840801053251372,-0.6261565491589597,0.3569675434332385,1.218936315218056,1.8334952614861126
mango_rmse_random,medium,2013-12-31,2014Q1,2,FFR,0.5348334125472993,0.07333333333333335,0.46150007921396596,-1.7665520303523694,-0.8945228298092307,0.5723101401957317,1.8957134645966822,2.8489477414421462
mango_rmse_random,medium,2013-12-31,2014Q2,3,FFR,0.653427132351579,0.09333333333333334,0.5600937990182456,-2.2782143993576636,-1.1787656782968572,0.6522984597393406,2.4777951795905375,3.5964066503814687
mango_rmse_random,medium,2013-12-31,2014Q3,4,FFR,0.732624063500751,0.09000000000000001,0.6426240635007511,-2.8407510044271254,-1.4175025723890773,0.7683207133752792,2.9418076712299777,4.169061161524482
mango_rmse_random,medium,2013-12-31,2014Q4,5,FFR,0.9386634576299454,0.09999999999999999,0.8386634576299454,-3.133651596260161,-1.5115445934945317,0.9347130041263343,3.4046885944197807,5.1443319017008715
mango_rmse_random,medium,2013-12-31,2015Q1,6,FFR,1.0987541726952048,0.11,0.9887541726952048,-3.4552641050003157,-1.5811068282136438,1.0645087876249968,3.7948773742154747,5.676901572255183
mango_rmse_random,medium,2013-12-31,2015Q2,7,FFR,1.2332767974400816,0.12333333333333334,1.1099434641067483,-3.6484480441371727,-1.786683006851604,1.2670650513216706,4.209022495532806,6.121587922624144
mango_rmse_random,medium,2013-12-31,2015Q3,8,FFR,1.3095946261865707,0.1366666666666667,1.172927959519904,-4.127549583637666,-1.9290234198727643,1.3064239584728035,4.541260744890546,6.470931173316099
mango_rmse_random,medium,2013-12-31,2013Q4,1,GDP,967.4429255328619,972.3927778506837,-4.949852317821865,966.0871567105222,966.6403709059671,967.4238016826183,968.2698682492761,968.7614940402517
mango_rmse_random,medium,2013-12-31,2014Q1,2,GDP,968.1651720834519,972.0420537957549,-3.876881712302975,966.0579514742883,966.9156979916547,968.148474945092,969.4527232519886,970.2703449372249
mango_rmse_random,medium,2013-12-31,2014Q2,3,GDP,968.6691983617651,973.318007678534,-4.648809316768848,965.7681879863133,966.9011685942223,968.7388652825117,970.3534567849524,971.6229173611105
mango_rmse_random,medium,2013-12-31,2014Q3,4,GDP,969.1917328052833,974.4762358890149,-5.284503083731579,965.6338278793786,967.111062537259,969.2409628004386,971.1792684661187,972.7488017808433
mango_rmse_random,medium,2013-12-31,2014Q4,5,GDP,969.7191092530062,974.9242243231641,-5.2051150701579445,965.586755793336,967.2797542385091,969.7513227691325,972.0985168732138,973.6518639874068
mango_rmse_random,medium,2013-12-31,2015Q1,6,GDP,970.2635088009177,975.7342483786737,-5.470739577755921,965.5452645225453,967.4766712364984,970.2971307843482,973.1012834861303,974.6648357254691
mango_rmse_random,medium,2013-12-31,2015Q2,7,GDP,970.7247261094448,976.31257427765,-5.587848168205255,965.4997811710225,967.5897315321357,970.8760984338588,973.8842521666221,975.6972083208296
mango_rmse_random,medium,2013-12-31,2015Q3,8,GDP,971.2214586348614,976.6354252252142,-5.413966590352857,965.35356167396,967.807086306232,971.2854427908903,974.5898490780295,976.5828713238126
mango_rmse_random,medium,2013-12-31,2013Q4,1,HOURS,466.67289965502545,462.7313209673723,3.9415786876531342,465.4917802929694,465.95872795604674,466.6657474355237,467.38108108267926,467.85444168563885
mango_rmse_random,medium,2013-12-31,2014Q1,2,HOURS,466.982453035485,463.23280500304094,3.7496480324440427,464.8109662044018,465.6672970145283,466.9528322977941,468.31375811131124,469.1500230390386
mango_rmse_random,medium,2013-12-31,2014Q2,3,HOURS,467.2577937542063,464.0228401803155,3.2349535738908344,464.09738651542756,465.3274905935895,467.2318680783751,469.11880701286475,470.36192340740644
mango_rmse_random,medium,2013-12-31,2014Q3,4,HOURS,467.49943243153814,464.76260450244837,2.7368279290897704,463.50297252692224,465.06400206426855,467.50799469777905,469.88592740472,471.6162742542131
mango_rmse_random,medium,2013-12-31,2014Q4,5,HOURS,467.762538245419,465.875834515802,1.886703729617011,463.09193630159467,464.7118570508397,467.8484371905797,470.5681150932522,472.70172223110205
mango_rmse_random,medium,2013-12-31,2015Q1,6,HOURS,468.0159838501583,466.15694228372104,1.85904156643727,462.49138461096635,464.5199097356473,468.04550027056973,471.3289078944931,473.6259826963382
mango_rmse_random,medium,2013-12-31,2015Q2,7,HOURS,468.2117348662584,466.5408850979831,1.670849768275275,462.078227529912,464.25409981386423,468.17428961208077,471.9365949271404,474.3471246364884
mango_rmse_random,medium,2013-12-31,2015Q3,8,HOURS,468.3831022877463,466.55500719768037,1.828095090065915,461.4970162438674,464.2940334531246,468.4488126668077,472.44152770283534,475.02489105212874
mango_rmse_random,medium,2013-12-31,2013Q4,1,INV,787.6091819031027,796.2111558645706,-8.601973961467934,780.911161527089,783.4582172854516,787.5618655843645,791.6599571989937,794.3626915422949
mango_rmse_random,medium,2013-12-31,2014Q1,2,INV,788.72684786368,795.0955980161558,-6.3687501524758545,778.0909466131931,782.8071360850382,788.7341413625484,794.8150970566304,798.8686418766457
mango_rmse_random,medium,2013-12-31,2014Q2,3,INV,789.4803824305434,799.2291631512261,-9.748780720682703,776.5472717048622,781.8846871061808,789.2441629202644,797.6268192861257,802.6246194782093
mango_rmse_random,medium,2013-12-31,2014Q3,4,INV,790.1241341799974,801.2542463678329,-11.130112187835493,774.2809632335518,780.6460099190273,789.9922781960973,799.6567168559867,805.9505629845686
mango_rmse_random,medium,2013-12-31,2014Q4,5,INV,790.9199912337571,801.3626822057217,-10.44269097196468,772.5706177271761,780.1856043837474,790.6250216098585,802.2561103486959,809.4360186479968
mango_rmse_random,medium,2013-12-31,2015Q1,6,INV,791.6977056860859,804.7916977539779,-13.093992067892032,771.5521078727777,779.254598485409,791.8675049466156,803.8517557664054,811.7635731970141
mango_rmse_random,medium,2013-12-31,2015Q2,7,INV,792.1839851545491,805.0922745163426,-12.90828936179355,769.8360375624385,778.5146740794452,792.2970158986882,805.7743670030997,814.5228461516361
mango_rmse_random,medium,2013-12-31,2015Q3,8,INV,792.6801124300696,804.8901376180519,-12.210025187982296,767.3404098527084,777.9654946223209,792.8370530379825,807.2634939631389,816.7065982461191
mango_rmse_random,medium,2013-12-31,2013Q4,1,WAGE,461.2301088880123,460.4549993708612,0.7751095171511224,459.9640649194351,460.4628817484731,461.21585259403366,461.9980134007611,462.53173510550494
mango_rmse_random,medium,2013-12-31,2014Q1,2,WAGE,461.4045760207767,461.71778051123687,-0.31320449046017984,459.84118472840623,460.4049886845242,461.3772107209859,462.38277820966454,463.1218529517623
mango_rmse_random,medium,2013-12-31,2014Q2,3,WAGE,461.583049949383,460.65692069017985,0.9261292592031509,459.4940239725145,460.37321598413195,461.565816319868,462.7713111880235,463.62050265933493
mango_rmse_random,medium,2013-12-31,2014Q3,4,WAGE,461.6659930781188,460.9759638321899,0.6900292459288835,459.19488618169487,460.2605014686456,461.6682801330152,463.1105932501008,464.0715975592409
mango_rmse_random,medium,2013-12-31,2014Q4,5,WAGE,461.772101957953,462.26465802893273,-0.492556070979731,459.01005626988234,460.1158265358583,461.7957735277,463.3665460145341,464.5018966831084
mango_rmse_random,medium,2013-12-31,2015Q1,6,WAGE,461.86125358284846,464.0489066112446,-2.1876530283961415,458.6339924655378,460.02505192966754,461.8507355513757,463.7285339828111,464.90931621027187
mango_rmse_random,medium,2013-12-31,2015Q2,7,WAGE,461.9813567917593,464.2369626977198,-2.255605905960465,458.48114920549614,459.86618815681135,461.9801803161529,464.0541125945537,465.54238950442806
mango_rmse_random,medium,2013-12-31,2015Q3,8,WAGE,462.0691012644767,464.55344757775157,-2.484346313274841,458.3606711339786,459.8379833950422,462.0636955742772,464.33951848560076,465.7842214821558
mango_rmse_random,medium,2014-03-31,2014Q1,1,CONS,929.8254328753518,933.6764719277527,-3.8510390524008926,928.90538680173,929.2596648201684,929.8166941699973,930.4067404481425,930.7940675686796
mango_rmse_random,medium,2014-03-31,2014Q2,2,CONS,930.4164946647251,934.6008205784117,-4.184325913686621,928.930292772455,929.501738579638,930.4280424084839,931.3741258911158,931.9761762569401
mango_rmse_random,medium,2014-03-31,2014Q3,3,CONS,930.9950840717066,935.5797543960106,-4.584670324303943,928.9554400003532,929.6535644257277,931.0059721303584,932.2292004164981,933.150698088425
mango_rmse_random,medium,2014-03-31,2014Q4,4,CONS,931.5648199831245,936.6909581943073,-5.12613821118282,928.9495757669051,929.8789249374937,931.580159811486,933.2289632453093,934.3217401267325
mango_rmse_random,medium,2014-03-31,2015Q1,5,CONS,932.0877400250553,937.3559721122837,-5.268232087228398,928.6244995342744,930.0308306612907,932.0756198401195,934.1350589180078,935.5363313546669
mango_rmse_random,medium,2014-03-31,2015Q2,6,CONS,932.574128072846,938.0306918992713,-5.456563826425395,928.4882644298447,930.1373283010037,932.5204363377993,935.0598986002512,936.7699781725325
mango_rmse_random,medium,2014-03-31,2015Q3,7,CONS,933.0687545236066,938.7904212097346,-5.72166668612806,928.2772560385682,930.3112330368714,932.97575631318,935.8866320493697,937.9656151906454
mango_rmse_random,medium,2014-03-31,2015Q4,8,CONS,933.5486634720689,939.2924061077128,-5.743742635643912,928.1000529394169,930.3692135732075,933.5014535535163,936.7570507360319,938.9143833232285
mango_rmse_random,medium,2014-03-31,2014Q1,1,DEFL,467.8841453146331,463.41657228293434,4.467573031698748,467.14979649014685,467.421583041481,467.8828829528293,468.3404741979828,468.65130334127423
mango_rmse_random,medium,2014-03-31,2014Q2,2,DEFL,468.3194277470846,463.9813129431631,4.338114803921485,467.0143616055007,467.5485431084223,468.31878491470235,469.0888781116306,469.6220441484849
mango_rmse_random,medium,2014-03-31,2014Q3,3,DEFL,468.7845996153459,464.4169720837101,4.367627531635776,466.90437804041517,467.62505330872153,468.8130891135087,469.9226294164385,470.7082705352741
mango_rmse_random,medium,2014-03-31,2014Q4,4,DEFL,469.2444385722876,464.58321677069813,4.661221801589477,466.67247176640745,467.6849867008601,469.2421566667578,470.8166366195555,471.818297723849
mango_rmse_random,medium,2014-03-31,2015Q1,5,DEFL,469.7407505842288,464.5476847747226,5.1930658095062086,466.37741387331016,467.7575827758063,469.7165185451795,471.76157471226804,473.078893799145
mango_rmse_random,medium,2014-03-31,2015Q2,6,DEFL,470.2464111992892,465.0879418481692,5.158469351120004,466.07505977956583,467.86358350783746,470.1829110991265,472.8122200960044,474.3597971670439
mango_rmse_random,medium,2014-03-31,2015Q3,7,DEFL,470.76675894323927,465.38555827648497,5.381200666754296,465.7870693358719,467.78134469220566,470.65222395475826,473.9019285363553,475.7351860166172
mango_rmse_random,medium,2014-03-31,2015Q4,8,DEFL,471.29440974654125,465.37603301548563,5.918376731055616,465.39488861714466,467.82424808646044,471.19504166727836,474.90115665500247,477.1507506175647
mango_rmse_random,medium,2014-03-31,2014Q1,1,FFR,0.409729902633313,0.07333333333333335,0.33639656929997963,-1.1142751091707144,-0.5113466915749239,0.4301210738201816,1.3187911368905247,1.8699084183714259
mango_rmse_random,medium,2014-03-31,2014Q2,2,FFR,0.6139553044186356,0.09333333333333334,0.5206219710853022,-1.6647544231945508,-0.847912714345036,0.654174184981817,1.9883328226441903,2.848114395036296
mango_rmse_random,medium,2014-03-31,2014Q3,3,FFR,0.7266478826666775,0.09000000000000001,0.6366478826666775,-2.1824161565898086,-1.055070830410513,0.729506033676401,2.5236083336257016,3.6222047568943974
mango_rmse_random,medium,2014-03-31,2014Q4,4,FFR,0.9738646332004897,0.09999999999999999,0.8738646332004897,-2.5006699886877026,-1.067789561745924,0.9682154142144929,3.1049725816695024,4.537834293487186
mango_rmse_random,medium,2014-03-31,2015Q1,5,FFR,1.1912751596186608,0.11,1.0812751596186607,-2.8036103217768242,-1.263832221054097,1.1645411241021648,3.668849372679109,5.334571215330947
mango_rmse_random,medium,2014-03-31,2015Q2,6,FFR,1.3233120885451777,0.12333333333333334,1.1999787552118444,-3.1022116286749513,-1.320811400353555,1.236916419917696,4.021353518508622,5.824865654029028
mango_rmse_random,medium,2014-03-31,2015Q3,7,FFR,1.417957747217713,0.1366666666666667,1.2812910805510462,-3.436681111835721,-1.4939485576808589,1.4050720452804388,4.3628625140063875,6.407744304951962
mango_rmse_random,medium,2014-03-31,2015Q4,8,FFR,1.4711724992525734,0.16,1.3111724992525735,-3.7517074641573185,-1.734325949282921,1.4486908727209735,4.565647455904701,6.715057070284414
mango_rmse_random,medium,2014-03-31,2014Q1,1,GDP,968.4898369814415,972.0420537957549,-3.5522168143133968,967.1368260125798,967.7200240330257,968.5056765889487,969.2813887825047,969.7628474587411
mango_rmse_random,medium,2014-03-31,2014Q2,2,GDP,969.1328932929949,973.318007678534,-4.185114385539009,967.069854966289,967.913862383265,969.1727088369155,970.357664111188,971.14739362414
mango_rmse_random,medium,2014-03-31,2014Q3,3,GDP,969.6991563935445,974.4762358890149,-4.777079495470389,966.8295801629583,968.0225183820144,969.7315891296907,971.4052079266237,972.3865452254855
mango_rmse_random,medium,2014-03-31,2014Q4,4,GDP,970.3109892986971,974.9242243231641,-4.613235024467031,966.8089207769165,968.2296803535727,970.328648384223,972.3788717163104,973.6981118768962
mango_rmse_random,medium,2014-03-31,2015Q1,5,GDP,970.8813958354693,975.7342483786737,-4.852852543204335,966.7133327830453,968.3639765810606,970.8967915415171,973.3201221689699,974.9642335434527
mango_rmse_random,medium,2014-03-31,2015Q2,6,GDP,971.3850261282803,976.31257427765,-4.927548149369727,966.7664660274559,968.5137914131162,971.4238352661962,974.1270288298687,976.0931331658089
mango_rmse_random,medium,2014-03-31,2015Q3,7,GDP,971.8490086609913,976.6354252252142,-4.786416564222918,966.662188093795,968.6562759593087,971.8860828273298,974.9387636115787,977.2034614084848
mango_rmse_random,medium,2014-03-31,2015Q4,8,GDP,972.3055494187626,976.7815527534941,-4.476003334731558,966.6857366535166,968.8317924176704,972.3036203801983,975.7739298048942,978.0936399027697
mango_rmse_random,medium,2014-03-31,2014Q1,1,HOURS,467.3137808328359,463.23280500304094,4.080975829794966,466.08121100802066,466.57726915723043,467.3091485791738,468.0435854164966,468.54039772623844
mango_rmse_random,medium,2014-03-31,2014Q2,2,HOURS,467.76619226965704,464.0228401803155,3.743352089341556,465.4788325723542,466.42950085538615,467.75787446714696,469.09671030646115,469.94378197619733
mango_rmse_random,medium,2014-03-31,2014Q3,3,HOURS,468.0898713441349,464.76260450244837,3.327266841686537,464.826511894711,466.23010364042193,468.11862862365945,469.9857973165465,471.28004851636234
mango_rmse_random,medium,2014-03-31,2014Q4,4,HOURS,468.4545601044722,465.875834515802,2.5787255886701814,464.3144513497783,465.9612321631311,468.44802910802196,470.906092802618,472.4677542438026
mango_rmse_random,medium,2014-03-31,2015Q1,5,HOURS,468.7423622382082,466.15694228372104,2.585419954487179,463.6323364612052,465.76728801963174,468.757245495045,471.6236753831666,473.5155084781521
mango_rmse_random,medium,2014-03-31,2015Q2,6,HOURS,468.9561349988705,466.5408850979831,2.4152499008873747,463.0210294657631,465.5320892231141,468.9697538831018,472.38300477968767,474.41511453816935
mango_rmse_random,medium,2014-03-31,2015Q3,7,HOURS,469.12076847677895,466.55500719768037,2.565761279098581,462.3942393386021,465.30983189642734,469.1297365326627,473.00346451822134,475.4693803465531
mango_rmse_random,medium,2014-03-31,2015Q4,8,HOURS,469.26843680808395,467.1978005319704,2.0706362761135324,461.8332862549666,465.1069089255799,469.2712121691515,473.63634515292705,476.19453399348754
mango_rmse_random,medium,2014-03-31,2014Q1,1,INV,789.4637715611362,795.0955980161558,-5.631826455019564,782.6718895904787,785.3111302136089,789.6935198533948,793.5531270565534,796.1289573023702
mango_rmse_random,medium,2014-03-31,2014Q2,2,INV,790.7145166385086,799.2291631512261,-8.51464651271749,780.4271692219229,784.6742766126358,790.5450772866984,797.2535507978772,801.1850654181152
mango_rmse_random,medium,2014-03-31,2014Q3,3,INV,791.5330362019965,801.2542463678329,-9.721210165836396,778.0230895447725,783.5274884298082,791.386929144667,799.849538928842,804.8565733428036
mango_rmse_random,medium,2014-03-31,2014Q4,4,INV,792.5997986070599,801.3626822057217,-8.762883598661801,776.3605002304502,782.8701214094933,792.6249294473445,802.2397211886511,808.6453962232652
mango_rmse_random,medium,2014-03-31,2015Q1,5,INV,793.5184474209726,804.7916977539779,-11.273250333005308,774.9483503761094,782.520625147462,793.2324635508332,804.5597813460923,812.0386473137248
mango_rmse_random,medium,2014-03-31,2015Q2,6,INV,794.033057832035,805.0922745163426,-11.059216684307671,773.2863153056704,781.8495136373078,794.0995622731025,806.4841346650554,814.4871101917325
mango_rmse_random,medium,2014-03-31,2015Q3,7,INV,794.368499848079,804.8901376180519,-10.521637769972926,771.2443598622624,781.0029220542201,794.1225572182256,808.1542792153389,817.5833979901543
mango_rmse_random,medium,2014-03-31,2015Q4,8,INV,794.710018517339,803.6802038162332,-8.970185298894194,769.3085118169141,780.3462698175258,794.1668793302103,810.1816794703533,819.484157202746
mango_rmse_random,medium,2014-03-31,2014Q1,1,WAGE,461.3570091919717,461.71778051123687,-0.3607713192651545,460.04979037963744,460.5678139148177,461.35810460764105,462.14200930182676,462.65922397228593
mango_rmse_random,medium,2014-03-31,2014Q2,2,WAGE,461.5264773207436,460.65692069017985,0.8695566305637499,459.7694841669528,460.4865814115769,461.5420347481568,462.5279641547747,463.2380271510579
mango_rmse_random,medium,2014-03-31,2014Q3,3,WAGE,461.6002792332815,460.9759638321899,0.6243154010916214,459.39868184195547,460.32376874677965,461.5990583284125,462.90054477470653,463.7486129001947
mango_rmse_random,medium,2014-03-31,2014Q4,4,WAGE,461.7037075497724,462.26465802893273,-0.5609504791603399,459.1985149941153,460.2188107527208,461.6882829749218,463.20143002069307,464.18982724687976
mango_rmse_random,medium,2014-03-31,2015Q1,5,WAGE,461.8051871201188,464.0489066112446,-2.2437194911258302,458.89759059140687,460.1106509978442,461.7872855643454,463.54066631370756,464.67427681919906
mango_rmse_random,medium,2014-03-31,2015Q2,6,WAGE,461.9198827340494,464.2369626977198,-2.3170799636703805,458.70241444783437,459.9599239929233,461.9458611360353,463.85260304283065,465.07588420858076
mango_rmse_random,medium,2014-03-31,2015Q3,7,WAGE,462.0412557601972,464.55344757775157,-2.512191817554367,458.4333228489996,459.9567182476805,462.1153951196043,464.19210836467266,465.477776021846
mango_rmse_random,medium,2014-03-31,2015Q4,8,WAGE,462.1784231996305,464.340964864176,-2.162541664545472,458.2226860905172,459.8955204895682,462.2889535463713,464.4281743820084,465.9341280810035
mango_rmse_random,medium,2014-06-30,2014Q2,1,CONS,929.7651897463118,934.6008205784117,-4.835630832099923,928.8283475104233,929.1931278561852,929.7613205953423,930.3307999739443,930.7131804539625
mango_rmse_random,medium,2014-06-30,2014Q3,2,CONS,930.3438833997437,935.5797543960106,-5.23587099626684,928.8183535379918,929.4383639268676,930.3579959590803,931.2390810427086,931.823323504238
mango_rmse_random,medium,2014-06-30,2014Q4,3,CONS,930.915146456122,936.6909581943073,-5.775811738185325,928.7499008925364,929.6263114514574,930.9199106575079,932.2085005995243,933.0255942373769
mango_rmse_random,medium,2014-06-30,2015Q1,4,CONS,931.5248189210099,937.3559721122837,-5.831153191273756,928.7558363615436,929.8578428725059,931.5063519025964,933.266271989501,934.353486176002
mango_rmse_random,medium,2014-06-30,2015Q2,5,CONS,932.0334681348212,938.0306918992713,-5.997223764450155,928.575559464171,929.9229305827826,931.9740055991903,934.1861345102033,935.4831333576303
mango_rmse_random,medium,2014-06-30,2015Q3,6,CONS,932.5351848922575,938.7904212097346,-6.25523631747717,928.4729970488075,929.990110405025,932.5123981135457,935.0620845645698,936.6504336805688
mango_rmse_random,medium,2014-06-30,2015Q4,7,CONS,933.041134132317,939.2924061077128,-6.251271975395866,928.3951870564961,930.1097101936665,933.0483387143413,935.9121732131554,937.7585668388865
mango_rmse_random,medium,2014-06-30,2016Q1,8,CONS,933.548069332003,940.0231374759705,-6.475068143967519,928.3172743089979,930.2074019483135,933.5591561324162,936.8549664070712,938.8089631508478
mango_rmse_random,medium,2014-06-30,2014Q2,1,DEFL,468.2080658678182,463.9813129431631,4.226752924655102,467.48535388606734,467.79719154931234,468.20485034713846,468.6517092958422,468.9058584575564
mango_rmse_random,medium,2014-06-30,2014Q3,2,DEFL,468.5928707635688,464.4169720837101,4.175898679858676,467.34800957110576,467.8768411758609,468.6166100026227,469.32268223383284,469.80879838308175
mango_rmse_random,medium,2014-06-30,2014Q4,3,DEFL,468.961171222802,464.58321677069813,4.377954452103893,467.092305047948,467.86807380963126,468.97856187388356,470.03457693660727,470.7424921839825
mango_rmse_random,medium,2014-06-30,2015Q1,4,DEFL,469.3426688950085,464.5476847747226,4.794984120285903,466.79796729431575,467.89540405190775,469.3727636438192,470.8136152195403,471.8256871942805
mango_rmse_random,medium,2014-06-30,2015Q2,5,DEFL,469.76796025228396,465.0879418481692,4.680018404114776,466.5275640007329,467.81810580125443,469.79935408138795,471.63814039240214,473.0370769466097
mango_rmse_random,medium,2014-06-30,2015Q3,6,DEFL,470.19895776613373,465.38555827648497,4.813399489648759,466.1032930297124,467.8361982313677,470.2809692009382,472.53941604060077,474.2048265755759
mango_rmse_random,medium,2014-06-30,2015Q4,7,DEFL,470.6387663329691,465.37603301548563,5.26273331748348,465.5642589363401,467.7736909086571,470.76180312929847,473.5070336671898,475.4080016089619
mango_rmse_random,medium,2014-06-30,2016Q1,8,DEFL,471.1015567835727,465.29598498239403,5.805571801178644,465.1492081780421,467.69783976973264,471.2574701069181,474.4676526514473,476.79739190988096
mango_rmse_random,medium,2014-06-30,2014Q2,1,FFR,-0.0016329733446498668,0.09333333333333334,-0.0949663066779832,-1.4846224951645433,-0.9019329500452221,-0.021568095223080477,0.9350514762702088,1.5266434301310379
mango_rmse_random,medium,2014-06-30,2014Q3,2,FFR,0.11604290920958305,0.09000000000000001,0.026042909209583034,-2.151582608339188,-1.2984968162826553,0.11833640783439955,1.4996090280258232,2.389672746964136
mango_rmse_random,medium,2014-06-30,2014Q4,3,FFR,0.37088052151243034,0.09999999999999999,0.27088052151243036,-2.541195307601291,-1.3879326280188027,0.4218552505080684,2.0598890935400447,3.2346985940682167
mango_rmse_random,medium,2014-06-30,2015Q1,4,FFR,0.573656702498045,0.11,0.463656702498045,-2.8670722740510746,-1.4097267465877763,0.593402533607707,2.607731193534053,4.052135456863989
mango_rmse_random,medium,2014-06-30,2015Q2,5,FFR,0.6561236239131109,0.12333333333333334,0.5327902905797776,-3.4035723247467335,-1.7413352736264238,0.6669793610979058,3.142271879179573,4.777628479446791
mango_rmse_random,medium,2014-06-30,2015Q3,6,FFR,0.7580939743687887,0.1366666666666667,0.621427307702122,-3.8399126121580345,-1.9284934462440233,0.6823164431803882,3.53624775366039,5.343004997083787
mango_rmse_random,medium,2014-06-30,2015Q4,7,FFR,0.8490463005749184,0.16,0.6890463005749183,-4.11633864218632,-2.037302741372359,0.7680658406335765,3.816650834591762,5.882416350756704
mango_rmse_random,medium,2014-06-30,2016Q1,8,FFR,0.9543570115203014,0.36000000000000004,0.5943570115203014,-4.228650946034346,-2.187768369658072,0.9248913086530004,4.166561133113763,6.377494223394612
mango_rmse_random,medium,2014-06-30,2014Q2,1,GDP,967.5944097847274,973.318007678534,-5.723597893806527,966.342086086052,966.847093086099,967.5855549240399,968.3838954815888,968.8317260141655
mango_rmse_random,medium,2014-06-30,2014Q3,2,GDP,968.0956695624935,974.4762358890149,-6.380566326521375,966.0445068990249,966.8917372801607,968.1088692306944,969.3163234474949,970.0786756128924
mango_rmse_random,medium,2014-06-30,2014Q4,3,GDP,968.7550598876353,974.9242243231641,-6.169164435528842,965.8734472253451,967.0644658242793,968.8244323668729,970.4010094972973,971.3975113460775
mango_rmse_random,medium,2014-06-30,2015Q1,4,GDP,969.3195178017656,975.7342483786737,-6.414730576908028,965.8670994782525,967.2696380183987,969.3690529917202,971.3488740658356,972.722292805037
mango_rmse_random,medium,2014-06-30,2015Q2,5,GDP,969.8571331380746,976.31257427765,-6.455441139575441,965.7495330780839,967.3727147372608,969.8784317169673,972.3776839343645,973.8533086687939
mango_rmse_random,medium,2014-06-30,2015Q3,6,GDP,970.3429052980824,976.6354252252142,-6.292519927131821,965.7808574213273,967.5365029549941,970.3398210569094,973.1953027766542,975.0333952245398
mango_rmse_random,medium,2014-06-30,2015Q4,7,GDP,970.8225436502358,976.7815527534941,-5.959009103258268,965.5886689515083,967.7110103814699,970.8859734459274,973.9519698260286,975.9929060282881
mango_rmse_random,medium,2014-06-30,2016Q1,8,GDP,971.2933019812892,977.3690037449436,-6.075701763654365,965.6447661836609,967.9135408655836,971.392375480433,974.8104660906629,976.973532548132
mango_rmse_random,medium,2014-06-30,2014Q2,1,HOURS,467.6459565926538,464.0228401803155,3.6231164123383337,466.39141627832987,466.91438667082593,467.6314653115272,468.3910089535647,468.86702299959796
mango_rmse_random,medium,2014-06-30,2014Q3,2,HOURS,467.8617334762903,464.76260450244837,3.099128973841914,465.7508115366719,466.5551440709274,467.8756134301832,469.14777625673463,469.9721584677654
mango_rmse_random,medium,2014-06-30,2014Q4,3,HOURS,468.1000345075409,465.875834515802,2.2241999917388853,465.0495835601372,466.2105555270458,468.1123756934036,470.0421403824672,471.1965165204483
mango_rmse_random,medium,2014-06-30,2015Q1,4,HOURS,468.3995210454383,466.15694228372104,2.2425787617172546,464.53343441472555,465.9752004837153,468.38042026222905,470.85908435294715,472.27179081149706
mango_rmse_random,medium,2014-06-30,2015Q2,5,HOURS,468.6916818915608,466.5408850979831,2.1507967935776833,463.8905996850993,465.7609754483384,468.76192025083714,471.60093721712957,473.6159428812049
mango_rmse_random,medium,2014-06-30,2015Q3,6,HOURS,468.95437101530183,466.55500719768037,2.399363817621463,463.4154026447192,465.4969677245181,469.0299356904617,472.3349392809315,474.50731637983887
mango_rmse_random,medium,2014-06-30,2015Q4,7,HOURS,469.184010046231,467.1978005319704,1.9862095142605654,462.95722043231535,465.51630217964583,469.2382907037662,472.95132142473335,475.4892837143144
mango_rmse_random,medium,2014-06-30,2016Q1,8,HOURS,469.392448830296,467.58522965736216,1.8072191729338556,462.4471304826608,465.39368939507733,469.31680600084405,473.5077251188509,476.4782158624462
mango_rmse_random,medium,2014-06-30,2014Q2,1,INV,786.6798877956182,799.2291631512261,-12.549275355607847,779.9377582800073,782.8296238868895,786.6255455710561,790.6609447953739,793.379127158927
mango_rmse_random,medium,2014-06-30,2014Q3,2,INV,787.0023959895976,801.2542463678329,-14.251850378235304,776.8239240425762,780.7182755619141,787.057756183713,793.115361552426,797.3432577685578
mango_rmse_random,medium,2014-06-30,2014Q4,3,INV,788.4933990220469,801.3626822057217,-12.869283183674838,775.6139562149384,780.4938511001415,788.6980885054431,796.5429156248523,801.5852717495807
mango_rmse_random,medium,2014-06-30,2015Q1,4,INV,789.1618146735068,804.7916977539779,-15.629883080471132,773.4628828466264,779.7616964887422,789.1282743550157,798.470393018088,805.123071214659
mango_rmse_random,medium,2014-06-30,2015Q2,5,INV,790.0751709315255,805.0922745163426,-15.017103584817164,772.1394624198191,779.0398945496424,789.886515604376,800.9608258449674,808.1357756797267
mango_rmse_random,medium,2014-06-30,2015Q3,6,INV,790.7914680003969,804.8901376180519,-14.098669617654991,770.8813703701985,778.5093966606735,790.7998039242287,803.1660084840646,810.9506292698644
mango_rmse_random,medium,2014-06-30,2015Q4,7,INV,791.4083509871533,803.6802038162332,-12.271852829079876,768.8880796935908,777.3447953119266,791.5979279066898,805.147976448889,813.9323119343163
mango_rmse_random,medium,2014-06-30,2016Q1,8,INV,791.8581109228362,803.2505963859908,-11.392485463154571,767.0391970529028,776.6002880076721,791.986375890111,807.5129152940164,816.878116297044
mango_rmse_random,medium,2014-06-30,2014Q2,1,WAGE,461.1428316004418,460.65692069017985,0.4859109102619641,459.82672803100434,460.3751561399025,461.16187180778496,461.9226524093138,462.3713478151577
mango_rmse_random,medium,2014-06-30,2014Q3,2,WAGE,461.3017740731982,460.9759638321899,0.32581024100829836,459.5889788035459,460.2640806088956,461.3156103968745,462.3201923699582,463.00510797758886
mango_rmse_random,medium,2014-06-30,2014Q4,3,WAGE,461.34942942535326,462.26465802893273,-0.9152286035794646,459.25185847714005,460.1003315138999,461.3476652133063,462.57796370519924,463.54642975476924
mango_rmse_random,medium,2014-06-30,2015Q1,4,WAGE,461.4150685801811,464.0489066112446,-2.633838031063476,458.98061665485744,459.94479787003183,461.40542032034665,462.87347662858366,463.84087202231524
mango_rmse_random,medium,2014-06-30,2015Q2,5,WAGE,461.5238394920446,464.2369626977198,-2.713123205675174,458.74795964955484,459.810121472588,461.5323042885151,463.179631371806,464.342152454813
mango_rmse_random,medium,2014-06-30,2015Q3,6,WAGE,461.6285616729507,464.55344757775157,-2.924885904800874,458.5631199871266,459.7336033650805,461.6414290746152,463.5287186989235,464.7399718573277
mango_rmse_random,medium,2014-06-30,2015Q4,7,WAGE,461.71918686150303,464.340964864176,-2.6217780026729542,458.25796423217594,459.61554386595344,461.6820201799234,463.77504895310324,465.12798022453035
mango_rmse_random,medium,2014-06-30,2016Q1,8,WAGE,461.80997455554956,464.4112014102709,-2.6012268547213466,458.1546303993088,459.5711225983113,461.74011228686004,464.0807888947204,465.59471839340983
mango_rmse_random,medium,2014-09-30,2014Q3,1,CONS,930.4674599616585,935.5797543960106,-5.112294434352066,929.5255066961652,929.8798703078074,930.4673252301342,931.0579567658049,931.4060639143696
mango_rmse_random,medium,2014-09-30,2014Q4,2,CONS,931.1012731659131,936.6909581943073,-5.5896850283942285,929.588531927605,930.1930596651187,931.1155226974762,932.0233711401498,932.6236475052092
mango_rmse_random,medium,2014-09-30,2015Q1,3,CONS,931.6903741629202,937.3559721122837,-5.665597949363473,929.5620100524183,930.4479789099524,931.6939254595202,932.9231311330243,933.7469960711502
mango_rmse_random,medium,2014-09-30,2015Q2,4,CONS,932.1515492799573,938.0306918992713,-5.879142619314052,929.343200127666,930.4748307032496,932.1355804193535,933.7862260076307,934.818483689489
mango_rmse_random,medium,2014-09-30,2015Q3,5,CONS,932.6377851834167,938.7904212097346,-6.152636026317964,929.2778825559298,930.6267934888008,932.621056517152,934.5896219175481,936.0781956998474
mango_rmse_random,medium,2014-09-30,2015Q4,6,CONS,933.093175315394,939.2924061077128,-6.199230792318872,929.0765694132529,930.689597560498,933.011250828818,935.4679019018446,937.1093013481405
mango_rmse_random,medium,2014-09-30,2016Q1,7,CONS,933.5342058198128,940.0231374759705,-6.488931656157774,928.9048807420658,930.7402585770354,933.477345358863,936.3379445579317,938.1728814721316
mango_rmse_random,medium,2014-09-30,2016Q2,8,CONS,933.9941845971626,940.5300639389587,-6.53587934179609,928.6469429041831,930.7769715628707,933.9819881704616,937.2242029932473,939.4061522844419
mango_rmse_random,medium,2014-09-30,2014Q3,1,DEFL,468.8692705468039,464.4169720837101,4.4522984630937685,468.1624608174696,468.43753283973626,468.87181130992985,469.30464903538893,469.5946346525575
mango_rmse_random,medium,2014-09-30,2014Q4,2,DEFL,469.3096096971001,464.58321677069813,4.726392926401957,468.05020456089034,468.556740810084,469.29550721099736,470.05266362092226,470.579535683605
mango_rmse_random,medium,2014-09-30,2015Q1,3,DEFL,469.8020424879552,464.5476847747226,5.254357713232594,468.01236662453204,468.6994507156652,469.794894338796,470.8917630475519,471.62290143316267
mango_rmse_random,medium,2014-09-30,2015Q2,4,DEFL,470.33720194879174,465.0879418481692,5.249260100622564,467.8854564613843,468.82896024980636,470.35055524460415,471.8038901012951,472.77012820171774
mango_rmse_random,medium,2014-09-30,2015Q3,5,DEFL,470.8517056927361,465.38555827648497,5.466147416251147,467.64279804489274,468.98328247925167,470.88145541641063,472.7679443553626,473.9750005006409
mango_rmse_random,medium,2014-09-30,2015Q4,6,DEFL,471.40717195616685,465.37603301548563,6.031138940681217,467.38960347118376,469.0681162397291,471.4176745949257,473.8616762117998,475.4762406092229
mango_rmse_random,medium,2014-09-30,2016Q1,7,DEFL,471.978668738462,465.29598498239403,6.682683756067945,467.0698468677252,469.1341114044289,471.9969079380615,474.98209771012773,476.7309248220551
mango_rmse_random,medium,2014-09-30,2016Q2,8,DEFL,472.54389061843455,465.999922226677,6.5439683917575735,466.68276680650877,469.12261649899926,472.5398585504687,476.0121628443307,478.28990421823283
mango_rmse_random,medium,2014-09-30,2014Q3,1,FFR,0.392952061414651,0.09000000000000001,0.302952061414651,-1.1376211268966432,-0.4961052450564584,0.4158807117593134,1.2938142924676426,1.848714105201963
mango_rmse_random,medium,2014-09-30,2014Q4,2,FFR,0.783725545913809,0.09999999999999999,0.6837255459138091,-1.6440615162394778,-0.6287579640797762,0.8086513883456066,2.2303162926907465,3.1469364942202973
mango_rmse_random,medium,2014-09-30,2015Q1,3,FFR,1.0168425286994647,0.11,0.9068425286994647,-2.0184163124636925,-0.7981557760242715,1.086616653119519,2.7908594587853695,3.9759559063588314
mango_rmse_random,medium,2014-09-30,2015Q2,4,FFR,1.130119247192256,0.12333333333333334,1.0067859138589228,-2.4449424137395392,-0.9187371763294551,1.1423538434413163,3.226710338693875,4.617036846342939
mango_rmse_random,medium,2014-09-30,2015Q3,5,FFR,1.325108904715686,0.1366666666666667,1.1884422380490194,-2.6783429548408684,-1.1106308789762842,1.2887599143535156,3.613348124812623,5.461445456220112
mango_rmse_random,medium,2014-09-30,2015Q4,6,FFR,1.5127411632172425,0.16,1.3527411632172426,-2.9357662013495682,-1.1368217505969076,1.4705359542163925,4.219588478754811,6.149991152427339
mango_rmse_random,medium,2014-09-30,2016Q1,7,FFR,1.627128603488278,0.36000000000000004,1.2671286034882778,-3.2791573389025617,-1.3187121889709792,1.5740578580034268,4.530009616564001,6.708464030916222
mango_rmse_random,medium,2014-09-30,2016Q2,8,FFR,1.720246126830126,0.37333333333333335,1.3469127934967926,-3.5925835450518404,-1.4075685073394049,1.6467130901505014,4.829313606666601,7.042865106991333
mango_rmse_random,medium,2014-09-30,2014Q3,1,GDP,968.6687421015303,974.4762358890149,-5.8074937874846455,967.3402496108878,967.863974514693,968.6706256332557,969.4587866690094,970.0054235460724
mango_rmse_random,medium,2014-09-30,2014Q4,2,GDP,969.3763681345381,974.9242243231641,-5.547856188626042,967.277683236432,968.1044757297891,969.3858938927399,970.6229720259834,971.4674946403852
mango_rmse_random,medium,2014-09-30,2015Q1,3,GDP,969.8956661826226,975.7342483786737,-5.838582196051107,967.0022326722608,968.2069904941965,969.8840258433315,971.6008023193044,972.7887377550969
mango_rmse_random,medium,2014-09-30,2015Q2,4,GDP,970.4116584192041,976.31257427765,-5.900915858445956,966.8677276503101,968.292539347618,970.4418822855284,972.482720071268,973.8300034960688
mango_rmse_random,medium,2014-09-30,2015Q3,5,GDP,970.9065077150707,976.6354252252142,-5.72891751014356,966.7010974561313,968.4733601496155,970.9364945825711,973.2666406219355,974.8755062231119
mango_rmse_random,medium,2014-09-30,2015Q4,6,GDP,971.3685033387902,976.7815527534941,-5.413049414703892,966.7630862199293,968.5902409640006,971.4203877411737,974.0912612177536,975.8807823235223
mango_rmse_random,medium,2014-09-30,2016Q1,7,GDP,971.7894682230371,977.3690037449436,-5.57953552190645,966.6982380126404,968.7220435788956,971.778970810257,974.8955464795206,976.7991115624784
mango_rmse_random,medium,2014-09-30,2016Q2,8,GDP,972.1939842988645,977.6709362762499,-5.476951977385397,966.5489106269265,968.6437673484561,972.1699072108177,975.7123828851525,978.0599724191972
mango_rmse_random,medium,2014-09-30,2014Q3,1,HOURS,468.41373686780076,464.76260450244837,3.651132365352396,467.1577724438142,467.67450932334185,468.41630115266116,469.1402772395262,469.68390459155773
mango_rmse_random,medium,2014-09-30,2014Q4,2,HOURS,468.7870321197949,465.875834515802,2.911197603992889,466.5847064248099,467.3877242485972,468.78500503130107,470.2027176603907,470.9932442585429
mango_rmse_random,medium,2014-09-30,2015Q1,3,HOURS,469.16062860274707,466.15694228372104,3.0036863190260306,465.9469207847212,467.24057503080934,469.17764354992755,471.15141028578176,472.22836046012543
mango_rmse_random,medium,2014-09-30,2015Q2,4,HOURS,469.4767634823736,466.5408850979831,2.9358783843904916,465.37234452364777,466.9680844070607,469.5118743364308,471.8834037249961,473.37832591247496
mango_rmse_random,medium,2014-09-30,2015Q3,5,HOURS,469.7383294903918,466.55500719768037,3.1833222927114093,464.8578694634597,466.8692791195304,469.77971762647803,472.6151434908749,474.55746161935906
mango_rmse_random,medium,2014-09-30,2015Q4,6,HOURS,469.9153287749263,467.1978005319704,2.7175282429558933,464.32230964587836,466.63757556408575,469.923766136434,473.2325575974837,475.5718931135233
mango_rmse_random,medium,2014-09-30,2016Q1,7,HOURS,470.0448425781137,467.58522965736216,2.4596129207515105,463.7804473917902,466.3388317523272,470.0821260292313,473.8023221970571,476.1843776735127
mango_rmse_random,medium,2014-09-30,2016Q2,8,HOURS,470.1513095284746,467.88666449104284,2.2646450374317624,463.18032849787477,466.05368674827423,470.0881833106114,474.2500351784463,476.871324800875
mango_rmse_random,medium,2014-09-30,2014Q3,1,INV,790.3390410565121,801.2542463678329,-10.915205311320847,783.7850444808313,786.25090773921,790.3388822664424,794.3326025211448,796.9758357420217
mango_rmse_random,medium,2014-09-30,2014Q4,2,INV,791.7130775370299,801.3626822057217,-9.649604668691836,781.1469316077938,785.3020701382201,791.7507164487504,797.9665176046827,801.8996770949524
mango_rmse_random,medium,2014-09-30,2015Q1,3,INV,792.1576826260728,804.7916977539779,-12.634015127905172,778.7791309376721,784.1047218916382,792.2252482347467,800.190375020177,805.9743942676041
mango_rmse_random,medium,2014-09-30,2015Q2,4,INV,793.1312185479248,805.0922745163426,-11.961055968417782,777.1938454182136,783.7733570936929,793.177577810985,802.3963545381924,808.6630250518023
mango_rmse_random,medium,2014-09-30,2015Q3,5,INV,793.7906787514671,804.8901376180519,-11.099458866584769,775.7967069867111,782.7465759881801,793.9745257640192,804.3383776120385,811.2390512128073
mango_rmse_random,medium,2014-09-30,2015Q4,6,INV,794.2630132392704,803.6802038162332,-9.417190576962753,774.2921550966665,782.1565106249018,794.2636464850839,805.8199461711466,814.079487330322
mango_rmse_random,medium,2014-09-30,2016Q1,7,INV,794.6610459376228,803.2505963859908,-8.589550448367959,773.1330447076584,781.5721146775493,794.4416354797246,807.6758045054748,816.4146266368145
mango_rmse_random,medium,2014-09-30,2016Q2,8,INV,794.7658297262839,802.7258817867689,-7.960052060485054,771.0333818408252,780.5885990393176,794.5687422759908,808.9358247733807,819.1469225046591
mango_rmse_random,medium,2014-09-30,2014Q3,1,WAGE,461.56403288642827,460.9759638321899,0.5880690542383604,460.2824977778043,460.80874100556815,461.55623444041316,462.3416825516488,462.9022674799024
mango_rmse_random,medium,2014-09-30,2014Q4,2,WAGE,461.67143857969927,462.26465802893273,-0.5932194492334588,459.9855678861103,460.6365514028425,461.6671249247653,462.6915446638606,463.3467520398335
mango_rmse_random,medium,2014-09-30,2015Q1,3,WAGE,461.7744202756368,464.0489066112446,-2.274486335607776,459.6818881247217,460.51234652299667,461.7521465720887,463.0605363944862,463.8636485913751
mango_rmse_random,medium,2014-09-30,2015Q2,4,WAGE,461.86713175234956,464.2369626977198,-2.369830945370211,459.38819466027235,460.3821115007331,461.8684392115531,463.3441296042471,464.4275360106061
mango_rmse_random,medium,2014-09-30,2015Q3,5,WAGE,461.9277327684688,464.55344757775157,-2.6257148092827833,459.1022638782695,460.1972140916398,461.91967133120784,463.6513930083696,464.724692963952
mango_rmse_random,medium,2014-09-30,2015Q4,6,WAGE,462.06618016218135,464.340964864176,-2.2747847019946335,458.87926708601964,460.1553657028599,462.08440256498335,463.950014321065,465.14559655561766
mango_rmse_random,medium,2014-09-30,2016Q1,7,WAGE,462.1804417506671,464.4112014102709,-2.230759659603791,458.70668684234704,460.1333296243498,462.1256130768928,464.25176726633106,465.6458748180116
mango_rmse_random,medium,2014-09-30,2016Q2,8,WAGE,462.3039195321389,463.97648307525907,-1.6725635431201908,458.55258512740295,460.01389140952506,462.2385046553975,464.6149110294162,466.0817948389661
mango_rmse_random,medium,2014-12-31,2014Q4,1,CONS,931.3298404712737,936.6909581943073,-5.361117723033658,930.3944204829444,930.7549985966543,931.3457435572602,931.8897189410096,932.2512455710248
mango_rmse_random,medium,2014-12-31,2015Q1,2,CONS,931.9629694755147,937.3559721122837,-5.393002636768983,930.4059933360439,931.0219860741956,931.981171233107,932.8849019846529,933.4838536068403
mango_rmse_random,medium,2014-12-31,2015Q2,3,CONS,932.4419408260501,938.0306918992713,-5.58875107322126,930.3331158946667,931.1704462054558,932.4302549144425,933.6802663004637,934.6064973219381
mango_rmse_random,medium,2014-12-31,2015Q3,4,CONS,932.9135105006403,938.7904212097346,-5.876910709094318,930.171018352251,931.2320299574407,932.9210686905246,934.5394034862436,935.6902443516125
mango_rmse_random,medium,2014-12-31,2015Q4,5,CONS,933.357752591072,939.2924061077128,-5.9346535166408785,929.9443723264374,931.2499187423618,933.3713703614308,935.4355538803244,936.6633458854831
mango_rmse_random,medium,2014-12-31,2016Q1,6,CONS,933.7794008998707,940.0231374759705,-6.243736576099877,929.6693246726924,931.3616461507432,933.8397617109022,936.3012583148766,937.7383278095691
mango_rmse_random,medium,2014-12-31,2016Q2,7,CONS,934.1985549916407,940.5300639389587,-6.331508947318071,929.4258050509426,931.3929697455523,934.2419308588969,937.0672067304198,938.792218558718
mango_rmse_random,medium,2014-12-31,2016Q3,8,CONS,934.6166433828711,941.1141949781957,-6.49755159532458,929.1869258433788,931.4161905044491,934.677918458681,937.8869142809148,939.9378325357891
mango_rmse_random,medium,2014-12-31,2014Q4,1,DEFL,469.1470192541518,464.58321677069813,4.563802483453685,468.4117136540917,468.6774955479096,469.1382499485227,469.6044345910714,469.9207816779773
mango_rmse_random,medium,2014-12-31,2015Q1,2,DEFL,469.60441762687685,464.5476847747226,5.056732852154255,468.35334773972215,468.8558738605568,469.5825742866175,470.36242142817423,470.8848667481675
mango_rmse_random,medium,2014-12-31,2015Q2,3,DEFL,470.0959799549197,465.0879418481692,5.008038106750519,468.25719809995144,468.9744670515629,470.0900561386517,471.20531282775875,471.9537742287511
mango_rmse_random,medium,2014-12-31,2015Q3,4,DEFL,470.6002938189409,465.38555827648497,5.214735542455912,468.0965435643673,469.10744571670887,470.60213806759197,472.0532880868593,473.093856913454
mango_rmse_random,medium,2014-12-31,2015Q4,5,DEFL,471.09971093431125,465.37603301548563,5.723677918825615,467.8998713265804,469.1572363728007,471.0996778368675,472.98589676982306,474.3595964773883
mango_rmse_random,medium,2014-12-31,2016Q1,6,DEFL,471.63099848977,465.29598498239403,6.3350135073759475,467.61545623976565,469.19612332284987,471.6591092172937,473.97097553726894,475.71755606811547
mango_rmse_random,medium,2014-12-31,2016Q2,7,DEFL,472.15291551380926,465.999922226677,6.15299328713229,467.2666064163405,469.2829291214364,472.1127563827836,475.00191364709804,477.0217751386269
mango_rmse_random,medium,2014-12-31,2016Q3,8,DEFL,472.6857758111322,466.27690583674894,6.408869974383265,467.0957899845273,469.2522650701201,472.6707033208934,475.9710642832237,478.4819704864539
mango_rmse_random,medium,2014-12-31,2014Q4,1,FFR,0.5169861880394997,0.09999999999999999,0.4169861880394997,-0.9500698128986029,-0.4078049181629799,0.5066683139139565,1.4214264635576752,1.9741488562774339
mango_rmse_random,medium,2014-12-31,2015Q1,2,FFR,0.8962879009736577,0.11,0.7862879009736577,-1.481740098422433,-0.4837561569793801,0.9240141753980915,2.276194975774827,3.0580796564361865
mango_rmse_random,medium,2014-12-31,2015Q2,3,FFR,1.030590145147081,0.12333333333333334,0.9072568118137476,-1.81109643998968,-0.6394689233561294,1.0999816671208114,2.6549029726828044,3.7183049324983775
mango_rmse_random,medium,2014-12-31,2015Q3,4,FFR,1.2028529889365922,0.1366666666666667,1.0661863222699255,-2.073477617121033,-0.8263732858477831,1.2176543896360137,3.2009308117905633,4.53551431777138
mango_rmse_random,medium,2014-12-31,2015Q4,5,FFR,1.3713527160166925,0.16,1.2113527160166926,-2.562234136767775,-0.9563308515593273,1.333901457344163,3.811909020809952,5.281786737256447
mango_rmse_random,medium,2014-12-31,2016Q1,6,FFR,1.4652217913965582,0.36000000000000004,1.105221791396558,-3.0568061856767197,-1.0775769490364615,1.4033022612216812,4.045931356287124,5.982314855664231
mango_rmse_random,medium,2014-12-31,2016Q2,7,FFR,1.485364747954285,0.37333333333333335,1.1120314146209518,-3.266402001871204,-1.2849681892901417,1.4952079515848622,4.3329610457669405,6.21383000124239
mango_rmse_random,medium,2014-12-31,2016Q3,8,FFR,1.4952022840326555,0.39666666666666667,1.0985356173659888,-3.7955148210584797,-1.5942645196111964,1.4883648979271873,4.5722117667154265,6.658458257571668
mango_rmse_random,medium,2014-12-31,2014Q4,1,GDP,970.0567234779799,974.9242243231641,-4.867500845184281,968.7346766096754,969.2752685302331,970.0327663672258,970.8503592211437,971.3810444305066
mango_rmse_random,medium,2014-12-31,2015Q1,2,GDP,970.6697989661263,975.7342483786737,-5.064449412547333,968.5837769687932,969.3909150130294,970.6952944406634,971.8964239431922,972.6802636562601
mango_rmse_random,medium,2014-12-31,2015Q2,3,GDP,971.1694552896561,976.31257427765,-5.143118987993944,968.3847058830463,969.4757568706334,971.2015073681838,972.8437265255953,973.9599380485439
mango_rmse_random,medium,2014-12-31,2015Q3,4,GDP,971.6611054314221,976.6354252252142,-4.9743197937921195,968.246264751613,969.5631044533529,971.7007502261339,973.6836565903459,975.1357721455461
mango_rmse_random,medium,2014-12-31,2015Q4,5,GDP,972.1191803690238,976.7815527534941,-4.662372384470359,967.9669639970975,969.6499011246268,972.1339958702479,974.6018562231831,976.1209671525559
mango_rmse_random,medium,2014-12-31,2016Q1,6,GDP,972.4909287191159,977.3690037449436,-4.878075025827684,967.9257213847341,969.5690369272035,972.5152026579531,975.2306386422885,977.2516746428428
mango_rmse_random,medium,2014-12-31,2016Q2,7,GDP,972.8589975018289,977.6709362762499,-4.811938774421037,967.6936909249847,969.726283848811,972.8623395878351,975.9391212830311,977.9957342105624
mango_rmse_random,medium,2014-12-31,2016Q3,8,GDP,973.2275631586436,978.270252164766,-5.042689006122373,967.394505265015,969.8530030074687,973.2509417619005,976.661831416077,978.9115983791127
mango_rmse_random,medium,2014-12-31,2014Q4,1,HOURS,469.0627733316315,465.875834515802,3.1869388158294782,467.80528295403957,468.31680217173493,469.0664879649461,469.8010999018716,470.3199266237584
mango_rmse_random,medium,2014-12-31,2015Q1,2,HOURS,469.55581812545154,466.15694228372104,3.3988758417305007,467.44474838489475,468.1654996681054,469.5517963761614,470.8779675851759,471.74249916441846
mango_rmse_random,medium,2014-12-31,2015Q2,3,HOURS,469.90512617007363,466.5408850979831,3.364241072090522,466.85094540304766,467.95854360216936,469.9015822531376,471.77177609968635,473.02821751737326
mango_rmse_random,medium,2014-12-31,2015Q3,4,HOURS,470.1325363525814,466.55500719768037,3.577529154901015,466.235176411938,467.63005540194484,470.1273115021895,472.53736058965154,474.14731653322
mango_rmse_random,medium,2014-12-31,2015Q4,5,HOURS,470.31288088537383,467.1978005319704,3.115080353403414,465.67970102596456,467.4008122330125,470.27855854302334,473.21191354773066,475.1651767122573
mango_rmse_random,medium,2014-12-31,2016Q1,6,HOURS,470.3806646731272,467.58522965736216,2.795435015765065,464.86814912185923,467.05213302597394,470.3215022324374,473.6688992621201,475.9568904996069
mango_rmse_random,medium,2014-12-31,2016Q2,7,HOURS,470.39481271693313,467.88666449104284,2.508148225890295,463.986213192193,466.6336397838836,470.30871682327046,474.1557803873025,476.8771676421037
mango_rmse_random,medium,2014-12-31,2016Q3,8,HOURS,470.41235091549737,468.1371679481668,2.2751829673305792,463.49687230593184,466.22878700954413,470.29657451949004,474.5814228580529,477.3215680293497
mango_rmse_random,medium,2014-12-31,2014Q4,1,INV,793.1569248804802,801.3626822057217,-8.205757325241507,786.5861665703793,789.2257974374528,793.1169888025856,797.0489964945386,799.7202952074804
mango_rmse_random,medium,2014-12-31,2015Q1,2,INV,794.3227452430137,804.7916977539779,-10.468952510964186,784.5041579409738,788.0766088301693,794.3124722027163,800.4234003022085,804.4267191688818
mango_rmse_random,medium,2014-12-31,2015Q2,3,INV,794.959497382325,805.0922745163426,-10.132777134017601,782.5931092959123,787.5178481434833,794.6571640857311,802.7567263684982,808.5528572670984
mango_rmse_random,medium,2014-12-31,2015Q3,4,INV,795.4389692848778,804.8901376180519,-9.45116833317411,781.1460046830368,786.4755700451655,795.252768620724,804.2393850052148,811.0885843807033
mango_rmse_random,medium,2014-12-31,2015Q4,5,INV,795.7694923406129,803.6802038162332,-7.910711475620246,778.7313604483998,784.7964156633681,795.5836671376649,806.2853987721654,813.7019126452308
mango_rmse_random,medium,2014-12-31,2016Q1,6,INV,795.6301593725718,803.2505963859908,-7.62043701341895,775.4329891727447,783.595489498037,795.2186170824109,807.755343528704,816.1347694067142
mango_rmse_random,medium,2014-12-31,2016Q2,7,INV,795.6128466584345,802.7258817867689,-7.113035128334445,772.8651839601962,782.1590630974239,795.6437747761088,808.909520237424,817.5392036785555
mango_rmse_random,medium,2014-12-31,2016Q3,8,INV,795.6334542427129,802.9204149938417,-7.286960751128845,770.9587308293607,780.8988250859028,796.0620269967204,810.1347488009259,819.1475973757313
mango_rmse_random,medium,2014-12-31,2014Q4,1,WAGE,460.9137795842513,462.26465802893273,-1.3508784446814275,459.5995278005699,460.0957755686306,460.917398205003,461.6952680479502,462.28637391757815
mango_rmse_random,medium,2014-12-31,2015Q1,2,WAGE,460.9904297527098,464.0489066112446,-3.058476858534789,459.1843209515829,459.9363080082094,460.97097732882435,462.06284984101734,462.7251776355349
mango_rmse_random,medium,2014-12-31,2015Q2,3,WAGE,461.13088367528434,464.2369626977198,-3.1060790224354378,458.9964788336404,459.8440017241447,461.1373473769558,462.3684089771405,463.21929365612675
mango_rmse_random,medium,2014-12-31,2015Q3,4,WAGE,461.2193349666874,464.55344757775157,-3.3341126110641426,458.8489372905324,459.7746837691486,461.1978597758721,462.71633904546206,463.6087462239505
mango_rmse_random,medium,2014-12-31,2015Q4,5,WAGE,461.2967834071347,464.340964864176,-3.0441814570413044,458.50391919312494,459.64719752295713,461.2758476114767,462.9580607477783,464.11062613534085
mango_rmse_random,medium,2014-12-31,2016Q1,6,WAGE,461.42827150080814,464.4112014102709,-2.9829299094627686,458.4049091599483,459.5459004187872,461.4470795716388,463.2787466526825,464.5899904920724
mango_rmse_random,medium,2014-12-31,2016Q2,7,WAGE,461.583714534393,463.97648307525907,-2.3927685408660864,458.14587805918126,459.5389545316145,461.55316620929057,463.652850357244,464.9816208676642
mango_rmse_random,medium,2014-12-31,2016Q3,8,WAGE,461.7180403822931,464.00739019959724,-2.289349817304128,458.0106608151334,459.59445344796796,461.7307061501739,463.95206944244677,465.4825789736534
mango_rmse_random,medium,2015-03-31,2015Q1,1,CONS,932.4727071333702,937.3559721122837,-4.883264978913417,931.4969423578809,931.904780408793,932.4763191557988,933.0474353287653,933.4032249932012
mango_rmse_random,medium,2015-03-31,2015Q2,2,CONS,933.1558120595826,938.0306918992713,-4.874879839688788,931.689658230515,932.2867484179422,933.1517831941223,934.0488940550423,934.6588773252867
mango_rmse_random,medium,2015-03-31,2015Q3,3,CONS,933.8557067676752,938.7904212097346,-4.93471444205943,931.8610074863435,932.6529627689009,933.8392412382362,935.0647209052225,935.8813195800108
mango_rmse_random,medium,2015-03-31,2015Q4,4,CONS,934.4341785419191,939.2924061077128,-4.858227565793754,931.8110103332409,932.9249898884772,934.4288487655685,935.938057905178,937.0623900816468
mango_rmse_random,medium,2015-03-31,2016Q1,5,CONS,934.9321347894229,940.0231374759705,-5.091002686547654,931.5985254774315,933.0282557259433,934.9423716688875,936.8476429947698,938.1248866028784
mango_rmse_random,medium,2015-03-31,2016Q2,6,CONS,935.4688469115074,940.5300639389587,-5.061217027451335,931.5224546217876,933.1906734209448,935.5323830358807,937.6838112134445,939.3798275127367
mango_rmse_random,medium,2015-03-31,2016Q3,7,CONS,935.9629513835757,941.1141949781957,-5.1512435946199275,931.5509407831295,933.2320528891009,936.0694124398337,938.5147430364676,940.4481177445577
mango_rmse_random,medium,2015-03-31,2016Q4,8,CONS,936.4458673741027,941.597765893345,-5.151898519242309,931.4821798489129,933.4107012622601,936.434766371948,939.4092887501495,941.5255576130775
mango_rmse_random,medium,2015-03-31,2015Q1,1,DEFL,469.184102156566,464.5476847747226,4.636417381843387,468.43988299024085,468.7578321750851,469.1783998578819,469.6286307810358,469.9087289600835
mango_rmse_random,medium,2015-03-31,2015Q2,2,DEFL,469.5267099205477,465.0879418481692,4.4387680723785365,468.20661922104364,468.7514981868372,469.54480245817524,470.26667207759346,470.8134432827664
mango_rmse_random,medium,2015-03-31,2015Q3,3,DEFL,469.83252679818474,465.38555827648497,4.446968521699773,468.0048369537913,468.6976673426998,469.85550124624734,470.971152335483,471.6337881012074
mango_rmse_random,medium,2015-03-31,2015Q4,4,DEFL,470.20321570974016,465.37603301548563,4.827182694254532,467.7247899700371,468.6712544272988,470.2459874614425,471.74730349050054,472.66617307608897
mango_rmse_random,medium,2015-03-31,2016Q1,5,DEFL,470.60938719068156,465.29598498239403,5.313402208287528,467.43731747215867,468.65464078989424,470.63953668478916,472.57068167655893,473.77388706676703
mango_rmse_random,medium,2015-03-31,2016Q2,6,DEFL,471.02118478647753,465.999922226677,5.021262559800562,467.02141557023015,468.54122202816643,471.11553363885133,473.4258267568268,474.98600698229416
mango_rmse_random,medium,2015-03-31,2016Q3,7,DEFL,471.4518532428558,466.27690583674894,5.174947406106867,466.64090595582866,468.4378312788551,471.5918434272444,474.32917231412216,476.24257641271237
mango_rmse_random,medium,2015-03-31,2016Q4,8,DEFL,471.9125765092567,466.8022911971153,5.1102853121414,466.1091432844364,468.43135395354886,472.03816953733474,475.321826318217,477.45857880481924
mango_rmse_random,medium,2015-03-31,2015Q1,1,FFR,0.5875361433469631,0.11,0.47753614334696315,-0.9517204235342629,-0.3105370157902458,0.585898371902446,1.4995404246055308,2.059339585690756
mango_rmse_random,medium,2015-03-31,2015Q2,2,FFR,0.7733538732249495,0.12333333333333334,0.6500205398916162,-1.5445968745300476,-0.6664614998118139,0.7776992846559032,2.2566553834462795,3.1893904901608243
mango_rmse_random,medium,2015-03-31,2015Q3,3,FFR,1.001019670760591,0.1366666666666667,0.8643530040939242,-1.9235965581581975,-0.7724935090969942,1.0074892893413612,2.7619048817574496,3.988325869786853
mango_rmse_random,medium,2015-03-31,2015Q4,4,FFR,1.1955821727161189,0.16,1.035582172716119,-2.1145247749659877,-0.9125918236555304,1.1764643546410793,3.363371122188407,4.6702179887497355
mango_rmse_random,medium,2015-03-31,2016Q1,5,FFR,1.2993773319208717,0.36000000000000004,0.9393773319208716,-2.705028842397058,-1.0800718194236547,1.2372352728821627,3.7007572159225206,5.517911525429268
mango_rmse_random,medium,2015-03-31,2016Q2,6,FFR,1.3916710986528227,0.37333333333333335,1.0183377653194894,-3.046509960365035,-1.1896555045085033,1.3337450407987572,4.094130258001357,5.88633100027629
mango_rmse_random,medium,2015-03-31,2016Q3,7,FFR,1.4374547346463544,0.39666666666666667,1.0407880679796877,-3.5701048973643723,-1.4836111249686879,1.4173032511779131,4.473676983047106,6.340374611900085
mango_rmse_random,medium,2015-03-31,2016Q4,8,FFR,1.4563409768820654,0.45,1.0063409768820655,-3.899513484220151,-1.6295558238164256,1.4055977178422099,4.699241119506516,6.7726492851039675
mango_rmse_random,medium,2015-03-31,2015Q1,1,GDP,970.8391662254747,975.7342483786737,-4.895082153198928,969.5138958016564,970.014698318866,970.8504301580736,971.6371270231219,972.17217308225
mango_rmse_random,medium,2015-03-31,2015Q2,2,GDP,971.5578974034294,976.31257427765,-4.7546768742206496,969.44885502961,970.3287690149564,971.5472760972841,972.8238357461352,973.5943563499355
mango_rmse_random,medium,2015-03-31,2015Q3,3,GDP,972.1936772666643,976.6354252252142,-4.441747958549968,969.484399489381,970.4927112042097,972.1889748692656,973.9321784037397,975.0046941536907
mango_rmse_random,medium,2015-03-31,2015Q4,4,GDP,972.7984172072064,976.7815527534941,-3.9831355462877127,969.4978604422305,970.8117251777026,972.7957048485155,974.7755475816613,976.0732135391744
mango_rmse_random,medium,2015-03-31,2016Q1,5,GDP,973.261400610067,977.3690037449436,-4.107603134876626,969.3676079461615,971.0284177881496,973.3026419491764,975.6250468122781,977.1341010648272
mango_rmse_random,medium,2015-03-31,2016Q2,6,GDP,973.7410660129501,977.6709362762499,-3.92987026329979,969.3548686052069,971.0809694295572,973.7280430940664,976.4497510931378,977.9821456396279
mango_rmse_random,medium,2015-03-31,2016Q3,7,GDP,974.1848558468283,978.270252164766,-4.085396317937693,969.3628485545702,971.2696988972093,974.1908412573641,977.0605639564901,978.9525974606878
mango_rmse_random,medium,2015-03-31,2016Q4,8,GDP,974.6056617833387,978.7659105426385,-4.160248759299748,969.3929796884692,971.3361266144252,974.6403721345785,977.6971891755443,980.0968470040444
mango_rmse_random,medium,2015-03-31,2015Q1,1,HOURS,470.69833882603035,466.15694228372104,4.5413965423093146,469.45056655738625,469.93865321182153,470.7035988820407,471.4344528051848,471.95054106744533
mango_rmse_random,medium,2015-03-31,2015Q2,2,HOURS,471.25601075248255,466.5408850979831,4.715125654499445,469.008315428295,469.8418143375872,471.2777020117336,472.6206794381193,473.47100786066864
mango_rmse_random,medium,2015-03-31,2015Q3,3,HOURS,471.6836833401539,466.55500719768037,5.128676142473523,468.4666687434492,469.7572025628797,471.70762845128365,473.629926156346,474.89093197227675
mango_rmse_random,medium,2015-03-31,2015Q4,4,HOURS,472.05411290627455,467.1978005319704,4.856312374304139,468.0202151172655,469.6695512921286,472.09040353706666,474.42595570065953,475.8882422399766
mango_rmse_random,medium,2015-03-31,2016Q1,5,HOURS,472.27491318003484,467.58522965736216,4.689683522672681,467.3724174311337,469.43310395911413,472.2729616081682,475.2366261124448,477.0750463389116
mango_rmse_random,medium,2015-03-31,2016Q2,6,HOURS,472.40966178818087,467.88666449104284,4.5229972971380334,466.8976430233683,469.03030231146846,472.36821356568646,475.8226618971797,478.10393588123463
mango_rmse_random,medium,2015-03-31,2016Q3,7,HOURS,472.51138962077493,468.1371679481668,4.374221672608144,466.2461388730786,468.60753689975735,472.57570462082026,476.35063735033344,478.8236207328059
mango_rmse_random,medium,2015-03-31,2016Q4,8,HOURS,472.55777619962697,468.2260848352655,4.331691364361461,465.77281710004553,468.46441261681025,472.53316558989513,476.48006016370306,479.282028887146
mango_rmse_random,medium,2015-03-31,2015Q1,1,INV,795.8840106058565,804.7916977539779,-8.907687148121454,789.1442235500713,791.9786568871938,795.8932682336551,799.9284118206805,802.355190129907
mango_rmse_random,medium,2015-03-31,2015Q2,2,INV,796.8147143172795,805.0922745163426,-8.277560199063146,786.5529297170045,790.7026964497385,796.8750166097172,803.0036931380581,807.0390032561476
mango_rmse_random,medium,2015-03-31,2015Q3,3,INV,797.4257279024391,804.8901376180519,-7.46440971561276,784.3755307105059,789.3317986577391,797.5553878947592,805.1189617863719,810.9049315761006
mango_rmse_random,medium,2015-03-31,2015Q4,4,INV,798.3461720376816,803.6802038162332,-5.334031778551548,782.6087086689695,788.6676510221199,798.2485918070915,807.8270463112659,814.1171093896988
mango_rmse_random,medium,2015-03-31,2016Q1,5,INV,798.7480278882082,803.2505963859908,-4.50256849778259,780.3254625878835,787.6032497542067,798.8282451651515,809.619693659703,816.5363343202177
mango_rmse_random,medium,2015-03-31,2016Q2,6,INV,798.7988938890564,802.7258817867689,-3.926987897712479,777.9770989584352,786.9112389327172,798.837703214014,811.1145251378734,817.9496842886306
mango_rmse_random,medium,2015-03-31,2016Q3,7,INV,799.0962668534371,802.9204149938417,-3.8241481404046453,776.9793542424101,785.6694576220581,798.9390218955788,812.2849776105322,820.924370210603
mango_rmse_random,medium,2015-03-31,2016Q4,8,INV,799.177065042212,805.4387911774725,-6.26172613526046,775.1049174112295,784.7555606909904,799.1521129762867,813.6165804513166,824.1371835237134
mango_rmse_random,medium,2015-03-31,2015Q1,1,WAGE,461.4267345896808,464.0489066112446,-2.622172021563813,460.16390496536957,460.66993188573997,461.4285364398513,462.20949300125193,462.6828442185469
mango_rmse_random,medium,2015-03-31,2015Q2,2,WAGE,461.6345938756866,464.2369626977198,-2.6023688220331564,459.8830056148032,460.61030866561265,461.62243579171457,462.6814232657883,463.32695630040985
mango_rmse_random,medium,2015-03-31,2015Q3,3,WAGE,461.8070720833281,464.55344757775157,-2.7463754944234893,459.7225127947458,460.5703071833788,461.7694253802156,463.0780534023371,463.9577342429279
mango_rmse_random,medium,2015-03-31,2015Q4,4,WAGE,461.9248277415456,464.340964864176,-2.4161371226304027,459.4364110972054,460.40374458905137,461.9270960143407,463.39790963299555,464.4258979843032
mango_rmse_random,medium,2015-03-31,2016Q1,5,WAGE,462.0806492965878,464.4112014102709,-2.3305521136830976,459.3640161593494,460.45012770943464,462.0585706848592,463.7810978070606,464.8563280260082
mango_rmse_random,medium,2015-03-31,2016Q2,6,WAGE,462.2282201885377,463.97648307525907,-1.7482628867213634,459.21518839766526,460.31846320376513,462.23767898864037,464.0963939162867,465.34925288469265
mango_rmse_random,medium,2015-03-31,2016Q3,7,WAGE,462.4032530553057,464.00739019959724,-1.604137144291542,459.0700121090701,460.3494510077533,462.3851195248368,464.45134891886335,465.95537476943167
mango_rmse_random,medium,2015-03-31,2016Q4,8,WAGE,462.57722418192054,464.46312548690054,-1.8859013049799955,458.8673018798841,460.3461478217184,462.53076413242104,464.7468301781302,466.5288571747888
mango_rmse_random,medium,2015-06-30,2015Q2,1,CONS,932.9351330305833,938.0306918992713,-5.095558868688045,931.9580444055325,932.3552026774478,932.9320278155922,933.5160119966858,933.9320507610366
mango_rmse_random,medium,2015-06-30,2015Q3,2,CONS,933.6612403776472,938.7904212097346,-5.1291808320874,932.1523091411965,932.7163642798372,933.6530672229592,934.5864260695017,935.235836304193
mango_rmse_random,medium,2015-06-30,2015Q4,3,CONS,934.4587579319162,939.2924061077128,-4.833648175796611,932.392327398395,933.1877767005926,934.4558874318448,935.757181288036,936.5553909487379
mango_rmse_random,medium,2015-06-30,2016Q1,4,CONS,935.135487368767,940.0231374759705,-4.887650107203513,932.4029509109944,933.4978490979425,935.1189896616401,936.8097057811365,937.8839823744064
mango_rmse_random,medium,2015-06-30,2016Q2,5,CONS,935.7842759403854,940.5300639389587,-4.745787998573292,932.439785577051,933.7774225395955,935.7727999231514,937.7856635153481,939.1085986265925
mango_rmse_random,medium,2015-06-30,2016Q3,6,CONS,936.4260428122442,941.1141949781957,-4.688152165951465,932.3593214841139,934.0146309150765,936.473582493583,938.84116456458,940.3882317979194
mango_rmse_random,medium,2015-06-30,2016Q4,7,CONS,937.029322645146,941.597765893345,-4.56844324819906,932.4942245162887,934.2555058636829,937.0169799473458,939.815980982064,941.5343509738669
mango_rmse_random,medium,2015-06-30,2017Q1,8,CONS,937.6286884971234,942.3021947169104,-4.6735062197869865,932.3315252487132,934.446135838959,937.6239691435264,940.7891375813554,942.8655881670122
mango_rmse_random,medium,2015-06-30,2015Q2,1,DEFL,468.97317928425525,465.0879418481692,3.885237436086072,468.1999125539123,468.5165220275437,468.9769096585778,469.40042515405895,469.724802467511
mango_rmse_random,medium,2015-06-30,2015Q3,2,DEFL,469.1058535597381,465.38555827648497,3.720295283253108,467.83209415896994,468.3182136480988,469.11625340191534,469.8679683096469,470.4052328693222
mango_rmse_random,medium,2015-06-30,2015Q4,3,DEFL,469.2500275893863,465.37603301548563,3.8739945739006885,467.36357693090804,468.1417349160949,469.2563958676934,470.36684558821474,471.12036595491855
mango_rmse_random,medium,2015-06-30,2016Q1,4,DEFL,469.44350757397507,465.29598498239403,4.147522591581037,466.8179693826538,467.92992697978366,469.46349973372116,470.98482703134385,471.95507438593035
mango_rmse_random,medium,2015-06-30,2016Q2,5,DEFL,469.66067216296955,465.999922226677,3.660749936292575,466.3531205951986,467.7260805332883,469.69087540762513,471.6212362424415,472.91308115869697
mango_rmse_random,medium,2015-06-30,2016Q3,6,DEFL,469.9268298991624,466.27690583674894,3.6499240624134472,465.753571661983,467.48698051272277,469.97056111530526,472.39287334770887,473.9299501016316
mango_rmse_random,medium,2015-06-30,2016Q4,7,DEFL,470.22171901516236,466.8022911971153,3.4194278180470405,465.07857487002036,467.32428939894993,470.28867008247244,473.17754724085785,475.0364329918754
mango_rmse_random,medium,2015-06-30,2017Q1,8,DEFL,470.52943382935155,467.31839116014726,3.2110426692042893,464.50259485612355,467.04385927791674,470.6111084993872,473.98741722363894,476.26828073243183
mango_rmse_random,medium,2015-06-30,2015Q2,1,FFR,-0.0010254052443131518,0.12333333333333334,-0.12435873857764648,-1.5036673343069638,-0.8791977964969383,-0.00022800837170728477,0.9127486134687466,1.5370990674755811
mango_rmse_random,medium,2015-06-30,2015Q3,2,FFR,0.06440788835622861,0.1366666666666667,-0.07225877831043807,-2.240807041176048,-1.324835207892519,0.04725501599067324,1.455272836314874,2.450000858112697
mango_rmse_random,medium,2015-06-30,2015Q4,3,FFR,0.17352928154805508,0.16,0.013529281548055078,-2.7961071401235724,-1.5823462950279763,0.17785868400932137,1.9976512734682055,3.128474286123061
mango_rmse_random,medium,2015-06-30,2016Q1,4,FFR,0.27737975824420485,0.36000000000000004,-0.08262024175579519,-3.3216346964221897,-1.814554934422986,0.25857793013358116,2.443675181461292,3.884436673218078
mango_rmse_random,medium,2015-06-30,2016Q2,5,FFR,0.4029678375993095,0.37333333333333335,0.029634504265976136,-3.6800276938755143,-1.939628264602621,0.31149083037477127,2.83435536453741,4.586911436319526
mango_rmse_random,medium,2015-06-30,2016Q3,6,FFR,0.5427275053780317,0.39666666666666667,0.14606083871136505,-3.910338269884599,-2.0219268845002785,0.47484965745506524,3.3043901345189735,5.120800773157145
mango_rmse_random,medium,2015-06-30,2016Q4,7,FFR,0.649486366981743,0.45,0.199486366981743,-4.31363873253626,-2.2024568658544283,0.6735750972909311,3.645785166540248,5.672332510832453
mango_rmse_random,medium,2015-06-30,2017Q1,8,FFR,0.7189716274841997,0.7000000000000001,0.01897162748419967,-4.649126630519229,-2.437963479505142,0.6816109668545735,3.898962220946821,6.115926036570604
mango_rmse_random,medium,2015-06-30,2015Q2,1,GDP,970.4591738662245,976.31257427765,-5.8534004114254685,969.0887425776556,969.622788998693,970.4562650303499,971.2823120022352,971.8512323662045
mango_rmse_random,medium,2015-06-30,2015Q3,2,GDP,971.0249421793774,976.6354252252142,-5.610483045836872,968.8898440420196,969.7514337169121,970.9817924731612,972.2566301484982,973.2160271923008
mango_rmse_random,medium,2015-06-30,2015Q4,3,GDP,971.8172879251273,976.7815527534941,-4.964264828366822,969.131631292756,970.162320229508,971.8100786245823,973.4790140876593,974.7348784487721
mango_rmse_random,medium,2015-06-30,2016Q1,4,GDP,972.5083341818289,977.3690037449436,-4.860669563114698,969.2293586719101,970.4832680270681,972.4660876441155,974.5330479891898,975.944531826016
mango_rmse_random,medium,2015-06-30,2016Q2,5,GDP,973.2041763095249,977.6709362762499,-4.4667599667250215,969.3033113202232,970.8636819200023,973.2011453631908,975.5597609327182,977.1056548716411
mango_rmse_random,medium,2015-06-30,2016Q3,6,GDP,973.7930649097758,978.270252164766,-4.477187254990213,969.3215549962442,971.0684184164704,973.7737708646196,976.470508970189,978.291033446876
mango_rmse_random,medium,2015-06-30,2016Q4,7,GDP,974.3700275503833,978.7659105426385,-4.395882992255224,969.338501434535,971.286494885749,974.4380537185626,977.28494971082,979.5416506277186
mango_rmse_random,medium,2015-06-30,2017Q1,8,GDP,974.902006229389,979.1946532403157,-4.2926470109266575,969.2230428960225,971.5106001344418,974.9270297686029,978.2603348520671,980.5207092441466
mango_rmse_random,medium,2015-06-30,2015Q2,1,HOURS,470.56215483942316,466.5408850979831,4.021269741440051,469.23080297343887,469.78551648186726,470.5617478906144,471.34657569251874,471.8205745270954
mango_rmse_random,medium,2015-06-30,2015Q3,2,HOURS,470.812566078911,466.55500719768037,4.257558881230636,468.5896618564222,469.4289986922589,470.8192123087259,472.1621374780107,473.16062867387234
mango_rmse_random,medium,2015-06-30,2015Q4,3,HOURS,471.1707691846931,467.1978005319704,3.9729686527226704,468.0754355328627,469.2218157444659,471.1605629327691,473.1069432467637,474.2801183596101
mango_rmse_random,medium,2015-06-30,2016Q1,4,HOURS,471.56105639194203,467.58522965736216,3.9758267345798686,467.57921572427813,469.15571493239423,471.5250315953421,474.048762348153,475.5382482505376
mango_rmse_random,medium,2015-06-30,2016Q2,5,HOURS,471.9425665844156,467.88666449104284,4.055902093372765,467.17792165092504,468.99152820552234,471.87960843374947,474.8304647300471,476.6424751293956
mango_rmse_random,medium,2015-06-30,2016Q3,6,HOURS,472.27502135207845,468.1371679481668,4.137853403911663,466.8612262013581,468.93516079867123,472.24778948986454,475.5669721247,477.6075709971276
mango_rmse_random,medium,2015-06-30,2016Q4,7,HOURS,472.54610813987085,468.2260848352655,4.320023304605343,466.47422075644715,468.8732068664476,472.47075898566516,476.2125071897447,478.6859498115397
mango_rmse_random,medium,2015-06-30,2017Q1,8,HOURS,472.7465735272792,468.5883438027266,4.158229724552598,465.87964172803606,468.63330032203004,472.7360788909688,476.75121961624706,479.75095179770534
mango_rmse_random,medium,2015-06-30,2015Q2,1,INV,793.8097614830808,805.0922745163426,-11.282513033261807,787.1341177466304,789.830246789037,793.7350810377151,797.808726946131,800.5481673782682
mango_rmse_random,medium,2015-06-30,2015Q3,2,INV,793.7062710959242,804.8901376180519,-11.183866522127687,783.4630002248138,787.7043631683922,793.7512915629218,799.7780958362408,803.945445732301
mango_rmse_random,medium,2015-06-30,2015Q4,3,INV,795.0483351424939,803.6802038162332,-8.631868673739291,781.6452149529113,787.1855608706534,795.1254558614908,802.8859606636629,807.9795750876357
mango_rmse_random,medium,2015-06-30,2016Q1,4,INV,796.6215647611249,803.2505963859908,-6.629031624865888,780.8761528990042,787.562829077041,796.8613723960502,805.5050713736414,812.2441210999983
mango_rmse_random,medium,2015-06-30,2016Q2,5,INV,798.0523256301236,802.7258817867689,-4.673556156645304,780.2103761828062,787.2459380163641,798.0955787855198,808.4154244442634,816.6924229194959
mango_rmse_random,medium,2015-06-30,2016Q3,6,INV,798.908891996209,802.9204149938417,-4.01152299763271,778.9909132790646,786.8909380593136,798.817131512234,810.7403115784516,819.9435779483676
mango_rmse_random,medium,2015-06-30,2016Q4,7,INV,799.8050844153992,805.4387911774725,-5.633706762073302,777.190174006292,786.3663871849492,799.6134259037949,813.3325048406517,821.7086902981962
mango_rmse_random,medium,2015-06-30,2017Q1,8,INV,800.3662051659219,804.9400556120976,-4.5738504461756975,776.0161873597974,785.6212932224777,800.1756235905884,815.0955204972854,825.5195027640443
mango_rmse_random,medium,2015-06-30,2015Q2,1,WAGE,463.2226545075409,464.2369626977198,-1.0143081901788946,461.9152248618746,462.42862559008296,463.1893665082956,464.0466824770618,464.5542826435115
mango_rmse_random,medium,2015-06-30,2015Q3,2,WAGE,463.60670503830727,464.55344757775157,-0.9467425394443012,461.870045274857,462.57359767645295,463.60595022347235,464.6598763840551,465.37300085089146
mango_rmse_random,medium,2015-06-30,2015Q4,3,WAGE,463.81399628524554,464.340964864176,-0.5269685789304503,461.8001706285692,462.52049229188776,463.79745372983405,465.08629883439096,465.9116128481817
mango_rmse_random,medium,2015-06-30,2016Q1,4,WAGE,463.9783028425283,464.4112014102709,-0.4328985677425976,461.5044235238356,462.43274586005026,463.9364325857442,465.4994713357276,466.490768509336
mango_rmse_random,medium,2015-06-30,2016Q2,5,WAGE,464.1073444882118,463.97648307525907,0.1308614129527541,461.31744000718146,462.356076507679,464.13717473861806,465.8173611555429,466.9497038684976
mango_rmse_random,medium,2015-06-30,2016Q3,6,WAGE,464.29682982857736,464.00739019959724,0.2894396289801193,461.23972882378,462.43384685378874,464.29327659326987,466.10528591274306,467.458004562237
mango_rmse_random,medium,2015-06-30,2016Q4,7,WAGE,464.4601804704552,464.46312548690054,-0.002945016445323745,461.0398561708212,462.3943016567843,464.44493616896284,466.4621652280156,467.9752757753886
mango_rmse_random,medium,2015-06-30,2017Q1,8,WAGE,464.67801718061867,464.76739655148157,-0.08937937086290049,460.92310852933247,462.36634514405495,464.6374675179669,466.9656904107321,468.5294143315662
mango_rmse_random,medium,2015-09-30,2015Q3,1,CONS,932.9025823680813,938.7904212097346,-5.88783884165332,931.9581605450761,932.345856340747,932.8904147458743,933.4930999958865,933.8620512958803
mango_rmse_random,medium,2015-09-30,2015Q4,2,CONS,933.6321446900616,939.2924061077128,-5.660261417651213,932.1316408322399,932.7337241769465,933.6136665509076,934.5805792957931,935.1434277486643
mango_rmse_random,medium,2015-09-30,2016Q1,3,CONS,934.2412626882743,940.0231374759705,-5.781874787696211,932.1829852655821,932.9743219387119,934.211021657291,935.5112046266026,936.379374219805
mango_rmse_random,medium,2015-09-30,2016Q2,4,CONS,934.7978399030039,940.5300639389587,-5.7322240359548005,932.1150705403161,933.1245961223611,934.7964290431722,936.4893632541038,937.5448110363029
mango_rmse_random,medium,2015-09-30,2016Q3,5,CONS,935.3500016091305,941.1141949781957,-5.764193369065197,931.9129589293323,933.3486986302756,935.3548897797925,937.3710099256107,938.663463521264
mango_rmse_random,medium,2015-09-30,2016Q4,6,CONS,935.8715587788078,941.597765893345,-5.72620711453726,931.8217341620335,933.5150831690903,935.8768987810877,938.2353885425098,939.9213352398891
mango_rmse_random,medium,2015-09-30,2017Q1,7,CONS,936.3465012166815,942.3021947169104,-5.955693500228904,931.5892852445342,933.6041138844348,936.3660338705014,939.0771429700884,940.9494148218107
mango_rmse_random,medium,2015-09-30,2017Q2,8,CONS,936.8537618706707,942.7015608775955,-5.847799006924788,931.5823484977669,933.689835466936,936.8446868598769,939.9399837073371,941.9606176804768
mango_rmse_random,medium,2015-09-30,2015Q3,1,DEFL,470.01226594721714,465.38555827648497,4.6267076707321735,469.2783714036534,469.5764061428488,470.02084897569796,470.4453467215231,470.7319933627746
mango_rmse_random,medium,2015-09-30,2015Q4,2,DEFL,470.32802798202425,465.37603301548563,4.951994966538621,469.0576640202883,469.5687635064136,470.33611336941965,471.12366209954035,471.57068701385674
mango_rmse_random,medium,2015-09-30,2016Q1,3,DEFL,470.70633845451596,465.29598498239403,5.410353472121926,468.8597163132795,469.58940776726814,470.66809805173,471.86594098116603,472.532021731243
mango_rmse_random,medium,2015-09-30,2016Q2,4,DEFL,471.1097995768084,465.999922226677,5.109877350131455,468.5864541798954,469.5780631110475,471.11859827060306,472.64028999500334,473.56709101933507
mango_rmse_random,medium,2015-09-30,2016Q3,5,DEFL,471.5329410592058,466.27690583674894,5.256035222456887,468.2984472238136,469.54112614758975,471.5476322056186,473.4899248644105,474.7875413994541
mango_rmse_random,medium,2015-09-30,2016Q4,6,DEFL,471.974941004895,466.8022911971153,5.172649807779692,467.84858796455114,469.50485347026734,472.0445762058648,474.4365815181161,476.06129994648984
mango_rmse_random,medium,2015-09-30,2017Q1,7,DEFL,472.4385168349582,467.31839116014726,5.120125674810936,467.4460984040283,469.48936449381955,472.4635840611618,475.2852913540824,477.3572300532217
mango_rmse_random,medium,2015-09-30,2017Q2,8,DEFL,472.9117263419893,467.62901269911987,5.282713642869453,466.8982978541954,469.45619599382877,472.95074051554695,476.2567938064968,478.7084850421428
mango_rmse_random,medium,2015-09-30,2015Q3,1,FFR,0.4120848710269719,0.1366666666666667,0.2754182043603052,-1.1316056623345316,-0.4730440686122784,0.41243489609196954,1.311161412319998,1.9611103196830224
mango_rmse_random,medium,2015-09-30,2015Q4,2,FFR,0.6479982941403285,0.16,0.48799829414032847,-1.8085034681223189,-0.7613505882151634,0.6910766902916616,2.0608823266477714,2.959829378643888
mango_rmse_random,medium,2015-09-30,2016Q1,3,FFR,0.7820821123496075,0.36000000000000004,0.4220821123496074,-2.2547607261514004,-1.0349296381429236,0.8374147405719702,2.599297447054408,3.632602226067376
mango_rmse_random,medium,2015-09-30,2016Q2,4,FFR,0.9130249295275591,0.37333333333333335,0.5396915961942257,-2.688749548051156,-1.2326437537265953,0.9630272243554545,2.9773639364882825,4.495629837760487
mango_rmse_random,medium,2015-09-30,2016Q3,5,FFR,1.0755166030006367,0.39666666666666667,0.67884993633397,-3.1124723654039177,-1.4402214467478842,1.0743375789841398,3.64913058460054,5.302774494979529
mango_rmse_random,medium,2015-09-30,2016Q4,6,FFR,1.2013425756173122,0.45,0.7513425756173122,-3.5286982969609197,-1.5311276114437031,1.1856874670113529,4.051499630496463,5.7757192973616975
mango_rmse_random,medium,2015-09-30,2017Q1,7,FFR,1.2304532874987368,0.7000000000000001,0.5304532874987368,-3.6781961285364355,-1.7457675930900949,1.2732153106522093,4.209487041296036,6.354120472654473
mango_rmse_random,medium,2015-09-30,2017Q2,8,FFR,1.2225138305648977,0.9500000000000001,0.27251383056489764,-4.2342223906781875,-1.9652196050878852,1.2051565259349124,4.299007975966536,6.413329103223741
mango_rmse_random,medium,2015-09-30,2015Q3,1,GDP,970.6916439464285,976.6354252252142,-5.943781278785764,969.3483730711783,969.8657569042754,970.7247700803939,971.5081712885661,972.0222181796175
mango_rmse_random,medium,2015-09-30,2015Q4,2,GDP,971.4702758200336,976.7815527534941,-5.311276933460476,969.4245718390143,970.1636248430605,971.4777981890173,972.7588776420632,973.6073226268938
mango_rmse_random,medium,2015-09-30,2016Q1,3,GDP,972.0508562689306,977.3690037449436,-5.318147476012996,969.2219229927764,970.3099495112465,972.0381007633744,973.7777245355451,974.9778356217929
mango_rmse_random,medium,2015-09-30,2016Q2,4,GDP,972.6684935004246,977.6709362762499,-5.00244277582533,969.1706886142829,970.6337924144211,972.6974140293888,974.7914395726837,976.1057020169906
mango_rmse_random,medium,2015-09-30,2016Q3,5,GDP,973.1745274686506,978.270252164766,-5.09572469611544,969.1105822895464,970.7977447394426,973.127817740286,975.7098017295164,977.1520923533055
mango_rmse_random,medium,2015-09-30,2016Q4,6,GDP,973.6508119065884,978.7659105426385,-5.1150986360501065,968.9025977956355,970.8984517824962,973.6975435886005,976.4668975030238,978.0309904046323
mango_rmse_random,medium,2015-09-30,2017Q1,7,GDP,974.0687049664319,979.1946532403157,-5.1259482738837505,968.7961109974692,971.0141092714816,974.1972786681529,977.0976108903926,978.9716515127
mango_rmse_random,medium,2015-09-30,2017Q2,8,GDP,974.501237355493,979.6971814310028,-5.1959440755098285,968.7520681365145,971.2761399234939,974.6132521674722,977.7575145788206,979.9106693637781
mango_rmse_random,medium,2015-09-30,2015Q3,1,HOURS,470.9554775054841,466.55500719768037,4.400470307803744,469.7618437632461,470.2161149774903,470.9414781905582,471.71779104791295,472.16989740027196
mango_rmse_random,medium,2015-09-30,2015Q4,2,HOURS,471.3997601842636,467.1978005319704,4.201959652293169,469.16282354952955,470.06354583925156,471.38080242438645,472.69651534898395,473.7462651197135
mango_rmse_random,medium,2015-09-30,2016Q1,3,HOURS,471.80011336808445,467.58522965736216,4.21488371072229,468.5745111188641,469.80288334844505,471.7770876784506,473.7451115506235,475.14037046589436
mango_rmse_random,medium,2015-09-30,2016Q2,4,HOURS,472.12914242226844,467.88666449104284,4.242477931225608,467.96860149217866,469.5391388776522,472.162269391687,474.62681761432196,476.3260418351419
mango_rmse_random,medium,2015-09-30,2016Q3,5,HOURS,472.3920260854509,468.1371679481668,4.254858137284089,467.32013734055494,469.33692357565354,472.42207447045655,475.4325679655453,477.34387919168125
mango_rmse_random,medium,2015-09-30,2016Q4,6,HOURS,472.56671173249833,468.2260848352655,4.3406268972328235,466.8332330137508,469.11763291070315,472.54445253453315,476.0134002324278,478.23303596025494
mango_rmse_random,medium,2015-09-30,2017Q1,7,HOURS,472.6609439917371,468.5883438027266,4.072600189010473,466.219833798148,468.9353328409586,472.6976957269687,476.5391151239142,478.9897968164787
mango_rmse_random,medium,2015-09-30,2017Q2,8,HOURS,472.7218232917511,469.2906300292178,3.43119326253327,465.75316277085017,468.6788822474089,472.67854991915374,476.81077077094255,479.564232282779
mango_rmse_random,medium,2015-09-30,2015Q3,1,INV,796.3066853151425,804.8901376180519,-8.583452302909336,789.8488427389067,792.276148630746,796.2879120604962,800.2953592662353,802.8731016656458
mango_rmse_random,medium,2015-09-30,2015Q4,2,INV,797.8746650794193,803.6802038162332,-5.805538736813901,787.8465064733654,791.6127687155936,797.6556502831954,804.2004048384094,807.9034544435996
mango_rmse_random,medium,2015-09-30,2016Q1,3,INV,798.9371574961787,803.2505963859908,-4.313438889812119,785.5600194489166,790.6843361399364,799.0194721101764,807.2566978256449,812.4301354253556
mango_rmse_random,medium,2015-09-30,2016Q2,4,INV,800.1139475358927,802.7258817867689,-2.6119342508761747,784.5475801941697,790.3320855409161,800.0347347243326,809.7538229660365,815.6480254054877
mango_rmse_random,medium,2015-09-30,2016Q3,5,INV,800.7182461069617,802.9204149938417,-2.202168886880031,782.5340520389253,789.6887546371189,800.9900840884211,811.6474726145867,819.1637916656086
mango_rmse_random,medium,2015-09-30,2016Q4,6,INV,801.0987005819493,805.4387911774725,-4.340090595523179,780.4105265732222,788.971903663022,801.4471822958463,813.0111364782754,821.4771730464773
mango_rmse_random,medium,2015-09-30,2017Q1,7,INV,801.1245586822101,804.9400556120976,-3.815496929887445,778.604753726265,788.4027755243096,801.2070476188785,813.9837862095675,823.1310414095859
mango_rmse_random,medium,2015-09-30,2017Q2,8,INV,801.0964681015058,806.708034244384,-5.611566142878132,777.3144956526852,787.1711908748656,800.8025057619352,815.3515921111313,825.829856061154
mango_rmse_random,medium,2015-09-30,2015Q3,1,WAGE,463.31577963887145,464.55344757775157,-1.2376679388801222,462.0210553073632,462.54068953463184,463.30777038784015,464.12202310224694,464.5964465134668
mango_rmse_random,medium,2015-09-30,2015Q4,2,WAGE,463.42717449054805,464.340964864176,-0.9137903736279327,461.7136761885836,462.3593273943716,463.4311381442749,464.4536769085563,465.1411683121623
mango_rmse_random,medium,2015-09-30,2016Q1,3,WAGE,463.57208378350305,464.4112014102709,-0.8391176267678588,461.50715963748036,462.3452855866846,463.57984497519715,464.79086247873977,465.5864106883404
mango_rmse_random,medium,2015-09-30,2016Q2,4,WAGE,463.7222220195297,463.97648307525907,-0.25426105572938695,461.20749519120136,462.266309689971,463.7416365032525,465.1673173755642,466.0575589754551
mango_rmse_random,medium,2015-09-30,2016Q3,5,WAGE,463.89479208223815,464.00739019959724,-0.11259811735908443,461.12358654131964,462.23547221905363,463.88091848372574,465.576336475855,466.65297289071054
mango_rmse_random,medium,2015-09-30,2016Q4,6,WAGE,464.0917080267065,464.46312548690054,-0.37141746019403854,461.1510511214655,462.30526025026995,464.12643219490667,465.84713248311635,467.0762401154921
mango_rmse_random,medium,2015-09-30,2017Q1,7,WAGE,464.2861761719617,464.76739655148157,-0.4812203795198684,460.9289474283626,462.3220935844959,464.21840718192766,466.27128143960755,467.6149693417129
mango_rmse_random,medium,2015-09-30,2017Q2,8,WAGE,464.47885720093484,465.25402947368775,-0.7751722727529113,460.7389570379534,462.34114758583456,464.4738710882112,466.6813058387701,468.0956841072096
mango_rmse_random,medium,2015-12-31,2015Q4,1,CONS,933.6514813850131,939.2924061077128,-5.640924722699765,932.6407771356746,933.0486039753349,933.656153264665,934.2433410666717,934.6292655293419
mango_rmse_random,medium,2015-12-31,2016Q1,2,CONS,934.3098935894277,940.0231374759705,-5.713243886542841,932.7132093629898,933.411057837768,934.316489601418,935.2801670767675,935.8872450646028
mango_rmse_random,medium,2015-12-31,2016Q2,3,CONS,934.9165649960825,940.5300639389587,-5.6134989428762765,932.7425382944548,933.6293349703695,934.9042308667223,936.2522892096101,937.0956059544079
mango_rmse_random,medium,2015-12-31,2016Q3,4,CONS,935.5279946890452,941.1141949781957,-5.586200289150497,932.6229416167133,933.8463353530746,935.5144807327571,937.2931848505646,938.334913022299
mango_rmse_random,medium,2015-12-31,2016Q4,5,CONS,936.1115065550669,941.597765893345,-5.48625933827816,932.6075796540468,934.0400624013986,936.135418651025,938.2375804431252,939.6516806364217
mango_rmse_random,medium,2015-12-31,2017Q1,6,CONS,936.6517875927486,942.3021947169104,-5.650407124161802,932.5910323785743,934.246078335429,936.682718461229,939.1800463019415,940.7700418001012
mango_rmse_random,medium,2015-12-31,2017Q2,7,CONS,937.18129181796,942.7015608775955,-5.520269059635552,932.4553067677903,934.3801905858603,937.1846619137073,940.0775201785056,941.8053140174752
mango_rmse_random,medium,2015-12-31,2017Q3,8,CONS,937.7005744569619,943.2961066624665,-5.595532205504583,932.4144074468,934.520724932039,937.6716424045694,940.9239478648832,942.9614506053512
mango_rmse_random,medium,2015-12-31,2015Q4,1,DEFL,470.36065763121553,465.37603301548563,4.984624615729899,469.63671886677054,469.924486458273,470.36650937088734,470.78367496166277,471.0973497358691
mango_rmse_random,medium,2015-12-31,2016Q1,2,DEFL,470.7109521605447,465.29598498239403,5.414967178150675,469.4710162204299,469.9512167627759,470.71027210178795,471.46343886852446,471.9631974651796
mango_rmse_random,medium,2015-12-31,2016Q2,3,DEFL,471.1207347535034,465.999922226677,5.120812526826455,469.28059189765577,470.00288997031805,471.11873973275266,472.2002776629037,472.9508312347519
mango_rmse_random,medium,2015-12-31,2016Q3,4,DEFL,471.5140102640415,466.27690583674894,5.237104427292536,468.97157380471475,470.022328738373,471.5365998430409,473.03467988351923,473.85007785743534
mango_rmse_random,medium,2015-12-31,2016Q4,5,DEFL,471.95009546324076,466.8022911971153,5.1478042661254335,468.64892766727525,469.9911358401173,471.9361280786969,473.88627446571064,475.1225977255157
mango_rmse_random,medium,2015-12-31,2017Q1,6,DEFL,472.402573090238,467.31839116014726,5.084181930090722,468.2792041283469,469.9894486552354,472.41127001228926,474.82348173738967,476.3931556139206
mango_rmse_random,medium,2015-12-31,2017Q2,7,DEFL,472.87152809246174,467.62901269911987,5.2425153933418756,467.92706983588806,469.97766020973165,472.9044884724826,475.73367689041817,477.597010401033
mango_rmse_random,medium,2015-12-31,2017Q3,8,DEFL,473.3556653048384,468.12975463756425,5.2259106672741495,467.4945112212936,469.89624923122585,473.4171627579914,476.6897127063333,478.97168975219034
mango_rmse_random,medium,2015-12-31,2015Q4,1,FFR,0.29624770237943543,0.16,0.13624770237943543,-1.1754715375842428,-0.609783465857766,0.29665857956671376,1.2074987190958661,1.776878840982554
mango_rmse_random,medium,2015-12-31,2016Q1,2,FFR,0.38323430441029455,0.36000000000000004,0.023234304410294504,-1.8405760292586983,-1.0166282781025415,0.371780317874977,1.7671598062385239,2.7192936618972734
mango_rmse_random,medium,2015-12-31,2016Q2,3,FFR,0.4617017180069539,0.37333333333333335,0.08836838467362057,-2.2968494569784874,-1.35783700576076,0.48030148114956683,2.19625350770023,3.2580425314065327
mango_rmse_random,medium,2015-12-31,2016Q3,4,FFR,0.6360153369876076,0.39666666666666667,0.23934867032094093,-2.717895805295965,-1.4876430653489976,0.6395926379991248,2.664292546790172,4.049949737175069
mango_rmse_random,medium,2015-12-31,2016Q4,5,FFR,0.8312905332823278,0.45,0.3812905332823278,-3.1053141060450797,-1.4333735048113905,0.7688916018644237,3.2052272949938336,4.820289879338738
mango_rmse_random,medium,2015-12-31,2017Q1,6,FFR,0.9564094211966365,0.7000000000000001,0.25640942119663646,-3.3387015380367018,-1.684308421145499,0.9422471395476821,3.5862025022633106,5.416021021135511
mango_rmse_random,medium,2015-12-31,2017Q2,7,FFR,1.025773229262551,0.9500000000000001,0.07577322926255092,-3.863590560586664,-1.7686361843307445,1.0114362844483993,3.8963675857725204,5.894508889512312
mango_rmse_random,medium,2015-12-31,2017Q3,8,FFR,1.0799941897743255,1.1533333333333333,-0.07333914355900784,-4.327663214422829,-2.0567776821822057,1.0110587110649794,4.170638460680262,6.384244233291835
mango_rmse_random,medium,2015-12-31,2015Q4,1,GDP,971.2387631073941,976.7815527534941,-5.542789646100005,969.8961814385223,970.4215624884034,971.2349813985677,972.0240297804069,972.5477704304591
mango_rmse_random,medium,2015-12-31,2016Q1,2,GDP,971.8385231766417,977.3690037449436,-5.5304805683018685,969.7489021356758,970.5771983776008,971.8289773859667,973.1214098090753,973.9960209388577
mango_rmse_random,medium,2015-12-31,2016Q2,3,GDP,972.5136346361012,977.6709362762499,-5.157301640148717,969.7433375353505,970.7640516545816,972.5148664370511,974.2195369050797,975.3090195065762
mango_rmse_random,medium,2015-12-31,2016Q3,4,GDP,973.1396303718169,978.270252164766,-5.130621792949114,969.6729468767246,971.0522612021736,973.1168582689459,975.3395044590329,976.5079965777883
mango_rmse_random,medium,2015-12-31,2016Q4,5,GDP,973.7168240082372,978.7659105426385,-5.04908653440134,969.5588242694865,971.2344233519775,973.6874103277407,976.2697868943595,977.6874945834533
mango_rmse_random,medium,2015-12-31,2017Q1,6,GDP,974.2005273635244,979.1946532403157,-4.994125876791259,969.5076771613342,971.3571875079745,974.251366353672,977.0427400709764,978.7825952424963
mango_rmse_random,medium,2015-12-31,2017Q2,7,GDP,974.6867837128359,979.6971814310028,-5.010397718166928,969.6031835757901,971.6481311582595,974.6571422193742,977.8198156444416,979.7052565336844
mango_rmse_random,medium,2015-12-31,2017Q3,8,GDP,975.1475120005373,980.5212652288033,-5.373753228265969,969.4625988312215,971.7470528500247,975.1155001853718,978.6031254444962,980.6724416661024
mango_rmse_random,medium,2015-12-31,2015Q4,1,HOURS,470.84352773653427,467.1978005319704,3.6457272045638547,469.60507884206027,470.1003279892509,470.8549499207378,471.57117466477627,472.0971497123077
mango_rmse_random,medium,2015-12-31,2016Q1,2,HOURS,471.17380667599383,467.58522965736216,3.5885770186316677,468.9858188609971,469.81328275204083,471.1696031196593,472.50552768891407,473.47355435792775
mango_rmse_random,medium,2015-12-31,2016Q2,3,HOURS,471.55104488240823,467.88666449104284,3.6643803913653983,468.3517438358922,469.6138057977677,471.547332472408,473.49123582085684,474.8093079251089
mango_rmse_random,medium,2015-12-31,2016Q3,4,HOURS,471.8958946204541,468.1371679481668,3.7587266722873096,467.7381850043696,469.3930334083497,471.8398576336763,474.41948153320294,475.9815525633209
mango_rmse_random,medium,2015-12-31,2016Q4,5,HOURS,472.208682329994,468.2260848352655,3.982597494728509,467.15577246579136,469.22215380702437,472.1347490255382,475.1902501025137,477.12868699542156
mango_rmse_random,medium,2015-12-31,2017Q1,6,HOURS,472.4377648951213,468.5883438027266,3.849421092394664,466.77941711472874,468.9822573910619,472.3989765894255,475.9108999654159,478.26392693653236
mango_rmse_random,medium,2015-12-31,2017Q2,7,HOURS,472.6218199259857,469.2906300292178,3.331189896767853,466.1496046021903,468.7841609603421,472.60320474022024,476.59155376994084,479.2438735712475
mango_rmse_random,medium,2015-12-31,2017Q3,8,HOURS,472.7784166928119,469.390424497534,3.3879921952778886,465.7381793840597,468.4623819714101,472.79710117863624,477.0907568617484,479.79348174998745
mango_rmse_random,medium,2015-12-31,2015Q4,1,INV,796.5154213752375,803.6802038162332,-7.164782440995737,790.1252762227406,792.4896594419422,796.4984231279866,800.4630888998109,803.1154832388239
mango_rmse_random,medium,2015-12-31,2016Q1,2,INV,797.1890914629797,803.2505963859908,-6.061504923011057,786.9398758463861,791.1382625178325,797.1408494870269,803.2840575576378,807.3436363098136
mango_rmse_random,medium,2015-12-31,2016Q2,3,INV,798.7805594911397,802.7258817867689,-3.9453222956292393,785.3412304953146,790.8741520418018,798.8994829304941,806.8336515824274,811.5661872927625
mango_rmse_random,medium,2015-12-31,2016Q3,4,INV,800.1685801797689,802.9204149938417,-2.751834814072822,784.1242432217198,790.5199204452335,800.2780945640231,809.5728999264538,815.8732345616004
mango_rmse_random,medium,2015-12-31,2016Q4,5,INV,801.1233599249341,805.4387911774725,-4.31543125253836,781.997001183557,789.9816577333542,801.2913262688221,811.8993245073586,819.2235309657686
mango_rmse_random,medium,2015-12-31,2017Q1,6,INV,801.602120741273,804.9400556120976,-3.337934870824597,780.9920081857672,788.7394449401676,801.8995862474825,813.8153329732384,821.9850403817438
mango_rmse_random,medium,2015-12-31,2017Q2,7,INV,801.958915280362,806.708034244384,-4.749118964021932,779.4864731422618,788.363396369847,802.4092876066575,815.1222787807097,824.19367548104
mango_rmse_random,medium,2015-12-31,2017Q3,8,INV,802.2121992586387,808.6664089264145,-6.454209667775785,777.6635160766901,787.2869779458119,802.3160474943105,816.9645108761179,826.5827939331731
mango_rmse_random,medium,2015-12-31,2015Q4,1,WAGE,464.50738235072527,464.340964864176,0.16641748654927824,463.22284272414805,463.7282268799827,464.4769902930342,465.3073203803039,465.8315069102408
mango_rmse_random,medium,2015-12-31,2016Q1,2,WAGE,464.70264714397666,464.4112014102709,0.291445733705757,462.93528029798256,463.6679860252714,464.73391734805773,465.7449728797085,466.39549714021115
mango_rmse_random,medium,2015-12-31,2016Q2,3,WAGE,464.824350658029,463.97648307525907,0.8478675827699362,462.681529580684,463.53650160419346,464.8197298125114,466.10060933275105,466.9714437573012
mango_rmse_random,medium,2015-12-31,2016Q3,4,WAGE,464.98322987573823,464.00739019959724,0.9758396761409927,462.5074735355899,463.39690925502975,465.01167993270803,466.476756919589,467.51744257340465
mango_rmse_random,medium,2015-12-31,2016Q4,5,WAGE,465.16221372194644,464.46312548690054,0.699088235045906,462.27829561714225,463.43220679974945,465.1730561305241,466.86544059450625,468.09706251449336
mango_rmse_random,medium,2015-12-31,2017Q1,6,WAGE,465.3527844883192,464.76739655148157,0.5853879368376056,462.1806153627676,463.4192348542486,465.2962426858771,467.2456376257577,468.6156122746094
mango_rmse_random,medium,2015-12-31,2017Q2,7,WAGE,465.5123257513981,465.25402947368775,0.25829627771037167,462.0217472819335,463.3862495980354,465.5045698229528,467.6375104499405,469.0247365725032
mango_rmse_random,medium,2015-12-31,2017Q3,8,WAGE,465.704682743525,466.0595432093501,-0.35486046582514064,461.83039157171885,463.4480470778427,465.7233645182373,467.96379732196914,469.60886534694146
mango_rmse_random,medium,2016-03-31,2016Q1,1,CONS,934.2024769994356,940.0231374759705,-5.820660476534954,933.3124173970331,933.6844021011959,934.1953739404421,934.7378237558814,935.1096983815812
mango_rmse_random,medium,2016-03-31,2016Q2,2,CONS,934.7964449471283,940.5300639389587,-5.73361899183044,933.3074009416498,933.961099945781,934.7952663624337,935.6716206716616,936.1985646756693
mango_rmse_random,medium,2016-03-31,2016Q3,3,CONS,935.3712718119378,941.1141949781957,-5.74292316625781,933.3871180644827,934.1758706916756,935.3650601272909,936.5670983097774,937.3733611224575
mango_rmse_random,medium,2016-03-31,2016Q4,4,CONS,935.9722912533672,941.597765893345,-5.625474639977824,933.4681334858279,934.3860135381155,935.9616448962288,937.5273560061522,938.474154134848
mango_rmse_random,medium,2016-03-31,2017Q1,5,CONS,936.4625316155394,942.3021947169104,-5.839663101371002,933.3588744698826,934.5779005742631,936.4287932132729,938.4144978333982,939.5773422432372
mango_rmse_random,medium,2016-03-31,2017Q2,6,CONS,936.9926733358741,942.7015608775955,-5.708887541721424,933.2052230509903,934.7427614888204,936.9586972033677,939.279588264842,940.8020905195602
mango_rmse_random,medium,2016-03-31,2017Q3,7,CONS,937.5020963456911,943.2961066624665,-5.7940103167753705,933.2177960155205,934.8036551184742,937.4584488597911,940.1247071039536,942.0649143653261
mango_rmse_random,medium,2016-03-31,2017Q4,8,CONS,937.9855650895558,944.3840666596335,-6.398501570077656,933.0253978698264,935.0216467968062,937.907041272398,941.0086982828177,942.964577719332
mango_rmse_random,medium,2016-03-31,2016Q1,1,DEFL,470.67671409473155,465.29598498239403,5.380729112337519,469.9840583720613,470.2562011281144,470.68625912617256,471.09253986427126,471.39976525914346
mango_rmse_random,medium,2016-03-31,2016Q2,2,DEFL,471.08731219435293,465.999922226677,5.087389967675961,469.83802923575416,470.3294875681593,471.0710810999191,471.83907796504803,472.3348862882823
mango_rmse_random,medium,2016-03-31,2016Q3,3,DEFL,471.4572807524537,466.27690583674894,5.1803749157047605,469.616779824363,470.3580819638493,471.4863221347682,472.5884760056776,473.2876814301797
mango_rmse_random,medium,2016-03-31,2016Q4,4,DEFL,471.8819110365936,466.8022911971153,5.079619839478255,469.34599449188,470.36321740479497,471.9020736076136,473.4146511540523,474.31016077847846
mango_rmse_random,medium,2016-03-31,2017Q1,5,DEFL,472.3487533194208,467.31839116014726,5.030362159273523,469.13896057241016,470.36451739137254,472.4227551429375,474.27667359061843,475.44042189810364
mango_rmse_random,medium,2016-03-31,2017Q2,6,DEFL,472.82872282707024,467.62901269911987,5.199710127950368,468.79690328324347,470.35252538166935,472.88075341003866,475.2319261929947,476.82697460699524
mango_rmse_random,medium,2016-03-31,2017Q3,7,DEFL,473.3267210034946,468.12975463756425,5.1969663659303365,468.2757304297042,470.3928222678494,473.36950227993987,476.289241730765,478.1838012079545
mango_rmse_random,medium,2016-03-31,2017Q4,8,DEFL,473.8458767911974,468.81593179181164,5.029944999385748,468.00526725023167,470.4055124337768,473.89857197508,477.22280434958645,479.4731253483169
mango_rmse_random,medium,2016-03-31,2016Q1,1,FFR,0.3249421351035402,0.36000000000000004,-0.035057864896459845,-1.164515843270708,-0.5754171616786696,0.3392973393655082,1.2103123954883777,1.7653774921797525
mango_rmse_random,medium,2016-03-31,2016Q2,2,FFR,0.5513418633109565,0.37333333333333335,0.17800852997762312,-1.809930749433276,-0.803070566092503,0.5557688338138835,1.9092398361679945,2.845874025437704
mango_rmse_random,medium,2016-03-31,2016Q3,3,FFR,0.7608838643127589,0.39666666666666667,0.36421719764609223,-2.179340864024579,-0.9485720763656236,0.7161835949048689,2.5978412561025763,3.663964004065036
mango_rmse_random,medium,2016-03-31,2016Q4,4,FFR,0.917762175708683,0.45,0.467762175708683,-2.483519261319549,-1.1088111127359557,0.8955688452762103,3.010805053963576,4.343791630862106
mango_rmse_random,medium,2016-03-31,2017Q1,5,FFR,1.0378678861125654,0.7000000000000001,0.33786788611256535,-2.9312296690576125,-1.3587226399177053,1.0158408029452857,3.4714878854904097,5.026049490780672
mango_rmse_random,medium,2016-03-31,2017Q2,6,FFR,1.089178122529574,0.9500000000000001,0.13917812252957396,-3.4228013818080125,-1.5866763836178315,1.0978128388868735,3.809657812702543,5.400976170082202
mango_rmse_random,medium,2016-03-31,2017Q3,7,FFR,1.2091446535899375,1.1533333333333333,0.05581132025660418,-3.7106366937579858,-1.7133785082548603,1.1696864122807573,4.179759779285382,6.057903960244244
mango_rmse_random,medium,2016-03-31,2017Q4,8,FFR,1.282665535879512,1.2033333333333334,0.07933220254617868,-4.188580081580874,-1.8644268531296804,1.2902668116531486,4.472312221366569,6.379596004262289
mango_rmse_random,medium,2016-03-31,2016Q1,1,GDP,971.6635361505511,977.3690037449436,-5.70546759439253,970.3737274635324,970.8517824488449,971.6885216590518,972.412608152894,972.9365196302168
mango_rmse_random,medium,2016-03-31,2016Q2,2,GDP,972.3392155552908,977.6709362762499,-5.331720720959083,970.2931762702289,971.1504778434705,972.3245055786854,973.5616688999198,974.3364751071244
mango_rmse_random,medium,2016-03-31,2016Q3,3,GDP,972.9114491549402,978.270252164766,-5.358803009825806,970.1455499173601,971.2460155020585,972.907080493165,974.5415566579651,975.595832651446
mango_rmse_random,medium,2016-03-31,2016Q4,4,GDP,973.4365441467878,978.7659105426385,-5.329366395850684,970.094203096413,971.4364489461423,973.4557746824742,975.3962831746603,976.6467779656928
mango_rmse_random,medium,2016-03-31,2017Q1,5,GDP,973.9346290425038,979.1946532403157,-5.260024197811845,970.0256434484766,971.5982337105296,973.9763479870501,976.2586397776794,977.7257164664873
mango_rmse_random,medium,2016-03-31,2017Q2,6,GDP,974.4035481398314,979.6971814310028,-5.293633291171432,969.8577779066437,971.76976963817,974.4326793711823,976.9913136743355,978.7143590935384
mango_rmse_random,medium,2016-03-31,2017Q3,7,GDP,974.8397349029012,980.5212652288033,-5.681530325902031,969.7919611519324,972.0085269400824,974.9042556002505,977.7281544774874,979.503891821946
mango_rmse_random,medium,2016-03-31,2017Q4,8,GDP,975.2810117600807,981.5219022023681,-6.240890442287423,969.757768236059,972.070900582725,975.378824958288,978.4297493728711,980.6161479735396
mango_rmse_random,medium,2016-03-31,2016Q1,1,HOURS,471.7089760943235,467.58522965736216,4.123746436961312,470.4952927271302,470.9774950296272,471.7334744735427,472.4337719280829,472.9421229887198
mango_rmse_random,medium,2016-03-31,2016Q2,2,HOURS,472.1205351959403,467.88666449104284,4.23387070489747,469.8799975873551,470.7777154060979,472.1285046884419,473.40818760516237,474.3667950546419
mango_rmse_random,medium,2016-03-31,2016Q3,3,HOURS,472.4336453467418,468.1371679481668,4.296477398575007,469.3896065056696,470.6187522822548,472.4023351395234,474.28701740659267,475.51013322673816
mango_rmse_random,medium,2016-03-31,2016Q4,4,HOURS,472.737916152685,468.2260848352655,4.511831317419478,468.7450213658275,470.39672579356915,472.71215262327746,475.0651262573469,476.68672019584113
mango_rmse_random,medium,2016-03-31,2017Q1,5,HOURS,472.95111397459635,468.5883438027266,4.362770171869727,468.19664468664564,470.1627121821916,472.96826899759424,475.76008470251816,477.6253139593568
mango_rmse_random,medium,2016-03-31,2017Q2,6,HOURS,473.1606061467738,469.2906300292178,3.86997611755595,467.6313210243019,469.9203737036759,473.1187108459608,476.34438875660976,478.7611330099743
mango_rmse_random,medium,2016-03-31,2017Q3,7,HOURS,473.3115424420441,469.390424497534,3.9211179445100584,467.0664926497235,469.71203146121815,473.33275264143685,476.8740620280804,479.5500495208497
mango_rmse_random,medium,2016-03-31,2017Q4,8,HOURS,473.4485028843285,470.1815837289622,3.2669191553662813,466.52332031096006,469.4822202595989,473.39468032314875,477.49612189501624,480.2348063856284
mango_rmse_random,medium,2016-03-31,2016Q1,1,INV,797.2515676970966,803.2505963859908,-5.999028688894214,790.7304471375403,793.3736350056647,797.3079388510903,800.9259676599328,803.9772905740828
mango_rmse_random,medium,2016-03-31,2016Q2,2,INV,798.8294942194684,802.7258817867689,-3.8963875673005077,789.4120661830059,792.9259041782278,798.649027657068,804.6398692436701,808.4644235149992
mango_rmse_random,medium,2016-03-31,2016Q3,3,INV,799.8997258944893,802.9204149938417,-3.0206890993524667,787.0896871171009,792.1497998143695,799.8340099200632,807.560880845564,813.0462224798154
mango_rmse_random,medium,2016-03-31,2016Q4,4,INV,800.3597651238313,805.4387911774725,-5.079026053641201,785.8040670903376,791.3530787566879,799.9440638181086,809.4629590818894,815.4159127756836
mango_rmse_random,medium,2016-03-31,2017Q1,5,INV,801.1500872553304,804.9400556120976,-3.78996835676719,784.4960656601412,790.547547002216,801.2441929670515,811.3925015955665,818.4102805618022
mango_rmse_random,medium,2016-03-31,2017Q2,6,INV,801.6147228682213,806.708034244384,-5.09331137616266,782.2176427799582,789.9490888085544,801.7518003673987,813.3751450888319,820.8179199036971
mango_rmse_random,medium,2016-03-31,2017Q3,7,INV,801.840725701325,808.6664089264145,-6.825683225089506,779.872236397988,789.1684478092686,801.9086881413472,814.5031356158986,822.9724290973866
mango_rmse_random,medium,2016-03-31,2017Q4,8,INV,802.1896297287159,809.9688193847114,-7.779189655995538,778.7265910301605,788.010249043131,802.2030468224007,816.2635664799792,825.2074930119029
mango_rmse_random,medium,2016-03-31,2016Q1,1,WAGE,464.3973068928955,464.4112014102709,-0.01389451737543368,463.1363900851057,463.6365181159381,464.40304128939874,465.153603698079,465.66780266536045
mango_rmse_random,medium,2016-03-31,2016Q2,2,WAGE,464.5397642237101,463.97648307525907,0.5632811484510398,462.8096958161394,463.55216463671604,464.5452908947947,465.51367404427793,466.2286998222662
mango_rmse_random,medium,2016-03-31,2016Q3,3,WAGE,464.70969016488476,464.00739019959724,0.7022999652875228,462.66000791887166,463.5118725300779,464.69088877981125,465.9283196320318,466.80409523821214
mango_rmse_random,medium,2016-03-31,2016Q4,4,WAGE,464.8703980840446,464.46312548690054,0.4072725971440718,462.4749871405345,463.4599855779601,464.81378671648963,466.3151945719938,467.3552746781331
mango_rmse_random,medium,2016-03-31,2017Q1,5,WAGE,465.07232464959776,464.76739655148157,0.3049280981161928,462.3018606552444,463.3829479258271,465.0287988554133,466.7566128790272,467.86432570861615
mango_rmse_random,medium,2016-03-31,2017Q2,6,WAGE,465.2215156252358,465.25402947368775,-0.03251384845196981,462.2584816189616,463.37041150778583,465.1757937576477,467.09785041422174,468.39116056329334
mango_rmse_random,medium,2016-03-31,2017Q3,7,WAGE,465.4367125647738,466.0595432093501,-0.622830644576311,462.14906546714576,463.36221486738754,465.42044836450077,467.42308822693724,468.8316119162018
mango_rmse_random,medium,2016-03-31,2017Q4,8,WAGE,465.5986022482887,466.58700990877134,-0.9884076604826078,462.0219252884586,463.4096315515079,465.5306313071689,467.7680699133824,469.3952971268509
mango_rmse_random,medium,2016-06-30,2016Q2,1,CONS,934.4340912878232,940.5300639389587,-6.095972651135526,933.4899827193072,933.9038026317963,934.4371748109454,934.9949904271529,935.3477914491909
mango_rmse_random,medium,2016-06-30,2016Q3,2,CONS,934.9190358743267,941.1141949781957,-6.195159103868946,933.4069124952562,934.0241447763156,934.9367173139995,935.8041784808817,936.4576296183842
mango_rmse_random,medium,2016-06-30,2016Q4,3,CONS,935.4788850410341,941.597765893345,-6.118880852310895,933.3526598039771,934.2100067196227,935.4948617769167,936.7516805198712,937.57602289124
mango_rmse_random,medium,2016-06-30,2017Q1,4,CONS,935.953539783778,942.3021947169104,-6.3486549331324795,933.1933415766449,934.2870714313079,935.9667363445145,937.5580175676523,938.8413407200088
mango_rmse_random,medium,2016-06-30,2017Q2,5,CONS,936.4583010841001,942.7015608775955,-6.24325979349544,933.12926391145,934.439233975611,936.4471171502923,938.4373897560145,939.9638232941134
mango_rmse_random,medium,2016-06-30,2017Q3,6,CONS,936.988346374964,943.2961066624665,-6.3077602875025605,933.0431412399146,934.5435380627106,936.9879637559303,939.3501749908877,941.0584673783536
mango_rmse_random,medium,2016-06-30,2017Q4,7,CONS,937.5013372403524,944.3840666596335,-6.882729419281077,933.0199471468587,934.7000269059465,937.5533267677498,940.2893688441043,942.2122414454539
mango_rmse_random,medium,2016-06-30,2018Q1,8,CONS,938.0273183940757,945.0392641778635,-7.011945783787837,932.7266867833076,934.9105473221408,937.9999429473739,941.1995335765463,943.1853423103182
mango_rmse_random,medium,2016-06-30,2016Q2,1,DEFL,470.73788851200584,465.999922226677,4.737966285328866,470.0325230134068,470.30391165620443,470.73587219210356,471.16663377929535,471.4844357190552
mango_rmse_random,medium,2016-06-30,2016Q3,2,DEFL,471.0538284464174,466.27690583674894,4.776922609668475,469.8625326456248,470.3229414252693,471.0593245854666,471.7719092545123,472.2803482439085
mango_rmse_random,medium,2016-06-30,2016Q4,3,DEFL,471.3760514749886,466.8022911971153,4.573760277873305,469.5845952210235,470.29357857667776,471.3803550028769,472.39633486406854,473.18386538183046
mango_rmse_random,medium,2016-06-30,2017Q1,4,DEFL,471.72689997365654,467.31839116014726,4.408508813509286,469.24268986056126,470.2716011202231,471.7242199285347,473.1711379347799,474.1357727035587
mango_rmse_random,medium,2016-06-30,2017Q2,5,DEFL,472.11645141299886,467.62901269911987,4.487438713878987,468.940819605083,470.23918882836006,472.1343817194273,473.98879028148184,475.28278077080745
mango_rmse_random,medium,2016-06-30,2017Q3,6,DEFL,472.536308599371,468.12975463756425,4.406553961806765,468.5725752149738,470.2065542110388,472.59864846081473,474.85509252344673,476.4560609051715
mango_rmse_random,medium,2016-06-30,2017Q4,7,DEFL,472.98016704320213,468.81593179181164,4.164235251390494,468.18169553284673,470.1542330986564,473.0054139091676,475.758224436208,477.6192490211624
mango_rmse_random,medium,2016-06-30,2018Q1,8,DEFL,473.4493830160901,469.4279361059867,4.021446910103407,467.8671173969343,470.03849327463274,473.5125550753088,476.7529220182192,478.94658035281856
mango_rmse_random,medium,2016-06-30,2016Q2,1,FFR,0.4466358989140681,0.37333333333333335,0.07330256558073472,-1.054713762167922,-0.4439956049378174,0.47335401655568016,1.3212999111904953,1.9165065076465548
mango_rmse_random,medium,2016-06-30,2016Q3,2,FFR,0.6143375830014598,0.39666666666666667,0.21767091633479313,-1.6710148057699703,-0.7326053771111302,0.6063066092708462,2.004691127040018,2.8616708632565326
mango_rmse_random,medium,2016-06-30,2016Q4,3,FFR,0.7193472366599367,0.45,0.2693472366599367,-2.148617856033373,-0.9256117423925216,0.7048117418263531,2.3640944115864033,3.4993671204399273
mango_rmse_random,medium,2016-06-30,2017Q1,4,FFR,0.7865713869061055,0.7000000000000001,0.08657138690610544,-2.412406812645209,-1.1416616370057469,0.7594238077057891,2.8190768013657914,4.128325151238465
mango_rmse_random,medium,2016-06-30,2017Q2,5,FFR,0.8370501947743142,0.9500000000000001,-0.11294980522568587,-3.0528412585989106,-1.4552851856749962,0.8114337319587634,3.1633947898467842,4.694143654307123
mango_rmse_random,medium,2016-06-30,2017Q3,6,FFR,0.8964550442832555,1.1533333333333333,-0.2568782890500778,-3.501389938847377,-1.6844663360849292,0.9169672604726637,3.5143309930404727,5.126171932996675
mango_rmse_random,medium,2016-06-30,2017Q4,7,FFR,0.9556268622029959,1.2033333333333334,-0.2477064711303375,-3.6978743936074494,-1.8136497364243986,0.9598804368379179,3.738056974974355,5.66217857799962
mango_rmse_random,medium,2016-06-30,2018Q1,8,FFR,1.0260045763584718,1.4466666666666665,-0.4206620903081948,-4.082203453559841,-2.0263942039543403,1.0073088510010222,4.031323288412789,6.058365448526085
mango_rmse_random,medium,2016-06-30,2016Q2,1,GDP,971.7298866794896,977.6709362762499,-5.941049596760308,970.4039748144319,970.938129995247,971.7407055355934,972.504772566125,973.0066235133964
mango_rmse_random,medium,2016-06-30,2016Q3,2,GDP,972.1536560031785,978.270252164766,-6.116596161587495,970.0664681376394,970.8926914519726,972.1594814085192,973.444052090506,974.2440105575383
mango_rmse_random,medium,2016-06-30,2016Q4,3,GDP,972.6871819400956,978.7659105426385,-6.078728602542924,969.8266233147485,970.9845623276784,972.7364233970068,974.3827749015938,975.4957969615203
mango_rmse_random,medium,2016-06-30,2017Q1,4,GDP,973.1627331843113,979.1946532403157,-6.031920056004424,969.7912104721802,971.1122727970987,973.206316805031,975.1110051490448,976.6326463328627
mango_rmse_random,medium,2016-06-30,2017Q2,5,GDP,973.6764794248279,979.6971814310028,-6.020702006174929,969.7332559231094,971.3377336482448,973.6148129355817,976.0672361465342,977.823500896826
mango_rmse_random,medium,2016-06-30,2017Q3,6,GDP,974.1874895595153,980.5212652288033,-6.333775669288002,969.732800245401,971.5749701862208,974.1670825873764,976.854235974329,978.813135828369
mango_rmse_random,medium,2016-06-30,2017Q4,7,GDP,974.7070424263246,981.5219022023681,-6.814859776043477,969.6514801861977,971.7689374967166,974.636414368171,977.7005985528845,979.8734502265548
mango_rmse_random,medium,2016-06-30,2018Q1,8,GDP,975.1949081731708,982.2121682369062,-7.017260063735421,969.6655980713571,971.9446204475857,975.1114354347053,978.5938157320361,980.7880403281144
mango_rmse_random,medium,2016-06-30,2016Q2,1,HOURS,471.85411860586333,467.88666449104284,3.967454114820498,470.6320536687743,471.1099278741429,471.8413555737877,472.58332416079986,473.0682138097428
mango_rmse_random,medium,2016-06-30,2016Q3,2,HOURS,471.98098904273013,468.1371679481668,3.8438210945633386,469.8254603802446,470.6457127685441,471.98324951448524,473.30555486013264,474.14326050492554
mango_rmse_random,medium,2016-06-30,2016Q4,3,HOURS,472.14864327120057,468.2260848352655,3.922558435935059,469.1236656308727,470.24754923183497,472.1681849174659,473.93122616770614,475.1745873847337
mango_rmse_random,medium,2016-06-30,2017Q1,4,HOURS,472.3592154805063,468.5883438027266,3.7708716777796667,468.40815439546463,469.9351154574773,472.36329276603374,474.7214911816452,476.37585906846334
mango_rmse_random,medium,2016-06-30,2017Q2,5,HOURS,472.4880572496462,469.2906300292178,3.1974272204283807,467.6850418501447,469.53004833078387,472.4903637572816,475.3707580315604,477.277395659266
mango_rmse_random,medium,2016-06-30,2017Q3,6,HOURS,472.64707841743854,469.390424497534,3.2566539199045224,467.01219504707865,469.2733458814424,472.65794188732093,475.95934528766315,478.1999487792417
mango_rmse_random,medium,2016-06-30,2017Q4,7,HOURS,472.8233158945842,470.1815837289622,2.6417321656219883,466.5304044457382,469.13405233322885,472.8650957438799,476.55584980635524,478.94620478193286
mango_rmse_random,medium,2016-06-30,2018Q1,8,HOURS,472.985905333867,470.6607014041582,2.3252039297087777,466.1326125770023,468.8685209218944,473.0785308119272,477.0512368133945,479.7537784725191
mango_rmse_random,medium,2016-06-30,2016Q2,1,INV,795.6980070702136,802.7258817867689,-7.027874716555289,789.256711135435,791.7341027843246,795.8218132914471,799.581353984619,802.235357610709
mango_rmse_random,medium,2016-06-30,2016Q3,2,INV,795.7731507998278,802.9204149938417,-7.147264194013928,786.1123198802966,789.5558751779353,795.8514384944476,801.7085510671485,805.7851495262399
mango_rmse_random,medium,2016-06-30,2016Q4,3,INV,796.2356937568595,805.4387911774725,-9.203097420612949,783.1275111982206,788.3502749926573,796.1891339890938,804.1077180783611,809.278175005578
mango_rmse_random,medium,2016-06-30,2017Q1,4,INV,796.7861932926864,804.9400556120976,-8.153862319411132,780.8766226963158,787.2737672908027,796.9098468637861,805.9975408303267,812.1017103041914
mango_rmse_random,medium,2016-06-30,2017Q2,5,INV,797.4614189199966,806.708034244384,-9.246615324387335,779.2520910095066,786.3721798375973,797.642826987051,807.9564298091497,815.5421520719495
mango_rmse_random,medium,2016-06-30,2017Q3,6,INV,798.0420029517896,808.6664089264145,-10.624405974624892,777.3932614568505,785.6947262736719,798.2851908347927,810.4917438388775,819.0013518203001
mango_rmse_random,medium,2016-06-30,2017Q4,7,INV,798.8978182148559,809.9688193847114,-11.071001169855549,775.6986420313515,785.40855578329,798.9325120369155,812.3920322347369,822.153577537472
mango_rmse_random,medium,2016-06-30,2018Q1,8,INV,799.5087804703394,811.4589186446241,-11.950138174284689,774.698424993526,785.1354188359624,799.3939651662398,814.0025467084124,824.2578736378563
mango_rmse_random,medium,2016-06-30,2016Q2,1,WAGE,465.75638842593895,463.97648307525907,1.7799053506798828,464.4843886918911,464.9974367329333,465.7608172012762,466.50362754119436,466.9858162592344
mango_rmse_random,medium,2016-06-30,2016Q3,2,WAGE,466.0194371095886,464.00739019959724,2.0120469099913407,464.26680269844167,465.00688459520063,466.0428656509898,467.057767424652,467.74248959716016
mango_rmse_random,medium,2016-06-30,2016Q4,3,WAGE,466.14367216592376,464.46312548690054,1.680546679023223,464.015790208325,464.8590741721921,466.12713066203185,467.42256665222203,468.2890827297348
mango_rmse_random,medium,2016-06-30,2017Q1,4,WAGE,466.290417762694,464.76739655148157,1.5230212112124377,463.768285284127,464.79288669423903,466.3181454877689,467.72516813019377,468.7940441373231
mango_rmse_random,medium,2016-06-30,2017Q2,5,WAGE,466.40974008122936,465.25402947368775,1.1557106075416073,463.54637999872773,464.70734120167924,466.4069917398768,468.11473876598825,469.3202724891272
mango_rmse_random,medium,2016-06-30,2017Q3,6,WAGE,466.5755053607385,466.0595432093501,0.5159621513883508,463.37495676804133,464.70522308277776,466.5928036495233,468.4808514870383,469.72495607722533
mango_rmse_random,medium,2016-06-30,2017Q4,7,WAGE,466.727544727747,466.58700990877134,0.14053481897565234,463.3718662664917,464.6354782877804,466.7301532419201,468.7851822397698,470.2083607470971
mango_rmse_random,medium,2016-06-30,2018Q1,8,WAGE,466.90641980583786,466.4872029234135,0.41921688242433675,463.055413813225,464.6294863101275,466.8510832775655,469.27196133886315,470.7388968333003
mango_rmse_random,medium,2016-09-30,2016Q3,1,CONS,935.4351484876541,941.1141949781957,-5.679046490541509,934.498040081206,934.878486291045,935.4377731640238,935.9859156873274,936.3425787757593
mango_rmse_random,medium,2016-09-30,2016Q4,2,CONS,936.0462956829995,941.597765893345,-5.551470210345542,934.5168407988109,935.1481053566694,936.0342670850582,936.9490747302416,937.5225850903338
mango_rmse_random,medium,2016-09-30,2017Q1,3,CONS,936.6951576452979,942.3021947169104,-5.607037071612581,934.6209754561568,935.4258719521908,936.7104324192985,937.9804027410654,938.7265194232622
mango_rmse_random,medium,2016-09-30,2017Q2,4,CONS,937.2210167152105,942.7015608775955,-5.480544162385058,934.5215330078595,935.6231653256302,937.2387544741346,938.8346049113165,939.8582930950938
mango_rmse_random,medium,2016-09-30,2017Q3,5,CONS,937.7047510856344,943.2961066624665,-5.591355576832143,934.4250923593792,935.7324704974579,937.7071660812892,939.685401739357,941.2041916459212
mango_rmse_random,medium,2016-09-30,2017Q4,6,CONS,938.2158667957924,944.3840666596335,-6.168199863841096,934.249003072606,935.8698868647032,938.1688601904123,940.6178937410738,942.295177472537
mango_rmse_random,medium,2016-09-30,2018Q1,7,CONS,938.6771263953791,945.0392641778635,-6.36213778248441,934.0845527390792,936.0668759463244,938.6227848748434,941.430748562175,943.1807295852851
mango_rmse_random,medium,2016-09-30,2018Q2,8,CONS,939.149728891278,945.7638557049759,-6.614126813697908,934.055642085454,935.9854768112486,939.1373263504001,942.2869448409035,944.2803606952865
mango_rmse_random,medium,2016-09-30,2016Q3,1,DEFL,471.54973483862267,466.27690583674894,5.272829001873731,470.80973714140305,471.11297718990454,471.5552693563181,471.9921512256941,472.28095439011076
mango_rmse_random,medium,2016-09-30,2016Q4,2,DEFL,471.94813263115094,466.8022911971153,5.145841434035617,470.708110113006,471.1963925933331,471.94764935998796,472.72220484903306,473.1799341595051
mango_rmse_random,medium,2016-09-30,2017Q1,3,DEFL,472.36878211710393,467.31839116014726,5.050390956956676,470.5506534532118,471.26459971995433,472.37818561643667,473.4930567068808,474.08980886343124
mango_rmse_random,medium,2016-09-30,2017Q2,4,DEFL,472.87695325757204,467.62901269911987,5.2479405584521714,470.38532562291016,471.370939096522,472.9017021521544,474.3460933196734,475.2242473345622
mango_rmse_random,medium,2016-09-30,2017Q3,5,DEFL,473.3883988346196,468.12975463756425,5.258644197055332,470.1566898656382,471.5090528950482,473.43206672068925,475.27398590304404,476.47145404229803
mango_rmse_random,medium,2016-09-30,2017Q4,6,DEFL,473.9276042402829,468.81593179181164,5.111672448471268,469.9271387777433,471.6507328070837,473.9643039718394,476.2682518980532,477.7106810732872
mango_rmse_random,medium,2016-09-30,2018Q1,7,DEFL,474.48647409213623,469.4279361059867,5.058537986149531,469.6485878314996,471.6936081499076,474.5647083218509,477.29282435143153,479.1039888713063
mango_rmse_random,medium,2016-09-30,2018Q2,8,DEFL,475.05894678804657,470.2823074052711,4.776639382775443,469.4465704273217,471.7168896298397,475.08324438740624,478.38878870724164,480.5526600339677
mango_rmse_random,medium,2016-09-30,2016Q3,1,FFR,0.7053209991649698,0.39666666666666667,0.30865433249830315,-0.7501342405988545,-0.16985178043140015,0.6914870166235754,1.6117865300967178,2.180657058520448
mango_rmse_random,medium,2016-09-30,2016Q4,2,FFR,0.9284149977754663,0.45,0.4784149977754663,-1.3943533240556811,-0.4188629593536844,0.9069074293543851,2.3246906456213168,3.1934965813163196
mango_rmse_random,medium,2016-09-30,2017Q1,3,FFR,1.2756216383560375,0.7000000000000001,0.5756216383560374,-1.5274458458059579,-0.4695637205396658,1.2409248430750646,3.020681706518343,4.130819562056463
mango_rmse_random,medium,2016-09-30,2017Q2,4,FFR,1.4957900059416214,0.9500000000000001,0.5457900059416213,-1.871249992323076,-0.5141071059919705,1.4452288170475132,3.556154104949739,4.93277600506146
mango_rmse_random,medium,2016-09-30,2017Q3,5,FFR,1.5351235516004975,1.1533333333333333,0.3817902182671642,-2.448942689823173,-0.8730863021258568,1.4203540738258273,3.9349564065572324,5.62979026322233
mango_rmse_random,medium,2016-09-30,2017Q4,6,FFR,1.6411226401636312,1.2033333333333334,0.4377893068302978,-2.6963675627592516,-1.0026961796279599,1.5904747818730613,4.288602833990961,6.29860598847863
mango_rmse_random,medium,2016-09-30,2018Q1,7,FFR,1.7195156922113055,1.4466666666666665,0.27284902554463897,-3.038238851597931,-1.1274261105569088,1.640904745859462,4.633032316380164,6.60853562501431
mango_rmse_random,medium,2016-09-30,2018Q2,8,FFR,1.7190034269865442,1.7366666666666666,-0.0176632396801224,-3.2166838905836896,-1.336848306438463,1.6144883320060694,4.910206256452736,6.832729211598001
mango_rmse_random,medium,2016-09-30,2016Q3,1,GDP,972.517735008691,978.270252164766,-5.752517156074987,971.2467325665701,971.7496719701696,972.5659835162655,973.2513601673706,973.7783802264312
mango_rmse_random,medium,2016-09-30,2016Q4,2,GDP,973.2841252505841,978.7659105426385,-5.481785292054383,971.2423786374293,972.1337517503459,973.274085992125,974.471451332993,975.241861155452
mango_rmse_random,medium,2016-09-30,2017Q1,3,GDP,973.885055591468,979.1946532403157,-5.309597648847671,971.0400749199571,972.2831432733643,973.8995103968731,975.534846558264,976.5460651939932
mango_rmse_random,medium,2016-09-30,2017Q2,4,GDP,974.4758705520136,979.6971814310028,-5.221310878989243,971.0269765641731,972.4911599165889,974.4818688847164,976.4639676183093,977.6864443705026
mango_rmse_random,medium,2016-09-30,2017Q3,5,GDP,974.923960389248,980.5212652288033,-5.59730483955525,970.8877001871158,972.5746591430714,974.9843604630098,977.2290254054614,978.7467746596807
mango_rmse_random,medium,2016-09-30,2017Q4,6,GDP,975.330273757407,981.5219022023681,-6.191628444961111,971.0001964731771,972.6477142636987,975.3427426753092,978.0553681362077,979.8701158632716
mango_rmse_random,medium,2016-09-30,2018Q1,7,GDP,975.7436166453277,982.2121682369062,-6.468551591578489,970.7994663416432,972.8978961659517,975.7612070265544,978.7009160525096,980.869579104026
mango_rmse_random,medium,2016-09-30,2018Q2,8,GDP,976.1318311334459,982.9070909671581,-6.775259833712198,970.7822161422434,972.8967170860784,976.1284732351523,979.3433253979118,981.6544031237261
mango_rmse_random,medium,2016-09-30,2016Q3,1,HOURS,472.56286536422544,468.1371679481668,4.425697416058654,471.36386047262897,471.8279723519704,472.5709773323181,473.30225621653926,473.76925042063635
mango_rmse_random,medium,2016-09-30,2016Q4,2,HOURS,472.9942559484079,468.2260848352655,4.768171113142387,470.8752028802797,471.6533232165073,472.99837978143125,474.2937702676068,475.0821381023358
mango_rmse_random,medium,2016-09-30,2017Q1,3,HOURS,473.40236658184324,468.5883438027266,4.814022779116613,470.3880044851318,471.48643190510927,473.37443349579604,475.27221734659264,476.4693025926093
mango_rmse_random,medium,2016-09-30,2017Q2,4,HOURS,473.783445334644,469.2906300292178,4.492815305426177,469.9023052304092,471.42163435220135,473.7379576282376,476.19533278659986,477.68738868840575
mango_rmse_random,medium,2016-09-30,2017Q3,5,HOURS,474.02828901564396,469.390424497534,4.63786451810995,469.3933469819562,471.1803650780242,473.981200250014,476.87750776857195,478.8951896090812
mango_rmse_random,medium,2016-09-30,2017Q4,6,HOURS,474.1819340288853,470.1815837289622,4.0003502999230705,468.6810339163641,470.91768214379294,474.10335457236374,477.45814336653706,479.9931879815376
mango_rmse_random,medium,2016-09-30,2018Q1,7,HOURS,474.3375360497274,470.6607014041582,3.6768346455692154,468.01524316158344,470.6814774851837,474.2808051139963,477.9647008046969,480.5779136036772
mango_rmse_random,medium,2016-09-30,2018Q2,8,HOURS,474.3974217185707,471.1204474609927,3.27697425757799,467.51465189916405,470.359879090604,474.4123534489428,478.3947655120956,481.2189233343852
mango_rmse_random,medium,2016-09-30,2016Q3,1,INV,796.1786965808208,802.9204149938417,-6.741718413020976,789.546165109526,792.2937726827925,796.1923621602466,800.1620965103544,802.578999024835
mango_rmse_random,medium,2016-09-30,2016Q4,2,INV,797.6397991430066,805.4387911774725,-7.7989920344658685,787.5854802486692,791.4485720979641,797.6593729092899,803.8094351470517,807.6624671129399
mango_rmse_random,medium,2016-09-30,2017Q1,3,INV,798.4003576405847,804.9400556120976,-6.539697971512851,785.5040415789705,790.3672667085641,798.5892978422471,806.3222634773164,810.8719086187787
mango_rmse_random,medium,2016-09-30,2017Q2,4,INV,800.1631035233703,806.708034244384,-6.544930721013657,784.9082979241108,790.9537618965702,800.1531272828644,809.2945537131878,815.2430279880509
mango_rmse_random,medium,2016-09-30,2017Q3,5,INV,800.4708786153667,808.6664089264145,-8.195530311047833,783.0316190962275,790.3444087148106,800.3672313754787,811.1874205986726,817.7740695988399
mango_rmse_random,medium,2016-09-30,2017Q4,6,INV,800.6211823632154,809.9688193847114,-9.347637021495984,780.7410610843773,788.7318914218343,800.6470762044728,812.8989246662082,820.5689990820167
mango_rmse_random,medium,2016-09-30,2018Q1,7,INV,800.9183884572211,811.4589186446241,-10.540530187402965,778.6826903615544,787.7869155877547,800.858032969471,814.45611966676,822.6611763525865
mango_rmse_random,medium,2016-09-30,2018Q2,8,INV,801.008091632989,811.643110673574,-10.635019040585007,776.2265386922695,786.6254209971141,800.8199345901662,815.641475386887,824.8288425765473
mango_rmse_random,medium,2016-09-30,2016Q3,1,WAGE,465.099865614215,464.00739019959724,1.092475414617752,463.8810457900338,464.32251323305536,465.10887905237394,465.8583094073626,466.2820438697155
mango_rmse_random,medium,2016-09-30,2016Q4,2,WAGE,465.0844307777127,464.46312548690054,0.6213052908121881,463.3597187835503,464.05305256451607,465.0928511019805,466.0727967111142,466.8514577119425
mango_rmse_random,medium,2016-09-30,2017Q1,3,WAGE,465.25679930438514,464.76739655148157,0.4894027529035725,463.1498440325523,463.9870239296811,465.27180007109655,466.5139324364837,467.36694036553286
mango_rmse_random,medium,2016-09-30,2017Q2,4,WAGE,465.3554238236686,465.25402947368775,0.10139434998086472,462.80146767222607,463.9064552532349,465.387801855471,466.88211624797276,467.81540768629225
mango_rmse_random,medium,2016-09-30,2017Q3,5,WAGE,465.4872146761442,466.0595432093501,-0.5723285332059049,462.6421325679309,463.7949538732412,465.5123347525986,467.1750150545235,468.1604831990342
mango_rmse_random,medium,2016-09-30,2017Q4,6,WAGE,465.62735951573814,466.58700990877134,-0.9596503930332005,462.47901123548326,463.71069123280597,465.640910916734,467.51936752927213,468.7084036684363
mango_rmse_random,medium,2016-09-30,2018Q1,7,WAGE,465.76374131537864,466.4872029234135,-0.7234616080348815,462.2973639794686,463.6919206897016,465.75901232682315,467.8140198423528,469.2017926967992
mango_rmse_random,medium,2016-09-30,2018Q2,8,WAGE,465.9014561553123,466.30050376590424,-0.3990476105919356,462.1486001871853,463.71067737101873,465.9056629377844,468.1370227647781,469.4746788570291
mango_rmse_random,medium,2016-12-31,2016Q4,1,CONS,936.2040681219163,941.597765893345,-5.3936977714287195,935.2817123302304,935.6508643853282,936.1847713168438,936.7665583022292,937.2039280717432
mango_rmse_random,medium,2016-12-31,2017Q1,2,CONS,936.8853018889051,942.3021947169104,-5.416892828005302,935.3970949796939,935.9627957809438,936.8645902270315,937.7975277447312,938.3630032315723
mango_rmse_random,medium,2016-12-31,2017Q2,3,CONS,937.4539168918276,942.7015608775955,-5.2476439857679225,935.2788603058008,936.1918535338715,937.4635778091746,938.6983826052111,939.5786006010536
mango_rmse_random,medium,2016-12-31,2017Q3,4,CONS,937.9520405040978,943.2961066624665,-5.344066158368719,935.2024668995878,936.2907886475745,937.9682090013316,939.5883226225981,940.7081609555878
mango_rmse_random,medium,2016-12-31,2017Q4,5,CONS,938.4623947508163,944.3840666596335,-5.9216719088171885,935.1386608807205,936.3835778851695,938.4819579986405,940.4835380300626,941.7612868803859
mango_rmse_random,medium,2016-12-31,2018Q1,6,CONS,938.945896629798,945.0392641778635,-6.093367548065544,934.9186878515578,936.5060441579386,938.959423981059,941.3836924011746,942.8768184025732
mango_rmse_random,medium,2016-12-31,2018Q2,7,CONS,939.4174871126451,945.7638557049759,-6.346368592330805,934.7643096316588,936.5878718681508,939.5101332324735,942.2048595223329,943.8638173622663
mango_rmse_random,medium,2016-12-31,2018Q3,8,CONS,939.9309415917355,946.3980072492748,-6.467065657539251,934.5943789254231,936.8499500790817,939.9963304160938,943.0462859412631,944.9590651258313
mango_rmse_random,medium,2016-12-31,2016Q4,1,DEFL,471.88437879756304,466.8022911971153,5.082087600447721,471.18391603284095,471.44312422687506,471.88047968849213,472.3028386769757,472.5782181336575
mango_rmse_random,medium,2016-12-31,2017Q1,2,DEFL,472.27292890294774,467.31839116014726,4.954537742800483,471.06652061625016,471.5228821029223,472.2529997501665,473.01507761328327,473.49570839926207
mango_rmse_random,medium,2016-12-31,2017Q2,3,DEFL,472.7267946016488,467.62901269911987,5.097781902528936,470.97118347800705,471.60807756829274,472.7212165633349,473.8080139029275,474.5547897425206
mango_rmse_random,medium,2016-12-31,2017Q3,4,DEFL,473.2043999510373,468.12975463756425,5.07464531347307,470.81494098020295,471.7407671764199,473.19682377068176,474.6801161259268,475.657584872614
mango_rmse_random,medium,2016-12-31,2017Q4,5,DEFL,473.707266336451,468.81593179181164,4.891334544639392,470.5194810491903,471.815679015751,473.6977506088234,475.68214823048254,476.89014427421756
mango_rmse_random,medium,2016-12-31,2018Q1,6,DEFL,474.23703446797873,469.4279361059867,4.809098361992028,470.33107781064683,471.85761637271025,474.2256826790742,476.6432840413877,478.2507316011079
mango_rmse_random,medium,2016-12-31,2018Q2,7,DEFL,474.78889577484176,470.2823074052711,4.506588369570636,469.98687895504685,471.9244756177546,474.7861312056793,477.7011852206368,479.6596810408618
mango_rmse_random,medium,2016-12-31,2018Q3,8,DEFL,475.3534525204168,470.6182260866492,4.735226433767593,469.72443438013175,471.909604925194,475.3327647766711,478.7099054051533,481.0552968124614
mango_rmse_random,medium,2016-12-31,2016Q4,1,FFR,0.6067079238525583,0.45,0.15670792385255833,-0.8886334542074771,-0.27965974866353066,0.5872130795484957,1.4828069035882316,2.0600972283902417
mango_rmse_random,medium,2016-12-31,2017Q1,2,FFR,0.9354113329241669,0.7000000000000001,0.23541133292416683,-1.3213274921430198,-0.43643755969955106,0.9520422510890892,2.335065206339899,3.2157983659833533
mango_rmse_random,medium,2016-12-31,2017Q2,3,FFR,1.1818777326231558,0.9500000000000001,0.2318777326231557,-1.643424017751922,-0.5644402589589621,1.192887459882777,2.8930342304482783,4.103624383932652
mango_rmse_random,medium,2016-12-31,2017Q3,4,FFR,1.3260395026790945,1.1533333333333333,0.17270616934576122,-2.0470074418418003,-0.7662459823268379,1.339506866021561,3.369770795071741,4.735812388683844
mango_rmse_random,medium,2016-12-31,2017Q4,5,FFR,1.4607200980251347,1.2033333333333334,0.25738676469180133,-2.3732693754591025,-0.850780890237086,1.443379364554236,3.814911710423955,5.44930145142431
mango_rmse_random,medium,2016-12-31,2018Q1,6,FFR,1.5483470613057289,1.4466666666666665,0.10168039463906231,-2.7473595008668807,-1.0073341626959453,1.5584749469497983,4.262459056104311,5.976992175042618
mango_rmse_random,medium,2016-12-31,2018Q2,7,FFR,1.5716750372492523,1.7366666666666666,-0.1649916294174143,-3.182802384347071,-1.2637319830389215,1.5079452768518171,4.472309456758755,6.2709902025114745
mango_rmse_random,medium,2016-12-31,2018Q3,8,FFR,1.607747951371414,1.9233333333333331,-0.3155853819619192,-3.4139394524970905,-1.4720051680963242,1.5755763390124986,4.644522574280745,6.775997025324521
mango_rmse_random,medium,2016-12-31,2016Q4,1,GDP,973.1827168754519,978.7659105426385,-5.583193667186606,971.8927303666729,972.4246388347606,973.1848006537634,973.9431667520101,974.4656570596911
mango_rmse_random,medium,2016-12-31,2017Q1,2,GDP,973.8540618286236,979.1946532403157,-5.340591411692117,971.8237136454045,972.5987111223059,973.8383698916593,975.0440349941208,975.8860575093854
mango_rmse_random,medium,2016-12-31,2017Q2,3,GDP,974.5408360577986,979.6971814310028,-5.1563453732042035,971.7856246284915,972.8895222943793,974.5337832289501,976.1896279653918,977.2653103060364
mango_rmse_random,medium,2016-12-31,2017Q3,4,GDP,975.0932551203357,980.5212652288033,-5.428010108467561,971.7933867710119,973.0703221665539,975.0997483191743,977.0994642828681,978.4926814617592
mango_rmse_random,medium,2016-12-31,2017Q4,5,GDP,975.5557824682714,981.5219022023681,-5.966119734096651,971.5240099044031,973.1583687134189,975.5358128807484,977.973165182952,979.5675468695802
mango_rmse_random,medium,2016-12-31,2018Q1,6,GDP,975.9828790735504,982.2121682369062,-6.229289163355816,971.3647625478204,973.2739827890628,975.9545652165876,978.6618522084281,980.5597932908025
mango_rmse_random,medium,2016-12-31,2018Q2,7,GDP,976.3990453723707,982.9070909671581,-6.508045594787404,971.2941461051264,973.3324680980272,976.4091005617414,979.4298125719462,981.463222684144
mango_rmse_random,medium,2016-12-31,2018Q3,8,GDP,976.8803943981068,983.6265326816047,-6.746138283497885,971.2380462886991,973.666056730854,976.9138637672282,980.2475668218555,982.3808338372476
mango_rmse_random,medium,2016-12-31,2016Q4,1,HOURS,472.57368353960044,468.2260848352655,4.347598704334928,471.33978258621676,471.83509606988247,472.58305400498455,473.322262709625,473.8070761846128
mango_rmse_random,medium,2016-12-31,2017Q1,2,HOURS,472.9732337022328,468.5883438027266,4.384889899506163,470.84818794017457,471.64803717050444,472.9610216067165,474.288925362706,475.05081138125524
mango_rmse_random,medium,2016-12-31,2017Q2,3,HOURS,473.43179963378503,469.2906300292178,4.14116960456721,470.32848112685923,471.5572131858951,473.4299497870611,475.3070991802475,476.44257181832785
mango_rmse_random,medium,2016-12-31,2017Q3,4,HOURS,473.7858571608689,469.390424497534,4.395432663334873,469.7059545595398,471.3777891485851,473.7936014168928,476.14072579683125,477.81418045299534
mango_rmse_random,medium,2016-12-31,2017Q4,5,HOURS,474.0163755887556,470.1815837289622,3.83479185979337,469.2814384612905,471.13013502165245,474.01792961948627,476.80969294331936,478.73667194144844
mango_rmse_random,medium,2016-12-31,2018Q1,6,HOURS,474.1918508248367,470.6607014041582,3.531149420678503,468.7244213349907,470.7805372386671,474.2295342735757,477.4460517843205,479.4835917230657
mango_rmse_random,medium,2016-12-31,2018Q2,7,HOURS,474.32397001260495,471.1204474609927,3.2035225516122523,467.9853145859976,470.60791764182943,474.35186716216657,477.9962185715482,480.4364827543829
mango_rmse_random,medium,2016-12-31,2018Q3,8,HOURS,474.4379480939043,471.6165794644259,2.8213686294783997,467.46951616883234,470.3341917805544,474.46087260844035,478.4348721732637,481.0972347582909
mango_rmse_random,medium,2016-12-31,2016Q4,1,INV,795.0813491128258,805.4387911774725,-10.357442064646648,788.7951235959849,791.0560966583027,795.0183348597969,799.0675393692766,801.6466784201247
mango_rmse_random,medium,2016-12-31,2017Q1,2,INV,796.1531423098024,804.9400556120976,-8.786913302295147,786.3121213275447,789.9462160289555,796.2274564316614,802.0202948526619,806.0001584430908
mango_rmse_random,medium,2016-12-31,2017Q2,3,INV,798.0537433501195,806.708034244384,-8.654290894264477,785.1428011089992,790.1967700372259,797.9712556156694,805.8089495729355,810.8210927295798
mango_rmse_random,medium,2016-12-31,2017Q3,4,INV,799.120928511964,808.6664089264145,-9.54548041445048,783.4839510273969,789.7006108790356,799.0102004548801,808.4973831551041,814.5532392518993
mango_rmse_random,medium,2016-12-31,2017Q4,5,INV,799.4961341637028,809.9688193847114,-10.472685221008646,781.3348112995517,788.3875803290633,799.5270531087851,810.4306182362767,817.7094554283595
mango_rmse_random,medium,2016-12-31,2018Q1,6,INV,799.9528249700214,811.4589186446241,-11.506093674602653,780.4407349723166,788.0490807516168,799.8386680668468,812.4561253039737,819.8160578965598
mango_rmse_random,medium,2016-12-31,2018Q2,7,INV,800.051393358347,811.643110673574,-11.591717315227015,777.3338641175478,786.7671600400596,799.9897747650625,813.6780655318659,822.5083809849614
mango_rmse_random,medium,2016-12-31,2018Q3,8,INV,800.3625956045331,814.7015783835387,-14.338982779005619,776.2141754079422,785.6943848885862,800.269423236417,815.3716010604402,823.9082830063163
mango_rmse_random,medium,2016-12-31,2016Q4,1,WAGE,466.0535131104391,464.46312548690054,1.590387623538561,464.7209544760518,465.285905569985,466.056055383901,466.8037507220854,467.37782749024905
mango_rmse_random,medium,2016-12-31,2017Q1,2,WAGE,466.16673993230216,464.76739655148157,1.3993433808205964,464.42057836430024,465.1209197972748,466.1798291173541,467.19117814376483,467.9064621465426
mango_rmse_random,medium,2016-12-31,2017Q2,3,WAGE,466.2386572584634,465.25402947368775,0.9846277847756255,464.0405941133276,464.9208433882665,466.25258790546764,467.5464878516555,468.41597624003987
mango_rmse_random,medium,2016-12-31,2017Q3,4,WAGE,466.30299623377715,466.0595432093501,0.24345302442702632,463.6746416431139,464.7701156059172,466.3212515829974,467.78785901858566,468.8363415634307
mango_rmse_random,medium,2016-12-31,2017Q4,5,WAGE,466.4275484612399,466.58700990877134,-0.15946144753144154,463.57698510890907,464.741016524523,466.42118093992207,468.14907526712403,469.31924928558806
mango_rmse_random,medium,2016-12-31,2018Q1,6,WAGE,466.5645962805716,466.4872029234135,0.07739335715808693,463.471049727196,464.70018340396405,466.461669992427,468.5193368642875,469.8064915920562
mango_rmse_random,medium,2016-12-31,2018Q2,7,WAGE,466.72264674177984,466.30050376590424,0.4221429758756017,463.40639157026243,464.6706279819064,466.6597166277427,468.81423402612563,470.2132038059923
mango_rmse_random,medium,2016-12-31,2018Q3,8,WAGE,466.8819475554822,466.87269753847164,0.009250017010572265,463.151181345384,464.63554260494436,466.8385904920763,469.22557463910897,470.660818383324
mango_rmse_random,medium,2017-03-31,2017Q1,1,CONS,937.228957513234,942.3021947169104,-5.073237203676399,936.2883990564684,936.6625994794083,937.2341788729127,937.810186906205,938.1467600038362
mango_rmse_random,medium,2017-03-31,2017Q2,2,CONS,937.9300881858865,942.7015608775955,-4.77147269170905,936.3856179523158,937.0005567912514,937.9231445912619,938.8351498773134,939.4216657573504
mango_rmse_random,medium,2017-03-31,2017Q3,3,CONS,938.5508832378179,943.2961066624665,-4.745223424648657,936.4739852207484,937.3321094623367,938.544599530323,939.7645763614879,940.6341135341008
mango_rmse_random,medium,2017-03-31,2017Q4,4,CONS,939.2019619625937,944.3840666596335,-5.18210469703979,936.4804610304448,937.59120332261,939.1700563650377,940.7697444749879,942.0340841057138
mango_rmse_random,medium,2017-03-31,2018Q1,5,CONS,939.7982749919846,945.0392641778635,-5.240989185878902,936.3982897521302,937.7861606776202,939.8532202638263,941.739738278091,943.0916054460408
mango_rmse_random,medium,2017-03-31,2018Q2,6,CONS,940.3773245133323,945.7638557049759,-5.3865311916435985,936.3372613863577,937.9860478996662,940.4313809241524,942.6792964824117,944.2278124572993
mango_rmse_random,medium,2017-03-31,2018Q3,7,CONS,940.9249894120522,946.3980072492748,-5.473017837222528,936.3766981469129,938.1474637889285,941.0342318462003,943.6075753232435,945.2972713945142
mango_rmse_random,medium,2017-03-31,2018Q4,8,CONS,941.4645203103954,946.8339353212865,-5.369415010891089,936.3792407929319,938.3446693031281,941.4912950492665,944.4824054745853,946.311435964221
mango_rmse_random,medium,2017-03-31,2017Q1,1,DEFL,472.4619963168312,467.31839116014726,5.143605156683918,471.77940929837433,472.04567009317435,472.45913268215736,472.87281970069716,473.13423098353144
mango_rmse_random,medium,2017-03-31,2017Q2,2,DEFL,472.93270481828733,467.62901269911987,5.303692119167465,471.75725301201777,472.23686241800806,472.9254568913259,473.62859102389973,474.0924373414302
mango_rmse_random,medium,2017-03-31,2017Q3,3,DEFL,473.4357294825031,468.12975463756425,5.3059748449388735,471.69551849222916,472.45820347880147,473.4321451951857,474.4500655536654,475.117275954134
mango_rmse_random,medium,2017-03-31,2017Q4,4,DEFL,473.96410585444005,468.81593179181164,5.148174062628414,471.63885282654724,472.60350777131555,473.9232360461392,475.29544653573635,476.2795689149496
mango_rmse_random,medium,2017-03-31,2018Q1,5,DEFL,474.5341134322539,469.4279361059867,5.106177326267186,471.5345451401071,472.77297900473377,474.50160319864176,476.30253605436025,477.6254820090365
mango_rmse_random,medium,2017-03-31,2018Q2,6,DEFL,475.10943099489174,470.2823074052711,4.827123589620612,471.3793252200794,472.86168169191126,475.0517640111559,477.3610545343079,478.92386917488835
mango_rmse_random,medium,2017-03-31,2018Q3,7,DEFL,475.6895968207897,470.6182260866492,5.071370734140487,471.2838890499868,472.96635609348175,475.5574045104608,478.31509537814924,480.29542257790797
mango_rmse_random,medium,2017-03-31,2018Q4,8,DEFL,476.2956127327738,471.07186839761323,5.223744335160575,471.15990254437264,473.18740810206026,476.234070114995,479.4279244927014,481.7822634468003
mango_rmse_random,medium,2017-03-31,2017Q1,1,FFR,0.7855291249416088,0.7000000000000001,0.08552912494160869,-0.629196948698612,-0.09004798695856847,0.7873279125487375,1.6095204719653806,2.2039812801776537
mango_rmse_random,medium,2017-03-31,2017Q2,2,FFR,0.9656218034036744,0.9500000000000001,0.015621803403674361,-1.301961309220338,-0.36763687873417805,0.9727654608250075,2.3149878414733847,3.236020057325567
mango_rmse_random,medium,2017-03-31,2017Q3,3,FFR,1.1394431553224484,1.1533333333333333,-0.01389017801088488,-1.707190477483798,-0.5756000336861892,1.1262158113750977,2.8343905314396016,4.036025193719086
mango_rmse_random,medium,2017-03-31,2017Q4,4,FFR,1.2760727473665499,1.2033333333333334,0.07273941403321649,-2.09320530263475,-0.7104792608620288,1.2808530249471772,3.2909573311912963,4.65921399873205
mango_rmse_random,medium,2017-03-31,2018Q1,5,FFR,1.4398418842686727,1.4466666666666665,-0.006824782397993889,-2.411625277916051,-0.8749973757423565,1.3992987129776395,3.7734454074249246,5.284298799470367
mango_rmse_random,medium,2017-03-31,2018Q2,6,FFR,1.5775494662243286,1.7366666666666666,-0.159117200442338,-2.798380650795527,-1.0221192569645186,1.5775815271398335,4.175193120305429,5.915245952624455
mango_rmse_random,medium,2017-03-31,2018Q3,7,FFR,1.6835187155958535,1.9233333333333331,-0.23981461773747959,-2.824640862914387,-1.0945047991237034,1.6361016965866244,4.46719055497997,6.456388639411808
mango_rmse_random,medium,2017-03-31,2018Q4,8,FFR,1.7781827135632076,2.22,-0.44181728643679263,-3.1220489451742637,-1.1784924231530767,1.7243796407125587,4.705297300841654,6.83706109517371
mango_rmse_random,medium,2017-03-31,2017Q1,1,GDP,973.8167780433271,979.1946532403157,-5.377875196988612,972.535290091424,973.0506947165397,973.8230683658961,974.6371382872894,975.1048751831676
mango_rmse_random,medium,2017-03-31,2017Q2,2,GDP,974.59920709303,979.6971814310028,-5.097974337972801,972.4714076699923,973.3324688562533,974.6145975729488,975.8517322159687,976.6579625360063
mango_rmse_random,medium,2017-03-31,2017Q3,3,GDP,975.1836004741314,980.5212652288033,-5.337664754671891,972.4330525703892,973.5127887778657,975.13987347334,976.8138203858775,977.9702895445815
mango_rmse_random,medium,2017-03-31,2017Q4,4,GDP,975.8104760011413,981.5219022023681,-5.7114262012268,972.5780400513512,973.8647218991317,975.7765784348578,977.8044801518572,979.190869019866
mango_rmse_random,medium,2017-03-31,2018Q1,5,GDP,976.3482594217392,982.2121682369062,-5.863908815167065,972.4645221910804,974.0764757593413,976.2703922032392,978.6950153149995,980.2707016156298
mango_rmse_random,medium,2017-03-31,2018Q2,6,GDP,976.8767414741723,982.9070909671581,-6.030349492985806,972.4854904960497,974.3337460491942,976.8698323230288,979.5648247586389,981.3691057204545
mango_rmse_random,medium,2017-03-31,2018Q3,7,GDP,977.3489821619592,983.6265326816047,-6.2775505196455015,972.3746639710454,974.4500791510524,977.2717320974514,980.3234375567083,982.3227185778045
mango_rmse_random,medium,2017-03-31,2018Q4,8,GDP,977.8085531894176,983.8081508542731,-5.999597664855514,972.4650754814392,974.5529200576286,977.815101501217,981.017703627771,983.1788379850168
mango_rmse_random,medium,2017-03-31,2017Q1,1,HOURS,473.06421486025357,468.5883438027266,4.475871057526945,471.8145682452707,472.31363905132093,473.06271251545655,473.8039170324503,474.2965842228414
mango_rmse_random,medium,2017-03-31,2017Q2,2,HOURS,473.64077074443856,469.2906300292178,4.350140715220732,471.47758498564707,472.3127638887333,473.6168969957582,474.9895907453569,475.84915455843753
mango_rmse_random,medium,2017-03-31,2017Q3,3,HOURS,474.0721143449231,469.390424497534,4.681689847389066,470.9499498479331,472.16274762567065,474.05003071185075,475.9644927668223,477.2895375839737
mango_rmse_random,medium,2017-03-31,2017Q4,4,HOURS,474.46128332608845,470.1815837289622,4.279699597126239,470.54783591151323,472.02659337244177,474.42670912597055,476.7829437781848,478.4322805294803
mango_rmse_random,medium,2017-03-31,2018Q1,5,HOURS,474.8055933876031,470.6607014041582,4.144891983444893,470.13806032807696,471.99014446853784,474.82628457906327,477.64515959746666,479.57962780069755
mango_rmse_random,medium,2017-03-31,2018Q2,6,HOURS,475.084596722219,471.1204474609927,3.9641492612262823,469.73363615265623,471.82617599130333,475.081525487818,478.26682288827783,480.717071526525
mango_rmse_random,medium,2017-03-31,2018Q3,7,HOURS,475.31819332178816,471.6165794644259,3.701613857362247,469.3479372907394,471.7224531339583,475.33301300876246,478.860076108609,481.4159781594217
mango_rmse_random,medium,2017-03-31,2018Q4,8,HOURS,475.4857540032846,471.8739913670619,3.6117626362227497,468.8424740241944,471.6042477685063,475.5608055132245,479.32041016651783,481.95245899432325
mango_rmse_random,medium,2017-03-31,2017Q1,1,INV,798.0719575029823,804.9400556120976,-6.868098109115294,791.8022394403561,794.1565912500706,798.0671718178897,802.1288145405221,804.4890207487184
mango_rmse_random,medium,2017-03-31,2017Q2,2,INV,800.3727689555215,806.708034244384,-6.335265288862502,790.2371286465132,794.1796465641859,800.373086540305,806.2036113529466,810.3674995659409
mango_rmse_random,medium,2017-03-31,2017Q3,3,INV,801.8583791386864,808.6664089264145,-6.808029787728174,788.620410362745,793.9529437815102,802.0464997977954,809.6781425224362,815.223065825193
mango_rmse_random,medium,2017-03-31,2017Q4,4,INV,803.0092325221925,809.9688193847114,-6.959586862518904,787.5457798424353,794.0296394779424,802.9824636848762,812.0990151111314,818.2139395849842
mango_rmse_random,medium,2017-03-31,2018Q1,5,INV,803.8788079977813,811.4589186446241,-7.580110646842741,786.1128927631796,793.3551979191931,803.9816642685967,814.5513692134665,821.4582354092285
mango_rmse_random,medium,2017-03-31,2018Q2,6,INV,804.4701550817152,811.643110673574,-7.172955591858795,784.8706756019566,792.7150729164655,804.1902295544721,816.4646508784147,824.3769850327
mango_rmse_random,medium,2017-03-31,2018Q3,7,INV,804.8219178901477,814.7015783835387,-9.879660493391043,782.8329340331458,791.9940418939667,804.719862790362,818.3482408593972,826.077367602101
mango_rmse_random,medium,2017-03-31,2018Q4,8,INV,805.1571794031405,814.6305726382449,-9.473393235104368,781.4752538599649,790.7784132188966,805.0804883517701,819.5150165478536,828.7008358149908
mango_rmse_random,medium,2017-03-31,2017Q1,1,WAGE,466.23892812464715,464.76739655148157,1.4715315731655778,464.9363057148857,465.4340003024612,466.2421779182202,467.01513956902585,467.53552178769735
mango_rmse_random,medium,2017-03-31,2017Q2,2,WAGE,466.32527195470493,465.25402947368775,1.0712424810171797,464.6692531693313,465.31151939925775,466.3544585778326,467.3807523261417,468.0038073482615
mango_rmse_random,medium,2017-03-31,2017Q3,3,WAGE,466.4139744221077,466.0595432093501,0.35443121275756084,464.28136403799647,465.16751022807057,466.40403445143045,467.63599708654965,468.469530874374
mango_rmse_random,medium,2017-03-31,2017Q4,4,WAGE,466.57765916944675,466.58700990877134,-0.00935073932458863,464.10892159431125,465.05626757199263,466.5629498690213,468.05884558804655,469.0012594793287
mango_rmse_random,medium,2017-03-31,2018Q1,5,WAGE,466.7602428025129,466.4872029234135,0.2730398790993718,463.96565778861446,465.00604896294413,466.7991644686834,468.423425373374,469.6271058714855
mango_rmse_random,medium,2017-03-31,2018Q2,6,WAGE,466.8917281483263,466.30050376590424,0.5912243824220695,463.81922745195163,464.9804390194542,466.8858569363218,468.8312829211862,469.9703019692883
mango_rmse_random,medium,2017-03-31,2018Q3,7,WAGE,467.099953389626,466.87269753847164,0.22725585115438207,463.68957994554785,465.01234516790686,467.1217322272719,469.22374268401535,470.58902581036403
mango_rmse_random,medium,2017-03-31,2018Q4,8,WAGE,467.2504290567915,466.9486807507763,0.3017483060152131,463.6796863026632,464.9895572482278,467.2065363199091,469.57344240858737,471.02892557200255
mango_rmse_random,medium,2017-06-30,2017Q2,1,CONS,937.3696435449306,942.7015608775955,-5.331917332664943,936.4196000028281,936.8230187428903,937.3589357622018,937.9085440198796,938.2772430239676
mango_rmse_random,medium,2017-06-30,2017Q3,2,CONS,937.8657937663954,943.2961066624665,-5.4303128960710865,936.3220705931884,936.9896629505755,937.882531822245,938.7263157671509,939.347959623842
mango_rmse_random,medium,2017-06-30,2017Q4,3,CONS,938.3818408728755,944.3840666596335,-6.002225786758004,936.3152091954287,937.1495975188549,938.3894237789912,939.595985206812,940.4421640254141
mango_rmse_random,medium,2017-06-30,2018Q1,4,CONS,938.9367515258849,945.0392641778635,-6.1025126519786,936.202803968051,937.3379386189862,938.9527364402987,940.5058704992407,941.5883447365931
mango_rmse_random,medium,2017-06-30,2018Q2,5,CONS,939.4218563833508,945.7638557049759,-6.341999321625053,936.0368389210596,937.4824737904978,939.4340844203471,941.3752553350669,942.7391840347537
mango_rmse_random,medium,2017-06-30,2018Q3,6,CONS,939.9196820750417,946.3980072492748,-6.478325174233078,935.9218456674298,937.5476870227574,939.9354126356884,942.2322350213825,943.8639020333735
mango_rmse_random,medium,2017-06-30,2018Q4,7,CONS,940.4010722510291,946.8339353212865,-6.43286307025744,935.8818996898531,937.670896219376,940.4044477165436,943.0832464686571,944.9642992052429
mango_rmse_random,medium,2017-06-30,2019Q1,8,CONS,940.8729742886097,946.9293208750909,-6.0563465864811405,935.6061385046295,937.8466666636207,940.8589245633505,943.8725037768996,946.0157562778894
mango_rmse_random,medium,2017-06-30,2017Q2,1,DEFL,473.0103907825246,467.62901269911987,5.381378083404741,472.29673098692365,472.56830103598065,473.00029059811993,473.44401574897705,473.7360336064286
mango_rmse_random,medium,2017-06-30,2017Q3,2,DEFL,473.5494111609709,468.12975463756425,5.4196565234066725,472.3594647533072,472.81106495606275,473.55192269879444,474.2673538130408,474.756602686766
mango_rmse_random,medium,2017-06-30,2017Q4,3,DEFL,474.08272753406544,468.81593179181164,5.266795742253805,472.3208369626858,473.0288590050604,474.07985591085696,475.14578431217944,475.871280388924
mango_rmse_random,medium,2017-06-30,2018Q1,4,DEFL,474.62088321059645,469.4279361059867,5.192947104609743,472.220900093157,473.1562121900162,474.6269749048254,476.0913013972666,477.09750851808167
mango_rmse_random,medium,2017-06-30,2018Q2,5,DEFL,475.1916524855852,470.2823074052711,4.909345080314097,472.11107387104175,473.3114228105358,475.18059927805956,477.0658638735359,478.38148276506723
mango_rmse_random,medium,2017-06-30,2018Q3,6,DEFL,475.75754719366716,470.6182260866492,5.139321107017963,471.9894164114497,473.3919834781715,475.7051629835425,478.1095795864988,479.7068271027447
mango_rmse_random,medium,2017-06-30,2018Q4,7,DEFL,476.3124478986905,471.07186839761323,5.240579501077264,471.76737971470305,473.5033313756049,476.2705729213673,479.11670335097426,481.02862057057274
mango_rmse_random,medium,2017-06-30,2019Q1,8,DEFL,476.8816297292429,471.4580490171198,5.423580712123112,471.54226000815765,473.49588250527074,476.87845956486365,480.1859631212624,482.3783307072838
mango_rmse_random,medium,2017-06-30,2017Q2,1,FFR,0.7168628148355253,0.9500000000000001,-0.2331371851644748,-0.7372102030630698,-0.1577792670643598,0.7169269863403679,1.5627383294856276,2.1858659344021447
mango_rmse_random,medium,2017-06-30,2017Q3,2,FFR,0.8953843921841448,1.1533333333333333,-0.25794894114918854,-1.3940587578508266,-0.5035726632587351,0.9008005225162132,2.2310204836329492,3.229351050963447
mango_rmse_random,medium,2017-06-30,2017Q4,3,FFR,1.0137621916837254,1.2033333333333334,-0.18957114164960798,-1.8891310283440013,-0.7523736308665528,0.9864239448991393,2.8481144941745264,3.9124099124964786
mango_rmse_random,medium,2017-06-30,2018Q1,4,FFR,1.1023710969952434,1.4466666666666665,-0.34429556967142316,-2.3530340763230755,-1.0180201650917686,1.1047373912696337,3.2592785726040394,4.5527045319019335
mango_rmse_random,medium,2017-06-30,2018Q2,5,FFR,1.1530074181951475,1.7366666666666666,-0.5836592484715191,-2.9035982129294826,-1.2881195255036233,1.0882476176062237,3.5351033548245034,5.262405668797421
mango_rmse_random,medium,2017-06-30,2018Q3,6,FFR,1.1955978897252693,1.9233333333333331,-0.7277354436080639,-3.216653044365007,-1.5299194654629145,1.24718653325539,3.816216139424504,5.522161264088792
mango_rmse_random,medium,2017-06-30,2018Q4,7,FFR,1.282463638600418,2.22,-0.9375363613995822,-3.5289706138100927,-1.5487878406628093,1.3338544638886969,4.117840176298848,5.919175469320513
mango_rmse_random,medium,2017-06-30,2019Q1,8,FFR,1.3057522038391463,2.4033333333333333,-1.097581129494187,-3.8653688001519315,-1.6480230662666275,1.3504719147414945,4.252526707741884,6.370443640932014
mango_rmse_random,medium,2017-06-30,2017Q2,1,GDP,974.0848065592322,979.6971814310028,-5.612374871770612,972.7549709337113,973.2801951334,974.087372315167,974.8853156155683,975.4304217927317
mango_rmse_random,medium,2017-06-30,2017Q3,2,GDP,974.6132863883331,980.5212652288033,-5.90797884047015,972.523130474191,973.4114359470286,974.6303334155739,975.8355242181681,976.705173951362
mango_rmse_random,medium,2017-06-30,2017Q4,3,GDP,975.1081673116737,981.5219022023681,-6.4137348906944,972.3995890079402,973.4576437574674,975.135741039378,976.7923401585965,977.8905792030652
mango_rmse_random,medium,2017-06-30,2018Q1,4,GDP,975.4888653028905,982.2121682369062,-6.723302934015692,972.1083442205692,973.4613398403304,975.4892768876332,977.4438489422662,978.7886660647628
mango_rmse_random,medium,2017-06-30,2018Q2,5,GDP,975.9005101283952,982.9070909671581,-7.006580838762829,972.03997838401,973.5479852589535,975.9444973413733,978.2548448389548,979.7770897921677
mango_rmse_random,medium,2017-06-30,2018Q3,6,GDP,976.3136719157425,983.6265326816047,-7.312860765862183,971.8196758516941,973.6121328729566,976.3251367850744,978.9547496369767,980.846221308768
mango_rmse_random,medium,2017-06-30,2018Q4,7,GDP,976.7257017096127,983.8081508542731,-7.082449144660359,971.7554190377115,973.6458964112999,976.7842768621144,979.6459632907645,981.7146284041909
mango_rmse_random,medium,2017-06-30,2019Q1,8,GDP,977.1151422217112,984.3493940965847,-7.234251874873507,971.6624444863336,973.5911741430976,977.1767380644612,980.399479394676,982.492624423385
mango_rmse_random,medium,2017-06-30,2017Q2,1,HOURS,473.35744758311955,469.2906300292178,4.066817553901728,472.12466377685104,472.6117148029928,473.3495199522115,474.11955475572245,474.6239857658581
mango_rmse_random,medium,2017-06-30,2017Q3,2,HOURS,473.6730766912245,469.390424497534,4.282652193690467,471.505287778894,472.3290861859573,473.6975412690082,475.00189186109395,475.80149556836284
mango_rmse_random,medium,2017-06-30,2017Q4,3,HOURS,473.9337732517361,470.1815837289622,3.7521895227739037,470.80896605533957,472.05811088755917,473.95208235503236,475.74579756241474,477.0300559326873
mango_rmse_random,medium,2017-06-30,2018Q1,4,HOURS,474.08864818049653,470.6607014041582,3.427946776338331,470.08133361721724,471.75267617087013,474.1032591254013,476.4322694834237,478.13934598619
mango_rmse_random,medium,2017-06-30,2018Q2,5,HOURS,474.21603258774115,471.1204474609927,3.0955851267484604,469.5218821247466,471.4256024888754,474.1428227795765,477.0361230261771,478.95664456232663
mango_rmse_random,medium,2017-06-30,2018Q3,6,HOURS,474.35646567639145,471.6165794644259,2.7398862119655405,468.87885670574974,471.1064889134781,474.3023578527657,477.59248989829996,479.82523140494675
mango_rmse_random,medium,2017-06-30,2018Q4,7,HOURS,474.4677871474346,471.8739913670619,2.593795780372716,468.4284888016551,470.84768418628283,474.58051276328064,478.1404917152675,480.5456851666708
mango_rmse_random,medium,2017-06-30,2019Q1,8,HOURS,474.5814970777832,471.8427440172524,2.738753060530769,467.9368222891171,470.50984588327253,474.66464222222294,478.6552567366329,481.0954343438356
mango_rmse_random,medium,2017-06-30,2017Q2,1,INV,799.316438420038,806.708034244384,-7.391595824345927,792.9290649535805,795.4659630759922,799.1185983789561,803.2658686851553,806.0838144943438
mango_rmse_random,medium,2017-06-30,2017Q3,2,INV,800.8847464155486,808.6664089264145,-7.7816625108658855,790.7332033348756,794.9634303604041,801.0462628155007,806.8386777137672,811.0347660120506
mango_rmse_random,medium,2017-06-30,2017Q4,3,INV,801.8096030400101,809.9688193847114,-8.159216344701349,788.7018499564268,793.8691395714706,801.895765908494,809.8214126598272,815.0115746996465
mango_rmse_random,medium,2017-06-30,2018Q1,4,INV,801.5672097675834,811.4589186446241,-9.891708877040628,785.7356478033504,792.252750717223,801.4818013265949,810.7671755558854,817.1350078535683
mango_rmse_random,medium,2017-06-30,2018Q2,5,INV,802.0188600804222,811.643110673574,-9.624250593151828,784.3183417287145,791.5073080798635,802.0116858147167,812.6785301676184,819.7698446441101
mango_rmse_random,medium,2017-06-30,2018Q3,6,INV,802.2520617930339,814.7015783835387,-12.4495165905048,782.4243930802487,790.1025479768336,802.3667824550082,814.2515960189384,821.7290125812291
mango_rmse_random,medium,2017-06-30,2018Q4,7,INV,802.5385301364907,814.6305726382449,-12.092042501754122,781.0928096404832,789.2822433795925,802.8011627986198,815.8161683921766,823.9725535694142
mango_rmse_random,medium,2017-06-30,2019Q1,8,INV,802.8653356671801,815.6036505171336,-12.73831484995344,778.7332179835867,788.9668013073159,803.1416363933986,817.186220377572,825.9455863952429
mango_rmse_random,medium,2017-06-30,2017Q2,1,WAGE,464.481235834552,465.25402947368775,-0.7727936391357275,463.1608848556464,463.727994511222,464.4804707913571,465.26723071527493,465.7601821700186
mango_rmse_random,medium,2017-06-30,2017Q3,2,WAGE,464.5722660953156,466.0595432093501,-1.487277114034498,462.8860659765776,463.5368629021874,464.5907167136411,465.5818273666563,466.2953620035392
mango_rmse_random,medium,2017-06-30,2017Q4,3,WAGE,464.7444688156645,466.58700990877134,-1.8425410931068313,462.7086277332505,463.4870116224275,464.75200863680885,466.0092749581604,466.8146962593923
mango_rmse_random,medium,2017-06-30,2018Q1,4,WAGE,464.98931775158934,466.4872029234135,-1.49788517182418,462.6864591191003,463.56210138446875,464.9976852785466,466.39017523260173,467.3920930762221
mango_rmse_random,medium,2017-06-30,2018Q2,5,WAGE,465.142071111971,466.30050376590424,-1.1584326539332324,462.3843141967082,463.52764140723684,465.11677388109433,466.8325930502915,467.98582126069925
mango_rmse_random,medium,2017-06-30,2018Q3,6,WAGE,465.27650991553867,466.87269753847164,-1.5961876229329732,462.0764596767007,463.4153656946119,465.2456741228933,467.17084497736226,468.36569611373585
mango_rmse_random,medium,2017-06-30,2018Q4,7,WAGE,465.4071564873942,466.9486807507763,-1.5415242633820867,462.1336220188292,463.3703461002782,465.33088663895103,467.46131791148963,468.7423932660568
mango_rmse_random,medium,2017-06-30,2019Q1,8,WAGE,465.52852660317666,468.94837605122734,-3.419849448050684,461.8579947922727,463.3945657928449,465.5406396459606,467.7343516750644,469.1180500123997
mango_rmse_random,medium,2017-09-30,2017Q3,1,CONS,938.4781937201525,943.2961066624665,-4.817912942314024,937.5625331994916,937.9159812731531,938.46242488709,939.0414603059119,939.4393075542847
mango_rmse_random,medium,2017-09-30,2017Q4,2,CONS,939.0635854389049,944.3840666596335,-5.320481220728652,937.57976497383,938.1978478159294,939.0574007653843,939.9679171844964,940.5413879631319
mango_rmse_random,medium,2017-09-30,2018Q1,3,CONS,939.6353479862902,945.0392641778635,-5.40391619157333,937.6254985965161,938.3972966633027,939.60714894593,940.86223088517,941.6192486401688
mango_rmse_random,medium,2017-09-30,2018Q2,4,CONS,940.062836825695,945.7638557049759,-5.701018879280923,937.4132401051125,938.4816752009234,940.0802273893657,941.6718006881308,942.6153349690882
mango_rmse_random,medium,2017-09-30,2018Q3,5,CONS,940.5143597942963,946.3980072492748,-5.8836474549784725,937.2376409778539,938.6108037768264,940.4984025783102,942.447242665017,943.7146213338787
mango_rmse_random,medium,2017-09-30,2018Q4,6,CONS,940.9885356776308,946.8339353212865,-5.845399643655696,937.0821407159115,938.7692733590912,940.9295175245227,943.3155373224502,944.8636422506729
mango_rmse_random,medium,2017-09-30,2019Q1,7,CONS,941.5028821164739,946.9293208750909,-5.426438758616996,937.0612242364139,938.9345029066684,941.5018720013683,944.1525991394417,945.9610012051954
mango_rmse_random,medium,2017-09-30,2019Q2,8,CONS,942.0055226347727,947.5688948183085,-5.563372183535876,936.9467886321104,939.1107873852965,942.0216297568527,945.0447837290334,947.1187134737048
mango_rmse_random,medium,2017-09-30,2017Q3,1,DEFL,473.24220866497654,468.12975463756425,5.112454027412298,472.54202087174986,472.8080177443972,473.24266494406675,473.66891253462717,473.95154128429823
mango_rmse_random,medium,2017-09-30,2017Q4,2,DEFL,473.6862414353776,468.81593179181164,4.8703096435659745,472.46329119219985,472.9362201183761,473.6873588597608,474.4250354202282,474.91369785880363
mango_rmse_random,medium,2017-09-30,2018Q1,3,DEFL,474.1381834883654,469.4279361059867,4.710247382378725,472.328811626273,473.10517855820865,474.1372402138865,475.2173966318591,475.89776813679174
mango_rmse_random,medium,2017-09-30,2018Q2,4,DEFL,474.62330621762624,470.2823074052711,4.34099881235511,472.2135245030467,473.1721254871429,474.60925250630817,476.1098551309082,477.00820722574355
mango_rmse_random,medium,2017-09-30,2018Q3,5,DEFL,475.10242177034957,470.6182260866492,4.484195683700364,471.9915876503517,473.27727936590566,475.09718575692966,477.0172227537196,478.18010116845636
mango_rmse_random,medium,2017-09-30,2018Q4,6,DEFL,475.58882817596674,471.07186839761323,4.51695977835351,471.6115814764111,473.3322946523797,475.5803128665949,477.91176976738967,479.42701420141776
mango_rmse_random,medium,2017-09-30,2019Q1,7,DEFL,476.0794715857463,471.4580490171198,4.621422568626542,471.30001833184787,473.39334037570745,476.1071899443443,478.89193776991334,480.6634225161001
mango_rmse_random,medium,2017-09-30,2019Q2,8,DEFL,476.5635390523253,472.01403804243495,4.549501009890378,470.914564279561,473.36997155718706,476.56083691733846,479.84928956215634,482.04219199045656
mango_rmse_random,medium,2017-09-30,2017Q3,1,FFR,1.110431948384568,1.1533333333333333,-0.042901384948765386,-0.3255418171268692,0.20052229894759085,1.104782226189151,2.0094517228765687,2.599557818163963
mango_rmse_random,medium,2017-09-30,2017Q4,2,FFR,1.2194426512652707,1.2033333333333334,0.016109317931937372,-1.159964814736573,-0.14564541978603585,1.2522076705763685,2.5829667327342145,3.419808320727455
mango_rmse_random,medium,2017-09-30,2018Q1,3,FFR,1.3864206299950659,1.4466666666666665,-0.06024603667160067,-1.4822312994371418,-0.2871440927560942,1.4224551025429775,3.048042338135616,4.14692236961934
mango_rmse_random,medium,2017-09-30,2018Q2,4,FFR,1.395465626215064,1.7366666666666666,-0.3412010404516026,-2.056783401223652,-0.6810997586255704,1.4401082209578315,3.409687299962831,4.753173156363702
mango_rmse_random,medium,2017-09-30,2018Q3,5,FFR,1.324167184706387,1.9233333333333331,-0.5991661486269462,-2.6579128920103465,-1.0676206682544214,1.345523177922694,3.7205895416026094,5.393662022715604
mango_rmse_random,medium,2017-09-30,2018Q4,6,FFR,1.3150363561789262,2.22,-0.904963643821074,-3.1668127155401105,-1.30651999973514,1.291329974208185,4.003915028987122,5.529067933773355
mango_rmse_random,medium,2017-09-30,2019Q1,7,FFR,1.328881136549897,2.4033333333333333,-1.0744521967834364,-3.4337540643010485,-1.486001223076044,1.3062632272385453,4.220726256621712,6.114746157476705
mango_rmse_random,medium,2017-09-30,2019Q2,8,FFR,1.3527281014224046,2.3966666666666665,-1.0439385652442619,-3.6844221862958055,-1.6232022208854335,1.3641601793060296,4.4543841638914055,6.511552690047822
mango_rmse_random,medium,2017-09-30,2017Q3,1,GDP,974.9200502364049,980.5212652288033,-5.601214992398354,973.6628133377445,974.1634368399336,974.9039038440529,975.7046741082645,976.169028214213
mango_rmse_random,medium,2017-09-30,2017Q4,2,GDP,975.4212934412958,981.5219022023681,-6.100608761072294,973.3548421992277,974.1906618186949,975.3967777127459,976.6103097955437,977.5040369629596
mango_rmse_random,medium,2017-09-30,2018Q1,3,GDP,975.8419934271619,982.2121682369062,-6.370174809744299,973.1240610048628,974.2122581241892,975.8313998332044,977.4611490118006,978.5424291103367
mango_rmse_random,medium,2017-09-30,2018Q2,4,GDP,976.2431812474608,982.9070909671581,-6.663909719697244,972.9191719544729,974.3246375406713,976.2406980013113,978.2290120153187,979.7139519224132
mango_rmse_random,medium,2017-09-30,2018Q3,5,GDP,976.5545743054233,983.6265326816047,-7.071958376181328,972.6283998993944,974.2991445713329,976.5020136784849,978.8620503758028,980.535447113305
mango_rmse_random,medium,2017-09-30,2018Q4,6,GDP,976.9283841714998,983.8081508542731,-6.8797666827732655,972.6027983735984,974.3499598658681,976.8496195679681,979.6596878666502,981.4951373586381
mango_rmse_random,medium,2017-09-30,2019Q1,7,GDP,977.358249186115,984.3493940965847,-6.991144910469643,972.6330283341412,974.495757470315,977.3419393603893,980.3118079580613,982.3812365387381
mango_rmse_random,medium,2017-09-30,2019Q2,8,GDP,977.7635983802058,985.0201484419601,-7.256550061754297,972.6383459506726,974.5679722108807,977.6672692814175,981.0856060544012,983.168445209036
mango_rmse_random,medium,2017-09-30,2017Q3,1,HOURS,473.9846090514208,469.390424497534,4.594184553886805,472.7787435658941,473.24157521462934,473.9804284842634,474.72519503297906,475.2113494618657
mango_rmse_random,medium,2017-09-30,2017Q4,2,HOURS,474.2234378878252,470.1815837289622,4.041854158862975,472.01412868497516,472.8774383828393,474.23735585816974,475.5261028472006,476.37334917293515
mango_rmse_random,medium,2017-09-30,2018Q1,3,HOURS,474.3986231481121,470.6607014041582,3.7379217439539048,471.27753525719913,472.51424345164673,474.4122622687892,476.278909697947,477.3764531954686
mango_rmse_random,medium,2017-09-30,2018Q2,4,HOURS,474.5005066366921,471.1204474609927,3.3800591756993867,470.588824572858,472.1775323086498,474.50891101431677,476.9576843860349,478.3018296043345
mango_rmse_random,medium,2017-09-30,2018Q3,5,HOURS,474.52424404577823,471.6165794644259,2.9076645813523214,469.91738139484823,471.64942829043486,474.5427888746411,477.3347028791214,479.13113447972563
mango_rmse_random,medium,2017-09-30,2018Q4,6,HOURS,474.5684763449351,471.8739913670619,2.6944849778732305,469.2447708932004,471.37607498946124,474.5099225682311,477.8591690345767,479.89521492747485
mango_rmse_random,medium,2017-09-30,2019Q1,7,HOURS,474.62799791514135,471.8427440172524,2.7852538978889356,468.6618225649081,470.99343494080125,474.51648434900505,478.1983371385052,480.5735515499127
mango_rmse_random,medium,2017-09-30,2019Q2,8,HOURS,474.7173524594639,471.99353390810563,2.7238185513582494,468.5182653124183,470.763364454426,474.544646993907,478.6708864746925,481.2874854256623
mango_rmse_random,medium,2017-09-30,2017Q3,1,INV,800.5230533274536,808.6664089264145,-8.143355598960966,793.9137878274512,796.7271756036787,800.5406435569691,804.4204433835037,806.9177133491581
mango_rmse_random,medium,2017-09-30,2017Q4,2,INV,800.920527537483,809.9688193847114,-9.04829184722837,790.769547747008,794.9634885420568,800.9488593994229,806.9174153638661,810.6262648638724
mango_rmse_random,medium,2017-09-30,2018Q1,3,INV,800.836739151892,811.4589186446241,-10.62217949273213,788.2170362673942,793.4753874593673,800.9001733135196,808.3753851538258,813.7623518027643
mango_rmse_random,medium,2017-09-30,2018Q2,4,INV,801.2653448131828,811.643110673574,-10.377765860391264,786.9652522078081,792.4139144075792,801.0692025924563,810.4123570554129,816.5640307968953
mango_rmse_random,medium,2017-09-30,2018Q3,5,INV,801.0146027401319,814.7015783835387,-13.686975643406868,784.2588152001225,790.8032013558407,800.7225654436754,811.6079998657365,818.935895847477
mango_rmse_random,medium,2017-09-30,2018Q4,6,INV,801.1539690410077,814.6305726382449,-13.476603597237158,782.3457989366922,789.7080529942555,800.6351204820489,813.2504833119724,820.9284688285453
mango_rmse_random,medium,2017-09-30,2019Q1,7,INV,801.5534743766575,815.6036505171336,-14.050176140476083,779.8457790605805,788.7179860358647,801.6116227218388,814.6888277690186,823.3678905246044
mango_rmse_random,medium,2017-09-30,2019Q2,8,INV,801.9361708065946,816.1904429140767,-14.254272107482052,777.8827182574878,787.3116090793767,801.9704592079433,816.5912066782572,825.9618771205561
mango_rmse_random,medium,2017-09-30,2017Q3,1,WAGE,463.7633690910039,466.0595432093501,-2.2961741183462436,462.4757166992305,462.96186260030964,463.76560973570133,464.5411220470006,465.02233939545187
mango_rmse_random,medium,2017-09-30,2017Q4,2,WAGE,463.8845981079665,466.58700990877134,-2.702411800804839,462.1526717583103,462.8548873730686,463.901435283812,464.8960552657576,465.50229005704756
mango_rmse_random,medium,2017-09-30,2018Q1,3,WAGE,464.09189053497147,466.4872029234135,-2.3953123884420506,462.02110474545395,462.8481960652866,464.1161038167784,465.35632538359255,466.1114634406175
mango_rmse_random,medium,2017-09-30,2018Q2,4,WAGE,464.1919555822032,466.30050376590424,-2.108548183701032,461.65817110614506,462.74049073724774,464.22271802534294,465.63088685709096,466.66316640547905
mango_rmse_random,medium,2017-09-30,2018Q3,5,WAGE,464.3430913365091,466.87269753847164,-2.529606201962565,461.60335037043694,462.7373846068278,464.3553779978254,465.9710837998293,467.0450111400925
mango_rmse_random,medium,2017-09-30,2018Q4,6,WAGE,464.48696051971086,466.9486807507763,-2.461720231065442,461.43221730931776,462.77065205791405,464.46431206176555,466.33500205811436,467.5021287120669
mango_rmse_random,medium,2017-09-30,2019Q1,7,WAGE,464.63248301638356,468.94837605122734,-4.315893034843782,461.3407566794448,462.60082262249,464.66295012840794,466.6348879275066,467.93181554935376
mango_rmse_random,medium,2017-09-30,2019Q2,8,WAGE,464.81678140991124,468.1779313357982,-3.3611499258869344,461.2420803021432,462.65922082865393,464.7883283089502,466.9822692495442,468.4825635190813
mango_rmse_random,medium,2017-12-31,2017Q4,1,CONS,939.112076787079,944.3840666596335,-5.271989872554514,938.1816344957881,938.5380111760675,939.1174236201782,939.6810950521477,940.0467551076803
mango_rmse_random,medium,2017-12-31,2018Q1,2,CONS,939.6769571707255,945.0392641778635,-5.3623070071380425,938.1910133006116,938.7799307970351,939.662005854793,940.600889348877,941.1565645217338
mango_rmse_random,medium,2017-12-31,2018Q2,3,CONS,940.131761170973,945.7638557049759,-5.6320945340028175,938.0813075708068,938.8735899935949,940.1272529474584,941.3877638505442,942.2295480710992
mango_rmse_random,medium,2017-12-31,2018Q3,4,CONS,940.610339315558,946.3980072492748,-5.787667933716762,938.009158028926,939.0101819521477,940.5903256801996,942.2038953070243,943.3410423697052
mango_rmse_random,medium,2017-12-31,2018Q4,5,CONS,941.0905171207759,946.8339353212865,-5.743418200510632,937.7544842067598,939.1402941882026,941.0538169636563,943.0839260574855,944.4217219003316
mango_rmse_random,medium,2017-12-31,2019Q1,6,CONS,941.5892345626877,946.9293208750909,-5.340086312403173,937.7102803821025,939.2430797820429,941.5835794048644,943.9613368472834,945.551563527592
mango_rmse_random,medium,2017-12-31,2019Q2,7,CONS,942.0717259531949,947.5688948183085,-5.497168865113622,937.4775746536983,939.388828421047,942.0449882573029,944.8525348747492,946.5917334742892
mango_rmse_random,medium,2017-12-31,2019Q3,8,CONS,942.5742483724433,948.4090113676044,-5.8347629951611,937.2643110535286,939.4441046679822,942.520983732261,945.7547255990333,947.8207316270864
mango_rmse_random,medium,2017-12-31,2017Q4,1,DEFL,473.7236253174121,468.81593179181164,4.90769352560045,473.027579446142,473.30112320720457,473.7189367383203,474.15383377320535,474.41812848048755
mango_rmse_random,medium,2017-12-31,2018Q1,2,DEFL,474.19766064505177,469.4279361059867,4.769724539065066,472.98389824950567,473.4725123361636,474.19433591339293,474.9246909038165,475.4033277935395
mango_rmse_random,medium,2017-12-31,2018Q2,3,DEFL,474.68853918404824,470.2823074052711,4.406231778777112,472.9586458328917,473.6164394518475,474.71974922081586,475.73433587616506,476.39836511440785
mango_rmse_random,medium,2017-12-31,2018Q3,4,DEFL,475.18977477834903,470.6182260866492,4.571548691699832,472.75075526670435,473.70512992411886,475.21028139183693,476.66179231319074,477.5121158137217
mango_rmse_random,medium,2017-12-31,2018Q4,5,DEFL,475.67963227133794,471.07186839761323,4.607763873724707,472.6978279106887,473.7707303820445,475.70130283243395,477.57943292618916,478.682262459024
mango_rmse_random,medium,2017-12-31,2019Q1,6,DEFL,476.182500868657,471.4580490171198,4.7244518515371965,472.49410407388245,473.78646226157747,476.1544734805111,478.57079153513587,479.98358497759085
mango_rmse_random,medium,2017-12-31,2019Q2,7,DEFL,476.68404790478036,472.01403804243495,4.67000986234541,472.18185483444535,473.78437121892887,476.71266924632465,479.52945580604,481.2893568743196
mango_rmse_random,medium,2017-12-31,2019Q3,8,DEFL,477.1943810628412,472.33975673527414,4.85462432756708,471.88257535051406,473.7480716309387,477.1411613021399,480.52432173953036,482.6474217552203
mango_rmse_random,medium,2017-12-31,2017Q4,1,FFR,1.2011081884837165,1.2033333333333334,-0.002225144849616889,-0.22657205584260862,0.3686974148396016,1.189678049981607,2.0895885419555302,2.6364906070621372
mango_rmse_random,medium,2017-12-31,2018Q1,2,FFR,1.3628178499313979,1.4466666666666665,-0.08384881673526867,-0.8946365924370892,0.0022968815626877768,1.391947657315113,2.6730520325930143,3.543102993015779
mango_rmse_random,medium,2017-12-31,2018Q2,3,FFR,1.4017543987088554,1.7366666666666666,-0.33491226795781115,-1.5029927302561483,-0.31131402553691184,1.4038385271667932,3.095549634849162,4.145279918599159
mango_rmse_random,medium,2017-12-31,2018Q3,4,FFR,1.3758004235966657,1.9233333333333331,-0.5475329097366675,-2.0935231971172503,-0.6450460914913855,1.3394985689493542,3.3871974023636726,4.7971215694234335
mango_rmse_random,medium,2017-12-31,2018Q4,5,FFR,1.3404065307864186,2.22,-0.8795934692135816,-2.6591108077469814,-0.9023024934286809,1.3374608340306156,3.6251188768059017,5.2576577959771225
mango_rmse_random,medium,2017-12-31,2019Q1,6,FFR,1.3907737244238818,2.4033333333333333,-1.0125596089094515,-2.8400869850463843,-1.1335705409063361,1.3854299127955736,3.917479139683144,5.876912190564764
mango_rmse_random,medium,2017-12-31,2019Q2,7,FFR,1.409201728330187,2.3966666666666665,-0.9874649383364795,-3.38171865796185,-1.3354357764026208,1.349464077901013,4.2744853611450875,6.038915016148432
mango_rmse_random,medium,2017-12-31,2019Q3,8,FFR,1.3891263779627272,2.19,-0.8008736220372727,-3.5810276062430244,-1.6631042807885743,1.3056616103390968,4.429903316521518,6.62992860549048
mango_rmse_random,medium,2017-12-31,2017Q4,1,GDP,975.5241567136311,981.5219022023681,-5.997745488736996,974.2396228261817,974.7072405564213,975.5407259495055,976.3238499463272,976.8342558895032
mango_rmse_random,medium,2017-12-31,2018Q1,2,GDP,975.9658877109326,982.2121682369062,-6.246280525973589,973.9439629499838,974.7448802265907,975.9976407052786,977.1560309773695,977.9952588913882
mango_rmse_random,medium,2017-12-31,2018Q2,3,GDP,976.4040215886033,982.9070909671581,-6.5030693785547555,973.5541804263933,974.7638233980126,976.4365522630877,978.0398715197529,979.0803689350062
mango_rmse_random,medium,2017-12-31,2018Q3,4,GDP,976.789151276365,983.6265326816047,-6.837381405239626,973.432020106561,974.786062561626,976.8247472344341,978.8860444766522,980.1063893962088
mango_rmse_random,medium,2017-12-31,2018Q4,5,GDP,977.1594364559896,983.8081508542731,-6.64871439828346,973.2493140232241,974.7558073278703,977.1959520793577,979.4821524573323,981.0118507173227
mango_rmse_random,medium,2017-12-31,2019Q1,6,GDP,977.5532603789248,984.3493940965847,-6.7961337176598136,973.0578901817888,974.8390177234953,977.5612805453328,980.1789085537594,981.9183623156096
mango_rmse_random,medium,2017-12-31,2019Q2,7,GDP,977.9724110841794,985.0201484419601,-7.047737357780761,973.0782780998558,974.9254539601485,977.9358414499125,980.9874025604676,982.986146281209
mango_rmse_random,medium,2017-12-31,2019Q3,8,GDP,978.3997753434594,985.9061780536628,-7.506402710203361,973.1632996498151,975.1112494836411,978.4021031303793,981.7043969147211,983.9230384486749
mango_rmse_random,medium,2017-12-31,2017Q4,1,HOURS,474.0409881107126,470.1815837289622,3.8594043817503803,472.8551584291619,473.32797231097146,474.0176051358507,474.79366543143004,475.23950058974674
mango_rmse_random,medium,2017-12-31,2018Q1,2,HOURS,474.2259497169295,470.6607014041582,3.5652483127713026,472.1228974132234,472.94051138977267,474.2145358929837,475.5411174947842,476.2982212366609
mango_rmse_random,medium,2017-12-31,2018Q2,3,HOURS,474.38005750544795,471.1204474609927,3.2596100444552576,471.3844742960378,472.55232952184156,474.36924363440323,476.20239448607856,477.4092816788563
mango_rmse_random,medium,2017-12-31,2018Q3,4,HOURS,474.44550546030183,471.6165794644259,2.8289259958759203,470.48924719388157,472.08293020256497,474.4811196186715,476.783040809701,478.275807049633
mango_rmse_random,medium,2017-12-31,2018Q4,5,HOURS,474.4891908008595,471.8739913670619,2.6151994337976134,469.84732855026135,471.7214277057147,474.55253739578893,477.28480813289684,479.06167622552937
mango_rmse_random,medium,2017-12-31,2019Q1,6,HOURS,474.5538786839303,471.8427440172524,2.7111346666778786,469.2459713550748,471.3876885383693,474.56532268054,477.68195063293325,479.76585135446527
mango_rmse_random,medium,2017-12-31,2019Q2,7,HOURS,474.6231831189998,471.99353390810563,2.629649210894172,468.7163079037124,471.10440966186684,474.55954296533224,478.1349553033252,480.6935439806162
mango_rmse_random,medium,2017-12-31,2019Q3,8,HOURS,474.6848368752902,472.47116746593383,2.2136694093563847,468.0269813364173,470.8148940391486,474.68401360207383,478.56275560496294,481.233792682376
mango_rmse_random,medium,2017-12-31,2017Q4,1,INV,800.083749167373,809.9688193847114,-9.885070217338466,793.52008138992,796.2110105338027,800.0629305943033,804.178643068369,806.5471469088146
mango_rmse_random,medium,2017-12-31,2018Q1,2,INV,800.3558876454199,811.4589186446241,-11.10303099920418,790.2647410154909,794.2858839722633,800.3580648180443,806.4416813797025,810.6910997498951
mango_rmse_random,medium,2017-12-31,2018Q2,3,INV,800.9487433182742,811.643110673574,-10.694367355299846,787.6149911683898,792.9760472342244,801.0112999668144,808.9921532463876,813.9619631008931
mango_rmse_random,medium,2017-12-31,2018Q3,4,INV,801.0221856375541,814.7015783835387,-13.679392745984615,786.010776842478,791.823560304595,801.0528086510847,810.1066533271465,816.6354932969533
mango_rmse_random,medium,2017-12-31,2018Q4,5,INV,801.0533335400439,814.6305726382449,-13.577239098200948,784.2552450978109,790.6472021842166,800.8280842223498,811.6644077079578,818.9452721832112
mango_rmse_random,medium,2017-12-31,2019Q1,6,INV,801.1989125147336,815.6036505171336,-14.404738002399995,781.9028050310229,789.5041825810379,801.0550857210555,812.9380165618071,821.11751751536
mango_rmse_random,medium,2017-12-31,2019Q2,7,INV,801.600170488115,816.1904429140767,-14.590272425961643,780.1694708817354,788.6491596056497,801.4063931367473,814.6821509235004,824.009413647601
mango_rmse_random,medium,2017-12-31,2019Q3,8,INV,801.8576375664018,816.8257649464756,-14.968127380073838,778.7701247076517,787.3515516310017,801.9184330885985,816.0814517135318,826.5142550730819
mango_rmse_random,medium,2017-12-31,2017Q4,1,WAGE,463.82581804040956,466.58700990877134,-2.7611918683617773,462.5349141118802,463.06570775281926,463.8363078547016,464.6046075054441,465.11699602661616
mango_rmse_random,medium,2017-12-31,2018Q1,2,WAGE,463.9814818487366,466.4872029234135,-2.5057210746768988,462.36061005616335,462.98152280714373,463.96101758005426,464.98629374716757,465.6920806582717
mango_rmse_random,medium,2017-12-31,2018Q2,3,WAGE,464.12148428050585,466.30050376590424,-2.179019485398385,462.1123805470056,462.86666191461387,464.13045594659854,465.37048312441,466.1941740267038
mango_rmse_random,medium,2017-12-31,2018Q3,4,WAGE,464.2771231835787,466.87269753847164,-2.5955743548929604,461.84515295852776,462.80894100648874,464.3066522061795,465.74516384348635,466.66411956826676
mango_rmse_random,medium,2017-12-31,2018Q4,5,WAGE,464.4574363223308,466.9486807507763,-2.4912444284454978,461.5800126143389,462.7983263153211,464.47303245777596,466.11482795138943,467.1692523048998
mango_rmse_random,medium,2017-12-31,2019Q1,6,WAGE,464.587638198711,468.94837605122734,-4.360737852516365,461.39377847354615,462.66908343023016,464.64440220535573,466.36761716973115,467.5714622185794
mango_rmse_random,medium,2017-12-31,2019Q2,7,WAGE,464.7797703701468,468.1779313357982,-3.398160965651357,461.27039217751735,462.7114848558258,464.79410051506704,466.8101822857378,468.22869122408673
mango_rmse_random,medium,2017-12-31,2019Q3,8,WAGE,464.8996484211928,467.93031578293187,-3.030667361739063,461.13803435890134,462.70432596072465,464.9191521703565,467.088896937145,468.6587680150437
mango_rmse_random,medium,2018-03-31,2018Q1,1,CONS,940.1668191888488,945.0392641778635,-4.8724449890147525,939.2541133179138,939.6127262509829,940.1663476883626,940.7137650519617,941.1080945341073
mango_rmse_random,medium,2018-03-31,2018Q2,2,CONS,940.7663387521994,945.7638557049759,-4.9975169527764365,939.3151610776245,939.878668596746,940.7465875202315,941.6748543869695,942.2321710706675
mango_rmse_random,medium,2018-03-31,2018Q3,3,CONS,941.2790415621722,946.3980072492748,-5.118965687102559,939.3150064034273,940.0135066810011,941.2782740275296,942.5132686245211,943.3670719305996
mango_rmse_random,medium,2018-03-31,2018Q4,4,CONS,941.774421773459,946.8339353212865,-5.059513547827464,939.2327406654991,940.1681414556939,941.7019836883337,943.3943068203596,944.54095877953
mango_rmse_random,medium,2018-03-31,2019Q1,5,CONS,942.2292994992582,946.9293208750909,-4.700021375832648,939.0398370203146,940.2681546323959,942.1620987248689,944.249821347755,945.6483715865772
mango_rmse_random,medium,2018-03-31,2019Q2,6,CONS,942.6969563311391,947.5688948183085,-4.871938487169473,938.8644865005945,940.4551729109527,942.67353265209,945.0303035734447,946.4902858548843
mango_rmse_random,medium,2018-03-31,2019Q3,7,CONS,943.1604154944451,948.4090113676044,-5.248595873159275,938.7619074625902,940.5220164419446,943.1487475140134,945.8851417315628,947.5851648900671
mango_rmse_random,medium,2018-03-31,2019Q4,8,CONS,943.6138768198201,948.991030481561,-5.377153661740863,938.5588577737851,940.5780433661369,943.6231370451283,946.7077576247341,948.6782172593655
mango_rmse_random,medium,2018-03-31,2018Q1,1,DEFL,474.41259882369945,469.4279361059867,4.984662717712752,473.70460805704954,473.98534247114065,474.416831939904,474.8434877192747,475.0992461471085
mango_rmse_random,medium,2018-03-31,2018Q2,2,DEFL,474.9512680125453,470.2823074052711,4.668960607274187,473.7665559578842,474.23647175293723,474.9565954349828,475.6553132992613,476.12253942352135
mango_rmse_random,medium,2018-03-31,2018Q3,3,DEFL,475.542298888,470.6182260866492,4.924072801350803,473.7467371655887,474.4995345733836,475.55573250366984,476.58240688109163,477.281749488832
mango_rmse_random,medium,2018-03-31,2018Q4,4,DEFL,476.15636343487427,471.07186839761323,5.084495037261036,473.7212246024413,474.704311573653,476.1550928306159,477.60079674617475,478.501135288601
mango_rmse_random,medium,2018-03-31,2019Q1,5,DEFL,476.76145046897176,471.4580490171198,5.3034014518519825,473.65512045871003,474.90914526214425,476.79542622528584,478.56680885824437,479.72808284172845
mango_rmse_random,medium,2018-03-31,2019Q2,6,DEFL,477.3555415668569,472.01403804243495,5.341503524421967,473.4737917670328,475.0420895174438,477.35640119227946,479.62719887925215,481.07166818510444
mango_rmse_random,medium,2018-03-31,2019Q3,7,DEFL,477.9613284897128,472.33975673527414,5.621571754438662,473.3995504203411,475.15710738550274,477.9629697354811,480.698125231084,482.39484466222206
mango_rmse_random,medium,2018-03-31,2019Q4,8,DEFL,478.5719204204283,472.70603314659263,5.865887273835654,473.14060698681425,475.22644205082037,478.64111867055954,481.7883833333285,483.73488066164566
mango_rmse_random,medium,2018-03-31,2018Q1,1,FFR,1.6139201824168745,1.4466666666666665,0.16725351575020797,0.12556635103241873,0.7596313331189052,1.6068963266282061,2.482888137848623,3.0658517183182394
mango_rmse_random,medium,2018-03-31,2018Q2,2,FFR,1.7651947465459608,1.7366666666666666,0.028528079879294177,-0.4891667140519964,0.39849362318518805,1.7574509958302666,3.150642695899243,4.030531564332537
mango_rmse_random,medium,2018-03-31,2018Q3,3,FFR,1.938936484004114,1.9233333333333331,0.015603150670780774,-0.7252706116199008,0.2699452843688229,1.8740228172995574,3.6552433888828837,4.824183034018616
mango_rmse_random,medium,2018-03-31,2018Q4,4,FFR,2.0450412209649373,2.22,-0.17495877903506285,-1.216499547721894,0.024600572396987225,2.036514111558074,4.095155043706218,5.340733554633979
mango_rmse_random,medium,2018-03-31,2019Q1,5,FFR,2.1229674683690596,2.4033333333333333,-0.28036586496427374,-1.704144525599752,-0.20584760535173735,2.1532280541933018,4.405827690151469,5.9543957063885795
mango_rmse_random,medium,2018-03-31,2019Q2,6,FFR,2.139510881861588,2.3966666666666665,-0.2571557848050783,-2.1458517664048498,-0.47717665818713056,2.1336649316977696,4.686740575535964,6.452624660874499
mango_rmse_random,medium,2018-03-31,2019Q3,7,FFR,2.1425090800268944,2.19,-0.047490919973105505,-2.5366244081012272,-0.706361641229913,2.135088420680569,4.929695034977977,6.9079353231247955
mango_rmse_random,medium,2018-03-31,2019Q4,8,FFR,2.108148758381084,1.6433333333333333,0.46481542504775075,-2.9466135009088865,-0.9477477400553993,2.109538073197257,5.135045632758645,7.13756787935629
mango_rmse_random,medium,2018-03-31,2018Q1,1,GDP,976.495697001271,982.2121682369062,-5.716471235635254,975.2830595581007,975.7312417038825,976.494843534803,977.2247386741526,977.7344313543687
mango_rmse_random,medium,2018-03-31,2018Q2,2,GDP,977.0906266729686,982.9070909671581,-5.816464294189473,975.1186976127576,975.8636518831561,977.0881950313722,978.2747647062026,979.1538295944885
mango_rmse_random,medium,2018-03-31,2018Q3,3,GDP,977.453254118471,983.6265326816047,-6.1732785631336355,974.7558139570681,975.846251343229,977.4252610363635,979.0485515145991,980.2774768715298
mango_rmse_random,medium,2018-03-31,2018Q4,4,GDP,977.8773580114029,983.8081508542731,-5.930792842870233,974.6159209247656,975.8988938580202,977.8399416475372,979.8672808399356,981.2650458870178
mango_rmse_random,medium,2018-03-31,2019Q1,5,GDP,978.234523724354,984.3493940965847,-6.114870372230712,974.4764348504852,975.9580461216594,978.2347989091039,980.5349010024269,982.0871345284579
mango_rmse_random,medium,2018-03-31,2019Q2,6,GDP,978.5801529077991,985.0201484419601,-6.439995534161085,974.3024238417468,975.9982656403353,978.5286937904601,981.243466939924,982.9733396886626
mango_rmse_random,medium,2018-03-31,2019Q3,7,GDP,978.9152641962369,985.9061780536628,-6.9909138574258805,974.1238837744347,976.0637114586694,978.8162252143791,981.9797524634298,983.8660060240591
mango_rmse_random,medium,2018-03-31,2019Q4,8,GDP,979.2482851764146,986.3482463840766,-7.099961207661977,973.9362732527878,976.1315046779605,979.1165279642235,982.5652493979608,984.6735028777118
mango_rmse_random,medium,2018-03-31,2018Q1,1,HOURS,475.27231573927287,470.6607014041582,4.611614335114666,474.0705545380792,474.59370150554463,475.28360933239594,475.9941980706656,476.4925844706473
mango_rmse_random,medium,2018-03-31,2018Q2,2,HOURS,475.72055526307827,471.1204474609927,4.600107802085574,473.5619161431686,474.5082923443093,475.70991028454955,477.03541253809357,477.8785525650081
mango_rmse_random,medium,2018-03-31,2018Q3,3,HOURS,475.9871973099767,471.6165794644259,4.3706178455507825,472.95110047606335,474.21413049496806,475.9426213515087,477.7518484842086,479.1082567917943
mango_rmse_random,medium,2018-03-31,2018Q4,4,HOURS,476.18547375383173,471.8739913670619,4.311482386769853,472.41103456188097,473.9285987031793,476.1658011142208,478.4941316468722,480.28886799984775
mango_rmse_random,medium,2018-03-31,2019Q1,5,HOURS,476.27541657264095,471.8427440172524,4.432672555388535,471.48880562474676,473.5318933278365,476.21250095368146,479.12449954920083,481.07601942123847
mango_rmse_random,medium,2018-03-31,2019Q2,6,HOURS,476.3121381277108,471.99353390810563,4.318604219605163,471.0062224605095,473.0909583332926,476.2799217032856,479.5618865513966,481.7595043642183
mango_rmse_random,medium,2018-03-31,2019Q3,7,HOURS,476.3572814319711,472.47116746593383,3.8861139660372714,470.4313132309829,472.8888594257185,476.1119189270571,479.971473269457,482.6137664487363
mango_rmse_random,medium,2018-03-31,2019Q4,8,HOURS,476.36612225270136,472.26242786597743,4.10369438672393,469.6943105762346,472.5636643591132,476.1634180595564,480.35627245126983,482.9940118001606
mango_rmse_random,medium,2018-03-31,2018Q1,1,INV,802.9237648045871,811.4589186446241,-8.535153840036969,796.6711019273527,799.1503826795101,802.8742982061281,806.8076072848522,809.2974873827882
mango_rmse_random,medium,2018-03-31,2018Q2,2,INV,803.8325813200461,811.643110673574,-7.810529353527954,794.1985107351206,797.9123462475462,803.6348294676302,809.6838244020538,813.7222765814836
mango_rmse_random,medium,2018-03-31,2018Q3,3,INV,803.8015710143704,814.7015783835387,-10.900007369168293,790.6774246159102,795.8345301693528,803.8900384841353,811.9081809228996,816.6498129291907
mango_rmse_random,medium,2018-03-31,2018Q4,4,INV,804.1715640356209,814.6305726382449,-10.459008602623953,788.1696654925217,794.6633416540343,804.1000278106858,813.8270698316114,819.4933539587038
mango_rmse_random,medium,2018-03-31,2019Q1,5,INV,804.0929312044107,815.6036505171336,-11.510719312722927,785.6713067125382,794.0045344829841,804.1606168422027,814.7554244176296,821.2005456547766
mango_rmse_random,medium,2018-03-31,2019Q2,6,INV,804.0473077183871,816.1904429140767,-12.143135195689638,783.4528382605811,792.193583480301,804.1593239054321,816.0810478660098,823.8858668825311
mango_rmse_random,medium,2018-03-31,2019Q3,7,INV,803.8811036719765,816.8257649464756,-12.94466127449914,781.5177860496572,791.3972088256971,804.0707262925043,816.7746199734864,824.946664844401
mango_rmse_random,medium,2018-03-31,2019Q4,8,INV,803.8201986632572,814.7390743321716,-10.918875668914438,780.0845404289365,789.9008767909474,803.6887735832262,818.0320128896699,827.3089753400808
mango_rmse_random,medium,2018-03-31,2018Q1,1,WAGE,463.84670127950733,466.4872029234135,-2.640501643906191,462.60998477111065,463.0652234349209,463.846840730472,464.6157372494309,465.0784276223696
mango_rmse_random,medium,2018-03-31,2018Q2,2,WAGE,463.9076187420036,466.30050376590424,-2.3928850239006465,462.2869010550925,462.85412761575446,463.90850512212353,464.9571048272596,465.5793443048317
mango_rmse_random,medium,2018-03-31,2018Q3,3,WAGE,464.050217384038,466.87269753847164,-2.822480154433663,461.9797405726119,462.79548100007605,464.0558561111528,465.33257095752214,466.18021630059104
mango_rmse_random,medium,2018-03-31,2018Q4,4,WAGE,464.17531367018233,466.9486807507763,-2.773367080593971,461.7480476280351,462.7076075360903,464.1634580449175,465.61857973262266,466.68605958637806
mango_rmse_random,medium,2018-03-31,2019Q1,5,WAGE,464.34970526412206,468.94837605122734,-4.598670787105277,461.51538198361015,462.6965632013142,464.33402126384044,466.02769443704517,467.1175244576239
mango_rmse_random,medium,2018-03-31,2019Q2,6,WAGE,464.52220113425483,468.1779313357982,-3.6557302015433493,461.44766812513933,462.6881707082654,464.5152653110187,466.4006704068649,467.62525055549816
mango_rmse_random,medium,2018-03-31,2019Q3,7,WAGE,464.69989820082156,467.93031578293187,-3.230417582110306,461.2434770311219,462.65769467478015,464.69257655902584,466.72536997404507,468.09310897756166
mango_rmse_random,medium,2018-03-31,2019Q4,8,WAGE,464.8494981039961,468.9649192566031,-4.115421152606984,461.1492406969174,462.631789647907,464.8749903518493,467.00081453685965,468.5981058942282
mango_rmse_random,medium,2018-06-30,2018Q2,1,CONS,940.3250763843184,945.7638557049759,-5.4387793206574315,939.3541808417881,939.759688314665,940.3157758691277,940.9055261001446,941.2639089302052
mango_rmse_random,medium,2018-06-30,2018Q3,2,CONS,940.7899691109809,946.3980072492748,-5.608038138293864,939.273390539408,939.8653000409033,940.7891997690849,941.7146262468021,942.3156153543525
mango_rmse_random,medium,2018-06-30,2018Q4,3,CONS,941.160512450234,946.8339353212865,-5.67342287105248,939.0904247369374,939.8945327233838,941.1775004366995,942.4196068213363,943.170875738021
mango_rmse_random,medium,2018-06-30,2019Q1,4,CONS,941.5704540666412,946.9293208750909,-5.358866808449648,938.8566027920972,939.8883080275216,941.6167688973405,943.2010776343383,944.2869198123828
mango_rmse_random,medium,2018-06-30,2019Q2,5,CONS,942.0023791395099,947.5688948183085,-5.566515678798623,938.686402711788,939.9693202174097,942.0792768381534,943.9983170769734,945.3366921715586
mango_rmse_random,medium,2018-06-30,2019Q3,6,CONS,942.4185839713849,948.4090113676044,-5.990427396219502,938.4994734616632,940.0846737442956,942.4294332974434,944.7655785965044,946.3378568987871
mango_rmse_random,medium,2018-06-30,2019Q4,7,CONS,942.8607210900167,948.991030481561,-6.130309391544301,938.2285861332256,940.1195422342709,942.859828544535,945.6462243120521,947.3486934828402
mango_rmse_random,medium,2018-06-30,2020Q1,8,CONS,943.3039444119703,947.3992268627885,-4.0952824508182175,937.9858109509927,940.3277663137435,943.2514448635782,946.4326382207415,948.424359304814
mango_rmse_random,medium,2018-06-30,2018Q2,1,DEFL,474.934373132742,470.2823074052711,4.65206572747087,474.2458536263907,474.52361370319994,474.93388211791574,475.3506163679325,475.59858376641836
mango_rmse_random,medium,2018-06-30,2018Q3,2,DEFL,475.4950602645144,470.6182260866492,4.876834177865192,474.28789955239097,474.7803771140422,475.4781195025493,476.2115808146461,476.6634616542977
mango_rmse_random,medium,2018-06-30,2018Q4,3,DEFL,476.0859107425812,471.07186839761323,5.014042344967947,474.3658137053886,475.01140972812493,476.08602052696125,477.12217560983163,477.78427209686527
mango_rmse_random,medium,2018-06-30,2019Q1,4,DEFL,476.64863917446206,471.4580490171198,5.190590157342285,474.28008186614505,475.2036372496377,476.67230314651283,478.0486888166662,478.9725174612518
mango_rmse_random,medium,2018-06-30,2019Q2,5,DEFL,477.1990509283407,472.01403804243495,5.185012885905735,474.0967569990173,475.32260244721243,477.21572044549976,479.0726895882391,480.25217863539876
mango_rmse_random,medium,2018-06-30,2019Q3,6,DEFL,477.7454015762255,472.33975673527414,5.405644840951368,474.0043213495242,475.36781432887466,477.73506148814283,480.0809688647697,481.53340403952905
mango_rmse_random,medium,2018-06-30,2019Q4,7,DEFL,478.2711219900309,472.70603314659263,5.565088843438275,473.67952186506966,475.55460546520027,478.1968138224356,481.0015145355794,482.8286678207132
mango_rmse_random,medium,2018-06-30,2020Q1,8,DEFL,478.79792588387255,473.1080108856083,5.689914998264271,473.35221450437984,475.4993835885766,478.71900483731895,482.04530064206796,484.2300272589018
mango_rmse_random,medium,2018-06-30,2018Q2,1,FFR,1.5273182370813554,1.7366666666666666,-0.2093484295853112,0.12654081894065003,0.7035293140379533,1.5294499712922027,2.3971267157874836,2.8851197294307074
mango_rmse_random,medium,2018-06-30,2018Q3,2,FFR,1.717274126739573,1.9233333333333331,-0.2060592065937601,-0.5367659617357636,0.3943467480515189,1.7161387388202933,3.055801726128863,3.953923456536624
mango_rmse_random,medium,2018-06-30,2018Q4,3,FFR,1.7193146270948747,2.22,-0.5006853729051255,-1.013331008037228,0.013120525628085153,1.7337123538268755,3.383405261230039,4.555358206324765
mango_rmse_random,medium,2018-06-30,2019Q1,4,FFR,1.6807085047612955,2.4033333333333333,-0.7226248285720378,-1.6005739406711494,-0.3523716569932041,1.6662087747090437,3.721365022141565,5.027591516507821
mango_rmse_random,medium,2018-06-30,2019Q2,5,FFR,1.6782979299603482,2.3966666666666665,-0.7183687367063183,-2.2056179887369285,-0.6558446790219778,1.696494503564582,4.058118359167249,5.574595029104633
mango_rmse_random,medium,2018-06-30,2019Q3,6,FFR,1.7061034700943547,2.19,-0.48389652990564525,-2.6455117763455127,-0.8381565550285769,1.6671560963847698,4.321477184062178,6.087231245964482
mango_rmse_random,medium,2018-06-30,2019Q4,7,FFR,1.6311080744053772,1.6433333333333333,-0.012225258927956117,-3.0458127968891127,-1.2947865215859455,1.6603046225214466,4.4895627506183,6.356606263982078
mango_rmse_random,medium,2018-06-30,2020Q1,8,FFR,1.548912565892058,1.26,0.28891256589205794,-3.4202292334325457,-1.5089238493942134,1.5539109125583428,4.607821228975844,6.535431718130733
mango_rmse_random,medium,2018-06-30,2018Q2,1,GDP,976.7235418894096,982.9070909671581,-6.1835490777484665,975.4798558338596,975.9338328531439,976.730677453224,977.486368329302,977.9854334189112
mango_rmse_random,medium,2018-06-30,2018Q3,2,GDP,976.9959732442787,983.6265326816047,-6.630559437325928,974.9343958846839,975.7562749356654,976.9712195476523,978.2690191901274,979.0865035312386
mango_rmse_random,medium,2018-06-30,2018Q4,3,GDP,977.3156235250545,983.8081508542731,-6.492527329218547,974.4846252396931,975.6304913622288,977.3307148542603,978.967380564527,980.0553553443456
mango_rmse_random,medium,2018-06-30,2019Q1,4,GDP,977.5652053035684,984.3493940965847,-6.784188793016256,974.0581481295932,975.4904605649516,977.6144866504594,979.6173300210708,980.9990760226807
mango_rmse_random,medium,2018-06-30,2019Q2,5,GDP,977.889764487788,985.0201484419601,-7.130383954172089,973.9374287152777,975.442455755631,977.924596207067,980.1968568226855,981.9178969335113
mango_rmse_random,medium,2018-06-30,2019Q3,6,GDP,978.200503427734,985.9061780536628,-7.7056746259287365,973.6808984946604,975.4692307325305,978.2777340701912,980.9110859334048,982.6695454567932
mango_rmse_random,medium,2018-06-30,2019Q4,7,GDP,978.5259089643744,986.3482463840766,-7.822337419702194,973.585475429428,975.4672835377407,978.5000886042485,981.6184018004071,983.4971875728177
mango_rmse_random,medium,2018-06-30,2020Q1,8,GDP,978.8355643276885,985.1661326692149,-6.330568341526373,973.3775443556715,975.5121999471675,978.8017289611946,982.1250203535544,984.3121215428497
mango_rmse_random,medium,2018-06-30,2018Q2,1,HOURS,475.4750096911637,471.1204474609927,4.354562230170984,474.279747708092,474.7547908522179,475.46897603732543,476.2019669758729,476.6754272211058
mango_rmse_random,medium,2018-06-30,2018Q3,2,HOURS,475.5954864677095,471.6165794644259,3.9789070032836094,473.50165824403916,474.29810434776743,475.60126367793384,476.8449605499756,477.7398580700407
mango_rmse_random,medium,2018-06-30,2018Q4,3,HOURS,475.6498183379536,471.8739913670619,3.7758269708917283,472.79380014677747,473.85454915702076,475.6547280497317,477.49208764013656,478.66498856412494
mango_rmse_random,medium,2018-06-30,2019Q1,4,HOURS,475.6262891392746,471.8427440172524,3.78354512202219,471.78797251997014,473.3646586378109,475.5703786656567,477.91154320160985,479.4364284818552
mango_rmse_random,medium,2018-06-30,2019Q2,5,HOURS,475.5891084550727,471.99353390810563,3.5955745469670433,470.9398275105162,472.70895918208845,475.51580317367336,478.3782694535208,480.3098858384495
mango_rmse_random,medium,2018-06-30,2019Q3,6,HOURS,475.5441062824943,472.47116746593383,3.072938816560452,470.25385697825226,472.2859064773155,475.501723494094,478.75784918301264,480.8634333703713
mango_rmse_random,medium,2018-06-30,2019Q4,7,HOURS,475.5220590510624,472.26242786597743,3.25963118508497,469.65891920396103,471.9235303871875,475.38938852766705,479.22315671284997,481.6434901831423
mango_rmse_random,medium,2018-06-30,2020Q1,8,HOURS,475.51562489195186,470.871906161665,4.643718730286878,469.0467551749228,471.59758006055455,475.34874707783996,479.5308378336119,482.3105868254801
mango_rmse_random,medium,2018-06-30,2018Q2,1,INV,802.7404954396471,811.643110673574,-8.902615233926895,796.1527088821546,798.7067827594045,802.7950839530306,806.6310887400225,809.1226959219576
mango_rmse_random,medium,2018-06-30,2018Q3,2,INV,802.2820293497051,814.7015783835387,-12.419549033833619,792.0973962244148,796.249968667739,802.4108447730816,808.3190570308661,812.2346081042646
mango_rmse_random,medium,2018-06-30,2018Q4,3,INV,802.4214337262877,814.6305726382449,-12.209138911957211,789.3782837880511,794.7663195134955,802.3849534095514,810.3245029121024,815.0122874251371
mango_rmse_random,medium,2018-06-30,2019Q1,4,INV,801.7469577980681,815.6036505171336,-13.85669271906545,786.0507772240474,792.7938636535904,801.8594721380493,810.7072654200034,817.1088278471415
mango_rmse_random,medium,2018-06-30,2019Q2,5,INV,801.6175543947884,816.1904429140767,-14.572888519288313,784.0064390611058,790.5202556990414,802.0238421440083,812.1889667415505,819.6015246358004
mango_rmse_random,medium,2018-06-30,2019Q3,6,INV,801.6253668788397,816.8257649464756,-15.200398067635888,781.2307302472042,789.4587410335098,801.5728178233612,813.3902942643404,821.8292960531538
mango_rmse_random,medium,2018-06-30,2019Q4,7,INV,801.5068082817231,814.7390743321716,-13.232266050448516,779.8521655932933,788.2918454820816,801.1890258341232,815.0885431413666,823.2456437821496
mango_rmse_random,medium,2018-06-30,2020Q1,8,INV,801.5917603346979,813.4433258838492,-11.851565549151246,777.3809151932873,787.3015555175641,801.6149729183678,815.7748796451322,825.411452315744
mango_rmse_random,medium,2018-06-30,2018Q2,1,WAGE,463.5617035662703,466.30050376590424,-2.7388001996339426,462.25489999257536,462.7752161648107,463.57476651102763,464.36507617348104,464.8787382344355
mango_rmse_random,medium,2018-06-30,2018Q3,2,WAGE,463.77544026273284,466.87269753847164,-3.097257275738798,462.0440999759777,462.69757347330193,463.7834451596355,464.82374741929465,465.4864966461609
mango_rmse_random,medium,2018-06-30,2018Q4,3,WAGE,463.87824311578345,466.9486807507763,-3.0704376349928566,461.7765816853286,462.6148695140166,463.858677257443,465.1627574946811,465.9958688001507
mango_rmse_random,medium,2018-06-30,2019Q1,4,WAGE,463.9919106972523,468.94837605122734,-4.956465353975034,461.54242532601023,462.4913830450119,463.99123758617293,465.48190727181185,466.47404859116074
mango_rmse_random,medium,2018-06-30,2019Q2,5,WAGE,464.1732823553053,468.1779313357982,-4.004648980492902,461.3783852661631,462.4617679954867,464.17525066804535,465.7968621216285,466.98383820860744
mango_rmse_random,medium,2018-06-30,2019Q3,6,WAGE,464.2715838558507,467.93031578293187,-3.6587319270811918,461.2111990643352,462.39104057712615,464.24517724214286,466.1975859300761,467.4533934630984
mango_rmse_random,medium,2018-06-30,2019Q4,7,WAGE,464.4362195415629,468.9649192566031,-4.528699715040204,461.0430823677838,462.4410719862561,464.41136606239354,466.36453824544793,467.8306508364593
mango_rmse_random,medium,2018-06-30,2020Q1,8,WAGE,464.5770735814223,470.9746394157193,-6.397565834296984,460.81241843793487,462.3649439830095,464.61474657782446,466.7304505854075,468.2789272154199
mango_rmse_random,medium,2018-09-30,2018Q3,1,CONS,946.5116916582008,946.3980072492748,0.11368440892601939,945.6155340157927,945.9526742834597,946.5122218668444,947.0649890095162,947.4186133171752
mango_rmse_random,medium,2018-09-30,2018Q4,2,CONS,946.8998980117259,946.8339353212865,0.06596269043939174,945.4167909346708,946.050771656944,946.9043841793482,947.7815018617644,948.3244011467041
mango_rmse_random,medium,2018-09-30,2019Q1,3,CONS,947.2929089960534,946.9293208750909,0.36358812096250404,945.3226052177428,946.0442247584074,947.3058164226194,948.5039152105122,949.3160617344537
mango_rmse_random,medium,2018-09-30,2019Q2,4,CONS,947.618129196941,947.5688948183085,0.049234378632490916,944.9745659319262,946.0241077689726,947.6503014843634,949.1893045790291,950.251499860506
mango_rmse_random,medium,2018-09-30,2019Q3,5,CONS,947.9653188359187,948.4090113676044,-0.4436925316857696,944.6045516697579,945.9767927832395,948.0497812411127,949.8923348995393,951.0963061483671
mango_rmse_random,medium,2018-09-30,2019Q4,6,CONS,948.3206377827003,948.991030481561,-0.6703926988607236,944.3702953028902,945.9691395687165,948.3240971606629,950.6647174003995,952.1549384777393
mango_rmse_random,medium,2018-09-30,2020Q1,7,CONS,948.7040992079263,947.3992268627885,1.3048723451378237,944.2005225301086,946.0266324338028,948.7413329419859,951.3961147745493,952.9446281456165
mango_rmse_random,medium,2018-09-30,2020Q2,8,CONS,949.1068102341998,937.7306891267151,11.376121107484664,943.9633781930236,946.0287909466012,949.2164763104167,952.155776507628,953.9897392164297
mango_rmse_random,medium,2018-09-30,2018Q3,1,DEFL,471.02352261222126,470.6182260866492,0.4052965255720551,470.30933532260974,470.59027863114545,471.02809280479926,471.43520224517755,471.7290276227725
mango_rmse_random,medium,2018-09-30,2018Q4,2,DEFL,471.78474490325937,471.07186839761323,0.7128765056461361,470.6100133358266,471.0708045572554,471.78983456207413,472.48868811195126,472.97150210806495
mango_rmse_random,medium,2018-09-30,2019Q1,3,DEFL,472.546872426774,471.4580490171198,1.0888234096541964,470.77304618790555,471.4925025646435,472.5515486579438,473.6256917233259,474.3532377367161
mango_rmse_random,medium,2018-09-30,2019Q2,4,DEFL,473.3350716554502,472.01403804243495,1.3210336130152314,470.93875446832305,471.88182060867825,473.37378721016506,474.7831841533241,475.74666842469577
mango_rmse_random,medium,2018-09-30,2019Q3,5,DEFL,474.12524164332166,472.33975673527414,1.785484908047522,470.99756416149916,472.2591172119719,474.1210032658994,475.9908906565678,477.29880735144735
mango_rmse_random,medium,2018-09-30,2019Q4,6,DEFL,474.90341440651133,472.70603314659263,2.1973812599187,471.03009544285715,472.60114716375244,474.95167096590876,477.2305749973709,478.7697087302868
mango_rmse_random,medium,2018-09-30,2020Q1,7,DEFL,475.6576125382652,473.1080108856083,2.549601652656918,471.01960105988644,472.7992023160699,475.6453252352766,478.50279532026053,480.3111344861564
mango_rmse_random,medium,2018-09-30,2020Q2,8,DEFL,476.4127768954526,472.73258698908967,3.680189906362955,470.98648727851673,473.06901799345377,476.41112132623505,479.7770412799787,481.92901077382
mango_rmse_random,medium,2018-09-30,2018Q3,1,FFR,2.27663962136778,1.9233333333333331,0.3533062880344471,0.8389574831297472,1.3560894413745896,2.2737094027851295,3.1642095793177325,3.717262297231484
mango_rmse_random,medium,2018-09-30,2018Q4,2,FFR,2.481800723362597,2.22,0.26180072336259697,0.2544058598288915,1.0826650547440113,2.5147634704568,3.857441257926235,4.734192072404746
mango_rmse_random,medium,2018-09-30,2019Q1,3,FFR,2.642404629046624,2.4033333333333333,0.23907129571329078,-0.17759082813296992,0.9585694089971915,2.6644686138905818,4.334121254510553,5.413820808601374
mango_rmse_random,medium,2018-09-30,2019Q2,4,FFR,2.722065485995871,2.3966666666666665,0.32539881932920434,-0.784859417979275,0.7081855787820447,2.7468501097235523,4.695134219861132,6.143701950680638
mango_rmse_random,medium,2018-09-30,2019Q3,5,FFR,2.753963918672508,2.19,0.5639639186725081,-1.282478826083099,0.4551365614659854,2.8073652580533297,5.003970458686749,6.601054805464013
mango_rmse_random,medium,2018-09-30,2019Q4,6,FFR,2.745719099156918,1.6433333333333333,1.1023857658235847,-1.6514382784948967,0.1777430107868552,2.739714876506767,5.356051721183492,6.9354178413348055
mango_rmse_random,medium,2018-09-30,2020Q1,7,FFR,2.686770675693819,1.26,1.4267706756938192,-2.2521736982490426,-0.14619853403666666,2.6741666697863034,5.634366243317071,7.456254356386366
mango_rmse_random,medium,2018-09-30,2020Q2,8,FFR,2.6006977545797536,0.06,2.5406977545797536,-2.662993802591338,-0.46728254062230995,2.6200917088115894,5.761737257697226,7.675799301127358
mango_rmse_random,medium,2018-09-30,2018Q3,1,GDP,983.0430508926092,983.6265326816047,-0.5834817889954138,981.7322065044481,982.2661534672288,983.0431455177156,983.8355702975267,984.3426441160854
mango_rmse_random,medium,2018-09-30,2018Q4,2,GDP,983.5002468544842,983.8081508542731,-0.30790399978889127,981.5108548829687,982.3169859449906,983.4849077626575,984.706779220587,985.4486357313176
mango_rmse_random,medium,2018-09-30,2019Q1,3,GDP,983.7336359401277,984.3493940965847,-0.615758156456991,981.0364011893454,982.1401930373016,983.6975948929029,985.348590108007,986.4151190573521
mango_rmse_random,medium,2018-09-30,2019Q2,4,GDP,984.0201555069228,985.0201484419601,-0.9999929350373122,980.7684994200389,982.1064374688724,984.0260827115937,985.9844958902454,987.3112649707756
mango_rmse_random,medium,2018-09-30,2019Q3,5,GDP,984.254218466755,985.9061780536628,-1.6519595869077648,980.3712748390982,981.9392213615585,984.2238563653959,986.5008953376903,988.0820387573834
mango_rmse_random,medium,2018-09-30,2019Q4,6,GDP,984.5017315460879,986.3482463840766,-1.8465148379887069,980.2859812287227,981.7731427107872,984.4362028481991,987.1275578738009,988.9299341437592
mango_rmse_random,medium,2018-09-30,2020Q1,7,GDP,984.7898109160852,985.1661326692149,-0.3763217531296732,980.1162731936131,981.797603562033,984.8086445997895,987.7012439445094,989.8588911625752
mango_rmse_random,medium,2018-09-30,2020Q2,8,GDP,985.0643237774091,976.3001287902925,8.764194987116525,979.8378447103812,981.8690424816341,985.0622594682189,988.3039905804713,990.3774544909178
mango_rmse_random,medium,2018-09-30,2018Q3,1,HOURS,471.86848857578605,471.6165794644259,0.25190911136013483,470.7121603104469,471.15212864390713,471.8614069264122,472.5796061282532,473.0258942323671
mango_rmse_random,medium,2018-09-30,2018Q4,2,HOURS,472.0939506173771,471.8739913670619,0.21995925031524166,469.9842811416274,470.8041988008158,472.1065117692589,473.37373351271555,474.2002515875407
mango_rmse_random,medium,2018-09-30,2019Q1,3,HOURS,472.179339416417,471.8427440172524,0.3365953991645938,469.10806369318135,470.40503930465695,472.1464183279855,474.0601505253137,475.2798931556828
mango_rmse_random,medium,2018-09-30,2019Q2,4,HOURS,472.19800367795716,471.99353390810563,0.20446976985152787,468.2894681710481,469.84141837646916,472.16492756920326,474.6197854139157,476.17653145403335
mango_rmse_random,medium,2018-09-30,2019Q3,5,HOURS,472.15664294083,472.47116746593383,-0.31452452510382045,467.5736664945562,469.26389974054854,472.1268646605577,475.0362237307104,476.9641874920544
mango_rmse_random,medium,2018-09-30,2019Q4,6,HOURS,472.059567996648,472.26242786597743,-0.2028598693294157,466.7227780175699,468.81717678914055,471.9777895218657,475.38936022132737,477.62290068391417
mango_rmse_random,medium,2018-09-30,2020Q1,7,HOURS,471.995470418386,470.871906161665,1.1235642567210107,465.9799246549541,468.3575259819969,471.91556457002713,475.6908032760984,478.3133060332856
mango_rmse_random,medium,2018-09-30,2020Q2,8,HOURS,471.91591739348314,455.9806644236561,15.935252969827047,465.2129572213718,467.7913176238863,471.9068802053696,475.84618414699685,478.7147879223825
mango_rmse_random,medium,2018-09-30,2018Q3,1,INV,811.1552607427353,814.7015783835387,-3.5463176408034087,804.6779200589418,807.2778896796341,811.2440392499811,814.9211410628241,817.7460892368122
mango_rmse_random,medium,2018-09-30,2018Q4,2,INV,811.7576133713065,814.6305726382449,-2.8729592669383237,801.6566663495272,805.5731889100367,811.8896329229963,817.6299157410697,821.7763764563251
mango_rmse_random,medium,2018-09-30,2019Q1,3,INV,810.680246549687,815.6036505171336,-4.923403967446575,797.4821147339879,803.1349711285073,810.683607328722,818.205130670145,823.4433477311937
mango_rmse_random,medium,2018-09-30,2019Q2,4,INV,810.538461474503,816.1904429140767,-5.65198143957366,795.8668048143974,801.3879298753171,810.5272985293855,819.8822134057384,825.1447055869128
mango_rmse_random,medium,2018-09-30,2019Q3,5,INV,810.0708887536668,816.8257649464756,-6.7548761928087515,792.8885254789024,799.9616592273699,810.1581927331385,820.4548544189483,826.520736936192
mango_rmse_random,medium,2018-09-30,2019Q4,6,INV,809.6066846788882,814.7390743321716,-5.13238965328344,790.7182002558985,798.0834437405387,809.8120656366902,820.9802864470731,827.5929373814223
mango_rmse_random,medium,2018-09-30,2020Q1,7,INV,809.2692684447792,813.4433258838492,-4.174057439069998,788.0481856649534,797.1789403576634,809.4300735417444,821.4874255351668,829.3397113855633
mango_rmse_random,medium,2018-09-30,2020Q2,8,INV,809.0606363050033,796.7010818577833,12.359554447220034,786.0738325785586,796.0671790732707,809.2149226470386,822.731199097097,830.5709074759527
mango_rmse_random,medium,2018-09-30,2018Q3,1,WAGE,465.77265422367685,466.87269753847164,-1.1000433147947888,464.52653729296725,465.02773837762055,465.76792710003906,466.52838598049067,467.0487069936819
mango_rmse_random,medium,2018-09-30,2018Q4,2,WAGE,465.7897488822404,466.9486807507763,-1.1589318685358876,464.1158317869861,464.76813124902066,465.7808316809758,466.76738917571345,467.40946337937737
mango_rmse_random,medium,2018-09-30,2019Q1,3,WAGE,465.97209839766134,468.94837605122734,-2.976277653566001,463.9391728504555,464.7358309538442,465.96326378086826,467.2095506281545,468.0427139966625
mango_rmse_random,medium,2018-09-30,2019Q2,4,WAGE,466.0751021770789,468.1779313357982,-2.10282915871926,463.74352464789905,464.67060457361026,466.01930046687943,467.55109932904065,468.4947910954976
mango_rmse_random,medium,2018-09-30,2019Q3,5,WAGE,466.1722529477952,467.93031578293187,-1.758062835136684,463.3691051129623,464.549382319971,466.19317596161636,467.82490267291126,468.90630675231574
mango_rmse_random,medium,2018-09-30,2019Q4,6,WAGE,466.33934388425655,468.9649192566031,-2.625575372346532,463.2829406169023,464.50453134643305,466.3841927599065,468.17930289178025,469.48591466428985
mango_rmse_random,medium,2018-09-30,2020Q1,7,WAGE,466.49552471556603,470.9746394157193,-4.479114700153275,463.1249411668902,464.4612014129852,466.48776795870026,468.4996004324195,469.8693249829458
mango_rmse_random,medium,2018-09-30,2020Q2,8,WAGE,466.65343878341645,477.5537238247164,-10.90028504129998,463.090063802902,464.4641164568209,466.6837922405319,468.8383581234037,470.35115436877777
mango_rmse_random,medium,2018-12-31,2018Q4,1,CONS,947.5282807320036,946.8339353212865,0.6943454107171192,946.5854906063504,946.9604898704756,947.5338553905909,948.0820592750991,948.4678649104183
mango_rmse_random,medium,2018-12-31,2019Q1,2,CONS,948.1526084919087,946.9293208750909,1.2232876168178564,946.650111523977,947.2324213923313,948.1365006981106,949.0618995720395,949.7053895026118
mango_rmse_random,medium,2018-12-31,2019Q2,3,CONS,948.6982301404182,947.5688948183085,1.1293353221096822,946.5985366588595,947.4729885186943,948.6525485063129,949.9362000035007,950.7993581298352
mango_rmse_random,medium,2018-12-31,2019Q3,4,CONS,949.2278164974285,948.4090113676044,0.8188051298241135,946.5694823228449,947.6097647362338,949.2160134995274,950.8568655904816,951.9071000741609
mango_rmse_random,medium,2018-12-31,2019Q4,5,CONS,949.7677097032663,948.991030481561,0.776679221705308,946.5162481171731,947.774677062227,949.7810667654727,951.7269868020679,953.0571397239512
mango_rmse_random,medium,2018-12-31,2020Q1,6,CONS,950.2862660482785,947.3992268627885,2.887039185490039,946.3316239546072,947.9147675777973,950.2900329655645,952.5691821662834,954.2156815647168
mango_rmse_random,medium,2018-12-31,2020Q2,7,CONS,950.8232801144454,937.7306891267151,13.092590987730318,946.2033760448187,948.0764034754962,950.8469711468722,953.5346342945829,955.2547223130924
mango_rmse_random,medium,2018-12-31,2020Q3,8,CONS,951.3625023439295,946.6716048283356,4.690897515593861,946.1139395381932,948.3314527985884,951.3441615762958,954.3864626568992,956.4310443474376
mango_rmse_random,medium,2018-12-31,2018Q4,1,DEFL,471.22560223392816,471.07186839761323,0.15373383631492743,470.5131694777455,470.79575617863634,471.22806851549046,471.6422516991125,471.925672939869
mango_rmse_random,medium,2018-12-31,2019Q1,2,DEFL,471.8006426962932,471.4580490171198,0.342593679173433,470.5812880786842,471.0871581703155,471.79380886721555,472.49917118569306,472.98791048513164
mango_rmse_random,medium,2018-12-31,2019Q2,3,DEFL,472.41879500430906,472.01403804243495,0.4047569618741136,470.67891253348665,471.32890547183797,472.41343357909597,473.49567077809206,474.220249029064
mango_rmse_random,medium,2018-12-31,2019Q3,4,DEFL,473.01707230916406,472.33975673527414,0.6773155738899277,470.6671463070596,471.5297602849848,473.0307956624611,474.4783581507809,475.451543357397
mango_rmse_random,medium,2018-12-31,2019Q4,5,DEFL,473.6148579566842,472.70603314659263,0.9088248100915735,470.56876624687317,471.733669778193,473.5682287345738,475.52154534436244,476.7144369723734
mango_rmse_random,medium,2018-12-31,2020Q1,6,DEFL,474.2008066649082,473.1080108856083,1.0927957792999337,470.40215728648684,471.8315985489588,474.1549236755911,476.5929706563842,478.1802378132517
mango_rmse_random,medium,2018-12-31,2020Q2,7,DEFL,474.8026660317024,472.73258698908967,2.070079042612747,470.13301852250027,471.9029501910704,474.75639207418214,477.63440501533097,479.5770451695449
mango_rmse_random,medium,2018-12-31,2020Q3,8,DEFL,475.3947828041136,473.59440300679853,1.8003797973150881,469.8834542566648,472.01817114162566,475.305525146366,478.69708563793466,481.06218735392224
mango_rmse_random,medium,2018-12-31,2018Q4,1,FFR,2.046061328100029,2.22,-0.17393867189997136,0.6293909097143133,1.2137938629469502,2.010907381619286,2.9093394944970936,3.4942405650040413
mango_rmse_random,medium,2018-12-31,2019Q1,2,FFR,2.12231699734573,2.4033333333333333,-0.2810163359876032,-0.16736927561309706,0.713260360311406,2.1409304533116824,3.438051518024457,4.3842052587504154
mango_rmse_random,medium,2018-12-31,2019Q2,3,FFR,2.1335654908935444,2.3966666666666665,-0.2631011757731221,-0.6449017749158824,0.434374644658872,2.1412686224193367,3.8439811004990005,4.944954074883275
mango_rmse_random,medium,2018-12-31,2019Q3,4,FFR,2.0884521842551025,2.19,-0.10154781574489746,-1.2866821070303887,0.09886123741622709,2.0879287448444437,4.1243249445625505,5.411165330509952
mango_rmse_random,medium,2018-12-31,2019Q4,5,FFR,2.0917928937315726,1.6433333333333333,0.4484595603982393,-1.8358587243132114,-0.22125046310976196,2.067761203686439,4.418055392319437,5.958576179414052
mango_rmse_random,medium,2018-12-31,2020Q1,6,FFR,2.0825950770212045,1.26,0.8225950770212045,-2.364987693054873,-0.49273781692779556,2.042137219200874,4.771619198345945,6.455655657008105
mango_rmse_random,medium,2018-12-31,2020Q2,7,FFR,2.052374234250302,0.06,1.9923742342503021,-2.6945197364839357,-0.7229579501561184,1.9982471566429498,4.88105286250197,6.944846822480219
mango_rmse_random,medium,2018-12-31,2020Q3,8,FFR,2.0028583826657567,0.09333333333333334,1.9095250493324234,-3.15518710568677,-1.0729910953623256,1.9369999895065528,5.047804481677018,7.228667209510245
mango_rmse_random,medium,2018-12-31,2018Q4,1,GDP,984.0905824844085,983.8081508542731,0.28243163013542016,982.8370967513491,983.3341793127875,984.0876408432189,984.8248052087454,985.3696631806624
mango_rmse_random,medium,2018-12-31,2019Q1,2,GDP,984.5218057317709,984.3493940965847,0.17241163518622216,982.5305180172583,983.31724771498,984.5006027465115,985.7402179001358,986.6177656598533
mango_rmse_random,medium,2018-12-31,2019Q2,3,GDP,984.973497955233,985.0201484419601,-0.04665048672711691,982.2767821178268,983.3272924791486,984.95019029579,986.6218642350394,987.7828121111236
mango_rmse_random,medium,2018-12-31,2019Q3,4,GDP,985.3694087349241,985.9061780536628,-0.5367693187386067,982.0300541846935,983.3727975736485,985.3172339475032,987.3820110677128,988.6576397992666
mango_rmse_random,medium,2018-12-31,2019Q4,5,GDP,985.773399337271,986.3482463840766,-0.5748470468055302,981.8598547706036,983.4108083310815,985.717390215608,988.0577816888784,989.6595638357561
mango_rmse_random,medium,2018-12-31,2020Q1,6,GDP,986.1420181324127,985.1661326692149,0.9758854631977556,981.802905086082,983.5000707792999,986.0944990832918,988.7686701313942,990.6493326696047
mango_rmse_random,medium,2018-12-31,2020Q2,7,GDP,986.5566310658318,976.3001287902925,10.25650227553922,981.7365244028716,983.5593793460752,986.5474432658348,989.4094768281817,991.4021436213893
mango_rmse_random,medium,2018-12-31,2020Q3,8,GDP,986.9525395415159,983.8614041962527,3.091135345263183,981.8205058978085,983.6675226441545,986.9586949238968,990.0405051560707,992.307709377337
mango_rmse_random,medium,2018-12-31,2018Q4,1,HOURS,472.39425395904357,471.8739913670619,0.520262591981691,471.18324889912896,471.6706549413783,472.4027879533166,473.11759117361623,473.5931369119457
mango_rmse_random,medium,2018-12-31,2019Q1,2,HOURS,472.633759063589,471.8427440172524,0.7910150463366108,470.5627699416471,471.296105049377,472.6162138833657,473.93905046294566,474.72398209284853
mango_rmse_random,medium,2018-12-31,2019Q2,3,HOURS,472.8173709909439,471.99353390810563,0.8238370828382813,469.80727705043677,470.96445946528996,472.78388994351525,474.6307949921729,475.8858768887257
mango_rmse_random,medium,2018-12-31,2019Q3,4,HOURS,472.9059115998743,472.47116746593383,0.4347441339404554,469.09973936859245,470.58498889806765,472.8649804792742,475.2551933000617,476.8919517631811
mango_rmse_random,medium,2018-12-31,2019Q4,5,HOURS,472.9269953855352,472.26242786597743,0.6645675195577496,468.46378847776737,470.09548958766703,472.8396192058889,475.73226284981223,477.5375924863725
mango_rmse_random,medium,2018-12-31,2020Q1,6,HOURS,472.96261102805653,470.871906161665,2.0907048663915475,467.8048098365196,469.8016403053422,472.8671511462864,476.1709355123792,478.253114785883
mango_rmse_random,medium,2018-12-31,2020Q2,7,HOURS,472.9770210013491,455.9806644236561,16.996356577693007,466.9740856359071,469.3859872237867,472.8774844669148,476.58705153804567,479.1203217286945
mango_rmse_random,medium,2018-12-31,2020Q3,8,HOURS,473.02898496131644,463.8914391952252,9.13754576609125,466.64573786142296,469.1565300718881,473.00228956132764,477.01032761773007,479.87814893096
mango_rmse_random,medium,2018-12-31,2018Q4,1,INV,815.4160232279331,814.6305726382449,0.7854505896882529,809.1731170189954,811.7354863409209,815.3166282025013,819.1804745174712,821.742748701142
mango_rmse_random,medium,2018-12-31,2019Q1,2,INV,815.2114947836321,815.6036505171336,-0.39215573350145405,805.7199265560623,809.2748903999932,815.2436121640599,821.0354002231996,824.987569801961
mango_rmse_random,medium,2018-12-31,2019Q2,3,INV,815.7086697989484,816.1904429140767,-0.4817731151282487,803.4648205564431,807.8969096724313,815.5721917948665,823.4461092436866,828.8679574968286
mango_rmse_random,medium,2018-12-31,2019Q3,4,INV,815.5903318418478,816.8257649464756,-1.2354331046277593,801.0946968423912,806.590930636825,815.4204956680546,824.4129664220654,830.5491736141953
mango_rmse_random,medium,2018-12-31,2019Q4,5,INV,815.3848196062305,814.7390743321716,0.6457452740588678,798.8836534429294,805.1473373246552,814.9541564184633,825.7172133794837,833.1842735559509
mango_rmse_random,medium,2018-12-31,2020Q1,6,INV,815.2547797597424,813.4433258838492,1.8114538758932213,797.2183378389534,803.5691087958083,815.2710313418554,826.2641231698295,835.0468898098891
mango_rmse_random,medium,2018-12-31,2020Q2,7,INV,815.3481305266124,796.7010818577833,18.647048668829143,794.8888369846513,802.6141228518759,815.163332730318,827.7039769439368,836.5598739692532
mango_rmse_random,medium,2018-12-31,2020Q3,8,INV,815.4484715124564,812.9806283457561,2.467843166700277,792.8372461538146,801.4752790487785,815.4819891836507,829.2252398153652,838.1234069015579
mango_rmse_random,medium,2018-12-31,2018Q4,1,WAGE,465.579810440422,466.9486807507763,-1.368870310354282,464.34220317784553,464.80754556018894,465.56385034812126,466.3562529671882,466.8744506952496
mango_rmse_random,medium,2018-12-31,2019Q1,2,WAGE,465.7951655184854,468.94837605122734,-3.153210532741923,464.0459667949233,464.74293361874703,465.7768164626438,466.8300754435526,467.5130505310918
mango_rmse_random,medium,2018-12-31,2019Q2,3,WAGE,466.0025633358975,468.1779313357982,-2.1753679999006863,463.91059490760694,464.73330315166226,466.02577967543994,467.2395680274166,468.1122340168655
mango_rmse_random,medium,2018-12-31,2019Q3,4,WAGE,466.2356065282361,467.93031578293187,-1.6947092546957947,463.78228687945864,464.7805837180773,466.22854982219303,467.72296036156393,468.6889223877817
mango_rmse_random,medium,2018-12-31,2019Q4,5,WAGE,466.4836323403031,468.9649192566031,-2.4812869163000073,463.712277114671,464.7967848162814,466.50301296116044,468.16222949169213,469.3146587621633
mango_rmse_random,medium,2018-12-31,2020Q1,6,WAGE,466.6998814307826,470.9746394157193,-4.274757984936684,463.6183005466681,464.85096371722915,466.6868419631882,468.59238856958814,469.80373391793705
mango_rmse_random,medium,2018-12-31,2020Q2,7,WAGE,466.88096891689946,477.5537238247164,-10.672754907816966,463.6449575360556,464.7779631610729,466.8556656952528,468.9591362044997,470.20873562808464
mango_rmse_random,medium,2018-12-31,2020Q3,8,WAGE,467.0793551637402,474.96600644730387,-7.886651283563651,463.31366055398365,464.7677070066243,467.0495331012838,469.3041757773447,470.7752936819114
mango_rmse_random,medium,2019-03-31,2019Q1,1,CONS,948.0701133797098,946.9293208750909,1.1407925046189575,947.1195725656747,947.5300072120336,948.0735188666192,948.6270760269899,949.0064793986962
mango_rmse_random,medium,2019-03-31,2019Q2,2,CONS,948.5760915428654,947.5688948183085,1.0071967245568203,947.1227728506874,947.6781965748202,948.5716780524958,949.4635360832586,950.0244265213374
mango_rmse_random,medium,2019-03-31,2019Q3,3,CONS,949.1279778546898,948.4090113676044,0.7189664870853676,947.0701415621411,947.9177139342446,949.1214820252125,950.4155901553954,951.1452233847158
mango_rmse_random,medium,2019-03-31,2019Q4,4,CONS,949.6800184557626,948.991030481561,0.6889879742016092,947.040005216349,948.1209235240249,949.6608738859109,951.2824661840771,952.2695250793363
mango_rmse_random,medium,2019-03-31,2020Q1,5,CONS,950.2239182656654,947.3992268627885,2.8246914028768515,946.933697188226,948.3333487296829,950.1643082483931,952.2173390326457,953.4181481092371
mango_rmse_random,medium,2019-03-31,2020Q2,6,CONS,950.7523377957239,937.7306891267151,13.021648669008755,947.0197760820058,948.4606751837521,950.6480890334337,953.1794609008863,954.4825745444255
mango_rmse_random,medium,2019-03-31,2020Q3,7,CONS,951.2937899702084,946.6716048283356,4.622185141872819,947.0543404016748,948.730290400391,951.1964340909412,954.050628002235,955.7513125062541
mango_rmse_random,medium,2019-03-31,2020Q4,8,CONS,951.8342034569916,947.6283915482803,4.2058119087113255,947.1770991102169,948.9902253018533,951.728541103025,954.8974156427363,956.8834329485351
mango_rmse_random,medium,2019-03-31,2019Q1,1,DEFL,471.6622058212537,471.4580490171198,0.20415680413390191,470.96938128981367,471.23701201026665,471.6599701950828,472.0757613307294,472.3604461401989
mango_rmse_random,medium,2019-03-31,2019Q2,2,DEFL,472.22883648071246,472.01403804243495,0.2147984382775121,471.05249662236986,471.5093000399323,472.21443018557414,472.9573624953708,473.3959948169623
mango_rmse_random,medium,2019-03-31,2019Q3,3,DEFL,472.7690388719059,472.33975673527414,0.4292821366317412,471.0160327492038,471.6873611074062,472.7953029341495,473.8083984125318,474.47728611090884
mango_rmse_random,medium,2019-03-31,2019Q4,4,DEFL,473.3129825237272,472.70603314659263,0.6069493771345833,470.92443425803225,471.8977733254524,473.3184575210871,474.67411674438927,475.6283816969059
mango_rmse_random,medium,2019-03-31,2020Q1,5,DEFL,473.8660816206233,473.1080108856083,0.7580707350149964,470.80389929928117,472.00633559362285,473.8959358703687,475.60663645995726,476.9167962202703
mango_rmse_random,medium,2019-03-31,2020Q2,6,DEFL,474.4218815816391,472.73258698908967,1.6892945925494587,470.68182198417736,472.1474095037233,474.4568883442958,476.5845376543075,478.0919354057213
mango_rmse_random,medium,2019-03-31,2020Q3,7,DEFL,474.973252667791,473.59440300679853,1.3788496609924437,470.360191683669,472.20802471251807,475.0422520676384,477.63793936801153,479.5350805730236
mango_rmse_random,medium,2019-03-31,2020Q4,8,DEFL,475.5230574217439,474.2250274536357,1.2980299681082101,470.0546473848869,472.29570465098953,475.5744673811724,478.637796986795,480.7345060857745
mango_rmse_random,medium,2019-03-31,2019Q1,1,FFR,2.219322897221857,2.4033333333333333,-0.1840104361114765,0.842007553872375,1.3804409922320302,2.2062917517052623,3.098684839804073,3.6416172660794426
mango_rmse_random,medium,2019-03-31,2019Q2,2,FFR,2.1185646824956716,2.3966666666666665,-0.27810198417099485,-0.017326535392217738,0.7697488815609919,2.1033700124443273,3.4721268674510175,4.283913243773844
mango_rmse_random,medium,2019-03-31,2019Q3,3,FFR,2.0278826183535807,2.19,-0.1621173816464192,-0.7480566774150577,0.45754754214683735,2.037088257740376,3.6500608341987637,4.64820350826514
mango_rmse_random,medium,2019-03-31,2019Q4,4,FFR,2.0195811468439815,1.6433333333333333,0.3762478135106482,-1.2151337972319218,0.18902095914226394,1.9853136325889453,3.9653039793927043,5.256281224228056
mango_rmse_random,medium,2019-03-31,2020Q1,5,FFR,2.0252949473529354,1.26,0.7652949473529354,-1.770316945088742,-0.15431330807192295,1.9684237045688426,4.2694799181740075,5.756569450531931
mango_rmse_random,medium,2019-03-31,2020Q2,6,FFR,1.9806478780438272,0.06,1.9206478780438272,-2.2737918558628167,-0.4385089151949983,1.9598566194245437,4.381435216593606,6.0739498544270445
mango_rmse_random,medium,2019-03-31,2020Q3,7,FFR,1.9213211234422474,0.09333333333333334,1.827987790108914,-2.6281136551729527,-0.8022908283151785,1.9790599848549923,4.674455753934751,6.436435828632695
mango_rmse_random,medium,2019-03-31,2020Q4,8,FFR,1.9046984156446254,0.09000000000000001,1.8146984156446253,-2.9465100809457603,-1.084476080044632,1.912936765378928,4.858331334714064,6.79962688751947
mango_rmse_random,medium,2019-03-31,2019Q1,1,GDP,984.3428646862528,984.3493940965847,-0.006529410331836516,983.0209424969344,983.5357635373105,984.3569200514237,985.0944819578256,985.6530100092887
mango_rmse_random,medium,2019-03-31,2019Q2,2,GDP,984.6492532477388,985.0201484419601,-0.37089519422136163,982.6349724332697,983.3755991472245,984.6716978297482,985.876022795321,986.6353343061875
mango_rmse_random,medium,2019-03-31,2019Q3,3,GDP,985.0572146869613,985.9061780536628,-0.8489633667014687,982.3764523322589,983.3880721676034,985.0969038043954,986.7318182535794,987.719168469047
mango_rmse_random,medium,2019-03-31,2019Q4,4,GDP,985.4759144746337,986.3482463840766,-0.8723319094428916,982.1152113693827,983.5187425737075,985.4845908697947,987.5273102105627,988.6669429845343
mango_rmse_random,medium,2019-03-31,2020Q1,5,GDP,985.9011197453507,985.1661326692149,0.7349870761357806,982.0068184702799,983.5677470142261,985.8984359736098,988.3346114336464,989.6426806575065
mango_rmse_random,medium,2019-03-31,2020Q2,6,GDP,986.305319604391,976.3001287902925,10.005190814098455,981.881585618988,983.6927257785234,986.2702876800281,989.0815271647238,990.6308771353212
mango_rmse_random,medium,2019-03-31,2020Q3,7,GDP,986.7656042522342,983.8614041962527,2.904200055981505,981.965343111702,983.8080966853348,986.6396875171147,989.8021555101215,991.743737131253
mango_rmse_random,medium,2019-03-31,2020Q4,8,GDP,987.1975154095279,984.8200081508296,2.3775072586983015,981.9526604148734,984.0732096247636,987.1079982809022,990.5623537246482,992.6172956405359
mango_rmse_random,medium,2019-03-31,2019Q1,1,HOURS,472.4943201780105,471.8427440172524,0.6515761607581112,471.30916773408404,471.78341667400184,472.4802657341727,473.2175118866052,473.7259838187979
mango_rmse_random,medium,2019-03-31,2019Q2,2,HOURS,472.53314082838835,471.99353390810563,0.5396069202827221,470.4084389613441,471.2676029267004,472.51561855382647,473.827054799328,474.64048328260105
mango_rmse_random,medium,2019-03-31,2019Q3,3,HOURS,472.5524744175147,472.47116746593383,0.08130695158087065,469.50573059939575,470.75944840772036,472.580912441137,474.3205879740175,475.5117743501235
mango_rmse_random,medium,2019-03-31,2019Q4,4,HOURS,472.5876550383864,472.26242786597743,0.32522717240897236,468.71640485600454,470.33050623111654,472.6584423118908,474.8596420249225,476.43803322985934
mango_rmse_random,medium,2019-03-31,2020Q1,5,HOURS,472.6038620313055,470.871906161665,1.731955869640501,467.9646040697163,469.85349318472026,472.54534849959396,475.35155316240633,477.3130504769645
mango_rmse_random,medium,2019-03-31,2020Q2,6,HOURS,472.65732981994046,455.9806644236561,16.676665396284363,467.4139664280249,469.559009131899,472.60380853280776,475.84413775510995,477.9165942874151
mango_rmse_random,medium,2019-03-31,2020Q3,7,HOURS,472.67846144390296,463.8914391952252,8.787022248677772,466.72444814680955,469.13990131744373,472.5759196848323,476.26156604798354,478.6702833114251
mango_rmse_random,medium,2019-03-31,2020Q4,8,HOURS,472.7281410548108,466.1711187045766,6.557022350234206,466.202029651287,468.79521649311346,472.71034786101586,476.6726333528586,479.44662946566905
mango_rmse_random,medium,2019-03-31,2019Q1,1,INV,814.6632009489074,815.6036505171336,-0.9404495682261995,808.4700761205215,810.7419392380533,814.6670297687602,818.5248108605487,820.9126075011748
mango_rmse_random,medium,2019-03-31,2019Q2,2,INV,814.2490280902555,816.1904429140767,-1.9414148238212192,804.7563020152783,808.1493506039001,814.328014823007,819.9477548280645,823.7616969967687
mango_rmse_random,medium,2019-03-31,2019Q3,3,INV,813.9059725455987,816.8257649464756,-2.9197924008768723,800.9876152361433,806.3583657558532,814.0277238773842,821.3102364417696,826.335895167682
mango_rmse_random,medium,2019-03-31,2019Q4,4,INV,813.8247780846127,814.7390743321716,-0.9142962475589229,798.6053793590007,804.7905082075869,813.714892569805,823.0057946418858,828.4483313146145
mango_rmse_random,medium,2019-03-31,2020Q1,5,INV,813.8679337763941,813.4433258838492,0.424607892544941,797.2539722139135,803.442284609374,813.9701621635897,824.0878201793477,830.759246883654
mango_rmse_random,medium,2019-03-31,2020Q2,6,INV,813.9168730108055,796.7010818577833,17.215791153022224,795.0082121190427,802.5493019835029,813.9171953607685,825.5986100362421,832.8395353405285
mango_rmse_random,medium,2019-03-31,2020Q3,7,INV,814.3261553842103,812.9806283457561,1.345527038454179,793.9985524076458,802.0464002892559,814.4301749220224,826.2778069151973,834.9196984257078
mango_rmse_random,medium,2019-03-31,2020Q4,8,INV,814.4397141658328,817.1216530510744,-2.681938885241607,792.0232982893266,801.1025934150773,814.3534682007956,828.0136432374112,836.7810359675098
mango_rmse_random,medium,2019-03-31,2019Q1,1,WAGE,466.08301112554517,468.94837605122734,-2.8653649256821723,464.8629528744948,465.32471021110126,466.0765307198787,466.8247225012664,467.3559753351975
mango_rmse_random,medium,2019-03-31,2019Q2,2,WAGE,466.31679638118976,468.1779313357982,-1.861134954608417,464.63410035713235,465.30585972999666,466.3180173476647,467.315706673137,468.00240209363955
mango_rmse_random,medium,2019-03-31,2019Q3,3,WAGE,466.5811846601205,467.93031578293187,-1.3491311228113432,464.56407305851013,465.38261780675964,466.5670955330375,467.8141216968885,468.63397474185103
mango_rmse_random,medium,2019-03-31,2019Q4,4,WAGE,466.77222810852714,468.9649192566031,-2.1926911480759372,464.3881950301276,465.36521479598537,466.7265053133847,468.20622569285075,469.1401322915531
mango_rmse_random,medium,2019-03-31,2020Q1,5,WAGE,466.964952106603,470.9746394157193,-4.009687309116316,464.220707097022,465.38778842800957,466.9374158358953,468.62953774455167,469.7492768691927
mango_rmse_random,medium,2019-03-31,2020Q2,6,WAGE,467.21535621645785,477.5537238247164,-10.33836760825858,464.07905010707356,465.35974614431217,467.19710057786415,469.0311528000497,470.39129439624486
mango_rmse_random,medium,2019-03-31,2020Q3,7,WAGE,467.40083931141976,474.96600644730387,-7.56516713588411,463.9960120051868,465.40754018074205,467.4032562340463,469.41440725369813,470.89664513940215
mango_rmse_random,medium,2019-03-31,2020Q4,8,WAGE,467.6280806256269,476.6829746333951,-9.054894007768155,463.9677283265423,465.4302541577759,467.6101934190201,469.78234085744225,471.44964827049563
mango_rmse_random,medium,2019-06-30,2019Q2,1,CONS,948.2681884946128,947.5688948183085,0.6992936763042508,947.3441940167443,947.6976159064333,948.2791012833715,948.8092042790638,949.178804934218
mango_rmse_random,medium,2019-06-30,2019Q3,2,CONS,948.6757306471814,948.4090113676044,0.2667192795769324,947.1914928963963,947.8118157283608,948.6935159097834,949.5507641583472,950.1116373138308
mango_rmse_random,medium,2019-06-30,2019Q4,3,CONS,949.134194811864,948.991030481561,0.14316433030296594,947.0366074166708,947.9111952129562,949.1725365617383,950.3312865219573,951.1043983480076
mango_rmse_random,medium,2019-06-30,2020Q1,4,CONS,949.6243236936635,947.3992268627885,2.2250968308750316,946.9485079607359,948.0669356127884,949.6176553928074,951.1634748055167,952.2214895188199
mango_rmse_random,medium,2019-06-30,2020Q2,5,CONS,950.1805309085585,937.7306891267151,12.44984178184336,946.8660503537689,948.2239990471314,950.1371688647255,952.1161071289876,953.3162553521429
mango_rmse_random,medium,2019-06-30,2020Q3,6,CONS,950.7232661018189,946.6716048283356,4.051661273483319,946.7985772180843,948.4232516353926,950.7098741927113,953.0556137134129,954.457522197998
mango_rmse_random,medium,2019-06-30,2020Q4,7,CONS,951.2750608704697,947.6283915482803,3.646669322189382,946.8665355047907,948.677418186896,951.3425097785049,953.8894072341049,955.5682084929583
mango_rmse_random,medium,2019-06-30,2021Q1,8,CONS,951.8550853935293,950.2021661886747,1.6529192048545838,946.8784443891227,948.8453895278604,951.8762564608833,954.8515608743749,956.6793045416348
mango_rmse_random,medium,2019-06-30,2019Q2,1,DEFL,471.7369440391469,472.01403804243495,-0.2770940032880276,471.0004081113634,471.30255054299585,471.7454331320149,472.17337289436,472.44625070011995
mango_rmse_random,medium,2019-06-30,2019Q3,2,DEFL,472.17572198525454,472.33975673527414,-0.16403475001959578,470.9787699208814,471.4489874306285,472.1536438290659,472.905752330858,473.4377917246682
mango_rmse_random,medium,2019-06-30,2019Q4,3,DEFL,472.59996930657854,472.70603314659263,-0.10606384001408742,470.8082130989007,471.5301837846867,472.56821793839265,473.7207140466953,474.43841706532703
mango_rmse_random,medium,2019-06-30,2020Q1,4,DEFL,473.03933153249415,473.1080108856083,-0.06867935311413476,470.56361421726456,471.6256347081089,473.0467261729304,474.49657402533086,475.46843958221353
mango_rmse_random,medium,2019-06-30,2020Q2,5,DEFL,473.45793457827887,472.73258698908967,0.7253475891891981,470.3613520936267,471.62600933224047,473.4509701165951,475.3459159581913,476.63622366393827
mango_rmse_random,medium,2019-06-30,2020Q3,6,DEFL,473.88138741102864,473.59440300679853,0.28698440423011107,469.93140997825213,471.59142762098503,473.8568070951839,476.2428482103931,477.8516906228748
mango_rmse_random,medium,2019-06-30,2020Q4,7,DEFL,474.3208962864675,474.2250274536357,0.09586883283179759,469.5614847890277,471.55892661173374,474.2747055241389,477.13357210060974,479.1112807256171
mango_rmse_random,medium,2019-06-30,2021Q1,8,DEFL,474.7680481391946,475.4624139156429,-0.6943657764483078,469.1333574578874,471.52562093912104,474.756925784439,478.15564315851077,480.2645323172036
mango_rmse_random,medium,2019-06-30,2019Q2,1,FFR,2.199138449483046,2.3966666666666665,-0.19752821718362057,0.7890370451572489,1.3674169816259,2.1999778650387016,3.055362454596237,3.5383398405499618
mango_rmse_random,medium,2019-06-30,2019Q3,2,FFR,2.0069541835276175,2.19,-0.1830458164723825,-0.22653153792884337,0.6658164143693688,2.034536872253168,3.33584512470879,4.193067661978295
mango_rmse_random,medium,2019-06-30,2019Q4,3,FFR,1.800486174333444,1.6433333333333333,0.15715284100011062,-1.001696923075755,0.09489592691492588,1.8060817533124767,3.4847769326274802,4.573445292449996
mango_rmse_random,medium,2019-06-30,2020Q1,4,FFR,1.6576561113439505,1.26,0.3976561113439505,-1.773606231966758,-0.2964669655468079,1.6149245864050057,3.754196332869346,5.049312477923613
mango_rmse_random,medium,2019-06-30,2020Q2,5,FFR,1.5274144124375137,0.06,1.4674144124375137,-2.498550248417212,-0.8566247476459186,1.4906053255612748,3.8579359132502034,5.448762783680531
mango_rmse_random,medium,2019-06-30,2020Q3,6,FFR,1.4207243207123545,0.09333333333333334,1.3273909873790213,-2.989097241050962,-1.2803917512936338,1.389980927255767,4.0059773333744655,5.811360462217231
mango_rmse_random,medium,2019-06-30,2020Q4,7,FFR,1.2822308210233682,0.09000000000000001,1.192230821023368,-3.50751067914858,-1.5455835112331873,1.219980401441671,4.117365213431891,6.06162970132721
mango_rmse_random,medium,2019-06-30,2021Q1,8,FFR,1.210743425231659,0.08,1.1307434252316588,-3.8906617203792857,-1.8665217736683,1.1800469016420898,4.27535657484002,6.443583004265995
mango_rmse_random,medium,2019-06-30,2019Q2,1,GDP,984.8493336623967,985.0201484419601,-0.17081477956344315,983.5155838723623,984.0454643139653,984.8583153571606,985.641740189889,986.1076419222373
mango_rmse_random,medium,2019-06-30,2019Q3,2,GDP,985.0668932237306,985.9061780536628,-0.8392848299321258,983.1048421869715,983.8058971438927,985.0529800576439,986.2910514000791,987.0694164834762
mango_rmse_random,medium,2019-06-30,2019Q4,3,GDP,985.4120444914993,986.3482463840766,-0.9362018925772873,982.709838777179,983.7754267388622,985.4182459546964,987.0307685723859,988.0605313648939
mango_rmse_random,medium,2019-06-30,2020Q1,4,GDP,985.7623920577107,985.1661326692149,0.5962593884958096,982.4790760250302,983.7723117265878,985.772037236162,987.7875161391804,988.8970677172808
mango_rmse_random,medium,2019-06-30,2020Q2,5,GDP,986.1776184852639,976.3001287902925,9.87748969497136,982.3182559573013,983.72722337275,986.2404257457999,988.4903357777885,989.8313129269744
mango_rmse_random,medium,2019-06-30,2020Q3,6,GDP,986.5939337916905,983.8614041962527,2.732529595437768,982.2385769251772,983.8690346515193,986.6502031258221,989.2884786161654,990.7271002386851
mango_rmse_random,medium,2019-06-30,2020Q4,7,GDP,987.0753863606078,984.8200081508296,2.2553782097782005,982.2102281245182,984.1453050849735,987.1485987943689,989.8868753072984,991.8417285394594
mango_rmse_random,medium,2019-06-30,2021Q1,8,GDP,987.5529779593686,986.3510201204363,1.2019578389323442,982.3109973105985,984.4325687437334,987.6036394470132,990.643864894241,992.6845723171465
mango_rmse_random,medium,2019-06-30,2019Q2,1,HOURS,472.2060109792612,471.99353390810563,0.21247707115554704,471.0926010672907,471.5038901399374,472.1998688437569,472.90045522499923,473.382458935671
mango_rmse_random,medium,2019-06-30,2019Q3,2,HOURS,472.0170612992951,472.47116746593383,-0.4541061666387236,469.99276185018533,470.81740726420725,471.97555525886725,473.2856533978903,474.05948159202165
mango_rmse_random,medium,2019-06-30,2019Q4,3,HOURS,471.8908888538739,472.26242786597743,-0.3715390121035398,468.9968927238736,470.07365578967216,471.86688524497674,473.68136534279506,474.86640432532346
mango_rmse_random,medium,2019-06-30,2020Q1,4,HOURS,471.74125359627106,470.871906161665,0.8693474346060839,467.8742076601822,469.38798841878537,471.7209621123412,474.14910170500383,475.7012183179003
mango_rmse_random,medium,2019-06-30,2020Q2,5,HOURS,471.649697408493,455.9806644236561,15.669032984836917,466.8952148552606,468.78239602619004,471.71734765489924,474.4778838722611,476.3639750528074
mango_rmse_random,medium,2019-06-30,2020Q3,6,HOURS,471.60481324325025,463.8914391952252,7.713374048025059,466.17655580875373,468.27025786188995,471.7469747243291,474.76980687807554,477.09709869538847
mango_rmse_random,medium,2019-06-30,2020Q4,7,HOURS,471.6170976947115,466.1711187045766,5.445978990134904,465.36412504710984,468.13396752445846,471.69033417009496,475.13475434520467,477.8193916044543
mango_rmse_random,medium,2019-06-30,2021Q1,8,HOURS,471.6834094785903,467.4565643093244,4.226845169265914,464.976609784191,467.93270963535565,471.64612416370096,475.4346406927059,478.52583478156976
mango_rmse_random,medium,2019-06-30,2019Q2,1,INV,814.6451099866428,816.1904429140767,-1.5453329274339467,808.4434480150705,810.9013325173007,814.5648688967667,818.5445463389885,820.9185893524973
mango_rmse_random,medium,2019-06-30,2019Q3,2,INV,814.1026542875471,816.8257649464756,-2.7231106589284764,804.6438841919335,808.240842280816,813.9715501137439,819.8927463048763,824.0174494420955
mango_rmse_random,medium,2019-06-30,2019Q4,3,INV,813.6794353619985,814.7390743321716,-1.0596389701731823,800.845868356783,805.8885413787733,813.7666625344243,820.9981047659508,826.2025219575637
mango_rmse_random,medium,2019-06-30,2020Q1,4,INV,813.0468994776456,813.4433258838492,-0.3964264062035454,798.300313512643,804.1710583762301,813.0675795097109,821.8431462156564,827.4723799443561
mango_rmse_random,medium,2019-06-30,2020Q2,5,INV,813.1383215762274,796.7010818577833,16.437239718444175,796.0485786065151,802.9898119633309,813.053731670728,823.2941551607213,830.8768171473369
mango_rmse_random,medium,2019-06-30,2020Q3,6,INV,813.1338974000477,812.9806283457561,0.15326905429151338,793.5983990418349,801.9256850381015,812.837248808388,824.6955895426092,832.8681043125347
mango_rmse_random,medium,2019-06-30,2020Q4,7,INV,813.6020580946904,817.1216530510744,-3.519594956384026,792.7383370975358,801.0516168960164,813.2749707562991,826.4624110942286,835.4282103920646
mango_rmse_random,medium,2019-06-30,2021Q1,8,INV,813.9701537466026,815.7454702469023,-1.7753165002997093,791.2480601052821,800.5893815035015,813.6352796000127,827.7288480360698,836.0028803412182
mango_rmse_random,medium,2019-06-30,2019Q2,1,WAGE,465.8636721950388,468.1779313357982,-2.3142591407593613,464.58112556842883,465.1200140572857,465.8676834581877,466.61523555198016,467.1614233443315
mango_rmse_random,medium,2019-06-30,2019Q3,2,WAGE,466.16616093342367,467.93031578293187,-1.764154849508202,464.5040658080313,465.15186489292046,466.15020245047833,467.1808751540401,467.84963691358
mango_rmse_random,medium,2019-06-30,2019Q4,3,WAGE,466.3754716212536,468.9649192566031,-2.5894476353494724,464.28906076700974,465.07323936669906,466.35747700669356,467.61936454266504,468.43208697318244
mango_rmse_random,medium,2019-06-30,2020Q1,4,WAGE,466.6440605444189,470.9746394157193,-4.330578871300418,464.1474767938816,465.1516681027056,466.6463268819549,468.1663979872633,469.06997716860684
mango_rmse_random,medium,2019-06-30,2020Q2,5,WAGE,466.8662367632326,477.5537238247164,-10.687487061483807,464.0456801398976,465.11447161858115,466.8846698519924,468.5750477605796,469.6250874965544
mango_rmse_random,medium,2019-06-30,2020Q3,6,WAGE,467.1086977953359,474.96600644730387,-7.857308651967969,464.0213453043839,465.23548328607427,467.13306278135656,468.9853840115545,470.1410801606632
mango_rmse_random,medium,2019-06-30,2020Q4,7,WAGE,467.3326464824836,476.6829746333951,-9.35032815091148,463.9161106109342,465.26792812576974,467.3386330906378,469.34033420550804,470.8836695149968
mango_rmse_random,medium,2019-06-30,2021Q1,8,WAGE,467.5796290001775,475.34867374793606,-7.769044747758585,463.92602199333356,465.402556544654,467.5588673786018,469.79697891304113,471.37563623467696
mango_rmse_random,medium,2019-09-30,2019Q3,1,CONS,949.5370104109985,948.4090113676044,1.1279990433940839,948.6133902749222,948.9749610425541,949.5473409963602,950.0834777857934,950.4441801547788
mango_rmse_random,medium,2019-09-30,2019Q4,2,CONS,950.2057385266679,948.991030481561,1.2147080451069314,948.7365268262571,949.3133485798444,950.2143545022805,951.1052337374133,951.6852778067096
mango_rmse_random,medium,2019-09-30,2020Q1,3,CONS,950.8323831154996,947.3992268627885,3.4331562527111146,948.777145613523,949.6319495279305,950.8506279440594,952.0160852253302,952.9157877746399
mango_rmse_random,medium,2019-09-30,2020Q2,4,CONS,951.386618978807,937.7306891267151,13.655929852091845,948.6164921681908,949.7624893723233,951.4126879045514,952.9843154857456,954.1320555253039
mango_rmse_random,medium,2019-09-30,2020Q3,5,CONS,952.0054196143409,946.6716048283356,5.333814786005291,948.7560717680245,950.0617927988441,951.9972472053967,953.9274498767974,955.2700076699272
mango_rmse_random,medium,2019-09-30,2020Q4,6,CONS,952.6062030171128,947.6283915482803,4.977811468832442,948.9032511772372,950.3497446638377,952.617187189225,954.9125234134311,956.3678457380116
mango_rmse_random,medium,2019-09-30,2021Q1,7,CONS,953.1958602750117,950.2021661886747,2.9936940863369728,948.8612881585518,950.6228631038906,953.1787394265716,955.7794823836823,957.7336696426453
mango_rmse_random,medium,2019-09-30,2021Q2,8,CONS,953.7831094685108,953.0515384475948,0.7315710209160216,948.9293244604046,950.8866929130214,953.6953115113486,956.6987145985366,958.8369403288652
mango_rmse_random,medium,2019-09-30,2019Q3,1,DEFL,472.6016096515641,472.33975673527414,0.26185291628996765,471.9090620616715,472.18737862450746,472.60491885774513,473.01292366184634,473.2912558050013
mango_rmse_random,medium,2019-09-30,2019Q4,2,DEFL,473.09866954090245,472.70603314659263,0.3926363943098181,471.92267316785336,472.35487377074827,473.10955250573636,473.8028432606914,474.28204744516273
mango_rmse_random,medium,2019-09-30,2020Q1,3,DEFL,473.6280863268542,473.1080108856083,0.5200754412459219,471.8424766599251,472.57101297148034,473.6300386602175,474.69032647403935,475.3451627182581
mango_rmse_random,medium,2019-09-30,2020Q2,4,DEFL,474.2066091776071,472.73258698908967,1.4740221885174378,471.7940630826865,472.7746166523866,474.1966349285316,475.66623954262604,476.5804267534004
mango_rmse_random,medium,2019-09-30,2020Q3,5,DEFL,474.7657773953913,473.59440300679853,1.171374388592767,471.7029127061303,472.9042703420784,474.7813527248071,476.63784480362386,477.8502544250168
mango_rmse_random,medium,2019-09-30,2020Q4,6,DEFL,475.3537365806435,474.2250274536357,1.1287091270078236,471.45325013057357,473.02149594632607,475.40439453284534,477.64065548464896,479.2222641678287
mango_rmse_random,medium,2019-09-30,2021Q1,7,DEFL,475.95239404434665,475.4624139156429,0.48998012870373486,471.16221289601543,473.16230529851254,475.9953204533999,478.6985503021908,480.54017254380085
mango_rmse_random,medium,2019-09-30,2021Q2,8,DEFL,476.55510769961637,477.0023388948485,-0.4472311952321206,471.0239130251549,473.28139881553534,476.5970353691263,479.80958143721006,481.9377539316398
mango_rmse_random,medium,2019-09-30,2019Q3,1,FFR,2.4483508234979436,2.19,0.2583508234979437,0.9853310488299536,1.584473325533667,2.450091917908182,3.341516131156406,3.918044953342548
mango_rmse_random,medium,2019-09-30,2019Q4,2,FFR,2.291375389879047,1.6433333333333333,0.6480420565457139,-0.00047548833756907543,0.8957179477915285,2.3130267671572255,3.724182961871464,4.544476263842205
mango_rmse_random,medium,2019-09-30,2020Q1,3,FFR,2.336419161867012,1.26,1.076419161867012,-0.5007825314555254,0.6205892099603196,2.3197271703410856,4.059449151061921,5.226394054347035
mango_rmse_random,medium,2019-09-30,2020Q2,4,FFR,2.2908121245375193,0.06,2.230812124537519,-0.9646328277036667,0.2602671907295112,2.2402915969168387,4.333393286388578,5.711184208117398
mango_rmse_random,medium,2019-09-30,2020Q3,5,FFR,2.2827182908030306,0.09333333333333334,2.1893849574696973,-1.539356709008135,0.007499088340062787,2.2615120710374073,4.636984068867925,6.146730589732555
mango_rmse_random,medium,2019-09-30,2020Q4,6,FFR,2.3050600442935423,0.09000000000000001,2.2150600442935424,-1.9316617679646362,-0.3272663630163046,2.337302292218788,4.881592409211263,6.622863117172165
mango_rmse_random,medium,2019-09-30,2021Q1,7,FFR,2.248294444646987,0.08,2.1682944446469867,-2.3639680324886903,-0.5636098687958766,2.2220869980201083,5.06384778612984,6.992771871005738
mango_rmse_random,medium,2019-09-30,2021Q2,8,FFR,2.2186037336061277,0.07,2.148603733606128,-2.619396882221983,-0.7868791239348352,2.181321580542152,5.230892969542356,7.212745470352511
mango_rmse_random,medium,2019-09-30,2019Q3,1,GDP,985.6889148957359,985.9061780536628,-0.21726315792682271,984.4273935309895,984.9372588571837,985.6882563770885,986.4535146981408,986.9837828877235
mango_rmse_random,medium,2019-09-30,2019Q4,2,GDP,986.1824149063665,986.3482463840766,-0.16583147771007134,984.1202720608791,984.9489281693596,986.2088038517297,987.3687469683192,988.2348572166245
mango_rmse_random,medium,2019-09-30,2020Q1,3,GDP,986.6740026475146,985.1661326692149,1.5078699782997091,983.921995464016,984.9818623561126,986.680283214779,988.3558771768122,989.3922633256299
mango_rmse_random,medium,2019-09-30,2020Q2,4,GDP,987.263730485002,976.3001287902925,10.963601694709496,983.9659141522275,985.1770928534577,987.2641862919844,989.3734163697644,990.6428171181232
mango_rmse_random,medium,2019-09-30,2020Q3,5,GDP,987.7406911861112,983.8614041962527,3.8792869898585423,983.9057925767229,985.4087296926728,987.7109324655919,990.1789137963931,991.5388004401053
mango_rmse_random,medium,2019-09-30,2020Q4,6,GDP,988.2778832892828,984.8200081508296,3.4578751384532325,984.0089683681987,985.5951114034887,988.2163963161358,991.0283849773407,992.5517066802864
mango_rmse_random,medium,2019-09-30,2021Q1,7,GDP,988.7754114003426,986.3510201204363,2.424391279906331,984.0907518472713,985.7700138026236,988.759213012159,991.667814119658,993.6001677807027
mango_rmse_random,medium,2019-09-30,2021Q2,8,GDP,989.2483629731885,988.0436302173482,1.2047327558402685,984.1214830226902,986.132303035912,989.2234257267639,992.3610666381928,994.5412492642964
mango_rmse_random,medium,2019-09-30,2019Q3,1,HOURS,472.27320755245347,472.47116746593383,-0.19795991348036068,471.0292429879087,471.5674167274285,472.2727374515113,472.97965225732105,473.4756309954713
mango_rmse_random,medium,2019-09-30,2019Q4,2,HOURS,472.34993812931293,472.26242786597743,0.08751026333550271,470.1479484935923,471.07894114091675,472.36857468959874,473.60481776657826,474.3869502039848
mango_rmse_random,medium,2019-09-30,2020Q1,3,HOURS,472.4361595843022,470.871906161665,1.5642534226371936,469.3091360937194,470.6016103838986,472.47881466273464,474.31440417999414,475.4808166110534
mango_rmse_random,medium,2019-09-30,2020Q2,4,HOURS,472.5714883420937,455.9806644236561,16.590823918437593,468.57390294454444,470.1214172334663,472.5958417564478,474.91035982475086,476.4063468311779
mango_rmse_random,medium,2019-09-30,2020Q3,5,HOURS,472.70588965129616,463.8914391952252,8.814450456070972,467.84153150616675,469.8503742661994,472.6944466648856,475.59947794959845,477.3825153137986
mango_rmse_random,medium,2019-09-30,2020Q4,6,HOURS,472.8257674703854,466.1711187045766,6.654648765808815,467.2477669448363,469.6167064121693,472.75093255727757,476.17393830403836,478.1241890255746
mango_rmse_random,medium,2019-09-30,2021Q1,7,HOURS,472.9839808615232,467.4565643093244,5.527416552198815,466.87351604015936,469.4228179051451,472.88440342914737,476.63810435232875,478.80280978286726
mango_rmse_random,medium,2019-09-30,2021Q2,8,HOURS,473.11881874515564,468.9217173513706,4.197101393785033,466.47640949289,469.2517381870631,473.1010247840869,477.0612652525748,479.63442666042715
mango_rmse_random,medium,2019-09-30,2019Q3,1,INV,814.3350115652554,816.8257649464756,-2.490753381220202,807.8051038229719,810.4037271677643,814.2485686693101,818.2621601704343,820.8805644588374
mango_rmse_random,medium,2019-09-30,2019Q4,2,INV,813.7055374329482,814.7390743321716,-1.0335368992234635,803.8536251950669,807.7424324023974,813.6344261169975,819.6474852183002,823.8201621720285
mango_rmse_random,medium,2019-09-30,2020Q1,3,INV,813.8334368956104,813.4433258838492,0.3901110117611779,801.161691047744,805.7491706751216,813.8826170692646,821.7024372758281,826.9347031373969
mango_rmse_random,medium,2019-09-30,2020Q2,4,INV,815.1801878231427,796.7010818577833,18.479105965359395,800.466649160842,805.7953893808135,815.1185592324878,824.5176077216332,830.7095976246238
mango_rmse_random,medium,2019-09-30,2020Q3,5,INV,815.432221830914,812.9806283457561,2.4515934851579004,798.5733313630924,804.9155570510827,815.3107292655745,825.966067462832,832.6921123506507
mango_rmse_random,medium,2019-09-30,2020Q4,6,INV,816.1849460882269,817.1216530510744,-0.936706962847552,797.1817813603936,804.8457675618445,816.1544202649256,827.5481102847965,835.5173698329626
mango_rmse_random,medium,2019-09-30,2021Q1,7,INV,816.6826711901315,815.7454702469023,0.9372009432291861,796.8215521943365,804.3102765522866,816.7087594849286,829.2233796325482,836.7261345447859
mango_rmse_random,medium,2019-09-30,2021Q2,8,INV,817.0963559205279,815.9622703740748,1.1340855464530932,795.9366253201686,803.7933278478316,816.9885890090746,830.20148148172,839.5552726183874
mango_rmse_random,medium,2019-09-30,2019Q3,1,WAGE,468.5793684816568,467.93031578293187,0.6490526987249154,467.33228707446824,467.81390874645143,468.57239761740607,469.35579739207145,469.8373646443696
mango_rmse_random,medium,2019-09-30,2019Q4,2,WAGE,468.72473336732264,468.9649192566031,-0.24018588928043982,467.02256243205494,467.76814535285257,468.72321313011076,469.7417968723075,470.404499740836
mango_rmse_random,medium,2019-09-30,2020Q1,3,WAGE,468.994895772474,470.9746394157193,-1.9797436432452855,467.03288021294514,467.75772220416917,468.9928879153362,470.20728429019647,470.969062032451
mango_rmse_random,medium,2019-09-30,2020Q2,4,WAGE,469.11555784538103,477.5537238247164,-8.438165979335395,466.7526626935657,467.68763969554897,469.1216216892425,470.5613004461874,471.4707003847142
mango_rmse_random,medium,2019-09-30,2020Q3,5,WAGE,469.3311665552042,474.96600644730387,-5.634839892099649,466.60357961284734,467.6775188650263,469.3476276987335,470.9666556869916,472.02865033931334
mango_rmse_random,medium,2019-09-30,2020Q4,6,WAGE,469.4920253440795,476.6829746333951,-7.190949289315597,466.4616183681537,467.7041842534837,469.46571123984086,471.287389790847,472.5969358305457
mango_rmse_random,medium,2019-09-30,2021Q1,7,WAGE,469.6897012842825,475.34867374793606,-5.658972463653583,466.32988044978094,467.6493088620322,469.68049893052626,471.75674697604904,473.0322685747915
mango_rmse_random,medium,2019-09-30,2021Q2,8,WAGE,469.872942364919,475.1743659729958,-5.301423608076789,466.21369345532247,467.69169975149686,469.86382299563905,472.0662149568793,473.5698422009621
mango_rmse_random,medium,2019-12-31,2019Q4,1,CONS,950.7445633814168,948.991030481561,1.753532899855827,949.7875973397403,950.197214773547,950.7549212694869,951.2953480893997,951.6378177611678
mango_rmse_random,medium,2019-12-31,2020Q1,2,CONS,951.4801135841407,947.3992268627885,4.080886721352158,950.0054809285629,950.618994183069,951.4818781864822,952.3583051386694,952.9819058461238
mango_rmse_random,medium,2019-12-31,2020Q2,3,CONS,952.08733073745,937.7306891267151,14.356641610734869,950.0863289854744,950.9047249903089,952.0463470183549,953.313492514296,954.1387611668905
mango_rmse_random,medium,2019-12-31,2020Q3,4,CONS,952.7009868409059,946.6716048283356,6.029382012570295,950.0197140492405,951.1365309660097,952.7427138966009,954.2840338032321,955.2387436008162
mango_rmse_random,medium,2019-12-31,2020Q4,5,CONS,953.2619873745411,947.6283915482803,5.63359582626083,950.0929346156357,951.3580014781626,953.2725607647425,955.1526765402394,956.4532835249767
mango_rmse_random,medium,2019-12-31,2021Q1,6,CONS,953.8302257359347,950.2021661886747,3.6280595472600226,950.1577272957157,951.6032269046467,953.8643470806317,956.0084670878027,957.5578316612796
mango_rmse_random,medium,2019-12-31,2021Q2,7,CONS,954.4072167005921,953.0515384475948,1.3556782529973361,950.1572469933353,951.8110303347121,954.4231406270584,956.9861782963264,958.7614789848923
mango_rmse_random,medium,2019-12-31,2021Q3,8,CONS,954.9879960687618,953.780040613558,1.2079554552038871,950.2843524154671,952.0547094522123,954.9645217539141,957.8849198410859,959.8780541812467
mango_rmse_random,medium,2019-12-31,2019Q4,1,DEFL,472.8862657052281,472.70603314659263,0.18023255863545273,472.19356253756104,472.46485485657985,472.88247019245665,473.31142182212534,473.577960922963
mango_rmse_random,medium,2019-12-31,2020Q1,2,DEFL,473.338762717503,473.1080108856083,0.23075183189473591,472.14573239514044,472.64759722866035,473.34300759902544,474.0382612767844,474.5243940726012
mango_rmse_random,medium,2019-12-31,2020Q2,3,DEFL,473.86539252533885,472.73258698908967,1.1328055362491796,472.19043520353944,472.8512989726054,473.84925557427806,474.89695684589924,475.5699113676872
mango_rmse_random,medium,2019-12-31,2020Q3,4,DEFL,474.4180244092091,473.59440300679853,0.8236214024105948,472.05652476376,473.05183382888754,474.3893182818176,475.83563797128147,476.7483264065687
mango_rmse_random,medium,2019-12-31,2020Q4,5,DEFL,474.9874880988402,474.2250274536357,0.7624606452044986,471.9255903980517,473.1823834470068,474.9603394883326,476.8222781485899,478.0580458342486
mango_rmse_random,medium,2019-12-31,2021Q1,6,DEFL,475.58337371928457,475.4624139156429,0.12095980364165371,471.7710930382124,473.3230971106561,475.60021405281464,477.8382150720214,479.35088579438644
mango_rmse_random,medium,2019-12-31,2021Q2,7,DEFL,476.16505034330083,477.0023388948485,-0.8372885515476582,471.60319728755775,473.450187539398,476.20755578916487,478.9468676547525,480.68833123707185
mango_rmse_random,medium,2019-12-31,2021Q3,8,DEFL,476.7560184604525,478.5088858165736,-1.7528673561211008,471.4466276328682,473.5382126732991,476.76664319451424,479.9292084333735,482.0426440162618
mango_rmse_random,medium,2019-12-31,2019Q4,1,FFR,2.154055887711949,1.6433333333333333,0.5107225543786156,0.7168374993630708,1.2964349467905525,2.1633125409329295,3.03925649606255,3.6000791566702275
mango_rmse_random,medium,2019-12-31,2020Q1,2,FFR,2.365644273355657,1.26,1.1056442733556568,0.14500042460498525,0.9910618155307492,2.364056974817782,3.723954430145898,4.675301155260936
mango_rmse_random,medium,2019-12-31,2020Q2,3,FFR,2.485104619059073,0.06,2.425104619059073,-0.2714636383036888,0.8150962933342439,2.4799475624733525,4.187322614875018,5.297788671441285
mango_rmse_random,medium,2019-12-31,2020Q3,4,FFR,2.4819545642638334,0.09333333333333334,2.3886212309305,-0.8150500842359296,0.4881929433256865,2.5284768739936716,4.506381104185233,5.748279660731912
mango_rmse_random,medium,2019-12-31,2020Q4,5,FFR,2.4880829252150654,0.09000000000000001,2.3980829252150655,-1.1857177191089143,0.10901741526423347,2.473310813328024,4.848285628162069,6.267671235204728
mango_rmse_random,medium,2019-12-31,2021Q1,6,FFR,2.4084082232283066,0.08,2.3284082232283065,-1.8035807728860813,-0.17267680541358837,2.3867893302862537,4.947924713572986,6.672643536322956
mango_rmse_random,medium,2019-12-31,2021Q2,7,FFR,2.371063323392636,0.07,2.3010633233926363,-2.439075316971194,-0.5051067892304919,2.3690954805742157,5.060866178646709,7.06797010017141
mango_rmse_random,medium,2019-12-31,2021Q3,8,FFR,2.3796364218950443,0.09000000000000001,2.2896364218950445,-2.6706629425106443,-0.6487518712387277,2.4466911819305395,5.26427494191641,7.446957925972091
mango_rmse_random,medium,2019-12-31,2019Q4,1,GDP,986.6759951133598,986.3482463840766,0.3277487292832575,985.4337493862445,985.9060370595462,986.6681927888822,987.4346097776395,987.9381865694352
mango_rmse_random,medium,2019-12-31,2020Q1,2,GDP,987.3649437545386,985.1661326692149,2.198811085323655,985.3159790208164,986.1671379200585,987.354842613079,988.5654105406185,989.4069175716866
mango_rmse_random,medium,2019-12-31,2020Q2,3,GDP,987.979208806654,976.3001287902925,11.679080016361468,985.3151462875813,986.4037191258955,987.9457497018129,989.6179845179794,990.7578412149375
mango_rmse_random,medium,2019-12-31,2020Q3,4,GDP,988.429253120819,983.8614041962527,4.567848924566306,985.2572058273037,986.4649116235438,988.3863162835735,990.4235639348374,991.7916893897086
mango_rmse_random,medium,2019-12-31,2020Q4,5,GDP,988.8994426978527,984.8200081508296,4.079434547023084,985.2027197512518,986.6595997359877,988.8389689427544,991.212210131617,992.8583143774151
mango_rmse_random,medium,2019-12-31,2021Q1,6,GDP,989.3566294622434,986.3510201204363,3.005609341807144,985.3037254889715,986.8118125365993,989.2815792867825,992.0264336340261,993.6533246780048
mango_rmse_random,medium,2019-12-31,2021Q2,7,GDP,989.7827043234289,988.0436302173482,1.7390741060806931,985.0608090271281,986.8870369744014,989.8351354926517,992.6643349955366,994.5915814844999
mango_rmse_random,medium,2019-12-31,2021Q3,8,GDP,990.2662556127486,988.6981778641465,1.5680777486021498,985.0323825450479,987.1719357735503,990.2466855107605,993.2835355471657,995.3859967308449
mango_rmse_random,medium,2019-12-31,2019Q4,1,HOURS,473.1947483419531,472.26242786597743,0.9323204759756436,472.05422474681967,472.4794570910642,473.19622913357637,473.90123190046165,474.3607989750189
mango_rmse_random,medium,2019-12-31,2020Q1,2,HOURS,473.5482845084952,470.871906161665,2.6763783468302336,471.3885823794816,472.2423632243829,473.5782709058926,474.7861441392305,475.6858666968418
mango_rmse_random,medium,2019-12-31,2020Q2,3,HOURS,473.8261826021315,455.9806644236561,17.845518178475402,470.7870092752719,471.9785474711357,473.81405135118894,475.5872968175162,476.87039344458833
mango_rmse_random,medium,2019-12-31,2020Q3,4,HOURS,473.99186809279934,463.8914391952252,10.100428897574147,469.98117396710296,471.623958369864,474.03753954820183,476.28561369932106,477.990815255646
mango_rmse_random,medium,2019-12-31,2020Q4,5,HOURS,474.0939448088786,466.1711187045766,7.922826104301976,469.2858518755952,471.3086976223069,474.07835750756044,476.930489213561,478.8379708041892
mango_rmse_random,medium,2019-12-31,2021Q1,6,HOURS,474.1855096752216,467.4565643093244,6.728945365897232,468.6685106623462,470.9232897047498,474.26430561508414,477.43164254173945,479.52908807865356
mango_rmse_random,medium,2019-12-31,2021Q2,7,HOURS,474.2470857028257,468.9217173513706,5.325368351455097,468.2066970526274,470.7114020466114,474.2824445315201,477.8506400355451,480.2638733212645
mango_rmse_random,medium,2019-12-31,2021Q3,8,HOURS,474.30983903565226,470.2088163501795,4.101022685472742,467.9177954770151,470.5305759531086,474.20923766752145,478.2548860595372,480.6979587761576
mango_rmse_random,medium,2019-12-31,2019Q4,1,INV,814.8429070914234,814.7390743321716,0.10383275925175894,808.4047230037716,810.9439152245923,814.8514059178608,818.8561063770887,821.3178610241192
mango_rmse_random,medium,2019-12-31,2020Q1,2,INV,815.6805927081815,813.4433258838492,2.2372668243323233,806.0273867626693,809.7498614227095,815.5583859782121,821.7023485571998,825.7349109752124
mango_rmse_random,medium,2019-12-31,2020Q2,3,INV,817.0053982653758,796.7010818577833,20.304316407592523,804.291608166376,809.4430691912602,816.7028119684792,824.8493751910711,829.6458736015333
mango_rmse_random,medium,2019-12-31,2020Q3,4,INV,817.1487963976604,812.9806283457561,4.1681680519042175,802.5598184272052,808.0940017554526,816.7990686878633,826.1869593755749,832.3753899018667
mango_rmse_random,medium,2019-12-31,2020Q4,5,INV,817.4709783171576,817.1216530510744,0.34932526608315584,800.8539554464595,807.0891768181021,817.2397775070438,827.8613896325458,835.2286810833716
mango_rmse_random,medium,2019-12-31,2021Q1,6,INV,817.6486914622161,815.7454702469023,1.9032212153138062,798.8220043892279,806.2829013396769,817.5713728456612,829.4694097298922,836.8324144833057
mango_rmse_random,medium,2019-12-31,2021Q2,7,INV,817.7236233500257,815.9622703740748,1.7613529759508992,797.5273859496724,804.8191633743809,817.6645901980293,830.618451248155,838.7020559357918
mango_rmse_random,medium,2019-12-31,2021Q3,8,INV,818.0515322738305,818.4248724890365,-0.37334021520598526,795.7490985555944,804.9004614937345,818.2198017480932,831.8882299451732,840.3452427217453
mango_rmse_random,medium,2019-12-31,2019Q4,1,WAGE,468.12029441940746,468.9649192566031,-0.8446248371956244,466.8291985651423,467.36769689260393,468.13128844661617,468.87187165072385,469.43041630580495
mango_rmse_random,medium,2019-12-31,2020Q1,2,WAGE,468.34536688467597,470.9746394157193,-2.629272531043341,466.6412357506397,467.32695162748524,468.33108740919033,469.3625572673557,470.0023651220015
mango_rmse_random,medium,2019-12-31,2020Q2,3,WAGE,468.5093543231512,477.5537238247164,-9.044369501565257,466.4251683908329,467.28922951320453,468.52259176542543,469.7301874456856,470.473151831544
mango_rmse_random,medium,2019-12-31,2020Q3,4,WAGE,468.7090405780623,474.96600644730387,-6.256965869241583,466.3374317474285,467.3049937561782,468.7558328694055,470.10812604240544,471.0127651471644
mango_rmse_random,medium,2019-12-31,2020Q4,5,WAGE,468.9241265191929,476.6829746333951,-7.758848114202181,466.14474099088557,467.3021994589106,468.9274172846234,470.55202423555914,471.58082957037556
mango_rmse_random,medium,2019-12-31,2021Q1,6,WAGE,469.1286496063243,475.34867374793606,-6.220024141611759,465.95909381123244,467.29712778877393,469.16812731182955,470.89572442370263,472.0698418245695
mango_rmse_random,medium,2019-12-31,2021Q2,7,WAGE,469.33205699866124,475.1743659729958,-5.842308974334571,465.91822602337965,467.28807604948753,469.37841880641366,471.2818156174245,472.63715412345465
mango_rmse_random,medium,2019-12-31,2021Q3,8,WAGE,469.5521023118933,475.16313773309696,-5.611035421203667,465.82485396291264,467.3486175540695,469.6404550547538,471.6588463589974,473.2487434918697
