strategy,model_size,forecast_origin,target_quarter,horizon_quarters,variable,mean,actual,error,p05,p16,median,p84,p95
mango_rmse_random,small,2000-03-31,2000Q1,1,DEFL,466.04153772750885,434.80173185711334,31.239805870395514,465.6106059904115,465.77058321389245,466.0491449359463,466.2973547607559,466.47254953086906
mango_rmse_random,small,2000-03-31,2000Q2,2,DEFL,466.4909644697954,435.4231401429961,31.067824326799325,465.67883284817066,465.99147491815893,466.488752755588,466.99205646602223,467.27639115882585
mango_rmse_random,small,2000-03-31,2000Q3,3,DEFL,467.0025345842989,436.0074949806811,30.99503960361784,465.7772379476342,466.2775376928602,466.9977455888294,467.7395198356093,468.19728459577453
mango_rmse_random,small,2000-03-31,2000Q4,4,DEFL,467.5657875475091,436.5490666033782,31.016720944130896,465.88652755253247,466.58041902933087,467.5602634146654,468.53642919024213,469.2410668224519
mango_rmse_random,small,2000-03-31,2001Q1,5,DEFL,468.122104504087,437.2026802595548,30.919424244532195,465.91668085151963,466.80987708893707,468.1430347859031,469.43563837843965,470.2835624040584
mango_rmse_random,small,2000-03-31,2001Q2,6,DEFL,468.7015202260654,437.8056263169986,30.895893909066785,465.896208588101,467.0585484450324,468.72980032783823,470.3613867183111,471.4039571761436
mango_rmse_random,small,2000-03-31,2001Q3,7,DEFL,469.2937906603406,438.197663342384,31.096127317956643,465.8715634275664,467.24420098775886,469.31027426394195,471.3326957988348,472.58851792503447
mango_rmse_random,small,2000-03-31,2001Q4,8,DEFL,469.89579053095395,438.50844547731197,31.38734505364198,465.8848565229253,467.533081098877,469.95538366264725,472.2980848306927,473.75322812041134
mango_rmse_random,small,2000-03-31,2000Q1,1,FFR,5.599258951493079,5.676666666666667,-0.07740771517358791,4.102773217796754,4.693703929800281,5.579015756657101,6.4901568224279655,7.155772080245602
mango_rmse_random,small,2000-03-31,2000Q2,2,FFR,6.009244984310497,6.273333333333333,-0.2640883490228365,3.677062172582099,4.514339843069395,5.979585238226598,7.457111073398349,8.426640580321527
mango_rmse_random,small,2000-03-31,2000Q3,3,FFR,6.129906658864616,6.52,-0.3900933411353833,3.296020000086754,4.360622695852061,6.127493110610429,7.829941770726527,9.106378244826855
mango_rmse_random,small,2000-03-31,2000Q4,4,FFR,6.059930173108005,6.473333333333334,-0.41340316022532875,2.682733746914558,4.1138624446341385,6.06601255976582,8.027905999232228,9.483842481083052
mango_rmse_random,small,2000-03-31,2001Q1,5,FFR,6.134525633099134,5.593333333333334,0.5411922997658003,2.5155152358207475,3.9139865722346197,6.076447777341645,8.318282790170837,9.872561211645941
mango_rmse_random,small,2000-03-31,2001Q2,6,FFR,6.211527856854606,4.326666666666667,1.884861190187939,2.2160298113560257,3.7728455505548637,6.2505530884702125,8.560742389397545,10.399540025777764
mango_rmse_random,small,2000-03-31,2001Q3,7,FFR,6.139770448793654,3.4966666666666666,2.6431037821269876,1.910595204912667,3.4557780110075615,6.157633050987274,8.73958274386337,10.598128714938051
mango_rmse_random,small,2000-03-31,2001Q4,8,FFR,6.084745738139679,2.1333333333333333,3.9514124048063457,1.5993967977007946,3.354838480310589,5.979830747445755,8.935305620529101,10.77978888297108
mango_rmse_random,small,2000-03-31,2000Q1,1,GDP,911.9284896589884,946.771157645587,-34.8426679865986,910.6699315453675,911.2061977693636,911.88761990186,912.6879216547346,913.1802370650499
mango_rmse_random,small,2000-03-31,2000Q2,2,GDP,912.9279863734309,948.5753664798251,-35.647380106394166,911.0254513979944,911.7635261699837,912.9235072629592,914.0882109456877,914.8372899570976
mango_rmse_random,small,2000-03-31,2000Q3,3,GDP,913.7557042877712,948.6750908667843,-34.91938657901312,911.2898403712072,912.2600128798456,913.770012271897,915.2629290415891,916.1701761277487
mango_rmse_random,small,2000-03-31,2000Q4,4,GDP,914.5637894101592,949.2676932603196,-34.70390385016037,911.4421532406151,912.7863338580172,914.5613540893174,916.3705657644255,917.5638894405483
mango_rmse_random,small,2000-03-31,2001Q1,5,GDP,915.2974142221633,948.9429455219695,-33.64553129980618,911.6157132280609,913.127144008663,915.2664562818895,917.4757109643425,918.959709815923
mango_rmse_random,small,2000-03-31,2001Q2,6,GDP,916.0620372383514,949.5624120747524,-33.500374836400965,911.8960812507149,913.6519635729051,916.028012964959,918.5238668168622,920.2059532146973
mango_rmse_random,small,2000-03-31,2001Q3,7,GDP,916.8342043520657,949.1612595166631,-32.32705516459737,912.1594379073824,914.0510821340483,916.7877754750825,919.5849068928142,921.6677394893724
mango_rmse_random,small,2000-03-31,2001Q4,8,GDP,917.5976743204965,949.4381900682963,-31.840515747799827,912.4809633525946,914.7176055127894,917.5632523508971,920.6140800665282,922.8024905394742
mango_rmse_random,small,2000-06-30,2000Q2,1,DEFL,466.9186482259109,435.4231401429961,31.495508082914796,466.46733182288847,466.62212043693035,466.9295838735888,467.2044825277003,467.3793712138647
mango_rmse_random,small,2000-06-30,2000Q3,2,DEFL,467.5953125219248,436.0074949806811,31.587817541243737,466.7682660896701,467.0911433683628,467.60171462264805,468.10148789320294,468.41414108456667
mango_rmse_random,small,2000-06-30,2000Q4,3,DEFL,468.34183439583944,436.5490666033782,31.792767792461234,467.0689793792749,467.6187879314813,468.35803080520236,469.0747813990266,469.52411283715617
mango_rmse_random,small,2000-06-30,2001Q1,4,DEFL,469.1523737530428,437.2026802595548,31.949693493487985,467.47719162851143,468.13748534622636,469.1568407365527,470.16778258224366,470.8121425185397
mango_rmse_random,small,2000-06-30,2001Q2,5,DEFL,469.97042634097244,437.8056263169986,32.16480002397384,467.80975163026454,468.6379183987707,469.99415586294754,471.3004149741208,472.06789851537263
mango_rmse_random,small,2000-06-30,2001Q3,6,DEFL,470.81634793723356,438.197663342384,32.61868459484958,468.1504873653922,469.1733357525336,470.85879361920985,472.47513643758106,473.4091453693236
mango_rmse_random,small,2000-06-30,2001Q4,7,DEFL,471.6666506000793,438.50844547731197,33.158205122767356,468.4474366842323,469.6349359784219,471.68502384228304,473.68445779239306,474.79964740572746
mango_rmse_random,small,2000-06-30,2002Q1,8,DEFL,472.5452066832737,438.83068726310324,33.71451942017046,468.7503554608665,470.1081731880641,472.59611598808885,474.93395878758747,476.336681428404
mango_rmse_random,small,2000-06-30,2000Q2,1,FFR,6.3115617163619,6.273333333333333,0.03822838302856635,4.9072575934083975,5.433686427812666,6.323125590501345,7.154884685687481,7.778277855628814
mango_rmse_random,small,2000-06-30,2000Q3,2,FFR,6.741388663356975,6.52,0.2213886633569757,4.5461575422290155,5.383064886550136,6.741999311769792,8.094724516172171,9.034508692062307
mango_rmse_random,small,2000-06-30,2000Q4,3,FFR,6.761633892904035,6.473333333333334,0.28830055957070133,4.077028040501609,5.097549530655842,6.711086320034646,8.425478370565084,9.619314580907028
mango_rmse_random,small,2000-06-30,2001Q1,4,FFR,6.7776398859385525,5.593333333333334,1.1843065526052188,3.6249954593114517,4.847988132197389,6.81325534564003,8.72099160371796,10.025994322065173
mango_rmse_random,small,2000-06-30,2001Q2,5,FFR,6.940157360797247,4.326666666666667,2.61349069413058,3.49731931496317,4.879538141167992,6.879701540385785,9.110159023291025,10.513594641391588
mango_rmse_random,small,2000-06-30,2001Q3,6,FFR,7.021810718401568,3.4966666666666666,3.5251440517349013,3.1287296204879977,4.815782599820736,6.99047623093753,9.27357566038482,10.837859893356178
mango_rmse_random,small,2000-06-30,2001Q4,7,FFR,6.974947565338814,2.1333333333333333,4.841614232005481,2.853374833014924,4.551469406767043,7.004919527168611,9.421165773641206,10.897465033632185
mango_rmse_random,small,2000-06-30,2002Q1,8,FFR,6.983694115339101,1.7333333333333334,5.250360782005767,2.650653898546115,4.399833113831563,7.004526635655175,9.636574321145067,11.282562517341132
mango_rmse_random,small,2000-06-30,2000Q2,1,GDP,913.4903873416719,948.5753664798251,-35.084979138153244,912.1973768198488,912.6635312622329,913.4494274544782,914.3271860934256,914.9004878777432
mango_rmse_random,small,2000-06-30,2000Q3,2,GDP,914.484340194423,948.6750908667843,-34.19075067236133,912.3235368223853,913.1752863862029,914.4624390485442,915.8066490157687,916.7175705046825
mango_rmse_random,small,2000-06-30,2000Q4,3,GDP,915.2071018255797,949.2676932603196,-34.06059143473988,912.3770488526122,913.4834668754461,915.1955889697081,916.9145669273857,918.1289316147481
mango_rmse_random,small,2000-06-30,2001Q1,4,GDP,915.9647267233373,948.9429455219695,-32.978218798632156,912.4967885328416,913.8923711404453,915.896365532946,918.0778678442227,919.3041475152526
mango_rmse_random,small,2000-06-30,2001Q2,5,GDP,916.7313149380922,949.5624120747524,-32.83109713666022,912.6373725407822,914.4237377165124,916.729887106263,919.1116802699092,920.5970774969259
mango_rmse_random,small,2000-06-30,2001Q3,6,GDP,917.5057240931588,949.1612595166631,-31.65553542350426,912.8091026043018,914.9119927281122,917.5231305075956,920.1953682939481,922.0604469584167
mango_rmse_random,small,2000-06-30,2001Q4,7,GDP,918.313032265076,949.4381900682963,-31.125157803220304,913.0053940025233,915.366150583157,918.3173091265546,921.2897736445815,923.433942393622
mango_rmse_random,small,2000-06-30,2002Q1,8,GDP,919.12332212759,950.2630063031164,-31.13968417552644,913.2982509476725,915.8349548249942,919.195328328809,922.35456597582,924.8661049012595
mango_rmse_random,small,2000-09-30,2000Q3,1,DEFL,467.7041251971624,436.0074949806811,31.69663021648131,467.2559790182626,467.4163411000267,467.70567987276735,467.9806774311926,468.16908635804884
mango_rmse_random,small,2000-09-30,2000Q4,2,DEFL,468.4388361623614,436.5490666033782,31.889769558983176,467.6597711096377,467.94013740341126,468.44356752880026,468.91967946328873,469.25901422559184
mango_rmse_random,small,2000-09-30,2001Q1,3,DEFL,469.26105143858456,437.2026802595548,32.058371179029734,468.0458076144816,468.5431902063222,469.26349665835266,469.97005237032494,470.49036383787245
mango_rmse_random,small,2000-09-30,2001Q2,4,DEFL,470.0827491251261,437.8056263169986,32.2771228081275,468.3619138097726,469.1145322522209,470.086777718405,471.043417395682,471.7584903744228
mango_rmse_random,small,2000-09-30,2001Q3,5,DEFL,470.93982237859456,438.197663342384,32.74215903621058,468.71508447473065,469.69616831904557,470.96893075048894,472.203433514481,473.0526851429404
mango_rmse_random,small,2000-09-30,2001Q4,6,DEFL,471.800210689039,438.50844547731197,33.29176521172701,469.0619022829179,470.18398868852705,471.8080431600806,473.41132005706015,474.46275407306354
mango_rmse_random,small,2000-09-30,2002Q1,7,DEFL,472.6732428163991,438.83068726310324,33.84255555329588,469.4516293103274,470.6991434164454,472.6798554054624,474.64694942184576,475.8345048097213
mango_rmse_random,small,2000-09-30,2002Q2,8,DEFL,473.5671741410085,439.17665473510937,34.39051940589911,469.67682262758547,471.25930185178987,473.586308062816,475.9568172866144,477.36564171597144
mango_rmse_random,small,2000-09-30,2000Q3,1,FFR,6.849397786905964,6.52,0.32939778690596455,5.410752190501742,5.973000649046123,6.847819064547643,7.735947221339661,8.308608376941985
mango_rmse_random,small,2000-09-30,2000Q4,2,FFR,6.9385702184585565,6.473333333333334,0.4652368851252229,4.758821867185596,5.534557098680324,6.9067266465605925,8.367691733532,9.212526537294158
mango_rmse_random,small,2000-09-30,2001Q1,3,FFR,6.893225774533412,5.593333333333334,1.299892441200078,4.21292907083319,5.294375173933666,6.88856247782252,8.629125071593345,9.666204201650386
mango_rmse_random,small,2000-09-30,2001Q2,4,FFR,7.0158455589951725,4.326666666666667,2.6891788923285054,3.8762986374775004,5.069162381590736,7.01975698800006,8.924277800956274,10.179528233477045
mango_rmse_random,small,2000-09-30,2001Q3,5,FFR,7.156628627061495,3.4966666666666666,3.659961960394828,3.7332839963553095,5.0136914328449675,7.100535690277612,9.305667883078534,10.792610430637536
mango_rmse_random,small,2000-09-30,2001Q4,6,FFR,7.139941361288769,2.1333333333333333,5.006608027955435,3.240554872678447,4.790743225267359,7.126192174513431,9.47126184599557,10.99848637611735
mango_rmse_random,small,2000-09-30,2002Q1,7,FFR,7.090984561102729,1.7333333333333334,5.357651227769396,2.81651958428608,4.652085311429842,7.078755010368566,9.580947116121546,11.192301509490326
mango_rmse_random,small,2000-09-30,2002Q2,8,FFR,7.143216700583794,1.75,5.393216700583794,2.6090967361966255,4.526464184101681,7.214240789294383,9.725118920647047,11.685281296633526
mango_rmse_random,small,2000-09-30,2000Q3,1,GDP,915.0475585939374,948.6750908667843,-33.627532272846906,913.7434317230526,914.2511499390936,915.020469230464,915.8510925732343,916.4516232136657
mango_rmse_random,small,2000-09-30,2000Q4,2,GDP,915.807091356573,949.2676932603196,-33.46060190374658,913.6475417647792,914.5087472735906,915.8132464022844,917.1364161507252,918.0010320490829
mango_rmse_random,small,2000-09-30,2001Q1,3,GDP,916.5261182710818,948.9429455219695,-32.41682725088765,913.675224011311,914.7906042928514,916.5370598995029,918.2363754993165,919.2934587533606
mango_rmse_random,small,2000-09-30,2001Q2,4,GDP,917.3223899871655,949.5624120747524,-32.24002208758691,913.8572963230652,915.259367258658,917.3729163996841,919.3783091888292,920.714540955153
mango_rmse_random,small,2000-09-30,2001Q3,5,GDP,918.1025530830708,949.1612595166631,-31.058706433592306,914.0051758982888,915.6705768194032,918.1263674461865,920.5084938403891,921.9691709066487
mango_rmse_random,small,2000-09-30,2001Q4,6,GDP,918.8946090848079,949.4381900682963,-30.54358098348837,914.2954852435163,916.2242157124692,919.0429934633223,921.505050928787,923.1661088758098
mango_rmse_random,small,2000-09-30,2002Q1,7,GDP,919.7347601791735,950.2630063031164,-30.52824612394295,914.5024370794432,916.6124157264219,919.817085314764,922.7212615700618,924.6363607231663
mango_rmse_random,small,2000-09-30,2002Q2,8,GDP,920.5593280235465,950.8766222794621,-30.317294255915613,914.8579400126349,917.2207252478628,920.6446321689514,923.7707277667845,925.6541318480885
mango_rmse_random,small,2000-12-31,2000Q4,1,DEFL,468.01217614669764,436.5490666033782,31.463109543319433,467.5657958310998,467.71923567504575,468.0081919479193,468.29961759625166,468.4696825585949
mango_rmse_random,small,2000-12-31,2001Q1,2,DEFL,468.7004541999245,437.2026802595548,31.497773940369655,467.90603140231025,468.1981395169173,468.6978862929798,469.19574490803507,469.5186545435876
mango_rmse_random,small,2000-12-31,2001Q2,3,DEFL,469.37526599341527,437.8056263169986,31.56963967641667,468.1310806812961,468.6294923047881,469.37391015096244,470.11317896198494,470.64776980924063
mango_rmse_random,small,2000-12-31,2001Q3,4,DEFL,470.0049878624997,438.197663342384,31.807324520115742,468.273401881468,468.99664573755564,470.0162296566276,471.00643287004686,471.63498773789956
mango_rmse_random,small,2000-12-31,2001Q4,5,DEFL,470.67475149204796,438.50844547731197,32.166306014735994,468.4123256432263,469.3453260332724,470.69186433596246,471.9727022805749,472.80322576676787
mango_rmse_random,small,2000-12-31,2002Q1,6,DEFL,471.36943655105443,438.83068726310324,32.53874928795119,468.4854641721504,469.7361267734285,471.4105334505304,473.06170629582044,474.03239430195515
mango_rmse_random,small,2000-12-31,2002Q2,7,DEFL,472.09233708273024,439.17665473510937,32.91568234762087,468.53003960043213,470.077254212221,472.14043205549103,474.1524322012781,475.34325112914865
mango_rmse_random,small,2000-12-31,2002Q3,8,DEFL,472.8383894654297,439.65703601147226,33.181353453957456,468.6521477137883,470.4207086718276,472.8897652436242,475.2799458744438,476.73654197661983
mango_rmse_random,small,2000-12-31,2000Q4,1,FFR,6.296920711330338,6.473333333333334,-0.1764126220029958,4.872895621034635,5.433264082976334,6.312160470149998,7.151824094046137,7.715304287542787
mango_rmse_random,small,2000-12-31,2001Q1,2,FFR,5.936361220741584,5.593333333333334,0.3430278874082502,3.6918928423177095,4.573470056178752,5.920482733038876,7.306181299282118,8.17863098935315
mango_rmse_random,small,2000-12-31,2001Q2,3,FFR,5.979619957009029,4.326666666666667,1.6529532903423618,3.2844689065714547,4.328968713548686,5.933534571520363,7.64684535177227,8.736913125488815
mango_rmse_random,small,2000-12-31,2001Q3,4,FFR,6.1952718928841,3.4966666666666666,2.6986052262174334,2.9320571262963027,4.258106023190143,6.234607778116958,8.102449840476192,9.314168729117545
mango_rmse_random,small,2000-12-31,2001Q4,5,FFR,6.23905052610971,2.1333333333333333,4.1057171927763765,2.632647862367353,4.054498171092237,6.216377358869883,8.356879386229037,9.835736539690739
mango_rmse_random,small,2000-12-31,2002Q1,6,FFR,6.199901305337069,1.7333333333333334,4.466567972003736,2.1502342967235313,3.831435609315762,6.2427573923594055,8.469745736884573,10.02989117863881
mango_rmse_random,small,2000-12-31,2002Q2,7,FFR,6.265364622429636,1.75,4.515364622429636,2.017678164847419,3.740110467095629,6.3622050849859395,8.750215528862597,10.364371868636217
mango_rmse_random,small,2000-12-31,2002Q3,8,FFR,6.3984532394437235,1.74,4.658453239443723,1.8907171824436053,3.7148910735918905,6.430455351931605,9.077893438398974,10.58002767801245
mango_rmse_random,small,2000-12-31,2000Q4,1,GDP,915.0493402821515,949.2676932603196,-34.218352978168014,913.7239836213662,914.2349687209123,915.028605973788,915.8621487988987,916.4483042272369
mango_rmse_random,small,2000-12-31,2001Q1,2,GDP,915.710312772804,948.9429455219695,-33.23263274916553,913.5403749112734,914.4098912275052,915.687146317475,917.0186710560057,917.8663519832267
mango_rmse_random,small,2000-12-31,2001Q2,3,GDP,916.6121590078618,949.5624120747524,-32.95025306689058,913.839935837146,914.8904421539684,916.6182858721961,918.2579027874948,919.4701718268525
mango_rmse_random,small,2000-12-31,2001Q3,4,GDP,917.6253351918899,949.1612595166631,-31.53592432477319,914.2369424084176,915.5700025602695,917.6138160592616,919.6466766422319,921.045913156148
mango_rmse_random,small,2000-12-31,2001Q4,5,GDP,918.552001338535,949.4381900682963,-30.88618872976133,914.6173569527473,916.212757519246,918.5685243111889,920.935180993369,922.5104412571274
mango_rmse_random,small,2000-12-31,2002Q1,6,GDP,919.4729061727559,950.2630063031164,-30.790100130360543,914.8637320047393,916.8298906677045,919.4930047556495,922.1234325836741,923.8386852017542
mango_rmse_random,small,2000-12-31,2002Q2,7,GDP,920.4349054053587,950.8766222794621,-30.441716874103463,915.3973866042702,917.3408013629466,920.4303908580914,923.4433843817588,925.2677560433644
mango_rmse_random,small,2000-12-31,2002Q3,8,GDP,921.3546497867059,951.2793389900701,-29.92468920336421,915.9813478165006,918.0380903895126,921.4185593943762,924.6817990275129,926.6237627858707
mango_rmse_random,small,2001-03-31,2001Q1,1,DEFL,468.55257522980446,437.2026802595548,31.349894970249636,468.10100776367204,468.26189972311477,468.55138457178896,468.83733540580204,469.01350805547656
mango_rmse_random,small,2001-03-31,2001Q2,2,DEFL,469.1848870927191,437.8056263169986,31.379260775720525,468.38622990618524,468.6739825317813,469.19172126041065,469.687419053802,469.9888956129769
mango_rmse_random,small,2001-03-31,2001Q3,3,DEFL,469.76790055132847,438.197663342384,31.57023720894449,468.5552522916099,469.01926057592937,469.7816029304228,470.51108108847467,470.9777920459302
mango_rmse_random,small,2001-03-31,2001Q4,4,DEFL,470.3717487189065,438.50844547731197,31.863303241594508,468.74180574306484,469.3507857227684,470.3699271064249,471.3595986237461,472.0312113492785
mango_rmse_random,small,2001-03-31,2002Q1,5,DEFL,471.01077993214983,438.83068726310324,32.18009266904659,468.81086741166365,469.63293476529265,471.06030759352825,472.34117346668364,473.17439134079626
mango_rmse_random,small,2001-03-31,2002Q2,6,DEFL,471.6716211253496,439.17665473510937,32.49496639024022,468.90856474517807,469.98015679729326,471.73601465109357,473.3118435486238,474.4238960780543
mango_rmse_random,small,2001-03-31,2002Q3,7,DEFL,472.3587208220656,439.65703601147226,32.70168481059335,468.9470166556707,470.2219700021286,472.45509240348196,474.40666627188074,475.62039640420744
mango_rmse_random,small,2001-03-31,2002Q4,8,DEFL,473.07559419041183,440.229483984637,32.846110205774835,469.0078607800297,470.56270221080695,473.17464273917426,475.49902400276846,476.96375937105176
mango_rmse_random,small,2001-03-31,2001Q1,1,FFR,6.07843113848636,5.593333333333334,0.4850978051530266,4.661143901573036,5.248850230284463,6.0600247511186005,6.923738793421178,7.539232051634496
mango_rmse_random,small,2001-03-31,2001Q2,2,FFR,5.87294399295563,4.326666666666667,1.5462773262889629,3.6400100735968555,4.4805128592973995,5.833880346024187,7.2942195514871315,8.219704497081507
mango_rmse_random,small,2001-03-31,2001Q3,3,FFR,5.977428374936214,3.4966666666666666,2.4807617082695477,3.1899425014975065,4.301912628805154,5.9460930057102654,7.6534274656770975,8.850304064919738
mango_rmse_random,small,2001-03-31,2001Q4,4,FFR,6.047593150852684,2.1333333333333333,3.914259817519351,2.7954519315686492,4.1167561694582915,6.063628217107519,7.981827591710659,9.212278777744606
mango_rmse_random,small,2001-03-31,2002Q1,5,FFR,6.028261218021978,1.7333333333333334,4.2949278846886445,2.5174443984893635,3.874411748112089,6.011976328926137,8.187986767960078,9.628334762972585
mango_rmse_random,small,2001-03-31,2002Q2,6,FFR,6.0668347365267925,1.75,4.3168347365267925,2.241050631635371,3.7735925175916263,6.048133691368292,8.287695820058348,9.976061853396962
mango_rmse_random,small,2001-03-31,2002Q3,7,FFR,6.16881826561331,1.74,4.42881826561331,2.078604425642922,3.6528275982686953,6.17909361568746,8.60042447386737,10.425535555637747
mango_rmse_random,small,2001-03-31,2002Q4,8,FFR,6.284296806232109,1.4433333333333334,4.840963472898776,1.9480809400557908,3.5638543432383654,6.302052550243827,8.893135989303678,10.622590914372955
mango_rmse_random,small,2001-03-31,2001Q1,1,GDP,915.3265540934188,948.9429455219695,-33.61639142855063,914.0027244189079,914.5289497961712,915.2993711331158,916.1567948971334,916.7842912918194
mango_rmse_random,small,2001-03-31,2001Q2,2,GDP,916.0725203755587,949.5624120747524,-33.48989169919366,913.9360817971001,914.773824520946,916.0505569267928,917.4067886067613,918.3623987811741
mango_rmse_random,small,2001-03-31,2001Q3,3,GDP,917.0350235346679,949.1612595166631,-32.12623598199525,914.1522016094199,915.3160780650893,917.015847719375,918.791734417419,919.8190781819534
mango_rmse_random,small,2001-03-31,2001Q4,4,GDP,918.0199867375152,949.4381900682963,-31.418203330781125,914.6046321021538,915.9855276234958,917.9992040848256,920.0952359351289,921.5387907174995
mango_rmse_random,small,2001-03-31,2002Q1,5,GDP,918.9832399689293,950.2630063031164,-31.279766334187116,914.9944382080347,916.5001820541953,918.9642477891957,921.4191152334504,923.083771452962
mango_rmse_random,small,2001-03-31,2002Q2,6,GDP,919.957208018497,950.8766222794621,-30.91941426096514,915.3678399130513,917.1590557096588,919.9917388250178,922.6780704667024,924.6111433808678
mango_rmse_random,small,2001-03-31,2002Q3,7,GDP,920.947691364522,951.2793389900701,-30.331647625548044,915.7625012987934,917.7571943695551,921.0642957594591,923.9279692767451,926.176241191373
mango_rmse_random,small,2001-03-31,2002Q4,8,GDP,921.8798653511939,951.4099094767561,-29.5300441255622,916.0802290387169,918.4696567348814,921.9777140838336,925.1863802221064,927.3948182138292
mango_rmse_random,small,2001-06-30,2001Q2,1,DEFL,469.30835547748046,437.8056263169986,31.502729160481863,468.8408562296174,469.0153685570105,469.3054500829114,469.5988884716925,469.78265354005697
mango_rmse_random,small,2001-06-30,2001Q3,2,DEFL,469.88394053867506,438.197663342384,31.686277196291087,469.0446672952039,469.39296079147425,469.8837688856943,470.3789229829474,470.7277024775694
mango_rmse_random,small,2001-06-30,2001Q4,3,DEFL,470.4477519008242,438.50844547731197,31.93930642351222,469.2087210069567,469.692017838898,470.4591152201008,471.1824253205053,471.713874144079
mango_rmse_random,small,2001-06-30,2002Q1,4,DEFL,471.0183394727565,438.83068726310324,32.187652209653265,469.26579218351054,469.988600763706,471.0319318884231,472.05510208647223,472.70095464440067
mango_rmse_random,small,2001-06-30,2002Q2,5,DEFL,471.5894474096144,439.17665473510937,32.412792674505056,469.30166026908563,470.2025757948431,471.6124820865281,472.9385266500227,473.75361252535936
mango_rmse_random,small,2001-06-30,2002Q3,6,DEFL,472.1839877134665,439.65703601147226,32.52695170199422,469.35848415494627,470.4741272707052,472.1916753911218,473.90543320671827,474.9257507055556
mango_rmse_random,small,2001-06-30,2002Q4,7,DEFL,472.7797811632955,440.229483984637,32.550297178658525,469.25670059573554,470.62972138679413,472.77877183037,474.9176560418916,476.148430499933
mango_rmse_random,small,2001-06-30,2003Q1,8,DEFL,473.38286480495094,440.72678772271144,32.656077082239506,469.222814754233,470.8254865492974,473.3389906256896,475.88237254564297,477.4033561900808
mango_rmse_random,small,2001-06-30,2001Q2,1,FFR,5.416835117803396,4.326666666666667,1.090168451136729,4.023635249103542,4.538881022133706,5.419641445061382,6.288875686011339,6.838078954869049
mango_rmse_random,small,2001-06-30,2001Q3,2,FFR,5.652550842992542,3.4966666666666666,2.1558841763258756,3.4750074752967928,4.307728956184054,5.639549999694742,7.001077940320705,7.856670590284247
mango_rmse_random,small,2001-06-30,2001Q4,3,FFR,5.658134704406593,2.1333333333333333,3.5248013710732597,3.021730951902105,3.9934761314539178,5.602961906010757,7.348388040999748,8.426773380793767
mango_rmse_random,small,2001-06-30,2002Q1,4,FFR,5.54788530057264,1.7333333333333334,3.8145519672393062,2.509083694210997,3.6890883746118828,5.482615297851442,7.487793064074379,8.7193368541083
mango_rmse_random,small,2001-06-30,2002Q2,5,FFR,5.634917834231387,1.75,3.884917834231387,2.184952957812366,3.599723102239193,5.553698404531305,7.753377943131391,9.199528770350295
mango_rmse_random,small,2001-06-30,2002Q3,6,FFR,5.756670981172821,1.74,4.016670981172821,1.953075815826897,3.4678951695981617,5.809762756293774,7.998808160527618,9.562977887004784
mango_rmse_random,small,2001-06-30,2002Q4,7,FFR,5.7732089914347355,1.4433333333333334,4.329875658101402,1.6451297977404167,3.4017149307347068,5.7910548968643045,8.145358203371787,9.844332778469282
mango_rmse_random,small,2001-06-30,2003Q1,8,FFR,5.8006312204834245,1.25,4.5506312204834245,1.4306128049809248,3.3306672611206767,5.833607662153296,8.342603880818974,10.138782570652111
mango_rmse_random,small,2001-06-30,2001Q2,1,GDP,915.7767578333769,949.5624120747524,-33.78565424137548,914.4885790955459,914.9588891094161,915.7398131465927,916.5780494078041,917.1902442366727
mango_rmse_random,small,2001-06-30,2001Q3,2,GDP,916.8572192032267,949.1612595166631,-32.30404031343642,914.684622690839,915.5495165472296,916.8462787741626,918.1787135512219,918.9994732231756
mango_rmse_random,small,2001-06-30,2001Q4,3,GDP,917.7928062337078,949.4381900682963,-31.64538383458853,915.0587814438637,916.0991328286653,917.7980707912195,919.4818731664394,920.4739668743032
mango_rmse_random,small,2001-06-30,2002Q1,4,GDP,918.7564875433224,950.2630063031164,-31.506518759794062,915.4452167593287,916.7509239120278,918.7738488367469,920.7232827989873,922.0251525917312
mango_rmse_random,small,2001-06-30,2002Q2,5,GDP,919.6963196645974,950.8766222794621,-31.180302614864786,915.9092107464313,917.3691390677533,919.7295266008941,921.969488660036,923.5734758789065
mango_rmse_random,small,2001-06-30,2002Q3,6,GDP,920.6408321870142,951.2793389900701,-30.63850680305586,916.3264428664112,917.9996951377794,920.6406206764503,923.1642204132268,924.8344588834013
mango_rmse_random,small,2001-06-30,2002Q4,7,GDP,921.5772634868589,951.4099094767561,-29.832645989897173,916.7169537848215,918.6032320793728,921.5932298357054,924.415413502436,926.483043010358
mango_rmse_random,small,2001-06-30,2003Q1,8,GDP,922.4583817132462,951.9253022305498,-29.466920517303606,917.1656888290637,919.2728424195176,922.4976621653452,925.5099351178319,927.7054826262797
mango_rmse_random,small,2001-09-30,2001Q3,1,DEFL,469.9249482125393,438.197663342384,31.7272848701553,469.4144610560698,469.5993942293479,469.927617756971,470.23452044416774,470.4333620926837
mango_rmse_random,small,2001-09-30,2001Q4,2,DEFL,470.5666389258742,438.50844547731197,32.058193448562236,469.69871350096065,470.03878897175724,470.5669542553792,471.09540241475077,471.4413897843822
mango_rmse_random,small,2001-09-30,2002Q1,3,DEFL,471.2190615794531,438.83068726310324,32.38837431634988,469.9318742842885,470.45692366692464,471.22712891025475,472.0057181214881,472.47974626012785
mango_rmse_random,small,2001-09-30,2002Q2,4,DEFL,471.90007672398787,439.17665473510937,32.7234219888785,470.17671092223304,470.8555021172995,471.9099612364921,472.94219930576145,473.59781591853414
mango_rmse_random,small,2001-09-30,2002Q3,5,DEFL,472.6404868676376,439.65703601147226,32.98345085616535,470.4267356612003,471.2756564542442,472.67656585928415,473.97529832238416,474.79562596511255
mango_rmse_random,small,2001-09-30,2002Q4,6,DEFL,473.430446708421,440.229483984637,33.200962723784016,470.6528508895791,471.715558711898,473.4737374230267,475.1158519238665,476.1132916464973
mango_rmse_random,small,2001-09-30,2003Q1,7,DEFL,474.26791165052475,440.72678772271144,33.54112392781332,470.93503538721194,472.2819387182302,474.2980992036946,476.2687787891205,477.4449111396506
mango_rmse_random,small,2001-09-30,2003Q2,8,DEFL,475.15000552384475,441.0711268533791,34.078878670465656,471.29963188974347,472.8345853367417,475.1701118100012,477.536693837274,478.8012809672578
mango_rmse_random,small,2001-09-30,2001Q3,1,FFR,4.198762631783566,3.4966666666666666,0.7020959651168996,2.6937155334141387,3.2842217054685965,4.2017691827396115,5.119975010643045,5.772036187670805
mango_rmse_random,small,2001-09-30,2001Q4,2,FFR,4.306420679439845,2.1333333333333333,2.1730873461065117,2.071648891980121,2.890721851727256,4.279790457321782,5.69635754642578,6.6504439412483505
mango_rmse_random,small,2001-09-30,2002Q1,3,FFR,4.469704629277384,1.7333333333333334,2.7363712959440507,1.705018211693358,2.753366128306325,4.4118444960514545,6.125287205148374,7.359272560098267
mango_rmse_random,small,2001-09-30,2002Q2,4,FFR,4.729101946831549,1.75,2.979101946831549,1.504041208349051,2.811315961961652,4.725882978964476,6.668230558074749,7.888792804669872
mango_rmse_random,small,2001-09-30,2002Q3,5,FFR,5.063435212840122,1.74,3.3234352128401214,1.4819346135037919,2.972137601801238,5.035331207027632,7.198297624563921,8.629820178029943
mango_rmse_random,small,2001-09-30,2002Q4,6,FFR,5.330932207730583,1.4433333333333334,3.8875988743972494,1.4841614772561176,3.001484694776139,5.3442894881328575,7.551301494923599,9.167387662775516
mango_rmse_random,small,2001-09-30,2003Q1,7,FFR,5.540328329303217,1.25,4.290328329303217,1.4425753270205437,3.028867408925527,5.590240621088277,7.926613007610717,9.561989015276433
mango_rmse_random,small,2001-09-30,2003Q2,8,FFR,5.760625833588978,1.2466666666666668,4.513959166922311,1.4041280932055402,3.197447620797738,5.859912566373572,8.364518597281519,9.867802670736381
mango_rmse_random,small,2001-09-30,2001Q3,1,GDP,915.1743372970792,949.1612595166631,-33.9869222195839,913.7665066476741,914.3282460918855,915.1525814711432,916.0301280781147,916.6737245035887
mango_rmse_random,small,2001-09-30,2001Q4,2,GDP,916.3872957086633,949.4381900682963,-33.05089435963305,914.1532357008888,915.0343673634436,916.3821478419812,917.736835823918,918.5603291166358
mango_rmse_random,small,2001-09-30,2002Q1,3,GDP,917.6067963049635,950.2630063031164,-32.65620999815292,914.8428027483319,915.8229609945932,917.6199414126304,919.3198172663481,920.348466826176
mango_rmse_random,small,2001-09-30,2002Q2,4,GDP,918.7826582232144,950.8766222794621,-32.09396405624773,915.3094156791259,916.6467082107102,918.7623926912897,920.9154044524656,922.2173847306302
mango_rmse_random,small,2001-09-30,2002Q3,5,GDP,919.8442219096639,951.2793389900701,-31.435117080406144,915.8068747974243,917.4271849101119,919.7992774579661,922.2660711367135,924.0046193382584
mango_rmse_random,small,2001-09-30,2002Q4,6,GDP,920.8412081762315,951.4099094767561,-30.568701300524594,916.2040422125992,918.100421236639,920.8872571965885,923.5629372685477,925.3505975090912
mango_rmse_random,small,2001-09-30,2003Q1,7,GDP,921.8074126796251,951.9253022305498,-30.1178895509247,916.65547455599,918.6520590005907,921.7827868973047,924.8679322013872,926.8504201227896
mango_rmse_random,small,2001-09-30,2003Q2,8,GDP,922.6929293178166,952.8147130216528,-30.121783703836172,917.297547554942,919.3742782444098,922.6551321610634,925.9589216058733,928.21447127075
mango_rmse_random,small,2001-12-31,2001Q4,1,DEFL,470.4045822426629,438.50844547731197,31.896136765350946,469.9490246909632,470.11985095428105,470.415202858395,470.68481884749605,470.85801410459635
mango_rmse_random,small,2001-12-31,2002Q1,2,DEFL,471.0328014046409,438.83068726310324,32.20211414153766,470.20781218456494,470.5309229027155,471.04026902782937,471.5253804118936,471.84227441753654
mango_rmse_random,small,2001-12-31,2002Q2,3,DEFL,471.569056027991,439.17665473510937,32.39240129288163,470.3207452335005,470.8151402340583,471.60356986768085,472.27147064014775,472.7781543601074
mango_rmse_random,small,2001-12-31,2002Q3,4,DEFL,472.1383635599493,439.65703601147226,32.481327548477054,470.4065723994759,471.12991850107716,472.15994167559603,473.09380165884244,473.7479882938644
mango_rmse_random,small,2001-12-31,2002Q4,5,DEFL,472.7951779598915,440.229483984637,32.565693975254476,470.5768012896158,471.4569560109102,472.8457865310313,474.0616607809891,474.85143343250326
mango_rmse_random,small,2001-12-31,2003Q1,6,DEFL,473.5389885282169,440.72678772271144,32.81220080550548,470.654931873302,471.84591813195925,473.64922174516016,475.1057072011251,476.1761339395456
mango_rmse_random,small,2001-12-31,2003Q2,7,DEFL,474.3231389535086,441.0711268533791,33.25201210012949,470.8186118632654,472.2702971490171,474.44710761090084,476.28297143550697,477.565175436542
mango_rmse_random,small,2001-12-31,2003Q3,8,DEFL,475.1743272250301,441.6379751045544,33.53635212047567,471.043746503599,472.6927047488786,475.34033775455714,477.5070376334244,479.04441811687224
mango_rmse_random,small,2001-12-31,2001Q4,1,FFR,3.1931178084933327,2.1333333333333333,1.0597844751599994,1.781378443990634,2.3333071557991447,3.186685592486135,4.033540191434611,4.648573184516635
mango_rmse_random,small,2001-12-31,2002Q1,2,FFR,2.9504790822872233,1.7333333333333334,1.21714574895389,0.6893021184131386,1.5201914137344372,2.9520379201184426,4.375968013169643,5.2912913836438085
mango_rmse_random,small,2001-12-31,2002Q2,3,FFR,3.0957031682921383,1.75,1.3457031682921383,0.18230923319304618,1.4106545286985153,3.0635896539184664,4.811547602646582,6.008464739603012
mango_rmse_random,small,2001-12-31,2002Q3,4,FFR,3.54944139432333,1.74,1.8094413943233298,0.0966623540008379,1.555218931195708,3.5220868198021873,5.537262190124672,6.857440134203279
mango_rmse_random,small,2001-12-31,2002Q4,5,FFR,3.9203445662680227,1.4433333333333334,2.4770112329346894,0.15502341750262605,1.6863410062359545,3.93344049437406,6.168498414578555,7.598063671272037
mango_rmse_random,small,2001-12-31,2003Q1,6,FFR,4.163608334694982,1.25,2.913608334694982,0.04551286655558152,1.7738581272472576,4.168725357886864,6.680605515828392,8.283924149405573
mango_rmse_random,small,2001-12-31,2003Q2,7,FFR,4.466240635535755,1.2466666666666668,3.2195739688690876,-0.0764883328545368,1.8408571253294401,4.499203223057579,7.2106347880487425,8.761865798266685
mango_rmse_random,small,2001-12-31,2003Q3,8,FFR,4.825979634418273,1.0166666666666666,3.809312967751606,-0.24814710603151127,1.9090516413282077,4.909917181089817,7.7428713689316115,9.398466933358929
mango_rmse_random,small,2001-12-31,2001Q4,1,GDP,914.7485535469106,949.4381900682963,-34.68963652138575,913.433949237175,913.9536073208029,914.7141230646795,915.585260573146,916.2102718891683
mango_rmse_random,small,2001-12-31,2002Q1,2,GDP,915.9751932153873,950.2630063031164,-34.28781308772909,913.7274156172434,914.6424187478939,915.9661279667772,917.2939959771292,918.2257941252692
mango_rmse_random,small,2001-12-31,2002Q2,3,GDP,917.300894296807,950.8766222794621,-33.57572798265517,914.427924843833,915.5536911221641,917.308921091307,919.0914182867765,920.0927037628286
mango_rmse_random,small,2001-12-31,2002Q3,4,GDP,918.6484342368299,951.2793389900701,-32.6309047532402,915.0834209647713,916.5592359186016,918.6228852702081,920.7696438552505,922.1557003118369
mango_rmse_random,small,2001-12-31,2002Q4,5,GDP,919.7601148655996,951.4099094767561,-31.649794611156494,915.5246268663179,917.329741262815,919.7732544592707,922.1834515598892,923.9280324952407
mango_rmse_random,small,2001-12-31,2003Q1,6,GDP,920.7797455864239,951.9253022305498,-31.145556644125918,915.9161497652825,918.0921579658259,920.7834683537956,923.5707766841514,925.4397957514177
mango_rmse_random,small,2001-12-31,2003Q2,7,GDP,921.7434566632194,952.8147130216528,-31.071256358433402,916.4920864111153,918.587536808143,921.7690689152453,924.8928693885672,926.9992834530788
mango_rmse_random,small,2001-12-31,2003Q3,8,GDP,922.5792921187035,954.4678690555788,-31.888576936875324,916.8608079795324,919.0487619864963,922.5257764755019,926.0429834535147,928.4420864321111
mango_rmse_random,small,2002-03-31,2002Q1,1,DEFL,470.13886979219967,438.83068726310324,31.308182529096428,469.6706846927478,469.84685689695783,470.1467193466036,470.40916812854,470.5944745172518
mango_rmse_random,small,2002-03-31,2002Q2,2,DEFL,470.3671616383362,439.17665473510937,31.190506903226833,469.51810879666675,469.8515232817773,470.38202747766,470.8625033656303,471.18775610416424
mango_rmse_random,small,2002-03-31,2002Q3,3,DEFL,470.6463106894223,439.65703601147226,30.98927467795005,469.3762313054492,469.88002730806005,470.65121658027607,471.40514763997743,471.87204377208315
mango_rmse_random,small,2002-03-31,2002Q4,4,DEFL,470.85974032306285,440.229483984637,30.630256338425852,469.1124778367348,469.82158091777865,470.88289153650544,471.87107957492566,472.55654633445675
mango_rmse_random,small,2002-03-31,2003Q1,5,DEFL,471.2185451340857,440.72678772271144,30.491757411374238,468.9611711305367,469.82369252788135,471.251276363201,472.5662916879204,473.38543225661766
mango_rmse_random,small,2002-03-31,2003Q2,6,DEFL,471.6439776953365,441.0711268533791,30.572850841957404,468.8173015329928,469.89776380755137,471.6800420091754,473.32256749191083,474.34025448305107
mango_rmse_random,small,2002-03-31,2003Q3,7,DEFL,472.1672604671531,441.6379751045544,30.52928536259867,468.7429989959185,470.12056123734396,472.2542448269164,474.21137172833863,475.5106620819444
mango_rmse_random,small,2002-03-31,2003Q4,8,DEFL,472.74294958291847,442.25205753903714,30.49089204388133,468.610244817973,470.2782781079315,472.8370158862022,475.1955052160256,476.7516840193245
mango_rmse_random,small,2002-03-31,2002Q1,1,FFR,1.3592490326912394,1.7333333333333334,-0.37408430064209397,-0.06114448033487178,0.4976296540795172,1.3436363461548457,2.2055650607704633,2.783023893245491
mango_rmse_random,small,2002-03-31,2002Q2,2,FFR,1.143501753152403,1.75,-0.606498246847597,-1.1632111555055464,-0.2841996417805413,1.1471242356402276,2.531107329208064,3.4880245798199736
mango_rmse_random,small,2002-03-31,2002Q3,3,FFR,1.4154329605915543,1.74,-0.32456703940844567,-1.4771858180476765,-0.3453121004447675,1.3807724643422805,3.163154301951761,4.390442393250143
mango_rmse_random,small,2002-03-31,2002Q4,4,FFR,1.8581312121203888,1.4433333333333334,0.41479787878705543,-1.5649332566646514,-0.20535974648519573,1.8459005742416232,3.925140013574188,5.182232520464333
mango_rmse_random,small,2002-03-31,2003Q1,5,FFR,2.2376616235995708,1.25,0.9876616235995708,-1.6965645466694041,-0.10951236575661957,2.1886679565350664,4.641007091246576,6.130112976913212
mango_rmse_random,small,2002-03-31,2003Q2,6,FFR,2.556050423286998,1.2466666666666668,1.309383756620331,-1.8575081467230756,-0.04584844023543523,2.542343747776485,5.140682763226163,6.704705441264614
mango_rmse_random,small,2002-03-31,2003Q3,7,FFR,2.8924795413908906,1.0166666666666666,1.875812874724224,-1.9043357587753558,0.08339249083558571,2.938035615476385,5.7463969259855165,7.513754441936943
mango_rmse_random,small,2002-03-31,2003Q4,8,FFR,3.235766835575075,0.9966666666666667,2.2391001689084082,-1.918441478137036,0.1217169256255462,3.315632772682301,6.318510914074509,8.22275512074934
mango_rmse_random,small,2002-03-31,2002Q1,1,GDP,915.1666723124031,950.2630063031164,-35.09633399071333,913.7674487314804,914.3115507307897,915.1450814219729,916.0085994583893,916.6169500902238
mango_rmse_random,small,2002-03-31,2002Q2,2,GDP,916.6465523124489,950.8766222794621,-34.230069967013264,914.4168199974295,915.2587555116003,916.6392289122014,918.0191267227393,918.93044920493
mango_rmse_random,small,2002-03-31,2002Q3,3,GDP,918.2326327305861,951.2793389900701,-33.046706259483926,915.2761401896198,916.4810564587309,918.2384606787925,920.0301058337817,921.1513022979794
mango_rmse_random,small,2002-03-31,2002Q4,4,GDP,919.803069113772,951.4099094767561,-31.60684036298403,916.1629635174853,917.6983137883334,919.8000768078715,921.9323626012161,923.3399196118355
mango_rmse_random,small,2002-03-31,2003Q1,5,GDP,921.1215864147157,951.9253022305498,-30.803715815834153,916.9248482424337,918.5642671447099,921.1323921319283,923.6085615426023,925.3624694398485
mango_rmse_random,small,2002-03-31,2003Q2,6,GDP,922.2516366318252,952.8147130216528,-30.56307638982753,917.3709109167088,919.3462999834529,922.2562267544138,925.0447220650491,927.0027046626344
mango_rmse_random,small,2002-03-31,2003Q3,7,GDP,923.3002735362802,954.4678690555788,-31.16759551929863,917.9585565874063,920.0547997670186,923.3568233560268,926.5450008486501,928.64243212743
mango_rmse_random,small,2002-03-31,2003Q4,8,GDP,924.2160524337334,955.6153064688727,-31.399254035139393,918.396713975133,920.6398303107806,924.2370225294767,927.7092355341834,929.9036295122913
mango_rmse_random,small,2002-06-30,2002Q2,1,DEFL,470.4439293668254,439.17665473510937,31.26727463171602,469.97807838745797,470.15848946659725,470.44548183887207,470.7272989903103,470.92430469927774
mango_rmse_random,small,2002-06-30,2002Q3,2,DEFL,470.7662709279121,439.65703601147226,31.109234916439846,469.95775153029297,470.2718030012376,470.75501454313553,471.27210045255947,471.5963317279883
mango_rmse_random,small,2002-06-30,2002Q4,3,DEFL,471.035267201228,440.229483984637,30.80578321659101,469.78941324776537,470.2992914104964,471.0389114418117,471.7580024072402,472.2666589437222
mango_rmse_random,small,2002-06-30,2003Q1,4,DEFL,471.484077738741,440.72678772271144,30.75729001602957,469.82503156527633,470.44832648682666,471.50945547878257,472.4867114549625,473.1443041505757
mango_rmse_random,small,2002-06-30,2003Q2,5,DEFL,472.0046160202506,441.0711268533791,30.93348916687148,469.80479608375566,470.67569590916366,472.01757858131225,473.3067227026432,474.17638909674537
mango_rmse_random,small,2002-06-30,2003Q3,6,DEFL,472.6160051801851,441.6379751045544,30.97803007563067,469.80964404425447,470.935097847829,472.59822182006815,474.32318781301694,475.2961318712684
mango_rmse_random,small,2002-06-30,2003Q4,7,DEFL,473.26816342246167,442.25205753903714,31.01610588342453,469.8036484832617,471.20079442338067,473.2743197964073,475.35812506926885,476.5993595529152
mango_rmse_random,small,2002-06-30,2004Q1,8,DEFL,473.9977732809985,442.95660169416607,31.041171586832434,470.0173699892254,471.6027173374634,474.0090093288937,476.4699687068081,477.99460742828614
mango_rmse_random,small,2002-06-30,2002Q2,1,FFR,1.8265342186588458,1.75,0.0765342186588458,0.35795913860614187,0.9364850161171664,1.8337428152789919,2.706829634061142,3.2973844929006373
mango_rmse_random,small,2002-06-30,2002Q3,2,FFR,2.2393123071855814,1.74,0.4993123071855814,-0.06064442040604821,0.8163227649226894,2.220488990071995,3.7037920027472584,4.641063692253332
mango_rmse_random,small,2002-06-30,2002Q4,3,FFR,2.7162342633588743,1.4433333333333334,1.272900930025541,-0.23516913421887936,0.9739066745022931,2.7245088683561054,4.455605066950183,5.590409547314992
mango_rmse_random,small,2002-06-30,2003Q1,4,FFR,3.0981006439461583,1.25,1.8481006439461583,-0.3172031756655695,1.0532947519403237,3.1209220062410346,5.132621868277939,6.376831573862727
mango_rmse_random,small,2002-06-30,2003Q2,5,FFR,3.4472219698888322,1.2466666666666668,2.200555303222165,-0.24214720785696817,1.2269767794812536,3.393574204634951,5.709822689744787,7.316288070931734
mango_rmse_random,small,2002-06-30,2003Q3,6,FFR,3.7823803579822726,1.0166666666666666,2.765713691315606,-0.3092698058702532,1.355951220589164,3.7656987468399645,6.226311476673779,7.984446680150907
mango_rmse_random,small,2002-06-30,2003Q4,7,FFR,4.046558487826167,0.9966666666666667,3.0498918211595005,-0.511818482816634,1.4246896584236446,4.031509792071965,6.6765232713438225,8.459001941723734
mango_rmse_random,small,2002-06-30,2004Q1,8,FFR,4.270803274110281,1.0033333333333332,3.267469940776948,-0.47117976008737994,1.4379420034544248,4.27356547304218,7.1051335167573,8.978397510879008
mango_rmse_random,small,2002-06-30,2002Q2,1,GDP,917.4352061336214,950.8766222794621,-33.441416145840776,916.0991457243205,916.6306169057908,917.4251048229762,918.2570162141627,918.8596946303212
mango_rmse_random,small,2002-06-30,2002Q3,2,GDP,919.0657566221905,951.2793389900701,-32.21358236787955,916.8543549488867,917.7323770596962,919.0620298714241,920.4486859721169,921.2876617777595
mango_rmse_random,small,2002-06-30,2002Q4,3,GDP,920.6030072332284,951.4099094767561,-30.806902243527702,917.7209754752178,918.8313641704059,920.5727904473428,922.3551890403197,923.4530289320993
mango_rmse_random,small,2002-06-30,2003Q1,4,GDP,921.851196079188,951.9253022305498,-30.07410615136189,918.3058279934957,919.6877497361131,921.8726334255862,923.8973153945357,925.5098946711602
mango_rmse_random,small,2002-06-30,2003Q2,5,GDP,922.8961656814216,952.8147130216528,-29.918547340231157,918.7454133288288,920.3929605006213,922.9344003935661,925.4183745807061,927.0054588739818
mango_rmse_random,small,2002-06-30,2003Q3,6,GDP,923.8749411892308,954.4678690555788,-30.592927866348077,919.1284204790642,920.9975802873151,923.9132933572885,926.6544279987154,928.5392867104956
mango_rmse_random,small,2002-06-30,2003Q4,7,GDP,924.7809998762643,955.6153064688727,-30.834306592608414,919.5801163717788,921.5895239549501,924.8370967699908,927.9535556850868,929.9791958064709
mango_rmse_random,small,2002-06-30,2004Q1,8,GDP,925.603818173776,956.1865880299732,-30.582769856197274,919.8545831845191,922.1684954227989,925.5876102880784,929.1369470025738,931.353126416969
mango_rmse_random,small,2002-09-30,2002Q3,1,DEFL,470.7799256698836,439.65703601147226,31.12288965841134,470.31628307628523,470.4871833532242,470.78208376434895,471.0597501184673,471.25268936068517
mango_rmse_random,small,2002-09-30,2002Q4,2,DEFL,470.98727475482553,440.229483984637,30.757790770188535,470.18606316439406,470.4718020448599,470.97900715769805,471.51385045758735,471.8090464915207
mango_rmse_random,small,2002-09-30,2003Q1,3,DEFL,471.3024603878858,440.72678772271144,30.575672665174352,470.0753171421376,470.5393148679847,471.3243457515207,472.0731787195328,472.5059122517737
mango_rmse_random,small,2002-09-30,2003Q2,4,DEFL,471.62438074935665,441.0711268533791,30.553253895977548,469.9540954733235,470.58545712362337,471.63486550790947,472.6424219939154,473.3078540459736
mango_rmse_random,small,2002-09-30,2003Q3,5,DEFL,472.0337236008381,441.6379751045544,30.39574849628366,469.7826556127239,470.6632570324924,472.08031115869954,473.3441474658836,474.2479821063611
mango_rmse_random,small,2002-09-30,2003Q4,6,DEFL,472.45623978170255,442.25205753903714,30.20418224266541,469.56997900688333,470.7083703187913,472.4877903060171,474.11999375065756,475.24366445873324
mango_rmse_random,small,2002-09-30,2004Q1,7,DEFL,472.9214430335829,442.95660169416607,29.964841339416807,469.4260660262398,470.74646634020564,472.9851129185621,474.99484564307386,476.29186196366487
mango_rmse_random,small,2002-09-30,2004Q2,8,DEFL,473.4078751772636,443.75677692001574,29.65109825724784,469.2775572494838,470.8395438442997,473.47614076377204,475.8459838648561,477.4155701176755
mango_rmse_random,small,2002-09-30,2002Q3,1,FFR,1.8633806625920957,1.74,0.12338066259209568,0.4426907914006462,1.014883037804279,1.8589038398415585,2.6899142905713442,3.323890843338385
mango_rmse_random,small,2002-09-30,2002Q4,2,FFR,2.036007386928579,1.4433333333333334,0.5926740535952457,-0.28560586675001143,0.6899674587056026,2.0255773722761496,3.376614339465477,4.333428123485483
mango_rmse_random,small,2002-09-30,2003Q1,3,FFR,2.304164322438498,1.25,1.0541643224384978,-0.462675602618054,0.6655448929087995,2.266139111010956,3.9889897880116574,5.192308582428537
mango_rmse_random,small,2002-09-30,2003Q2,4,FFR,2.6157795296267325,1.2466666666666668,1.3691128629600657,-0.6984835515368573,0.6216468288719003,2.6251849857784886,4.571756206091191,5.911677842366618
mango_rmse_random,small,2002-09-30,2003Q3,5,FFR,2.9100166735198294,1.0166666666666666,1.8933500068531628,-0.763629896454214,0.5841464251512635,2.8880248306470877,5.156312269886377,6.795521065495225
mango_rmse_random,small,2002-09-30,2003Q4,6,FFR,3.1410014933892993,0.9966666666666667,2.1443348267226328,-1.0896278167970308,0.6181969661444622,3.1150053409987235,5.633046593680835,7.290529526580153
mango_rmse_random,small,2002-09-30,2004Q1,7,FFR,3.3217861830569397,1.0033333333333332,2.3184528497236068,-1.2246169081411151,0.5495676504490762,3.3820772980390963,6.069291506913073,7.873465959447301
mango_rmse_random,small,2002-09-30,2004Q2,8,FFR,3.490103157981021,1.01,2.480103157981021,-1.3765079870141284,0.5483891317319198,3.524124314261981,6.405973639924011,8.266336712440527
mango_rmse_random,small,2002-09-30,2002Q3,1,GDP,916.0768747271276,951.2793389900701,-35.2024642629425,914.7307913927266,915.2434970765929,916.0379566139928,916.9388373339033,917.5329900302718
mango_rmse_random,small,2002-09-30,2002Q4,2,GDP,917.3285609707962,951.4099094767561,-34.08134850595991,915.1573842848287,916.0064724504474,917.3150817675162,918.6677262490584,919.6432600316328
mango_rmse_random,small,2002-09-30,2003Q1,3,GDP,918.4299105473958,951.9253022305498,-33.495391683154025,915.5159761836954,916.682682162505,918.376380434136,920.1842327514647,921.4065874711061
mango_rmse_random,small,2002-09-30,2003Q2,4,GDP,919.432425852123,952.8147130216528,-33.38228716952983,915.9753334257628,917.3210953113212,919.3831356658598,921.6104941629293,923.001005804867
mango_rmse_random,small,2002-09-30,2003Q3,5,GDP,920.3835431328664,954.4678690555788,-34.084325922712424,916.3359621886059,917.8931297079714,920.3513659739858,922.8080716467623,924.5495695131544
mango_rmse_random,small,2002-09-30,2003Q4,6,GDP,921.2471553314122,955.6153064688727,-34.368151137460586,916.6341305153777,918.3957251389311,921.2328894299249,924.0579214349008,925.9868664716989
mango_rmse_random,small,2002-09-30,2004Q1,7,GDP,922.0780645386486,956.1865880299732,-34.108523491324604,916.7049817586607,918.8814721751285,922.0672329970671,925.3687859535969,927.4891580191538
mango_rmse_random,small,2002-09-30,2004Q2,8,GDP,922.8259004838925,956.9623102681346,-34.13640978424212,916.8902712908689,919.4806209885496,922.7944225335101,926.3618028134875,928.5331382164111
mango_rmse_random,small,2002-12-31,2002Q4,1,DEFL,471.00587880917254,440.229483984637,30.776394824535544,470.5473716042358,470.71604048596157,471.0049753904782,471.288285450005,471.47800471304043
mango_rmse_random,small,2002-12-31,2003Q1,2,DEFL,471.36264146925015,440.72678772271144,30.635853746538714,470.5273545489235,470.875580933277,471.3733591851184,471.84601386673916,472.1737669403447
mango_rmse_random,small,2002-12-31,2003Q2,3,DEFL,471.7334638846697,441.0711268533791,30.662337031290576,470.5088973788032,470.98787025914964,471.73013154778846,472.45224816778557,472.9145926787795
mango_rmse_random,small,2002-12-31,2003Q3,4,DEFL,472.1693613828083,441.6379751045544,30.531386278253876,470.47933516594003,471.1572205562323,472.16595131396343,473.1555478343495,473.83797551010855
mango_rmse_random,small,2002-12-31,2003Q4,5,DEFL,472.66038342170805,442.25205753903714,30.40832588267091,470.4903930141691,471.299074202572,472.6688874117519,473.95531109660254,474.8123937290023
mango_rmse_random,small,2002-12-31,2004Q1,6,DEFL,473.20681768899163,442.95660169416607,30.250215994825567,470.4762480998536,471.5092179513185,473.24735928784577,474.8640602541492,475.8482861855502
mango_rmse_random,small,2002-12-31,2004Q2,7,DEFL,473.79932029093874,443.75677692001574,30.042543370923,470.4421206114502,471.74630687607055,473.82499895676557,475.85855903102345,477.0049003624239
mango_rmse_random,small,2002-12-31,2004Q3,8,DEFL,474.44485242352636,444.39680362140643,30.048048802119922,470.4475542861206,472.07384984855594,474.45512465359434,476.83880105886595,478.2687886748235
mango_rmse_random,small,2002-12-31,2002Q4,1,FFR,1.780693051662469,1.4433333333333334,0.3373597183291357,0.375938551891833,0.9261161986551159,1.7638264036888243,2.650008686417276,3.223629055759786
mango_rmse_random,small,2002-12-31,2003Q1,2,FFR,1.9649809788995019,1.25,0.7149809788995019,-0.2744227245857896,0.6249257348227986,1.926201663282971,3.339276588700049,4.247514970759291
mango_rmse_random,small,2002-12-31,2003Q2,3,FFR,2.2797086388571732,1.2466666666666668,1.0330419721905064,-0.33612663064898685,0.6441163453723435,2.230964655609135,3.9199602202020407,5.085633560533919
mango_rmse_random,small,2002-12-31,2003Q3,4,FFR,2.5723895290073946,1.0166666666666666,1.555722862340728,-0.5728571727251076,0.5930630067409318,2.5884658896016024,4.487439164894298,5.756647784698263
mango_rmse_random,small,2002-12-31,2003Q4,5,FFR,2.836608032167149,0.9966666666666667,1.8399413655004824,-0.7080110184643308,0.6334522798350808,2.8414294276983814,4.988700212489407,6.3960013868026495
mango_rmse_random,small,2002-12-31,2004Q1,6,FFR,3.0842863368342353,1.0033333333333332,2.080953003500902,-0.9888476874796889,0.6746159103291803,3.1004789303231908,5.467486142909288,7.052696713700711
mango_rmse_random,small,2002-12-31,2004Q2,7,FFR,3.2916142756238047,1.01,2.281614275623805,-1.147427927404378,0.6620210133036624,3.326861199386454,5.837680891811139,7.582576846684216
mango_rmse_random,small,2002-12-31,2004Q3,8,FFR,3.489409460173759,1.4333333333333333,2.0560761268404253,-1.2718967990072623,0.5909030108640655,3.534880883947223,6.298566738395904,8.107157037642686
mango_rmse_random,small,2002-12-31,2002Q4,1,GDP,916.8848023871192,951.4099094767561,-34.52510708963689,915.5089079544188,916.0674808455433,916.8522387764672,917.7329386868864,918.3096163520554
mango_rmse_random,small,2002-12-31,2003Q1,2,GDP,917.9409053690513,951.9253022305498,-33.98439686149857,915.7298265766353,916.5916965637435,917.9568962253929,919.2712391534977,920.1628008163246
mango_rmse_random,small,2002-12-31,2003Q2,3,GDP,918.9590064594684,952.8147130216528,-33.85570656218442,916.1240475784726,917.2206236618637,918.9512711057539,920.7100993268232,921.8319432353227
mango_rmse_random,small,2002-12-31,2003Q3,4,GDP,919.9534481662661,954.4678690555788,-34.51442088931276,916.390242572947,917.8555733652943,919.9849426467092,922.0699350517737,923.4324501632543
mango_rmse_random,small,2002-12-31,2003Q4,5,GDP,920.8402418788031,955.6153064688727,-34.77506459006963,916.6616256058161,918.3004096864591,920.8422403587019,923.3212374164508,925.0110529885367
mango_rmse_random,small,2002-12-31,2004Q1,6,GDP,921.6938341308719,956.1865880299732,-34.49275389910133,916.7469149689039,918.8462724658348,921.7469865614008,924.5845433533004,926.544418986413
mango_rmse_random,small,2002-12-31,2004Q2,7,GDP,922.5079300044806,956.9623102681346,-34.454380263654,917.0093195953227,919.3205004143186,922.5819883941122,925.8079384263442,927.9804689730781
mango_rmse_random,small,2002-12-31,2004Q3,8,GDP,923.2578877210473,957.8991553628297,-34.641267641782406,917.153860933366,919.6661048372666,923.2985733179964,926.7097297978991,929.2329369698014
mango_rmse_random,small,2003-03-31,2003Q1,1,DEFL,471.5797486920925,440.72678772271144,30.85296096938106,471.1225648751098,471.3034982741413,471.5802514193909,471.85518771171303,472.0324709372893
mango_rmse_random,small,2003-03-31,2003Q2,2,DEFL,472.01928819774514,441.0711268533791,30.948161344366042,471.2273761832571,471.51297640959984,472.0178363809075,472.51581396012733,472.82354933562465
mango_rmse_random,small,2003-03-31,2003Q3,3,DEFL,472.4975002305799,441.6379751045544,30.85952512602546,471.33474259794224,471.7848658811495,472.48943096654466,473.2294812878809,473.69679211562146
mango_rmse_random,small,2003-03-31,2003Q4,4,DEFL,473.0243888158654,442.25205753903714,30.772331276828254,471.38532661810973,472.02909969411655,472.99928417077365,474.01349746287,474.71834781411803
mango_rmse_random,small,2003-03-31,2004Q1,5,DEFL,473.6121217246666,442.95660169416607,30.655520030500554,471.4324330158328,472.2516941052919,473.58781988776275,474.9280965017135,475.82558703321786
mango_rmse_random,small,2003-03-31,2004Q2,6,DEFL,474.25496117860683,443.75677692001574,30.498184258591095,471.5074270771483,472.5415071954784,474.2265978611146,475.91737228049857,477.027731565887
mango_rmse_random,small,2003-03-31,2004Q3,7,DEFL,474.9455193944689,444.39680362140643,30.54871577306244,471.65270124146497,472.821352248963,474.9260854219053,476.9587247828081,478.3283121796116
mango_rmse_random,small,2003-03-31,2004Q4,8,DEFL,475.68918401419177,445.166929500233,30.522254513958785,471.7373841164191,473.1838650191124,475.6709041194255,478.11669378293516,479.72783511218137
mango_rmse_random,small,2003-03-31,2003Q1,1,FFR,1.4754129655410135,1.25,0.22541296554101353,0.07290417214114799,0.6245710336574457,1.4719716434712689,2.3362950058151655,2.893371151063897
mango_rmse_random,small,2003-03-31,2003Q2,2,FFR,1.7844666848638422,1.2466666666666668,0.5378000181971754,-0.4305579976921042,0.37908384758826336,1.7751797167398604,3.1820843340960683,4.053661473108103
mango_rmse_random,small,2003-03-31,2003Q3,3,FFR,2.0851985481280613,1.0166666666666666,1.0685318814613947,-0.744736073077713,0.40392052394243727,2.059011237732381,3.8113893553175293,4.872932622127255
mango_rmse_random,small,2003-03-31,2003Q4,4,FFR,2.3501514772715466,0.9966666666666667,1.35348481060488,-0.9811868277072222,0.35446852811155877,2.3754323307623526,4.398396459381386,5.691795353695188
mango_rmse_random,small,2003-03-31,2004Q1,5,FFR,2.6626314826277033,1.0033333333333332,1.6592981492943701,-1.099021072161158,0.37411624903196905,2.6703639863786344,4.936996758770379,6.634209331824426
mango_rmse_random,small,2003-03-31,2004Q2,6,FFR,2.954761068280127,1.01,1.9447610682801268,-1.4054092295495457,0.42291689244581593,2.993666036000269,5.477665499086497,7.256239564336488
mango_rmse_random,small,2003-03-31,2004Q3,7,FFR,3.18677328255971,1.4333333333333333,1.7534399492263766,-1.5482054617571737,0.40627499810753465,3.2335723223591923,6.0062545900690365,7.635008815883368
mango_rmse_random,small,2003-03-31,2004Q4,8,FFR,3.425936476600811,1.95,1.475936476600811,-1.627231961077398,0.3760825895906606,3.5101162826793404,6.378746924075441,8.17438405071222
mango_rmse_random,small,2003-03-31,2003Q1,1,GDP,916.9949198424497,951.9253022305498,-34.930382388100156,915.6938923711818,916.1955451896464,916.9697570716812,917.8136526179144,918.4418965756878
mango_rmse_random,small,2003-03-31,2003Q2,2,GDP,918.0262869759213,952.8147130216528,-34.78842604573151,915.7999980934851,916.718828531941,918.0130092081895,919.4282014368882,920.194968159102
mango_rmse_random,small,2003-03-31,2003Q3,3,GDP,918.9593687680316,954.4678690555788,-35.508500287547236,916.0790881932363,917.1949363943637,918.9451939839084,920.753811164082,921.8106839498034
mango_rmse_random,small,2003-03-31,2003Q4,4,GDP,919.8634081046312,955.6153064688727,-35.75189836424158,916.2625574210246,917.81383709692,919.8826142689353,921.9726338208902,923.3424358603886
mango_rmse_random,small,2003-03-31,2004Q1,5,GDP,920.709772132165,956.1865880299732,-35.47681589780825,916.4459975125623,918.3209368598724,920.7229622086525,923.185087718375,924.9077886593708
mango_rmse_random,small,2003-03-31,2004Q2,6,GDP,921.5028676523671,956.9623102681346,-35.45944261576756,916.4437599111108,918.7756267288507,921.5450657340592,924.4151790051211,926.0895828008946
mango_rmse_random,small,2003-03-31,2004Q3,7,GDP,922.2669131686623,957.8991553628297,-35.63224219416736,916.7062897510338,919.0420090772174,922.3143456674368,925.5399505343239,927.7186469766231
mango_rmse_random,small,2003-03-31,2004Q4,8,GDP,922.9647474108598,958.9159953464796,-35.95124793561979,916.8294862918929,919.3630121922126,923.0629933159436,926.5403287140862,928.6321837619273
mango_rmse_random,small,2003-06-30,2003Q2,1,DEFL,472.25441376817537,441.0711268533791,31.18328691479627,471.8029184060658,471.97493295369964,472.2644988574481,472.52986390193814,472.69828059334554
mango_rmse_random,small,2003-06-30,2003Q3,2,DEFL,472.8009887941152,441.6379751045544,31.163013689560785,472.0036044302597,472.31771704271256,472.80484068581904,473.29752064282815,473.60984496890615
mango_rmse_random,small,2003-06-30,2003Q4,3,DEFL,473.365448533741,442.25205753903714,31.113390994703877,472.14354475430383,472.6154148489446,473.38180987049657,474.0649147637759,474.5899259223291
mango_rmse_random,small,2003-06-30,2004Q1,4,DEFL,474.0000201359276,442.95660169416607,31.04341844176156,472.3445199170314,472.98717436744244,474.0231548196403,474.9659325633074,475.6027930019775
mango_rmse_random,small,2003-06-30,2004Q2,5,DEFL,474.68684908426224,443.75677692001574,30.930072164246496,472.4284369713625,473.34592754469486,474.7218221171312,475.9608851106105,476.8195098740571
mango_rmse_random,small,2003-06-30,2004Q3,6,DEFL,475.4324510217817,444.39680362140643,31.03564740037524,472.6196887339907,473.73655447078136,475.4739144402356,477.07004221937956,478.1518263044594
mango_rmse_random,small,2003-06-30,2004Q4,7,DEFL,476.2116241074212,445.166929500233,31.044694607188205,472.788664184904,474.1210356677727,476.2621276842235,478.21416276511053,479.5482747089952
mango_rmse_random,small,2003-06-30,2005Q1,8,DEFL,477.0396338898087,445.960091366716,31.079542523092755,473.01714945180305,474.5349089876103,477.0815530810221,479.4066673472922,481.0201622770935
mango_rmse_random,small,2003-06-30,2003Q2,1,FFR,1.5162046030976488,1.2466666666666668,0.269537936430982,0.10852366568030844,0.6785582159946768,1.5166756456825496,2.372229061519833,2.9609286130223365
mango_rmse_random,small,2003-06-30,2003Q3,2,FFR,1.8292693740191934,1.0166666666666666,0.8126027073525268,-0.45608053846883917,0.46582602396628436,1.8169834526659432,3.217244219960858,4.2198760719719575
mango_rmse_random,small,2003-06-30,2003Q4,3,FFR,2.0408151933586667,0.9966666666666667,1.044148526692,-0.7904480170239173,0.34005284280316334,2.026939378228779,3.772224303260544,4.976825457009385
mango_rmse_random,small,2003-06-30,2004Q1,4,FFR,2.3018915550921593,1.0033333333333332,1.298558221758826,-1.1291698129539893,0.23664773904616998,2.317414563812127,4.307358944567994,5.673841906046638
mango_rmse_random,small,2003-06-30,2004Q2,5,FFR,2.6539935681733944,1.01,1.6439935681733944,-1.2343905286908172,0.2798531174087797,2.684336272497421,4.970315599532084,6.524408971376767
mango_rmse_random,small,2003-06-30,2004Q3,6,FFR,2.9546169160507327,1.4333333333333333,1.5212835827173994,-1.3198503364306595,0.3651801018875255,3.0208756461265347,5.539045107052998,7.2936817648524555
mango_rmse_random,small,2003-06-30,2004Q4,7,FFR,3.1823214283937813,1.95,1.2323214283937813,-1.4972341031409804,0.3367581670697149,3.2205763096235294,5.971938444601371,7.803695823896132
mango_rmse_random,small,2003-06-30,2005Q1,8,FFR,3.4222594320206885,2.47,0.9522594320206883,-1.7164448000094814,0.37552483525932356,3.4964066006701615,6.495050008883926,8.279095369631124
mango_rmse_random,small,2003-06-30,2003Q2,1,GDP,917.3467938052428,952.8147130216528,-35.467919216409996,916.0057006080687,916.558631614706,917.3046698377707,918.168592282516,918.809725863119
mango_rmse_random,small,2003-06-30,2003Q3,2,GDP,918.2863030869819,954.4678690555788,-36.18156596859694,916.0794457493442,916.9055506823764,918.270160742892,919.6564928269701,920.5393906400772
mango_rmse_random,small,2003-06-30,2003Q4,3,GDP,919.0989576047499,955.6153064688727,-36.51634886412285,916.1160542844193,917.2988636688178,919.1162688966751,920.9151207889911,922.1735730602119
mango_rmse_random,small,2003-06-30,2004Q1,4,GDP,919.9254429217759,956.1865880299732,-36.2611451081973,916.2215838760687,917.7741393157788,919.861731434281,922.2106762348318,923.6821329976141
mango_rmse_random,small,2003-06-30,2004Q2,5,GDP,920.6794279633488,956.9623102681346,-36.28288230478586,916.2688288632752,918.0881788066384,920.6424934832155,923.3691834399584,925.0631719622204
mango_rmse_random,small,2003-06-30,2004Q3,6,GDP,921.4056768844259,957.8991553628297,-36.493478478403745,916.5771002646867,918.4150595242031,921.4643189163749,924.4307860066967,926.4124873861764
mango_rmse_random,small,2003-06-30,2004Q4,7,GDP,922.0838861330628,958.9159953464796,-36.83210921341674,916.299205397228,918.6375556412538,922.1399978292704,925.5314139912946,927.7814946599426
mango_rmse_random,small,2003-06-30,2005Q1,8,GDP,922.7044872631097,960.0207528735932,-37.31626561048347,916.2926442652761,919.0556531592035,922.7206602558658,926.3654347914232,928.9696843226302
mango_rmse_random,small,2003-09-30,2003Q3,1,DEFL,472.42074433169495,441.6379751045544,30.782769227140534,471.9649072755731,472.1327147875745,472.4250287774105,472.7015282062823,472.8814754651727
mango_rmse_random,small,2003-09-30,2003Q4,2,DEFL,472.86459307763226,442.25205753903714,30.612535538595125,472.0258870749594,472.3633505300856,472.8710980955233,473.3607371495079,473.7053434126015
mango_rmse_random,small,2003-09-30,2004Q1,3,DEFL,473.3679711362603,442.95660169416607,30.411369442094212,472.09907989685604,472.62378643234086,473.371409416076,474.1002520291237,474.58628701551714
mango_rmse_random,small,2003-09-30,2004Q2,4,DEFL,473.8634976797162,443.75677692001574,30.106720759700465,472.1325823549121,472.81740241857875,473.8960568232461,474.8431205354554,475.5746339025688
mango_rmse_random,small,2003-09-30,2004Q3,5,DEFL,474.43466312461356,444.39680362140643,30.03785950320713,472.1647473749138,473.0608406952249,474.46357411773715,475.73291067226234,476.69352200254247
mango_rmse_random,small,2003-09-30,2004Q4,6,DEFL,475.0479340417751,445.166929500233,29.881004541542097,472.2366137796729,473.31685153167246,475.0944489207601,476.6721718844745,477.9615293999889
mango_rmse_random,small,2003-09-30,2005Q1,7,DEFL,475.7085329608677,445.960091366716,29.7484415941517,472.25147740247553,473.59612653836837,475.7441873848407,477.7333101983873,479.24616714901634
mango_rmse_random,small,2003-09-30,2005Q2,8,DEFL,476.40669197292726,446.6850203488912,29.72167162403605,472.2424105665478,473.91638616646964,476.4318687302873,478.7691604338739,480.51988039304285
mango_rmse_random,small,2003-09-30,2003Q3,1,FFR,1.403048043451417,1.0166666666666666,0.3863813767847504,-0.02214312786726769,0.5666145172263043,1.4159108893392776,2.243822265317871,2.807107123069437
mango_rmse_random,small,2003-09-30,2003Q4,2,FFR,1.4308343325770723,0.9966666666666667,0.43416766591040556,-0.8517080785274761,0.08408662727053194,1.4414419968269623,2.7589564850404678,3.7023637100738767
mango_rmse_random,small,2003-09-30,2004Q1,3,FFR,1.602152082875807,1.0033333333333332,0.5988187495424737,-1.2324974250279779,-0.07115056547383326,1.6044476443358482,3.251735052092757,4.423140015263165
mango_rmse_random,small,2003-09-30,2004Q2,4,FFR,1.972186693221326,1.01,0.9621866932213259,-1.470218927175593,-8.129124478509182e-06,1.9910181469692274,3.949309360153669,5.258786174042399
mango_rmse_random,small,2003-09-30,2004Q3,5,FFR,2.295886197856472,1.4333333333333333,0.8625528645231386,-1.4841779486394087,-0.016998122118156093,2.2754274194929023,4.585090462553017,6.1457013512013425
mango_rmse_random,small,2003-09-30,2004Q4,6,FFR,2.4900624070536823,1.95,0.5400624070536824,-1.7303506556535106,-0.013632665071527869,2.499733059051078,5.0034739013308265,6.88944736519077
mango_rmse_random,small,2003-09-30,2005Q1,7,FFR,2.679676521396587,2.47,0.20967652139658677,-1.8896523763525717,-0.08453205186852751,2.7348656840576298,5.447572200246764,7.234092320074056
mango_rmse_random,small,2003-09-30,2005Q2,8,FFR,2.931278917521619,2.9433333333333334,-0.012054415811714403,-2.1168981572291568,-0.004433005432303212,2.9690344557372033,5.855351534233544,7.925644595429374
mango_rmse_random,small,2003-09-30,2003Q3,1,GDP,918.078994439173,954.4678690555788,-36.388874616405815,916.7749903708803,917.3027528617658,918.0365496668228,918.902490880483,919.4680455529119
mango_rmse_random,small,2003-09-30,2003Q4,2,GDP,918.8979904861957,955.6153064688727,-36.717315982677064,916.7291672665467,917.5608826101292,918.8986133479442,920.2419043004321,921.0801258541115
mango_rmse_random,small,2003-09-30,2004Q1,3,GDP,919.8098133111355,956.1865880299732,-36.37677471883774,916.8828141068175,918.0602347289905,919.8246210835487,921.5762796605914,922.6300092568339
mango_rmse_random,small,2003-09-30,2004Q2,4,GDP,920.7305785928684,956.9623102681346,-36.231731675266246,917.1299736047605,918.604478070491,920.696769630627,922.9221895858853,924.1786041699063
mango_rmse_random,small,2003-09-30,2004Q3,5,GDP,921.54915576352,957.8991553628297,-36.349999599309626,917.3112593303431,919.0875075211113,921.6093388755551,924.076658610676,925.5739245197788
mango_rmse_random,small,2003-09-30,2004Q4,6,GDP,922.2970498301338,958.9159953464796,-36.618945516345775,917.4240788431143,919.4899934384025,922.3238515639516,925.1575701498231,927.0143199480259
mango_rmse_random,small,2003-09-30,2005Q1,7,GDP,923.0288984525449,960.0207528735932,-36.99185442104829,917.5854174946971,919.7427164926102,923.0637145819373,926.2289507633996,928.3898777198247
mango_rmse_random,small,2003-09-30,2005Q2,8,GDP,923.7056407358216,960.5061772591148,-36.800536523293204,917.7520845661456,920.0729909729043,923.7621198603215,927.3705141468855,929.610498988814
mango_rmse_random,small,2003-12-31,2003Q4,1,DEFL,466.6247951140391,442.25205753903714,24.372737575001963,466.1699521326743,466.33375434737695,466.62786922280304,466.9102494292047,467.0945176249015
mango_rmse_random,small,2003-12-31,2004Q1,2,DEFL,467.1170629893976,442.95660169416607,24.160461295231528,466.2887170642134,466.62145670344376,467.11494870854347,467.60698461248376,467.90362806699767
mango_rmse_random,small,2003-12-31,2004Q2,3,DEFL,467.6380531195109,443.75677692001574,23.881276199495176,466.40190213801077,466.8849706747571,467.63955648020317,468.365656746912,468.8361982206921
mango_rmse_random,small,2003-12-31,2004Q3,4,DEFL,468.26841058635733,444.39680362140643,23.8716069649509,466.6100170065712,467.26349453042235,468.26302647560476,469.27068425801093,469.9045631909089
mango_rmse_random,small,2003-12-31,2004Q4,5,DEFL,468.94119176525976,445.166929500233,23.774262265026778,466.67858494449047,467.60080305110733,468.9407202623353,470.2634433708413,471.08392378990897
mango_rmse_random,small,2003-12-31,2005Q1,6,DEFL,469.685852006485,445.960091366716,23.72576063976902,466.85927199875425,467.9691408428831,469.69276449911854,471.33316207165,472.38694300893195
mango_rmse_random,small,2003-12-31,2005Q2,7,DEFL,470.46321021195575,446.6850203488912,23.77818986306454,467.0526377813831,468.38768638581263,470.4728621655531,472.4808685854524,473.7785268251712
mango_rmse_random,small,2003-12-31,2005Q3,8,DEFL,471.2914121674134,447.5903970265225,23.70101514089089,467.2142024479216,468.82187393985976,471.25839581842916,473.7213781918023,475.2756174792344
mango_rmse_random,small,2003-12-31,2003Q4,1,FFR,1.396130079843951,0.9966666666666667,0.3994634131772844,0.032723414429928745,0.5447739732445629,1.3998687335370348,2.235138908117462,2.80321936180018
mango_rmse_random,small,2003-12-31,2004Q1,2,FFR,2.0331221326423345,1.0033333333333332,1.0297887993090014,-0.1969567976343477,0.6592073499316367,2.0175431949478,3.440934421459888,4.30339029774851
mango_rmse_random,small,2003-12-31,2004Q2,3,FFR,2.464874761613912,1.01,1.454874761613912,-0.3454024782755227,0.7997894392596773,2.4289545380135866,4.165256907084339,5.383713224691423
mango_rmse_random,small,2003-12-31,2004Q3,4,FFR,2.7540699535319093,1.4333333333333333,1.320736620198576,-0.47402044854835335,0.7385021488354574,2.737293857039755,4.783643890908933,6.065494353506634
mango_rmse_random,small,2003-12-31,2004Q4,5,FFR,3.1123135135756543,1.95,1.1623135135756544,-0.5946489894385276,0.8350451925286512,3.085181237746939,5.373430654870913,6.960531072126775
mango_rmse_random,small,2003-12-31,2005Q1,6,FFR,3.39737524305881,2.47,0.9273752430588096,-0.789624236310186,0.7972827957312183,3.408016352077396,5.855838625161324,7.561996706588032
mango_rmse_random,small,2003-12-31,2005Q2,7,FFR,3.5713221644466153,2.9433333333333334,0.627988831113282,-1.044731541388301,0.6826419359450492,3.583399289023413,6.398988985144576,8.180621144905432
mango_rmse_random,small,2003-12-31,2005Q3,8,FFR,3.7432499308103875,3.4599999999999995,0.28324993081038796,-1.3108288063588092,0.8490200639700624,3.744620220461484,6.730745383459051,8.739781022977365
mango_rmse_random,small,2003-12-31,2003Q4,1,GDP,926.9561927459216,955.6153064688727,-28.659113722951133,925.6630242200509,926.152530132399,926.9264471207485,927.7569362551791,928.4192669087178
mango_rmse_random,small,2003-12-31,2004Q1,2,GDP,928.2567652977236,956.1865880299732,-27.92982273224959,926.1077912421305,926.911557599761,928.2232789751453,929.6027382577364,930.5519858550907
mango_rmse_random,small,2003-12-31,2004Q2,3,GDP,929.2798867770514,956.9623102681346,-27.682423491083227,926.3287831609405,927.4817634871047,929.2620889230782,931.0461810667799,932.1864022429055
mango_rmse_random,small,2003-12-31,2004Q3,4,GDP,930.18545680402,957.8991553628297,-27.71369855880971,926.6383299701506,928.0051042898696,930.174738361686,932.3191605020496,933.8432769189984
mango_rmse_random,small,2003-12-31,2004Q4,5,GDP,930.9502445824039,958.9159953464796,-27.965750764075665,926.7254660603894,928.3502416690642,931.0045627761209,933.4931160126146,935.1839288685572
mango_rmse_random,small,2003-12-31,2005Q1,6,GDP,931.6889234724935,960.0207528735932,-28.331829401099753,926.9998327092378,928.7500800349538,931.7339310773809,934.5019464316123,936.3783759490813
mango_rmse_random,small,2003-12-31,2005Q2,7,GDP,932.3773254322564,960.5061772591148,-28.12885182685841,926.8965966436306,929.0795150852382,932.3701309959758,935.4887660883596,937.7512129066985
mango_rmse_random,small,2003-12-31,2005Q3,8,GDP,933.0554341451182,961.2887292981801,-28.23329515306193,927.2682364384425,929.556982264144,933.1125602170682,936.4667630423133,938.8579890143873
mango_rmse_random,small,2004-03-31,2004Q1,1,DEFL,466.9950261988468,442.95660169416607,24.038424504680734,466.51701255331744,466.70195358925935,466.9952717008508,467.28686468522994,467.46464652174194
mango_rmse_random,small,2004-03-31,2004Q2,2,DEFL,467.47296023746486,443.75677692001574,23.716183317449122,466.6726413760483,466.9791223247392,467.4698967512037,467.97679837505,468.30377994641964
mango_rmse_random,small,2004-03-31,2004Q3,3,DEFL,468.03939295811375,444.39680362140643,23.642589336707317,466.8194403661356,467.287371329777,468.03164217637806,468.7639394620627,469.27803804853875
mango_rmse_random,small,2004-03-31,2004Q4,4,DEFL,468.6306642787851,445.166929500233,23.463734778552123,466.9621277932202,467.6027261098593,468.6372654258853,469.6554680226144,470.33212867436794
mango_rmse_random,small,2004-03-31,2005Q1,5,DEFL,469.297620901078,445.960091366716,23.337529534362034,467.10852632282007,467.9600701614175,469.305239975931,470.6146855360896,471.47443434891295
mango_rmse_random,small,2004-03-31,2005Q2,6,DEFL,470.0090678111524,446.6850203488912,23.324047462261206,467.26478529118236,468.3187506164132,470.0081881005733,471.68887369045694,472.7274648176878
mango_rmse_random,small,2004-03-31,2005Q3,7,DEFL,470.75861511042905,447.5903970265225,23.168218083906538,467.3785125595973,468.70672957120684,470.7342082391517,472.8080538721419,474.07990634237996
mango_rmse_random,small,2004-03-31,2005Q4,8,DEFL,471.5493296753064,448.39625430524006,23.153075370066347,467.5184610037667,469.1550746876918,471.5272671853529,473.9740458139736,475.49477491000295
mango_rmse_random,small,2004-03-31,2004Q1,1,FFR,1.5299733550606738,1.0033333333333332,0.5266400217273406,0.12277597913279326,0.7108645088219703,1.5121013223088782,2.379612932047404,2.9507842961803443
mango_rmse_random,small,2004-03-31,2004Q2,2,FFR,1.9474212104573925,1.01,0.9374212104573925,-0.27743749789944805,0.5844530731823661,1.9095777286351392,3.3353903705453503,4.133731483999255
mango_rmse_random,small,2004-03-31,2004Q3,3,FFR,2.192673585863986,1.4333333333333333,0.7593402525306525,-0.5543243097895509,0.5259906852851978,2.178915474413512,3.853211200459849,5.073663022670057
mango_rmse_random,small,2004-03-31,2004Q4,4,FFR,2.524278076725714,1.95,0.5742780767257141,-0.7272378626281014,0.5847085275759862,2.5393951385534774,4.46544415387983,5.770766562621227
mango_rmse_random,small,2004-03-31,2005Q1,5,FFR,2.8876994670783103,2.47,0.41769946707831007,-0.7009133313460165,0.6846317147196449,2.8592534083373797,5.122442156883038,6.702997383987279
mango_rmse_random,small,2004-03-31,2005Q2,6,FFR,3.111183988581706,2.9433333333333334,0.1678506552483725,-0.953360781292633,0.6265643533186681,3.0789597463609715,5.588120043086855,7.385634620438066
mango_rmse_random,small,2004-03-31,2005Q3,7,FFR,3.2394763760223872,3.4599999999999995,-0.22052362397761227,-1.0270899009102843,0.5612124848380526,3.192377862718117,6.000441266009022,7.685488989913843
mango_rmse_random,small,2004-03-31,2005Q4,8,FFR,3.4114217439087513,3.98,-0.5685782560912487,-1.2362645917973125,0.48282747028790435,3.3730862178623506,6.347013524545396,8.127916264844753
mango_rmse_random,small,2004-03-31,2004Q1,1,GDP,928.0772322966477,956.1865880299732,-28.109355733325515,926.7524991241697,927.2899259965577,928.0410589991011,928.8854856556223,929.4662735363133
mango_rmse_random,small,2004-03-31,2004Q2,2,GDP,929.2054192870563,956.9623102681346,-27.7568909810783,927.0424508079609,927.9284396279573,929.1780168833661,930.5004150636224,931.4167515003703
mango_rmse_random,small,2004-03-31,2004Q3,3,GDP,930.1610962104847,957.8991553628297,-27.73805915234493,927.3441171264883,928.4329138604438,930.1693484483162,931.8650433399797,933.0020696016326
mango_rmse_random,small,2004-03-31,2004Q4,4,GDP,931.0596482159472,958.9159953464796,-27.856347130532413,927.6618600582256,928.9196843576469,931.0815062615642,933.1084819568692,934.5624773246224
mango_rmse_random,small,2004-03-31,2005Q1,5,GDP,931.8708434022907,960.0207528735932,-28.14990947130252,927.8412468849947,929.4066941174589,931.8561788361844,934.3100293509958,935.9823373266433
mango_rmse_random,small,2004-03-31,2005Q2,6,GDP,932.6225061119854,960.5061772591148,-27.88367114712935,927.882468209293,929.897572399624,932.606075144746,935.454548725776,937.3069059340935
mango_rmse_random,small,2004-03-31,2005Q3,7,GDP,933.3527392471443,961.2887292981801,-27.935990051035787,927.9970100137247,930.2643479279845,933.3323934542525,936.4876781319869,938.6538920593914
mango_rmse_random,small,2004-03-31,2005Q4,8,GDP,934.0447714266548,961.8550509042607,-27.81027947760583,928.3220777676596,930.700479089445,933.9041104731573,937.4748777748498,939.6821848574192
mango_rmse_random,small,2004-06-30,2004Q2,1,DEFL,467.81152057087877,443.75677692001574,24.05474365086303,467.35174314956015,467.5309194747952,467.81727312095086,468.08544367379477,468.26996082433413
mango_rmse_random,small,2004-06-30,2004Q3,2,DEFL,468.4982231379041,444.39680362140643,24.101419516497685,467.69598416659164,468.00830251825465,468.4999290232465,468.9837545170964,469.28104791249734
mango_rmse_random,small,2004-06-30,2004Q4,3,DEFL,469.17149628568114,445.166929500233,24.004566785448162,467.9484232266815,468.44674890530376,469.178035460744,469.8869148080275,470.33182272136065
mango_rmse_random,small,2004-06-30,2005Q1,4,DEFL,469.9741673493166,445.960091366716,24.014075982600616,468.3652854771527,468.999402789496,469.9943773812143,470.9262591887605,471.525930382953
mango_rmse_random,small,2004-06-30,2005Q2,5,DEFL,470.7929266268842,446.6850203488912,24.10790627799298,468.6287107834161,469.4842508900845,470.8161197454281,472.0322059950135,472.8271855669543
mango_rmse_random,small,2004-06-30,2005Q3,6,DEFL,471.7050979801002,447.5903970265225,24.11470095357771,469.0522360747887,470.07390460212514,471.7253442945074,473.2815288440735,474.30491905342535
mango_rmse_random,small,2004-06-30,2005Q4,7,DEFL,472.62351405658,448.39625430524006,24.227259751339943,469.25536436487647,470.61784967781267,472.64976789197397,474.61917781369465,475.8271116752835
mango_rmse_random,small,2004-06-30,2006Q1,8,DEFL,473.6076680690947,449.0981931357204,24.509474933374293,469.6820432555065,471.1680703715422,473.6635608008454,475.9884875474447,477.45432880316383
mango_rmse_random,small,2004-06-30,2004Q2,1,FFR,1.503160145438081,1.01,0.49316014543808095,0.13503823786231095,0.660219838479686,1.5160384375683325,2.3101157352631234,2.8903711772548166
mango_rmse_random,small,2004-06-30,2004Q3,2,FFR,2.0035630321254074,1.4333333333333333,0.5702296987920741,-0.12241365068750398,0.652275850378483,2.011939872874848,3.3432702658081888,4.223680119995373
mango_rmse_random,small,2004-06-30,2004Q4,3,FFR,2.3321961346442532,1.95,0.3821961346442533,-0.5253589218513215,0.6700204456323722,2.3075663229408416,4.053638401823565,5.056161218462522
mango_rmse_random,small,2004-06-30,2005Q1,4,FFR,2.6412520067270004,2.47,0.17125200672700025,-0.6429937447028381,0.6435332399334204,2.5895812897952766,4.6162634239579345,5.939573609092497
mango_rmse_random,small,2004-06-30,2005Q2,5,FFR,3.017244935130682,2.9433333333333334,0.07391160179734868,-0.8151238889012743,0.7219061072515918,2.977770890374459,5.3344494999453635,6.834455034849151
mango_rmse_random,small,2004-06-30,2005Q3,6,FFR,3.290366136245179,3.4599999999999995,-0.1696338637548207,-1.0314140373934089,0.7800768844017022,3.318279092200793,5.791497548902015,7.469833378777143
mango_rmse_random,small,2004-06-30,2005Q4,7,FFR,3.4726071559789586,3.98,-0.5073928440210413,-1.1415555828178072,0.7665470383712397,3.45583690228202,6.185680357050578,7.9936198863175
mango_rmse_random,small,2004-06-30,2006Q1,8,FFR,3.67773960087059,4.456666666666667,-0.778927065796077,-1.2057824506858406,0.6297620712636494,3.659588412625956,6.644139537216386,8.686626560530062
mango_rmse_random,small,2004-06-30,2004Q2,1,GDP,928.9733441444473,956.9623102681346,-27.988966123687305,927.6526889573104,928.1873667661605,928.9554760517996,929.8101198298942,930.3620283779031
mango_rmse_random,small,2004-06-30,2004Q3,2,GDP,930.1452170536094,957.8991553628297,-27.753938309220302,927.9197643015748,928.8218927330053,930.127725299627,931.4941256805924,932.2926239208741
mango_rmse_random,small,2004-06-30,2004Q4,3,GDP,931.0171639118917,958.9159953464796,-27.89883143458792,928.1637919245965,929.246136992025,931.0130905564815,932.7959174335812,933.9355638339538
mango_rmse_random,small,2004-06-30,2005Q1,4,GDP,931.8360802123816,960.0207528735932,-28.184672661211607,928.3703199135986,929.6064515971717,931.8687135838752,933.943098758369,935.3661537664317
mango_rmse_random,small,2004-06-30,2005Q2,5,GDP,932.5511987397402,960.5061772591148,-27.95497851937455,928.274942528858,929.9934257617822,932.5834288120384,935.0894244915054,936.6338230213269
mango_rmse_random,small,2004-06-30,2005Q3,6,GDP,933.2421113956814,961.2887292981801,-28.046617902498724,928.388186743071,930.3546631899121,933.2102159057754,936.0744456027799,937.750018587683
mango_rmse_random,small,2004-06-30,2005Q4,7,GDP,933.9092898150972,961.8550509042607,-27.94576108916351,928.6056513003857,930.6441362781948,933.8983789472525,937.040807858419,939.0982167480423
mango_rmse_random,small,2004-06-30,2006Q1,8,GDP,934.5438398111053,963.1947034740143,-28.650863662909046,928.8800880207556,930.9556352232004,934.562088512486,938.0125680626343,940.1770980527691
mango_rmse_random,small,2004-09-30,2004Q3,1,DEFL,468.9947390579839,444.39680362140643,24.597935436577473,468.5315857694399,468.70674002314325,468.9991472632137,469.26574060601746,469.4523223258352
mango_rmse_random,small,2004-09-30,2004Q4,2,DEFL,469.7485364747702,445.166929500233,24.581606974537237,468.93735167016007,469.2627761368396,469.7516457315829,470.2352148555848,470.5528595453717
mango_rmse_random,small,2004-09-30,2005Q1,3,DEFL,470.58889234231214,445.960091366716,24.628800975596164,469.326414750719,469.85786047481366,470.6027453368099,471.29293960141587,471.78874079050183
mango_rmse_random,small,2004-09-30,2005Q2,4,DEFL,471.48530474590024,446.6850203488912,24.800284397009023,469.78907569834286,470.4691181105731,471.49888006553397,472.46989235378004,473.15023094006176
mango_rmse_random,small,2004-09-30,2005Q3,5,DEFL,472.4337269870367,447.5903970265225,24.84332996051421,470.17789717251475,471.0931610725762,472.4278222784726,473.7090570071294,474.6738676838631
mango_rmse_random,small,2004-09-30,2005Q4,6,DEFL,473.4378533963444,448.39625430524006,25.04159909110433,470.62784307025066,471.7505640542084,473.47327501889765,475.10188747877874,476.20693801361875
mango_rmse_random,small,2004-09-30,2006Q1,7,DEFL,474.4734246533146,449.0981931357204,25.375231517594216,471.0225396565395,472.42695571663165,474.49508706658764,476.5158055137712,477.9244073204772
mango_rmse_random,small,2004-09-30,2006Q2,8,DEFL,475.54484715793313,449.9809670330265,25.563880124906632,471.4422493101417,473.12280248022006,475.5541971003629,478.01407946134975,479.5465589577763
mango_rmse_random,small,2004-09-30,2004Q3,1,FFR,1.579425982023903,1.4333333333333333,0.1460926486905696,0.18774826765489677,0.7272380960627646,1.5761763168823721,2.422217430181902,2.9830690736528465
mango_rmse_random,small,2004-09-30,2004Q4,2,FFR,2.15367683720344,1.95,0.20367683720343988,-0.04768908359979608,0.8225009903264419,2.1337995507975394,3.506665696730346,4.4318885769318825
mango_rmse_random,small,2004-09-30,2005Q1,3,FFR,2.4404941707177077,2.47,-0.029505829282292506,-0.2999517619619528,0.7484465638839634,2.3764052801797106,4.136155886893746,5.282667937178834
mango_rmse_random,small,2004-09-30,2005Q2,4,FFR,2.7237671594656767,2.9433333333333334,-0.21956617386765664,-0.45476365264686097,0.7519161401218883,2.712854014682004,4.745068548374648,6.013320981594471
mango_rmse_random,small,2004-09-30,2005Q3,5,FFR,3.131777425550242,3.4599999999999995,-0.32822257444975733,-0.5796839480911143,0.8034136010174063,3.1072137268802837,5.41667419265445,7.00580849515556
mango_rmse_random,small,2004-09-30,2005Q4,6,FFR,3.426062332429744,3.98,-0.5539376675702559,-0.8046284391318949,0.8959084235751242,3.4641228576320597,5.9463103386057945,7.626563436720697
mango_rmse_random,small,2004-09-30,2006Q1,7,FFR,3.5989357395416635,4.456666666666667,-0.8577309271250035,-0.8948585703114108,0.8288065517279144,3.6285185661972745,6.316144351449195,8.066494094224012
mango_rmse_random,small,2004-09-30,2006Q2,8,FFR,3.8172031778215896,4.906666666666667,-1.0894634888450776,-1.1844683234649018,0.7454490783442815,3.904241624295916,6.734593331316032,8.648208372274283
mango_rmse_random,small,2004-09-30,2004Q3,1,GDP,929.7597448600998,957.8991553628297,-28.139410502729902,928.5010184262653,928.9598217150502,929.7458552805524,930.5609146472216,931.1420286934164
mango_rmse_random,small,2004-09-30,2004Q4,2,GDP,930.811735507829,958.9159953464796,-28.10425983865059,928.6448977006004,929.509918512526,930.7762174072759,932.1409528745486,932.9469053507793
mango_rmse_random,small,2004-09-30,2005Q1,3,GDP,931.5954789915786,960.0207528735932,-28.425273882014608,928.740394632261,929.8184297895699,931.585928307366,933.3390324330207,934.4445699033594
mango_rmse_random,small,2004-09-30,2005Q2,4,GDP,932.3531566240263,960.5061772591148,-28.153020635088524,928.9072284496025,930.2511400714653,932.3132626696008,934.4166541593092,936.0091452072166
mango_rmse_random,small,2004-09-30,2005Q3,5,GDP,933.0500319891112,961.2887292981801,-28.238697309068925,929.0494177209279,930.5758508598433,933.0027138554635,935.4528210869177,937.3024314441518
mango_rmse_random,small,2004-09-30,2005Q4,6,GDP,933.7061976139591,961.8550509042607,-28.14885329030153,928.9502468693387,930.8986506250836,933.7282722519601,936.4204809192257,938.5791804306353
mango_rmse_random,small,2004-09-30,2006Q1,7,GDP,934.350152384824,963.1947034740143,-28.844551089190304,928.9776890342492,931.1528485198347,934.3905807412541,937.4458567781166,939.7779936948123
mango_rmse_random,small,2004-09-30,2006Q2,8,GDP,934.9434941257773,963.4399861405379,-28.496492014760634,928.8833043737635,931.4718139559004,935.0420468957414,938.3350923162657,940.737325689581
mango_rmse_random,small,2004-12-31,2004Q4,1,DEFL,469.24111911598175,445.166929500233,24.074189615748764,468.77051710881193,468.94881922509796,469.2531187270282,469.51819114535965,469.6912833471291
mango_rmse_random,small,2004-12-31,2005Q1,2,DEFL,469.92437201951384,445.960091366716,23.964280652797868,469.10991813695205,469.4249606961538,469.9247318711083,470.4234125346837,470.72571877104264
mango_rmse_random,small,2004-12-31,2005Q2,3,DEFL,470.6653946222149,446.6850203488912,23.980374273323662,469.4573855304687,469.95237537485644,470.6739856323122,471.3969909933433,471.84037143077563
mango_rmse_random,small,2004-12-31,2005Q3,4,DEFL,471.3668770886841,447.5903970265225,23.776480062161568,469.72647329676903,470.3968636822741,471.3920196242116,472.33839702539933,472.9342162143577
mango_rmse_random,small,2004-12-31,2005Q4,5,DEFL,472.14859715786076,448.39625430524006,23.7523428526207,469.97729828474127,470.84857630670444,472.17789983258933,473.42385181140963,474.2105681088963
mango_rmse_random,small,2004-12-31,2006Q1,6,DEFL,472.9634987621046,449.0981931357204,23.865305626384213,470.1670781374231,471.29942540937236,472.9986410076066,474.6046550976939,475.5654038283484
mango_rmse_random,small,2004-12-31,2006Q2,7,DEFL,473.8283669740309,449.9809670330265,23.847399941004426,470.29718660600497,471.7985973596162,473.8965058058288,475.8325609802648,477.03958812093384
mango_rmse_random,small,2004-12-31,2006Q3,8,DEFL,474.71984844890625,450.6763216075208,24.04352684138547,470.4563457392354,472.3747948781183,474.78584517027264,477.13716683996955,478.63434505502994
mango_rmse_random,small,2004-12-31,2004Q4,1,FFR,1.766236637381828,1.95,-0.18376336261817205,0.37934308419038915,0.943698907031111,1.7558179931625884,2.594843423736271,3.180514705046649
mango_rmse_random,small,2004-12-31,2005Q1,2,FFR,1.7020693264496685,2.47,-0.7679306735503317,-0.5140640036300418,0.3474609367745682,1.686106881413704,3.103138199107382,3.949437156891324
mango_rmse_random,small,2004-12-31,2005Q2,3,FFR,1.855176698373158,2.9433333333333334,-1.0881566349601755,-0.9879389007950774,0.1817097558105438,1.8734761884763644,3.5488849907791904,4.70259987396333
mango_rmse_random,small,2004-12-31,2005Q3,4,FFR,2.288410604333671,3.4599999999999995,-1.1715893956663286,-1.082836960928578,0.29058866190827626,2.2782903583965313,4.238950067715467,5.6648805396771715
mango_rmse_random,small,2004-12-31,2005Q4,5,FFR,2.5993949266154197,3.98,-1.3806050733845803,-1.3882977102004719,0.34988341839446024,2.5817389957172,4.878941989872349,6.5522353664449255
mango_rmse_random,small,2004-12-31,2006Q1,6,FFR,2.7074784428409986,4.456666666666667,-1.7491882238256684,-1.688752235953247,0.16600684942188668,2.7263228832675876,5.230245937121179,6.928963353924373
mango_rmse_random,small,2004-12-31,2006Q2,7,FFR,2.84218072586138,4.906666666666667,-2.0644859408052874,-1.7986160949134877,0.07459505767192752,2.873885578877946,5.603953870663854,7.52393531524864
mango_rmse_random,small,2004-12-31,2006Q3,8,FFR,3.08409512845849,5.246666666666667,-2.162571538208177,-1.9168742171246564,0.14061059081327537,3.1924738329607516,6.006990485796618,7.708953878631557
mango_rmse_random,small,2004-12-31,2004Q4,1,GDP,930.3931337442402,958.9159953464796,-28.522861602239345,929.0696098590546,929.5839732172435,930.379888926288,931.207411106749,931.7684638398764
mango_rmse_random,small,2004-12-31,2005Q1,2,GDP,931.0457618107944,960.0207528735932,-28.974991062798836,928.8826234005994,929.7154257336689,931.0256450333009,932.3811659893256,933.1778904763736
mango_rmse_random,small,2004-12-31,2005Q2,3,GDP,931.8456667352983,960.5061772591148,-28.66051052381647,928.9683669209321,930.130629785902,931.8156824179631,933.5230070009221,934.7174550821954
mango_rmse_random,small,2004-12-31,2005Q3,4,GDP,932.7396217468157,961.2887292981801,-28.549107551364386,929.2971908841032,930.6295345715134,932.7362098890786,934.8001358659606,936.1684887084085
mango_rmse_random,small,2004-12-31,2005Q4,5,GDP,933.4725466276082,961.8550509042607,-28.382504276652526,929.3900954797737,931.0778194077905,933.4375238011514,935.8877182249432,937.5428455312575
mango_rmse_random,small,2004-12-31,2006Q1,6,GDP,934.159410276869,963.1947034740143,-29.03529319714528,929.49256551112,931.4639409277797,934.160487024764,936.8840716302477,938.7526863363485
mango_rmse_random,small,2004-12-31,2006Q2,7,GDP,934.8810167109766,963.4399861405379,-28.55896942956133,929.5252506458364,931.8486412873805,934.8452628065461,938.03540570832,940.118711785812
mango_rmse_random,small,2004-12-31,2006Q3,8,GDP,935.5479312270186,963.5903292567261,-28.042398029707556,929.5741732143333,932.1503861889812,935.5305254132256,939.0128629872709,941.3578107625832
mango_rmse_random,small,2005-03-31,2005Q1,1,DEFL,469.9175726000184,445.960091366716,23.957481233302417,469.45909761316767,469.6344654729859,469.9231474128592,470.205578563342,470.38106399377654
mango_rmse_random,small,2005-03-31,2005Q2,2,DEFL,470.660075277494,446.6850203488912,23.975054928602788,469.8563177423141,470.17320747877824,470.6604299237058,471.1523024333286,471.4675155125755
mango_rmse_random,small,2005-03-31,2005Q3,3,DEFL,471.36738013188113,447.5903970265225,23.776983105358624,470.17575666634633,470.66372573263965,471.3645725502198,472.09429192431264,472.60402906152734
mango_rmse_random,small,2005-03-31,2005Q4,4,DEFL,472.15618332166855,448.39625430524006,23.759929016428487,470.5466373553762,471.13898230373326,472.16279985948984,473.1303894714161,473.8618510813118
mango_rmse_random,small,2005-03-31,2006Q1,5,DEFL,472.98728284955934,449.0981931357204,23.889089713838928,470.8572963931984,471.6301556579647,473.00515786359324,474.22849645856223,475.17146003932373
mango_rmse_random,small,2005-03-31,2006Q2,6,DEFL,473.8560185153052,449.9809670330265,23.875051482278707,471.2313343089104,472.13667162006453,473.906887542002,475.4124612058638,476.62850040999086
mango_rmse_random,small,2005-03-31,2006Q3,7,DEFL,474.75575899246024,450.6763216075208,24.079437384939467,471.43439397250796,472.66964880907994,474.8686947615464,476.74658261414146,478.11064763811066
mango_rmse_random,small,2005-03-31,2006Q4,8,DEFL,475.6979888225793,451.0496803385384,24.64830848404091,471.7564332545684,473.1989601937961,475.7829177237036,478.0028773372873,479.63395202276695
mango_rmse_random,small,2005-03-31,2005Q1,1,FFR,1.9867705368507287,2.47,-0.4832294631492715,0.671778676100191,1.1442281860996792,1.9900553324902988,2.7940493759455327,3.3848637548972036
mango_rmse_random,small,2005-03-31,2005Q2,2,FFR,2.108490919611711,2.9433333333333334,-0.8348424137216224,-0.04081871775464939,0.7714489816513542,2.0672868559591917,3.441830033010815,4.412373046784222
mango_rmse_random,small,2005-03-31,2005Q3,3,FFR,2.5035164099099734,3.4599999999999995,-0.9564835900900261,-0.224704878502041,0.8746502080945974,2.481373928415835,4.200792782393747,5.361838796590724
mango_rmse_random,small,2005-03-31,2005Q4,4,FFR,2.7884843930840133,3.98,-1.1915156069159867,-0.4599217225015236,0.7897666862930177,2.7352868318991748,4.7803279520144235,5.986502899661105
mango_rmse_random,small,2005-03-31,2006Q1,5,FFR,2.939220887786472,4.456666666666667,-1.517445778880195,-0.780970682936043,0.6754691806309883,2.913607658504362,5.273440808340843,6.679330382166475
mango_rmse_random,small,2005-03-31,2006Q2,6,FFR,3.1247578427545664,4.906666666666667,-1.7819088239121008,-1.0379966730566759,0.5858430878505779,3.1091221474507904,5.636608895498366,7.14003354195316
mango_rmse_random,small,2005-03-31,2006Q3,7,FFR,3.316310639854323,5.246666666666667,-1.930356026812344,-1.1296529977388508,0.5899357584001335,3.3149836923789255,6.022129713645543,7.78014249536722
mango_rmse_random,small,2005-03-31,2006Q4,8,FFR,3.508856332127546,5.246666666666667,-1.737810334539121,-1.2297420144512705,0.6942026864751153,3.4822192193606716,6.366754504286601,8.250427916086142
mango_rmse_random,small,2005-03-31,2005Q1,1,GDP,931.1903540074319,960.0207528735932,-28.830398866161318,929.8603845722427,930.3901400248576,931.1611337600775,932.0052520757042,932.6204535928566
mango_rmse_random,small,2005-03-31,2005Q2,2,GDP,931.9515300489553,960.5061772591148,-28.554647210159487,929.7398427160845,930.6562474263453,931.9346823722881,933.2404648122888,934.093189055736
mango_rmse_random,small,2005-03-31,2005Q3,3,GDP,932.8015032963697,961.2887292981801,-28.487226001810427,929.9672954174292,931.0899384826421,932.7847880564022,934.54002966594,935.6298506153349
mango_rmse_random,small,2005-03-31,2005Q4,4,GDP,933.5549204230525,961.8550509042607,-28.300130481208157,930.1611747579891,931.5240675762639,933.4892121189395,935.6187830440318,937.1417239778475
mango_rmse_random,small,2005-03-31,2006Q1,5,GDP,934.2410590602833,963.1947034740143,-28.953644413731013,930.3126801483251,931.9004384775664,934.1713010856779,936.6716769527501,938.3860865984401
mango_rmse_random,small,2005-03-31,2006Q2,6,GDP,934.9572488597637,963.4399861405379,-28.482737280774245,930.4857449190346,932.2997461008433,934.8740887234745,937.6777464722137,939.5193503176389
mango_rmse_random,small,2005-03-31,2006Q3,7,GDP,935.6845486926079,963.5903292567261,-27.90578056411823,930.6788521493276,932.6376474999166,935.5763226076976,938.7772813155693,940.8077204962825
mango_rmse_random,small,2005-03-31,2006Q4,8,GDP,936.3342758109028,964.4305015999738,-28.096225789071013,930.8969194975238,933.0409632494104,936.2577931983901,939.7052866329856,941.7897142914909
mango_rmse_random,small,2005-06-30,2005Q2,1,DEFL,470.6636699889779,446.6850203488912,23.9786496400867,470.2013344938442,470.3666464824695,470.6648128761841,470.94608440080407,471.13040251913634
mango_rmse_random,small,2005-06-30,2005Q3,2,DEFL,471.3723081282965,447.5903970265225,23.78191110177397,470.54861091515085,470.85421888540515,471.3687236654529,471.87082345173417,472.2006712898207
mango_rmse_random,small,2005-06-30,2005Q4,3,DEFL,472.13390742538456,448.39625430524006,23.7376531201445,470.89091751387826,471.3918943628445,472.1292090915021,472.87140166243927,473.3835195448886
mango_rmse_random,small,2005-06-30,2006Q1,4,DEFL,472.93868150997844,449.0981931357204,23.84048837425803,471.22666591830176,471.9303279300612,472.93309889522504,473.9405517887843,474.65714060931424
mango_rmse_random,small,2005-06-30,2006Q2,5,DEFL,473.7633694800447,449.9809670330265,23.78240244701817,471.52032958325435,472.38804185661854,473.7715401905534,475.09491441994874,476.0090674636814
mango_rmse_random,small,2005-06-30,2006Q3,6,DEFL,474.5935989330488,450.6763216075208,23.917277325528005,471.7782218613111,472.837381252021,474.6195515795161,476.28516543576853,477.4338906939007
mango_rmse_random,small,2005-06-30,2006Q4,7,DEFL,475.43672968885727,451.0496803385384,24.387049350318875,471.99175827581865,473.3020365274821,475.492545799891,477.5017994804547,478.89840013522104
mango_rmse_random,small,2005-06-30,2007Q1,8,DEFL,476.3012011057966,452.0037044010234,24.29749670477321,472.19309320672886,473.766054119467,476.37457413684496,478.767998959923,480.3981559922334
mango_rmse_random,small,2005-06-30,2005Q2,1,FFR,2.797371825048152,2.9433333333333334,-0.14596150828518129,1.4319470495487097,1.9541426206352446,2.7801852517931156,3.623716574180138,4.220717011089138
mango_rmse_random,small,2005-06-30,2005Q3,2,FFR,3.162375275077417,3.4599999999999995,-0.29762472492258274,0.9641961903885113,1.8141160525678655,3.1597072424771846,4.568042022684779,5.449634725949871
mango_rmse_random,small,2005-06-30,2005Q4,3,FFR,3.4479388403716715,3.98,-0.5320611596283285,0.7197360971947526,1.7567497848344986,3.4193355623450365,5.0803097887953,6.292142562512681
mango_rmse_random,small,2005-06-30,2006Q1,4,FFR,3.626251043146852,4.456666666666667,-0.8304156235198148,0.5134095064221933,1.6060805688234447,3.638046921053753,5.551257340030913,7.008740523355096
mango_rmse_random,small,2005-06-30,2006Q2,5,FFR,3.805442541267161,4.906666666666667,-1.101224125399506,0.11143235416935428,1.5596753282463518,3.801523023442981,5.982610633337688,7.454712982634312
mango_rmse_random,small,2005-06-30,2006Q3,6,FFR,3.9651736091046015,5.246666666666667,-1.2814930575620656,-0.0709231629359301,1.6031847014446026,3.950174467671231,6.353326003706853,8.2684861416206
mango_rmse_random,small,2005-06-30,2006Q4,7,FFR,4.08217043260004,5.246666666666667,-1.1644962340666272,-0.2504865182463987,1.4302120141243169,4.131825468954128,6.761749249486304,8.505136291707563
mango_rmse_random,small,2005-06-30,2007Q1,8,FFR,4.191896789702467,5.256666666666667,-1.0647698769642,-0.4570851442107132,1.416807611111096,4.221378043984419,6.868614115619793,8.973230245024178
mango_rmse_random,small,2005-06-30,2005Q2,1,GDP,932.2714214402997,960.5061772591148,-28.234755818815074,930.9746830366532,931.4800126600618,932.2585185041509,933.0893227258567,933.6382526641129
mango_rmse_random,small,2005-06-30,2005Q3,2,GDP,933.029213420357,961.2887292981801,-28.259515877823105,930.9696110653782,931.7274589466382,933.0064671876073,934.3018979155802,935.2041948851916
mango_rmse_random,small,2005-06-30,2005Q4,3,GDP,933.7010824677395,961.8550509042607,-28.153968436521154,930.9137215214457,932.0455546795187,933.6379761302101,935.4386273389185,936.5264983468837
mango_rmse_random,small,2005-06-30,2006Q1,4,GDP,934.3244552810808,963.1947034740143,-28.87024819293356,930.9072424430052,932.3334911480025,934.2642902666921,936.4143271428995,937.8978808173331
mango_rmse_random,small,2005-06-30,2006Q2,5,GDP,934.9737863396258,963.4399861405379,-28.466199800912136,931.0298631398782,932.5953489207775,934.9946207360592,937.3603206684492,938.9096606161276
mango_rmse_random,small,2005-06-30,2006Q3,6,GDP,935.6356476786362,963.5903292567261,-27.95468157808989,931.1432570059194,932.9346135729362,935.6201195832832,938.2642657451752,940.0631815048035
mango_rmse_random,small,2005-06-30,2006Q4,7,GDP,936.2992319018206,964.4305015999738,-28.131269698153233,931.2333720211616,933.2766843876042,936.3071864341332,939.2839014573085,941.3065886011402
mango_rmse_random,small,2005-06-30,2007Q1,8,GDP,936.9420101565485,964.7236703008948,-27.781660144346347,931.506873350188,933.7117377321124,936.9618644326015,940.1809203086304,942.266392502623
mango_rmse_random,small,2005-09-30,2005Q3,1,DEFL,472.2112909592156,447.5903970265225,24.620893932693093,471.754667443703,471.9200509048432,472.21499370702725,472.48702971143473,472.66270728919807
mango_rmse_random,small,2005-09-30,2005Q4,2,DEFL,473.01017224706345,448.39625430524006,24.613917941823388,472.20619814117515,472.542405567308,473.0105609040196,473.500625593182,473.7866623351832
mango_rmse_random,small,2005-09-30,2006Q1,3,DEFL,473.85262396603224,449.0981931357204,24.754430830311833,472.64524878016914,473.1412638501099,473.88319056661874,474.55034239370315,475.0144450016847
mango_rmse_random,small,2005-09-30,2006Q2,4,DEFL,474.70330617779524,449.9809670330265,24.72233914476874,473.1184226641432,473.7210807808227,474.7520014157819,475.6361302391182,476.2876155212537
mango_rmse_random,small,2005-09-30,2006Q3,5,DEFL,475.5737111250132,450.6763216075208,24.8973895174924,473.5060013171915,474.2558018547301,475.60660509701506,476.8170480928943,477.6047841375883
mango_rmse_random,small,2005-09-30,2006Q4,6,DEFL,476.47707652302,451.0496803385384,25.42739618448161,473.8050374698649,474.84584696617986,476.51025463008216,478.0491550829718,479.0505350253339
mango_rmse_random,small,2005-09-30,2007Q1,7,DEFL,477.41090450237914,452.0037044010234,25.407200101355727,474.11250642543786,475.3956997935347,477.4313954272434,479.39726034040905,480.535777144755
mango_rmse_random,small,2005-09-30,2007Q2,8,DEFL,478.3738878330532,452.67004072796027,25.703847105092905,474.4167625087805,476.007657497182,478.4203649533574,480.69811906212925,482.06300283301954
mango_rmse_random,small,2005-09-30,2005Q3,1,FFR,3.28425026686413,3.4599999999999995,-0.1757497331358695,1.8829173342499623,2.437508638518995,3.2788397484276564,4.138005139685486,4.66299409914256
mango_rmse_random,small,2005-09-30,2005Q4,2,FFR,3.3411748275353768,3.98,-0.6388251724646232,1.1915953479200307,1.9582505044247374,3.3202446352178336,4.7204405203902455,5.565919509526057
mango_rmse_random,small,2005-09-30,2006Q1,3,FFR,3.4126826824607828,4.456666666666667,-1.0439839842058842,0.7317136191612567,1.770987517138766,3.3942688476239438,5.088737779687706,6.3102242450141715
mango_rmse_random,small,2005-09-30,2006Q2,4,FFR,3.6180456745435374,4.906666666666667,-1.2886209921231297,0.25017354961537697,1.6534530399705016,3.6245203957869556,5.594620272091717,6.956302849278282
mango_rmse_random,small,2005-09-30,2006Q3,5,FFR,3.8104198033778403,5.246666666666667,-1.4362468632888268,-0.04216705032038941,1.614299477902434,3.8128870428950004,6.064071614479867,7.604174539939069
mango_rmse_random,small,2005-09-30,2006Q4,6,FFR,3.908809809168959,5.246666666666667,-1.3378568574977079,-0.2424151261050327,1.3879364678744044,3.9331685589515883,6.3811690814101425,8.02774522849774
mango_rmse_random,small,2005-09-30,2007Q1,7,FFR,3.9770363954578056,5.256666666666667,-1.2796302712088612,-0.525753384230645,1.253372325495029,4.030953238466157,6.680842270825795,8.465085018577136
mango_rmse_random,small,2005-09-30,2007Q2,8,FFR,4.118084621770498,5.25,-1.1319153782295022,-0.8068305517855695,1.1946023147364553,4.176825233526882,6.967765339140898,8.833568667126118
mango_rmse_random,small,2005-09-30,2005Q3,1,GDP,931.9856313381696,961.2887292981801,-29.30309796001052,930.6772826888346,931.2172363544257,931.964774351384,932.7495206863434,933.3509527190785
mango_rmse_random,small,2005-09-30,2005Q4,2,GDP,932.5054972937846,961.8550509042607,-29.34955361047605,930.4109164968368,931.179807415854,932.5086640235504,933.8501002255497,934.6554786219842
mango_rmse_random,small,2005-09-30,2006Q1,3,GDP,933.0656909754532,963.1947034740143,-30.12901249856111,930.1816699735064,931.3617053756049,933.0649952538665,934.8528402638765,935.9016230991103
mango_rmse_random,small,2005-09-30,2006Q2,4,GDP,933.7406686756253,963.4399861405379,-29.69931746491261,930.2727141408067,931.6620330717288,933.7730565887157,935.8425394351782,937.1078154742667
mango_rmse_random,small,2005-09-30,2006Q3,5,GDP,934.380587334996,963.5903292567261,-29.209741921730142,930.2856867784976,931.9705749292731,934.4416992048572,936.8299657367212,938.3305714613222
mango_rmse_random,small,2005-09-30,2006Q4,6,GDP,935.0135580570939,964.4305015999738,-29.41694354287995,930.3904334151774,932.3509935998245,935.080182351107,937.7412108968656,939.5020258887465
mango_rmse_random,small,2005-09-30,2007Q1,7,GDP,935.6595136744772,964.7236703008948,-29.06415662641757,930.4662015385311,932.6437000131674,935.719766728866,938.6629923657465,940.7477046863469
mango_rmse_random,small,2005-09-30,2007Q2,8,GDP,936.288683403579,965.3600754705748,-29.071392066995827,930.6985590388969,933.051795385799,936.2888781493259,939.6145886903807,941.6790186369903
mango_rmse_random,small,2005-12-31,2005Q4,1,DEFL,473.17222839455667,448.39625430524006,24.775974089316605,472.7188543384453,472.8806446398993,473.17708907023564,473.44978279928864,473.62994402776656
mango_rmse_random,small,2005-12-31,2006Q1,2,DEFL,474.0749980205353,449.0981931357204,24.976804884814896,473.2704214631498,473.57638838199233,474.0662185443723,474.54994954247354,474.8787581237667
mango_rmse_random,small,2005-12-31,2006Q2,3,DEFL,474.98786466967164,449.9809670330265,25.006897636645135,473.8177219319198,474.2723129965396,475.0086327624738,475.66841363536366,476.1872962416074
mango_rmse_random,small,2005-12-31,2006Q3,4,DEFL,475.96588493456665,450.6763216075208,25.28956332704587,474.41531831203594,475.00805480406984,475.9975413622618,476.8724105304992,477.5826362106919
mango_rmse_random,small,2005-12-31,2006Q4,5,DEFL,476.9658765893711,451.0496803385384,25.916196250832684,474.96158807457095,475.6801927874544,476.9934201341441,478.17003503810014,479.05956960322175
mango_rmse_random,small,2005-12-31,2007Q1,6,DEFL,477.9887070817562,452.0037044010234,25.985002680732805,475.46935854916313,476.42932165954943,477.97887446056234,479.5275329729087,480.62263652954493
mango_rmse_random,small,2005-12-31,2007Q2,7,DEFL,479.03411013496645,452.67004072796027,26.364069407006184,476.00144186190494,477.1209823875476,479.0174677140847,480.9093407982423,482.31474415407297
mango_rmse_random,small,2005-12-31,2007Q3,8,DEFL,480.1107439623601,453.18788034112526,26.922863621234853,476.527117535479,477.8449112546849,480.09157485575554,482.3131698594931,483.9856991985088
mango_rmse_random,small,2005-12-31,2005Q4,1,FFR,3.7738119317331975,3.98,-0.20618806826680247,2.4284242210009883,2.958063859727882,3.7644603399046233,4.578912750034321,5.1689962683032595
mango_rmse_random,small,2005-12-31,2006Q1,2,FFR,4.0037835893564395,4.456666666666667,-0.4528830773102275,1.811968009386919,2.6808571955287395,3.9929912823204745,5.395177105469822,6.175725156803956
mango_rmse_random,small,2005-12-31,2006Q2,3,FFR,4.205473866433877,4.906666666666667,-0.7011928002327901,1.526461612999043,2.549676595335819,4.185494161832176,5.904457879747084,7.0389955930107995
mango_rmse_random,small,2005-12-31,2006Q3,4,FFR,4.369480327110606,5.246666666666667,-0.8771863395560606,1.2013478976088736,2.4186836572409476,4.332496556207093,6.309155148908154,7.5796655633102406
mango_rmse_random,small,2005-12-31,2006Q4,5,FFR,4.525094425008839,5.246666666666667,-0.7215722416578281,0.8615317542426264,2.3501868920217928,4.462838899329276,6.8062302914870845,8.23093882515337
mango_rmse_random,small,2005-12-31,2007Q1,6,FFR,4.634714605339262,5.256666666666667,-0.6219520613274048,0.5355855119052336,2.1124265615944853,4.666378877615108,7.08595082220921,8.7203147597522
mango_rmse_random,small,2005-12-31,2007Q2,7,FFR,4.745747199210309,5.25,-0.5042528007896907,0.30012337837038194,2.0683480907686063,4.697415038976919,7.465244239724008,9.212031452527473
mango_rmse_random,small,2005-12-31,2007Q3,8,FFR,4.8592604172543545,5.073333333333333,-0.21407291607897871,0.07929863745134011,2.023385598683373,4.903324273783456,7.67957281381677,9.574054002743447
mango_rmse_random,small,2005-12-31,2005Q4,1,GDP,933.0373412557786,961.8550509042607,-28.817709648482037,931.7250919481605,932.2810733925127,933.0139624503491,933.8190332783796,934.4037178845139
mango_rmse_random,small,2005-12-31,2006Q1,2,GDP,933.6654511503862,963.1947034740143,-29.529252323628157,931.6230527502569,932.3848410154129,933.6377635427821,934.9812907715981,935.8616097386172
mango_rmse_random,small,2005-12-31,2006Q2,3,GDP,934.2850572035355,963.4399861405379,-29.15492893700241,931.5587501276642,932.6117411105488,934.3035335454624,935.9550094882703,937.0346192034419
mango_rmse_random,small,2005-12-31,2006Q3,4,GDP,934.8871028334465,963.5903292567261,-28.703226423279602,931.5340451076822,932.8323094989138,934.865187841733,936.9907230194486,938.2659726032206
mango_rmse_random,small,2005-12-31,2006Q4,5,GDP,935.4753769498345,964.4305015999738,-28.955124650139282,931.5567439685572,933.1479712456785,935.4641004526743,937.8713764631669,939.4401025213502
mango_rmse_random,small,2005-12-31,2007Q1,6,GDP,936.0960526934339,964.7236703008948,-28.627617607460934,931.492610232791,933.4174007138859,936.0897250702421,938.8312090728444,940.6609054798416
mango_rmse_random,small,2005-12-31,2007Q2,7,GDP,936.7095426879526,965.3600754705748,-28.650532782622122,931.7084482211432,933.6567372260532,936.7151026312571,939.7905526759822,941.732409254643
mango_rmse_random,small,2005-12-31,2007Q3,8,GDP,937.317669046156,965.9605755120938,-28.642906465937813,931.878563013083,933.9587145667815,937.2497037339018,940.6223467809084,942.6888930480701
mango_rmse_random,small,2006-03-31,2006Q1,1,DEFL,474.0964746205746,449.0981931357204,24.998281484854203,473.63283031825824,473.817090291911,474.0965934225216,474.3735663508569,474.5540149360942
mango_rmse_random,small,2006-03-31,2006Q2,2,DEFL,475.0239396366068,449.9809670330265,25.042972603580324,474.22993681150274,474.537307088529,475.0267050584196,475.5056624179556,475.80715810831407
mango_rmse_random,small,2006-03-31,2006Q3,3,DEFL,476.00497845985933,450.6763216075208,25.328656852338554,474.84693505030395,475.2987199932328,476.01804053973984,476.70752362591725,477.14963486023225
mango_rmse_random,small,2006-03-31,2006Q4,4,DEFL,476.9963072938615,451.0496803385384,25.946626955323097,475.43665557116117,476.044688174955,477.0072471958501,477.9231812795861,478.61240117347114
mango_rmse_random,small,2006-03-31,2007Q1,5,DEFL,478.0236543477873,452.0037044010234,26.019949946763916,475.9765148317141,476.77434194776004,478.0568406912255,479.2299719588845,480.1316755992982
mango_rmse_random,small,2006-03-31,2007Q2,6,DEFL,479.0598594075336,452.67004072796027,26.389818679573352,476.5130403974644,477.4729109425612,479.06810963141777,480.5990396615197,481.78675794744186
mango_rmse_random,small,2006-03-31,2007Q3,7,DEFL,480.1167323285978,453.18788034112526,26.928851987472513,477.07184356738344,478.20293250487015,480.0922894522832,481.963908858967,483.39986729837426
mango_rmse_random,small,2006-03-31,2007Q4,8,DEFL,481.19653392275853,453.61094550558823,27.5855884171703,477.5736190973246,478.9788319183263,481.1853383645148,483.42695652366035,485.0821705977761
mango_rmse_random,small,2006-03-31,2006Q1,1,FFR,4.193528753193501,4.456666666666667,-0.26313791347316595,2.8403931658926544,3.392469982949816,4.186903711356947,5.0180284706467795,5.610529016048437
mango_rmse_random,small,2006-03-31,2006Q2,2,FFR,4.274902120582374,4.906666666666667,-0.6317645460842929,2.119960196076724,2.8938363703178176,4.242283588658008,5.6654811354604435,6.449437091047626
mango_rmse_random,small,2006-03-31,2006Q3,3,FFR,4.395684486474446,5.246666666666667,-0.8509821801922213,1.7474461610868117,2.774723082077052,4.345291876377145,6.106923594753099,7.1282094951070745
mango_rmse_random,small,2006-03-31,2006Q4,4,FFR,4.528030463859301,5.246666666666667,-0.7186362028073656,1.3776841038409777,2.640842287395882,4.48342223658733,6.490717166136603,7.73846766538512
mango_rmse_random,small,2006-03-31,2007Q1,5,FFR,4.642447676305848,5.256666666666667,-0.6142189903608184,1.0167933566909495,2.4636485661159315,4.550379435690527,6.895963207597231,8.342471388203831
mango_rmse_random,small,2006-03-31,2007Q2,6,FFR,4.7329358142652325,5.25,-0.5170641857347675,0.7601069563426136,2.31454093368824,4.6987227267517415,7.0588991768382545,8.688738012472971
mango_rmse_random,small,2006-03-31,2007Q3,7,FFR,4.807213832054172,5.073333333333333,-0.26611950127916106,0.3925493218527185,2.235780008288938,4.819659592227719,7.354725888261242,9.062076085801312
mango_rmse_random,small,2006-03-31,2007Q4,8,FFR,4.938134080533826,4.496666666666667,0.4414674138671586,0.25311456531241483,2.0958187576570175,5.0214218979462135,7.6676378006193024,9.428105375673114
mango_rmse_random,small,2006-03-31,2006Q1,1,GDP,933.3448243988678,963.1947034740143,-29.849879075146532,932.0541157094776,932.5557725704821,933.3110188390672,934.144648849181,934.6939848966955
mango_rmse_random,small,2006-03-31,2006Q2,2,GDP,933.8275695146468,963.4399861405379,-29.612416625891115,931.7171733856723,932.5358488524532,933.8242903745445,935.1001541078415,935.9430536823439
mango_rmse_random,small,2006-03-31,2006Q3,3,GDP,934.3523478340761,963.5903292567261,-29.237981422650023,931.4809614590317,932.68429535924,934.3787637661621,936.0028166818572,937.0624171445344
mango_rmse_random,small,2006-03-31,2006Q4,4,GDP,934.9023402530433,964.4305015999738,-29.52816134693046,931.5631876355303,932.9033669343826,934.9097632054334,936.8648541611244,938.1363338812085
mango_rmse_random,small,2006-03-31,2007Q1,5,GDP,935.4797434754566,964.7236703008948,-29.243926825438166,931.6200160263417,933.1220350048184,935.5155318271484,937.8014167757182,939.3532004894217
mango_rmse_random,small,2006-03-31,2007Q2,6,GDP,936.0852527515048,965.3600754705748,-29.274822719070016,931.5601030762915,933.4028274101133,936.1604967335655,938.6954176079742,940.4469059233595
mango_rmse_random,small,2006-03-31,2007Q3,7,GDP,936.7294218019845,965.9605755120938,-29.23115371010931,931.6148549664913,933.7577124221473,936.7738290283132,939.5747640006126,941.637737639422
mango_rmse_random,small,2006-03-31,2007Q4,8,GDP,937.3333192368493,966.5683687041123,-29.235049467263025,931.8542145461072,934.0974393602809,937.3942205136755,940.5571933369529,942.5944820786494
mango_rmse_random,small,2006-06-30,2006Q2,1,DEFL,474.7905922291611,449.9809670330265,24.80962519613462,474.2857023405793,474.46100473584534,474.7922702497327,475.1022032217597,475.3192524382126
mango_rmse_random,small,2006-06-30,2006Q3,2,DEFL,475.65810328678765,450.6763216075208,24.981781679266874,474.7892199361028,475.1250629062738,475.6618382334713,476.1810243646222,476.5329854867726
mango_rmse_random,small,2006-06-30,2006Q4,3,DEFL,476.53708139509735,451.0496803385384,25.48740105655895,475.2981064818845,475.7744707373359,476.5573232150391,477.27572524458185,477.8079345902607
mango_rmse_random,small,2006-06-30,2007Q1,4,DEFL,477.4365313516559,452.0037044010234,25.43282695063249,475.7231483311496,476.4303928094086,477.4569440489313,478.4339208867195,479.1478758169869
mango_rmse_random,small,2006-06-30,2007Q2,5,DEFL,478.35821952597286,452.67004072796027,25.688178798012586,476.2060082457956,477.0669811082171,478.3650925637113,479.63275079954144,480.50128310636717
mango_rmse_random,small,2006-06-30,2007Q3,6,DEFL,479.2859570918978,453.18788034112526,26.09807675077252,476.58327195403336,477.68201338569946,479.300983131383,480.88651026937004,481.8599484429468
mango_rmse_random,small,2006-06-30,2007Q4,7,DEFL,480.22403942459505,453.61094550558823,26.613093919006815,477.00941943947265,478.3041138530148,480.2613883921664,482.1274668365252,483.3466653028101
mango_rmse_random,small,2006-06-30,2008Q1,8,DEFL,481.17592577783915,453.9617817747856,27.214144003053548,477.5062018700306,478.9379843838598,481.2350108494502,483.41579313551586,484.8411443300802
mango_rmse_random,small,2006-06-30,2006Q2,1,FFR,4.741075717781265,4.906666666666667,-0.16559094888540216,3.3229434172474845,3.8516589656139484,4.733601801399125,5.626785516391231,6.258815934321938
mango_rmse_random,small,2006-06-30,2006Q3,2,FFR,4.896403992928401,5.246666666666667,-0.3502626737382659,2.720076339597421,3.5624997527346247,4.893631565704796,6.241927324432103,7.115154585811179
mango_rmse_random,small,2006-06-30,2006Q4,3,FFR,5.026046415338002,5.246666666666667,-0.2206202513286648,2.4498977751084174,3.412598106119014,5.035185902376842,6.6310134384449215,7.803113053123971
mango_rmse_random,small,2006-06-30,2007Q1,4,FFR,5.154458954269496,5.256666666666667,-0.10220771239717052,2.1518696566746205,3.257643058500637,5.14873928969282,7.025468832999273,8.307315643061465
mango_rmse_random,small,2006-06-30,2007Q2,5,FFR,5.254164292972237,5.25,0.0041642929722369715,1.8801250088926378,3.1942518322309033,5.191059963606536,7.411129135663566,8.745798423823219
mango_rmse_random,small,2006-06-30,2007Q3,6,FFR,5.315629249145466,5.073333333333333,0.24229591581213317,1.645562510737172,3.041016181011748,5.352665408729509,7.6610622228477485,9.073523119332826
mango_rmse_random,small,2006-06-30,2007Q4,7,FFR,5.350942640670723,4.496666666666667,0.8542759740040555,1.2973014964519054,2.923484982750451,5.333714441295609,7.793806630098258,9.346141913948445
mango_rmse_random,small,2006-06-30,2008Q1,8,FFR,5.4209180317215155,3.1766666666666663,2.2442513650548492,0.9999217042209693,2.9134330687363645,5.454309498874702,7.982539482764426,9.642694278331975
mango_rmse_random,small,2006-06-30,2006Q2,1,GDP,934.9112359566057,963.4399861405379,-28.52875018393229,933.5841466987221,934.0946460672355,934.8762030501241,935.7331798442872,936.3881382073434
mango_rmse_random,small,2006-06-30,2006Q3,2,GDP,935.6417010857572,963.5903292567261,-27.94862817096896,933.497005794853,934.3458081373327,935.6512451643395,936.9526918718085,937.7382380557476
mango_rmse_random,small,2006-06-30,2006Q4,3,GDP,936.3538042839799,964.4305015999738,-28.076697315993897,933.6085424089304,934.6390916313926,936.3779260238413,937.9918067070956,939.0278986451962
mango_rmse_random,small,2006-06-30,2007Q1,4,GDP,937.0809169818931,964.7236703008948,-27.642753319001713,933.8949179570899,935.0411057383149,937.1108756566425,939.0030276722703,940.3542187549456
mango_rmse_random,small,2006-06-30,2007Q2,5,GDP,937.7785137520958,965.3600754705748,-27.58156171847895,934.0382539263686,935.5054445314684,937.7971112780485,939.9879015424052,941.598312318799
mango_rmse_random,small,2006-06-30,2007Q3,6,GDP,938.4920067998106,965.9605755120938,-27.468568712283172,934.3148951341732,935.9646785331068,938.4939817064712,941.0353794405482,942.6274679096801
mango_rmse_random,small,2006-06-30,2007Q4,7,GDP,939.2223121278515,966.5683687041123,-27.34605657626082,934.5116392588596,936.4625538340503,939.2079925949636,942.039175125429,943.9361919473887
mango_rmse_random,small,2006-06-30,2008Q1,8,GDP,939.9156085370145,966.1601069749734,-26.244498437958896,934.9337276340264,936.8509682117871,939.910053762845,942.9128499888863,945.0609151143084
mango_rmse_random,small,2006-09-30,2006Q3,1,DEFL,476.15542053839044,450.6763216075208,25.479098930869668,475.7023513436,475.8581562700822,476.1585309852376,476.4304036500312,476.60905869700593
mango_rmse_random,small,2006-09-30,2006Q4,2,DEFL,477.07555200349594,451.0496803385384,26.02587166495755,476.26702648519915,476.59681663885834,477.0732689201394,477.5560904453506,477.8688838007
mango_rmse_random,small,2006-09-30,2007Q1,3,DEFL,478.02417620186907,452.0037044010234,26.020471800845655,476.8633035737228,477.2862893791732,478.035050974036,478.71622285302084,479.1669459541277
mango_rmse_random,small,2006-09-30,2007Q2,4,DEFL,478.9804860228237,452.67004072796027,26.310445294863428,477.38315146407245,477.9914717574094,478.996781068823,479.9206203431765,480.505335140885
mango_rmse_random,small,2006-09-30,2007Q3,5,DEFL,479.958626041862,453.18788034112526,26.77074570073671,477.9265303635984,478.6521191639823,480.00400621606366,481.1642827864883,481.9766676411332
mango_rmse_random,small,2006-09-30,2007Q4,6,DEFL,480.9479410991833,453.61094550558823,27.336995593595077,478.3874595105547,479.3136388389479,480.9971166782011,482.4878486148669,483.42591906198584
mango_rmse_random,small,2006-09-30,2008Q1,7,DEFL,481.9487063482965,453.9617817747856,27.98692457351092,478.82404660138025,479.946031537009,482.0162198910509,483.8188996241695,484.9352257649954
mango_rmse_random,small,2006-09-30,2008Q2,8,DEFL,482.96180896571053,454.46768055591286,28.494128409797668,479.3089220538087,480.6253694159932,483.0003024722773,485.1858621857306,486.6307952074634
mango_rmse_random,small,2006-09-30,2006Q3,1,FFR,5.1044351880663035,5.246666666666667,-0.14223147860036356,3.729585481248224,4.259599388253336,5.118066029320909,5.918469626897969,6.452551656297586
mango_rmse_random,small,2006-09-30,2006Q4,2,FFR,5.136364370392433,5.246666666666667,-0.11030229627423438,2.981790134559973,3.8084326467489467,5.110552632939941,6.503107366876831,7.285368535722034
mango_rmse_random,small,2006-09-30,2007Q1,3,FFR,5.197720133131752,5.256666666666667,-0.058946533534914636,2.523999225363761,3.631881567005546,5.172271065707193,6.826895285492384,7.93176685428923
mango_rmse_random,small,2006-09-30,2007Q2,4,FFR,5.290519474921212,5.25,0.04051947492121233,2.1945377567312714,3.4069574068309847,5.314546484183191,7.120820610003593,8.405834895360366
mango_rmse_random,small,2006-09-30,2007Q3,5,FFR,5.3674777811891925,5.073333333333333,0.29414444785585925,1.8664333212733322,3.1364876576572813,5.323069046534462,7.49013322391238,8.889177618189253
mango_rmse_random,small,2006-09-30,2007Q4,6,FFR,5.394492969650346,4.496666666666667,0.8978263029836793,1.4816820766638772,3.0461683653975546,5.441589188947305,7.738546932286842,9.280610921373952
mango_rmse_random,small,2006-09-30,2008Q1,7,FFR,5.428457408731175,3.1766666666666663,2.2517907420645087,1.1607342407938572,2.869902169684908,5.464272806315357,7.96235200418609,9.66788897861445
mango_rmse_random,small,2006-09-30,2008Q2,8,FFR,5.510354109177636,2.0866666666666664,3.42368744251097,1.1268027077560432,2.7847070618261887,5.542860784408321,8.252819030672303,9.798335083642383
mango_rmse_random,small,2006-09-30,2006Q3,1,GDP,934.6023603489766,963.5903292567261,-28.98796890774952,933.3500127345236,933.8214342889344,934.5798591132822,935.4069456991336,935.9650011119608
mango_rmse_random,small,2006-09-30,2006Q4,2,GDP,935.1435247924708,964.4305015999738,-29.286976807503038,933.0227933427083,933.8651904616822,935.1170712696238,936.4451881453178,937.2438324130335
mango_rmse_random,small,2006-09-30,2007Q1,3,GDP,935.7207356431326,964.7236703008948,-29.00293465776224,932.9543207712594,934.0308707852664,935.7205925052053,937.3856237981804,938.5259899005772
mango_rmse_random,small,2006-09-30,2007Q2,4,GDP,936.3412643024353,965.3600754705748,-29.01881116813945,932.9582148740694,934.2683261186389,936.3279926221635,938.3908642005031,939.8007583854735
mango_rmse_random,small,2006-09-30,2007Q3,5,GDP,936.9651443472253,965.9605755120938,-28.995431164868478,933.0042738349022,934.5889072083855,936.98208638732,939.2800393353147,940.9871358042687
mango_rmse_random,small,2006-09-30,2007Q4,6,GDP,937.6141123455894,966.5683687041123,-28.954256358522912,933.0492100715799,934.8400500968996,937.6406970758619,940.2208078230635,942.0411602390781
mango_rmse_random,small,2006-09-30,2008Q1,7,GDP,938.2796462201958,966.1601069749734,-27.880460754777573,933.3165566547715,935.1939536434865,938.3941115134012,941.1261124805042,943.201654611001
mango_rmse_random,small,2006-09-30,2008Q2,8,GDP,938.9275198538523,966.730770931016,-27.803251077163623,933.4680462981675,935.6884191419626,939.0084677631721,942.1632775843049,944.2450397178574
mango_rmse_random,small,2006-12-31,2006Q4,1,DEFL,476.49523643610775,451.0496803385384,25.44555609756935,476.0419033919962,476.21904422247104,476.49627382999813,476.76973380863024,476.9467481320837
mango_rmse_random,small,2006-12-31,2007Q1,2,DEFL,477.3090254831001,452.0037044010234,25.30532108207666,476.5221925343547,476.83014772840255,477.3190269349475,477.7792753694356,478.07760751321575
mango_rmse_random,small,2006-12-31,2007Q2,3,DEFL,478.1306694817683,452.67004072796027,25.46062875380801,476.96758996433397,477.42351556440707,478.1615655684453,478.8004874566297,479.26079492247896
mango_rmse_random,small,2006-12-31,2007Q3,4,DEFL,478.8806732996551,453.18788034112526,25.69279295852982,477.3239877272778,477.9507468922183,478.91397635852786,479.77457557248823,480.39221272330894
mango_rmse_random,small,2006-12-31,2007Q4,5,DEFL,479.70211067057994,453.61094550558823,26.091165164991708,477.6878314397185,478.50619196135017,479.7341659431212,480.82707770161693,481.6320827798647
mango_rmse_random,small,2006-12-31,2008Q1,6,DEFL,480.53518799542206,453.9617817747856,26.573406220636457,478.02915940535576,479.0133290878372,480.59044439078076,481.9408373572889,482.94709607210746
mango_rmse_random,small,2006-12-31,2008Q2,7,DEFL,481.4035634886044,454.46768055591286,26.935882932691527,478.39268970332245,479.5413768265202,481.49183018044636,483.17747080048747,484.3700922069741
mango_rmse_random,small,2006-12-31,2008Q3,8,DEFL,482.2851665544594,455.2191261197205,27.06604043473891,478.748580459144,480.0553429900323,482.3534578721402,484.38381081329726,485.76286146529446
mango_rmse_random,small,2006-12-31,2006Q4,1,FFR,5.056889775858435,5.246666666666667,-0.1897768908082318,3.7477651380705512,4.248270906578175,5.040115745745888,5.840200914675505,6.455193633899789
mango_rmse_random,small,2006-12-31,2007Q1,2,FFR,4.633294211368499,5.256666666666667,-0.6233724552981679,2.549006119147706,3.306011618692817,4.629378890848876,5.935195353106299,6.747227218151295
mango_rmse_random,small,2006-12-31,2007Q2,3,FFR,4.630785100933494,5.25,-0.6192148990665061,1.9447020927349628,2.9929051785953025,4.591413088864098,6.259119993220891,7.372174982033488
mango_rmse_random,small,2006-12-31,2007Q3,4,FFR,4.828386324058741,5.073333333333333,-0.24494700927459245,1.6665592900258939,2.9286281663219795,4.863855540225116,6.667286199379187,8.006376210726705
mango_rmse_random,small,2006-12-31,2007Q4,5,FFR,4.826305325909085,4.496666666666667,0.3296386592424181,1.2878911569156128,2.6853961094789325,4.815638736578612,6.923710685636077,8.430863698836603
mango_rmse_random,small,2006-12-31,2008Q1,6,FFR,4.74462495110312,3.1766666666666663,1.5679582844364535,0.8198860115430587,2.3911381791031974,4.707381586361614,7.120225576532052,8.720629989369057
mango_rmse_random,small,2006-12-31,2008Q2,7,FFR,4.813957567585774,2.0866666666666664,2.7272909009191078,0.49556745545722075,2.3280409557209407,4.833229242448878,7.383395191442153,9.069806191428446
mango_rmse_random,small,2006-12-31,2008Q3,8,FFR,4.965090677278027,1.9400000000000002,3.025090677278027,0.35932694945783805,2.3086973689151566,4.974294902857686,7.651615055988888,9.543608791128102
mango_rmse_random,small,2006-12-31,2006Q4,1,GDP,934.7824028121478,964.4305015999738,-29.64809878782603,933.4907786256091,934.0120739171878,934.7540752358166,935.5540073489614,936.1438321238857
mango_rmse_random,small,2006-12-31,2007Q1,2,GDP,935.1318753125024,964.7236703008948,-29.591794988392394,932.9816830612311,933.8529116077525,935.1307118725005,936.3949682376357,937.2679390648264
mango_rmse_random,small,2006-12-31,2007Q2,3,GDP,935.8149191765687,965.3600754705748,-29.54515629400612,933.0701674522651,934.125518053547,935.8077166874161,937.471224228373,938.5495570835149
mango_rmse_random,small,2006-12-31,2007Q3,4,GDP,936.5982627330936,965.9605755120938,-29.36231277900015,933.265031383401,934.6243110514094,936.6087583207673,938.5658980970105,939.9514007451137
mango_rmse_random,small,2006-12-31,2007Q4,5,GDP,937.309671561014,966.5683687041123,-29.25869714309829,933.4296989321332,935.0160059761444,937.3168330379362,939.6438275400208,941.2140938080189
mango_rmse_random,small,2006-12-31,2008Q1,6,GDP,938.0112653442847,966.1601069749734,-28.148841630688707,933.597109517088,935.4443720952185,938.0554897617775,940.6292232359715,942.4301335643132
mango_rmse_random,small,2006-12-31,2008Q2,7,GDP,938.7729956746999,966.730770931016,-27.95777525631604,933.911491883384,935.7923357161192,938.7750684204382,941.717509695971,943.7245298494298
mango_rmse_random,small,2006-12-31,2008Q3,8,GDP,939.4891363825574,966.2024850530005,-26.71334867044311,934.0819681035255,936.2805626655443,939.5092650987726,942.7536869080822,944.8778758447082
mango_rmse_random,small,2007-03-31,2007Q1,1,DEFL,476.79739112797307,452.0037044010234,24.79368672694966,476.34916164039873,476.5114776167492,476.7991870787465,477.070787706927,477.2628702019252
mango_rmse_random,small,2007-03-31,2007Q2,2,DEFL,477.4732240030355,452.67004072796027,24.80318327507524,476.6815786249425,476.9874145183548,477.48640753592576,477.94654021116,478.2450100386805
mango_rmse_random,small,2007-03-31,2007Q3,3,DEFL,478.0972728890754,453.18788034112526,24.90939254795012,476.9141057898414,477.38004879720114,478.1118004037288,478.75597454636403,479.2512759458412
mango_rmse_random,small,2007-03-31,2007Q4,4,DEFL,478.71321516940634,453.61094550558823,25.102269663818106,477.1334528623396,477.75166748651804,478.7536363987482,479.62023318555225,480.22777546028715
mango_rmse_random,small,2007-03-31,2008Q1,5,DEFL,479.3758543967786,453.9617817747856,25.414072621993,477.3225582408712,478.1472392187226,479.4245496461781,480.57088797622805,481.3507673694953
mango_rmse_random,small,2007-03-31,2008Q2,6,DEFL,480.06285797179027,454.46768055591286,25.5951774158774,477.4898659896109,478.4904982302574,480.1507285388593,481.54908820618823,482.53244544258746
mango_rmse_random,small,2007-03-31,2008Q3,7,DEFL,480.77740424039655,455.2191261197205,25.55827812067605,477.58661888025273,478.86328578613615,480.8840591969922,482.6086142254402,483.81658630803054
mango_rmse_random,small,2007-03-31,2008Q4,8,DEFL,481.5094476725314,455.45608681615494,26.053360856376457,477.67761342575466,479.2813875253159,481.6185048950885,483.73022415824954,485.0950801794638
mango_rmse_random,small,2007-03-31,2007Q1,1,FFR,4.792450661980807,5.256666666666667,-0.4642160046858601,3.4986309403178364,3.9540026286644805,4.807171575348406,5.604538847001798,6.148057796762155
mango_rmse_random,small,2007-03-31,2007Q2,2,FFR,4.505599172486325,5.25,-0.7444008275136751,2.380849390463262,3.2167982718655557,4.488622081557859,5.831645468457722,6.6962848321014725
mango_rmse_random,small,2007-03-31,2007Q3,3,FFR,4.615097128020189,5.073333333333333,-0.4582362053131446,1.9117758857477287,3.0740794283459514,4.574525603542761,6.277596530296682,7.419749831633782
mango_rmse_random,small,2007-03-31,2007Q4,4,FFR,4.673363552629947,4.496666666666667,0.17669688596328026,1.5894332194412675,2.83192308006764,4.684328255856061,6.511277838467577,7.777364925876755
mango_rmse_random,small,2007-03-31,2008Q1,5,FFR,4.583540488339702,3.1766666666666663,1.4068738216730359,1.0694045224052604,2.47972848716869,4.567339713905582,6.680374633757289,8.129040790187299
mango_rmse_random,small,2007-03-31,2008Q2,6,FFR,4.549924756074549,2.0866666666666664,2.463258089407882,0.5193912109771887,2.1589774041179632,4.586603480136216,6.846027235128575,8.409273485181544
mango_rmse_random,small,2007-03-31,2008Q3,7,FFR,4.618048242346919,1.9400000000000002,2.678048242346919,0.3365660669983607,2.108917623322486,4.67359602580348,7.087908256226363,8.749727318379783
mango_rmse_random,small,2007-03-31,2008Q4,8,FFR,4.691835035827457,0.5066666666666667,4.18516836916079,0.08474289515842014,2.0451467331160704,4.733278966409937,7.257693350191916,9.125614223550386
mango_rmse_random,small,2007-03-31,2007Q1,1,GDP,935.4030273922962,964.7236703008948,-29.320642908598643,934.1502147831741,934.6478842507483,935.3514841175775,936.1869211950418,936.7648210922634
mango_rmse_random,small,2007-03-31,2007Q2,2,GDP,935.9930837878143,965.3600754705748,-29.3669916827605,933.862341917704,934.7493763748483,935.9602300103188,937.3092208092946,938.0689860696498
mango_rmse_random,small,2007-03-31,2007Q3,3,GDP,936.8336757249737,965.9605755120938,-29.126899787120124,934.0776630344255,935.2054994415201,936.8124343463484,938.5146276445298,939.5452509216644
mango_rmse_random,small,2007-03-31,2007Q4,4,GDP,937.6699527828862,966.5683687041123,-28.89841592122616,934.475645276366,935.6931202185566,937.6401407369638,939.6045023820959,940.9889813619437
mango_rmse_random,small,2007-03-31,2008Q1,5,GDP,938.4168890449414,966.1601069749734,-27.74321793003196,934.7025925151274,936.1321264750593,938.4782135694614,940.6527472426109,942.1488097817991
mango_rmse_random,small,2007-03-31,2008Q2,6,GDP,939.1997530168443,966.730770931016,-27.531017914171684,934.9907311660457,936.6540050292219,939.2470604907896,941.7483571913415,943.3507429263424
mango_rmse_random,small,2007-03-31,2008Q3,7,GDP,940.0024843479297,966.2024850530005,-26.200000705070806,935.1160743904477,937.1128035129791,940.0540288598288,942.7751854982868,944.5749613036987
mango_rmse_random,small,2007-03-31,2008Q4,8,GDP,940.7607520819682,963.9952057445751,-23.234453662606825,935.4695639939594,937.6410543244541,940.7702161598952,943.8056065180903,945.8450554462177
mango_rmse_random,small,2007-06-30,2007Q2,1,DEFL,477.95280010592893,452.67004072796027,25.28275937796866,477.48891067393464,477.6566380283674,477.9569090266954,478.2369269407845,478.4217044636593
mango_rmse_random,small,2007-06-30,2007Q3,2,DEFL,478.7632137292722,453.18788034112526,25.57533338814693,477.9526826257965,478.25934944476535,478.77086173100776,479.24380464064154,479.58113466493876
mango_rmse_random,small,2007-06-30,2007Q4,3,DEFL,479.587063046812,453.61094550558823,25.976117541223744,478.39661135324684,478.8900788270872,479.6058103445888,480.2919621762954,480.7650040519663
mango_rmse_random,small,2007-06-30,2008Q1,4,DEFL,480.4665513160747,453.9617817747856,26.50476954128908,478.847383166353,479.5230887146685,480.48251039726824,481.42655329609806,482.04530312172943
mango_rmse_random,small,2007-06-30,2008Q2,5,DEFL,481.3537841887115,454.46768055591286,26.88610363279861,479.21874072851494,480.1061277173752,481.3723742462313,482.5999063610465,483.42936021919377
mango_rmse_random,small,2007-06-30,2008Q3,6,DEFL,482.26650458715727,455.2191261197205,27.047378467436772,479.5995908551115,480.6871107390267,482.3125757993887,483.8172182537071,484.8768764027028
mango_rmse_random,small,2007-06-30,2008Q4,7,DEFL,483.19621488104593,455.45608681615494,27.740128064890996,480.0566880332564,481.29986090779244,483.2740832394463,485.08248987275715,486.2889330007356
mango_rmse_random,small,2007-06-30,2009Q1,8,DEFL,484.1525534841298,455.406634733688,28.745918750441774,480.41113168693676,481.90084773272275,484.265977473062,486.3626651948802,487.77108590640137
mango_rmse_random,small,2007-06-30,2007Q2,1,FFR,5.200786572308753,5.25,-0.049213427691246814,3.8734346307299417,4.367577511291257,5.185357766667524,6.035928735924771,6.620968253475371
mango_rmse_random,small,2007-06-30,2007Q3,2,FFR,5.231429255479593,5.073333333333333,0.15809592214626011,3.048938123648637,3.865881752486571,5.26216232938997,6.58209519254315,7.414347925228514
mango_rmse_random,small,2007-06-30,2007Q4,3,FFR,5.2552848182869,4.496666666666667,0.758618151620233,2.665986240840835,3.6341837815703744,5.260415501573811,6.8243258889932745,8.012070107304005
mango_rmse_random,small,2007-06-30,2008Q1,4,FFR,5.242522930318048,3.1766666666666663,2.0658562636513813,2.1816341520135034,3.3047491413080348,5.266842314730336,7.052098456035083,8.30832068173318
mango_rmse_random,small,2007-06-30,2008Q2,5,FFR,5.296871104202902,2.0866666666666664,3.2102044375362353,1.8875191199921932,3.1487482618204203,5.338633322171556,7.333895815282362,8.831951181191668
mango_rmse_random,small,2007-06-30,2008Q3,6,FFR,5.361300478320255,1.9400000000000002,3.421300478320255,1.4374106180452952,3.0715935923035795,5.414525397829822,7.614819758352842,9.173267274279315
mango_rmse_random,small,2007-06-30,2008Q4,7,FFR,5.3980615562985745,0.5066666666666667,4.891394889631908,1.0500881891645664,2.920679751048997,5.4505979997911105,7.8118786209526405,9.55161536080255
mango_rmse_random,small,2007-06-30,2009Q1,8,FFR,5.475329342501074,0.18333333333333335,5.2919960091677405,0.9933395210952676,2.8753610789003576,5.461407875905736,8.096464192404952,9.945883905625049
mango_rmse_random,small,2007-06-30,2007Q2,1,GDP,935.9309397394995,965.3600754705748,-29.429135731075235,934.6557599773691,935.1621876440731,935.8971272253012,936.7417626016326,937.270782259603
mango_rmse_random,small,2007-06-30,2007Q3,2,GDP,936.6346713935397,965.9605755120938,-29.325904118554035,934.5572924274544,935.3640242145326,936.6248309799258,937.8955094202133,938.7479349478425
mango_rmse_random,small,2007-06-30,2007Q4,3,GDP,937.3146358087226,966.5683687041123,-29.253732895389703,934.6388042120399,935.6705594039661,937.2904790365042,938.9862863207399,940.030735827499
mango_rmse_random,small,2007-06-30,2008Q1,4,GDP,937.9862489253846,966.1601069749734,-28.173858049588716,934.7003930046576,935.9548411967407,937.9627873297421,939.9922855932917,941.3218424226015
mango_rmse_random,small,2007-06-30,2008Q2,5,GDP,938.6794843146927,966.730770931016,-28.051286616323296,934.838961401138,936.3793678506759,938.6794695919435,940.9944857771667,942.5202478130557
mango_rmse_random,small,2007-06-30,2008Q3,6,GDP,939.3821801767133,966.2024850530005,-26.820304876287196,935.0986988770419,936.7756810152488,939.3786395889432,941.8848804248277,943.5669421067913
mango_rmse_random,small,2007-06-30,2008Q4,7,GDP,940.0922098111818,963.9952057445751,-23.9029959333933,935.3238494365661,937.239231131475,940.1077838426659,942.9228647173605,944.617661462538
mango_rmse_random,small,2007-06-30,2009Q1,8,GDP,940.7446412702061,962.8226353991014,-22.077994128895284,935.8303240869441,937.5702041459109,940.7614968164191,943.8033577665393,945.6625118211059
mango_rmse_random,small,2007-09-30,2007Q3,1,DEFL,479.09562862137403,453.18788034112526,25.907748280248768,478.63855456374876,478.80780030532014,479.0973458551225,479.3742364768711,479.5710850163613
mango_rmse_random,small,2007-09-30,2007Q4,2,DEFL,479.8331144054229,453.61094550558823,26.222168899834685,479.03455974423304,479.35289628309897,479.8359847059586,480.31118144318947,480.62695695019704
mango_rmse_random,small,2007-09-30,2008Q1,3,DEFL,480.65903533019446,453.9617817747856,26.69725355540885,479.53696962455,479.9582980000891,480.6589619521186,481.3474175620989,481.8175051609632
mango_rmse_random,small,2007-09-30,2008Q2,4,DEFL,481.46868772759797,454.46768055591286,27.001007171685103,479.8878543091688,480.52584330474826,481.4849069998229,482.38859980661647,483.0389503630459
mango_rmse_random,small,2007-09-30,2008Q3,5,DEFL,482.3144908080825,455.2191261197205,27.095364688361997,480.25983328775413,481.107890488468,482.3302913181206,483.51211829578176,484.2978107702435
mango_rmse_random,small,2007-09-30,2008Q4,6,DEFL,483.17313963540715,455.45608681615494,27.717052819252217,480.6089638203816,481.64349275943016,483.20979556056693,484.70104877476103,485.63977653309223
mango_rmse_random,small,2007-09-30,2009Q1,7,DEFL,484.0595756913354,455.406634733688,28.652940957647388,480.9550279286869,482.1628108113261,484.1122862815841,485.8780819218246,487.0520500744202
mango_rmse_random,small,2007-09-30,2009Q2,8,DEFL,484.96337472020656,455.2317782083863,29.73159651182027,481.39503774958825,482.7338114922561,485.00331326728764,487.1634263528396,488.4479220493376
mango_rmse_random,small,2007-09-30,2007Q3,1,FFR,5.39707365278009,5.073333333333333,0.32374031944675696,4.073003044024205,4.587792774447493,5.408775269332718,6.206247318016884,6.723854994996435
mango_rmse_random,small,2007-09-30,2007Q4,2,FFR,5.3590847212417625,4.496666666666667,0.8624180545750955,3.3323293530260787,4.054421106059079,5.344368831673988,6.641903284653653,7.507697382655943
mango_rmse_random,small,2007-09-30,2008Q1,3,FFR,5.249401637900495,3.1766666666666663,2.0727349712338285,2.6505236337167704,3.658431268538127,5.245417047590295,6.80069271919837,7.919247957244884
mango_rmse_random,small,2007-09-30,2008Q2,4,FFR,5.26572064915064,2.0866666666666664,3.1790539824839734,2.295897301408322,3.3903118770488563,5.264103094301607,7.1235142055138345,8.327852001599636
mango_rmse_random,small,2007-09-30,2008Q3,5,FFR,5.356513427054487,1.9400000000000002,3.416513427054487,1.9759700001087654,3.2520365220846106,5.335640009434542,7.415378517279359,8.97684054375571
mango_rmse_random,small,2007-09-30,2008Q4,6,FFR,5.376500585411496,0.5066666666666667,4.869833918744829,1.560493849751002,3.0734725973109702,5.420282252639748,7.624941998998105,9.288139709517782
mango_rmse_random,small,2007-09-30,2009Q1,7,FFR,5.370163724186155,0.18333333333333335,5.186830390852822,1.3051058159887998,2.7651345501850333,5.405158003871296,7.788889244928375,9.540746158923316
mango_rmse_random,small,2007-09-30,2009Q2,8,FFR,5.428130246717163,0.18000000000000002,5.248130246717163,0.9859698707237325,2.6463961947259174,5.570876380377296,8.035482389341384,9.845629378914705
mango_rmse_random,small,2007-09-30,2007Q3,1,GDP,935.8621441559724,965.9605755120938,-30.09843135612141,934.5690821395164,935.099350251454,935.8381018490911,936.645950967509,937.302440077626
mango_rmse_random,small,2007-09-30,2007Q4,2,GDP,936.5185687323487,966.5683687041123,-30.049799971763605,934.4687816819387,935.2693472925397,936.4918234086415,937.8052654720607,938.6262572108957
mango_rmse_random,small,2007-09-30,2008Q1,3,GDP,937.1361654737162,966.1601069749734,-29.023941501257127,934.3597007115134,935.520099898675,937.1269466326879,938.7879719649914,939.8811849431246
mango_rmse_random,small,2007-09-30,2008Q2,4,GDP,937.869036712122,966.730770931016,-28.861734218893957,934.5702032346682,935.8381609042727,937.8637556915074,939.8419477507503,941.1367135752679
mango_rmse_random,small,2007-09-30,2008Q3,5,GDP,938.5728772498505,966.2024850530005,-27.629607803149952,934.8018299059482,936.2735363588813,938.5576364798133,940.8907223443698,942.3089090907331
mango_rmse_random,small,2007-09-30,2008Q4,6,GDP,939.2781227156801,963.9952057445751,-24.71708302889499,935.0106399399041,936.7084557991323,939.2491314454737,941.8429783243452,943.5109590124672
mango_rmse_random,small,2007-09-30,2009Q1,7,GDP,939.981808482148,962.8226353991014,-22.840826916953347,935.2751829004658,937.0281017368408,939.9596351621162,942.8199649650236,944.6254168569182
mango_rmse_random,small,2007-09-30,2009Q2,8,GDP,940.6547940671502,962.6532538909199,-21.998459823769736,935.4749527032154,937.5070518771955,940.7001381093778,943.7858478394991,945.7508497391684
mango_rmse_random,small,2007-12-31,2007Q4,1,DEFL,479.17013882184636,453.61094550558823,25.55919331625813,478.7044905233844,478.86956031982805,479.17675074005484,479.44976046961943,479.6367270948344
mango_rmse_random,small,2007-12-31,2008Q1,2,DEFL,479.78900731485066,453.9617817747856,25.827225540065058,478.9948921856231,479.2953927522723,479.79784088893746,480.283494279959,480.5506449350384
mango_rmse_random,small,2007-12-31,2008Q2,3,DEFL,480.4090476468986,454.46768055591286,25.94136709098575,479.2355037555061,479.69555423816365,480.4134864558612,481.0846363297395,481.52825171052274
mango_rmse_random,small,2007-12-31,2008Q3,4,DEFL,481.0255274799089,455.2191261197205,25.806401360188374,479.38239092640924,480.0691987508119,481.0396414347573,481.9809246407074,482.5811528589394
mango_rmse_random,small,2007-12-31,2008Q4,5,DEFL,481.69850145215435,455.45608681615494,26.24241463599941,479.551539653689,480.45591319297785,481.73458610341265,482.941520421516,483.6826403808214
mango_rmse_random,small,2007-12-31,2009Q1,6,DEFL,482.39984709806396,455.406634733688,26.99321236437595,479.7231729716631,480.8429444549885,482.44601623767073,483.9635536762476,484.88115623621707
mango_rmse_random,small,2007-12-31,2009Q2,7,DEFL,483.1310427303854,455.2317782083863,27.8992645219991,479.87016168586683,481.24394288598523,483.18568412756326,485.0123776462996,486.2289696230065
mango_rmse_random,small,2007-12-31,2009Q3,8,DEFL,483.8949089642928,455.33925638064517,28.555652583647657,480.12146836474074,481.6502069981428,483.9613454857,486.07759047565764,487.49564931248915
mango_rmse_random,small,2007-12-31,2007Q4,1,FFR,4.96721902262691,4.496666666666667,0.47055235596024314,3.6103524959704942,4.165035696418578,4.977055452926804,5.786555170136138,6.386088951659816
mango_rmse_random,small,2007-12-31,2008Q1,2,FFR,4.781816260387127,3.1766666666666663,1.6051495937204607,2.7097035865380774,3.463491445435176,4.749699443003553,6.123480142141906,7.001514312538214
mango_rmse_random,small,2007-12-31,2008Q2,3,FFR,4.7451751335602825,2.0866666666666664,2.658508466893616,2.167594975998034,3.1488578129781324,4.735509635981341,6.3693344866843145,7.4163937431650835
mango_rmse_random,small,2007-12-31,2008Q3,4,FFR,4.816856017376572,1.9400000000000002,2.8768560173765714,1.70345191397434,2.93129263060842,4.842174788829537,6.6799434687182275,7.894220048913408
mango_rmse_random,small,2007-12-31,2008Q4,5,FFR,4.868174624477113,0.5066666666666667,4.3615079578104465,1.399378142774951,2.749122193364907,4.8504644853445695,6.951571698478848,8.33838154513429
mango_rmse_random,small,2007-12-31,2009Q1,6,FFR,4.874485991070444,0.18333333333333335,4.691152657737111,1.0231946931005371,2.569621608638379,4.944601423557609,7.14803660200344,8.739984045696348
mango_rmse_random,small,2007-12-31,2009Q2,7,FFR,4.896294589013584,0.18000000000000002,4.716294589013584,0.724581103310566,2.425452818192843,4.94201784921299,7.31767526909271,9.029233019005504
mango_rmse_random,small,2007-12-31,2009Q3,8,FFR,4.953611425178001,0.15666666666666665,4.7969447585113345,0.4189499792202475,2.2948621178826607,4.997187407019239,7.571265504553922,9.350222212002604
mango_rmse_random,small,2007-12-31,2007Q4,1,GDP,936.9793568980523,966.5683687041123,-29.589011806060057,935.6904501913416,936.190574021343,936.9415932637711,937.776673986294,938.3686843493805
mango_rmse_random,small,2007-12-31,2008Q1,2,GDP,937.7081297959683,966.1601069749734,-28.451977179005098,935.5701772287064,936.4468003075374,937.694088297518,939.0043834096501,939.7844950506851
mango_rmse_random,small,2007-12-31,2008Q2,3,GDP,938.5532337011979,966.730770931016,-28.177537229818086,935.8894704259648,936.9257188316759,938.5868622635281,940.20142167909,941.230707839991
mango_rmse_random,small,2007-12-31,2008Q3,4,GDP,939.4490357079309,966.2024850530005,-26.753449345069612,936.2045641651506,937.5134599221293,939.4542740382417,941.3980768346761,942.6846106719119
mango_rmse_random,small,2007-12-31,2008Q4,5,GDP,940.2495162766947,963.9952057445751,-23.74568946788031,936.3786499060171,938.0014694893487,940.2511543685614,942.5430034761894,944.0424980418173
mango_rmse_random,small,2007-12-31,2009Q1,6,GDP,941.0272469935697,962.8226353991014,-21.79538840553164,936.7628842938867,938.5703474800199,941.0024192842055,943.582161911957,945.1763848672978
mango_rmse_random,small,2007-12-31,2009Q2,7,GDP,941.799346735765,962.6532538909199,-20.853907155154957,936.9200606621877,939.0139517557321,941.8225254840672,944.7039216266013,946.4398143386364
mango_rmse_random,small,2007-12-31,2009Q3,8,GDP,942.5396627682003,963.0145304911672,-20.474867722966906,937.2581331764062,939.4804332312037,942.514918882694,945.7833054267194,947.7201870495451
mango_rmse_random,small,2008-03-31,2008Q1,1,DEFL,479.8169618907475,453.9617817747856,25.8551801159619,479.36172274519754,479.53268578804574,479.81726634514973,480.0963972061395,480.2840208833417
mango_rmse_random,small,2008-03-31,2008Q2,2,DEFL,480.4384499667323,454.46768055591286,25.970769410819457,479.64461481208605,479.9692276255691,480.45023951430267,480.93303947461504,481.20999272117507
mango_rmse_random,small,2008-03-31,2008Q3,3,DEFL,481.0288408454008,455.2191261197205,25.809714725680294,479.8588567672176,480.3195071111721,481.05943371895216,481.7115723561105,482.14349019753774
mango_rmse_random,small,2008-03-31,2008Q4,4,DEFL,481.6609981893165,455.45608681615494,26.204911373161565,480.0838552434808,480.6921625923086,481.68936825407434,482.57433024744574,483.21994257173446
mango_rmse_random,small,2008-03-31,2009Q1,5,DEFL,482.32939355556823,455.406634733688,26.922758821880223,480.29310757594607,481.08733238940465,482.37061678374846,483.5343441289146,484.2590289448493
mango_rmse_random,small,2008-03-31,2009Q2,6,DEFL,483.04070767804905,455.2317782083863,27.808929469662758,480.401926113262,481.5299051665316,483.0814081346794,484.5372579095602,485.4903776736616
mango_rmse_random,small,2008-03-31,2009Q3,7,DEFL,483.782415931919,455.33925638064517,28.443159551273823,480.5618466274058,481.91443512208866,483.83908576764253,485.588178164007,486.84114586908566
mango_rmse_random,small,2008-03-31,2009Q4,8,DEFL,484.5530468529562,455.6683475771851,28.884699275771084,480.77407863698596,482.3181384062556,484.5821345396171,486.7022269375688,488.07388571493146
mango_rmse_random,small,2008-03-31,2008Q1,1,FFR,4.143984965252844,3.1766666666666663,0.9673182985861781,2.7892072463282616,3.3212045112306354,4.153557716430609,4.95032281747942,5.549166311522931
mango_rmse_random,small,2008-03-31,2008Q2,2,FFR,4.129490555558092,2.0866666666666664,2.042823888891425,2.009422559379734,2.819946171745839,4.103926241250329,5.451383010147712,6.266968680883299
mango_rmse_random,small,2008-03-31,2008Q3,3,FFR,4.216437329416724,1.9400000000000002,2.2764373294167237,1.6272741932209405,2.64575179332276,4.185180458567389,5.826492849593995,6.912952595583585
mango_rmse_random,small,2008-03-31,2008Q4,4,FFR,4.259517831895963,0.5066666666666667,3.7528511652292957,1.1169807399549774,2.4356190528759547,4.276450756527287,6.042660916745375,7.3381427847438845
mango_rmse_random,small,2008-03-31,2009Q1,5,FFR,4.332249812231483,0.18333333333333335,4.148916478898149,0.8314238149431592,2.2249090984058193,4.312984469582348,6.44416586239134,7.790215264662245
mango_rmse_random,small,2008-03-31,2009Q2,6,FFR,4.417381821277962,0.18000000000000002,4.237381821277962,0.4737042087037475,2.141045628656197,4.459612269198725,6.702445524413356,8.080734574328892
mango_rmse_random,small,2008-03-31,2009Q3,7,FFR,4.503357474032633,0.15666666666666665,4.346690807365967,0.3075658112202211,1.9824976819205795,4.519456213210187,7.036332674979612,8.467027735194211
mango_rmse_random,small,2008-03-31,2009Q4,8,FFR,4.600577456878145,0.12,4.4805774568781445,0.009413288262071598,1.972067068190544,4.635019173140241,7.255650300484193,8.90097017909477
mango_rmse_random,small,2008-03-31,2008Q1,1,GDP,937.1278642135874,966.1601069749734,-29.032242761385987,935.8751062697914,936.3495926563837,937.0919108548435,937.9134328879833,938.4636172796291
mango_rmse_random,small,2008-03-31,2008Q2,2,GDP,938.096975418967,966.730770931016,-28.633795512049005,936.0937554729682,936.854754605418,938.0789133329272,939.3620508325803,940.1108816595381
mango_rmse_random,small,2008-03-31,2008Q3,3,GDP,939.0594867267852,966.2024850530005,-27.14299832621532,936.426436789194,937.3844277106368,939.0707020275099,940.6842133753026,941.6902458469915
mango_rmse_random,small,2008-03-31,2008Q4,4,GDP,939.959202355697,963.9952057445751,-24.036003388878044,936.6578975264215,937.9558101181555,939.9586779413426,941.9313220401403,943.1936954687405
mango_rmse_random,small,2008-03-31,2009Q1,5,GDP,940.7700483733838,962.8226353991014,-22.05258702571757,936.9409280093676,938.4613998400206,940.8258967630303,943.0552687523804,944.6167448504232
mango_rmse_random,small,2008-03-31,2009Q2,6,GDP,941.5703425552724,962.6532538909199,-21.08291133564751,937.268170434345,938.8916184135238,941.5925801503136,944.1461426102629,945.9361707296001
mango_rmse_random,small,2008-03-31,2009Q3,7,GDP,942.3511117112841,963.0145304911672,-20.663418779883045,937.4828823167259,939.3542298042887,942.4638577853707,945.2953931212928,947.2694133913692
mango_rmse_random,small,2008-03-31,2009Q4,8,GDP,943.0763219244398,964.0768300067851,-21.00050808234539,937.6674892240696,939.8714569992669,943.1124079355966,946.22378319119,948.4048533541252
mango_rmse_random,small,2008-06-30,2008Q2,1,DEFL,480.38181764643724,454.46768055591286,25.914137090524378,479.91785484837146,480.08810165127903,480.3874185917978,480.67295699495213,480.85009684511937
mango_rmse_random,small,2008-06-30,2008Q3,2,DEFL,480.8898087368379,455.2191261197205,25.670682617117393,480.1107910838521,480.3954788687247,480.89497336504314,481.3790084772951,481.6930303182707
mango_rmse_random,small,2008-06-30,2008Q4,3,DEFL,481.41959178835555,455.45608681615494,25.96350497220061,480.2556409354281,480.7032857337155,481.43627889326604,482.09096218373855,482.59295921265476
mango_rmse_random,small,2008-06-30,2009Q1,4,DEFL,481.94749985035054,455.406634733688,26.54086511666253,480.34171925256425,480.9432697633979,481.98310409869237,482.886001493268,483.57170373263676
mango_rmse_random,small,2008-06-30,2009Q2,5,DEFL,482.51757437855946,455.2317782083863,27.28579617017317,480.4571065697835,481.2031261003637,482.5657469420785,483.7471069531259,484.61406619122624
mango_rmse_random,small,2008-06-30,2009Q3,6,DEFL,483.12744391008465,455.33925638064517,27.788187529439483,480.52757769022077,481.45978219282154,483.1909668662969,484.697133307246,485.7392441282776
mango_rmse_random,small,2008-06-30,2009Q4,7,DEFL,483.74854975225975,455.6683475771851,28.080202175074646,480.5577420845336,481.750580809092,483.81070995490285,485.63138040787135,486.93024239735865
mango_rmse_random,small,2008-06-30,2010Q1,8,DEFL,484.38686529684884,455.93984617419227,28.44701912265657,480.6156308085958,482.0214702926932,484.47850262441347,486.6357779290038,488.10401414955686
mango_rmse_random,small,2008-06-30,2008Q2,1,FFR,3.051456838362564,2.0866666666666664,0.9647901716958978,1.7123329473533662,2.2442052914483286,3.042509284829388,3.881857163365663,4.397175588317577
mango_rmse_random,small,2008-06-30,2008Q3,2,FFR,3.3537256842921352,1.9400000000000002,1.413725684292135,1.2752363386080132,2.0733752380723223,3.3082202427684684,4.643384420739544,5.557343366065997
mango_rmse_random,small,2008-06-30,2008Q4,3,FFR,3.381711419391163,0.5066666666666667,2.875044752724496,0.8068008754421797,1.7459007660829893,3.3670379931730308,4.9974613445767195,6.102296537191407
mango_rmse_random,small,2008-06-30,2009Q1,4,FFR,3.374933888159644,0.18333333333333335,3.1916005548263104,0.33716767250269586,1.4737598591892176,3.3727519687452014,5.237605385027141,6.460401389660169
mango_rmse_random,small,2008-06-30,2009Q2,5,FFR,3.6087266700211647,0.18000000000000002,3.4287266700211645,0.1162897792908453,1.5413481224376335,3.562724211105704,5.678133696904619,7.125066687429396
mango_rmse_random,small,2008-06-30,2009Q3,6,FFR,3.7959250029842138,0.15666666666666665,3.639258336317547,-0.2538152667104987,1.4309007504467552,3.8312039445379655,6.095548021654042,7.549990089412202
mango_rmse_random,small,2008-06-30,2009Q4,7,FFR,3.8647222476692393,0.12,3.7447222476692392,-0.5960640672677375,1.3771961752499644,3.877149731409958,6.351297420483906,8.057284482528068
mango_rmse_random,small,2008-06-30,2010Q1,8,FFR,3.952753999782153,0.13333333333333333,3.8194206664488197,-0.5445902649225728,1.2560935870426284,3.9611831659710743,6.56666156029771,8.393392987275522
mango_rmse_random,small,2008-06-30,2008Q2,1,GDP,937.651001426687,966.730770931016,-29.079769504328965,936.4032156475024,936.9025624413601,937.6181617419586,938.4267119268234,938.9770376119949
mango_rmse_random,small,2008-06-30,2008Q3,2,GDP,938.8938622466956,966.2024850530005,-27.308622806304925,936.8062818251772,937.6787356680536,938.8927524155383,940.1792354129883,940.9749787980136
mango_rmse_random,small,2008-06-30,2008Q4,3,GDP,939.8530830332653,963.9952057445751,-24.142122711309753,937.1854970228719,938.2332155222587,939.8335799791407,941.4760987217123,942.5285498182712
mango_rmse_random,small,2008-06-30,2009Q1,4,GDP,940.8149044676185,962.8226353991014,-22.00773093148291,937.7039927873077,938.8596232672762,940.7479005009236,942.7504900251032,944.0396838145614
mango_rmse_random,small,2008-06-30,2009Q2,5,GDP,941.6837078038207,962.6532538909199,-20.969546087099275,938.1582377262062,939.4343578934262,941.6594790982886,943.9154428944842,945.3861047537381
mango_rmse_random,small,2008-06-30,2009Q3,6,GDP,942.5034633660968,963.0145304911672,-20.51106712507044,938.2071133160534,939.99750769523,942.5146073554854,944.9615778666441,946.6457523066331
mango_rmse_random,small,2008-06-30,2009Q4,7,GDP,943.2733629522193,964.0768300067851,-20.803467054565886,938.5662286581367,940.4522087958518,943.2961217730192,946.141716350034,947.8623340532532
mango_rmse_random,small,2008-06-30,2010Q1,8,GDP,943.9978828614898,964.5756373732798,-20.57775451179009,938.9579572481774,940.9540854987298,943.9784097333129,947.0228976861297,949.0756428772264
mango_rmse_random,small,2008-09-30,2008Q3,1,DEFL,480.7136759974451,455.2191261197205,25.49454987772458,480.2640923688299,480.42957860794905,480.7189760471118,480.99087014952534,481.16447782440304
mango_rmse_random,small,2008-09-30,2008Q4,2,DEFL,481.1520792840279,455.45608681615494,25.69599246787294,480.38151565881043,480.66885606437086,481.1531818559896,481.64013584801717,481.91355060218524
mango_rmse_random,small,2008-09-30,2009Q1,3,DEFL,481.61713165859175,455.406634733688,26.210496924903737,480.46781659984674,480.9378240409992,481.6039130107722,482.3195069399191,482.77281123262134
mango_rmse_random,small,2008-09-30,2009Q2,4,DEFL,482.05661988592635,455.2317782083863,26.824841677540064,480.4997163643191,481.1421130483757,482.059842957303,482.99568524184684,483.61473565556526
mango_rmse_random,small,2008-09-30,2009Q3,5,DEFL,482.57538824324274,455.33925638064517,27.236131862597574,480.5477821594375,481.32857690465096,482.5997047503297,483.7600530494402,484.57463936251554
mango_rmse_random,small,2008-09-30,2009Q4,6,DEFL,483.14837360453964,455.6683475771851,27.48002602735454,480.6448736531829,481.62654148937327,483.1720570324492,484.6342141479411,485.6993677009072
mango_rmse_random,small,2008-09-30,2010Q1,7,DEFL,483.76001520295006,455.93984617419227,27.82016902875779,480.62696144787446,481.86756062153745,483.7916700251422,485.5621800010008,486.8476140652194
mango_rmse_random,small,2008-09-30,2010Q2,8,DEFL,484.4024800203237,456.42648546620876,27.975994554114948,480.69994967552964,482.2031851061891,484.47268793500814,486.5750284648539,488.0020072874338
mango_rmse_random,small,2008-09-30,2008Q3,1,FFR,2.0820626402261078,1.9400000000000002,0.1420626402261076,0.7498501641630861,1.2625689162724427,2.081566952544903,2.890653540313192,3.4257753486982594
mango_rmse_random,small,2008-09-30,2008Q4,2,FFR,2.079431477553064,0.5066666666666667,1.572764810886397,-0.0799657915997258,0.7552407041948079,2.0749373526958452,3.4241480183065427,4.2723639910279525
mango_rmse_random,small,2008-09-30,2009Q1,3,FFR,2.028339650782686,0.18333333333333335,1.8450063174493525,-0.6456311360381132,0.36770424280840847,2.056654567341669,3.6768294793754395,4.7751662503997245
mango_rmse_random,small,2008-09-30,2009Q2,4,FFR,2.2693556133398216,0.18000000000000002,2.0893556133398214,-0.8870268201369185,0.2798524915102514,2.3127244871088024,4.215735434313563,5.378529862264046
mango_rmse_random,small,2008-09-30,2009Q3,5,FFR,2.612223823529946,0.15666666666666665,2.4555571568632795,-1.0340478243636337,0.33278479403588646,2.6331844503115036,4.877954456210727,6.275958108150088
mango_rmse_random,small,2008-09-30,2009Q4,6,FFR,2.7862877961085273,0.12,2.666287796108527,-1.2329631405319605,0.37042956729798543,2.830147189650982,5.130369291559436,6.813407841481749
mango_rmse_random,small,2008-09-30,2010Q1,7,FFR,2.899795100407477,0.13333333333333333,2.766461767074144,-1.3866075483595302,0.41560367843211377,2.937717002005188,5.4349144197143415,7.095062654837227
mango_rmse_random,small,2008-09-30,2010Q2,8,FFR,3.074521492738681,0.19333333333333336,2.8811881594053474,-1.7192033002305047,0.3434562490066873,3.1383610652960705,5.797653078784698,7.585076058157256
mango_rmse_random,small,2008-09-30,2008Q3,1,GDP,937.9851842754216,966.2024850530005,-28.217300777578885,936.6793904440955,937.2413547267557,937.9729463695105,938.7768836689003,939.3054912723028
mango_rmse_random,small,2008-09-30,2008Q4,2,GDP,939.1466479521075,963.9952057445751,-24.848557792467545,937.0881252369257,937.8957719136118,939.1487898905297,940.4134236505753,941.2748656842258
mango_rmse_random,small,2008-09-30,2009Q1,3,GDP,940.2639368245692,962.8226353991014,-22.558698574532173,937.5268504131269,938.6319263641199,940.2651527149301,941.9313710247875,942.9899160295519
mango_rmse_random,small,2008-09-30,2009Q2,4,GDP,941.4108478446052,962.6532538909199,-21.242406046314727,938.1989325577215,939.3814088617435,941.4060017054509,943.4382292976768,944.7240160471607
mango_rmse_random,small,2008-09-30,2009Q3,5,GDP,942.3641772562614,963.0145304911672,-20.650353234905765,938.543867034619,940.0664491967119,942.3465598270607,944.6459255354898,946.1513682649505
mango_rmse_random,small,2008-09-30,2009Q4,6,GDP,943.1841833254595,964.0768300067851,-20.892646681325687,938.8188744538252,940.5322095228566,943.2568054128171,945.8018883451903,947.4040727116878
mango_rmse_random,small,2008-09-30,2010Q1,7,GDP,943.9575052762523,964.5756373732798,-20.61813209702757,939.1128223289902,940.9259139509863,943.954112655736,946.858662839043,948.7851679152967
mango_rmse_random,small,2008-09-30,2010Q2,8,GDP,944.6613259553319,965.5386897406826,-20.877363785350667,939.4307309978605,941.4565796016079,944.6746054989262,947.7989578646609,949.9208769019712
mango_rmse_random,small,2008-12-31,2008Q4,1,DEFL,481.8952768056639,455.45608681615494,26.439189989508975,481.4421239060806,481.6132659713842,481.9017923758122,482.1774374487963,482.35140933757106
mango_rmse_random,small,2008-12-31,2009Q1,2,DEFL,482.57030774008894,455.406634733688,27.163673006400927,481.81947350691837,482.08719340718886,482.5763046824178,483.04639762492343,483.33134600748474
mango_rmse_random,small,2008-12-31,2009Q2,3,DEFL,483.19328489517096,455.2317782083863,27.961506686784674,482.0672892925088,482.5061525761357,483.1933022327138,483.87540256583844,484.3150263929781
mango_rmse_random,small,2008-12-31,2009Q3,4,DEFL,483.92209787792564,455.33925638064517,28.58284149728047,482.4155910987322,482.98507657158626,483.9406195403616,484.81720247216623,485.42243842928696
mango_rmse_random,small,2008-12-31,2009Q4,5,DEFL,484.67264417059766,455.6683475771851,29.004296593412562,482.6711584956948,483.46059895321486,484.6774201313889,485.8575312428951,486.64287315947774
mango_rmse_random,small,2008-12-31,2010Q1,6,DEFL,485.466278869161,455.93984617419227,29.52643269496872,482.9747932387647,483.9324490654991,485.44315222880584,486.93420779223163,487.8850990718006
mango_rmse_random,small,2008-12-31,2010Q2,7,DEFL,486.27196468547294,456.42648546620876,29.845479219264178,483.2605206597845,484.428663232402,486.29457397990234,488.11637116149757,489.18178041134365
mango_rmse_random,small,2008-12-31,2010Q3,8,DEFL,487.11735562073,456.7281385445278,30.389217076202215,483.5905393072612,484.9808709350138,487.1161655293424,489.2530063530597,490.58577546449055
mango_rmse_random,small,2008-12-31,2008Q4,1,FFR,1.949155918953196,0.5066666666666667,1.4424892522865291,0.6026257796334126,1.1708296252551709,1.9388942901844692,2.733391583898669,3.3323375470129073
mango_rmse_random,small,2008-12-31,2009Q1,2,FFR,2.0419587285149774,0.18333333333333335,1.858625395181644,-0.05732915302111882,0.7542002307076744,2.0285358208055655,3.3709244061151775,4.290960014667753
mango_rmse_random,small,2008-12-31,2009Q2,3,FFR,2.2819774698333317,0.18000000000000002,2.1019774698333316,-0.2822861413014136,0.6966158600441554,2.2418367283210716,3.9467756778560026,5.06716568485221
mango_rmse_random,small,2008-12-31,2009Q3,4,FFR,2.570528320892154,0.15666666666666665,2.4138616542254874,-0.41427423140576763,0.6963596350449158,2.5563436729713658,4.408616290399232,5.756756956945062
mango_rmse_random,small,2008-12-31,2009Q4,5,FFR,2.8351598295443434,0.12,2.7151598295443433,-0.582535845085341,0.7071579274448643,2.792529948983058,4.970073954801181,6.292490037906292
mango_rmse_random,small,2008-12-31,2010Q1,6,FFR,3.067511827453749,0.13333333333333333,2.934178494120416,-0.7906840739266003,0.7197073001677815,3.0480432001259876,5.3713478536700405,6.942575186259296
mango_rmse_random,small,2008-12-31,2010Q2,7,FFR,3.269001179468248,0.19333333333333336,3.0756678461349147,-0.983920995416459,0.8051168588187153,3.261478626994407,5.717780379546618,7.355472902136817
mango_rmse_random,small,2008-12-31,2010Q3,8,FFR,3.4591525918531882,0.18666666666666668,3.2724859251865217,-1.0670023871783858,0.7789326685239202,3.4909219500831723,6.182512581443174,7.7893353469770075
mango_rmse_random,small,2008-12-31,2008Q4,1,GDP,937.9519940274753,963.9952057445751,-26.04321171709978,936.6499539826,937.1818235083952,937.9095873352317,938.7477292040305,939.3294613290172
mango_rmse_random,small,2008-12-31,2009Q1,2,GDP,939.0483341187471,962.8226353991014,-23.77430128035428,936.951748710318,937.7733116808874,939.0061508827715,940.3456544269372,941.2007009675699
mango_rmse_random,small,2008-12-31,2009Q2,3,GDP,940.015483692365,962.6532538909199,-22.637770198554904,937.2324450672296,938.3555265552461,940.0533887376423,941.6795456156694,942.7182033759766
mango_rmse_random,small,2008-12-31,2009Q3,4,GDP,940.8221363514945,963.0145304911672,-22.19239413967273,937.5510947464194,938.7910750468674,940.8182405350933,942.8515137898742,944.1260085244984
mango_rmse_random,small,2008-12-31,2009Q4,5,GDP,941.5800805259257,964.0768300067851,-22.49674948085942,937.752712168802,939.2977658446866,941.5446476010653,943.9523796847778,945.3467725735287
mango_rmse_random,small,2008-12-31,2010Q1,6,GDP,942.2913401491412,964.5756373732798,-22.28429722413864,938.0154231533694,939.7903457810274,942.2974437795134,944.9546429961313,946.5393517516163
mango_rmse_random,small,2008-12-31,2010Q2,7,GDP,942.961290831536,965.5386897406826,-22.57739890914661,938.2051771801556,940.0507652513028,942.9968724791033,945.8038164389579,947.8019298917256
mango_rmse_random,small,2008-12-31,2010Q3,8,GDP,943.5451967819071,966.3088604477673,-22.763663665860236,938.3603073659652,940.3476178218918,943.5699136079338,946.6907504167056,948.6736314928902
mango_rmse_random,small,2009-03-31,2009Q1,1,DEFL,481.7911860877406,455.406634733688,26.384551354052576,481.3158599504359,481.49307413321856,481.7928797247701,482.0792160147189,482.2855427330003
mango_rmse_random,small,2009-03-31,2009Q2,2,DEFL,482.0829660099057,455.2317782083863,26.851187801519416,481.27380363369394,481.5794844015992,482.0775497756928,482.592622720231,482.8857779223149
mango_rmse_random,small,2009-03-31,2009Q3,3,DEFL,482.5006739569589,455.33925638064517,27.161417576313738,481.25143202194334,481.77288383584255,482.4972697252213,483.2411340826402,483.70934796055036
mango_rmse_random,small,2009-03-31,2009Q4,4,DEFL,482.6544760718057,455.6683475771851,26.986128494620573,480.95824070777485,481.6984682535732,482.6659130178673,483.63448735354405,484.28146416142494
mango_rmse_random,small,2009-03-31,2010Q1,5,DEFL,482.9561320164528,455.93984617419227,27.016285842260515,480.69611019940845,481.6630023042354,483.0000799973351,484.24878030075973,485.06186537610455
mango_rmse_random,small,2009-03-31,2010Q2,6,DEFL,483.2680889469029,456.42648546620876,26.84160348069412,480.4336934899982,481.633860238287,483.34134351213027,484.883029156818,485.91166372692646
mango_rmse_random,small,2009-03-31,2010Q3,7,DEFL,483.67136889835507,456.7281385445278,26.94323035382729,480.13365934566724,481.65444526009367,483.7470279861607,485.6731548490344,486.9379698882619
mango_rmse_random,small,2009-03-31,2010Q4,8,DEFL,484.0710921684536,457.3122088019198,26.758883366533837,480.0007280163065,481.64856313877004,484.126955009855,486.40082155450904,487.8862155375852
mango_rmse_random,small,2009-03-31,2009Q1,1,FFR,-0.6157702102661942,0.18333333333333335,-0.7991035435995275,-2.032758923967173,-1.4531652155268322,-0.6196438225220806,0.2510094555468397,0.7612341004790009
mango_rmse_random,small,2009-03-31,2009Q2,2,FFR,-1.2734580815980696,0.18000000000000002,-1.4534580815980696,-3.5847631532923905,-2.7092345671717926,-1.2331780466295994,0.16157842657097057,1.0449787919074776
mango_rmse_random,small,2009-03-31,2009Q3,3,FFR,-1.3485190966998997,0.15666666666666665,-1.5051857633665664,-4.142115367066847,-3.0800282198857047,-1.341301091344794,0.44282538779837227,1.489973436872866
mango_rmse_random,small,2009-03-31,2009Q4,4,FFR,-1.070584940891078,0.12,-1.1905849408910778,-4.49874386414401,-3.1596274868112135,-1.0610934287106741,0.9549795406119116,2.339029667390723
mango_rmse_random,small,2009-03-31,2010Q1,5,FFR,-0.7934128468141669,0.13333333333333333,-0.9267461801475002,-4.903714475657381,-3.1519951712716394,-0.7054606261456703,1.5247426188285627,3.083473099337721
mango_rmse_random,small,2009-03-31,2010Q2,6,FFR,-0.6016767984553297,0.19333333333333336,-0.7950101317886631,-4.9623211097643924,-3.2385379055136916,-0.48957646226119667,1.9790271346598123,3.7150748239146414
mango_rmse_random,small,2009-03-31,2010Q3,7,FFR,-0.31669194262783645,0.18666666666666668,-0.5033586092945032,-5.229865280734149,-3.100236769494108,-0.2455534658080882,2.5287594281778802,4.32895601848195
mango_rmse_random,small,2009-03-31,2010Q4,8,FFR,0.05983609795693208,0.18666666666666668,-0.12683056870973458,-5.156356584259275,-2.980914051387892,0.20380577549821627,3.0821053406552257,5.091491860519486
mango_rmse_random,small,2009-03-31,2009Q1,1,GDP,935.3748618716737,962.8226353991014,-27.44777352742767,934.0032301391735,934.5333912383988,935.359464291465,936.2079024251926,936.8106522792599
mango_rmse_random,small,2009-03-31,2009Q2,2,GDP,936.0117946268269,962.6532538909199,-26.641459264092987,933.7252276006058,934.6780551594735,935.9757668115533,937.3719166013182,938.2474392241701
mango_rmse_random,small,2009-03-31,2009Q3,3,GDP,936.9355569383106,963.0145304911672,-26.07897355285661,934.0269887805467,935.2038563399897,936.9429813518404,938.7204815875374,939.8640330593956
mango_rmse_random,small,2009-03-31,2009Q4,4,GDP,938.0968345309557,964.0768300067851,-25.97999547582947,934.5505590769636,936.010495963033,938.0675799465178,940.1774523753866,941.6886851671399
mango_rmse_random,small,2009-03-31,2010Q1,5,GDP,939.1238777272179,964.5756373732798,-25.451759646061987,935.0216840689855,936.6817449255491,939.1482800824452,941.575161384707,943.1823801469806
mango_rmse_random,small,2009-03-31,2010Q2,6,GDP,939.9376877411822,965.5386897406826,-25.60100199950034,935.1740181663538,937.1893259900882,940.0214027026714,942.7331854067586,944.5613721757818
mango_rmse_random,small,2009-03-31,2010Q3,7,GDP,940.7580047682792,966.3088604477673,-25.55085567948811,935.5481293931648,937.6613083961659,940.7992082349734,943.9365745780162,945.9062057127068
mango_rmse_random,small,2009-03-31,2010Q4,8,GDP,941.4600078563521,966.8271103692053,-25.367102512853194,935.7857559435322,938.1634616276262,941.499815132609,944.8742607584928,947.0052858983263
mango_rmse_random,small,2009-06-30,2009Q2,1,DEFL,482.5927253182349,455.2317782083863,27.36094710984861,482.09065072732363,482.2903446167964,482.59422872400285,482.9033972318903,483.10159106774455
mango_rmse_random,small,2009-06-30,2009Q3,2,DEFL,483.0493040932262,455.33925638064517,27.71004771258106,482.1666233967196,482.5284975468131,483.04732624903636,483.580965473256,483.92746637733205
mango_rmse_random,small,2009-06-30,2009Q4,3,DEFL,483.38984967352934,455.6683475771851,27.72150209634424,482.06400135251187,482.6157000861272,483.38672346669955,484.1556313934422,484.66513219540315
mango_rmse_random,small,2009-06-30,2010Q1,4,DEFL,483.77571052891864,455.93984617419227,27.835864354726368,481.95579004484375,482.68862367893615,483.76801608911967,484.8446859131597,485.5878565920021
mango_rmse_random,small,2009-06-30,2010Q2,5,DEFL,484.1808199648392,456.42648546620876,27.754334498630442,481.8025227153867,482.791013829296,484.1752969233537,485.59087326753115,486.531824318714
mango_rmse_random,small,2009-06-30,2010Q3,6,DEFL,484.60694672562545,456.7281385445278,27.878808181097668,481.61165494434874,482.8800626464385,484.6260540907721,486.3751550837515,487.5306726575619
mango_rmse_random,small,2009-06-30,2010Q4,7,DEFL,485.05348614608687,457.3122088019198,27.741277344167088,481.39284803082415,482.9187537775237,485.0550960962628,487.22491708033806,488.59815548641365
mango_rmse_random,small,2009-06-30,2011Q1,8,DEFL,485.53426446976766,457.8271642119391,27.707100257828586,481.2131639954056,483.02121205830684,485.5507223093471,488.1439386968369,489.6414888223762
mango_rmse_random,small,2009-06-30,2009Q2,1,FFR,-0.40218243962715466,0.18000000000000002,-0.5821824396271547,-1.8220791633619697,-1.2940891098595326,-0.4122111146759857,0.48221120424957004,1.0486127644065213
mango_rmse_random,small,2009-06-30,2009Q3,2,FFR,-0.7665781887485722,0.15666666666666665,-0.9232448554152388,-2.987846957789801,-2.1497177501557054,-0.8076991931347262,0.6118432969331309,1.5330004372677752
mango_rmse_random,small,2009-06-30,2009Q4,3,FFR,-0.7545890598509201,0.12,-0.8745890598509201,-3.5586305410572407,-2.4211146168352595,-0.7840047175515319,0.9698008709292666,2.1624495286783505
mango_rmse_random,small,2009-06-30,2010Q1,4,FFR,-0.5272816410430482,0.13333333333333333,-0.6606149743763815,-3.815093977348666,-2.580972378291633,-0.4954853327222285,1.4486617514506885,2.919103672166857
mango_rmse_random,small,2009-06-30,2010Q2,5,FFR,-0.2604050507924926,0.19333333333333336,-0.45373838412582596,-3.9851738542366886,-2.5459385170117748,-0.3563665851341481,2.062548338892764,3.5478984070838933
mango_rmse_random,small,2009-06-30,2010Q3,6,FFR,0.02766251673593322,0.18666666666666668,-0.15900414993073345,-4.221999172914628,-2.3759539212698506,0.008614705101434944,2.519965529786622,4.083011205042056
mango_rmse_random,small,2009-06-30,2010Q4,7,FFR,0.30197818622379236,0.18666666666666668,0.11531151955712568,-4.219747939756627,-2.413011280362011,0.3793102628459475,2.9703804613698015,4.750067627990299
mango_rmse_random,small,2009-06-30,2011Q1,8,FFR,0.5780814297427183,0.15666666666666668,0.4214147630760516,-4.326387529557783,-2.4002651832886674,0.6812123376887217,3.520717297153168,5.3099447301616465
mango_rmse_random,small,2009-06-30,2009Q2,1,GDP,934.1055544269847,962.6532538909199,-28.54769946393526,932.736000052682,933.2231551524104,934.0931004894687,934.9537489176544,935.5997199470306
mango_rmse_random,small,2009-06-30,2009Q3,2,GDP,934.5382575281393,963.0145304911672,-28.476272963027895,932.2273485555587,933.1604318234965,934.5163918398135,935.925781558823,936.8457257168635
mango_rmse_random,small,2009-06-30,2009Q4,3,GDP,935.3044599233831,964.0768300067851,-28.772370083402052,932.2520777699287,933.4365351190312,935.3333145143013,937.1481360131638,938.3197802585426
mango_rmse_random,small,2009-06-30,2010Q1,4,GDP,936.088112255219,964.5756373732798,-28.48752511806083,932.2863663646136,933.8311330034111,936.1282254771818,938.3423836614559,939.7975870530374
mango_rmse_random,small,2009-06-30,2010Q2,5,GDP,936.8662261395756,965.5386897406826,-28.672463601106983,932.3717783402132,934.2465133191603,936.8170998432613,939.4907051874136,941.1974675594033
mango_rmse_random,small,2009-06-30,2010Q3,6,GDP,937.5881077071923,966.3088604477673,-28.720752740574994,932.4624111389666,934.5803498055029,937.5795164398874,940.5130697573704,942.5180118057083
mango_rmse_random,small,2009-06-30,2010Q4,7,GDP,938.2791016948889,966.8271103692053,-28.548008674316407,932.7691243439476,934.8727710315322,938.3888445348587,941.5103682308877,943.6539445640971
mango_rmse_random,small,2009-06-30,2011Q1,8,GDP,938.8884197086591,966.5859036314018,-27.697483922742776,932.7554470421369,935.2489880107272,938.9613266438746,942.4412387241848,944.7478105485399
mango_rmse_random,small,2009-09-30,2009Q3,1,DEFL,470.0499789072018,455.33925638064517,14.710722526556651,469.582179304369,469.75359314935884,470.0505454316111,470.3474071383528,470.5361021534955
mango_rmse_random,small,2009-09-30,2009Q4,2,DEFL,470.05165458789827,455.6683475771851,14.383307010713168,469.2414071145652,469.54529562861086,470.0513268815165,470.5591173333966,470.85117783016335
mango_rmse_random,small,2009-09-30,2010Q1,3,DEFL,470.08705998516973,455.93984617419227,14.147213810977462,468.8359846327771,469.32004922947317,470.1041191363289,470.84416748061074,471.31331048956673
mango_rmse_random,small,2009-09-30,2010Q2,4,DEFL,470.1024278257687,456.42648546620876,13.67594235955994,468.44586073362666,469.0680480747621,470.11054411588003,471.13077994516493,471.78819565114446
mango_rmse_random,small,2009-09-30,2010Q3,5,DEFL,470.1740282867344,456.7281385445278,13.445889742206646,467.9349619843025,468.8547450099618,470.1878794320986,471.49685507600213,472.3895219020841
mango_rmse_random,small,2009-09-30,2010Q4,6,DEFL,470.2265324553253,457.3122088019198,12.914323653405518,467.3786163907228,468.53511591527666,470.2422758461303,471.90752260280203,473.02429475579623
mango_rmse_random,small,2009-09-30,2011Q1,7,DEFL,470.32653018300874,457.8271642119391,12.499365971069665,466.83589837477444,468.2293216131037,470.3501441181031,472.3839184277092,473.6919425738454
mango_rmse_random,small,2009-09-30,2011Q2,8,DEFL,470.45399053284257,458.48552274726825,11.968467785574319,466.21193021676476,468.0243222899839,470.4720287825054,472.9427438346817,474.45146383612666
mango_rmse_random,small,2009-09-30,2009Q3,1,FFR,-0.6886167184640614,0.15666666666666665,-0.845283385130728,-2.1208846708262925,-1.53590589187398,-0.6937880658954434,0.17099282908663332,0.7232132676050355
mango_rmse_random,small,2009-09-30,2009Q4,2,FFR,-1.2409288472692812,0.12,-1.3609288472692813,-3.3991899476870224,-2.6251852192701657,-1.2617466066766423,0.18501039418498805,1.0303883291266076
mango_rmse_random,small,2009-09-30,2010Q1,3,FFR,-1.167978150097309,0.13333333333333333,-1.3013114834306423,-4.039519077296798,-2.898855275955076,-1.1561403070533394,0.5717308647949071,1.660458612045278
mango_rmse_random,small,2009-09-30,2010Q2,4,FFR,-1.0632002681197714,0.19333333333333336,-1.2565336014531048,-4.472340569423103,-3.12922839336875,-0.9960745106306499,0.9779481336742339,2.2396289865520664
mango_rmse_random,small,2009-09-30,2010Q3,5,FFR,-1.0627275643085716,0.18666666666666668,-1.2493942309752384,-4.988100210327895,-3.4153213090661176,-1.0245215606638247,1.2866214282576067,2.581520260745477
mango_rmse_random,small,2009-09-30,2010Q4,6,FFR,-0.9022632171363028,0.18666666666666668,-1.0889298838029695,-5.362490747066965,-3.532290410905423,-0.8319690637869394,1.60310448119793,3.2844536189838895
mango_rmse_random,small,2009-09-30,2011Q1,7,FFR,-0.674361418694647,0.15666666666666668,-0.8310280853613137,-5.424707463126823,-3.517619792532357,-0.6482030679349582,2.2020191565725225,3.862570271678278
mango_rmse_random,small,2009-09-30,2011Q2,8,FFR,-0.490841934330685,0.09333333333333334,-0.5841752676640184,-5.702738670197519,-3.4806140903952287,-0.4560541075980683,2.642215429195404,4.433812488660718
mango_rmse_random,small,2009-09-30,2009Q3,1,GDP,946.5508154316243,963.0145304911672,-16.463715059542892,945.1971734905778,945.7150564683097,946.4995888969074,947.4145190457136,948.0176320657907
mango_rmse_random,small,2009-09-30,2009Q4,2,GDP,946.9488159575307,964.0768300067851,-17.12801404925449,944.6549520194742,945.533124660418,946.8797615922649,948.4488939354568,949.2514431550175
mango_rmse_random,small,2009-09-30,2010Q1,3,GDP,947.7130573688438,964.5756373732798,-16.86258000443604,944.5441587622929,945.7989530457241,947.6876504214197,949.6471818822765,950.9875316704263
mango_rmse_random,small,2009-09-30,2010Q2,4,GDP,948.4522462725942,965.5386897406826,-17.08644346808842,944.5683906018146,946.1633620730954,948.46638051545,950.7859524854276,952.4109068874336
mango_rmse_random,small,2009-09-30,2010Q3,5,GDP,949.1964126660228,966.3088604477673,-17.11244778174455,944.5354807606624,946.5304136704616,949.2022649255089,951.9470147744776,953.8260404435938
mango_rmse_random,small,2009-09-30,2010Q4,6,GDP,949.961267701312,966.8271103692053,-16.86584266789339,944.4887522069437,946.8887193726539,950.0868287571965,953.0711717359075,954.9925980573037
mango_rmse_random,small,2009-09-30,2011Q1,7,GDP,950.6955047569606,966.5859036314018,-15.890398874441189,944.5662354597972,947.2422282953689,950.8287396877124,954.0373499922338,956.3578366842428
mango_rmse_random,small,2009-09-30,2011Q2,8,GDP,951.3356562087238,967.261665957135,-15.926009748411275,944.7752579616139,947.6597954422515,951.4883331884986,955.0386740946351,957.5760054281939
mango_rmse_random,small,2009-12-31,2009Q4,1,DEFL,469.80932395113524,455.6683475771851,14.140976373950139,469.343906515725,469.5226672470891,469.8115274957247,470.09618841072916,470.2684996546659
mango_rmse_random,small,2009-12-31,2010Q1,2,DEFL,469.8078192250094,455.93984617419227,13.867973050817113,469.0354029102473,469.31478896810165,469.813885075928,470.2952414587817,470.6169309138003
mango_rmse_random,small,2009-12-31,2010Q2,3,DEFL,469.7759318560223,456.42648546620876,13.349446389813522,468.58368761814535,469.06763429790396,469.78295139371187,470.4905973526937,470.97507428288293
mango_rmse_random,small,2009-12-31,2010Q3,4,DEFL,469.81731820122405,456.7281385445278,13.089179656696274,468.1620144101147,468.83632634177417,469.83516088281567,470.78763626247314,471.43639678931777
mango_rmse_random,small,2009-12-31,2010Q4,5,DEFL,469.84200105191405,457.3122088019198,12.529792249994273,467.63109691110304,468.5562613610026,469.8494785376786,471.12994393268383,471.92653538236283
mango_rmse_random,small,2009-12-31,2011Q1,6,DEFL,469.909054662111,457.8271642119391,12.081890450171898,467.1944305454656,468.2906569541984,469.9237390812789,471.53566547186915,472.4815751718137
mango_rmse_random,small,2009-12-31,2011Q2,7,DEFL,469.9930545953463,458.48552274726825,11.507531848078031,466.71766470343715,468.01938683418877,469.9726758514968,471.97655989676804,473.2261613263324
mango_rmse_random,small,2009-12-31,2011Q3,8,DEFL,470.12459946266387,459.10205503836494,11.022544424298928,466.2162853397407,467.85056652077725,470.12403755700393,472.4978215476782,473.95478521843404
mango_rmse_random,small,2009-12-31,2009Q4,1,FFR,-0.17909752161684828,0.12,-0.29909752161684827,-1.49095689099325,-1.0189388255224123,-0.16833325542017283,0.6516619110516646,1.2119322142896733
mango_rmse_random,small,2009-12-31,2010Q1,2,FFR,-0.3049902672495884,0.13333333333333333,-0.43832360058292175,-2.491266404007246,-1.6552028748646468,-0.3136640070580261,1.0744598369760208,1.930297818157897
mango_rmse_random,small,2009-12-31,2010Q2,3,FFR,-0.2084279912108615,0.19333333333333336,-0.4017613245441949,-3.0221664583424173,-1.859151363266987,-0.19900169079734176,1.4202119265158497,2.601448381121031
mango_rmse_random,small,2009-12-31,2010Q3,4,FFR,-0.11403909232771982,0.18666666666666668,-0.3007057589943865,-3.4874467438526104,-1.996093213909845,-0.14875684144834422,1.839618725129514,3.224227822556916
mango_rmse_random,small,2009-12-31,2010Q4,5,FFR,-0.03073586323348761,0.18666666666666668,-0.2174025299001543,-3.865753396278557,-2.1877454043939135,-0.10627008163446319,2.1761432294313394,3.8653567182784885
mango_rmse_random,small,2009-12-31,2011Q1,6,FFR,0.0901981610225206,0.15666666666666668,-0.06646850564414608,-4.184946420923147,-2.3892071500713716,0.052907060563842034,2.5450546291688467,4.304703892995916
mango_rmse_random,small,2009-12-31,2011Q2,7,FFR,0.1908533748264601,0.09333333333333334,0.09752004149312675,-4.332089280312828,-2.505871389637757,0.14462462646564198,2.8992083396502264,4.687489060762286
mango_rmse_random,small,2009-12-31,2011Q3,8,FFR,0.3219359377453684,0.08333333333333333,0.23860260441203507,-4.497452582429893,-2.591090716853459,0.32367645456071376,3.151006480393197,5.270008071714414
mango_rmse_random,small,2009-12-31,2009Q4,1,GDP,947.5673254018343,964.0768300067851,-16.50950460495085,946.1811897952401,946.7286830827383,947.5518196465575,948.4555611832046,948.9449712457399
mango_rmse_random,small,2009-12-31,2010Q1,2,GDP,948.1908618506068,964.5756373732798,-16.384775522673067,945.8981633719076,946.8028182983151,948.1973797315877,949.5997432040853,950.4281077901774
mango_rmse_random,small,2009-12-31,2010Q2,3,GDP,948.9178963022158,965.5386897406826,-16.620793438466762,945.8105637081928,947.0547199300755,948.9103753167864,950.7916580327226,951.9215641299799
mango_rmse_random,small,2009-12-31,2010Q3,4,GDP,949.6751582735004,966.3088604477673,-16.633702174266887,945.8661923685507,947.4353597310837,949.6787543911435,951.9161761422187,953.507011493809
mango_rmse_random,small,2009-12-31,2010Q4,5,GDP,950.4049818017493,966.8271103692053,-16.42212856745607,946.1680359660584,947.8660105477643,950.3919680962781,953.0230835744486,954.7378899924262
mango_rmse_random,small,2009-12-31,2011Q1,6,GDP,951.1312018289497,966.5859036314018,-15.454701802452178,946.1734499895049,948.3014049853688,951.1668587487525,954.1048462150022,955.9112212591901
mango_rmse_random,small,2009-12-31,2011Q2,7,GDP,951.8232438882268,967.261665957135,-15.438422068908267,946.3067425215236,948.5666712005756,951.8211960810548,955.0321740609571,957.2376009689845
mango_rmse_random,small,2009-12-31,2011Q3,8,GDP,952.4669997450353,967.2228912780705,-14.755891533035197,946.450590153988,948.9394850435136,952.4934688681396,956.0053422380527,958.3273019080867
mango_rmse_random,small,2010-03-31,2010Q1,1,DEFL,470.08464180708177,455.93984617419227,14.144795632889497,469.57153239101245,469.7705179192671,470.08236697083044,470.3940994984516,470.6001358647537
mango_rmse_random,small,2010-03-31,2010Q2,2,DEFL,470.2119771512,456.42648546620876,13.785491684991257,469.3817673789075,469.6931221672465,470.21230316021774,470.74422318640956,471.03485274811635
mango_rmse_random,small,2010-03-31,2010Q3,3,DEFL,470.3790708925243,456.7281385445278,13.650932347996502,469.1563451789791,469.63020712548456,470.3822202144103,471.10484405515393,471.6011239139755
mango_rmse_random,small,2010-03-31,2010Q4,4,DEFL,470.5798576909766,457.3122088019198,13.26764888905683,468.85520288159165,469.52605488391293,470.5840472567441,471.5944921794741,472.2144733205688
mango_rmse_random,small,2010-03-31,2011Q1,5,DEFL,470.8107701023338,457.8271642119391,12.9836058903947,468.61587001039493,469.46997064567074,470.7976220627588,472.12464678986066,472.8972714937342
mango_rmse_random,small,2010-03-31,2011Q2,6,DEFL,471.07129316246574,458.48552274726825,12.585770415197487,468.3094007531491,469.4562504666607,471.0781530324359,472.69359595962203,473.68402702275876
mango_rmse_random,small,2010-03-31,2011Q3,7,DEFL,471.35723490644887,459.10205503836494,12.255179868083928,468.0813444123333,469.44411282525584,471.3719709683646,473.2744813563793,474.49912750331765
mango_rmse_random,small,2010-03-31,2011Q4,8,DEFL,471.67219015068656,459.2226780352162,12.449512115470384,467.8376537355085,469.43358094792086,471.7072977960173,473.92045009389255,475.3877864573217
mango_rmse_random,small,2010-03-31,2010Q1,1,FFR,0.3022396299121744,0.13333333333333333,0.16890629657884107,-1.0918506455713881,-0.5745214953678418,0.3104172302551459,1.1563688617684609,1.732557084453295
mango_rmse_random,small,2010-03-31,2010Q2,2,FFR,0.530137391695309,0.19333333333333336,0.3368040583619757,-1.6857920056835705,-0.7802461237706019,0.5212038247007869,1.9033956714676596,2.791429787190849
mango_rmse_random,small,2010-03-31,2010Q3,3,FFR,0.740611167325699,0.18666666666666668,0.5539445006590323,-2.0441363414235934,-0.8521184517392131,0.7049524849316201,2.4420028199226422,3.475142047813168
mango_rmse_random,small,2010-03-31,2010Q4,4,FFR,0.9456392597494597,0.18666666666666668,0.7589725930827931,-2.271542728816465,-0.9073810366521179,0.9642929112248206,2.85030725156255,4.027920231344372
mango_rmse_random,small,2010-03-31,2011Q1,5,FFR,1.1458410188870918,0.15666666666666668,0.989174352220425,-2.364002520473851,-0.9850176787731653,1.1164847653408807,3.2793742185607746,4.6777301868932755
mango_rmse_random,small,2010-03-31,2011Q2,6,FFR,1.29238487272071,0.09333333333333334,1.1990515393873766,-2.5785941084110924,-0.9555525839660727,1.303551113840026,3.6012492812291317,5.162962751729505
mango_rmse_random,small,2010-03-31,2011Q3,7,FFR,1.3947724153896022,0.08333333333333333,1.311439082056269,-2.8298069730170208,-1.0566454360438102,1.3952539333193728,3.899402553189578,5.632934309935542
mango_rmse_random,small,2010-03-31,2011Q4,8,FFR,1.5158397865098676,0.07333333333333335,1.4425064531765344,-3.170321028802726,-1.1068946922915996,1.5513192164600547,4.10087930241401,5.881721563508481
mango_rmse_random,small,2010-03-31,2010Q1,1,GDP,949.2851742799679,964.5756373732798,-15.290463093311928,947.9168020707706,948.4324561650479,949.2562218316839,950.1464012375661,950.7146970552101
mango_rmse_random,small,2010-03-31,2010Q2,2,GDP,950.2082243393584,965.5386897406826,-15.330465401324204,947.973921415786,948.8329375126328,950.1959232739282,951.6074972224795,952.3919681706383
mango_rmse_random,small,2010-03-31,2010Q3,3,GDP,951.0707829597152,966.3088604477673,-15.238077488052113,948.1556737898031,949.2869594083554,951.1107798353559,952.8557155995825,953.9148673815341
mango_rmse_random,small,2010-03-31,2010Q4,4,GDP,951.8983500860024,966.8271103692053,-14.928760283202905,948.37086913306,949.7245321615633,951.902560003613,953.9850155210316,955.3933302129029
mango_rmse_random,small,2010-03-31,2011Q1,5,GDP,952.6585451774193,966.5859036314018,-13.927358453982492,948.4420521641297,950.1995080196347,952.6032089556645,955.1663235174991,956.7985520900511
mango_rmse_random,small,2010-03-31,2011Q2,6,GDP,953.3976869410133,967.261665957135,-13.863979016121789,948.706058533004,950.57602866685,953.4144328316709,956.2978779756902,957.9672297191213
mango_rmse_random,small,2010-03-31,2011Q3,7,GDP,954.1338895412737,967.2228912780705,-13.089001736796831,948.8547646344692,951.1187082616347,954.0814032020344,957.2578529954678,959.2760064585865
mango_rmse_random,small,2010-03-31,2011Q4,8,GDP,954.829915266594,968.3383253013681,-13.508410034774101,948.9551569729958,951.4988242888646,954.7882655769063,958.2634426907538,960.5775682470776
mango_rmse_random,small,2010-06-30,2010Q2,1,DEFL,470.3901529849742,456.42648546620876,13.96366751876542,469.9399273025723,470.10084988973745,470.3986305453575,470.66351171406745,470.8577121036066
mango_rmse_random,small,2010-06-30,2010Q3,2,DEFL,470.61843010548824,456.7281385445278,13.890291560960463,469.84686405717696,470.13528806093296,470.6136025998906,471.0852630967551,471.38856111429897
mango_rmse_random,small,2010-06-30,2010Q4,3,DEFL,470.8937144310615,457.3122088019198,13.581505629141702,469.7431513066014,470.19443848552976,470.8941341468661,471.5732474692068,472.0871719209527
mango_rmse_random,small,2010-06-30,2011Q1,4,DEFL,471.2035474698916,457.8271642119391,13.376383257952511,469.62734055300206,470.2370473455945,471.2075769532081,472.13163825391285,472.81002821925307
mango_rmse_random,small,2010-06-30,2011Q2,5,DEFL,471.5342773244745,458.48552274726825,13.048754577206239,469.4916444039937,470.2761080080885,471.5246888796664,472.72729386294776,473.60989079472887
mango_rmse_random,small,2010-06-30,2011Q3,6,DEFL,471.9013060272433,459.10205503836494,12.799250988878384,469.29435652702506,470.33293184246486,471.927038510992,473.40023357172083,474.4926245728811
mango_rmse_random,small,2010-06-30,2011Q4,7,DEFL,472.28808339409767,459.2226780352162,13.065405358881492,469.11171942620615,470.362046214344,472.32594205848085,474.1301457517592,475.38620032875843
mango_rmse_random,small,2010-06-30,2012Q1,8,DEFL,472.70424214735914,459.8276478897225,12.876594257636611,468.79496435916815,470.44409035674806,472.7414058975537,474.9285650403508,476.42798301192295
mango_rmse_random,small,2010-06-30,2010Q2,1,FFR,0.5451835829703902,0.19333333333333336,0.3518502496370568,-0.7753562602362798,-0.24640214398518967,0.5637229976208337,1.325556548439629,1.852875113119924
mango_rmse_random,small,2010-06-30,2010Q3,2,FFR,0.8499005968481952,0.18666666666666668,0.6632339301815285,-1.2760078774569417,-0.4379672536316934,0.8493695391297571,2.1678716832488254,2.9785837981945793
mango_rmse_random,small,2010-06-30,2010Q4,3,FFR,0.9273926694295919,0.18666666666666668,0.7407260027629252,-1.8394103467877327,-0.6557455187772107,0.9053929178691864,2.5965559130566507,3.6160173761368095
mango_rmse_random,small,2010-06-30,2011Q1,4,FFR,1.0819145779308112,0.15666666666666668,0.9252479112641445,-2.156674796354479,-0.8021128310683225,1.100700149702878,3.0015754608843044,4.2541471404881115
mango_rmse_random,small,2010-06-30,2011Q2,5,FFR,1.336507139691775,0.09333333333333334,1.2431738063584417,-2.3570368082304136,-0.8408220608490092,1.3381695293073872,3.5105907508165277,4.980179871551107
mango_rmse_random,small,2010-06-30,2011Q3,6,FFR,1.482939307806729,0.08333333333333333,1.3996059744733957,-2.6053595333859136,-0.9226226797769949,1.4764275448398094,3.965900367583233,5.456922439222114
mango_rmse_random,small,2010-06-30,2011Q4,7,FFR,1.5306140855224002,0.07333333333333335,1.457280752189067,-2.9024356125484916,-1.0705112167879045,1.5239740848840637,4.146335862362214,5.853292919372093
mango_rmse_random,small,2010-06-30,2012Q1,8,FFR,1.6515875869221017,0.10333333333333333,1.5482542535887684,-3.122782530504557,-1.2577592567991829,1.7336386376241315,4.490689471186391,6.179681289264384
mango_rmse_random,small,2010-06-30,2010Q2,1,GDP,949.9807915209649,965.5386897406826,-15.557898219717686,948.6960305621712,949.1781854904453,949.9423696180129,950.8090170174966,951.3755542366931
mango_rmse_random,small,2010-06-30,2010Q3,2,GDP,950.7933273908365,966.3088604477673,-15.515533056930849,948.5690177560674,949.483583422437,950.7387063315348,952.1626560366557,953.0290695507898
mango_rmse_random,small,2010-06-30,2010Q4,3,GDP,951.4208094834378,966.8271103692053,-15.406300885767564,948.4727237827306,949.6329786086434,951.3730804500706,953.2353503044678,954.3525830164414
mango_rmse_random,small,2010-06-30,2011Q1,4,GDP,952.0931814846566,966.5859036314018,-14.492722146745223,948.5207462369591,949.9380614798725,952.0495091158953,954.2281647836122,955.7183071512796
mango_rmse_random,small,2010-06-30,2011Q2,5,GDP,952.7266565994925,967.261665957135,-14.535009357642593,948.5744872760514,950.285544135088,952.7208563765315,955.2020675977227,956.8964496509569
mango_rmse_random,small,2010-06-30,2011Q3,6,GDP,953.3274799617035,967.2228912780705,-13.895411316367017,948.5801481579363,950.569275783427,953.3539061311609,956.0515636072358,957.9698843237138
mango_rmse_random,small,2010-06-30,2011Q4,7,GDP,953.9146236246947,968.3383253013681,-14.423701676673318,948.6107593626252,950.7520013061473,953.9331834796992,957.0644957057325,959.1546200483835
mango_rmse_random,small,2010-06-30,2012Q1,8,GDP,954.4713037228747,969.1529212860218,-14.681617563147029,948.8271458870897,951.0472714934319,954.5222028145465,957.9323265793302,960.1993701683828
mango_rmse_random,small,2010-09-30,2010Q3,1,DEFL,470.81062589464966,456.7281385445278,14.08248735012188,470.3405710965901,470.52186731976417,470.81678958875165,471.1024394815396,471.2753166761132
mango_rmse_random,small,2010-09-30,2010Q4,2,DEFL,471.1542664432921,457.3122088019198,13.842057641372321,470.36993086498165,470.6662228504576,471.15088614013274,471.6436675972714,471.94644801869254
mango_rmse_random,small,2010-09-30,2011Q1,3,DEFL,471.5545860754371,457.8271642119391,13.727421863498023,470.410693478584,470.8399583751524,471.56808524212033,472.273020023142,472.7432889524904
mango_rmse_random,small,2010-09-30,2011Q2,4,DEFL,472.00168370217244,458.48552274726825,13.516160954904194,470.36212587543685,471.0443586549906,471.9894917162343,472.95109331126116,473.5851763304526
mango_rmse_random,small,2010-09-30,2011Q3,5,DEFL,472.4685675367599,459.10205503836494,13.366512498394968,470.2982816044191,471.21903140824935,472.48622701136867,473.68337371165194,474.49856685736466
mango_rmse_random,small,2010-09-30,2011Q4,6,DEFL,472.955082455704,459.2226780352162,13.732404420487796,470.18415604523113,471.39397661465705,472.98014454530175,474.53360089480356,475.4928751256425
mango_rmse_random,small,2010-09-30,2012Q1,7,DEFL,473.4575044055623,459.8276478897225,13.629856515839776,470.0626235811674,471.52957546803884,473.45830804562956,475.35261159424596,476.5717239445677
mango_rmse_random,small,2010-09-30,2012Q2,8,DEFL,473.9881606851653,460.2296059641123,13.75855472105303,470.00611953669056,471.69565716464047,474.03210823504224,476.2512053151307,477.75420747196523
mango_rmse_random,small,2010-09-30,2010Q3,1,FFR,0.59645692970519,0.18666666666666668,0.4097902630385234,-0.7391850558485166,-0.21426573625480277,0.601738682031415,1.3907185865849265,1.9068438221495108
mango_rmse_random,small,2010-09-30,2010Q4,2,FFR,0.9747268489597636,0.18666666666666668,0.7880601822930969,-1.0875586772586003,-0.3179540762757812,0.9501738445573761,2.3044945475269385,3.1192765636275763
mango_rmse_random,small,2010-09-30,2011Q1,3,FFR,1.1468330303738756,0.15666666666666668,0.9901663637072089,-1.447194114539228,-0.3945772550751627,1.0996579456514157,2.7825658971489413,3.8674122231381878
mango_rmse_random,small,2010-09-30,2011Q2,4,FFR,1.3101656248654185,0.09333333333333334,1.2168322915320853,-1.819391396850607,-0.5786598287921534,1.2966033710130165,3.2231047127233174,4.486893009969215
mango_rmse_random,small,2010-09-30,2011Q3,5,FFR,1.555406965185604,0.08333333333333333,1.4720736318522707,-1.9710340806527753,-0.5870265981749837,1.4941376479894386,3.709567774509197,5.200041937381317
mango_rmse_random,small,2010-09-30,2011Q4,6,FFR,1.7381004232135735,0.07333333333333335,1.6647670898802402,-2.116436219492651,-0.5956419179998659,1.703417112182209,4.1299867674166775,5.661320600561217
mango_rmse_random,small,2010-09-30,2012Q1,7,FFR,1.8302896185738848,0.10333333333333333,1.7269562852405516,-2.5023272102323744,-0.7283042028223362,1.8252180992748661,4.393736388429394,6.098286149674842
mango_rmse_random,small,2010-09-30,2012Q2,8,FFR,1.9500004069968693,0.15333333333333335,1.796667073663536,-2.553300751155746,-0.8612842356785647,1.9290069743210836,4.69089465161967,6.3901640183694095
mango_rmse_random,small,2010-09-30,2010Q3,1,GDP,949.5918984362025,966.3088604477673,-16.71696201156476,948.2554743450618,948.7736590230639,949.5531815285076,950.4232017856502,951.0252055336679
mango_rmse_random,small,2010-09-30,2010Q4,2,GDP,950.3568589671168,966.8271103692053,-16.470251402088593,948.0997099125693,948.9675284499389,950.3489620985586,951.7378378672078,952.6022024353642
mango_rmse_random,small,2010-09-30,2011Q1,3,GDP,950.9307750443578,966.5859036314018,-15.655128587044032,947.9640499282376,949.123510840825,950.9389221682882,952.6648446607321,953.8565929105264
mango_rmse_random,small,2010-09-30,2011Q2,4,GDP,951.5102883200261,967.261665957135,-15.75137763710893,947.8443358254382,949.3221194526316,951.5153733522056,953.6972452195669,955.1975594005738
mango_rmse_random,small,2010-09-30,2011Q3,5,GDP,952.0809735195602,967.2228912780705,-15.141917758510317,947.7030334725629,949.5718812079496,952.0677433722742,954.5750165233243,956.3598558140969
mango_rmse_random,small,2010-09-30,2011Q4,6,GDP,952.6271380169386,968.3383253013681,-15.711187284429457,947.7270573555741,949.7614278521645,952.6018174195694,955.5420744795961,957.393597741688
mango_rmse_random,small,2010-09-30,2012Q1,7,GDP,953.1582679473825,969.1529212860218,-15.994653338639296,947.8223742589852,949.9413761641785,953.1212945988267,956.5023747773172,958.4201914046972
mango_rmse_random,small,2010-09-30,2012Q2,8,GDP,953.6573318945117,969.6077453782113,-15.950413483699663,947.7905884882055,950.0814837674784,953.7023544732072,957.1498479543168,959.6461096507852
mango_rmse_random,small,2010-12-31,2010Q4,1,DEFL,471.39510081794384,457.3122088019198,14.082892016024061,470.9227980889332,471.09084017489505,471.40080667249333,471.6827824576232,471.86060366273
mango_rmse_random,small,2010-12-31,2011Q1,2,DEFL,471.85849005031037,457.8271642119391,14.031325838371288,471.05367583570484,471.36791950229565,471.860256595744,472.34451390856225,472.6522432160027
mango_rmse_random,small,2010-12-31,2011Q2,3,DEFL,472.35136519149404,458.48552274726825,13.865842444225791,471.154741158971,471.6054666455726,472.3776034454359,473.0543587568477,473.51654978861336
mango_rmse_random,small,2010-12-31,2011Q3,4,DEFL,472.8669322602018,459.10205503836494,13.764877221836855,471.1851517982792,471.8577269237749,472.8718195455979,473.8436866004606,474.4552521463112
mango_rmse_random,small,2010-12-31,2011Q4,5,DEFL,473.4084446517122,459.2226780352162,14.18576661649604,471.27840322080823,472.0940260452509,473.46669121965954,474.66559655252024,475.47500022065833
mango_rmse_random,small,2010-12-31,2012Q1,6,DEFL,473.97763254422455,459.8276478897225,14.14998465450202,471.27458800346335,472.33402464510266,474.03224924758047,475.5296310058935,476.598841502638
mango_rmse_random,small,2010-12-31,2012Q2,7,DEFL,474.56455134289826,460.2296059641123,14.33494537878596,471.3153779002778,472.5553581314156,474.62614943396125,476.47390373526736,477.71141668404607
mango_rmse_random,small,2010-12-31,2012Q3,8,DEFL,475.17215133235226,460.74675450367744,14.42539682867482,471.1921854170697,472.84445888763616,475.2770856012204,477.42165676002924,478.88673555185653
mango_rmse_random,small,2010-12-31,2010Q4,1,FFR,0.5743526306142971,0.18666666666666668,0.38768596394763044,-0.790614386261258,-0.23931708454481332,0.5937281607865249,1.3919636260378387,1.9211068146144477
mango_rmse_random,small,2010-12-31,2011Q1,2,FFR,0.9240061308967706,0.15666666666666668,0.7673394642301039,-1.153055275844774,-0.38487626513154916,0.8736028887733962,2.253026042895778,3.1241384858665078
mango_rmse_random,small,2010-12-31,2011Q2,3,FFR,1.1368025881706632,0.09333333333333334,1.0434692548373299,-1.4100640914826228,-0.4664538558068901,1.0747564745386207,2.8304565419076035,3.880005423994617
mango_rmse_random,small,2010-12-31,2011Q3,4,FFR,1.3656066372853242,0.08333333333333333,1.282273303951991,-1.6753816620261504,-0.5377204637058969,1.3433995094638604,3.2946393855487255,4.505097745822913
mango_rmse_random,small,2010-12-31,2011Q4,5,FFR,1.6469124148006558,0.07333333333333335,1.5735790814673225,-1.8410602008157506,-0.4486456130299207,1.5632602823259676,3.84220930249295,5.334489287897908
mango_rmse_random,small,2010-12-31,2012Q1,6,FFR,1.8444751937772583,0.10333333333333333,1.741141860443925,-1.9930646356937696,-0.5210341686586726,1.7709189345751692,4.2265469067091,5.856301294188274
mango_rmse_random,small,2010-12-31,2012Q2,7,FFR,1.9697446991539522,0.15333333333333335,1.816411365820619,-2.2902944968796977,-0.5297086483177663,1.9346895693072823,4.5787715020316275,6.484291306590725
mango_rmse_random,small,2010-12-31,2012Q3,8,FFR,2.1134186844931224,0.14333333333333334,1.970085351159789,-2.440064806911218,-0.6590238732796477,2.1253618796977687,4.834500666380407,6.803500090900028
mango_rmse_random,small,2010-12-31,2010Q4,1,GDP,950.133900324057,966.8271103692053,-16.693210045148362,948.8107364493538,949.3294912874794,950.1041392713275,950.9614843923592,951.554299495841
mango_rmse_random,small,2010-12-31,2011Q1,2,GDP,950.8539648841238,966.5859036314018,-15.731938747278036,948.6288290863995,949.4928109521485,950.8497268808126,952.255996268242,953.0998134597925
mango_rmse_random,small,2010-12-31,2011Q2,3,GDP,951.4377884587577,967.261665957135,-15.823877498377328,948.483469730081,949.6491108110971,951.4153532401135,953.2540172793074,954.3460649207092
mango_rmse_random,small,2010-12-31,2011Q3,4,GDP,952.0358211412905,967.2228912780705,-15.187070136779994,948.3953964165291,949.829359937034,951.9659607966071,954.2178147173194,955.6732848019539
mango_rmse_random,small,2010-12-31,2011Q4,5,GDP,952.585993584612,968.3383253013681,-15.752331716756089,948.4530312316994,950.0706050937774,952.5549380881978,955.1210273485215,956.8077427530533
mango_rmse_random,small,2010-12-31,2012Q1,6,GDP,953.1119022733742,969.1529212860218,-16.041019012647553,948.3764860003506,950.2771248034611,953.1192509350228,955.9546111230278,957.6883076024513
mango_rmse_random,small,2010-12-31,2012Q2,7,GDP,953.6214011116599,969.6077453782113,-15.986344266551441,948.3905287014227,950.4494321712634,953.6013300512519,956.7901067665537,958.7495527085173
mango_rmse_random,small,2010-12-31,2012Q3,8,GDP,954.0997813789008,969.7824756135876,-15.682694234686778,948.4541651253425,950.598361003483,954.1107097505787,957.4835956171684,959.6923088436735
mango_rmse_random,small,2011-03-31,2011Q1,1,DEFL,471.3779017753406,457.8271642119391,13.550737563401526,470.9091801840911,471.08806607864506,471.37902068662106,471.6580755349465,471.83971542659765
mango_rmse_random,small,2011-03-31,2011Q2,2,DEFL,471.7385093355336,458.48552274726825,13.252986588265344,470.9252545713682,471.2599655084629,471.74408431890333,472.2149622655502,472.52901855695745
mango_rmse_random,small,2011-03-31,2011Q3,3,DEFL,472.1381587516347,459.10205503836494,13.036103713269767,470.98180561206345,471.44384283007736,472.13898461662126,472.8316619241098,473.3088232969
mango_rmse_random,small,2011-03-31,2011Q4,4,DEFL,472.4808007325512,459.2226780352162,13.258122697335011,470.93745046831685,471.5216507183106,472.5258673616242,473.39087996479685,474.03812696076744
mango_rmse_random,small,2011-03-31,2012Q1,5,DEFL,472.88665795317996,459.8276478897225,13.059010063457436,470.85246508148697,471.62534544496026,472.92753024191063,474.0759199112871,474.8807596415361
mango_rmse_random,small,2011-03-31,2012Q2,6,DEFL,473.3190894158371,460.2296059641123,13.089483451724789,470.71205284681423,471.7329733297432,473.3828615236923,474.82254645649306,475.8148243678996
mango_rmse_random,small,2011-03-31,2012Q3,7,DEFL,473.7833739090972,460.74675450367744,13.036619405419742,470.54056725649843,471.9136141861496,473.8198723726066,475.5800461111392,476.8504359908238
mango_rmse_random,small,2011-03-31,2012Q4,8,DEFL,474.26042647508757,461.25230870332746,13.008117771760112,470.47247957479965,472.0231641352561,474.3216827847066,476.4010476285698,477.85428914265907
mango_rmse_random,small,2011-03-31,2011Q1,1,FFR,0.38331619893186497,0.15666666666666668,0.2266495322651983,-0.9370496880748627,-0.4149733781401851,0.36062664585687537,1.1786222014863295,1.7213581491785974
mango_rmse_random,small,2011-03-31,2011Q2,2,FFR,0.4036675297550657,0.09333333333333334,0.3103341964217324,-1.663473016234705,-0.8793565254427022,0.3739537886848322,1.7270463476496531,2.5385911351715653
mango_rmse_random,small,2011-03-31,2011Q3,3,FFR,0.5135261876869736,0.08333333333333333,0.43019285435364024,-2.126582237312201,-1.1112312397976196,0.5261052378575634,2.1117933020291666,3.25802425279019
mango_rmse_random,small,2011-03-31,2011Q4,4,FFR,0.8168402405467844,0.07333333333333335,0.743506907213451,-2.3458358754684694,-1.138235881032457,0.8106338056725981,2.725986691629101,3.936721033575739
mango_rmse_random,small,2011-03-31,2012Q1,5,FFR,1.0736788697233153,0.10333333333333333,0.970345536389982,-2.5284158304531106,-1.0847498454419586,1.058619753739817,3.2446214967761073,4.660158359732417
mango_rmse_random,small,2011-03-31,2012Q2,6,FFR,1.1769032830188422,0.15333333333333335,1.0235699496855089,-2.8504183020585536,-1.1453489417601017,1.1536196601432154,3.5545769881317595,5.219500689912383
mango_rmse_random,small,2011-03-31,2012Q3,7,FFR,1.2822478097808776,0.14333333333333334,1.1389144764475443,-3.0693300896728433,-1.2306795431977302,1.2743767829503136,3.8491775719634966,5.56822883678905
mango_rmse_random,small,2011-03-31,2012Q4,8,FFR,1.4612296963477929,0.16,1.301229696347793,-3.208929205201226,-1.3251875450832498,1.4891520878039888,4.200916031639353,6.099253231439733
mango_rmse_random,small,2011-03-31,2011Q1,1,GDP,950.7310395050126,966.5859036314018,-15.854864126389202,949.4319702485064,949.9507333818323,950.7071525539238,951.5532411278166,952.1243762139927
mango_rmse_random,small,2011-03-31,2011Q2,2,GDP,951.3205690656108,967.261665957135,-15.94109689152424,949.1101278652746,949.9732458416116,951.3275795659351,952.6784520945545,953.5161901837121
mango_rmse_random,small,2011-03-31,2011Q3,3,GDP,951.9767849804493,967.2228912780705,-15.246106297621168,948.9458787244969,950.2044627515891,952.0230028549869,953.7493181347473,954.9108585712416
mango_rmse_random,small,2011-03-31,2011Q4,4,GDP,952.6956811095446,968.3383253013681,-15.642644191823479,949.1234751198236,950.4721588512946,952.7259565720867,954.8120455207003,956.3791416326089
mango_rmse_random,small,2011-03-31,2012Q1,5,GDP,953.2962036213112,969.1529212860218,-15.856717664710573,949.0873797959158,950.7904697341667,953.2913701642831,955.7243789054311,957.6387398205507
mango_rmse_random,small,2011-03-31,2012Q2,6,GDP,953.8376445515972,969.6077453782113,-15.770100826614112,949.1180370280392,950.9321754001007,953.8243394174292,956.6176998492691,958.6717105093776
mango_rmse_random,small,2011-03-31,2012Q3,7,GDP,954.3842525016283,969.7824756135876,-15.398223111959283,949.0488943107835,951.1616051549025,954.3736214739013,957.5205350827424,959.8499455344588
mango_rmse_random,small,2011-03-31,2012Q4,8,GDP,954.8890316337365,969.8922534031813,-15.003221769444735,949.1211210663282,951.33736258074,954.9017073969737,958.3109918248225,960.7555261262482
mango_rmse_random,small,2011-06-30,2011Q2,1,DEFL,472.0055836703733,458.48552274726825,13.520060923105063,471.5442427391021,471.70735164853096,472.007603868259,472.28350245867443,472.4742032430206
mango_rmse_random,small,2011-06-30,2011Q3,2,DEFL,472.47772752812966,459.10205503836494,13.375672489764725,471.6916149972404,471.9896542570406,472.47319716875734,472.9631832177299,473.2600127414038
mango_rmse_random,small,2011-06-30,2011Q4,3,DEFL,472.88151223435295,459.2226780352162,13.658834199136777,471.70374267308966,472.1791878145155,472.9035786540984,473.57065306753725,473.9821077585442
mango_rmse_random,small,2011-06-30,2012Q1,4,DEFL,473.3807238549547,459.8276478897225,13.553075965232154,471.81051512293766,472.4043361973142,473.3991283866858,474.2804277806141,474.8814101516496
mango_rmse_random,small,2011-06-30,2012Q2,5,DEFL,473.89140331181306,460.2296059641123,13.66179734770077,471.82675312599474,472.6193292013521,473.93971449189314,475.08432662012274,475.8574513863273
mango_rmse_random,small,2011-06-30,2012Q3,6,DEFL,474.4411701535689,460.74675450367744,13.694415649891482,471.8793019618379,472.8619161179976,474.5018955207985,475.95351419722203,476.9209259230997
mango_rmse_random,small,2011-06-30,2012Q4,7,DEFL,474.9886238743564,461.25230870332746,13.736315171028934,471.8366413039172,473.0250355850358,475.04671825488947,476.83605410842955,477.97883656500704
mango_rmse_random,small,2011-06-30,2013Q1,8,DEFL,475.5727199170392,461.651558288791,13.921161628248171,471.82862199428837,473.23825151564796,475.63120689879025,477.72042088802306,479.1290655150573
mango_rmse_random,small,2011-06-30,2011Q2,1,FFR,0.26376789719648375,0.09333333333333334,0.17043456386315042,-1.0604421330491762,-0.5420499465838564,0.26729366478078564,1.0439385087079132,1.5917620086101252
mango_rmse_random,small,2011-06-30,2011Q3,2,FFR,0.5573114261401604,0.08333333333333333,0.47397809280682707,-1.5495513846458762,-0.7039957512720032,0.5464683083803263,1.843330574046505,2.7236421792016734
mango_rmse_random,small,2011-06-30,2011Q4,3,FFR,0.8584639754883654,0.07333333333333335,0.785130642155032,-1.7532866330689796,-0.7273953704784455,0.8252228489307221,2.45018576837487,3.592584457220728
mango_rmse_random,small,2011-06-30,2012Q1,4,FFR,1.0601958427243205,0.10333333333333333,0.9568625093909873,-2.128681681697235,-0.8194102522598329,1.0738315072882778,2.884792080560077,4.180364389763575
mango_rmse_random,small,2011-06-30,2012Q2,5,FFR,1.2526824562809111,0.15333333333333335,1.0993491229475778,-2.379208401167751,-0.9182954106479835,1.2498273932431903,3.3751033035423195,4.889136753329023
mango_rmse_random,small,2011-06-30,2012Q3,6,FFR,1.4462156827277293,0.14333333333333334,1.302882349394396,-2.6230242710092173,-0.912776914633672,1.4708143324651282,3.771649511796981,5.421035301553077
mango_rmse_random,small,2011-06-30,2012Q4,7,FFR,1.59418342542885,0.16,1.4341834254288501,-2.7556522225606637,-0.9403983716521026,1.5930418311303673,4.103133918169853,5.904455833164576
mango_rmse_random,small,2011-06-30,2013Q1,8,FFR,1.7338648449670961,0.14333333333333334,1.5905315116337628,-2.9156294092223836,-0.9649819741878838,1.7232182663372064,4.441430970140846,6.230166545138584
mango_rmse_random,small,2011-06-30,2011Q2,1,GDP,951.2195826495607,967.261665957135,-16.04208330757433,949.9255280742119,950.4232841678397,951.1956299881824,952.028668761506,952.5995326109016
mango_rmse_random,small,2011-06-30,2011Q3,2,GDP,951.9848257368025,967.2228912780705,-15.238065541268043,949.8331895638931,950.681899865062,951.9568128728955,953.3651444938293,954.2203524240284
mango_rmse_random,small,2011-06-30,2011Q4,3,GDP,952.633384111329,968.3383253013681,-15.704941190039108,949.7449739041623,950.865619302542,952.5723362528488,954.4506623632057,955.6230691066953
mango_rmse_random,small,2011-06-30,2012Q1,4,GDP,953.2184883316975,969.1529212860218,-15.93443295432428,949.7810709880564,951.0711792879116,953.1515582007951,955.4089202796931,956.9174086289781
mango_rmse_random,small,2011-06-30,2012Q2,5,GDP,953.7326281737073,969.6077453782113,-15.875117204504022,949.6506337602339,951.3149180027708,953.6319213198542,956.3282763140207,958.0210455193377
mango_rmse_random,small,2011-06-30,2012Q3,6,GDP,954.2621131345514,969.7824756135876,-15.52036247903618,949.574351469221,951.5863655989604,954.1265538319549,957.0911879539816,959.0870089997752
mango_rmse_random,small,2011-06-30,2012Q4,7,GDP,954.7715928415463,969.8922534031813,-15.120660561634963,949.551908089438,951.5905896878156,954.7472175187473,957.907997434182,960.1326365866186
mango_rmse_random,small,2011-06-30,2013Q1,8,GDP,955.2356085934202,970.7562992997954,-15.520690706375149,949.5980082100638,951.7797371142392,955.2505105763493,958.6138310899489,960.8445564101935
mango_rmse_random,small,2011-09-30,2011Q3,1,DEFL,473.4046064692863,459.10205503836494,14.302551430921369,472.96220968732143,473.1225742180189,473.40328284527516,473.67845711711124,473.8602711460528
mango_rmse_random,small,2011-09-30,2011Q4,2,DEFL,473.991617493761,459.2226780352162,14.768939458544821,473.2174897637863,473.51398882957716,473.9931889482509,474.46245505264415,474.7758411927383
mango_rmse_random,small,2011-09-30,2012Q1,3,DEFL,474.61143786689587,459.8276478897225,14.783789977173342,473.43651322477007,473.9060774258663,474.60863981192114,475.31476421770583,475.79152663237727
mango_rmse_random,small,2011-09-30,2012Q2,4,DEFL,475.2398796332184,460.2296059641123,15.010273669106084,473.61854195128524,474.2924007991217,475.2427935368951,476.1968834201336,476.7929434871898
mango_rmse_random,small,2011-09-30,2012Q3,5,DEFL,475.8887773408384,460.74675450367744,15.142022837160937,473.82568147327333,474.6284133437983,475.89501403655845,477.1297517617843,477.9509783494521
mango_rmse_random,small,2011-09-30,2012Q4,6,DEFL,476.55208697178296,461.25230870332746,15.299778268455498,473.92015187779043,474.934226720048,476.5680548929711,478.11384858376107,479.16694306288804
mango_rmse_random,small,2011-09-30,2013Q1,7,DEFL,477.2241268442512,461.651558288791,15.57256855546018,473.90772133524445,475.2045812934661,477.2510143458354,479.17384525586306,480.31157786954947
mango_rmse_random,small,2011-09-30,2013Q2,8,DEFL,477.90922342163526,461.93491871613605,15.974304705499208,474.0195717427955,475.5489500405493,477.9472364351093,480.2530045703069,481.65886709744166
mango_rmse_random,small,2011-09-30,2011Q3,1,FFR,0.4328629570959957,0.08333333333333333,0.3495296237626624,-0.9042153049603388,-0.3645887917845308,0.43253233879423103,1.2426868571437029,1.736558589973856
mango_rmse_random,small,2011-09-30,2011Q4,2,FFR,0.7381690960251689,0.07333333333333335,0.6648357626918355,-1.3503940701475194,-0.5795263932915127,0.7520437418287422,2.057958921348712,2.8899956877454267
mango_rmse_random,small,2011-09-30,2012Q1,3,FFR,0.8975126934409757,0.10333333333333333,0.7941793601076423,-1.7182045652312123,-0.7580930162075263,0.8825150396250945,2.539472871440213,3.535776274757576
mango_rmse_random,small,2011-09-30,2012Q2,4,FFR,1.11629712562439,0.15333333333333335,0.9629637922910568,-1.9981029226767006,-0.8035933784461328,1.139279122452923,3.007571589338377,4.198845309292168
mango_rmse_random,small,2011-09-30,2012Q3,5,FFR,1.417734973362934,0.14333333333333334,1.2744016400296008,-2.1935381321076988,-0.7751266699673687,1.4022100718585093,3.6119547602187323,4.947099108932269
mango_rmse_random,small,2011-09-30,2012Q4,6,FFR,1.629075048057062,0.16,1.469075048057062,-2.3809908726924105,-0.7081954058633771,1.5831625660387434,4.09511832445514,5.590339951235454
mango_rmse_random,small,2011-09-30,2013Q1,7,FFR,1.7587518061958918,0.14333333333333334,1.6154184728625585,-2.59315555346073,-0.9163330634480713,1.7553929519799367,4.449630273397181,6.06980832163903
mango_rmse_random,small,2011-09-30,2013Q2,8,FFR,1.923815531736359,0.11666666666666665,1.8071488650696923,-2.63741047975944,-1.0075084597927009,1.9843630261464842,4.817214805064701,6.514192716182372
mango_rmse_random,small,2011-09-30,2011Q3,1,GDP,949.8712091925873,967.2228912780705,-17.351682085483162,948.5648732464889,949.0433243538056,949.8519411370924,950.7001909297604,951.2958044035365
mango_rmse_random,small,2011-09-30,2011Q4,2,GDP,950.4159605658349,968.3383253013681,-17.922364735533165,948.1031805235096,949.0203257302071,950.3684303881826,951.8325165556654,952.7360420666146
mango_rmse_random,small,2011-09-30,2012Q1,3,GDP,950.8533061959085,969.1529212860218,-18.299615090113207,947.7477268359012,949.013229192577,950.8005765733715,952.7397719789452,953.9473418696871
mango_rmse_random,small,2011-09-30,2012Q2,4,GDP,951.3402124501034,969.6077453782113,-18.267532928107926,947.5361917656578,949.0764802517626,951.3231413535176,953.6003277091447,955.2409852272912
mango_rmse_random,small,2011-09-30,2012Q3,5,GDP,951.7932510421764,969.7824756135876,-17.989224571411228,947.2506054044424,949.1218461106943,951.8064663181716,954.3626656754307,956.3362485835828
mango_rmse_random,small,2011-09-30,2012Q4,6,GDP,952.2192361359175,969.8922534031813,-17.67301726726373,947.1327147008274,949.038087333561,952.2537029306674,955.1441817931473,957.4192975370173
mango_rmse_random,small,2011-09-30,2013Q1,7,GDP,952.6306243863877,970.7562992997954,-18.125674913407693,946.8980726973712,949.2226566494231,952.6570052874653,955.9666267062448,958.3815149767462
mango_rmse_random,small,2011-09-30,2013Q2,8,GDP,953.0075544417978,970.8955874685364,-17.88803302673864,946.7673106811234,949.3720326004185,953.078389960477,956.7190903230448,959.0929729408588
mango_rmse_random,small,2011-12-31,2011Q4,1,DEFL,474.06808845615984,459.2226780352162,14.845410420943665,473.62831791099285,473.7878107367803,474.0713972488534,474.33974186723344,474.5154503649214
mango_rmse_random,small,2011-12-31,2012Q1,2,DEFL,474.70092606541374,459.8276478897225,14.873278175691212,473.91198477987115,474.2205019887947,474.70252784776494,475.1818776149865,475.47707664280256
mango_rmse_random,small,2011-12-31,2012Q2,3,DEFL,475.34394763072686,460.2296059641123,15.114341666614564,474.16274485758584,474.6225763378056,475.3354345783466,476.0423102523338,476.4939557466328
mango_rmse_random,small,2011-12-31,2012Q3,4,DEFL,476.0024915454357,460.74675450367744,15.255737041758266,474.358137066332,475.0318776261172,476.02935403233994,476.95090431509345,477.5783927570675
mango_rmse_random,small,2011-12-31,2012Q4,5,DEFL,476.67805730817366,461.25230870332746,15.425748604846206,474.5306295628386,475.4003360931842,476.69696152759934,477.9276533966609,478.7221106580282
mango_rmse_random,small,2011-12-31,2013Q1,6,DEFL,477.3741985892937,461.651558288791,15.72264030050269,474.66035177845436,475.7818503613691,477.40636201190694,478.9674396899818,479.9059925355026
mango_rmse_random,small,2011-12-31,2013Q2,7,DEFL,478.0802489281624,461.93491871613605,16.14533021202635,474.814218327975,476.06216434053755,478.1065280234205,480.03595724469744,481.2226690014901
mango_rmse_random,small,2011-12-31,2013Q3,8,DEFL,478.8030383760983,462.40508197513793,16.397956400960368,474.91981477912213,476.415334698102,478.84309046073804,481.05740450358275,482.56168887083965
mango_rmse_random,small,2011-12-31,2011Q4,1,FFR,0.3782667856116281,0.07333333333333335,0.3049334522782947,-0.899502953196947,-0.43138999835261077,0.3894957679858596,1.1721797798958866,1.701792750023777
mango_rmse_random,small,2011-12-31,2012Q1,2,FFR,0.6357689990797122,0.10333333333333333,0.5324356657463789,-1.4249665298166314,-0.6531492982010575,0.6319046462137659,1.914873530563994,2.7922637418155927
mango_rmse_random,small,2011-12-31,2012Q2,3,FFR,0.8349050476992714,0.15333333333333335,0.6815717143659381,-1.8061078549641432,-0.8064656594999893,0.8569101405545942,2.4304323272254926,3.573576153852674
mango_rmse_random,small,2011-12-31,2012Q3,4,FFR,1.0973322608714702,0.14333333333333334,0.9539989275381369,-2.1048211982390455,-0.7818670037407064,1.1163210797971597,3.0282169249333313,4.225030003606865
mango_rmse_random,small,2011-12-31,2012Q4,5,FFR,1.396178099972565,0.16,1.2361780999725651,-2.2235630138666456,-0.8088922815279499,1.3410555944954967,3.660698322226534,4.965203166514411
mango_rmse_random,small,2011-12-31,2013Q1,6,FFR,1.6007203765659297,0.14333333333333334,1.4573870432325964,-2.5490244934897976,-0.8223823324380244,1.6097083030248471,4.004362247614185,5.6403851438839885
mango_rmse_random,small,2011-12-31,2013Q2,7,FFR,1.7332309744400463,0.11666666666666665,1.6165643077733796,-2.924022285274405,-0.9092985517496405,1.7727553519998742,4.399914327144597,6.100433962495484
mango_rmse_random,small,2011-12-31,2013Q3,8,FFR,1.9221043540841858,0.08333333333333333,1.8387710207508525,-2.9939260774198844,-0.8941532436944284,1.9977378487195807,4.671333912921162,6.538399443605322
mango_rmse_random,small,2011-12-31,2011Q4,1,GDP,950.3025863472851,968.3383253013681,-18.035738954082944,949.0272427697275,949.4984205201891,950.2641065905204,951.1479264374163,951.6857204691094
mango_rmse_random,small,2011-12-31,2012Q1,2,GDP,950.8603069729945,969.1529212860218,-18.29261431302723,948.5832146649377,949.4864079439808,950.831714586391,952.2813908847469,953.1155058718282
mango_rmse_random,small,2011-12-31,2012Q2,3,GDP,951.3401138337654,969.6077453782113,-18.267631544445976,948.3304803426772,949.54133764059,951.3054054260215,953.2036286145665,954.4524493786462
mango_rmse_random,small,2011-12-31,2012Q3,4,GDP,951.8558367936636,969.7824756135876,-17.92663881992405,948.1268267793463,949.6101501621685,951.7997420888059,954.198623484992,955.6209988575617
mango_rmse_random,small,2011-12-31,2012Q4,5,GDP,952.3101915528797,969.8922534031813,-17.582061850301557,948.0283561298633,949.6483474819989,952.3266872592817,955.0381506207282,956.6977418735287
mango_rmse_random,small,2011-12-31,2013Q1,6,GDP,952.7366050609637,970.7562992997954,-18.019694238831676,947.6812213405606,949.6897363305048,952.7765564051585,955.6828711234722,957.5289685086916
mango_rmse_random,small,2011-12-31,2013Q2,7,GDP,953.1497424256975,970.8955874685364,-17.745845042838937,947.4976230810723,949.722621412182,953.276839753237,956.388791274477,958.623032399383
mango_rmse_random,small,2011-12-31,2013Q3,8,GDP,953.5244350073731,971.6841237441809,-18.159688736807766,947.2721985350338,949.8651199746737,953.657315589634,957.0667388570363,959.3016526073892
mango_rmse_random,small,2012-03-31,2012Q1,1,DEFL,474.1467816409687,459.8276478897225,14.31913375124617,473.69088097512576,473.8664639021679,474.1515262826887,474.4246093117975,474.5896646068725
mango_rmse_random,small,2012-03-31,2012Q2,2,DEFL,474.61536160490243,460.2296059641123,14.385755640790137,473.8040327234741,474.12499018450154,474.62229387621915,475.08296272471324,475.38357090657007
mango_rmse_random,small,2012-03-31,2012Q3,3,DEFL,475.10886020619324,460.74675450367744,14.362105702515805,473.91329919139326,474.36918915556356,475.12951965686557,475.7901496762729,476.28562917927496
mango_rmse_random,small,2012-03-31,2012Q4,4,DEFL,475.56169630509225,461.25230870332746,14.309387601764797,473.92532376460235,474.58324694192027,475.6052085307868,476.50553894958756,477.1735764861661
mango_rmse_random,small,2012-03-31,2013Q1,5,DEFL,476.06951114066453,461.651558288791,14.417952851873508,473.9113529813984,474.78370938060635,476.0834230931582,477.28869116201207,478.1549510388007
mango_rmse_random,small,2012-03-31,2013Q2,6,DEFL,476.59473280965403,461.93491871613605,14.65981409351798,473.91287715067216,474.9781251509813,476.6383693763705,478.18559087437626,479.1250994740348
mango_rmse_random,small,2012-03-31,2013Q3,7,DEFL,477.14649203189805,462.40508197513793,14.741410056760117,473.83729134385567,475.10809534983065,477.19343663270035,479.07572202040694,480.2866855981398
mango_rmse_random,small,2012-03-31,2013Q4,8,DEFL,477.70599354686306,463.00091293350107,14.705080613361986,473.79673325431037,475.32295045441356,477.75940930443903,479.97055671885147,481.4219793605208
mango_rmse_random,small,2012-03-31,2012Q1,1,FFR,0.21630850033466767,0.10333333333333333,0.11297516700133434,-1.0580431786383133,-0.5761110907738699,0.22053678906870638,1.0109595723573208,1.523216368972134
mango_rmse_random,small,2012-03-31,2012Q2,2,FFR,0.23127812932204445,0.15333333333333335,0.0779447959887111,-1.857661010883502,-1.0690603524482556,0.2368376780874285,1.551499976275498,2.354449422482547
mango_rmse_random,small,2012-03-31,2012Q3,3,FFR,0.3878503395469778,0.14333333333333334,0.24451700621364444,-2.2554224312643285,-1.2209207785326088,0.36876991224843725,2.018772159863027,3.1060688747691874
mango_rmse_random,small,2012-03-31,2012Q4,4,FFR,0.7050494718299759,0.16,0.5450494718299759,-2.504639701899524,-1.1906772488556825,0.7378103281711651,2.595250935819224,3.813727278572859
mango_rmse_random,small,2012-03-31,2013Q1,5,FFR,0.95133497789789,0.14333333333333334,0.8080016445645567,-2.584467792746843,-1.2205381579873942,0.868550002162841,3.149074291437474,4.55442352657452
mango_rmse_random,small,2012-03-31,2013Q2,6,FFR,1.0701927035187966,0.11666666666666665,0.9535260368521299,-2.9067790416246977,-1.3262667455267485,1.0260932027455811,3.4459533471457298,5.127751899775606
mango_rmse_random,small,2012-03-31,2013Q3,7,FFR,1.2045141518838078,0.08333333333333333,1.1211808185504746,-3.1414079529587853,-1.335257370713356,1.2296292207978776,3.7757622065775265,5.5250443193052
mango_rmse_random,small,2012-03-31,2013Q4,8,FFR,1.3849372010360894,0.08666666666666667,1.2982705343694227,-3.4145296082639427,-1.2770961828732295,1.4732160020470628,4.1044903392280085,5.9601362894857015
mango_rmse_random,small,2012-03-31,2012Q1,1,GDP,950.970664063191,969.1529212860218,-18.1822572228308,949.6257009145563,950.171517338947,950.94395626985,951.7922716334218,952.4053902359584
mango_rmse_random,small,2012-03-31,2012Q2,2,GDP,951.5048523724972,969.6077453782113,-18.102893005714122,949.238041560106,950.1232330083417,951.5089866352905,952.8956991963142,953.8399384696912
mango_rmse_random,small,2012-03-31,2012Q3,3,GDP,952.1185080852204,969.7824756135876,-17.663967528367266,949.0426298564367,950.2385935058974,952.1463286354383,953.8941079732158,955.075517663351
mango_rmse_random,small,2012-03-31,2012Q4,4,GDP,952.7602966620826,969.8922534031813,-17.131956741098634,949.1483473590423,950.5185348562998,952.7509019006002,954.998648622245,956.3751438379526
mango_rmse_random,small,2012-03-31,2013Q1,5,GDP,953.3000208108249,970.7562992997954,-17.456278488970497,948.9859113151502,950.6986666436075,953.3605324693461,955.8379634129892,957.5989405507191
mango_rmse_random,small,2012-03-31,2013Q2,6,GDP,953.7836085067237,970.8955874685364,-17.111978961812724,948.8190646612702,950.9227845260294,953.8050066252381,956.6796104522368,958.6183418133118
mango_rmse_random,small,2012-03-31,2013Q3,7,GDP,954.2775411009173,971.6841237441809,-17.406582643263505,948.7540586543599,951.0131877217469,954.2729587983245,957.5094898234217,959.473107798474
mango_rmse_random,small,2012-03-31,2013Q4,8,GDP,954.7239031505361,972.3927778506837,-17.668874700147626,948.7824190457702,951.2723579311233,954.6912599886671,958.1669207036739,960.5099918670716
mango_rmse_random,small,2012-06-30,2012Q2,1,DEFL,474.5079398333127,460.2296059641123,14.278333869200424,473.92804508929845,474.1432562598808,474.51296671311513,474.86083692157604,475.0936514406126
mango_rmse_random,small,2012-06-30,2012Q3,2,DEFL,474.8186818349135,460.74675450367744,14.071927331236054,473.9301002355683,474.2614771086374,474.81858095313464,475.36841580190975,475.77337413173836
mango_rmse_random,small,2012-06-30,2012Q4,3,DEFL,475.1145569514237,461.25230870332746,13.86224824809625,473.845580778056,474.3230138668395,475.11500213874604,475.8742411312237,476.3630076818214
mango_rmse_random,small,2012-06-30,2013Q1,4,DEFL,475.4216871153325,461.651558288791,13.770128826541452,473.73981748567667,474.41900479155805,475.42779381047404,476.4010541417755,477.06796055210685
mango_rmse_random,small,2012-06-30,2013Q2,5,DEFL,475.74439194166695,461.93491871613605,13.809473225530894,473.7357312217235,474.50654930862447,475.7820747343104,476.9195721543571,477.7528209626615
mango_rmse_random,small,2012-06-30,2013Q3,6,DEFL,476.07577981540476,462.40508197513793,13.670697840266826,473.66256797686276,474.5865245671993,476.1216645287634,477.48394217610604,478.4134709903905
mango_rmse_random,small,2012-06-30,2013Q4,7,DEFL,476.42139662018985,463.00091293350107,13.420483686688783,473.55509393456043,474.69281927236324,476.45835170143573,478.1123183428121,479.1920724063473
mango_rmse_random,small,2012-06-30,2014Q1,8,DEFL,476.79155581450857,463.41657228293434,13.37498353157423,473.4724951884009,474.80905460164837,476.82872501672864,478.6998357090166,479.94924742039194
mango_rmse_random,small,2012-06-30,2012Q2,1,FFR,0.2758225296629787,0.15333333333333335,0.12248919632964536,-1.1915158652389273,-0.6027030531115564,0.2673332972197672,1.1406984713022403,1.7784759485754327
mango_rmse_random,small,2012-06-30,2012Q3,2,FFR,0.4094660513409554,0.14333333333333334,0.26613271800762206,-1.7231409141148788,-0.8867273479309857,0.39574789486564,1.744063403440166,2.6036804724260536
mango_rmse_random,small,2012-06-30,2012Q4,3,FFR,0.5500972561901888,0.16,0.39009725619018876,-1.9981089277464748,-1.0061869753901198,0.5081809893863469,2.0616197299563503,3.247907032427669
mango_rmse_random,small,2012-06-30,2013Q1,4,FFR,0.6916938568657518,0.14333333333333334,0.5483605235324185,-2.2971423401969533,-1.127967272779633,0.7029352175676034,2.403628137294158,3.678758991206069
mango_rmse_random,small,2012-06-30,2013Q2,5,FFR,0.8396532090382295,0.11666666666666665,0.7229865423715628,-2.4443377092145218,-1.221269747673462,0.7806315152385445,2.891557152378831,4.280420415410996
mango_rmse_random,small,2012-06-30,2013Q3,6,FFR,0.939885598258942,0.08333333333333333,0.8565522649256087,-2.7291858926069175,-1.2979523851731114,0.8712347885026221,3.1913910895160744,4.6819137203482555
mango_rmse_random,small,2012-06-30,2013Q4,7,FFR,1.012998206468714,0.08666666666666667,0.9263315398020473,-3.009461021928394,-1.4160057956753462,0.9742205527454568,3.3685637502992214,5.220613253260735
mango_rmse_random,small,2012-06-30,2014Q1,8,FFR,1.105728679194702,0.07333333333333335,1.0323953458613688,-3.246090082946863,-1.5535583879863692,1.0587263068933757,3.683946350969429,5.398036042203225
mango_rmse_random,small,2012-06-30,2012Q2,1,GDP,951.6900242919678,969.6077453782113,-17.917721086243546,950.2535367660943,950.8573873439093,951.6477333345974,952.5549326799913,953.2057212576292
mango_rmse_random,small,2012-06-30,2012Q3,2,GDP,952.4206773864856,969.7824756135876,-17.361798227101986,950.2281797579454,951.0702284810968,952.4039096225627,953.7490699654943,954.6204141013147
mango_rmse_random,small,2012-06-30,2012Q4,3,GDP,953.1426236624548,969.8922534031813,-16.749629740726505,950.5028242675792,951.4804852628519,953.1003497647748,954.778568858127,955.9570765863153
mango_rmse_random,small,2012-06-30,2013Q1,4,GDP,953.8635602928812,970.7562992997954,-16.892739006914212,950.6387093819594,951.8937367331164,953.8257926756121,955.8148820101959,957.2771580835611
mango_rmse_random,small,2012-06-30,2013Q2,5,GDP,954.5561865538841,970.8955874685364,-16.339400914652288,950.8971785562188,952.3224435381097,954.5462809448261,956.7687734071704,958.4648662000614
mango_rmse_random,small,2012-06-30,2013Q3,6,GDP,955.2370147859335,971.6841237441809,-16.447108958247327,951.1040630355895,952.7825951068513,955.2434728632804,957.6375779922455,959.4442875776384
mango_rmse_random,small,2012-06-30,2013Q4,7,GDP,955.9253894575054,972.3927778506837,-16.46738839317834,951.2259722531572,953.1808547633002,955.8643620406051,958.6841606662059,960.452014059379
mango_rmse_random,small,2012-06-30,2014Q1,8,GDP,956.5590188437021,972.0420537957549,-15.483034952052776,951.5869219290058,953.6091576121864,956.5114926064041,959.5923759670011,961.3823320983528
mango_rmse_random,small,2012-09-30,2012Q3,1,DEFL,475.01394173800867,460.74675450367744,14.267187234331232,474.5566196080057,474.7308434762946,475.0196092757066,475.28376738601656,475.4624219789697
mango_rmse_random,small,2012-09-30,2012Q4,2,DEFL,475.4172755810525,461.25230870332746,14.164966877725021,474.6552260729654,474.9389125678596,475.4128663584281,475.8843704404972,476.1858737529031
mango_rmse_random,small,2012-09-30,2013Q1,3,DEFL,475.901478909913,461.651558288791,14.249920621121987,474.7663633137729,475.20304643652406,475.90654805640315,476.57469127728535,477.07790395054496
mango_rmse_random,small,2012-09-30,2013Q2,4,DEFL,476.3697333432455,461.93491871613605,14.43481462710946,474.8154621296146,475.4342541029991,476.3686933398103,477.3170825524617,477.9178191646492
mango_rmse_random,small,2012-09-30,2013Q3,5,DEFL,476.8930678012912,462.40508197513793,14.487985826153249,474.89570099573547,475.6368871412956,476.88934187150016,478.121495404862,478.90808302483384
mango_rmse_random,small,2012-09-30,2013Q4,6,DEFL,477.4132390865132,463.00091293350107,14.412326153012145,474.9778360156338,475.8447182633773,477.39881385273975,478.9484054242683,479.9407011460942
mango_rmse_random,small,2012-09-30,2014Q1,7,DEFL,477.9581716007159,463.41657228293434,14.54159931778156,474.90795272074985,476.05987781863377,477.9319420459916,479.8687046832143,481.04030813352745
mango_rmse_random,small,2012-09-30,2014Q2,8,DEFL,478.5127604905693,463.9813129431631,14.531447547406174,474.8853677603607,476.2415853503446,478.4979407592542,480.77717141822677,482.15618029412764
mango_rmse_random,small,2012-09-30,2012Q3,1,FFR,0.35149829668162685,0.14333333333333334,0.2081649633482935,-0.9377734916511798,-0.4331586651696448,0.3575316096458534,1.1483912917202705,1.6916012814616412
mango_rmse_random,small,2012-09-30,2012Q4,2,FFR,0.569543591546421,0.16,0.40954359154642095,-1.4826858094199005,-0.7450831263366774,0.5559481686444787,1.9145016405667128,2.6882608650657356
mango_rmse_random,small,2012-09-30,2013Q1,3,FFR,0.7479036174426971,0.14333333333333334,0.6045702841093638,-1.8011936883765927,-0.8546836284786846,0.7180105668965463,2.382529156618789,3.4020009414228802
mango_rmse_random,small,2012-09-30,2013Q2,4,FFR,0.9156119581496693,0.11666666666666665,0.7989452914830026,-2.1344481660849204,-0.9829465520225814,0.9471135884189962,2.7948618536300374,4.043663941858577
mango_rmse_random,small,2012-09-30,2013Q3,5,FFR,1.1093450167178909,0.08333333333333333,1.0260116833845576,-2.3870573265224175,-1.0898872073273838,1.138817892868009,3.2172120170875824,4.546276063974102
mango_rmse_random,small,2012-09-30,2013Q4,6,FFR,1.259728130058049,0.08666666666666667,1.1730614633913823,-2.7734876938720086,-1.1248017359680724,1.3098516655876158,3.587535541789217,5.083556499122151
mango_rmse_random,small,2012-09-30,2014Q1,7,FFR,1.3518118778810524,0.07333333333333335,1.2784785445477191,-2.9239217831826556,-1.2037331061664285,1.4083320971129742,3.836288122718966,5.54597201507913
mango_rmse_random,small,2012-09-30,2014Q2,8,FFR,1.4701614009036157,0.09333333333333334,1.3768280675702824,-3.0978765179879897,-1.3038599316929134,1.5104965776414903,4.135222279505219,5.896090212598678
mango_rmse_random,small,2012-09-30,2012Q3,1,GDP,952.0415413758601,969.7824756135876,-17.740934237727515,950.725681554466,951.2366602723872,952.0242530890134,952.8183141419578,953.4510409465119
mango_rmse_random,small,2012-09-30,2012Q4,2,GDP,952.6206470788875,969.8922534031813,-17.27160632429377,950.3444094944571,951.320886358209,952.6258658795552,953.9731722906087,954.8291581953234
mango_rmse_random,small,2012-09-30,2013Q1,3,GDP,953.1587651156389,970.7562992997954,-17.59753418415653,950.1717377990334,951.3865844556599,953.1271000359823,954.9531620473097,956.0910720866642
mango_rmse_random,small,2012-09-30,2013Q2,4,GDP,953.6683982666005,970.8955874685364,-17.227189201935857,950.1870209034487,951.4518302850055,953.6972840867852,955.8534269173755,957.2972694522906
mango_rmse_random,small,2012-09-30,2013Q3,5,GDP,954.1637640870707,971.6841237441809,-17.520359657110134,949.958400296335,951.6479196823285,954.1158029270002,956.5965774822943,958.4125186640357
mango_rmse_random,small,2012-09-30,2013Q4,6,GDP,954.6444975793366,972.3927778506837,-17.748280271347085,949.7549739984264,951.7546437556372,954.6421331421934,957.5323789377119,959.3717679368737
mango_rmse_random,small,2012-09-30,2014Q1,7,GDP,955.1336766465064,972.0420537957549,-16.90837714924851,949.6420547954414,951.8360522206958,955.1638621451146,958.3924136105725,960.5581590326262
mango_rmse_random,small,2012-09-30,2014Q2,8,GDP,955.5699757736805,973.318007678534,-17.748031904853406,949.6449111789591,952.0896628978742,955.5498744573467,958.9821398513023,961.1981743015552
mango_rmse_random,small,2012-12-31,2012Q4,1,DEFL,475.6604329895559,461.25230870332746,14.408124286228428,475.21478585558333,475.3775273282401,475.66199381904073,475.9348166564484,476.1140927336502
mango_rmse_random,small,2012-12-31,2013Q1,2,DEFL,476.22125638538773,461.651558288791,14.56969809659671,475.4622315012608,475.75123419746427,476.23008546415133,476.69493977296094,476.99186917147114
mango_rmse_random,small,2012-12-31,2013Q2,3,DEFL,476.76460984164845,461.93491871613605,14.829691125512397,475.61358558906534,476.0641632315013,476.77285308026467,477.4444422210865,477.9542523863495
mango_rmse_random,small,2012-12-31,2013Q3,4,DEFL,477.38215262771234,462.40508197513793,14.977070652574412,475.8088776706063,476.4431588037765,477.40363911044426,478.30031583507014,478.9314610442782
mango_rmse_random,small,2012-12-31,2013Q4,5,DEFL,477.98491373454164,463.00091293350107,14.984000801040565,475.9260794111476,476.74840927764353,478.02245800462487,479.16097465287834,480.07931844609607
mango_rmse_random,small,2012-12-31,2014Q1,6,DEFL,478.6261110036027,463.41657228293434,15.209538720668377,476.0056725617406,477.0063076219893,478.6841143852979,480.1454425393896,481.17580647498283
mango_rmse_random,small,2012-12-31,2014Q2,7,DEFL,479.26654681093333,463.9813129431631,15.285233867770216,476.14168773695513,477.27040244802777,479.3417199679533,481.1440881258063,482.3787680391429
mango_rmse_random,small,2012-12-31,2014Q3,8,DEFL,479.9282300833241,464.4169720837101,15.511257999613974,476.22209175500126,477.583619174811,479.9879944629344,482.1605545497573,483.6184743337777
mango_rmse_random,small,2012-12-31,2012Q4,1,FFR,0.507590499689068,0.16,0.34759049968906797,-0.8199679643050694,-0.2928947159874861,0.5411974627304268,1.3073892314242115,1.8103691985827128
mango_rmse_random,small,2012-12-31,2013Q1,2,FFR,0.8884066392587368,0.14333333333333334,0.7450733059254034,-1.249576597710949,-0.37078491463703406,0.8700100580810848,2.1718645748127487,3.0459293938691223
mango_rmse_random,small,2012-12-31,2013Q2,3,FFR,1.083084245420081,0.11666666666666665,0.9664175787534144,-1.4803378596388523,-0.49892647331358014,1.0763534794289917,2.7198342174536747,3.6455143768699205
mango_rmse_random,small,2012-12-31,2013Q3,4,FFR,1.221401142657535,0.08333333333333333,1.1380678093242018,-1.9300639967787772,-0.6900004752411673,1.2443442243300995,3.0901552608954006,4.213512225032287
mango_rmse_random,small,2012-12-31,2013Q4,5,FFR,1.4601250016661753,0.08666666666666667,1.3734583349995086,-2.113936696701305,-0.7477710133404479,1.4752270846761486,3.642374508936429,4.943873542255819
mango_rmse_random,small,2012-12-31,2014Q1,6,FFR,1.6471421132179316,0.07333333333333335,1.5738087798845983,-2.46352553195813,-0.7618228094130511,1.66492785133045,3.980524931971505,5.573121491472624
mango_rmse_random,small,2012-12-31,2014Q2,7,FFR,1.7329202103527694,0.09333333333333334,1.6395868770194362,-2.599492260077136,-0.8586095281205263,1.800064340669118,4.244895298147971,5.864235317928246
mango_rmse_random,small,2012-12-31,2014Q3,8,FFR,1.8543144150987148,0.09000000000000001,1.7643144150987147,-2.952914436541861,-0.8685384143315925,2.0025620791846146,4.543639487307273,6.328979952945763
mango_rmse_random,small,2012-12-31,2012Q4,1,GDP,952.8327257558919,969.8922534031813,-17.059527647289315,951.5278840467486,952.056432155706,952.7980585636506,953.6197771451068,954.1824691506345
mango_rmse_random,small,2012-12-31,2013Q1,2,GDP,953.5361006216391,970.7562992997954,-17.220198678156294,951.299109974131,952.1750965561087,953.5375592519852,954.8758204466945,955.6939737880965
mango_rmse_random,small,2012-12-31,2013Q2,3,GDP,954.0096992864537,970.8955874685364,-16.88588818208268,951.0632478025183,952.2917118415771,953.9839331465678,955.7917518675079,956.9160704638833
mango_rmse_random,small,2012-12-31,2013Q3,4,GDP,954.5119352190077,971.6841237441809,-17.17218852517317,950.992713260832,952.4626914768097,954.4581380785751,956.6320802000533,958.0827605443707
mango_rmse_random,small,2012-12-31,2013Q4,5,GDP,954.9607423630632,972.3927778506837,-17.43203548762051,950.9450611141158,952.5498410170526,954.9041466513725,957.3756011534446,959.0634386554692
mango_rmse_random,small,2012-12-31,2014Q1,6,GDP,955.4131213817516,972.0420537957549,-16.628932414003316,950.7164452842698,952.696489307918,955.3922217943118,958.089172419406,959.9533565096929
mango_rmse_random,small,2012-12-31,2014Q2,7,GDP,955.8407616335159,973.318007678534,-17.47724604501809,950.7197783192602,952.7617530425805,955.8495693353252,958.8269901384471,960.9061621130742
mango_rmse_random,small,2012-12-31,2014Q3,8,GDP,956.2382598811827,974.4762358890149,-18.23797600783223,950.6610175192161,952.9004209950743,956.1613224036098,959.477017220507,961.6328493378696
mango_rmse_random,small,2013-03-31,2013Q1,1,DEFL,475.8615098348636,461.651558288791,14.209951546072602,475.40018681411823,475.5678311170802,475.8683210885147,476.14114750272586,476.32420023316683
mango_rmse_random,small,2013-03-31,2013Q2,2,DEFL,476.28809052192304,461.93491871613605,14.353171805786985,475.50852352875665,475.80026430787177,476.28879454081607,476.76230197863833,477.0931459900065
mango_rmse_random,small,2013-03-31,2013Q3,3,DEFL,476.72904100695797,462.40508197513793,14.323959031820038,475.555512189799,476.0016687655466,476.74060843634555,477.44097122539347,477.8993779359865
mango_rmse_random,small,2013-03-31,2013Q4,4,DEFL,477.1462746475944,463.00091293350107,14.145361714093326,475.5186892724769,476.15602149202914,477.173126835622,478.12298020668516,478.7534922864781
mango_rmse_random,small,2013-03-31,2014Q1,5,DEFL,477.6044023278417,463.41657228293434,14.187830044907344,475.4647434454369,476.30798446934085,477.611515854918,478.8789029129506,479.70011902256533
mango_rmse_random,small,2013-03-31,2014Q2,6,DEFL,478.07104307038014,463.9813129431631,14.089730127217024,475.45041788148563,476.4558089920475,478.07273107183016,479.65789864300933,480.73626636149856
mango_rmse_random,small,2013-03-31,2014Q3,7,DEFL,478.5534081174247,464.4169720837101,14.136436033714574,475.3852511071074,476.5576866244124,478.54453247085183,480.462464805864,481.7649240672518
mango_rmse_random,small,2013-03-31,2014Q4,8,DEFL,479.05314741458034,464.58321677069813,14.469930643882208,475.3052250990498,476.634396599918,479.05301428610403,481.3359779550239,482.8876695853509
mango_rmse_random,small,2013-03-31,2013Q1,1,FFR,0.264098020156127,0.14333333333333334,0.12076468682279365,-1.0527439229607312,-0.531247365108208,0.2613047155912426,1.0560774942262334,1.6205865850965138
mango_rmse_random,small,2013-03-31,2013Q2,2,FFR,0.29070548527701406,0.11666666666666665,0.17403881861034742,-1.8387896583468224,-0.9974137021577106,0.3020280161711656,1.6032816075610992,2.4271585630667323
mango_rmse_random,small,2013-03-31,2013Q3,3,FFR,0.36869728792599027,0.08333333333333333,0.28536395459265695,-2.1627313988447745,-1.2468693599142733,0.33087750303998165,2.040900211282851,2.992610994800503
mango_rmse_random,small,2013-03-31,2013Q4,4,FFR,0.5723408188716016,0.08666666666666667,0.48567415220493493,-2.440475636607498,-1.3075753652569337,0.6011009020616982,2.405522890756531,3.69396484293594
mango_rmse_random,small,2013-03-31,2014Q1,5,FFR,0.7623767135898043,0.07333333333333335,0.6890433802564709,-2.672596168641435,-1.3829699780263025,0.7424489763756544,2.8933564856390985,4.366158871322061
mango_rmse_random,small,2013-03-31,2014Q2,6,FFR,0.8889224624961911,0.09333333333333334,0.7955891291628577,-2.936279936892296,-1.5050670404970825,0.8794951505577608,3.259116015980928,4.7996459488512535
mango_rmse_random,small,2013-03-31,2014Q3,7,FFR,0.9955372993298319,0.09000000000000001,0.905537299329832,-3.204104314293592,-1.5463572535188586,1.0199035886818992,3.517623774549687,5.148916178529071
mango_rmse_random,small,2013-03-31,2014Q4,8,FFR,1.1382298695397062,0.09999999999999999,1.038229869539706,-3.37320370094597,-1.571905304001318,1.2479541404558792,3.716072131490735,5.569338325812244
mango_rmse_random,small,2013-03-31,2013Q1,1,GDP,952.706010773704,970.7562992997954,-18.050288526091435,951.3960447468199,951.8993076304824,952.6666964170595,953.5412178600374,954.0946539371047
mango_rmse_random,small,2013-03-31,2013Q2,2,GDP,953.1711661040741,970.8955874685364,-17.724421364462273,951.0101712034558,951.832109632649,953.1515133273506,954.5252747978575,955.4018131633424
mango_rmse_random,small,2013-03-31,2013Q3,3,GDP,953.699074873615,971.6841237441809,-17.985048870565834,950.738741815589,951.963135560406,953.713462560239,955.4611414576301,956.5321215117765
mango_rmse_random,small,2013-03-31,2013Q4,4,GDP,954.2695236750686,972.3927778506837,-18.123254175615102,950.750371468632,952.1634194111822,954.2600773574978,956.3985157697222,957.715438180584
mango_rmse_random,small,2013-03-31,2014Q1,5,GDP,954.8040338399919,972.0420537957549,-17.23801995576298,950.7005087905428,952.3098678960266,954.7812949290021,957.2895771568584,958.8945746797906
mango_rmse_random,small,2013-03-31,2014Q2,6,GDP,955.3190470762621,973.318007678534,-17.998960602271836,950.5545485405834,952.5183389362911,955.3296122588403,958.1309482147154,959.9279228258706
mango_rmse_random,small,2013-03-31,2014Q3,7,GDP,955.8317774887649,974.4762358890149,-18.64445840024996,950.4899609435978,952.7443662345156,955.8663234601677,958.8895346434612,961.0650000792591
mango_rmse_random,small,2013-03-31,2014Q4,8,GDP,956.3046257631721,974.9242243231641,-18.619598559992028,950.6420339722204,952.91399810012,956.3579274778997,959.7526897756379,961.8967067857933
mango_rmse_random,small,2013-06-30,2013Q2,1,DEFL,476.10211927000626,461.93491871613605,14.167200553870202,475.65692713835153,475.8169815516881,476.10334146546523,476.3733020885966,476.54769746923046
mango_rmse_random,small,2013-06-30,2013Q3,2,DEFL,476.53221933405143,462.40508197513793,14.127137358913501,475.74926611829306,476.05614725083524,476.54700562083053,477.00047999985003,477.29130130829753
mango_rmse_random,small,2013-06-30,2013Q4,3,DEFL,476.88148712751274,463.00091293350107,13.880574194011672,475.7086840680671,476.19243128180005,476.89816228636124,477.56765678041995,477.9766571739633
mango_rmse_random,small,2013-06-30,2014Q1,4,DEFL,477.2700185353338,463.41657228293434,13.853446252399465,475.6721152048387,476.33532711776803,477.29061668739325,478.17215985095714,478.7442116125632
mango_rmse_random,small,2013-06-30,2014Q2,5,DEFL,477.67659491192427,463.9813129431631,13.695281968761151,475.6457666102861,476.47395931941804,477.69800542997496,478.85603935107326,479.62533249341203
mango_rmse_random,small,2013-06-30,2014Q3,6,DEFL,478.12041755436405,464.4169720837101,13.703445470653946,475.55772008856184,476.58197330615695,478.18683858053373,479.63763220021,480.50964759917167
mango_rmse_random,small,2013-06-30,2014Q4,7,DEFL,478.5647355101054,464.58321677069813,13.98151873940725,475.4587783806564,476.67048029029473,478.61771880670597,480.4102884459591,481.45106749336605
mango_rmse_random,small,2013-06-30,2015Q1,8,DEFL,479.03904943167123,464.5476847747226,14.491364656948633,475.359563320771,476.8472518504054,479.10631739079724,481.2171700900019,482.52946180699615
mango_rmse_random,small,2013-06-30,2013Q2,1,FFR,0.04209847337763393,0.11666666666666665,-0.07456819328903272,-1.2340594218247738,-0.742674343958011,0.04458565151052782,0.8227205075646489,1.3605974556918576
mango_rmse_random,small,2013-06-30,2013Q3,2,FFR,-0.008176697534247677,0.08333333333333333,-0.091510030867581,-2.0148984757956607,-1.2522555791926828,-0.031378120435722925,1.2676049936576566,2.096532115274702
mango_rmse_random,small,2013-06-30,2013Q4,3,FFR,0.17116402244325687,0.08666666666666667,0.0844973557765902,-2.3450632246975744,-1.4010003859757063,0.1446701541761949,1.7697896317220663,2.843784910813239
mango_rmse_random,small,2013-06-30,2014Q1,4,FFR,0.393081301160143,0.07333333333333335,0.31974796782680964,-2.61195625356308,-1.4795938836465299,0.4286512204699623,2.24367911117682,3.4747785642771567
mango_rmse_random,small,2013-06-30,2014Q2,5,FFR,0.5263563112932725,0.09333333333333334,0.4330229779599392,-2.891743613368007,-1.521752172860214,0.48909997089457274,2.558743996374806,4.048967840854091
mango_rmse_random,small,2013-06-30,2014Q3,6,FFR,0.6361701908880723,0.09000000000000001,0.5461701908880723,-3.288229300935841,-1.6560958460909636,0.6107523422168084,2.9250596818135937,4.523948236128649
mango_rmse_random,small,2013-06-30,2014Q4,7,FFR,0.7548214513157694,0.09999999999999999,0.6548214513157694,-3.5481347090636417,-1.871623670684428,0.815307882649742,3.2249799221475426,4.986033598678419
mango_rmse_random,small,2013-06-30,2015Q1,8,FFR,0.9103900107665152,0.11,0.8003900107665152,-3.6753006053907016,-1.8108856784520342,0.977376705899557,3.5851896885896477,5.423733163726811
mango_rmse_random,small,2013-06-30,2013Q2,1,GDP,952.9976105860123,970.8955874685364,-17.897976882524063,951.7055109717122,952.2047673827659,952.9588819428409,953.7909224770876,954.4425052937029
mango_rmse_random,small,2013-06-30,2013Q3,2,GDP,953.5343347736581,971.6841237441809,-18.149788970522764,951.3800320582036,952.1894849877676,953.5485115393552,954.9024122737007,955.7745908529852
mango_rmse_random,small,2013-06-30,2013Q4,3,GDP,954.1324766132639,972.3927778506837,-18.260301237419867,951.2075371263476,952.391920516978,954.1462463391542,955.9127409507495,957.0476166185042
mango_rmse_random,small,2013-06-30,2014Q1,4,GDP,954.742548272319,972.0420537957549,-17.29950552343587,951.1813014157096,952.5833456489297,954.6979207818299,956.9292138378988,958.4104251809252
mango_rmse_random,small,2013-06-30,2014Q2,5,GDP,955.2431876965705,973.318007678534,-18.0748199819634,951.0688656251554,952.7410968695159,955.1914984598975,957.8473171502854,959.375502258946
mango_rmse_random,small,2013-06-30,2014Q3,6,GDP,955.7448740531612,974.4762358890149,-18.731361835853704,950.7789507018114,952.873109486676,955.7621669966481,958.5589682846472,960.5165002507912
mango_rmse_random,small,2013-06-30,2014Q4,7,GDP,956.2557396096228,974.9242243231641,-18.668484713541375,950.7836273565932,953.0505429352659,956.3855751596409,959.4023562031698,961.6158458759697
mango_rmse_random,small,2013-06-30,2015Q1,8,GDP,956.7014360441553,975.7342483786737,-19.032812334518326,950.8466175315391,953.1834146199627,956.8681931530047,960.1212486670852,962.2263019367043
mango_rmse_random,small,2013-09-30,2013Q3,1,DEFL,466.9196285210619,462.40508197513793,4.514546545923963,466.4949077056905,466.6485107685285,466.9252017278839,467.18000747062405,467.3498501766472
mango_rmse_random,small,2013-09-30,2013Q4,2,DEFL,467.22867510302063,463.00091293350107,4.227762169519565,466.4967493558791,466.7554151466829,467.233017127739,467.68368595412045,467.97910138316246
mango_rmse_random,small,2013-09-30,2014Q1,3,DEFL,467.55938761327013,463.41657228293434,4.142815330335793,466.4748636716789,466.8778462031892,467.55924610715863,468.2188179258619,468.6442468226389
mango_rmse_random,small,2013-09-30,2014Q2,4,DEFL,467.8876089793851,463.9813129431631,3.9062960362219883,466.39336249174073,466.9271027766877,467.9046274989852,468.77992819633687,469.3967254222577
mango_rmse_random,small,2013-09-30,2014Q3,5,DEFL,468.25700807574583,464.4169720837101,3.840035992035723,466.23358385788833,467.0480102306557,468.30874518247174,469.4311845546509,470.2304574021437
mango_rmse_random,small,2013-09-30,2014Q4,6,DEFL,468.6370452051035,464.58321677069813,4.053828434405375,466.09327005181274,467.10464486051757,468.68478398064076,470.0994247798632,471.10377615253844
mango_rmse_random,small,2013-09-30,2015Q1,7,DEFL,469.0394865705533,464.5476847747226,4.491801795830725,465.8861235503511,467.15408932688035,469.1061425180226,470.86487959178754,472.0934482278339
mango_rmse_random,small,2013-09-30,2015Q2,8,DEFL,469.4641068688623,465.0879418481692,4.376165020693122,465.71884522638624,467.2454985404044,469.52618414981987,471.67264588760696,473.0685366272744
mango_rmse_random,small,2013-09-30,2013Q3,1,FFR,0.11926623573264893,0.08333333333333333,0.0359329023993156,-1.1987529214108834,-0.6554099120549823,0.1197264865355326,0.8896960328148764,1.4167183751128856
mango_rmse_random,small,2013-09-30,2013Q4,2,FFR,0.10225624662217586,0.08666666666666667,0.015589579955509192,-1.9074282241455482,-1.1524585658012874,0.10030741263616796,1.3834942351116257,2.2126578383298727
mango_rmse_random,small,2013-09-30,2014Q1,3,FFR,0.1962169759280703,0.07333333333333335,0.12288364259473696,-2.3468124437506455,-1.4017105046658471,0.15281258465450467,1.763287774252386,2.810960881321515
mango_rmse_random,small,2013-09-30,2014Q2,4,FFR,0.36415471512201725,0.09333333333333334,0.2708213817886839,-2.66764535662131,-1.5096053354465822,0.3707751286030793,2.1570653359162097,3.466507986722984
mango_rmse_random,small,2013-09-30,2014Q3,5,FFR,0.49771707549401867,0.09000000000000001,0.40771707549401864,-3.0483446660070475,-1.6406284828072515,0.45563413982633977,2.6290520607773415,4.0844964335962555
mango_rmse_random,small,2013-09-30,2014Q4,6,FFR,0.5923346175974938,0.09999999999999999,0.49233461759749386,-3.332056737490064,-1.8057475340840936,0.6475264128127883,2.926772462131668,4.532676580942689
mango_rmse_random,small,2013-09-30,2015Q1,7,FFR,0.6809064338861508,0.11,0.5709064338861508,-3.5731727616786686,-1.8724177586616788,0.687400181375279,3.200058803393682,5.001211105449653
mango_rmse_random,small,2013-09-30,2015Q2,8,FFR,0.8023604985246362,0.12333333333333334,0.6790271651913029,-3.7164987234233764,-1.9573701053708024,0.786604065288067,3.556311205766311,5.341619751783678
mango_rmse_random,small,2013-09-30,2013Q3,1,GDP,966.4738253780783,971.6841237441809,-5.210298366102506,965.222106726456,965.7095150108885,966.4407900580426,967.2524493248756,967.831617536607
mango_rmse_random,small,2013-09-30,2013Q4,2,GDP,966.9893578691486,972.3927778506837,-5.40341998153508,964.8191022671047,965.7178846999677,966.9802237813094,968.2921828861085,969.1248724347237
mango_rmse_random,small,2013-09-30,2014Q1,3,GDP,967.58983131068,972.0420537957549,-4.452222485074913,964.8017751402313,965.874863815059,967.5613784562345,969.358801586788,970.413270178839
mango_rmse_random,small,2013-09-30,2014Q2,4,GDP,968.1991125087127,973.318007678534,-5.118895169821258,964.7583542487839,966.1038575666263,968.2018632259646,970.3340582565374,971.6403447229219
mango_rmse_random,small,2013-09-30,2014Q3,5,GDP,968.7604974745028,974.4762358890149,-5.715738414512089,964.6868389481004,966.3685223613433,968.7494346202766,971.190173927059,972.8657118143494
mango_rmse_random,small,2013-09-30,2014Q4,6,GDP,969.3018917965778,974.9242243231641,-5.6223325265863195,964.5839066554122,966.6177371440407,969.3629618659838,972.0071144421216,973.8375616057052
mango_rmse_random,small,2013-09-30,2015Q1,7,GDP,969.845459353392,975.7342483786737,-5.888789025281653,964.6560468244826,966.816007708146,969.9210379503827,972.8469368068828,974.8153231633738
mango_rmse_random,small,2013-09-30,2015Q2,8,GDP,970.3434593270259,976.31257427765,-5.969114950624089,964.6495965253695,967.0714852995937,970.4191560970912,973.6309417133707,975.8300879216847
mango_rmse_random,small,2013-12-31,2013Q4,1,DEFL,467.4485391639187,463.00091293350107,4.447626230417654,467.03607237732587,467.18137173381916,467.44775866986197,467.70582378941907,467.8761874376083
mango_rmse_random,small,2013-12-31,2014Q1,2,DEFL,467.872298748259,463.41657228293434,4.4557264653246875,467.1413548242703,467.4075846053507,467.88038226032506,468.32016179985004,468.6161954442261
mango_rmse_random,small,2013-12-31,2014Q2,3,DEFL,468.28008665148485,463.9813129431631,4.298773708321733,467.17120629351655,467.59445368531635,468.2923589576659,468.9143076072966,469.3527499943696
mango_rmse_random,small,2013-12-31,2014Q3,4,DEFL,468.7754619002662,464.4169720837101,4.358489816556073,467.24030810320846,467.88182325958365,468.7731775744927,469.6751170566267,470.2464894105955
mango_rmse_random,small,2013-12-31,2014Q4,5,DEFL,469.2747851787439,464.58321677069813,4.691568408045782,467.2593748976045,468.08902730542223,469.27388633281777,470.4412446843418,471.22008257539545
mango_rmse_random,small,2013-12-31,2015Q1,6,DEFL,469.8093258810301,464.5476847747226,5.261641106307479,467.29462271129836,468.31349224693975,469.8131624116404,471.30161459527744,472.2333711852808
mango_rmse_random,small,2013-12-31,2015Q2,7,DEFL,470.3487096220412,465.0879418481692,5.260767773872033,467.3050161565348,468.47159587196734,470.3726861243092,472.2124054852828,473.327618628073
mango_rmse_random,small,2013-12-31,2015Q3,8,DEFL,470.91422841764535,465.38555827648497,5.528670141160376,467.38952676736045,468.71145521048936,470.95823211719073,473.0739995071143,474.5030345449584
mango_rmse_random,small,2013-12-31,2013Q4,1,FFR,0.3260633570140843,0.08666666666666667,0.23939669034741762,-0.9603481925427954,-0.44764744155383257,0.32402521510338467,1.1079348005957486,1.6351016296802108
mango_rmse_random,small,2013-12-31,2014Q1,2,FFR,0.6922756333163181,0.07333333333333335,0.6189422999829848,-1.3414979253070591,-0.5662919055308316,0.6596571382824431,1.9706633905743125,2.7908775998454534
mango_rmse_random,small,2013-12-31,2014Q2,3,FFR,0.9283708263588992,0.09333333333333334,0.8350374930255658,-1.5576049725752699,-0.618943065068641,0.8936772318136244,2.499786870497292,3.532956903496822
mango_rmse_random,small,2013-12-31,2014Q3,4,FFR,1.033216117983478,0.09000000000000001,0.943216117983478,-1.9335502571878513,-0.8107823780480594,1.035225811571369,2.825680734116044,4.115392851257935
mango_rmse_random,small,2013-12-31,2014Q4,5,FFR,1.1962324853509194,0.09999999999999999,1.0962324853509193,-2.1628319421169038,-0.9170820745043115,1.2062979699612666,3.290382428875525,4.743209651258279
mango_rmse_random,small,2013-12-31,2015Q1,6,FFR,1.3493933136593628,0.11,1.2393933136593627,-2.5165638984433056,-0.9768896198319557,1.3020844688478155,3.6869753091760606,5.204977409545032
mango_rmse_random,small,2013-12-31,2015Q2,7,FFR,1.429746024497199,0.12333333333333334,1.3064126911638656,-2.8079260040212826,-1.1413897414832406,1.3981965546866082,4.007228285489469,5.521987400036696
mango_rmse_random,small,2013-12-31,2015Q3,8,FFR,1.5141701329114339,0.1366666666666667,1.3775034662447672,-3.1904834102583837,-1.190337338776147,1.5348677159782071,4.170716728336827,5.978204390822916
mango_rmse_random,small,2013-12-31,2013Q4,1,GDP,967.7137803884964,972.3927778506837,-4.67899746218734,966.4968654002374,966.9522215632189,967.6947119469569,968.4575776568105,969.0641144243493
mango_rmse_random,small,2013-12-31,2014Q1,2,GDP,968.5567128462968,972.0420537957549,-3.4853409494580774,966.404613242,967.2846807863721,968.5399733953035,969.8369526024273,970.6961929132252
mango_rmse_random,small,2013-12-31,2014Q2,3,GDP,969.1573125233358,973.318007678534,-4.160695155198141,966.420510507513,967.4758115003459,969.1036633834948,970.9074780056775,972.0224186967824
mango_rmse_random,small,2013-12-31,2014Q3,4,GDP,969.7184996384477,974.4762358890149,-4.757736250567177,966.3659965693464,967.7041105661507,969.6991604879222,971.7919890773804,973.1719056359002
mango_rmse_random,small,2013-12-31,2014Q4,5,GDP,970.2070517290837,974.9242243231641,-4.717172594080466,966.3388301184388,967.8231626947147,970.1826407031032,972.626439839545,974.1851759689065
mango_rmse_random,small,2013-12-31,2015Q1,6,GDP,970.7217941803277,975.7342483786737,-5.012454198345949,966.1603475984698,968.0667741789042,970.6920671133377,973.3883310879389,975.1168860464288
mango_rmse_random,small,2013-12-31,2015Q2,7,GDP,971.1980734775819,976.31257427765,-5.114500800068072,966.0930464324953,968.2061152339081,971.129722188263,974.2260256781682,976.2392157448809
mango_rmse_random,small,2013-12-31,2015Q3,8,GDP,971.6516657800281,976.6354252252142,-4.983759445186138,966.1926062887989,968.4071134835992,971.6770123655888,974.928155280692,977.0099069240783
mango_rmse_random,small,2014-03-31,2014Q1,1,DEFL,467.8687771643749,463.41657228293434,4.452204881440537,467.4367707671756,467.60214703219873,467.8753199488168,468.1248112773294,468.30290123005375
mango_rmse_random,small,2014-03-31,2014Q2,2,DEFL,468.2831566263412,463.9813129431631,4.301843683178106,467.54797133173463,467.83004130451263,468.28535113513965,468.7483609945537,469.031894037672
mango_rmse_random,small,2014-03-31,2014Q3,3,DEFL,468.7614626166722,464.4169720837101,4.344490532962084,467.6175334995194,468.09306009097276,468.7715070723681,469.41364974586315,469.8566934058188
mango_rmse_random,small,2014-03-31,2014Q4,4,DEFL,469.2363026435928,464.58321677069813,4.653085872894678,467.6724319936594,468.31149322547446,469.2558050781102,470.1036041419292,470.7948774927248
mango_rmse_random,small,2014-03-31,2015Q1,5,DEFL,469.7458321855826,464.5476847747226,5.198147410859974,467.69134032546964,468.5464105724906,469.7706312307705,470.8869865850287,471.71728174629817
mango_rmse_random,small,2014-03-31,2015Q2,6,DEFL,470.2735302979559,465.0879418481692,5.185588449786735,467.72070557003155,468.7952374038785,470.31594532931933,471.752642855311,472.74151067579743
mango_rmse_random,small,2014-03-31,2015Q3,7,DEFL,470.8154799660654,465.38555827648497,5.429921689580453,467.72734378790034,469.0238405600934,470.85784566427424,472.6241805440127,473.89203897531485
mango_rmse_random,small,2014-03-31,2015Q4,8,DEFL,471.36999069963986,465.37603301548563,5.993957684154225,467.68910564903985,469.22685485495356,471.38115477219594,473.5612387499378,475.0206896756793
mango_rmse_random,small,2014-03-31,2014Q1,1,FFR,0.45440932938598094,0.07333333333333335,0.3810759960526476,-0.8238541852422623,-0.3013899200608609,0.43656886177454635,1.2404083183425594,1.753676475248078
mango_rmse_random,small,2014-03-31,2014Q2,2,FFR,0.7534396198392884,0.09333333333333334,0.660106286505955,-1.3177858550419832,-0.4869789627207035,0.7431697519536139,2.0177820813346163,2.8357488414651946
mango_rmse_random,small,2014-03-31,2014Q3,3,FFR,0.8453901941666812,0.09000000000000001,0.7553901941666812,-1.6606150053937347,-0.6491332477903786,0.7941980338369438,2.4451391246366447,3.465391412690443
mango_rmse_random,small,2014-03-31,2014Q4,4,FFR,0.9934585362996162,0.09999999999999999,0.8934585362996162,-2.027277514652522,-0.8440114096628435,0.9675567961991325,2.782718975961347,4.03155900611018
mango_rmse_random,small,2014-03-31,2015Q1,5,FFR,1.204279818400614,0.11,1.094279818400614,-2.1805389775124935,-0.893885238659691,1.139198389094234,3.2754655523857936,4.7150125903222095
mango_rmse_random,small,2014-03-31,2015Q2,6,FFR,1.3351327064446399,0.12333333333333334,1.2117993731113066,-2.3829351225765105,-0.93515996332154,1.3502942095836403,3.674589943716836,5.084712395327745
mango_rmse_random,small,2014-03-31,2015Q3,7,FFR,1.3942308237931125,0.1366666666666667,1.2575641571264458,-2.5700909642217704,-1.0914437564965944,1.3703180884194146,3.863697314380837,5.621415690836897
mango_rmse_random,small,2014-03-31,2015Q4,8,FFR,1.5061616443299164,0.16,1.3461616443299165,-2.747605049801112,-1.1903958352999349,1.4940420293254335,4.181395158109893,5.75678593511198
mango_rmse_random,small,2014-03-31,2014Q1,1,GDP,968.458449998544,972.0420537957549,-3.5836037972109125,967.242725088239,967.7047020833727,968.4205707965561,969.2405717328248,969.8135419353687
mango_rmse_random,small,2014-03-31,2014Q2,2,GDP,969.1471541273319,973.318007678534,-4.170853551202072,967.0332692738372,967.855039834619,969.1053158008299,970.4668680801542,971.2580778028387
mango_rmse_random,small,2014-03-31,2014Q3,3,GDP,969.692103068871,974.4762358890149,-4.7841328201438955,966.8698978134337,968.0354669775483,969.6932500075609,971.4051010053608,972.4738342710318
mango_rmse_random,small,2014-03-31,2014Q4,4,GDP,970.2425186677399,974.9242243231641,-4.681705655424253,966.8180983198152,968.2154107891479,970.1512071310051,972.3017299828417,973.6346281807756
mango_rmse_random,small,2014-03-31,2015Q1,5,GDP,970.7745255506741,975.7342483786737,-4.959722827999599,966.8997981627792,968.4473109207892,970.6447854048745,973.188263326777,974.820680489043
mango_rmse_random,small,2014-03-31,2015Q2,6,GDP,971.2554511848546,976.31257427765,-5.05712309279545,966.7134902657511,968.57472956603,971.1914438940537,973.9996617293916,975.7580007954532
mango_rmse_random,small,2014-03-31,2015Q3,7,GDP,971.7475287124519,976.6354252252142,-4.8878965127623815,966.6758676811278,968.6974513765545,971.8092593631426,974.8684807445151,976.814625705234
mango_rmse_random,small,2014-03-31,2015Q4,8,GDP,972.2097591139692,976.7815527534941,-4.571793639524913,966.7677863059988,968.7942189193205,972.2272230438606,975.5361784504818,977.7660376876618
mango_rmse_random,small,2014-06-30,2014Q2,1,DEFL,468.10116781240066,463.9813129431631,4.1198548692375425,467.68050523044525,467.83070727387786,468.1033063134772,468.36710342240366,468.53458373554497
mango_rmse_random,small,2014-06-30,2014Q3,2,DEFL,468.4957852210079,464.4169720837101,4.0788131372978,467.7674556047921,468.02997451491876,468.49690854108087,468.93419385574646,469.2358305364216
mango_rmse_random,small,2014-06-30,2014Q4,3,DEFL,468.85187791874534,464.58321677069813,4.268661148047215,467.7464854089084,468.1721008741938,468.85123279850984,469.5123616779935,469.92673015565606
mango_rmse_random,small,2014-06-30,2015Q1,4,DEFL,469.16874492512284,464.5476847747226,4.62106015040024,467.63727222303254,468.28354322590224,469.18264151561493,470.07660287758625,470.62836551021655
mango_rmse_random,small,2014-06-30,2015Q2,5,DEFL,469.51689837131283,465.0879418481692,4.428956523143654,467.5536544827788,468.32442473462464,469.5238691506447,470.6922236233648,471.5035541813585
mango_rmse_random,small,2014-06-30,2015Q3,6,DEFL,469.887895116583,465.38555827648497,4.502336840098053,467.3369471577251,468.42431694824285,469.8795931327611,471.39274681010886,472.2874927246942
mango_rmse_random,small,2014-06-30,2015Q4,7,DEFL,470.27167765184663,465.37603301548563,4.8956446363609984,467.2029998915248,468.49306105216414,470.28294437899524,472.08118881191825,473.2585494185867
mango_rmse_random,small,2014-06-30,2016Q1,8,DEFL,470.67770733382014,465.29598498239403,5.381722351426106,467.05377078109433,468.54371830938754,470.6892453053905,472.8383740839023,474.15775667312596
mango_rmse_random,small,2014-06-30,2014Q2,1,FFR,-0.12668355806714843,0.09333333333333334,-0.22001689140048175,-1.4039038357367755,-0.8907367299060867,-0.1343943045817279,0.6605757142253237,1.1969793708153478
mango_rmse_random,small,2014-06-30,2014Q3,2,FFR,-0.46812665182411606,0.09000000000000001,-0.558126651824116,-2.5168308812309315,-1.7048379520713752,-0.45162215003643735,0.7638984713462292,1.6508126229662827
mango_rmse_random,small,2014-06-30,2014Q4,3,FFR,-0.5193053698566845,0.09999999999999999,-0.6193053698566845,-3.0547697313436992,-2.1090066952593474,-0.5008701384305791,1.0390500130540816,2.0718809497573507
mango_rmse_random,small,2014-06-30,2015Q1,4,FFR,-0.30126781388224533,0.11,-0.4112678138822453,-3.3039264691962016,-2.1786755837658878,-0.2960496276788316,1.5021769894383803,2.7042272751202896
mango_rmse_random,small,2014-06-30,2015Q2,5,FFR,-0.17570708382147315,0.12333333333333334,-0.2990404171548065,-3.602656900658242,-2.320276692471468,-0.18042243113179746,1.886725426901026,3.2410285576703
mango_rmse_random,small,2014-06-30,2015Q3,6,FFR,-0.146454630145552,0.1366666666666667,-0.28312129681221865,-4.008653203661381,-2.4797879847826034,-0.07926528355544085,2.1582496703579315,3.7118326790893756
mango_rmse_random,small,2014-06-30,2015Q4,7,FFR,-0.036913974764280995,0.16,-0.196913974764281,-4.324174679379768,-2.612916046759733,0.02882349125310664,2.5462097473491787,4.03307118141579
mango_rmse_random,small,2014-06-30,2016Q1,8,FFR,0.14225217915291657,0.36000000000000004,-0.21774782084708347,-4.387738692248831,-2.553118326258422,0.21445614953251046,2.8541429649496437,4.62613122884497
mango_rmse_random,small,2014-06-30,2014Q2,1,GDP,967.0818284068768,973.318007678534,-6.236179271657193,965.8135403454094,966.3220795574039,967.0603092918648,967.8743503187148,968.4253677457219
mango_rmse_random,small,2014-06-30,2014Q3,2,GDP,967.3285533440812,974.4762358890149,-7.147682544933673,965.1608819206884,965.9810037474575,967.3182315382192,968.6782180190642,969.4876685682586
mango_rmse_random,small,2014-06-30,2014Q4,3,GDP,967.8066806274019,974.9242243231641,-7.117543695762265,964.9091750400036,966.0415361196268,967.816214891283,969.5552345986044,970.6964806355375
mango_rmse_random,small,2014-06-30,2015Q1,4,GDP,968.3840476174372,975.7342483786737,-7.350200761236465,964.9104922098977,966.2934045368825,968.3903074313633,970.5468437687963,971.8551088909958
mango_rmse_random,small,2014-06-30,2015Q2,5,GDP,968.9206888886725,976.31257427765,-7.391885388977471,964.967450755217,966.4525736916514,968.8849740057954,971.3787622716147,972.9987007032755
mango_rmse_random,small,2014-06-30,2015Q3,6,GDP,969.4179708481522,976.6354252252142,-7.21745437706204,964.7094644466376,966.6584710680056,969.4483286389907,972.2357767967848,973.8370811350516
mango_rmse_random,small,2014-06-30,2015Q4,7,GDP,969.952715568381,976.7815527534941,-6.828837185113116,964.868749210107,966.8632632503594,970.0273537942512,973.0732583601435,974.9400011073449
mango_rmse_random,small,2014-06-30,2016Q1,8,GDP,970.4412322149095,977.3690037449436,-6.927771530034079,964.7295032944727,967.0164345141782,970.502462919246,973.8441781389527,975.8736529429439
mango_rmse_random,small,2014-09-30,2014Q3,1,DEFL,468.89716796961534,464.4169720837101,4.480195885905232,468.4684141841944,468.63081611831853,468.9036320343097,469.1619069308016,469.32796971460874
mango_rmse_random,small,2014-09-30,2014Q4,2,DEFL,469.36785003732894,464.58321677069813,4.784633266630806,468.6321503330222,468.9009205855048,469.3724785823026,469.82175833655754,470.09473301231986
mango_rmse_random,small,2014-09-30,2015Q1,3,DEFL,469.8448455380819,464.5476847747226,5.297160763359329,468.736329327334,469.18591675407316,469.84200105670163,470.4864928380715,470.93803877754493
mango_rmse_random,small,2014-09-30,2015Q2,4,DEFL,470.3818610381951,465.0879418481692,5.2939191900259175,468.8788398211671,469.4631767349998,470.4028943325123,471.274439006863,471.8491190144857
mango_rmse_random,small,2014-09-30,2015Q3,5,DEFL,470.9306264015902,465.38555827648497,5.545068125105217,468.91431950600526,469.70582072966965,470.94272001511445,472.09668064204226,472.8289008328962
mango_rmse_random,small,2014-09-30,2015Q4,6,DEFL,471.49642406793816,465.37603301548563,6.120391052452533,468.99976048282053,469.99393299329273,471.498539188488,472.9870185032932,473.8627442024928
mango_rmse_random,small,2014-09-30,2016Q1,7,DEFL,472.0701099670779,465.29598498239403,6.774124984683851,469.1077402237253,470.2574321524991,472.0872367096,473.86965780004414,474.94566212380505
mango_rmse_random,small,2014-09-30,2016Q2,8,DEFL,472.65950485072574,465.999922226677,6.659582624048767,469.184336977136,470.48366814503004,472.67276261923143,474.7998707605873,476.13976555678386
mango_rmse_random,small,2014-09-30,2014Q3,1,FFR,0.30339524860606604,0.09000000000000001,0.213395248606066,-1.0401099514433352,-0.468303244785293,0.3033210759417265,1.1053041562945662,1.5770424907576728
mango_rmse_random,small,2014-09-30,2014Q4,2,FFR,0.6170597400298665,0.09999999999999999,0.5170597400298665,-1.428900714422353,-0.6256225207319476,0.5993172909936587,1.839418387408647,2.7422160305966687
mango_rmse_random,small,2014-09-30,2015Q1,3,FFR,0.8642171358454028,0.11,0.7542171358454028,-1.5846801417712701,-0.6780962942112904,0.8129107005179523,2.3786063746673554,3.45561528864691
mango_rmse_random,small,2014-09-30,2015Q2,4,FFR,0.9893526673649418,0.12333333333333334,0.8660193340316085,-1.958974731464415,-0.832850818690177,0.9872204200828205,2.77704749766694,3.94478902027069
mango_rmse_random,small,2014-09-30,2015Q3,5,FFR,1.152687233790273,0.1366666666666667,1.0160205671236062,-2.309176596774143,-0.9146557399076473,1.0728256032154202,3.194775405383587,4.586164160675205
mango_rmse_random,small,2014-09-30,2015Q4,6,FFR,1.3006229753383196,0.16,1.1406229753383197,-2.5390051869374926,-0.9809158483360327,1.2905534054803967,3.5948220001881674,5.097664215198655
mango_rmse_random,small,2014-09-30,2016Q1,7,FFR,1.3740986100155228,0.36000000000000004,1.0140986100155227,-2.7500460451136655,-1.0851876701381256,1.4538698115774262,3.8215799662313374,5.512920515922457
mango_rmse_random,small,2014-09-30,2016Q2,8,FFR,1.4540985554613608,0.37333333333333335,1.0807652221280275,-2.9969141648161743,-1.226241581287428,1.4926015950410076,4.068751701512277,5.743899214434433
mango_rmse_random,small,2014-09-30,2014Q3,1,GDP,968.7317940541081,974.4762358890149,-5.744441834906752,967.4470681990562,967.9416784845241,968.7040965439724,969.5452687976402,970.1445521884999
mango_rmse_random,small,2014-09-30,2014Q4,2,GDP,969.4549013188068,974.9242243231641,-5.469323004357307,967.282616283398,968.1338627392945,969.4027619659435,970.7752635117782,971.5493542106204
mango_rmse_random,small,2014-09-30,2015Q1,3,GDP,970.0120034216524,975.7342483786737,-5.722244957021303,967.1388613377195,968.3271026185269,969.9839143178747,971.7003219627601,972.841603167075
mango_rmse_random,small,2014-09-30,2015Q2,4,GDP,970.5229020802577,976.31257427765,-5.789672197392292,967.0181678572202,968.4015104062258,970.5161437208435,972.5949526102571,974.036488141337
mango_rmse_random,small,2014-09-30,2015Q3,5,GDP,970.9797563518747,976.6354252252142,-5.65566887333955,966.8501823651949,968.4959378001447,970.9907613341633,973.3969424039167,975.0375868756923
mango_rmse_random,small,2014-09-30,2015Q4,6,GDP,971.4548278047528,976.7815527534941,-5.326724948741344,966.8025137454773,968.7288321753837,971.4486160296872,974.2024196117304,975.9479846401454
mango_rmse_random,small,2014-09-30,2016Q1,7,GDP,971.9182683338937,977.3690037449436,-5.450735411049891,966.6755815311312,968.797251281466,971.9038687837729,975.0679211369334,976.9513321975658
mango_rmse_random,small,2014-09-30,2016Q2,8,GDP,972.3452589527503,977.6709362762499,-5.325677323499576,966.7010280743672,968.9732992258158,972.3463977472147,975.7470889517075,977.8476480047349
mango_rmse_random,small,2014-12-31,2014Q4,1,DEFL,469.187702481894,464.58321677069813,4.604485711195878,468.76420286771724,468.9246566735027,469.19148034402343,469.4471820284066,469.6164467557657
mango_rmse_random,small,2014-12-31,2015Q1,2,DEFL,469.60037821512395,464.5476847747226,5.052693440401356,468.8801488363436,469.1463939143087,469.60314821134966,470.0397283450578,470.3433405605293
mango_rmse_random,small,2014-12-31,2015Q2,3,DEFL,470.11673144093135,465.0879418481692,5.028789592762166,469.0277957081565,469.4593143086715,470.12102817401427,470.7794663964585,471.2116428805052
mango_rmse_random,small,2014-12-31,2015Q3,4,DEFL,470.6304608310553,465.38555827648497,5.244902554570331,469.1088295371792,469.74902160751066,470.62986408079337,471.5131692053826,472.1123188519782
mango_rmse_random,small,2014-12-31,2015Q4,5,DEFL,471.17832997027995,465.37603301548563,5.802296954794315,469.1638571570242,469.9805244579723,471.18753866769424,472.3455909598381,473.04192680137726
mango_rmse_random,small,2014-12-31,2016Q1,6,DEFL,471.73931824141187,465.29598498239403,6.443333259017834,469.21799498518584,470.22220323216925,471.7456251582702,473.2126683933509,474.09789811342915
mango_rmse_random,small,2014-12-31,2016Q2,7,DEFL,472.3245891512163,465.999922226677,6.324666924539315,469.29290945353847,470.4908460033371,472.3409317422658,474.1081467868312,475.2328979327778
mango_rmse_random,small,2014-12-31,2016Q3,8,DEFL,472.9233492238408,466.27690583674894,6.646443387091836,469.2769302512863,470.8024781266436,472.9044696262863,475.00914260157924,476.46435879947205
mango_rmse_random,small,2014-12-31,2014Q4,1,FFR,0.5499324823513797,0.09999999999999999,0.4499324823513797,-0.7154717216779597,-0.20581729639857158,0.5756084434685749,1.302625134321151,1.8353653376453305
mango_rmse_random,small,2014-12-31,2015Q1,2,FFR,0.9200730424230184,0.11,0.8100730424230184,-1.091241774371013,-0.3020702943881531,0.9028270855966267,2.1493180168592843,2.9906038074010035
mango_rmse_random,small,2014-12-31,2015Q2,3,FFR,1.006982558079659,0.12333333333333334,0.8836492247463257,-1.4666712056756437,-0.45838349386557486,0.946691673391536,2.598718020160976,3.6195514877300856
mango_rmse_random,small,2014-12-31,2015Q3,4,FFR,1.141177702147002,0.1366666666666667,1.0045110354803353,-1.73674520211328,-0.6349856584368037,1.0904587471012959,2.9337882353017544,4.1444540208110086
mango_rmse_random,small,2014-12-31,2015Q4,5,FFR,1.373649187470143,0.16,1.2136491874701432,-2.004113011409944,-0.6866666140844948,1.3052172869857168,3.386385944385075,4.831735284547107
mango_rmse_random,small,2014-12-31,2016Q1,6,FFR,1.4938152034335137,0.36000000000000004,1.1338152034335136,-2.288211743189715,-0.8168435561974804,1.4361750345962179,3.7362066134062193,5.389676493839539
mango_rmse_random,small,2014-12-31,2016Q2,7,FFR,1.5222339622522472,0.37333333333333335,1.1489006289189139,-2.516700597194407,-0.938507430667375,1.534405036433454,3.9818372147692633,5.656230267176107
mango_rmse_random,small,2014-12-31,2016Q3,8,FFR,1.6158279825711104,0.39666666666666667,1.2191613159044437,-2.803022517118798,-0.9954152165466409,1.5787468078182463,4.2251230585471955,5.980579377580628
mango_rmse_random,small,2014-12-31,2014Q4,1,GDP,970.153945899618,974.9242243231641,-4.770278423546188,968.8667949154108,969.3908576318687,970.1360093563603,970.9432312754003,971.4648057718454
mango_rmse_random,small,2014-12-31,2015Q1,2,GDP,970.8525313887621,975.7342483786737,-4.881716989911524,968.6648263219145,969.589899467615,970.8447329934658,972.1723871252855,972.9417620129586
mango_rmse_random,small,2014-12-31,2015Q2,3,GDP,971.4152914755854,976.31257427765,-4.8972828020646375,968.5822807181173,969.6824668604556,971.4473383535354,973.1183892269358,974.1633617394247
mango_rmse_random,small,2014-12-31,2015Q3,4,GDP,971.9645313208416,976.6354252252142,-4.670893904372633,968.546572751027,969.8639206939338,971.9700019595593,974.0284303897478,975.3392701770514
mango_rmse_random,small,2014-12-31,2015Q4,5,GDP,972.4927080068345,976.7815527534941,-4.288844746659606,968.5507897301371,970.0538292856091,972.4467874883743,974.9202944502091,976.3931243949279
mango_rmse_random,small,2014-12-31,2016Q1,6,GDP,972.9589343830054,977.3690037449436,-4.410069361938213,968.326508657742,970.3154418956501,972.9520588962755,975.6575974858555,977.4393884374047
mango_rmse_random,small,2014-12-31,2016Q2,7,GDP,973.4214747955898,977.6709362762499,-4.249461480660102,968.3116412975446,970.3680559650918,973.4000552851254,976.4658493323603,978.4761841351451
mango_rmse_random,small,2014-12-31,2016Q3,8,GDP,973.8656547032001,978.270252164766,-4.404597461565913,968.2663126901427,970.5837044314217,973.8498689182297,977.1272203588359,979.4691540249275
mango_rmse_random,small,2015-03-31,2015Q1,1,DEFL,469.05015036383105,464.5476847747226,4.5024655891084535,468.6238337868099,468.77417580094806,469.05023220988284,469.31057662499813,469.4863987551134
mango_rmse_random,small,2015-03-31,2015Q2,2,DEFL,469.3797250425073,465.0879418481692,4.291783194338109,468.6491102258064,468.92638954830585,469.3801729004669,469.84301571779594,470.1169477606441
mango_rmse_random,small,2015-03-31,2015Q3,3,DEFL,469.70563304664654,465.38555827648497,4.320074770161568,468.6099143709185,469.0452798963251,469.7224677836541,470.35769154622756,470.8158514783827
mango_rmse_random,small,2015-03-31,2015Q4,4,DEFL,469.9969012199269,465.37603301548563,4.620868204441251,468.49294600622324,469.09145389417046,470.02395130990465,470.8774756623906,471.4965055467665
mango_rmse_random,small,2015-03-31,2016Q1,5,DEFL,470.3432929553909,465.29598498239403,5.047307972996862,468.35758231274605,469.13111668536874,470.3849829788215,471.4894868356495,472.2472054463118
mango_rmse_random,small,2015-03-31,2016Q2,6,DEFL,470.7164774864606,465.999922226677,4.716555259783604,468.2105869952688,469.2348055443724,470.7503917790359,472.19539679954033,473.0670448891143
mango_rmse_random,small,2015-03-31,2016Q3,7,DEFL,471.1069120458036,466.27690583674894,4.830006209054659,467.9848005720863,469.27632377068835,471.1589907037004,472.94794943087516,473.94875088922936
mango_rmse_random,small,2015-03-31,2016Q4,8,DEFL,471.519138171203,466.8022911971153,4.716846974087673,467.8378900388042,469.3543082024838,471.5244157817085,473.6907263484867,474.94728659045103
mango_rmse_random,small,2015-03-31,2015Q1,1,FFR,0.17282839676402328,0.11,0.06282839676402328,-1.1032942841175175,-0.6167543283372177,0.16878117006784782,0.9508747833827649,1.5041440392825114
mango_rmse_random,small,2015-03-31,2015Q2,2,FFR,0.008181223632214253,0.12333333333333334,-0.11515210970111908,-1.9882782641023755,-1.2459819959099,-0.0006588184485429305,1.2798460097168685,2.096212579428879
mango_rmse_random,small,2015-03-31,2015Q3,3,FFR,0.01449650918171337,0.1366666666666667,-0.12217015748495332,-2.566866073226697,-1.4781209038621534,0.004733944711184795,1.520334108355221,2.5092999553852104
mango_rmse_random,small,2015-03-31,2015Q4,4,FFR,0.25987063967813817,0.16,0.09987063967813817,-2.7131286471857323,-1.5795131343507678,0.23838213297921362,2.1105052404875986,3.151231828590082
mango_rmse_random,small,2015-03-31,2016Q1,5,FFR,0.40798617971528295,0.36000000000000004,0.047986179715282906,-2.9926259534974036,-1.668283586354827,0.4054020683015708,2.4291545624048676,3.9079361576826153
mango_rmse_random,small,2015-03-31,2016Q2,6,FFR,0.4135689041932295,0.37333333333333335,0.04023557085989615,-3.3587560851123914,-1.9022667054955917,0.42643137417870414,2.6496973457682023,4.279495640783622
mango_rmse_random,small,2015-03-31,2016Q3,7,FFR,0.4607507883601754,0.39666666666666667,0.06408412169350874,-3.6612645549535756,-2.1077994640193136,0.49946459351386907,2.8825106851433753,4.5291666935327575
mango_rmse_random,small,2015-03-31,2016Q4,8,FFR,0.5845506279595769,0.45,0.1345506279595769,-3.9172155852659,-2.0584609958524793,0.6543903766572269,3.2255710772504536,4.934153054504277
mango_rmse_random,small,2015-03-31,2015Q1,1,GDP,970.3363177001119,975.7342483786737,-5.397930678561806,969.0987754229229,969.5718506811422,970.3176888350263,971.1214656396778,971.6990631959886
mango_rmse_random,small,2015-03-31,2015Q2,2,GDP,970.8382013159204,976.31257427765,-5.474372961729614,968.7362692339185,969.5385258646268,970.8314740641811,972.1250687349834,972.9878952017633
mango_rmse_random,small,2015-03-31,2015Q3,3,GDP,971.4749298872403,976.6354252252142,-5.160495337973998,968.733119901807,969.7813061119789,971.4605489856156,973.1287471481977,974.2840753271292
mango_rmse_random,small,2015-03-31,2015Q4,4,GDP,972.1680751347336,976.7815527534941,-4.6134776187604984,968.8773003883719,970.1360436005325,972.131871479512,974.1837721066918,975.5293626152685
mango_rmse_random,small,2015-03-31,2016Q1,5,GDP,972.738368462817,977.3690037449436,-4.630635282126605,968.8663618878765,970.3750618154396,972.7281626264315,975.1320131356102,976.6145796012878
mango_rmse_random,small,2015-03-31,2016Q2,6,GDP,973.2605999885202,977.6709362762499,-4.410336287729706,968.7797304933309,970.5759568989959,973.2426244617731,975.9898796063695,977.6126550780242
mango_rmse_random,small,2015-03-31,2016Q3,7,GDP,973.8137257864838,978.270252164766,-4.456526378282206,968.9235228027559,970.8507852353142,973.7713567075967,976.8309106474834,978.7968313336935
mango_rmse_random,small,2015-03-31,2016Q4,8,GDP,974.3191654889225,978.7659105426385,-4.446745053715972,969.0034428455832,971.0987827115861,974.279489465051,977.6150469066929,979.6849560155955
mango_rmse_random,small,2015-06-30,2015Q2,1,DEFL,468.9820660047556,465.0879418481692,3.894124156586429,468.51507473708506,468.6793055317128,468.9868183190305,469.2717940624563,469.45556893470587
mango_rmse_random,small,2015-06-30,2015Q3,2,DEFL,469.15892470028797,465.38555827648497,3.7733664238029974,468.3571988442023,468.6917652312028,469.14879916638347,469.6308846049923,469.95544694925616
mango_rmse_random,small,2015-06-30,2015Q4,3,DEFL,469.33740507163236,465.37603301548563,3.961372056146729,468.1929706021246,468.6448088329838,469.3647342508599,470.00388454207064,470.49385273301874
mango_rmse_random,small,2015-06-30,2016Q1,4,DEFL,469.54347024335755,465.29598498239403,4.247485260963515,467.9942211266881,468.6010419617604,469.5598292557875,470.45664436194147,471.06233772375737
mango_rmse_random,small,2015-06-30,2016Q2,5,DEFL,469.7827773253044,465.999922226677,3.782855098627408,467.77272019284806,468.58811417104755,469.8055716930951,470.97216935711316,471.67024874726377
mango_rmse_random,small,2015-06-30,2016Q3,6,DEFL,470.04356772110845,466.27690583674894,3.7666618843595074,467.5469426432962,468.57755608242667,470.05142821390814,471.5240762255481,472.3831852227001
mango_rmse_random,small,2015-06-30,2016Q4,7,DEFL,470.3273761989351,466.8022911971153,3.5250850018197752,467.3370854885571,468.5726752938158,470.35097740627236,472.10174964059087,473.12459130516584
mango_rmse_random,small,2015-06-30,2017Q1,8,DEFL,470.63938445272356,467.31839116014726,3.320993292576304,467.21195399898653,468.57702378587385,470.6967302697059,472.7092731598207,473.99473194257814
mango_rmse_random,small,2015-06-30,2015Q2,1,FFR,0.016944065825672885,0.12333333333333334,-0.10638926750766045,-1.340267269906539,-0.78641954198143,0.02329690297478182,0.8282337625343021,1.37361960598848
mango_rmse_random,small,2015-06-30,2015Q3,2,FFR,-0.07894318365435159,0.1366666666666667,-0.21560985032101826,-2.1186414484230855,-1.3514462343063665,-0.08341311550793384,1.179801139850935,2.017882755116748
mango_rmse_random,small,2015-06-30,2015Q4,3,FFR,-0.09554191880292352,0.16,-0.25554191880292354,-2.5689716341731264,-1.5950721597195412,-0.08368387408660505,1.4226566572044008,2.5166373457630336
mango_rmse_random,small,2015-06-30,2016Q1,4,FFR,-0.052329433106038166,0.36000000000000004,-0.4123294331060382,-2.970759942672893,-1.832549133041679,-0.027294060018858368,1.6905541109722497,2.934301022290896
mango_rmse_random,small,2015-06-30,2016Q2,5,FFR,0.032840296670496864,0.37333333333333335,-0.3404930366628365,-3.1196990446084403,-1.9600989879028143,-0.025976684179078197,2.0448915185183,3.4263252235124053
mango_rmse_random,small,2015-06-30,2016Q3,6,FFR,0.10092006948504378,0.39666666666666667,-0.2957465971816229,-3.5239806010031316,-2.076296685955382,0.11344324597294003,2.227727106259949,3.8039601755392805
mango_rmse_random,small,2015-06-30,2016Q4,7,FFR,0.14891993584313398,0.45,-0.30108006415686606,-3.7083991722812932,-2.1393389083512693,0.12580675292900284,2.51363757997559,4.124868210979186
mango_rmse_random,small,2015-06-30,2017Q1,8,FFR,0.23367827665398144,0.7000000000000001,-0.4663217233460186,-4.020929086853477,-2.2409816156232893,0.20229659386285398,2.7351357516612738,4.338210388407755
mango_rmse_random,small,2015-06-30,2015Q2,1,GDP,970.3176974629017,976.31257427765,-5.994876814748295,969.0124178828357,969.5061633148883,970.2737090448359,971.160984698032,971.7197751694887
mango_rmse_random,small,2015-06-30,2015Q3,2,GDP,970.8737023998768,976.6354252252142,-5.761722825337415,968.7074479886894,969.5941640000824,970.8721111964164,972.1796285226606,972.9708616233661
mango_rmse_random,small,2015-06-30,2015Q4,3,GDP,971.4757138133739,976.7815527534941,-5.305838940120225,968.7297626686141,969.8544022793849,971.4555646267739,973.1675208074744,974.1822080118712
mango_rmse_random,small,2015-06-30,2016Q1,4,GDP,972.1176442968417,977.3690037449436,-5.25135944810188,968.8569871036973,970.127219571924,972.0976209406664,974.1315508831156,975.384034245628
mango_rmse_random,small,2015-06-30,2016Q2,5,GDP,972.7416495609856,977.6709362762499,-4.929286715264311,968.9272990575216,970.4806938044748,972.7673987184731,975.0376746952747,976.4716956520714
mango_rmse_random,small,2015-06-30,2016Q3,6,GDP,973.3627735144863,978.270252164766,-4.9074786502797,969.0377032561681,970.7865731170003,973.3466328058425,975.8802481682052,977.6031961875873
mango_rmse_random,small,2015-06-30,2016Q4,7,GDP,973.98703428035,978.7659105426385,-4.778876262288463,969.1344358582686,971.1392972041804,973.9600476463008,976.8063467203593,978.8793747538093
mango_rmse_random,small,2015-06-30,2017Q1,8,GDP,974.5562079524104,979.1946532403157,-4.638445287905256,969.2823195467454,971.4519129140929,974.5533443573559,977.602689414611,979.7760152215224
mango_rmse_random,small,2015-09-30,2015Q3,1,DEFL,470.0808234481236,465.38555827648497,4.695265171638653,469.6463350207043,469.80358580962474,470.08810721605767,470.34310023533857,470.51685633274514
mango_rmse_random,small,2015-09-30,2015Q4,2,DEFL,470.41338652406927,465.37603301548563,5.037353508583635,469.6785140168222,469.9717718670413,470.40911283463885,470.8663623242419,471.1569389974289
mango_rmse_random,small,2015-09-30,2016Q1,3,DEFL,470.783121418487,465.29598498239403,5.487136436092953,469.69270106436124,470.1122613906558,470.8030215328903,471.41740231296086,471.8980651676501
mango_rmse_random,small,2015-09-30,2016Q2,4,DEFL,471.2134592594706,465.999922226677,5.213537032793624,469.7041281619123,470.27472240957457,471.22675395027176,472.0677000857058,472.7326417468623
mango_rmse_random,small,2015-09-30,2016Q3,5,DEFL,471.65276743198194,466.27690583674894,5.375861595233005,469.68638289592775,470.4536089680256,471.684826292822,472.7954012046952,473.582277376078
mango_rmse_random,small,2015-09-30,2016Q4,6,DEFL,472.11538433785785,466.8022911971153,5.313093140742524,469.6416332069678,470.6316157385442,472.12822878307503,473.5885578320044,474.4896818317587
mango_rmse_random,small,2015-09-30,2017Q1,7,DEFL,472.5956991932037,467.31839116014726,5.277308033056443,469.54022787813403,470.8153899769876,472.5932377458737,474.4138587931168,475.42850373402666
mango_rmse_random,small,2015-09-30,2017Q2,8,DEFL,473.094863987266,467.62901269911987,5.465851288146155,469.5035007718993,470.9840417666956,473.1088575204942,475.24277995084867,476.46917672554935
mango_rmse_random,small,2015-09-30,2015Q3,1,FFR,0.31286498314502503,0.1366666666666667,0.17619831647835835,-0.9682818327954057,-0.4727280285346377,0.31463744976369257,1.0873209657344902,1.6580367148282116
mango_rmse_random,small,2015-09-30,2015Q4,2,FFR,0.6103205716318258,0.16,0.4503205716318258,-1.4300044259057902,-0.6684635921551771,0.5924553461358577,1.8972355231861808,2.674892113119553
mango_rmse_random,small,2015-09-30,2016Q1,3,FFR,0.789118797134833,0.36000000000000004,0.429118797134833,-1.6531791772376887,-0.779907021527138,0.7908332980789772,2.3193801461524086,3.333674874228746
mango_rmse_random,small,2015-09-30,2016Q2,4,FFR,0.864337265513646,0.37333333333333335,0.49100393218031263,-2.0632504725402923,-0.954374466754493,0.8876829347212859,2.6031277152943515,3.7545569419058804
mango_rmse_random,small,2015-09-30,2016Q3,5,FFR,0.9940921452232129,0.39666666666666667,0.5974254785565463,-2.3361661080825695,-1.009169765991178,0.9713408075343957,3.0097019070634596,4.3692759825231295
mango_rmse_random,small,2015-09-30,2016Q4,6,FFR,1.0980204609886228,0.45,0.6480204609886229,-2.721376439715043,-1.1241877013364816,1.0925582127441742,3.3063188904904446,4.8556077106752324
mango_rmse_random,small,2015-09-30,2017Q1,7,FFR,1.1336661690778396,0.7000000000000001,0.4336661690778395,-2.893097274232673,-1.2119944914963632,1.1031137169086003,3.5581795314315054,5.217222250719173
mango_rmse_random,small,2015-09-30,2017Q2,8,FFR,1.19327738120485,0.9500000000000001,0.24327738120484999,-3.138541644367957,-1.395645360755091,1.1576327641220723,3.769917115223186,5.546793348709337
mango_rmse_random,small,2015-09-30,2015Q3,1,GDP,970.8198067950512,976.6354252252142,-5.815618430162999,969.54316252956,970.0597825299063,970.7900340748467,971.603699042705,972.1784518914374
mango_rmse_random,small,2015-09-30,2015Q4,2,GDP,971.5880884999872,976.7815527534941,-5.1934642535069315,969.5106397906442,970.3094582930374,971.5766058105986,972.8926258590157,973.7656985277061
mango_rmse_random,small,2015-09-30,2016Q1,3,GDP,972.1912344833972,977.3690037449436,-5.177769261546359,969.374618386743,970.5313575107954,972.190315917102,973.8384617692356,974.9740593441187
mango_rmse_random,small,2015-09-30,2016Q2,4,GDP,972.7379839599187,977.6709362762499,-4.932952316331239,969.2903551224296,970.7481129474845,972.7341634312563,974.8035256713471,976.21437911327
mango_rmse_random,small,2015-09-30,2016Q3,5,GDP,973.2565814956935,978.270252164766,-5.013670669072553,969.2409856448271,970.9280873673522,973.2434985762254,975.6403464999449,977.3608826849828
mango_rmse_random,small,2015-09-30,2016Q4,6,GDP,973.7697164878512,978.7659105426385,-4.996194054787338,969.2938991656214,971.1373785427708,973.7810997363476,976.4114864958658,978.3552090759525
mango_rmse_random,small,2015-09-30,2017Q1,7,GDP,974.2767475573769,979.1946532403157,-4.917905682938795,969.294644851909,971.3073810457572,974.2893871190618,977.1988128893279,979.3235456937931
mango_rmse_random,small,2015-09-30,2017Q2,8,GDP,974.749015534986,979.6971814310028,-4.948165896016803,969.4409625861495,971.4804372673977,974.7763605192922,977.9028198625209,980.1350292338047
mango_rmse_random,small,2015-12-31,2015Q4,1,DEFL,470.373775058925,465.37603301548563,4.997742043439359,469.96166117651273,470.1111605388473,470.37407855995593,470.6341691214234,470.795305317523
mango_rmse_random,small,2015-12-31,2016Q1,2,DEFL,470.68768965476136,465.29598498239403,5.391704672367325,469.9619672560072,470.2309452774727,470.6875908962873,471.1390150222022,471.43534102199305
mango_rmse_random,small,2015-12-31,2016Q2,3,DEFL,471.11383705992836,465.999922226677,5.1139148332513855,470.04408586150413,470.43122431167694,471.11880965588904,471.7736103667055,472.2152123103046
mango_rmse_random,small,2015-12-31,2016Q3,4,DEFL,471.5166767871642,466.27690583674894,5.239770950415277,470.0323258803188,470.6153973333967,471.533621468182,472.39513320397566,472.9683496745891
mango_rmse_random,small,2015-12-31,2016Q4,5,DEFL,471.948030531392,466.8022911971153,5.145739334276698,469.9898502555363,470.7461658761628,471.9758920772845,473.08210553759966,473.84597031462624
mango_rmse_random,small,2015-12-31,2017Q1,6,DEFL,472.3874363388334,467.31839116014726,5.069045178686167,469.90281636039475,470.9001093621728,472.4136133800034,473.83865648203766,474.8187352662089
mango_rmse_random,small,2015-12-31,2017Q2,7,DEFL,472.85386561274316,467.62901269911987,5.224852913623295,469.8173524374252,470.98056131513823,472.8939510421347,474.61161684496363,475.7906436827623
mango_rmse_random,small,2015-12-31,2017Q3,8,DEFL,473.33241628862874,468.12975463756425,5.2026616510644885,469.7594520728169,471.1579269068816,473.368122191182,475.4477668153643,476.79204416065915
mango_rmse_random,small,2015-12-31,2015Q4,1,FFR,0.5501923615016515,0.16,0.3901923615016515,-0.6597539136885837,-0.22975098099084654,0.5531313600651431,1.2880441654008423,1.814247507783813
mango_rmse_random,small,2015-12-31,2016Q1,2,FFR,0.7501360954270236,0.36000000000000004,0.3901360954270236,-1.2372810339629128,-0.5040469604079787,0.7577240971906696,1.9898516109686004,2.776533014274612
mango_rmse_random,small,2015-12-31,2016Q2,3,FFR,0.6513247729939629,0.37333333333333335,0.2779914396606295,-1.874930936620805,-0.896519145829509,0.6311618675764797,2.1822787760088134,3.22054367003741
mango_rmse_random,small,2015-12-31,2016Q3,4,FFR,0.7085933020514419,0.39666666666666667,0.3119266353847752,-2.234355674660085,-1.0901440013356716,0.7046118903686107,2.448207608374255,3.7450567694391195
mango_rmse_random,small,2015-12-31,2016Q4,5,FFR,0.9122294055740235,0.45,0.46222940557402353,-2.5291346206615186,-1.17799178571057,0.9105582557134573,2.968360963463379,4.3781927990485565
mango_rmse_random,small,2015-12-31,2017Q1,6,FFR,0.9886891353109034,0.7000000000000001,0.28868913531090334,-2.8280289186615786,-1.3141050054434342,1.039963230636439,3.2719749629703454,4.864061972457228
mango_rmse_random,small,2015-12-31,2017Q2,7,FFR,0.9581697214488072,0.9500000000000001,0.008169721448807121,-3.3205507537334364,-1.5763944529339682,0.9912769314047369,3.4146826724046293,5.143253615259083
mango_rmse_random,small,2015-12-31,2017Q3,8,FFR,1.0221947254203463,1.1533333333333333,-0.13113860791298704,-3.485954633380747,-1.6589644999364759,1.062916040127327,3.6577108400946425,5.405183148420469
mango_rmse_random,small,2015-12-31,2015Q4,1,GDP,971.3393676910249,976.7815527534941,-5.442185062469207,970.1057202712245,970.5788273598855,971.3287934178556,972.0810977695147,972.6902021537908
mango_rmse_random,small,2015-12-31,2016Q1,2,GDP,971.8746848516574,977.3690037449436,-5.494318893286163,969.8051786079563,970.5973066032444,971.8636064188702,973.1864668849054,973.9854925285556
mango_rmse_random,small,2015-12-31,2016Q2,3,GDP,972.2975108379843,977.6709362762499,-5.373425438265599,969.5440871542709,970.6470527313544,972.2676680229591,974.0302456494483,975.0837064927853
mango_rmse_random,small,2015-12-31,2016Q3,4,GDP,972.7930919427158,978.270252164766,-5.477160222050202,969.4386399104495,970.8275769084485,972.7918140798565,974.7878585591956,976.1827395911445
mango_rmse_random,small,2015-12-31,2016Q4,5,GDP,973.3286577017949,978.7659105426385,-5.437252840843598,969.5799002796364,971.0341868433239,973.3393273876773,975.6160789046473,977.1417823729605
mango_rmse_random,small,2015-12-31,2017Q1,6,GDP,973.804196150709,979.1946532403157,-5.390457089606684,969.3755404834226,971.1487501011811,973.8289047694049,976.415482927637,977.9742360810378
mango_rmse_random,small,2015-12-31,2017Q2,7,GDP,974.2909234967643,979.6971814310028,-5.406257934238511,969.4406641719842,971.3120184390381,974.3332885564272,977.2025855420802,978.967941083843
mango_rmse_random,small,2015-12-31,2017Q3,8,GDP,974.7426499698311,980.5212652288033,-5.778615258972195,969.4442611804551,971.4907375422271,974.7737001952542,977.8628333796094,979.9854188097477
mango_rmse_random,small,2016-03-31,2016Q1,1,DEFL,470.60398682434595,465.29598498239403,5.308001841951921,470.1767811719279,470.33567157257534,470.60817653337915,470.8616377845591,471.0337702975433
mango_rmse_random,small,2016-03-31,2016Q2,2,DEFL,470.97178701630037,465.999922226677,4.971864789623396,470.22949916408686,470.5145923409231,470.97971677271863,471.4174501842114,471.7083066183733
mango_rmse_random,small,2016-03-31,2016Q3,3,DEFL,471.31207803574415,466.27690583674894,5.0351721989952125,470.1954667686781,470.6582751360985,471.3210521946896,471.951192106346,472.4016790754715
mango_rmse_random,small,2016-03-31,2016Q4,4,DEFL,471.6599043082716,466.8022911971153,4.857613111156297,470.14653338223445,470.76437667825445,471.67536245498513,472.544207723998,473.15457785465145
mango_rmse_random,small,2016-03-31,2017Q1,5,DEFL,472.0420929398925,467.31839116014726,4.723701779745227,470.0202336539638,470.8714775263882,472.09713036280175,473.1856195746471,473.91863183664873
mango_rmse_random,small,2016-03-31,2017Q2,6,DEFL,472.44158219000127,467.62901269911987,4.812569490881401,469.93616913040853,470.9721951943851,472.48956425704193,473.9144746712971,474.8648306750478
mango_rmse_random,small,2016-03-31,2017Q3,7,DEFL,472.85887003877957,468.12975463756425,4.729115401215324,469.8064328446452,471.0616698915695,472.88611377992385,474.67093101294284,475.81826422962416
mango_rmse_random,small,2016-03-31,2017Q4,8,DEFL,473.29965488720705,468.81593179181164,4.483723095395419,469.7298444383082,471.1363838428872,473.3171130480355,475.42258995381945,476.79855940780897
mango_rmse_random,small,2016-03-31,2016Q1,1,FFR,0.20043932185593585,0.36000000000000004,-0.1595606781440642,-1.0619651674700263,-0.5642910386164939,0.20862883790549444,0.9694115589633419,1.5023969440240712
mango_rmse_random,small,2016-03-31,2016Q2,2,FFR,0.11858781416297044,0.37333333333333335,-0.2547455191703629,-1.9139578333111333,-1.1100274118642448,0.1079760289945503,1.377294504139925,2.1693229695312155
mango_rmse_random,small,2016-03-31,2016Q3,3,FFR,0.143448175501803,0.39666666666666667,-0.25321849116486367,-2.3010985289440717,-1.4030465263191993,0.12041145104426057,1.7002594646663622,2.6901053501505885
mango_rmse_random,small,2016-03-31,2016Q4,4,FFR,0.27857067415789766,0.45,-0.17142932584210235,-2.6426049324500513,-1.4836429282094146,0.30717252897818503,2.090473287780982,3.0927851737481586
mango_rmse_random,small,2016-03-31,2017Q1,5,FFR,0.38953900583193546,0.7000000000000001,-0.3104609941680646,-3.0096051203531484,-1.6240867044145972,0.33244619436981,2.4678728227562936,3.689965450660872
mango_rmse_random,small,2016-03-31,2017Q2,6,FFR,0.4389204811070654,0.9500000000000001,-0.5110795188929347,-3.3048732385868713,-1.7778472935447647,0.4076175759783194,2.746618800662309,4.1355955792073456
mango_rmse_random,small,2016-03-31,2017Q3,7,FFR,0.4994777973820746,1.1533333333333333,-0.6538555359512588,-3.541282224047281,-1.9222330986918852,0.5079082827919563,2.955708571743792,4.456655271072541
mango_rmse_random,small,2016-03-31,2017Q4,8,FFR,0.5947749912709339,1.2033333333333334,-0.6085583420623994,-3.7545115550525936,-2.043542641269378,0.6157375592658358,3.1847951258969855,4.954161730612737
mango_rmse_random,small,2016-03-31,2016Q1,1,GDP,971.3817943445241,977.3690037449436,-5.987209400419488,970.1236547376069,970.6208774384679,971.3515121834878,972.1511307494936,972.7400271632719
mango_rmse_random,small,2016-03-31,2016Q2,2,GDP,971.8513072237939,977.6709362762499,-5.81962905245598,969.7509031662865,970.5734981036101,971.8174955675246,973.1249176095254,973.9913971809748
mango_rmse_random,small,2016-03-31,2016Q3,3,GDP,972.3782265379945,978.270252164766,-5.892025626771556,969.6490174339951,970.7018817439566,972.3896864474805,974.045874400031,975.1588492640385
mango_rmse_random,small,2016-03-31,2016Q4,4,GDP,972.9519161802405,978.7659105426385,-5.813994362398034,969.6284336072341,970.8340844555124,972.9533080949193,974.9782667405218,976.3508742039
mango_rmse_random,small,2016-03-31,2017Q1,5,GDP,973.4642534564255,979.1946532403157,-5.7303997838902205,969.5635533109503,971.0452497025642,973.4230591745726,975.8681984949142,977.3601146675751
mango_rmse_random,small,2016-03-31,2017Q2,6,GDP,973.9764822783562,979.6971814310028,-5.720699152646603,969.4998347299736,971.3301529207812,973.9826081509805,976.6108301315346,978.4205615204027
mango_rmse_random,small,2016-03-31,2017Q3,7,GDP,974.4970380154372,980.5212652288033,-6.024227213366089,969.6619861470718,971.526182722675,974.5291029944794,977.4616893022672,979.4590338472668
mango_rmse_random,small,2016-03-31,2017Q4,8,GDP,974.971034257208,981.5219022023681,-6.550867945160121,969.6916255577408,971.8349196926214,974.9196934134121,978.2057829622457,980.3520332290441
mango_rmse_random,small,2016-06-30,2016Q2,1,DEFL,470.6796983475102,465.999922226677,4.679776120833253,470.2566131834636,470.4101377355324,470.67970338865723,470.9408613889608,471.1128694212282
mango_rmse_random,small,2016-06-30,2016Q3,2,DEFL,470.93758604270755,466.27690583674894,4.660680205958613,470.2140300744525,470.4762472306283,470.941076163547,471.3859277752529,471.67540806380083
mango_rmse_random,small,2016-06-30,2016Q4,3,DEFL,471.1851811505413,466.8022911971153,4.382889953426002,470.0844032309458,470.50884880825845,471.19465634229516,471.8268853706199,472.25812905443905
mango_rmse_random,small,2016-06-30,2017Q1,4,DEFL,471.4438371344593,467.31839116014726,4.125445974312015,469.9149797865433,470.5200141109223,471.4681989037268,472.295240412313,472.9595924496556
mango_rmse_random,small,2016-06-30,2017Q2,5,DEFL,471.73404839037676,467.62901269911987,4.105035691256887,469.70670060061104,470.5202464952728,471.7690920475726,472.89497225481546,473.6318385658108
mango_rmse_random,small,2016-06-30,2017Q3,6,DEFL,472.03510196721504,468.12975463756425,3.9053473296507946,469.5210027519366,470.48491704823493,472.1035996635899,473.4958980401993,474.41309562232993
mango_rmse_random,small,2016-06-30,2017Q4,7,DEFL,472.35393937858305,468.81593179181164,3.538007586771414,469.26829755861746,470.4684399124205,472.408418256049,474.13631158604323,475.2380818291053
mango_rmse_random,small,2016-06-30,2018Q1,8,DEFL,472.6941360847582,469.4279361059867,3.2661999787715104,468.9625094948863,470.4994660087711,472.7586918829306,474.8578398563034,476.1099797323722
mango_rmse_random,small,2016-06-30,2016Q2,1,FFR,0.20837891315621693,0.37333333333333335,-0.16495442017711642,-1.047658691391842,-0.5735438613475565,0.19496299372302883,0.9814644448365268,1.5063629732433657
mango_rmse_random,small,2016-06-30,2016Q3,2,FFR,0.023023379366855393,0.39666666666666667,-0.3736432872998113,-1.9822323159748692,-1.1605120152751762,0.028111347139698428,1.2709351889654696,2.109431256442536
mango_rmse_random,small,2016-06-30,2016Q4,3,FFR,0.05510805689512039,0.45,-0.39489194310487963,-2.4341997670583444,-1.4286970897049616,0.03132862426183901,1.5267718621947635,2.6219715285369025
mango_rmse_random,small,2016-06-30,2017Q1,4,FFR,0.15239537565589545,0.7000000000000001,-0.5476046243441046,-2.707848336189142,-1.6180558898225514,0.15269311882245146,1.896115748536745,3.1325547186064595
mango_rmse_random,small,2016-06-30,2017Q2,5,FFR,0.18180742201102443,0.9500000000000001,-0.7681925779889757,-3.137836282131392,-1.7928696242205044,0.14279052476014753,2.152401920705332,3.630333070272452
mango_rmse_random,small,2016-06-30,2017Q3,6,FFR,0.20332163743603646,1.1533333333333333,-0.9500116958972968,-3.4685634241809833,-2.0566485734723163,0.19044826185973174,2.397901417450406,4.030587584874574
mango_rmse_random,small,2016-06-30,2017Q4,7,FFR,0.24308232077637915,1.2033333333333334,-0.9602510125569542,-3.661972724356592,-2.224815647718006,0.28175769959155683,2.6422994692649504,4.2491091500336475
mango_rmse_random,small,2016-06-30,2018Q1,8,FFR,0.310595832442279,1.4466666666666665,-1.1360708342243875,-4.055331821120325,-2.2883530508987873,0.3658162928476081,2.876385932503347,4.604218029701142
mango_rmse_random,small,2016-06-30,2016Q2,1,GDP,971.5609508144123,977.6709362762499,-6.109985461837596,970.29873191746,970.7839172879104,971.5476789323807,972.3330597913151,972.9104068114349
mango_rmse_random,small,2016-06-30,2016Q3,2,GDP,971.9587234844289,978.270252164766,-6.311528680337119,969.8087713506333,970.6810113692871,971.9481021280508,973.2537359573461,974.1021256769322
mango_rmse_random,small,2016-06-30,2016Q4,3,GDP,972.5067964693816,978.7659105426385,-6.25911407325691,969.6878039217446,970.7660612645647,972.5041073826587,974.1943788176901,975.2284545510471
mango_rmse_random,small,2016-06-30,2017Q1,4,GDP,973.0752334577589,979.1946532403157,-6.119419782556747,969.706450089642,970.9973082374245,973.0940987008407,975.0523269026153,976.396391806018
mango_rmse_random,small,2016-06-30,2017Q2,5,GDP,973.6092275036673,979.6971814310028,-6.087953927335548,969.6823091882252,971.2744245691955,973.6178516380764,975.9662411676179,977.475808898242
mango_rmse_random,small,2016-06-30,2017Q3,6,GDP,974.1415497145516,980.5212652288033,-6.379715514251643,969.7359437120745,971.4634319051166,974.1638832248063,976.7969896973389,978.4735450707526
mango_rmse_random,small,2016-06-30,2017Q4,7,GDP,974.68706236165,981.5219022023681,-6.834839840718132,969.6576369104565,971.7216998612228,974.735357924319,977.6772027074131,979.5167462373471
mango_rmse_random,small,2016-06-30,2018Q1,8,GDP,975.1832288192059,982.2121682369062,-7.0289394177003715,969.8265933825413,971.8353526341555,975.3108501619665,978.3338035359434,980.4949497684706
mango_rmse_random,small,2016-09-30,2016Q3,1,DEFL,471.5813898407702,466.27690583674894,5.304484004021276,471.17234573328165,471.312953599318,471.5840744470021,471.838521312913,471.9894880848987
mango_rmse_random,small,2016-09-30,2016Q4,2,DEFL,471.9683084581358,466.8022911971153,5.1660172610204995,471.2332703173557,471.5131507419618,471.9709155864277,472.42246523365213,472.700696501935
mango_rmse_random,small,2016-09-30,2017Q1,3,DEFL,472.3347840779353,467.31839116014726,5.016392917788039,471.2445674883989,471.67029385288544,472.3375713082328,472.9905405400964,473.431019119771
mango_rmse_random,small,2016-09-30,2017Q2,4,DEFL,472.79480326148484,467.62901269911987,5.165790562364975,471.2730865957779,471.9354458630895,472.7968128393694,473.65217289654186,474.2718578731409
mango_rmse_random,small,2016-09-30,2017Q3,5,DEFL,473.2433459641212,468.12975463756425,5.113591326556957,471.2794968839408,472.0772948633388,473.27411464653255,474.4101246290461,475.14232888730623
mango_rmse_random,small,2016-09-30,2017Q4,6,DEFL,473.71034201309254,468.81593179181164,4.894410221280907,471.2440002239442,472.2326732879013,473.7331430018548,475.1615548473219,476.05765226321125
mango_rmse_random,small,2016-09-30,2018Q1,7,DEFL,474.18198759968357,469.4279361059867,4.754051493696863,471.23959110222484,472.3525072420007,474.22280317334844,475.8958453555617,477.1064097496073
mango_rmse_random,small,2016-09-30,2018Q2,8,DEFL,474.67577903785207,470.2823074052711,4.39347163258094,471.2082927284376,472.58253884964677,474.7297108840611,476.7022625718671,478.1654020165324
mango_rmse_random,small,2016-09-30,2016Q3,1,FFR,0.3293173297798404,0.39666666666666667,-0.06734933688682626,-0.921125069233165,-0.3964457138919039,0.3245796194179368,1.080383954031021,1.5804599772712418
mango_rmse_random,small,2016-09-30,2016Q4,2,FFR,0.5656095384214751,0.45,0.11560953842147509,-1.3982076510496122,-0.6666834998041097,0.5672109326675113,1.7982380389980124,2.6351851467708296
mango_rmse_random,small,2016-09-30,2017Q1,3,FFR,0.7648245210156471,0.7000000000000001,0.06482452101564706,-1.677341847196517,-0.7050765489825171,0.7292146571505395,2.310335420252164,3.3101515696881934
mango_rmse_random,small,2016-09-30,2017Q2,4,FFR,0.7288020865513519,0.9500000000000001,-0.22119791344864814,-2.144064693706452,-1.0628559656703636,0.7040222548866659,2.5528042480695343,3.64415709113143
mango_rmse_random,small,2016-09-30,2017Q3,5,FFR,0.7654460084197453,1.1533333333333333,-0.387887324913588,-2.567330583224447,-1.2418093755780513,0.7560900615638342,2.846408559750338,4.052618882387314
mango_rmse_random,small,2016-09-30,2017Q4,6,FFR,0.8964302645245511,1.2033333333333334,-0.30690306880878226,-2.8059385132207173,-1.3150260041372488,0.9072830459284877,3.1557253068539963,4.5904914135517885
mango_rmse_random,small,2016-09-30,2018Q1,7,FFR,0.9599358066182261,1.4466666666666665,-0.48673086004844046,-3.220451602665823,-1.443444000664591,1.0500686224828848,3.4164674021537382,4.822803347493146
mango_rmse_random,small,2016-09-30,2018Q2,8,FFR,0.9888065468625138,1.7366666666666666,-0.7478601198041528,-3.46980893929109,-1.6296640278952534,1.0542382651712625,3.577001786578721,5.2475453318057514
mango_rmse_random,small,2016-09-30,2016Q3,1,GDP,972.0696708183502,978.270252164766,-6.200581346415788,970.8222602889427,971.314726969815,972.0287454254317,972.8241352962829,973.445677461872
mango_rmse_random,small,2016-09-30,2016Q4,2,GDP,972.70300212217,978.7659105426385,-6.062908420468489,970.6077511860049,971.4566572281294,972.679594414817,973.9984592064657,974.7838212493593
mango_rmse_random,small,2016-09-30,2017Q1,3,GDP,973.1802055574094,979.1946532403157,-6.01444768290628,970.4052220658788,971.4815173566058,973.167412306994,974.8048329637592,975.9735942618386
mango_rmse_random,small,2016-09-30,2017Q2,4,GDP,973.6023591351167,979.6971814310028,-6.094822295886161,970.1747092405841,971.5381268341534,973.647413355613,975.6451738710712,976.9239445802507
mango_rmse_random,small,2016-09-30,2017Q3,5,GDP,974.0413595084235,980.5212652288033,-6.479905720379747,970.0576934016673,971.6622388167266,974.0850743001279,976.4042543526184,977.8362872311386
mango_rmse_random,small,2016-09-30,2017Q4,6,GDP,974.5544176568915,981.5219022023681,-6.967484545476623,970.0663356168013,971.8369841867716,974.5854933499047,977.2073649015414,978.8477770856693
mango_rmse_random,small,2016-09-30,2018Q1,7,GDP,975.013214677677,982.2121682369062,-7.198953559229267,969.989096649346,971.914639845341,975.0569202984045,978.0682565599644,979.7039227265503
mango_rmse_random,small,2016-09-30,2018Q2,8,GDP,975.4414257914764,982.9070909671581,-7.465665175681693,969.9034608259902,972.1589511398861,975.4623855813672,978.6821976598964,980.4225652166956
mango_rmse_random,small,2016-12-31,2016Q4,1,DEFL,471.89984586124183,466.8022911971153,5.0975546641265055,471.48126168938455,471.6327227327117,471.90039946787175,472.15677985639735,472.32251462138646
mango_rmse_random,small,2016-12-31,2017Q1,2,DEFL,472.2557327145286,467.31839116014726,4.937341554381362,471.4947199024714,471.80825121316985,472.261306421905,472.7128116779197,473.0055932609062
mango_rmse_random,small,2016-12-31,2017Q2,3,DEFL,472.6992125747332,467.62901269911987,5.070199875613355,471.58988642948566,472.01454417285726,472.69580725972065,473.3558378223247,473.8407372887096
mango_rmse_random,small,2016-12-31,2017Q3,4,DEFL,473.13043462286515,468.12975463756425,5.000679985300906,471.6374598107489,472.1920902179047,473.1202065156134,474.02106943087523,474.6409226438014
mango_rmse_random,small,2016-12-31,2017Q4,5,DEFL,473.58760021710225,468.81593179181164,4.771668425290613,471.5933957642087,472.36002096585986,473.5945129189206,474.7748669881281,475.5572205180008
mango_rmse_random,small,2016-12-31,2018Q1,6,DEFL,474.0425718750106,469.4279361059867,4.6146357690238915,471.51343068973324,472.57231017278633,474.0161451240524,475.58010175752185,476.534502825012
mango_rmse_random,small,2016-12-31,2018Q2,7,DEFL,474.5136255950689,470.2823074052711,4.231318189797776,471.4604035151497,472.6407846384392,474.48096173577756,476.39114354202974,477.55299223205645
mango_rmse_random,small,2016-12-31,2018Q3,8,DEFL,474.9920784044493,470.6182260866492,4.373852317800072,471.34824550573836,472.7669693688849,474.99039989882283,477.1893036006053,478.662489344527
mango_rmse_random,small,2016-12-31,2016Q4,1,FFR,0.7844292890400419,0.45,0.33442928904004193,-0.43919375254175197,0.02577155278220829,0.7764722377636195,1.5406913331548473,2.0209009753203917
mango_rmse_random,small,2016-12-31,2017Q1,2,FFR,1.02489341171698,0.7000000000000001,0.32489341171697983,-0.934315591496724,-0.19003257170710822,1.0215895499761851,2.288771244003744,3.096393807577699
mango_rmse_random,small,2016-12-31,2017Q2,3,FFR,1.0125832484695843,0.9500000000000001,0.06258324846958419,-1.438325233467922,-0.5120288351299316,0.9841265188289625,2.51925407705085,3.6067902933950546
mango_rmse_random,small,2016-12-31,2017Q3,4,FFR,1.0749744209836931,1.1533333333333333,-0.07835891234964021,-1.8388470325158752,-0.7456989973733219,1.0911743547611117,2.83470844496794,4.0660642594617755
mango_rmse_random,small,2016-12-31,2017Q4,5,FFR,1.2524537883482962,1.2033333333333334,0.04912045501496287,-1.9896204103913249,-0.7771950451440228,1.1860930226016184,3.281655068853836,4.624742635501151
mango_rmse_random,small,2016-12-31,2018Q1,6,FFR,1.3562992876054332,1.4466666666666665,-0.09036737906123338,-2.394239263652947,-0.8342490133721752,1.3618212578193387,3.5491590317487036,5.137927186136313
mango_rmse_random,small,2016-12-31,2018Q2,7,FFR,1.368155907247524,1.7366666666666666,-0.3685107594191426,-2.721240769401814,-1.0775145545193718,1.345665004308192,3.8431638758256548,5.30415248050913
mango_rmse_random,small,2016-12-31,2018Q3,8,FFR,1.4113429885665951,1.9233333333333331,-0.511990344766738,-2.8779590114202285,-1.2262786222461741,1.476816783063751,3.9312821736648975,5.600276131877779
mango_rmse_random,small,2016-12-31,2016Q4,1,GDP,973.218421814162,978.7659105426385,-5.547488728476537,971.9840036015279,972.4587767079746,973.2058804807932,973.9724357217758,974.5774477952158
mango_rmse_random,small,2016-12-31,2017Q1,2,GDP,973.8001042997711,979.1946532403157,-5.39454894054461,971.6728489547737,972.5367995981803,973.7974571585733,975.0990343973824,975.935169412489
mango_rmse_random,small,2016-12-31,2017Q2,3,GDP,974.2673675009892,979.6971814310028,-5.429813930013665,971.4942229771527,972.5659998597508,974.2672854496732,975.9324518555667,976.973636732568
mango_rmse_random,small,2016-12-31,2017Q3,4,GDP,974.7930415008383,980.5212652288033,-5.7282237279649735,971.4726008459652,972.8112893258165,974.7353805624252,976.7915549781488,978.0972074146424
mango_rmse_random,small,2016-12-31,2017Q4,5,GDP,975.3208726641482,981.5219022023681,-6.201029538219927,971.4890492542675,972.9537212206383,975.3316495791789,977.6503881122864,979.1482745730093
mango_rmse_random,small,2016-12-31,2018Q1,6,GDP,975.8086484239824,982.2121682369062,-6.403519812923832,971.4624731686478,973.1441364519428,975.8381955941932,978.4659589664984,980.1738889721379
mango_rmse_random,small,2016-12-31,2018Q2,7,GDP,976.3005252998493,982.9070909671581,-6.606565667308814,971.4018860501736,973.3259355885737,976.3394007882107,979.3068849302792,981.1631768853197
mango_rmse_random,small,2016-12-31,2018Q3,8,GDP,976.7671820802206,983.6265326816047,-6.859350601384108,971.1824764526988,973.4707691828235,976.8230882202578,980.0120168940774,981.9095833898623
mango_rmse_random,small,2017-03-31,2017Q1,1,DEFL,472.4560662580626,467.31839116014726,5.1376750979153485,472.03207976164333,472.18809806260714,472.46397904183954,472.71528189879155,472.887150605321
mango_rmse_random,small,2017-03-31,2017Q2,2,DEFL,472.95143867487945,467.62901269911987,5.322425975759586,472.1932308585815,472.487485250082,472.9556619645963,473.4005965517091,473.69633547005145
mango_rmse_random,small,2017-03-31,2017Q3,3,DEFL,473.4318209575672,468.12975463756425,5.30206632000295,472.29797302066225,472.73791106382714,473.44101760865885,474.0772388693052,474.5256325498078
mango_rmse_random,small,2017-03-31,2017Q4,4,DEFL,473.94110248911704,468.81593179181164,5.125170697305407,472.4151077604433,473.0049282683624,473.9530510296471,474.8273082190777,475.45426099698733
mango_rmse_random,small,2017-03-31,2018Q1,5,DEFL,474.45115024592286,469.4279361059867,5.023214139936158,472.4443308148915,473.21703545113587,474.4826591776273,475.6718751682891,476.42656970104184
mango_rmse_random,small,2017-03-31,2018Q2,6,DEFL,474.97966922831057,470.2823074052711,4.697361823039444,472.4241534595571,473.4690908646238,475.01717985353275,476.5032927509301,477.449260326704
mango_rmse_random,small,2017-03-31,2018Q3,7,DEFL,475.50767232718846,470.6182260866492,4.889446240539257,472.3941701904621,473.65232779726927,475.54439992513176,477.37231395745357,478.57099255515993
mango_rmse_random,small,2017-03-31,2018Q4,8,DEFL,476.0509061885368,471.07186839761323,4.9790377909235985,472.42488925999726,473.83085285697155,476.0894720948256,478.24545564737224,479.64227917579495
mango_rmse_random,small,2017-03-31,2017Q1,1,FFR,0.7037581275819389,0.7000000000000001,0.0037581275819388305,-0.5289861940568834,-0.03963705296030791,0.69605266631244,1.445595704638524,1.9393876571153983
mango_rmse_random,small,2017-03-31,2017Q2,2,FFR,0.8348490612759187,0.9500000000000001,-0.11515093872408133,-1.1342752234322322,-0.3473023790607779,0.8092259916265883,2.07010480185952,2.8718218682892847
mango_rmse_random,small,2017-03-31,2017Q3,3,FFR,0.8882399771690513,1.1533333333333333,-0.265093356164282,-1.5247251103784838,-0.6219452180087562,0.8500715673674404,2.3813457444687267,3.3975632999370977
mango_rmse_random,small,2017-03-31,2017Q4,4,FFR,1.0020786353452231,1.2033333333333334,-0.20125469798811024,-1.8998562985500909,-0.8049767200345984,0.9940032305464181,2.7881894418937896,3.8231843125199307
mango_rmse_random,small,2017-03-31,2018Q1,5,FFR,1.1592953074040664,1.4466666666666665,-0.28737135926260016,-2.1208684622150593,-0.848558107074034,1.1664674338899306,3.189944596861751,4.487017047888718
mango_rmse_random,small,2017-03-31,2018Q2,6,FFR,1.228401310306977,1.7366666666666666,-0.5082653563596895,-2.394049403116895,-0.9950918587817563,1.2270889399257117,3.402011962177473,4.891287095376374
mango_rmse_random,small,2017-03-31,2018Q3,7,FFR,1.2584038801179656,1.9233333333333331,-0.6649294532153676,-2.8316942955621163,-1.136237285423744,1.3691568011863087,3.6856923383469837,5.088992158666042
mango_rmse_random,small,2017-03-31,2018Q4,8,FFR,1.3391650571691747,2.22,-0.8808349428308255,-3.009009279621112,-1.3196012957906678,1.3945832858796279,3.8834847712977276,5.455227514945872
mango_rmse_random,small,2017-03-31,2017Q1,1,GDP,973.5216020132226,979.1946532403157,-5.673051227093083,972.2988688792909,972.7681873814529,973.4931581334511,974.2772307007933,974.8464035759547
mango_rmse_random,small,2017-03-31,2017Q2,2,GDP,974.0887707603956,979.6971814310028,-5.608410670607213,972.0217874087849,972.8349768919816,974.0606902003244,975.4028939860015,976.1455858123776
mango_rmse_random,small,2017-03-31,2017Q3,3,GDP,974.5587586548261,980.5212652288033,-5.96250657397718,971.8327850654666,972.8722664330804,974.5580710606837,976.2742946598894,977.2100137504916
mango_rmse_random,small,2017-03-31,2017Q4,4,GDP,975.08533393424,981.5219022023681,-6.436568268128099,971.8027655215051,973.116786441448,975.0602888525468,977.140405158334,978.3981202407041
mango_rmse_random,small,2017-03-31,2018Q1,5,GDP,975.5554921788608,982.2121682369062,-6.656676058045377,971.6056620718874,973.2914979352804,975.535221881868,977.9162514578455,979.5372547991544
mango_rmse_random,small,2017-03-31,2018Q2,6,GDP,976.0268412267776,982.9070909671581,-6.880249740380464,971.6438927216161,973.3844838671629,976.0521017013732,978.599891152545,980.3908953037137
mango_rmse_random,small,2017-03-31,2018Q3,7,GDP,976.488785146008,983.6265326816047,-7.137747535596645,971.5310177837662,973.5382632248514,976.5049855398108,979.5408181843322,981.2319051790864
mango_rmse_random,small,2017-03-31,2018Q4,8,GDP,976.9242381770529,983.8081508542731,-6.8839126772202235,971.5320439310075,973.7839976320182,976.9294249557274,980.1598064996025,982.2888045000468
mango_rmse_random,small,2017-06-30,2017Q2,1,DEFL,473.06507120234755,467.62901269911987,5.4360585032276845,472.6442070752767,472.79924270066977,473.0667866329554,473.32195981413344,473.4888911223886
mango_rmse_random,small,2017-06-30,2017Q3,2,DEFL,473.5918811060803,468.12975463756425,5.462126468516033,472.8555466438108,473.13919433412633,473.582557528384,474.047712348841,474.3076864796172
mango_rmse_random,small,2017-06-30,2017Q4,3,DEFL,474.1443155704523,468.81593179181164,5.328383778640671,473.04076772881837,473.49369012217676,474.1406137105296,474.79464261153004,475.23807581350496
mango_rmse_random,small,2017-06-30,2018Q1,4,DEFL,474.70062327159553,469.4279361059867,5.272687165608829,473.2036790989787,473.7777120346865,474.6979813014956,475.5636840476934,476.1704069127422
mango_rmse_random,small,2017-06-30,2018Q2,5,DEFL,475.2852768506778,470.2823074052711,5.002969445406677,473.32556349512856,474.09099795704475,475.28312273064455,476.4272718163329,477.17061270417275
mango_rmse_random,small,2017-06-30,2018Q3,6,DEFL,475.8714389633843,470.6182260866492,5.25321287673512,473.4546908930677,474.3845024493319,475.9170791711748,477.333910073949,478.2423357846055
mango_rmse_random,small,2017-06-30,2018Q4,7,DEFL,476.4726215029991,471.07186839761323,5.400753105385888,473.4507972597577,474.64193678821994,476.50969695946344,478.24422075025745,479.3498725274148
mango_rmse_random,small,2017-06-30,2019Q1,8,DEFL,477.08302857917397,471.4580490171198,5.624979562054193,473.52770412849355,474.96103018079805,477.1518052992462,479.1505461711218,480.56334168679973
mango_rmse_random,small,2017-06-30,2017Q2,1,FFR,0.8457307989522126,0.9500000000000001,-0.10426920104778747,-0.37051927867334056,0.07218987857500746,0.8515308969725505,1.6239158703332404,2.100834617306228
mango_rmse_random,small,2017-06-30,2017Q3,2,FFR,0.9013093500214502,1.1533333333333333,-0.25202398331188314,-1.017683241108802,-0.3402498304688157,0.8830768361907098,2.1236676851002523,2.939399289146684
mango_rmse_random,small,2017-06-30,2017Q4,3,FFR,1.0003955101361004,1.2033333333333334,-0.20293782319723297,-1.3969293725293432,-0.5629311155780192,0.9861087054034692,2.51232565172655,3.5766566716133816
mango_rmse_random,small,2017-06-30,2018Q1,4,FFR,1.140701470604168,1.4466666666666665,-0.3059651960624985,-1.7875576935995687,-0.6704126899029726,1.1651073937673382,2.903080112013661,4.207168138274199
mango_rmse_random,small,2017-06-30,2018Q2,5,FFR,1.2567439896953847,1.7366666666666666,-0.4799226769712819,-2.038130627425299,-0.8168994505972179,1.198406330340489,3.3518654112484003,4.654508491276972
mango_rmse_random,small,2017-06-30,2018Q3,6,FFR,1.3195393127919215,1.9233333333333331,-0.6037940205414116,-2.5379297884637735,-0.8938421590664306,1.2986735022818845,3.616612181017708,5.051862723477231
mango_rmse_random,small,2017-06-30,2018Q4,7,FFR,1.3663444388293706,2.22,-0.8536555611706296,-2.8020196378439457,-1.0216256747293115,1.3718772073164711,3.8317077437864477,5.303117423040909
mango_rmse_random,small,2017-06-30,2019Q1,8,FFR,1.4426148590478232,2.4033333333333333,-0.9607184742855102,-3.0575059938395706,-1.1033811333641554,1.4917813512247151,3.9474739367684175,5.750533976652366
mango_rmse_random,small,2017-06-30,2017Q2,1,GDP,973.8621729623501,979.6971814310028,-5.835008468652745,972.6489247801284,973.1207281301073,973.8288451827922,974.6071775602968,975.1542609823671
mango_rmse_random,small,2017-06-30,2017Q3,2,GDP,974.2984852337617,980.5212652288033,-6.222779995041606,972.2475600886669,973.0679923230807,974.2754773162476,975.53801143759,976.3874799958343
mango_rmse_random,small,2017-06-30,2017Q4,3,GDP,974.7528328094755,981.5219022023681,-6.769069392892561,972.0525012531039,973.101170358557,974.7483203880761,976.3706291262221,977.4519537122353
mango_rmse_random,small,2017-06-30,2018Q1,4,GDP,975.2013507898065,982.2121682369062,-7.0108174470997255,971.8718413107215,973.1972574832669,975.1433629906703,977.2146176076872,978.551351283815
mango_rmse_random,small,2017-06-30,2018Q2,5,GDP,975.6194524931736,982.9070909671581,-7.28763847398443,971.8025162160753,973.3416158809064,975.561907402868,977.9822984541584,979.5765418956267
mango_rmse_random,small,2017-06-30,2018Q3,6,GDP,976.0374804111418,983.6265326816047,-7.589052270462844,971.5721167870299,973.5021237736686,976.0367766026197,978.5649861348761,980.4139631349565
mango_rmse_random,small,2017-06-30,2018Q4,7,GDP,976.4699618759039,983.8081508542731,-7.338188978369203,971.6817247182252,973.5786515521922,976.4344407143141,979.3852724396392,981.4485516293558
mango_rmse_random,small,2017-06-30,2019Q1,8,GDP,976.8621568095164,984.3493940965847,-7.487237287068297,971.5328967499364,973.7291858678008,976.9157501247587,980.0118781587714,982.0833547403012
mango_rmse_random,small,2017-09-30,2017Q3,1,DEFL,473.17613297024553,468.12975463756425,5.046378332681286,472.7551237778184,472.9100090171959,473.1807221883209,473.4396134979699,473.5981578412384
mango_rmse_random,small,2017-09-30,2017Q4,2,DEFL,473.6137712590949,468.81593179181164,4.797839467283268,472.88226553025225,473.1642785545775,473.6148442715682,474.07154803558217,474.34829786489195
mango_rmse_random,small,2017-09-30,2018Q1,3,DEFL,474.065832887358,469.4279361059867,4.637896781371296,472.95187385977084,473.41387922166155,474.08554644903484,474.7153553567345,475.1400890870543
mango_rmse_random,small,2017-09-30,2018Q2,4,DEFL,474.50388926851946,470.2823074052711,4.221581863248332,473.01860525074824,473.620361289204,474.54494833466214,475.37420116991774,475.9487662632356
mango_rmse_random,small,2017-09-30,2018Q3,5,DEFL,474.9763877372077,470.6182260866492,4.358161650558486,473.01644626300026,473.785007769506,475.02862369586876,476.09331337563333,476.8063661975788
mango_rmse_random,small,2017-09-30,2018Q4,6,DEFL,475.4556162732303,471.07186839761323,4.383747875617075,473.0382482940454,473.97446113518583,475.51151483816034,476.8916759637686,477.7892096467249
mango_rmse_random,small,2017-09-30,2019Q1,7,DEFL,475.9547634175288,471.4580490171198,4.496714400409019,473.0235780241513,474.126965724781,476.02381665068305,477.7028223333754,478.7833178560313
mango_rmse_random,small,2017-09-30,2019Q2,8,DEFL,476.4682948482155,472.01403804243495,4.454256805780574,473.0410134738584,474.2822069215341,476.53302294572495,478.52397108499326,479.83745440140933
mango_rmse_random,small,2017-09-30,2017Q3,1,FFR,0.9822961965158679,1.1533333333333333,-0.17103713681746546,-0.2393787890567042,0.22575198919280837,0.9854592120358812,1.719957861505511,2.214249384497551
mango_rmse_random,small,2017-09-30,2017Q4,2,FFR,0.8538824391176528,1.2033333333333334,-0.34945089421568054,-1.1194372603042964,-0.3549952064344959,0.8641684044486906,2.0839441351448698,2.9034587499255555
mango_rmse_random,small,2017-09-30,2018Q1,3,FFR,0.8902466809157721,1.4466666666666665,-0.5564199857508945,-1.540224301326239,-0.5951481059933053,0.8678960023829707,2.414282801234176,3.396410546208511
mango_rmse_random,small,2017-09-30,2018Q2,4,FFR,1.0257897355760424,1.7366666666666666,-0.7108769310906242,-1.868134011231948,-0.7639526478429511,1.017207014498942,2.7688677447041212,3.9244852332504165
mango_rmse_random,small,2017-09-30,2018Q3,5,FFR,1.0931318266034602,1.9233333333333331,-0.8302015067298729,-2.2094838702105424,-0.9433826403668992,1.037920437672293,3.0883794173316677,4.405032418755565
mango_rmse_random,small,2017-09-30,2018Q4,6,FFR,1.086418310466408,2.22,-1.1335816895335922,-2.720680319784783,-1.1550829046623419,1.1116500046575197,3.2946958052347934,4.628529667895902
mango_rmse_random,small,2017-09-30,2019Q1,7,FFR,1.0987962297332023,2.4033333333333333,-1.304537103600131,-2.94179202797614,-1.3111395590402166,1.0763065331172375,3.4957728402609423,5.059326811835691
mango_rmse_random,small,2017-09-30,2019Q2,8,FFR,1.1755546825337204,2.3966666666666665,-1.221111984132946,-3.1516405307402313,-1.3649228178532882,1.289115734569335,3.6891952642423833,5.370378758399649
mango_rmse_random,small,2017-09-30,2017Q3,1,GDP,974.6848432540883,980.5212652288033,-5.836421974714995,973.4806066972036,973.9380016837767,974.6457595808668,975.4499052103887,976.0108889460748
mango_rmse_random,small,2017-09-30,2017Q4,2,GDP,975.0656103642971,981.5219022023681,-6.456291838071024,973.0224425308066,973.796535265052,975.0407563081183,976.3149546859485,977.1598267236448
mango_rmse_random,small,2017-09-30,2018Q1,3,GDP,975.5529697636198,982.2121682369062,-6.6591984732864375,972.8618543980288,973.8610585571303,975.5475183228303,977.2008574110864,978.2741726636681
mango_rmse_random,small,2017-09-30,2018Q2,4,GDP,976.0887641867727,982.9070909671581,-6.818326780385405,972.8761932018971,974.1030743375417,976.0554749745368,978.0901496358201,979.4485761317508
mango_rmse_random,small,2017-09-30,2018Q3,5,GDP,976.5631336089162,983.6265326816047,-7.063399072688412,972.788302580393,974.2542029227861,976.5367436402553,978.9547451244141,980.4027167056673
mango_rmse_random,small,2017-09-30,2018Q4,6,GDP,977.0303691557164,983.8081508542731,-6.777781698556737,972.7377013760159,974.4747236254353,977.0573007419928,979.6019654570905,981.4936981739789
mango_rmse_random,small,2017-09-30,2019Q1,7,GDP,977.5176649898542,984.3493940965847,-6.8317291067304495,972.7386686724894,974.6301013233585,977.491838192676,980.4079338929732,982.3774554018489
mango_rmse_random,small,2017-09-30,2019Q2,8,GDP,977.9699954874284,985.0201484419601,-7.050152954531768,972.6924077858446,974.8634219286865,977.9650561119036,981.1871495427949,983.2006010546453
mango_rmse_random,small,2017-12-31,2017Q4,1,DEFL,473.76846519127577,468.81593179181164,4.95253339946413,473.34532451109675,473.5018092693557,473.7704812642869,474.0308979539001,474.1954326303985
mango_rmse_random,small,2017-12-31,2018Q1,2,DEFL,474.27778718426936,469.4279361059867,4.849851078282654,473.54558118902247,473.82650404780645,474.27930099255127,474.7084826411251,474.9944532647756
mango_rmse_random,small,2017-12-31,2018Q2,3,DEFL,474.7890058311227,470.2823074052711,4.506698425851596,473.72330268627417,474.1401422748234,474.80323336561855,475.42494450692135,475.84461759868225
mango_rmse_random,small,2017-12-31,2018Q3,4,DEFL,475.3477110599169,470.6182260866492,4.729484973267688,473.8961431414052,474.443118608602,475.35785550921,476.19992480196,476.78383389607035
mango_rmse_random,small,2017-12-31,2018Q4,5,DEFL,475.91653156408825,471.07186839761323,4.844663166475016,474.0007703395937,474.7214267911216,475.93930455422816,477.01056830965035,477.80906474246297
mango_rmse_random,small,2017-12-31,2019Q1,6,DEFL,476.4988624196153,471.4580490171198,5.04081340249553,474.0960844334128,475.00400853241456,476.55890282066764,477.90330028953053,478.93227977941683
mango_rmse_random,small,2017-12-31,2019Q2,7,DEFL,477.09084687116695,472.01403804243495,5.076808828731998,474.1564043648791,475.26385524507884,477.13424667156715,478.81548775546804,479.970652251757
mango_rmse_random,small,2017-12-31,2019Q3,8,DEFL,477.69980397393755,472.33975673527414,5.360047238663412,474.27933086863135,475.5520321120335,477.7325615908419,479.776574996663,481.1329739047301
mango_rmse_random,small,2017-12-31,2017Q4,1,FFR,1.2570388525772447,1.2033333333333334,0.053705519243911315,0.020584614712765043,0.5328112779225759,1.2533968055509357,2.011827096234367,2.4777894028055445
mango_rmse_random,small,2017-12-31,2018Q1,2,FFR,1.4102788378675482,1.4466666666666665,-0.036387828799118394,-0.5291801727381236,0.1932178263369319,1.3887945292314954,2.625132737500996,3.382127847268237
mango_rmse_random,small,2017-12-31,2018Q2,3,FFR,1.560060094212994,1.7366666666666666,-0.1766065724536725,-0.875697380179048,0.10541168013705507,1.5273582559918748,3.0430367614549874,4.01853675338792
mango_rmse_random,small,2017-12-31,2018Q3,4,FFR,1.616234493468017,1.9233333333333331,-0.30709883986531605,-1.216319001136265,-0.16408305730715392,1.6100025099709934,3.3483581642775806,4.382626154964133
mango_rmse_random,small,2017-12-31,2018Q4,5,FFR,1.6715972076807957,2.22,-0.5484027923192045,-1.5776075163571242,-0.40466990756408927,1.626644969250107,3.769039611992141,4.903837801713594
mango_rmse_random,small,2017-12-31,2019Q1,6,FFR,1.7277064274468603,2.4033333333333333,-0.675626905886473,-2.008751445304691,-0.4722199851525319,1.727741185398787,3.93173437355579,5.437452635693701
mango_rmse_random,small,2017-12-31,2019Q2,7,FFR,1.7552863927491253,2.3966666666666665,-0.6413802739175412,-2.1719407969545848,-0.6797712879498438,1.7544912062332645,4.236457494695246,5.717589923464817
mango_rmse_random,small,2017-12-31,2019Q3,8,FFR,1.784693998483046,2.19,-0.40530600151695384,-2.5480807479608156,-0.8408619731385754,1.7895647219621427,4.370914319383315,5.978447950237219
mango_rmse_random,small,2017-12-31,2017Q4,1,GDP,975.5738511364103,981.5219022023681,-5.94805106595777,974.3480822430639,974.8229660945286,975.5582498849186,976.3464212821916,976.8964439156573
mango_rmse_random,small,2017-12-31,2018Q1,2,GDP,976.1224483504142,982.2121682369062,-6.089719886492048,974.0844007064538,974.8396506949047,976.0834349641066,977.429701740359,978.1994307750109
mango_rmse_random,small,2017-12-31,2018Q2,3,GDP,976.6185911738087,982.9070909671581,-6.288499793349388,973.9815957316666,975.0084608662032,976.5866519114738,978.2862410389037,979.3698275967882
mango_rmse_random,small,2017-12-31,2018Q3,4,GDP,977.0779250323617,983.6265326816047,-6.5486076492429675,973.7690013195082,975.1005050854891,977.0463315274338,978.9697429693036,980.4598498573464
mango_rmse_random,small,2017-12-31,2018Q4,5,GDP,977.5057152368995,983.8081508542731,-6.30243561737359,973.698993396075,975.2432462456004,977.4754321865933,979.8154191196402,981.4191904312285
mango_rmse_random,small,2017-12-31,2019Q1,6,GDP,977.9466556679012,984.3493940965847,-6.402738428683506,973.7296137932105,975.435516815737,977.9227333737588,980.4991723299123,982.0970579601546
mango_rmse_random,small,2017-12-31,2019Q2,7,GDP,978.399313046095,985.0201484419601,-6.620835395865129,973.6480319663785,975.615361275041,978.3615804600744,981.3277399232062,983.1972951413861
mango_rmse_random,small,2017-12-31,2019Q3,8,GDP,978.8250077893169,985.9061780536628,-7.081170264345815,973.6571611905187,975.7360229529793,978.7835637339685,981.9616542357857,984.0399551578114
mango_rmse_random,small,2018-03-31,2018Q1,1,DEFL,474.4057359573105,469.4279361059867,4.977799851323823,473.98889079122824,474.14190688659033,474.41219065722277,474.65647516024046,474.821521650095
mango_rmse_random,small,2018-03-31,2018Q2,2,DEFL,474.9464384297186,470.2823074052711,4.664131024447499,474.23178892064595,474.49209972385546,474.9514573616009,475.3981301969618,475.6696870558429
mango_rmse_random,small,2018-03-31,2018Q3,3,DEFL,475.53981673883004,470.6182260866492,4.921590652180839,474.43555958692906,474.8904112461204,475.5492546964821,476.1870771153226,476.6126869074549
mango_rmse_random,small,2018-03-31,2018Q4,4,DEFL,476.14990721990506,471.07186839761323,5.0780388222918305,474.62228546089506,475.286879611386,476.15641393696023,477.00359891815776,477.64357736806954
mango_rmse_random,small,2018-03-31,2019Q1,5,DEFL,476.7738629062754,471.4580490171198,5.315813889155606,474.73994562164586,475.6301810633666,476.78620461189246,477.9049136891394,478.6052758813053
mango_rmse_random,small,2018-03-31,2019Q2,6,DEFL,477.40056810442144,472.01403804243495,5.386530061986491,474.92992498855546,475.9688285647343,477.4576633432188,478.8297032503302,479.71165450962366
mango_rmse_random,small,2018-03-31,2019Q3,7,DEFL,478.03334044371576,472.33975673527414,5.693583708441622,474.99171401891596,476.2589027145969,478.0865503666896,479.79913688450716,480.84947368982347
mango_rmse_random,small,2018-03-31,2019Q4,8,DEFL,478.6741416156383,472.70603314659263,5.96810846904566,475.08790626571124,476.5375699527814,478.7318444060753,480.77177357565085,481.9897226648463
mango_rmse_random,small,2018-03-31,2018Q1,1,FFR,1.5111444626304247,1.4466666666666665,0.06447779596375813,0.2557814228995677,0.7752305132826902,1.5111287649768852,2.276406371073867,2.770586581521204
mango_rmse_random,small,2018-03-31,2018Q2,2,FFR,1.8130713531353781,1.7366666666666666,0.07640468646871157,-0.12416564959275657,0.60688468204759,1.8209694343951894,2.9940380757143874,3.793627598206896
mango_rmse_random,small,2018-03-31,2018Q3,3,FFR,1.8796729265135,1.9233333333333331,-0.043660406819833186,-0.4604253753641573,0.36165257668116385,1.8459640694951986,3.3612690423473346,4.362798398769762
mango_rmse_random,small,2018-03-31,2018Q4,4,FFR,1.8929002689298806,2.22,-0.3270997310701196,-0.9762480486245387,0.1381821228603473,1.9013146273501147,3.5605302473464517,4.7632085445680294
mango_rmse_random,small,2018-03-31,2019Q1,5,FFR,1.9993224142985837,2.4033333333333333,-0.4040109190347496,-1.2638195384270794,0.0851315322544884,1.9145297862390758,3.9960120927491016,5.4202510863233195
mango_rmse_random,small,2018-03-31,2019Q2,6,FFR,2.0636651936986627,2.3966666666666665,-0.33300147296800375,-1.5711061704553668,-0.12230467111563419,2.045690382644841,4.240661686467233,5.729685292089779
mango_rmse_random,small,2018-03-31,2019Q3,7,FFR,2.0502430107412115,2.19,-0.13975698925878843,-1.8980886466754288,-0.3718352794537579,2.0669753767523797,4.3507688936473325,5.985881981456338
mango_rmse_random,small,2018-03-31,2019Q4,8,FFR,2.073793015189435,1.6433333333333333,0.4304596818561015,-2.244049938508458,-0.5669851561047068,2.127332760668995,4.608072382087532,6.18623752249252
mango_rmse_random,small,2018-03-31,2018Q1,1,GDP,976.4093003850161,982.2121682369062,-5.8028678518901415,975.1664010245267,975.6857502201404,976.3693014852827,977.190058929414,977.7477578259691
mango_rmse_random,small,2018-03-31,2018Q2,2,GDP,977.0056040512891,982.9070909671581,-5.901486915868986,974.9368824197513,975.7715357286709,977.0141841880084,978.2905750194187,979.130716691315
mango_rmse_random,small,2018-03-31,2018Q3,3,GDP,977.4294234223423,983.6265326816047,-6.197109259262334,974.7223742218214,975.7394429304904,977.4254085265338,979.0284118835239,980.1535157420634
mango_rmse_random,small,2018-03-31,2018Q4,4,GDP,977.8604119729563,983.8081508542731,-5.947738881316809,974.5627380954257,975.8593364727367,977.8333081281273,979.8262691316319,981.313256821881
mango_rmse_random,small,2018-03-31,2019Q1,5,GDP,978.2984251517865,984.3493940965847,-6.0509689447981145,974.4493735857832,975.9651698564429,978.2933340494934,980.6560572514572,982.187473295658
mango_rmse_random,small,2018-03-31,2019Q2,6,GDP,978.7255632561286,985.0201484419601,-6.294585185831579,974.3190716934906,976.0697381875004,978.7286006287493,981.3387605388203,983.0014145508247
mango_rmse_random,small,2018-03-31,2019Q3,7,GDP,979.1524186176364,985.9061780536628,-6.753759436026371,974.4209627557168,976.2707811594735,979.134331255244,982.0697306101921,983.9953802948537
mango_rmse_random,small,2018-03-31,2019Q4,8,GDP,979.5636548004716,986.3482463840766,-6.784591583604993,974.2508945138849,976.3875770726203,979.5989662820655,982.7373049943025,984.7041967329883
mango_rmse_random,small,2018-06-30,2018Q2,1,DEFL,474.9437517036344,470.2823074052711,4.6614442983632784,474.51722580662704,474.6703176240365,474.9453213731313,475.19862052069504,475.3700960919536
mango_rmse_random,small,2018-06-30,2018Q3,2,DEFL,475.5348959153442,470.6182260866492,4.916669828694978,474.8036048568434,475.0855692312162,475.5455655176305,475.9810110019577,476.25506608937087
mango_rmse_random,small,2018-06-30,2018Q4,3,DEFL,476.1326809615155,471.07186839761323,5.060812563902289,475.04100122581923,475.4663143060845,476.1460022106611,476.7786410199143,477.2129424464768
mango_rmse_random,small,2018-06-30,2019Q1,4,DEFL,476.729330928962,471.4580490171198,5.271281911842209,475.2221508543563,475.81524560892245,476.76191980722524,477.5923086579598,478.1799769814813
mango_rmse_random,small,2018-06-30,2019Q2,5,DEFL,477.3422718556364,472.01403804243495,5.32823381320145,475.3839893376415,476.1321928422529,477.3672344803199,478.4833845907595,479.2612037563473
mango_rmse_random,small,2018-06-30,2019Q3,6,DEFL,477.9640217348959,472.33975673527414,5.624264999621744,475.46183858203545,476.49406687614413,477.9870125539305,479.4220612627522,480.36639723892114
mango_rmse_random,small,2018-06-30,2019Q4,7,DEFL,478.5888911801401,472.70603314659263,5.88285803354745,475.52353722069523,476.77477113332105,478.6130053471205,480.40518738057085,481.4764083845629
mango_rmse_random,small,2018-06-30,2020Q1,8,DEFL,479.22289132319185,473.1080108856083,6.114880437583565,475.6446129138473,477.121693336002,479.2288229058988,481.3852893787758,482.61507298417547
mango_rmse_random,small,2018-06-30,2018Q2,1,FFR,1.727891518854035,1.7366666666666666,-0.008775147812631667,0.5181246094398195,0.9727190558411555,1.731636018142737,2.4708222845142296,2.9821559152076245
mango_rmse_random,small,2018-06-30,2018Q3,2,FFR,1.774192509837183,1.9233333333333331,-0.1491408234961502,-0.15455438853539027,0.5661129933913814,1.7722937668824692,3.004823789137849,3.778513904394517
mango_rmse_random,small,2018-06-30,2018Q4,3,FFR,1.7690575050193258,2.22,-0.4509424949806744,-0.6644325622463936,0.26987348101429576,1.7374635997849932,3.273090934859434,4.310879326297839
mango_rmse_random,small,2018-06-30,2019Q1,4,FFR,1.8687541229269338,2.4033333333333333,-0.5345792104063996,-1.0383182837884166,0.13743363802008154,1.8226531108684016,3.57788719718627,4.803454544486646
mango_rmse_random,small,2018-06-30,2019Q2,5,FFR,1.979762880864865,2.3966666666666665,-0.41690378580180143,-1.3952919295313497,-0.038037364888183225,1.9846555135725366,3.9829015063297457,5.319168672690418
mango_rmse_random,small,2018-06-30,2019Q3,6,FFR,2.00041321340568,2.19,-0.18958678659432016,-1.8129358899965113,-0.23062558656295767,1.9806792676329663,4.194690293078234,5.76419797035244
mango_rmse_random,small,2018-06-30,2019Q4,7,FFR,1.9976034147345159,1.6433333333333333,0.35427008140118255,-2.0960945581411465,-0.38909387306641896,2.018164342212519,4.330692294374062,5.988794893924168
mango_rmse_random,small,2018-06-30,2020Q1,8,FFR,2.058471418817224,1.26,0.7984714188172239,-2.378338558264114,-0.5861597123833345,2.169538251771142,4.57022618745014,6.215918543542836
mango_rmse_random,small,2018-06-30,2018Q2,1,GDP,976.8128030351318,982.9070909671581,-6.094287932026305,975.5633815268473,976.0612563101124,976.7883591245626,977.5629514903022,978.1699506921583
mango_rmse_random,small,2018-06-30,2018Q3,2,GDP,977.2505589655242,983.6265326816047,-6.375973716080466,975.1342755872937,975.9987668219418,977.2487228680792,978.4899644691297,979.4036647923698
mango_rmse_random,small,2018-06-30,2018Q4,3,GDP,977.6748484818947,983.8081508542731,-6.133302372378353,974.967981876891,976.0285602034133,977.6685687115739,979.3293493592324,980.3752834341816
mango_rmse_random,small,2018-06-30,2019Q1,4,GDP,978.1513040476515,984.3493940965847,-6.198090048933182,974.8980587601486,976.1342926195828,978.1431110734943,980.1419526800981,981.4477224427703
mango_rmse_random,small,2018-06-30,2019Q2,5,GDP,978.5962075086691,985.0201484419601,-6.423940933291078,974.8541832702153,976.3103705649535,978.5660535373784,980.8886644622365,982.3770050542399
mango_rmse_random,small,2018-06-30,2019Q3,6,GDP,979.0318623629095,985.9061780536628,-6.874315690753292,974.6958668849644,976.417483452458,979.0248780092988,981.5348900064538,983.2516369893516
mango_rmse_random,small,2018-06-30,2019Q4,7,GDP,979.4876601481699,986.3482463840766,-6.8605862359066805,974.5968122632248,976.647404665753,979.5200148871728,982.3091847814474,984.3799900526869
mango_rmse_random,small,2018-06-30,2020Q1,8,GDP,979.9175992779702,985.1661326692149,-5.248533391244678,974.627641085441,976.785670439513,980.0152641801049,983.0126460457659,985.122902545673
mango_rmse_random,small,2018-09-30,2018Q3,1,DEFL,470.9992819100371,470.6182260866492,0.38105582338789645,470.5866588340532,470.73921814640573,471.00297907875176,471.2504432955543,471.411534102442
mango_rmse_random,small,2018-09-30,2018Q4,2,DEFL,471.7474103115439,471.07186839761323,0.6755419139306582,471.0171785224271,471.2988172083935,471.7554896039535,472.18773921966505,472.46632508993514
mango_rmse_random,small,2018-09-30,2019Q1,3,DEFL,472.48291877969166,471.4580490171198,1.024869762571882,471.36433029924245,471.81362113805886,472.49769369254113,473.1435003108396,473.55077195473353
mango_rmse_random,small,2018-09-30,2019Q2,4,DEFL,473.28711986441067,472.01403804243495,1.2730818219757225,471.78737500519384,472.3809175685956,473.3017260238271,474.16196461318486,474.7486255010377
mango_rmse_random,small,2018-09-30,2019Q3,5,DEFL,474.07741645626373,472.33975673527414,1.7376597209895976,472.08694692508897,472.8781206543272,474.10798428121177,475.24507093119666,475.9521569405997
mango_rmse_random,small,2018-09-30,2019Q4,6,DEFL,474.8836957450098,472.70603314659263,2.1776625984171574,472.43518370772205,473.4068735475481,474.9212114929148,476.3256357811705,477.23149088397525
mango_rmse_random,small,2018-09-30,2020Q1,7,DEFL,475.68281333593217,473.1080108856083,2.5748024503238867,472.720131256828,473.85844002065255,475.7293474222645,477.44587829900854,478.6054516024533
mango_rmse_random,small,2018-09-30,2020Q2,8,DEFL,476.4949788365295,472.73258698908967,3.762391847439858,473.0258999965214,474.36402443007887,476.5486834539623,478.6377415762661,479.9110722701615
mango_rmse_random,small,2018-09-30,2018Q3,1,FFR,2.018169277727182,1.9233333333333331,0.0948359443938489,0.7927132597528999,1.284467472162803,2.024425585256325,2.763171446107315,3.244534263241861
mango_rmse_random,small,2018-09-30,2018Q4,2,FFR,2.299880362815371,2.22,0.07988036281537081,0.30816903889479336,1.0887172294257026,2.3002076320461495,3.4751257572478718,4.3424942912298405
mango_rmse_random,small,2018-09-30,2019Q1,3,FFR,2.4796429929183375,2.4033333333333333,0.07630965958500413,0.09542699734703207,0.9753798562372716,2.4572841145736994,4.012332321966717,5.041574396373204
mango_rmse_random,small,2018-09-30,2019Q2,4,FFR,2.5282918408176713,2.3966666666666665,0.13162517415100483,-0.30347047904247243,0.746190686679449,2.5465715974964054,4.285488961326974,5.499836398809399
mango_rmse_random,small,2018-09-30,2019Q3,5,FFR,2.592366817246196,2.19,0.4023668172461963,-0.6630675288678644,0.6140974540273052,2.4906944497269,4.630666201494116,5.890577193240196
mango_rmse_random,small,2018-09-30,2019Q4,6,FFR,2.6579930680645005,1.6433333333333333,1.0146597347311672,-1.0111885429278096,0.4361752905390918,2.7040376661734635,4.830401426127013,6.263242270661072
mango_rmse_random,small,2018-09-30,2020Q1,7,FFR,2.6670042117057067,1.26,1.4070042117057067,-1.2971074289090458,0.2785365062623535,2.6993825540615086,4.970846601607537,6.540392013651795
mango_rmse_random,small,2018-09-30,2020Q2,8,FFR,2.6828168648930792,0.06,2.622816864893079,-1.7099768522757655,0.13771852382962457,2.6980433194285176,5.157290331437017,6.88847349045825
mango_rmse_random,small,2018-09-30,2018Q3,1,GDP,983.1566181479039,983.6265326816047,-0.4699145337007167,981.951374505471,982.4127682032644,983.122245465692,983.9309055711916,984.4606471326512
mango_rmse_random,small,2018-09-30,2018Q4,2,GDP,983.7883444579567,983.8081508542731,-0.01980639631642589,981.7408662618707,982.5518115997962,983.7569240964261,985.0476127331322,985.8795366564964
mango_rmse_random,small,2018-09-30,2019Q1,3,GDP,984.187407707134,984.3493940965847,-0.16198638945070343,981.5123010170288,982.530489447406,984.190778280431,985.8095515013813,986.8328185917916
mango_rmse_random,small,2018-09-30,2019Q2,4,GDP,984.5916596037886,985.0201484419601,-0.42848883817157457,981.3008950261773,982.5892872046409,984.5701259033266,986.6015173638781,987.8137729781936
mango_rmse_random,small,2018-09-30,2019Q3,5,GDP,984.9430544558702,985.9061780536628,-0.9631235977925598,981.1872578871839,982.6475347809353,984.8643308899204,987.2424905880583,988.6082501197952
mango_rmse_random,small,2018-09-30,2019Q4,6,GDP,985.3489318772249,986.3482463840766,-0.9993145068516469,981.1615595763742,982.7884707742106,985.349618688607,987.9161771229216,989.3944367189215
mango_rmse_random,small,2018-09-30,2020Q1,7,GDP,985.7289836089067,985.1661326692149,0.5628509396917707,980.9754349488517,982.8348419449612,985.7620294533492,988.6018187509757,990.3860164945529
mango_rmse_random,small,2018-09-30,2020Q2,8,GDP,986.1045482796984,976.3001287902925,9.80441948940586,980.992255834025,983.0469072778628,986.0964912728946,989.1687161239271,991.0884389816058
mango_rmse_random,small,2018-12-31,2018Q4,1,DEFL,471.25708080925824,471.07186839761323,0.18521241164501134,470.8495876154248,470.99261187206963,471.2588761010731,471.51227189558256,471.66596295647736
mango_rmse_random,small,2018-12-31,2019Q1,2,DEFL,471.85208212099843,471.4580490171198,0.3940331038786553,471.1300840530489,471.4085985633376,471.8483480363593,472.2945728037039,472.57688952587756
mango_rmse_random,small,2018-12-31,2019Q2,3,DEFL,472.517841226033,472.01403804243495,0.5038031835980519,471.4427348699616,471.8456731205527,472.52208666848196,473.169856321322,473.63108834713444
mango_rmse_random,small,2018-12-31,2019Q3,4,DEFL,473.1347571473271,472.33975673527414,0.795000412052957,471.6620747579383,472.2095444671089,473.15337190943046,473.9993020294995,474.6117286286281
mango_rmse_random,small,2018-12-31,2019Q4,5,DEFL,473.79966888024427,472.70603314659263,1.093635733651638,471.84854321034663,472.59515917024504,473.8419563809614,474.9390636590262,475.7076615296709
mango_rmse_random,small,2018-12-31,2020Q1,6,DEFL,474.4669551846653,473.1080108856083,1.3589442990570433,471.987410894981,472.975280263913,474.51179547378274,475.88668930544884,476.83644847606
mango_rmse_random,small,2018-12-31,2020Q2,7,DEFL,475.1533905931617,472.73258698908967,2.4208036040720344,472.12637841318303,473.32320629597467,475.20963656175013,476.9257939549155,478.0228233186476
mango_rmse_random,small,2018-12-31,2020Q3,8,DEFL,475.84535779515113,473.59440300679853,2.250954788352601,472.28445162194504,473.737592337758,475.8822209775004,477.9657194180722,479.269750495189
mango_rmse_random,small,2018-12-31,2018Q4,1,FFR,2.1428622323627433,2.22,-0.07713776763725688,0.9413889536443446,1.4006925690567409,2.133650851088891,2.8988432926644556,3.3723851609699214
mango_rmse_random,small,2018-12-31,2019Q1,2,FFR,2.1174237367180684,2.4033333333333333,-0.28590959661526494,0.14594287789228963,0.8953197427712818,2.1258934627118684,3.3221926682380296,4.148738033246494
mango_rmse_random,small,2018-12-31,2019Q2,3,FFR,2.072380606970404,2.3966666666666665,-0.32428605969626245,-0.42439867336211046,0.5968911140883187,2.0735182563907966,3.55768357061174,4.545740132347642
mango_rmse_random,small,2018-12-31,2019Q3,4,FFR,2.187984138665322,2.19,-0.002015861334677904,-0.7585269112780391,0.43862089198850723,2.203625433425729,3.9329253032246156,4.9932709157533335
mango_rmse_random,small,2018-12-31,2019Q4,5,FFR,2.2963337552795693,1.6433333333333333,0.653000421946236,-1.0114807763643496,0.287430716492172,2.324983315970406,4.286256216048773,5.581495367648142
mango_rmse_random,small,2018-12-31,2020Q1,6,FFR,2.291408441910447,1.26,1.031408441910447,-1.4043866733310806,0.08242038492613249,2.302650402371842,4.4204466111409,5.96095524555963
mango_rmse_random,small,2018-12-31,2020Q2,7,FFR,2.2660105182435335,0.06,2.2060105182435334,-1.7048408619689588,-0.05915005519897791,2.296392237697882,4.57062209879461,6.207899292533601
mango_rmse_random,small,2018-12-31,2020Q3,8,FFR,2.3194816232133437,0.09333333333333334,2.2261482898800105,-1.9915777735095705,-0.22334546607090777,2.3327281346311395,4.8064763465695295,6.5506825247042455
mango_rmse_random,small,2018-12-31,2018Q4,1,GDP,984.1064985774772,983.8081508542731,0.2983477232040741,982.8448028035101,983.335246886837,984.0925955424173,984.8973090027836,985.4655745369047
mango_rmse_random,small,2018-12-31,2019Q1,2,GDP,984.585553104666,984.3493940965847,0.23615900808135848,982.5559689851448,983.3301144901016,984.550334628457,985.8913169373357,986.6792231038568
mango_rmse_random,small,2018-12-31,2019Q2,3,GDP,985.1616124046052,985.0201484419601,0.141463962645048,982.414582563608,983.498414045371,985.1289827037083,986.853369516676,987.9580158811409
mango_rmse_random,small,2018-12-31,2019Q3,4,GDP,985.7701857595148,985.9061780536628,-0.1359922941479681,982.3492839037224,983.653058744936,985.7786322962233,987.8419469190067,989.2643223759902
mango_rmse_random,small,2018-12-31,2019Q4,5,GDP,986.3540715809542,986.3482463840766,0.005825196877594863,982.2445894833436,983.8600033709557,986.3416086569719,988.8354367868359,990.538614245108
mango_rmse_random,small,2018-12-31,2020Q1,6,GDP,986.8955478231775,985.1661326692149,1.7294151539625773,981.8809503483642,984.0892400099041,986.9067139882106,989.6813822310638,991.6901055009212
mango_rmse_random,small,2018-12-31,2020Q2,7,GDP,987.4678600305458,976.3001287902925,11.16773124025326,981.9469641738254,984.2372731741597,987.4678200130058,990.7507615378885,992.9712992799073
mango_rmse_random,small,2018-12-31,2020Q3,8,GDP,988.0111863851191,983.8614041962527,4.149782188866425,981.8559106642217,984.4505638467459,988.0206999623117,991.4722065196662,994.0832169704754
mango_rmse_random,small,2019-03-31,2019Q1,1,DEFL,471.6623318698888,471.4580490171198,0.20428285276904035,471.24162811283105,471.3980622930033,471.6691580970769,471.9099018617098,472.07946949937656
mango_rmse_random,small,2019-03-31,2019Q2,2,DEFL,472.28954016755876,472.01403804243495,0.2755021251238077,471.5646051119983,471.8300475193395,472.29888867658065,472.72625537484276,473.0184903436813
mango_rmse_random,small,2019-03-31,2019Q3,3,DEFL,472.85427826794563,472.33975673527414,0.5145215326714947,471.76167132212703,472.1855192639849,472.87169710207877,473.48950235212067,473.94960900656275
mango_rmse_random,small,2019-03-31,2019Q4,4,DEFL,473.4434457676327,472.70603314659263,0.7374126210400505,471.9435064003077,472.5512506924119,473.48129216203085,474.2894118459509,474.8629880610856
mango_rmse_random,small,2019-03-31,2020Q1,5,DEFL,474.0495179593969,473.1080108856083,0.941507073788614,472.13229283841804,472.8798462326181,474.0873866719529,475.1505506896217,475.8820298857039
mango_rmse_random,small,2019-03-31,2020Q2,6,DEFL,474.6744768089651,472.73258698908967,1.9418898198754277,472.2218330750359,473.204605960718,474.74032056317424,476.075387596887,476.9900849919988
mango_rmse_random,small,2019-03-31,2020Q3,7,DEFL,475.2991812866289,473.59440300679853,1.7047782798303501,472.34733877898816,473.51034943899873,475.36759462164605,477.0069546022953,478.0983679061003
mango_rmse_random,small,2019-03-31,2020Q4,8,DEFL,475.9426290694235,474.2250274536357,1.717601615787828,472.45959302873945,473.82715192015223,476.00504976512605,477.9829379163255,479.3134191589394
mango_rmse_random,small,2019-03-31,2019Q1,1,FFR,2.180902539251369,2.4033333333333333,-0.2224307940819643,0.9373307731161487,1.4487130629380216,2.190791083078577,2.91819340094336,3.394714279492604
mango_rmse_random,small,2019-03-31,2019Q2,2,FFR,1.9819916257618064,2.3966666666666665,-0.41467504090486007,0.05084823320993026,0.8017005806861939,1.9607942908443703,3.198168332669796,3.983500889530652
mango_rmse_random,small,2019-03-31,2019Q3,3,FFR,2.0256886692261262,2.19,-0.16431133077387372,-0.41080322730895785,0.5733192508649172,1.9835327944482724,3.500333575334958,4.529435830277437
mango_rmse_random,small,2019-03-31,2019Q4,4,FFR,2.1465445019063414,1.6433333333333333,0.5032111685730081,-0.6739905012814111,0.40948298526479204,2.1263745314129814,3.851033279673488,4.894036416649982
mango_rmse_random,small,2019-03-31,2020Q1,5,FFR,2.1494445410356136,1.26,0.8894445410356135,-1.1254907498225604,0.23279590181707496,2.0896630818275574,4.073277716224633,5.4808255202871035
mango_rmse_random,small,2019-03-31,2020Q2,6,FFR,2.090174501292516,0.06,2.030174501292516,-1.5001653769048167,-0.06972597773843946,2.1030169647368853,4.223822063832571,5.719452786866664
mango_rmse_random,small,2019-03-31,2020Q3,7,FFR,2.0906050650263865,0.09333333333333334,1.9972717316930533,-1.866109659343534,-0.2419701513907949,2.0832682481873404,4.366586802097196,5.98233899978393
mango_rmse_random,small,2019-03-31,2020Q4,8,FFR,2.133302053192007,0.09000000000000001,2.043302053192007,-2.217329447620962,-0.3877612592152906,2.237606542391161,4.647535788438485,6.392326133284141
mango_rmse_random,small,2019-03-31,2019Q1,1,GDP,984.3057569936948,984.3493940965847,-0.04363710288987477,983.0814480636906,983.5513646895186,984.2790701517683,985.0558011807955,985.6277492702636
mango_rmse_random,small,2019-03-31,2019Q2,2,GDP,984.6995928241819,985.0201484419601,-0.32055561777826824,982.6780149429981,983.4705404847026,984.6504678786655,985.9373630340741,986.7283040139484
mango_rmse_random,small,2019-03-31,2019Q3,3,GDP,985.1893754414685,985.9061780536628,-0.7168026121942148,982.5683984249058,983.5705218810426,985.1632328228029,986.8106651680293,987.814213747039
mango_rmse_random,small,2019-03-31,2019Q4,4,GDP,985.7158336394597,986.3482463840766,-0.6324127446168859,982.4601051036207,983.7673833642783,985.7162889136239,987.6251296118094,989.033041331244
mango_rmse_random,small,2019-03-31,2020Q1,5,GDP,986.1554694952218,985.1661326692149,0.9893368260069337,982.3668375650358,983.9236894418376,986.1163042509464,988.4238038872236,989.9506987921028
mango_rmse_random,small,2019-03-31,2020Q2,6,GDP,986.623319867159,976.3001287902925,10.323191076866465,982.2675987965657,984.0641932271086,986.6061044428886,989.128815759643,990.9201729960963
mango_rmse_random,small,2019-03-31,2020Q3,7,GDP,987.1114452964143,983.8614041962527,3.2500411001616385,982.3997144280457,984.1968164871482,987.0769256583573,989.9251064117775,991.9393809092467
mango_rmse_random,small,2019-03-31,2020Q4,8,GDP,987.5793806743211,984.8200081508296,2.7593725234914928,982.5163077297011,984.48156050733,987.5621387579511,990.7593159521773,992.9703213812584
mango_rmse_random,small,2019-06-30,2019Q2,1,DEFL,471.7599357924127,472.01403804243495,-0.2541022500222425,471.3465058385598,471.5027500884064,471.76048403412113,472.0102672444245,472.1749647815388
mango_rmse_random,small,2019-06-30,2019Q3,2,DEFL,472.18585746213523,472.33975673527414,-0.1538992731389044,471.45888579189676,471.7469245736544,472.19539974632323,472.61858986885346,472.9094458771098
mango_rmse_random,small,2019-06-30,2019Q4,3,DEFL,472.6349157642422,472.70603314659263,-0.07111738235045095,471.5230960133705,471.9747053551588,472.64104363740415,473.2688197697701,473.7313419985971
mango_rmse_random,small,2019-06-30,2020Q1,4,DEFL,473.07169054922343,473.1080108856083,-0.036320336384846996,471.53305395909695,472.2072261981702,473.0925861118934,473.9273764111942,474.5339386916033
mango_rmse_random,small,2019-06-30,2020Q2,5,DEFL,473.55683043439336,472.73258698908967,0.8242434453036935,471.580938733526,472.4022952633077,473.5817569693039,474.6952938073057,475.444169912367
mango_rmse_random,small,2019-06-30,2020Q3,6,DEFL,474.04387114152183,473.59440300679853,0.44946813472330405,471.63471671117134,472.59057577534026,474.0814054909548,475.4457928785469,476.33132713600344
mango_rmse_random,small,2019-06-30,2020Q4,7,DEFL,474.5540242032827,474.2250274536357,0.3289967496470467,471.594400956084,472.78277912896476,474.5888227617536,476.27759005769116,477.2932935277197
mango_rmse_random,small,2019-06-30,2021Q1,8,DEFL,475.07640686314863,475.4624139156429,-0.38600705249427847,471.5144438679982,473.0100602690682,475.12063082167947,477.15349887548695,478.36875163149546
mango_rmse_random,small,2019-06-30,2019Q2,1,FFR,2.2504654993804802,2.3966666666666665,-0.14620116728618626,1.0074693967211157,1.500840881276088,2.251756825624997,2.991259194085243,3.5048502247030573
mango_rmse_random,small,2019-06-30,2019Q3,2,FFR,2.0152875619762733,2.19,-0.1747124380237266,-0.01655910478791788,0.8319314492363565,2.0218283469864766,3.2572496216848985,4.0401819123760925
mango_rmse_random,small,2019-06-30,2019Q4,3,FFR,2.01147285839549,1.6433333333333333,0.36813952506215686,-0.3495514297552033,0.5499696405465255,2.017248652711835,3.4800825401481057,4.513560262496449
mango_rmse_random,small,2019-06-30,2020Q1,4,FFR,2.0501646394261277,1.26,0.7901646394261277,-0.7980203991699611,0.30352633642283694,2.0635290575227567,3.738699622126474,4.931406774979124
mango_rmse_random,small,2019-06-30,2020Q2,5,FFR,1.9898695385287868,0.06,1.9298695385287867,-1.1710144972624685,-0.03632683588936314,1.967189268266825,3.953613384128117,5.284060412046544
mango_rmse_random,small,2019-06-30,2020Q3,6,FFR,1.9173603300753423,0.09333333333333334,1.824026996742009,-1.6104405142427523,-0.2541541726567709,1.9081117852486598,4.0905526932249545,5.4876682983036105
mango_rmse_random,small,2019-06-30,2020Q4,7,FFR,1.8885198528089286,0.09000000000000001,1.7985198528089286,-1.9730338326828665,-0.46618687821111127,1.9156935296279232,4.206778923659719,5.769913165798762
mango_rmse_random,small,2019-06-30,2021Q1,8,FFR,1.8952842737387658,0.08,1.8152842737387658,-2.2355391540675407,-0.6963365470495372,1.9221969721712453,4.396417280883683,5.988542111670477
mango_rmse_random,small,2019-06-30,2019Q2,1,GDP,985.1503761491324,985.0201484419601,0.13022770717225285,983.922992230578,984.394322557811,985.1158277933848,985.9157869235271,986.5017916368498
mango_rmse_random,small,2019-06-30,2019Q3,2,GDP,985.5568415217467,985.9061780536628,-0.34933653191603753,983.4995428072365,984.2992716660444,985.5291867371826,986.8263118275781,987.647225851695
mango_rmse_random,small,2019-06-30,2019Q4,3,GDP,986.1125941263257,986.3482463840766,-0.23565225775087129,983.3374285102232,984.4310198409587,986.131820126478,987.7575886689666,988.8560466958622
mango_rmse_random,small,2019-06-30,2020Q1,4,GDP,986.6646475399081,985.1661326692149,1.4985148706931568,983.4336923720284,984.73188709907,986.6322977117911,988.6169466731038,989.9487886463244
mango_rmse_random,small,2019-06-30,2020Q2,5,GDP,987.173621841461,976.3001287902925,10.873493051168452,983.351038917322,984.9288921941209,987.1336396559832,989.4487065608907,991.1144401831932
mango_rmse_random,small,2019-06-30,2020Q3,6,GDP,987.6824824685746,983.8614041962527,3.82107827232187,983.2742897346878,985.1612599903092,987.7265610306968,990.1963439664172,991.9615432991401
mango_rmse_random,small,2019-06-30,2020Q4,7,GDP,988.2136159253517,984.8200081508296,3.3936077745221382,983.4381200482981,985.4150199370374,988.1462381058714,991.0786241691223,993.1118665516972
mango_rmse_random,small,2019-06-30,2021Q1,8,GDP,988.7036769706958,986.3510201204363,2.3526568502595637,983.4556320405895,985.6066356711946,988.7432172535259,991.7179593920247,993.9141600688097
mango_rmse_random,small,2019-09-30,2019Q3,1,DEFL,472.5084039346109,472.33975673527414,0.16864719933676042,472.09739302306025,472.24316554745724,472.51089231054914,472.76183585604485,472.9232722143121
mango_rmse_random,small,2019-09-30,2019Q4,2,DEFL,473.00590973504427,472.70603314659263,0.2998765884516388,472.26185597871125,472.55897023915594,473.0054346447995,473.45661697961214,473.7224917538994
mango_rmse_random,small,2019-09-30,2020Q1,3,DEFL,473.47821134777695,473.1080108856083,0.3702004621686683,472.3843126144168,472.81897437426113,473.4824716885554,474.14547543931934,474.5660360686356
mango_rmse_random,small,2019-09-30,2020Q2,4,DEFL,474.0042317687427,472.73258698908967,1.2716447796530588,472.50635072857085,473.11896889419694,474.00035383987694,474.8808870041744,475.4930916716191
mango_rmse_random,small,2019-09-30,2020Q3,5,DEFL,474.51502621611047,473.59440300679853,0.9206232093119411,472.5736172296891,473.3696847169323,474.5514290717865,475.6377303217814,476.4636320299736
mango_rmse_random,small,2019-09-30,2020Q4,6,DEFL,475.03368969258133,474.2250274536357,0.8086622389456579,472.5959903716819,473.5963807587406,475.06408782629927,476.45392352553876,477.45285572750873
mango_rmse_random,small,2019-09-30,2021Q1,7,DEFL,475.54942249473726,475.4624139156429,0.0870085790943449,472.5862157715355,473.77503585055223,475.5595939465936,477.25931112308916,478.51814248821677
mango_rmse_random,small,2019-09-30,2021Q2,8,DEFL,476.07176775190555,477.0023388948485,-0.930571142942938,472.69712312589553,473.97815169143047,476.0767035670436,478.1210782114156,479.5931510260134
mango_rmse_random,small,2019-09-30,2019Q3,1,FFR,2.3418031073476118,2.19,0.15180310734761182,1.1117283231998603,1.597921297804602,2.3580214640387407,3.0904343555207636,3.6172059792530855
mango_rmse_random,small,2019-09-30,2019Q4,2,FFR,2.4845888959922875,1.6433333333333333,0.8412555626589542,0.5188304976121048,1.2695069870645452,2.4491147953259373,3.7425398976456576,4.493602113657923
mango_rmse_random,small,2019-09-30,2020Q1,3,FFR,2.5664888670325134,1.26,1.3064888670325134,0.15384297279078404,1.156934705741709,2.5462457147935105,4.064971142371693,5.016836841556335
mango_rmse_random,small,2019-09-30,2020Q2,4,FFR,2.501341981825091,0.06,2.441341981825091,-0.2525629945424062,0.7857251911230427,2.4783001151010398,4.19780998746466,5.295352043703612
mango_rmse_random,small,2019-09-30,2020Q3,5,FFR,2.475176740827188,0.09333333333333334,2.3818434074938546,-0.6347101921470112,0.493841207131746,2.3673392993563667,4.461348082358097,5.778300963090951
mango_rmse_random,small,2019-09-30,2020Q4,6,FFR,2.489627613306581,0.09000000000000001,2.3996276133065813,-1.1277248473225296,0.32181669067647944,2.430590873628504,4.696377276468083,6.223377834514042
mango_rmse_random,small,2019-09-30,2021Q1,7,FFR,2.4526517179054315,0.08,2.3726517179054314,-1.4387588779370832,0.07886203352635904,2.4156375960090077,4.854577037337126,6.454152507487678
mango_rmse_random,small,2019-09-30,2021Q2,8,FFR,2.420985960282727,0.07,2.350985960282727,-1.7893605536764317,-0.08675475522461759,2.4017208985988985,4.920139869927474,6.552325794073221
mango_rmse_random,small,2019-09-30,2019Q3,1,GDP,985.8427805115078,985.9061780536628,-0.06339754215491666,984.6222415099556,985.0877351312953,985.8204241499777,986.5992121027772,987.1595210331557
mango_rmse_random,small,2019-09-30,2019Q4,2,GDP,986.4768334327915,986.3482463840766,0.1285870487149623,984.4611224368231,985.2437447850127,986.4338276455064,987.7277241565898,988.5197809067489
mango_rmse_random,small,2019-09-30,2020Q1,3,GDP,987.0090123038593,985.1661326692149,1.8428796346444187,984.3325412760636,985.3919971583543,986.9745915391634,988.6576894187511,989.6896275331961
mango_rmse_random,small,2019-09-30,2020Q2,4,GDP,987.5153321524425,976.3001287902925,11.215203362149964,984.2113825375876,985.5696865862583,987.4960763195172,989.5114090996137,990.7899965200586
mango_rmse_random,small,2019-09-30,2020Q3,5,GDP,988.0195791416388,983.8614041962527,4.158174945386122,984.2617931211471,985.7250533430049,987.9951551165932,990.2634872714818,991.9016767602875
mango_rmse_random,small,2019-09-30,2020Q4,6,GDP,988.5661933243636,984.8200081508296,3.746185173533945,984.1966641269735,985.9722601842575,988.6304705327738,991.0975455586017,992.804862882881
mango_rmse_random,small,2019-09-30,2021Q1,7,GDP,989.1087630874845,986.3510201204363,2.757742967048216,984.3560805320193,986.2108066503364,989.0966192244132,992.0177191527004,993.8909437681202
mango_rmse_random,small,2019-09-30,2021Q2,8,GDP,989.6213255713614,988.0436302173482,1.5776953540131444,984.4024157487547,986.5159219049642,989.6523030467201,992.7123062194735,994.8450168750076
mango_rmse_random,small,2019-12-31,2019Q4,1,DEFL,472.8929180896647,472.70603314659263,0.18688494307207293,472.49078657604105,472.6310366118392,472.8958010281426,473.14689790499256,473.3135927382263
mango_rmse_random,small,2019-12-31,2020Q1,2,DEFL,473.3179535666967,473.1080108856083,0.20994268108842107,472.5858908038644,472.86876515524847,473.3202159818833,473.758057275229,474.058080104257
mango_rmse_random,small,2019-12-31,2020Q2,3,DEFL,473.80676500337705,472.73258698908967,1.0741780142873836,472.71196788935225,473.1371018569643,473.82678528124734,474.46662265825586,474.9138422194353
mango_rmse_random,small,2019-12-31,2020Q3,4,DEFL,474.25808177761826,473.59440300679853,0.6636787708197289,472.7176900459567,473.33601149718544,474.26752109788197,475.138375141098,475.7042377806882
mango_rmse_random,small,2019-12-31,2020Q4,5,DEFL,474.7317592458059,474.2250274536357,0.5067317921702283,472.73551572584233,473.51693197380155,474.7747877411506,475.9006470184352,476.5878372489013
mango_rmse_random,small,2019-12-31,2021Q1,6,DEFL,475.20020445590285,475.4624139156429,-0.26220945974006327,472.69277957311095,473.6771897625819,475.24163108564966,476.68315030653207,477.55505398000525
mango_rmse_random,small,2019-12-31,2021Q2,7,DEFL,475.67344626305635,477.0023388948485,-1.3288926317921437,472.65792351113987,473.8195322083944,475.734956362313,477.44344623195366,478.5611622305689
mango_rmse_random,small,2019-12-31,2021Q3,8,DEFL,476.1459278405396,478.5088858165736,-2.362957976033954,472.5421289000281,473.9501985177426,476.21209667354503,478.23956641539183,479.7259046004492
mango_rmse_random,small,2019-12-31,2019Q4,1,FFR,2.353339349718882,1.6433333333333333,0.7100060163855486,1.119366144307341,1.6106100916969353,2.359846354815947,3.0921769841681286,3.5831757855736486
mango_rmse_random,small,2019-12-31,2020Q1,2,FFR,2.433139606914064,1.26,1.173139606914064,0.4760767678318494,1.2330139762072063,2.4513687824185837,3.6447154159125557,4.398339903675716
mango_rmse_random,small,2019-12-31,2020Q2,3,FFR,2.307206962784123,0.06,2.247206962784123,-0.030567605671005284,0.8189705746474578,2.270361351482536,3.819207448533154,4.787859081906591
mango_rmse_random,small,2019-12-31,2020Q3,4,FFR,2.2683449195602656,0.09333333333333334,2.1750115862269324,-0.5606070215994924,0.5229069179223905,2.242537294691392,3.988526114651041,5.119569141900273
mango_rmse_random,small,2019-12-31,2020Q4,5,FFR,2.3508041659401453,0.09000000000000001,2.2608041659401454,-0.8328456298306306,0.4209773640298957,2.2802583442451354,4.3099989448290925,5.587351739823944
mango_rmse_random,small,2019-12-31,2021Q1,6,FFR,2.344696773888392,0.08,2.264696773888392,-1.256301275212298,0.2265548320854052,2.3139375572353584,4.547359140042721,5.904648021920767
mango_rmse_random,small,2019-12-31,2021Q2,7,FFR,2.269621840174366,0.07,2.199621840174366,-1.625384011531939,0.00811145260866859,2.206916339795325,4.616171579625439,6.220902977007636
mango_rmse_random,small,2019-12-31,2021Q3,8,FFR,2.271041082194191,0.09000000000000001,2.181041082194191,-1.8777568644041143,-0.24521421185571182,2.2809579168052263,4.74881451229996,6.435490373660538
mango_rmse_random,small,2019-12-31,2019Q4,1,GDP,986.4835823663487,986.3482463840766,0.13533598227218135,985.2658484355055,985.7281361023117,986.4707649084582,987.243886858434,987.781511977032
mango_rmse_random,small,2019-12-31,2020Q1,2,GDP,987.0450604502889,985.1661326692149,1.878927781074026,985.03420657472,985.8326941210388,986.9952702911819,988.3036010053837,989.1457203845785
mango_rmse_random,small,2019-12-31,2020Q2,3,GDP,987.5614750776379,976.3001287902925,11.261346287345305,984.925390433621,985.902229011609,987.5595064114043,989.1361719131352,990.302153297293
mango_rmse_random,small,2019-12-31,2020Q3,4,GDP,988.1284243100316,983.8614041962527,4.267020113778926,984.9204162802982,986.234167598189,988.1092366866101,990.0423405133042,991.3689020036919
mango_rmse_random,small,2019-12-31,2020Q4,5,GDP,988.70329280669,984.8200081508296,3.8832846558603933,984.9532571116519,986.5127301244778,988.6803727813824,991.0182028507018,992.4488634532438
mango_rmse_random,small,2019-12-31,2021Q1,6,GDP,989.2543752428104,986.3510201204363,2.903355122374137,985.0309123210012,986.6968316468929,989.2431496047157,991.7881267536507,993.3644409919331
mango_rmse_random,small,2019-12-31,2021Q2,7,GDP,989.8094064431822,988.0436302173482,1.7657762258339744,985.208904648279,986.8615378571145,989.7616933719105,992.620323918037,994.4174745667416
mango_rmse_random,small,2019-12-31,2021Q3,8,GDP,990.3475992842849,988.6981778641465,1.6494214201384239,985.2680347659766,987.2578619867363,990.3882546656433,993.3519132733561,995.3963349397616
