strategy,model_size,forecast_origin,target_quarter,horizon_quarters,variable,mean,actual,error,p05,p16,median,p84,p95
paper,small,2000-03-31,2000Q1,1,DEFL,466.031266757448,434.80173185711334,31.22953490033467,465.5988238615078,465.7713621539284,466.03079540403246,466.2895164078883,466.4634266823579
paper,small,2000-03-31,2000Q2,2,DEFL,466.47324550979016,435.4231401429961,31.05010536679407,465.6754010824665,465.99391044751593,466.4726271121774,466.9529895832919,467.2699040356945
paper,small,2000-03-31,2000Q3,3,DEFL,466.9604266817703,436.0074949806811,30.9529317010892,465.76948683359865,466.2424670673324,466.9600749132902,467.67471257847285,468.15250272104987
paper,small,2000-03-31,2000Q4,4,DEFL,467.4754558446153,436.5490666033782,30.926389241237075,465.8319228850173,466.48466906426665,467.47454225270735,468.4786006293774,469.1263007134618
paper,small,2000-03-31,2001Q1,5,DEFL,467.9882421508351,437.2026802595548,30.78556189128028,465.82872032024375,466.67883852932545,467.9905082246772,469.30271253758326,470.16057314118757
paper,small,2000-03-31,2001Q2,6,DEFL,468.50907897454266,437.8056263169986,30.703452657544062,465.7755505898863,466.85435170109855,468.5124353783421,470.1612691636559,471.2487565557127
paper,small,2000-03-31,2001Q3,7,DEFL,469.0393477135939,438.197663342384,30.841684371209908,465.7046865012451,467.01897978980725,469.0408404810275,471.05102074006135,472.3666450782815
paper,small,2000-03-31,2001Q4,8,DEFL,469.57255632101914,438.50844547731197,31.06411084370717,465.58038365486783,467.19385260765534,469.5791294529969,471.9420372618304,473.52399571694815
paper,small,2000-03-31,2000Q1,1,FFR,5.458504326881582,5.676666666666667,-0.21816233978508492,3.90052638395588,4.501659593587938,5.462215835361886,6.396043625041051,7.023106926809923
paper,small,2000-03-31,2000Q2,2,FFR,5.639662099941918,6.273333333333333,-0.6336712333914152,3.297305707730202,4.211662216791803,5.6333778748598755,7.076889917499416,8.000928862499107
paper,small,2000-03-31,2000Q3,3,FFR,5.726557984000774,6.52,-0.7934420159992257,2.839081387907974,3.9855043962774697,5.728437802328106,7.45910377191965,8.633274009379845
paper,small,2000-03-31,2000Q4,4,FFR,5.719738202513411,6.473333333333334,-0.7535951308199227,2.440507555549439,3.729988051686714,5.710025511319844,7.736690438682706,9.059334562372255
paper,small,2000-03-31,2001Q1,5,FFR,5.725317654347077,5.593333333333334,0.1319843210137437,2.075234300415399,3.5319884862912763,5.690980814295116,7.953532339021207,9.456310467183831
paper,small,2000-03-31,2001Q2,6,FFR,5.724604157532584,4.326666666666667,1.3979374908659166,1.7561457484396188,3.3371277888940534,5.717101197682329,8.106987437105746,9.730579639228992
paper,small,2000-03-31,2001Q3,7,FFR,5.695495063302102,3.4966666666666666,2.198828396635436,1.4953012913761816,3.143219592906915,5.687401224439376,8.208652083209094,9.952510359898808
paper,small,2000-03-31,2001Q4,8,FFR,5.66799675878041,2.1333333333333333,3.5346634254470763,1.2367219128816491,2.992123268717435,5.665684558923563,8.320206354694392,10.151664994749867
paper,small,2000-03-31,2000Q1,1,GDP,911.9503148441564,946.771157645587,-34.82084280143056,910.6553063338976,911.1671494207735,911.950050681105,912.7397247604431,913.2448943500813
paper,small,2000-03-31,2000Q2,2,GDP,912.9761277053593,948.5753664798251,-35.59923877446579,910.9776938054878,911.7724890144698,912.9891753246532,914.1806779057556,914.9687634013234
paper,small,2000-03-31,2000Q3,3,GDP,913.9316323284568,948.6750908667843,-34.74345853832756,911.293552604209,912.3433838409247,913.931609249462,915.5359446742345,916.5845056421016
paper,small,2000-03-31,2000Q4,4,GDP,914.8516272422096,949.2676932603196,-34.41606601810997,911.6306889372213,912.9165531330265,914.8576328425452,916.7752834635319,918.0387209532831
paper,small,2000-03-31,2001Q1,5,GDP,915.7531901279115,948.9429455219695,-33.18975539405801,911.9897025876713,913.4904322843508,915.7677116756909,917.9961838674958,919.5050693432487
paper,small,2000-03-31,2001Q2,6,GDP,916.6614900754405,949.5624120747524,-32.90092199931189,912.4510049640257,914.1216102824275,916.6661544213864,919.1938676348495,920.8616124371091
paper,small,2000-03-31,2001Q3,7,GDP,917.5783230790405,949.1612595166631,-31.582936437622607,912.9471426890575,914.7697119524638,917.5763353886585,920.4053173854986,922.2416859851652
paper,small,2000-03-31,2001Q4,8,GDP,918.4949122727429,949.4381900682963,-30.9432777955534,913.4070309865426,915.4363359339136,918.4996310583819,921.5723191029035,923.6072523651201
paper,small,2000-06-30,2000Q2,1,DEFL,466.92248373889987,435.4231401429961,31.49934359590378,466.45931883583404,466.6418090586323,466.9222760536792,467.2030976624778,467.3903267427285
paper,small,2000-06-30,2000Q3,2,DEFL,467.5729172293654,436.0074949806811,31.565422248684285,466.7413663507186,467.0709014026271,467.5729632887048,468.07226321961235,468.4119287881047
paper,small,2000-06-30,2000Q4,3,DEFL,468.2690144291713,436.5490666033782,31.7199478257931,467.02147935814975,467.51367167930186,468.2695738173343,469.0161189645185,469.51407567458347
paper,small,2000-06-30,2001Q1,4,DEFL,468.9862016461224,437.2026802595548,31.7835213865676,467.2627321355219,467.95650542102874,468.9925492627393,470.0162911509343,470.7111581347333
paper,small,2000-06-30,2001Q2,5,DEFL,469.6951473993446,437.8056263169986,31.889521082345993,467.433901169816,468.3477762716842,469.6953700879144,471.05334286562464,471.94992294391636
paper,small,2000-06-30,2001Q3,6,DEFL,470.410647113845,438.197663342384,32.21298377146104,467.60217545949865,468.71574499051854,470.40880186524925,472.10286514272366,473.2400883264603
paper,small,2000-06-30,2001Q4,7,DEFL,471.12879405693946,438.50844547731197,32.62034857962749,467.67720573253405,469.0891291588885,471.1207485451844,473.1915251194247,474.59730386851277
paper,small,2000-06-30,2002Q1,8,DEFL,471.8437386879776,438.83068726310324,33.013051424874334,467.7761724711873,469.4237706697419,471.8289883240279,474.28103801045165,475.97929671973264
paper,small,2000-06-30,2000Q2,1,FFR,6.016550100923876,6.273333333333333,-0.25678323240945744,4.539931290449527,5.130273862476288,6.016800041538922,6.905648393375335,7.488738325314378
paper,small,2000-06-30,2000Q3,2,FFR,6.252131362633067,6.52,-0.26786863736693256,4.02022520996164,4.911688896942226,6.239034574372246,7.601930132222845,8.512000546042112
paper,small,2000-06-30,2000Q4,3,FFR,6.288255622924173,6.473333333333334,-0.18507771040916055,3.537227143653657,4.629198720707997,6.284644181937697,7.950701175842587,9.060657022601836
paper,small,2000-06-30,2001Q1,4,FFR,6.258637401382897,5.593333333333334,0.6653040680495632,3.089434964624924,4.353829736271556,6.23916549276164,8.19067092477531,9.418757977933064
paper,small,2000-06-30,2001Q2,5,FFR,6.249371785678525,4.326666666666667,1.9227051190118578,2.7019282322484153,4.1308144613147135,6.240254893162277,8.377950350031755,9.786953077598637
paper,small,2000-06-30,2001Q3,6,FFR,6.226015824935017,3.4966666666666666,2.72934915826835,2.394864939043112,3.9364473980621244,6.224524738262248,8.523892688501864,10.07747828231283
paper,small,2000-06-30,2001Q4,7,FFR,6.189127778262051,2.1333333333333333,4.055794444928718,2.076860067293067,3.749905623559953,6.171985542331534,8.607689861888293,10.287475641875947
paper,small,2000-06-30,2002Q1,8,FFR,6.15675850190498,1.7333333333333334,4.423425168571646,1.8680719929274645,3.6328696823049813,6.139431382690708,8.658034623523678,10.468435902177303
paper,small,2000-06-30,2000Q2,1,GDP,913.3505014715139,948.5753664798251,-35.22486500831121,911.9540118435718,912.5021514733853,913.3496606081262,914.2057485800041,914.7486450106423
paper,small,2000-06-30,2000Q3,2,GDP,914.295126866108,948.6750908667843,-34.379964000676296,912.1390713884615,912.9696926971121,914.2803680700565,915.6273188366484,916.4977822963458
paper,small,2000-06-30,2000Q4,3,GDP,915.117496478642,949.2676932603196,-34.15019678167755,912.2629558157587,913.3633665540946,915.1070214864707,916.8532007131895,918.0224841680199
paper,small,2000-06-30,2001Q1,4,GDP,915.9019222865059,948.9429455219695,-33.041023235463626,912.4669602460302,913.7701515555689,915.9040154295142,917.9877401239692,919.3990880718942
paper,small,2000-06-30,2001Q2,5,GDP,916.7183056611537,949.5624120747524,-32.84410641359864,912.6980988555201,914.316572915067,916.6915155853577,919.1465767246982,920.7662532224202
paper,small,2000-06-30,2001Q3,6,GDP,917.561837878216,949.1612595166631,-31.599421638447097,913.0269074504512,914.8534535411598,917.553065719766,920.266581481594,922.0936971458251
paper,small,2000-06-30,2001Q4,7,GDP,918.415322949818,949.4381900682963,-31.022867118478302,913.4974505466577,915.4359721581001,918.3978008587367,921.3763166987685,923.4028844571144
paper,small,2000-06-30,2002Q1,8,GDP,919.2896938320044,950.2630063031164,-30.973312471111967,913.8987415332708,916.0552048564585,919.2670771392784,922.5136630904288,924.6720516019632
paper,small,2000-09-30,2000Q3,1,DEFL,467.6926296378742,436.0074949806811,31.68513465719309,467.21504854128676,467.41038481935107,467.69218704076286,467.97284777732943,468.1659584665248
paper,small,2000-09-30,2000Q4,2,DEFL,468.3974059847619,436.5490666033782,31.84833938138371,467.5518397872597,467.89347756690165,468.40021032363165,468.901645571864,469.23460635504546
paper,small,2000-09-30,2001Q1,3,DEFL,469.13922896856815,437.2026802595548,31.936548709013323,467.8933322995775,468.382001279655,469.1375156848924,469.8971807131446,470.406669312118
paper,small,2000-09-30,2001Q2,4,DEFL,469.8740319187326,437.8056263169986,32.068405601734014,468.1653495299163,468.82948255999963,469.87657408080577,470.9006581763439,471.6064333612782
paper,small,2000-09-30,2001Q3,5,DEFL,470.6153997795339,438.197663342384,32.41773643714993,468.3516224751528,469.24633622525084,470.61646955767594,471.9578346527917,472.8743095164821
paper,small,2000-09-30,2001Q4,6,DEFL,471.34911032203473,438.50844547731197,32.84066484472277,468.5421889744394,469.6349247136726,471.3515872427391,473.04850372225803,474.2078287246854
paper,small,2000-09-30,2002Q1,7,DEFL,472.0852795640029,438.83068726310324,33.254592300899674,468.62364251348197,470.0187304303113,472.08268399833565,474.15547355260117,475.55132624360147
paper,small,2000-09-30,2002Q2,8,DEFL,472.8194371394461,439.17665473510937,33.64278240433674,468.72093984592067,470.3706606956721,472.82194573352615,475.27040486393406,476.91534773534784
paper,small,2000-09-30,2000Q3,1,FFR,6.609335267818135,6.52,0.08933526781813583,5.135192831532599,5.718457657191845,6.609290866411122,7.502394579056364,8.094728019681664
paper,small,2000-09-30,2000Q4,2,FFR,6.656846598815865,6.473333333333334,0.18351326548253155,4.3922611591823815,5.293520521940051,6.6584771467786155,8.01667966987507,8.931269542496077
paper,small,2000-09-30,2001Q1,3,FFR,6.597132499304052,5.593333333333334,1.003799165970718,3.8312521224749156,4.926200622142384,6.587516337368671,8.23995774338894,9.336321612617038
paper,small,2000-09-30,2001Q2,4,FFR,6.5799344925482375,4.326666666666667,2.2532678258815704,3.4018482218593946,4.663483578321008,6.56839441502025,8.467574615883674,9.796798337837654
paper,small,2000-09-30,2001Q3,5,FFR,6.535402675663293,3.4966666666666666,3.038736008996626,2.9923915416043023,4.404583422084993,6.5032459192652015,8.671945077542146,10.12623104981903
paper,small,2000-09-30,2001Q4,6,FFR,6.460040525664092,2.1333333333333333,4.326707192330758,2.6250764083573697,4.157502773781759,6.430849838934399,8.772742376422617,10.334575476659163
paper,small,2000-09-30,2002Q1,7,FFR,6.409213823478394,1.7333333333333334,4.675880490145061,2.381648926845086,3.9530281160776566,6.379241031907146,8.838355372848252,10.548160952481139
paper,small,2000-09-30,2002Q2,8,FFR,6.378643031332025,1.75,4.628643031332025,2.125427500369459,3.8007555145771517,6.350604248667317,8.945957748410047,10.708830746812982
paper,small,2000-09-30,2000Q3,1,GDP,914.979612548364,948.6750908667843,-33.69547831842033,913.576526041737,914.1319964535569,914.9752851824317,915.8265396196438,916.3857433283375
paper,small,2000-09-30,2000Q4,2,GDP,915.7502683109617,949.2676932603196,-33.51742494935786,913.5299085199034,914.4249716513285,915.7456595239091,917.0679035334055,917.9556933586837
paper,small,2000-09-30,2001Q1,3,GDP,916.4856582694841,948.9429455219695,-32.457287252485344,913.5540893858698,914.7528671697784,916.4941962185619,918.2311632080514,919.3715254518543
paper,small,2000-09-30,2001Q2,4,GDP,917.2452423238603,949.5624120747524,-32.31716975089205,913.7627944818008,915.111816093171,917.2548701981873,919.3624688928813,920.7384713717241
paper,small,2000-09-30,2001Q3,5,GDP,918.0444669721294,949.1612595166631,-31.116792544533723,913.9924350471624,915.6129627470193,918.0368367782935,920.4891051061951,922.0851375672024
paper,small,2000-09-30,2001Q4,6,GDP,918.8682515636142,949.4381900682963,-30.569938504682113,914.3611650531012,916.1329330110509,918.8935867951844,921.569375203497,923.4249763382345
paper,small,2000-09-30,2002Q1,7,GDP,919.7158046095237,950.2630063031164,-30.547201693592683,914.7175274876083,916.7133967241657,919.7309277141344,922.6812640188276,924.6913841661963
paper,small,2000-09-30,2002Q2,8,GDP,920.5790564018741,950.8766222794621,-30.297565877588,915.129724466577,917.3526429898834,920.5808498867742,923.7823650251801,925.951135820416
paper,small,2000-12-31,2000Q4,1,DEFL,468.01369271839906,436.5490666033782,31.46462611502085,467.53873021324546,467.72845856196335,468.0131069327505,468.2947363647477,468.4857395062741
paper,small,2000-12-31,2001Q1,2,DEFL,468.62328335695577,437.2026802595548,31.420603097400942,467.7773699766039,468.1142958646678,468.62759308827947,469.1230522529019,469.4574301101862
paper,small,2000-12-31,2001Q2,3,DEFL,469.2089345022318,437.8056263169986,31.403308185233186,467.96449169106086,468.44684774111465,469.2208387043247,469.9618512641609,470.44746846456786
paper,small,2000-12-31,2001Q3,4,DEFL,469.77359314749,438.197663342384,31.575929805106,468.05829778604027,468.73254335019067,469.78403195349364,470.8082748602569,471.45696882680977
paper,small,2000-12-31,2001Q4,5,DEFL,470.3519107594873,438.50844547731197,31.843465282175316,468.0856413384807,468.99728775081,470.36363314866867,471.6970316861209,472.56275643236245
paper,small,2000-12-31,2002Q1,6,DEFL,470.93068783775067,438.83068726310324,32.100000574647424,468.0756826439376,469.2395116660216,470.9428984593459,472.6304061898648,473.7103350076987
paper,small,2000-12-31,2002Q2,7,DEFL,471.51236785031864,439.17665473510937,32.33571311520927,468.05702903489527,469.4430634091742,471.5260486646938,473.5771198630591,474.8848302917255
paper,small,2000-12-31,2002Q3,8,DEFL,472.1033079219684,439.65703601147226,32.44627191049614,468.00752127938154,469.66639513157696,472.12243998865625,474.5623370414147,476.14155975986887
paper,small,2000-12-31,2000Q4,1,FFR,6.326726423698089,6.473333333333334,-0.1466069096352447,4.882329853211111,5.451956422041859,6.327351589681292,7.194139637508252,7.773907912665562
paper,small,2000-12-31,2001Q1,2,FFR,6.062950381173264,5.593333333333334,0.46961704783993063,3.848620867811579,4.745434062419042,6.060698951373004,7.383796727713178,8.264666079616475
paper,small,2000-12-31,2001Q2,3,FFR,5.988713606867015,4.326666666666667,1.662046940200348,3.27647262471199,4.356752666451999,5.992239891283102,7.621429342203827,8.72455826795878
paper,small,2000-12-31,2001Q3,4,FFR,5.954899756984095,3.4966666666666666,2.4582330903174285,2.859715774360748,4.065018079241366,5.95243153952634,7.846668650765156,9.107994342319373
paper,small,2000-12-31,2001Q4,5,FFR,5.87175365876919,2.1333333333333333,3.738420325435857,2.3999767382446215,3.7816117744594417,5.88142301734884,7.963725074668779,9.371092477654823
paper,small,2000-12-31,2002Q1,6,FFR,5.795321009775896,1.7333333333333334,4.061987676442563,2.0287015270672897,3.520965755528046,5.7822316207347715,8.089325590923343,9.591310530496315
paper,small,2000-12-31,2002Q2,7,FFR,5.765884933842701,1.75,4.015884933842701,1.7657595957414383,3.3571143540236945,5.758670998948008,8.174831284256873,9.778652079957709
paper,small,2000-12-31,2002Q3,8,FFR,5.751430384002703,1.74,4.011430384002702,1.4969808597809326,3.209008481001931,5.739144174483378,8.27368328700573,10.006784507291153
paper,small,2000-12-31,2000Q4,1,GDP,915.1553420493672,949.2676932603196,-34.1123512109524,913.7713680174112,914.3143703231299,915.1590646150416,915.9982455805063,916.5532037869647
paper,small,2000-12-31,2001Q1,2,GDP,915.806473713257,948.9429455219695,-33.136471808712486,913.6553075182704,914.4975709697276,915.8061850775084,917.1087115048076,917.9685585705381
paper,small,2000-12-31,2001Q2,3,GDP,916.6169787107328,949.5624120747524,-32.94543336401955,913.7486180975133,914.9076783851358,916.6160232847249,918.3493200131559,919.4837410251038
paper,small,2000-12-31,2001Q3,4,GDP,917.4997065917369,949.1612595166631,-31.66155292492624,913.9816030564781,915.4037859494083,917.4943401846858,919.6151775199203,921.0403098291894
paper,small,2000-12-31,2001Q4,5,GDP,918.3994937319645,949.4381900682963,-31.038696336331782,914.3064496122123,915.9445415116294,918.4019750537191,920.8513630952066,922.4536129386371
paper,small,2000-12-31,2002Q1,6,GDP,919.3068433636622,950.2630063031164,-30.956162939454202,914.7237370139627,916.5920014762174,919.2928604962913,922.0485291937431,923.8634600901913
paper,small,2000-12-31,2002Q2,7,GDP,920.2151591824021,950.8766222794621,-30.66146309706005,915.2679071598386,917.226166585289,920.2109946282839,923.2292858143201,925.224521417555
paper,small,2000-12-31,2002Q3,8,GDP,921.1314978906661,951.2793389900701,-30.14784109940399,915.7570801704373,917.9052962919616,921.1308711613226,924.4060544938858,926.4964190405124
paper,small,2001-03-31,2001Q1,1,DEFL,468.48816254855626,437.2026802595548,31.285482289001436,468.0247390059188,468.20894089844745,468.4862095338019,468.7669224170196,468.95493321090436
paper,small,2001-03-31,2001Q2,2,DEFL,469.0259083017506,437.8056263169986,31.220281984751978,468.19146192658224,468.5249446227763,469.0237918250309,469.5308166339937,469.84962634061407
paper,small,2001-03-31,2001Q3,3,DEFL,469.5320626696584,438.197663342384,31.33439932727441,468.28499591674944,468.7807777080183,469.53316912818184,470.2785981609155,470.7727633157723
paper,small,2001-03-31,2001Q4,4,DEFL,470.0422664442326,438.50844547731197,31.533820966920644,468.31906884850343,469.0098646799682,470.043845844458,471.0794840910421,471.74388979460946
paper,small,2001-03-31,2002Q1,5,DEFL,470.55383901624054,438.83068726310324,31.7231517531373,468.2816291742305,469.19641345567635,470.56725865465415,471.9090291719999,472.7763950035208
paper,small,2001-03-31,2002Q2,6,DEFL,471.0664367400109,439.17665473510937,31.88978200490152,468.2101155668137,469.34855954641955,471.08675802040096,472.764869458513,473.843816024104
paper,small,2001-03-31,2002Q3,7,DEFL,471.5895989027586,439.65703601147226,31.932562891286352,468.13168864976166,469.5071459441078,471.620003160379,473.66072747683427,474.9824344190082
paper,small,2001-03-31,2002Q4,8,DEFL,472.1241754654426,440.229483984637,31.89469148080559,467.9946134145314,469.668139206244,472.1646183077469,474.5856219076142,476.15527009855737
paper,small,2001-03-31,2001Q1,1,FFR,6.072725974949594,5.593333333333334,0.4793926416162604,4.617139018831696,5.189596712209072,6.071800360277765,6.9592538455856605,7.533268702853025
paper,small,2001-03-31,2001Q2,2,FFR,5.829135495817568,4.326666666666667,1.5024688291509012,3.624290660645213,4.498272482866678,5.820351029248804,7.160569581356315,8.048487155149322
paper,small,2001-03-31,2001Q3,3,FFR,5.745895692021569,3.4966666666666666,2.2492290253549023,3.032567778353573,4.114468717056711,5.7231950589197185,7.395189075849063,8.485824580059509
paper,small,2001-03-31,2001Q4,4,FFR,5.642452496252769,2.1333333333333333,3.509119162919436,2.490643103639561,3.743981009268381,5.635161088417051,7.544144695394507,8.826900922985176
paper,small,2001-03-31,2002Q1,5,FFR,5.554818187850214,1.7333333333333334,3.8214848545168802,2.048399620064687,3.469762107704445,5.543168020519585,7.658028421067378,9.052314242373905
paper,small,2001-03-31,2002Q2,6,FFR,5.536047214661656,1.75,3.7860472146616564,1.7420869702807058,3.2511936477525656,5.537007555458056,7.805922348116569,9.349593577263684
paper,small,2001-03-31,2002Q3,7,FFR,5.548808854570226,1.74,3.808808854570226,1.4505026294550596,3.1103194528077918,5.583019448159989,7.980190382498485,9.58234140094343
paper,small,2001-03-31,2002Q4,8,FFR,5.546040408617464,1.4433333333333334,4.102707075284131,1.2570771331165216,2.974591999705133,5.557707993539063,8.091947307503924,9.745644683922057
paper,small,2001-03-31,2001Q1,1,GDP,915.3274056424718,948.9429455219695,-33.615539879497646,913.9230505388581,914.4822043612237,915.3250921980263,916.1681822541302,916.7335625430198
paper,small,2001-03-31,2001Q2,2,GDP,916.0103098518033,949.5624120747524,-33.55210222294909,913.8348175524686,914.6917870739665,916.0007657706687,917.3202156970209,918.1899145012503
paper,small,2001-03-31,2001Q3,3,GDP,916.8687052071864,949.1612595166631,-32.292554309476714,913.9708755809913,915.1314248698279,916.8628838271212,918.6088766739754,919.736354913373
paper,small,2001-03-31,2001Q4,4,GDP,917.7813312890356,949.4381900682963,-31.656858779260688,914.2630547506034,915.6988928171326,917.7772437288397,919.8977390173359,921.2372807714814
paper,small,2001-03-31,2002Q1,5,GDP,918.7291339172793,950.2630063031164,-31.53387238583707,914.6582229780846,916.3042362288477,918.7766128007547,921.1505315632752,922.7235425902553
paper,small,2001-03-31,2002Q2,6,GDP,919.6835684541602,950.8766222794621,-31.193053825301945,915.1072053352174,916.9613807151313,919.7308686720049,922.3973311632548,924.153805696436
paper,small,2001-03-31,2002Q3,7,GDP,920.6473294436286,951.2793389900701,-30.63200954644151,915.5851374576588,917.6655558925746,920.6610648371803,923.6242809724677,925.5918292947588
paper,small,2001-03-31,2002Q4,8,GDP,921.5895645259021,951.4099094767561,-29.82034495085395,916.1307491751485,918.377613392652,921.622998245402,924.8079143823074,926.9723553223605
paper,small,2001-06-30,2001Q2,1,DEFL,469.30222351536156,437.8056263169986,31.496597198362963,468.82566504537203,469.01950264251917,469.3011918394734,469.5867751087133,469.7774073171984
paper,small,2001-06-30,2001Q3,2,DEFL,469.8845930978963,438.197663342384,31.686929755512324,469.0474465968864,469.38168303830054,469.88635713366943,470.38554474146366,470.72475898368117
paper,small,2001-06-30,2001Q4,3,DEFL,470.46908939398304,438.50844547731197,31.960643916671074,469.21924254224626,469.7203214553804,470.46906563183666,471.22518054545344,471.7003290494912
paper,small,2001-06-30,2002Q1,4,DEFL,471.0669152847021,438.83068726310324,32.23622802159883,469.347629144085,470.04092322516624,471.0748683097197,472.0897546647701,472.7500927000336
paper,small,2001-06-30,2002Q2,5,DEFL,471.664545102475,439.17665473510937,32.48789036736565,469.3963212519027,470.3257912803167,471.67741151945904,473.0231058427092,473.8729705816535
paper,small,2001-06-30,2002Q3,6,DEFL,472.2776992096301,439.65703601147226,32.62066319815784,469.4281421832443,470.5988412370113,472.29103404425877,473.9695565910371,475.0385416858694
paper,small,2001-06-30,2002Q4,7,DEFL,472.8986900510521,440.229483984637,32.669206066415086,469.4262241576629,470.85441671752784,472.9073330601626,474.9694321714887,476.2397476658799
paper,small,2001-06-30,2003Q1,8,DEFL,473.528027764028,440.72678772271144,32.80124004131659,469.4388875675561,471.10440098371316,473.54179614697506,475.9775632377872,477.492663270846
paper,small,2001-06-30,2001Q2,1,FFR,5.345771062479447,4.326666666666667,1.0191043958127795,3.873917061759027,4.45801539162827,5.345387957749184,6.237325139295932,6.8050623755571875
paper,small,2001-06-30,2001Q3,2,FFR,5.432904891482035,3.4966666666666666,1.936238224815368,3.2232196276965444,4.091331938787432,5.42115174730984,6.776505013943752,7.642997234627557
paper,small,2001-06-30,2001Q4,3,FFR,5.408645083214134,2.1333333333333333,3.275311749880801,2.6725783278675195,3.78874899032487,5.408326537109671,7.0662056706565775,8.115716338120441
paper,small,2001-06-30,2002Q1,4,FFR,5.3084422468038355,1.7333333333333334,3.575108913470502,2.1709033473990766,3.440873702664816,5.312556369247039,7.200109880491837,8.431638778857657
paper,small,2001-06-30,2002Q2,5,FFR,5.33917063066868,1.75,3.58917063066868,1.8241997088881976,3.2295215958748322,5.343428531973651,7.4338898086560405,8.817455433470599
paper,small,2001-06-30,2002Q3,6,FFR,5.417380079033035,1.74,3.6773800790330347,1.6040788097218632,3.1563417712425585,5.438186978881772,7.676262662315127,9.180994527171146
paper,small,2001-06-30,2002Q4,7,FFR,5.459334132764734,1.4433333333333334,4.0160007994314,1.4422975086179934,3.0619518019879677,5.452528738077765,7.842451276270451,9.441884332299521
paper,small,2001-06-30,2003Q1,8,FFR,5.479421626679087,1.25,4.229421626679087,1.2422493549135216,2.9702476886462206,5.505478556241047,7.977658632047857,9.605776291528446
paper,small,2001-06-30,2001Q2,1,GDP,915.797700804915,949.5624120747524,-33.764711269837335,914.4126178048424,914.9554921270125,915.7880290266137,916.6449063312949,917.2055405363661
paper,small,2001-06-30,2001Q3,2,GDP,916.7973343521438,949.1612595166631,-32.36392516451929,914.6443564815183,915.4865083469178,916.7885476312889,918.1102973942625,918.9893906181038
paper,small,2001-06-30,2001Q4,3,GDP,917.7492121604886,949.4381900682963,-31.688977907807725,914.8890452780556,916.0243815951474,917.7585845943282,919.4692997626776,920.62551456183
paper,small,2001-06-30,2002Q1,4,GDP,918.7151192317219,950.2630063031164,-31.547887071394484,915.2657128043851,916.6197101698112,918.7173611058706,920.7841097279172,922.1809798703497
paper,small,2001-06-30,2002Q2,5,GDP,919.6815637930727,950.8766222794621,-31.195058486389485,915.7216605777427,917.3353464861011,919.6891903915707,922.0529514408823,923.6543029380348
paper,small,2001-06-30,2002Q3,6,GDP,920.6273920744247,951.2793389900701,-30.65194691564534,916.1748332458084,917.9731609263293,920.6354285598917,923.2968764367879,925.097932760423
paper,small,2001-06-30,2002Q4,7,GDP,921.5627507240349,951.4099094767561,-29.847158752721157,916.6743839542019,918.6258821729806,921.5798930260869,924.4735440193587,926.4460506136497
paper,small,2001-06-30,2003Q1,8,GDP,922.470948818344,951.9253022305498,-29.45435341220582,917.1329621917367,919.2805282245099,922.4927019859148,925.6547912527301,927.8070478218316
paper,small,2001-09-30,2001Q3,1,DEFL,469.8110935502768,438.197663342384,31.613430207892804,469.34830158776384,469.5269691239577,469.8110980734184,470.09655151633393,470.2728937518481
paper,small,2001-09-30,2001Q4,2,DEFL,470.30649445891174,438.50844547731197,31.798048981599777,469.4702931937395,469.8106868895787,470.3073267366966,470.80537657848055,471.1398245859959
paper,small,2001-09-30,2002Q1,3,DEFL,470.806810604229,438.83068726310324,31.976123341125742,469.5660346308026,470.0574578529258,470.8105467661587,471.55870121101543,472.04117200704775
paper,small,2001-09-30,2002Q2,4,DEFL,471.276624959023,439.17665473510937,32.09997022391366,469.5694766928119,470.25154280658774,471.2751728206839,472.31016731798013,472.96501890660755
paper,small,2001-09-30,2002Q3,5,DEFL,471.7870218156837,439.65703601147226,32.12998580421146,469.5630067565124,470.448778836627,471.790298339473,473.12757514632574,474.01429466549877
paper,small,2001-09-30,2002Q4,6,DEFL,472.3243561483087,440.229483984637,32.09487216367171,469.53914918583473,470.6366536862074,472.32524834667544,474.0060510514787,475.13203174324923
paper,small,2001-09-30,2003Q1,7,DEFL,472.87831278076686,440.72678772271144,32.15152505805543,469.4801226394943,470.8409278680651,472.86830078175615,474.94459626809123,476.27793856290174
paper,small,2001-09-30,2003Q2,8,DEFL,473.4450189015451,441.0711268533791,32.373892048166,469.40369201462664,471.02634522182774,473.4338900382712,475.8940589138437,477.491646453428
paper,small,2001-09-30,2001Q3,1,FFR,4.1984526011553625,3.4966666666666666,0.7017859344886959,2.7113968030988196,3.302982485485375,4.208331381571785,5.080636525560183,5.6742167935139
paper,small,2001-09-30,2001Q4,2,FFR,4.237998755242986,2.1333333333333333,2.1046654219096523,2.000278202022339,2.8717853597632326,4.2454088225289786,5.591662763694223,6.496091733233084
paper,small,2001-09-30,2002Q1,3,FFR,4.1593940762993675,1.7333333333333334,2.426060742966034,1.4245852309711469,2.491796731836915,4.165801174348752,5.814511008064212,6.894966672186265
paper,small,2001-09-30,2002Q2,4,FFR,4.208786605368385,1.75,2.4587866053683847,1.0258712844761477,2.2877918893022886,4.223625132099902,6.109254561902468,7.360402713821618
paper,small,2001-09-30,2002Q3,5,FFR,4.372484085077636,1.74,2.6324840850776354,0.7920617486096404,2.2191155840216696,4.398236688743067,6.506978027517678,7.842655888550306
paper,small,2001-09-30,2002Q4,6,FFR,4.495156052621067,1.4433333333333334,3.051822719287734,0.669029616346759,2.167377615603114,4.5113524871979305,6.798229483093502,8.29196604438604
paper,small,2001-09-30,2003Q1,7,FFR,4.571225023773955,1.25,3.3212250237739553,0.4232987982839854,2.1060496089197445,4.596936054692719,7.028653273137775,8.567907714770692
paper,small,2001-09-30,2003Q2,8,FFR,4.668260571319224,1.2466666666666668,3.421593904652557,0.3465728360683589,2.100528733728347,4.690298815963863,7.230020106901942,8.866596058288097
paper,small,2001-09-30,2001Q3,1,GDP,915.1389072993189,949.1612595166631,-34.02235221734418,913.7312183489314,914.2953914345621,915.1343777666091,915.9839440213337,916.5361201670255
paper,small,2001-09-30,2001Q4,2,GDP,916.2630478599824,949.4381900682963,-33.1751422083139,914.0696565379656,914.960387237073,916.2642650827124,917.575403040425,918.4206501649917
paper,small,2001-09-30,2002Q1,3,GDP,917.3737144629073,950.2630063031164,-32.889291840209125,914.499640412822,915.6550039382591,917.3617746128834,919.1104526519697,920.2063769772872
paper,small,2001-09-30,2002Q2,4,GDP,918.498442899113,950.8766222794621,-32.37817938034914,915.0220376314699,916.3975556180746,918.4968385121039,920.6037575196493,922.0226348415414
paper,small,2001-09-30,2002Q3,5,GDP,919.5388239739162,951.2793389900701,-31.740515016153836,915.5207461249425,917.1120555574903,919.5393219897685,921.9461883822353,923.5977016957743
paper,small,2001-09-30,2002Q4,6,GDP,920.5303378736012,951.4099094767561,-30.879571603154886,916.0895966932312,917.8144539368437,920.5474096025285,923.2400738060439,925.0476217498887
paper,small,2001-09-30,2003Q1,7,GDP,921.4863048079774,951.9253022305498,-30.43899742257247,916.6045464131068,918.5306837149082,921.4890941449116,924.4358780586479,926.4684608444263
paper,small,2001-09-30,2003Q2,8,GDP,922.4188184605907,952.8147130216528,-30.39589456106205,917.114807613734,919.2399567954435,922.3898870503078,925.6027376269278,927.7746894551672
paper,small,2001-12-31,2001Q4,1,DEFL,470.37080078870554,438.50844547731197,31.86235531139357,469.90552741223695,470.0918251235579,470.3696056824689,470.64999726427334,470.83974194289334
paper,small,2001-12-31,2002Q1,2,DEFL,470.86295168072655,438.83068726310324,32.03226441762331,470.0320629513733,470.3612829625341,470.86117931646163,471.36357159842424,471.69937179352894
paper,small,2001-12-31,2002Q2,3,DEFL,471.3058256519555,439.17665473510937,32.129170916846135,470.06454075377326,470.5538432526031,471.3107462853303,472.06006798873926,472.56196956298356
paper,small,2001-12-31,2002Q3,4,DEFL,471.76597658834004,439.65703601147226,32.10894057686778,470.0450808574117,470.73167497223574,471.778076821881,472.78997638757653,473.4897554767819
paper,small,2001-12-31,2002Q4,5,DEFL,472.2620606029171,440.229483984637,32.032576618280075,470.01812846297355,470.89928693504993,472.2796341678991,473.6136521039519,474.51163476544525
paper,small,2001-12-31,2003Q1,6,DEFL,472.7878530952291,440.72678772271144,32.061065372517646,469.9518833453952,471.080884953591,472.8091578714845,474.47097000214967,475.6073060446922
paper,small,2001-12-31,2003Q2,7,DEFL,473.3356232675366,441.0711268533791,32.26449641415752,469.8542925766205,471.2623500155864,473.35368553527417,475.38974592971147,476.74453060609557
paper,small,2001-12-31,2003Q3,8,DEFL,473.90589185252173,441.6379751045544,32.26791674796732,469.7778890873696,471.44796047449233,473.91565552257583,476.35051367504707,477.944746546758
paper,small,2001-12-31,2001Q4,1,FFR,3.230211090180898,2.1333333333333333,1.0968777568475647,1.7700115302861814,2.3535120931002926,3.2295225674227996,4.112067896339492,4.699728355941924
paper,small,2001-12-31,2002Q1,2,FFR,3.1132594629575405,1.7333333333333334,1.3799261296242071,0.8528535066665379,1.7693709726624638,3.109858386960771,4.483153580259337,5.35083098052891
paper,small,2001-12-31,2002Q2,3,FFR,3.152381021002403,1.75,1.402381021002403,0.3549926165896019,1.4728425795837299,3.1611399680016605,4.836721157346303,5.8859118544962
paper,small,2001-12-31,2002Q3,4,FFR,3.3020810664064806,1.74,1.5620810664064806,0.040729476107807305,1.358468918714205,3.333998466751944,5.254803748524749,6.477822952077264
paper,small,2001-12-31,2002Q4,5,FFR,3.4877030061182466,1.4433333333333334,2.044369672784913,-0.14558671632826967,1.3259463087358225,3.535116231260324,5.642503205758048,7.031578600821743
paper,small,2001-12-31,2003Q1,6,FFR,3.657801406854839,1.25,2.407801406854839,-0.30307682881768955,1.3389122576631896,3.689309764133875,5.975454173892475,7.5270881906830684
paper,small,2001-12-31,2003Q2,7,FFR,3.8356043766841905,1.2466666666666668,2.5889377100175235,-0.4112661002995299,1.3769318027928112,3.8743604731965227,6.319555371845235,7.9845922223109165
paper,small,2001-12-31,2003Q3,8,FFR,4.004958483642576,1.0166666666666666,2.9882918169759094,-0.4000599661688672,1.391033257763126,4.042055888082697,6.618228224436242,8.354067522480243
paper,small,2001-12-31,2001Q4,1,GDP,914.8155919362841,949.4381900682963,-34.62259813201217,913.410686029675,913.9680717846388,914.8150079760592,915.6713697318623,916.2193579229596
paper,small,2001-12-31,2002Q1,2,GDP,915.9415367393194,950.2630063031164,-34.321469563796995,913.7619985192814,914.6197062282226,915.9503448378107,917.2686797862751,918.1424721894557
paper,small,2001-12-31,2002Q2,3,GDP,917.1134855301626,950.8766222794621,-33.76313674929952,914.1974769540827,915.3474094531807,917.1264491456379,918.8545153714106,920.0346590939326
paper,small,2001-12-31,2002Q3,4,GDP,918.2655006060844,951.2793389900701,-33.01383838398567,914.6941419664679,916.1301239992677,918.2816460369756,920.393604561568,921.7928057639178
paper,small,2001-12-31,2002Q4,5,GDP,919.3357685653763,951.4099094767561,-32.0741409113798,915.1869797775491,916.8718710202099,919.3474279741429,921.7844810443706,923.3975662577851
paper,small,2001-12-31,2003Q1,6,GDP,920.3559441052679,951.9253022305498,-31.56935812528195,915.7264655130404,917.6051028924562,920.3765326287569,923.0877797843264,924.9348599087072
paper,small,2001-12-31,2003Q2,7,GDP,921.3264814689861,952.8147130216528,-31.48823155266666,916.2368440579044,918.3025186177223,921.3350866115798,924.2924452676964,926.2856712707231
paper,small,2001-12-31,2003Q3,8,GDP,922.2611866236614,954.4678690555788,-32.20668243191744,916.7768694273299,918.9994652375722,922.2846228740502,925.4794551627512,927.6473579661908
paper,small,2002-03-31,2002Q1,1,DEFL,470.0408830261004,438.83068726310324,31.21019576299716,469.5689497586066,469.7559197932865,470.03952909572,470.32652417150695,470.5160065716178
paper,small,2002-03-31,2002Q2,2,DEFL,470.1755567102907,439.17665473510937,30.998901975181354,469.32958422190774,469.6640745898704,470.1742239235567,470.68860378100993,471.02314498097155
paper,small,2002-03-31,2002Q3,3,DEFL,470.3058058050488,439.65703601147226,30.648769793576548,469.0374042012756,469.53336764225236,470.3066318164781,471.07552714793337,471.58274845167523
paper,small,2002-03-31,2002Q4,4,DEFL,470.423944716141,440.229483984637,30.194460731504023,468.66543195898356,469.3554516600235,470.4256149436177,471.48468374129936,472.1838398255282
paper,small,2002-03-31,2003Q1,5,DEFL,470.60866642010996,440.72678772271144,29.88187869739852,468.2746122454074,469.20230375991406,470.6227623624868,472.0197527313241,472.9191345456816
paper,small,2002-03-31,2003Q2,6,DEFL,470.8307787023034,441.0711268533791,29.759651848924307,467.9062183992905,469.0787620159044,470.8509916707079,472.6034943225294,473.75817896119406
paper,small,2002-03-31,2003Q3,7,DEFL,471.09662176714863,441.6379751045544,29.45864666259422,467.5265882986162,468.9471291323957,471.13197817052253,473.2623429829092,474.6678815997932
paper,small,2002-03-31,2003Q4,8,DEFL,471.3953976779323,442.25205753903714,29.143340138895155,467.08047272614914,468.8095085421397,471.4422353629973,473.9660524934186,475.63153396693906
paper,small,2002-03-31,2002Q1,1,FFR,1.6108513938570819,1.7333333333333334,-0.12248193947625152,0.15272563872931028,0.713050447875501,1.6079070947020677,2.5045540043191084,3.090604305949396
paper,small,2002-03-31,2002Q2,2,FFR,1.4760678207738163,1.75,-0.27393217922618374,-0.7895489900783833,0.11855804226311532,1.480333542942668,2.855403534381329,3.7393962897154513
paper,small,2002-03-31,2002Q3,3,FFR,1.5674287651177543,1.74,-0.17257123488224568,-1.2355165057320487,-0.11865614667001341,1.555876009061567,3.271143704244485,4.372448399812651
paper,small,2002-03-31,2002Q4,4,FFR,1.7823229777015939,1.4433333333333334,0.3389896443682605,-1.5253823305556509,-0.17682380895216762,1.7792614775851643,3.7611763669366147,5.079482747503819
paper,small,2002-03-31,2003Q1,5,FFR,2.00200258038119,1.25,0.7520025803811898,-1.7381470890956705,-0.21571650381764185,2.0212042216268573,4.2186117802650935,5.689429050957496
paper,small,2002-03-31,2003Q2,6,FFR,2.22874216383604,1.2466666666666668,0.982075497169373,-1.859879265748224,-0.20329198115531374,2.2534466701948785,4.65021834262816,6.221142396622576
paper,small,2002-03-31,2003Q3,7,FFR,2.4505949129885733,1.0166666666666666,1.4339282463219067,-1.9320454113640755,-0.15279477054209378,2.477671204493703,5.06186020324546,6.676291721595114
paper,small,2002-03-31,2003Q4,8,FFR,2.6438299498810762,0.9966666666666667,1.6471632832144096,-1.954353594589514,-0.053445431681799674,2.66546181510145,5.375310086518203,7.120010626311807
paper,small,2002-03-31,2002Q1,1,GDP,915.249239591847,950.2630063031164,-35.013766711269454,913.8367722200834,914.3912598202942,915.244189148841,916.1059809951752,916.6576830248385
paper,small,2002-03-31,2002Q2,2,GDP,916.5623555642924,950.8766222794621,-34.314266715169765,914.3512833674038,915.2184280201549,916.5579798242069,917.9091637920285,918.8108957482743
paper,small,2002-03-31,2002Q3,3,GDP,917.9486260878623,951.2793389900701,-33.33071290220778,914.968430041069,916.1776728058131,917.9410145690973,919.7319097092602,920.9245471050542
paper,small,2002-03-31,2002Q4,4,GDP,919.3082858132975,951.4099094767561,-32.101623663458554,915.6442480848798,917.1029811766424,919.2994940159178,921.5025051216181,922.9309510892671
paper,small,2002-03-31,2003Q1,5,GDP,920.5380034706382,951.9253022305498,-31.387298759911687,916.3062744917855,917.9725806040814,920.5496915668916,923.0843009030249,924.7255023203084
paper,small,2002-03-31,2003Q2,6,GDP,921.6700019009735,952.8147130216528,-31.14471112067929,916.9089315326155,918.8008766244004,921.6745351245401,924.523080910895,926.4160821286403
paper,small,2002-03-31,2003Q3,7,GDP,922.7421093898146,954.4678690555788,-31.725759665764258,917.5495071701096,919.5979149437212,922.7414592324458,925.8480643229589,927.960737419921
paper,small,2002-03-31,2003Q4,8,GDP,923.7513234976765,955.6153064688727,-31.863982971196265,918.1032973490691,920.3510344745621,923.7433837561639,927.0936695654384,929.4204271603711
paper,small,2002-06-30,2002Q2,1,DEFL,470.3625458327599,439.17665473510937,31.18589109765054,469.88845609524355,470.0800052814982,470.3630031799075,470.64865323798176,470.8372058349282
paper,small,2002-06-30,2002Q3,2,DEFL,470.56962502746273,439.65703601147226,30.912589015990477,469.71944534981213,470.0599546420411,470.5729766517133,471.0774415598769,471.40385353972016
paper,small,2002-06-30,2002Q4,3,DEFL,470.7792367793371,440.229483984637,30.54975279470011,469.508215739679,470.01259117467237,470.78485218372924,471.5381951366115,472.0338989049261
paper,small,2002-06-30,2003Q1,4,DEFL,471.0763613708361,440.72678772271144,30.349573648124647,469.30534334439267,470.024492205141,471.09300909281603,472.12186590539295,472.81025175745884
paper,small,2002-06-30,2003Q2,5,DEFL,471.4008147427332,441.0711268533791,30.32968788935409,469.07844623600283,470.01340780155647,471.4182356062837,472.77537048783086,473.65556673192043
paper,small,2002-06-30,2003Q3,6,DEFL,471.76647125574704,441.6379751045544,30.12849615119262,468.84065898154506,470.0318803611206,471.78149752619254,473.5026187508909,474.5896370218925
paper,small,2002-06-30,2003Q4,7,DEFL,472.16214306708963,442.25205753903714,29.91008552805249,468.5936384640511,470.03726240842764,472.18597404184516,474.2774730310515,475.60185580547056
paper,small,2002-06-30,2004Q1,8,DEFL,472.5860455274842,442.95660169416607,29.629443833318135,468.33164045950724,470.0605993758103,472.6168255366251,475.0965813920414,476.66093982184475
paper,small,2002-06-30,2002Q2,1,FFR,1.8024293986563105,1.75,0.052429398656310466,0.3451294189188277,0.9132603107703963,1.8043917152820583,2.6821118410708786,3.2746296934763564
paper,small,2002-06-30,2002Q3,2,FFR,2.0525362783713685,1.74,0.31253627837136855,-0.1789896292488946,0.7056803764631477,2.048498255707361,3.3987860809547543,4.298051595587381
paper,small,2002-06-30,2002Q4,3,FFR,2.33817416652754,1.4433333333333334,0.8948408331942068,-0.4081466528301671,0.6733883836933784,2.332380319406498,4.016063864168203,5.135541848222978
paper,small,2002-06-30,2003Q1,4,FFR,2.5865839068175345,1.25,1.3365839068175345,-0.6655442479428411,0.6203135527769451,2.586016487775083,4.563166732372943,5.84465203004201
paper,small,2002-06-30,2003Q2,5,FFR,2.8270619859530504,1.2466666666666668,1.5803953192863835,-0.7824101581224276,0.6354756489935895,2.8386659640651217,5.028029400632009,6.428483642989134
paper,small,2002-06-30,2003Q3,6,FFR,3.0428348007308723,1.0166666666666666,2.0261681340642057,-1.0002879773064224,0.6834984574297274,3.048030479826842,5.423541630460689,7.002911983183202
paper,small,2002-06-30,2003Q4,7,FFR,3.213385109913694,0.9966666666666667,2.2167184432470273,-1.1068371775154193,0.6622116502627954,3.226563685777533,5.76109280607649,7.426192270857649
paper,small,2002-06-30,2004Q1,8,FFR,3.343838923249267,1.0033333333333332,2.340505589915934,-1.2318590141678232,0.6463648652655846,3.35856453543176,6.027461633307824,7.789768041380018
paper,small,2002-06-30,2002Q2,1,GDP,917.2333305748701,950.8766222794621,-33.643291704592,915.8390337430424,916.3769210831522,917.2308628984964,918.0842874412896,918.6464220480942
paper,small,2002-06-30,2002Q3,2,GDP,918.7017028557275,951.2793389900701,-32.57763613434258,916.4956986660435,917.3613187448677,918.7070018903825,920.0326392905431,920.9020734247107
paper,small,2002-06-30,2002Q4,3,GDP,920.0687950230569,951.4099094767561,-31.34111445369922,917.1415001456031,918.2923626940342,920.0823862307154,921.8240670685311,922.9770543067683
paper,small,2002-06-30,2003Q1,4,GDP,921.2533340885816,951.9253022305498,-30.67196814196825,917.6775520763333,919.1040555820334,921.2571145816228,923.3785633757196,924.8592402568635
paper,small,2002-06-30,2003Q2,5,GDP,922.335993491251,952.8147130216528,-30.478719530401804,918.1696110456012,919.8634934433052,922.3341162105843,924.8302861490453,926.5391729133663
paper,small,2002-06-30,2003Q3,6,GDP,923.35522139986,954.4678690555788,-31.112647655718774,918.6788964387981,920.5792580190715,923.3544729738401,926.135223241901,928.0439236562181
paper,small,2002-06-30,2003Q4,7,GDP,924.3140487293044,955.6153064688727,-31.301257739568314,919.1913112927932,921.2426025004148,924.2998688473222,927.4176272012362,929.4236959860363
paper,small,2002-06-30,2004Q1,8,GDP,925.2584577425903,956.1865880299732,-30.928130287382942,919.6777964831942,921.9466768984844,925.2750715510066,928.5721530393447,930.809179743008
paper,small,2002-09-30,2002Q3,1,DEFL,470.7387291516379,439.65703601147226,31.08169314016567,470.2666483005959,470.4551176446464,470.73885407847354,471.0200599644901,471.20282787615554
paper,small,2002-09-30,2002Q4,2,DEFL,470.9779198318297,440.229483984637,30.748435847192695,470.13207245511387,470.4701809398556,470.9789316383583,471.481099768359,471.80908587618075
paper,small,2002-09-30,2003Q1,3,DEFL,471.28074015038425,440.72678772271144,30.55395242767281,470.0131155595219,470.52517849039435,471.2767894518672,472.042889942511,472.52641572011635
paper,small,2002-09-30,2003Q2,4,DEFL,471.6053751561964,441.0711268533791,30.534248302817275,469.8751976503156,470.57401737069773,471.6055501153478,472.6522936924899,473.3199720165471
paper,small,2002-09-30,2003Q3,5,DEFL,471.9680268888621,441.6379751045544,30.33005178430767,469.67694256730533,470.6209325838094,471.960028474924,473.3417529498289,474.24027703958023
paper,small,2002-09-30,2003Q4,6,DEFL,472.35805921245225,442.25205753903714,30.106001673415108,469.4631555577568,470.64772389612176,472.353096070341,474.09361488386645,475.2105483510851
paper,small,2002-09-30,2004Q1,7,DEFL,472.7779280012046,442.95660169416607,29.821326307038532,469.2563626548116,470.70380643953143,472.7688258949377,474.90115781783817,476.25723363968325
paper,small,2002-09-30,2004Q2,8,DEFL,473.2247518659409,443.75677692001574,29.467974945925164,469.0354737284308,470.72475225309273,473.22902018020756,475.74048874041034,477.37967583765976
paper,small,2002-09-30,2002Q3,1,FFR,1.7544599030770833,1.74,0.014459903077083336,0.2682293367310812,0.8641770355917339,1.7559962852009146,2.6489735064460453,3.224118952500697
paper,small,2002-09-30,2002Q4,2,FFR,1.8800790062815016,1.4433333333333334,0.43674567294816824,-0.35472612946346294,0.5086930458961262,1.8924319611603657,3.2477149326588264,4.098926230531342
paper,small,2002-09-30,2003Q1,3,FFR,2.0604590444001007,1.25,0.8104590444001007,-0.7251774154875827,0.3789092691652458,2.061247555975812,3.7404747843202784,4.824309029443564
paper,small,2002-09-30,2003Q2,4,FFR,2.2631347022501895,1.2466666666666668,1.0164680355835227,-0.9690637772230164,0.31248781771341416,2.278192218170437,4.212502627744735,5.46823940626451
paper,small,2002-09-30,2003Q3,5,FFR,2.4623471572576197,1.0166666666666666,1.445680490590953,-1.2223412418122248,0.2644472475135448,2.481135550512046,4.641569358371214,6.0514325118585
paper,small,2002-09-30,2003Q4,6,FFR,2.66568086709854,0.9966666666666667,1.6690142004318735,-1.3053855045397529,0.2936692936559433,2.6911426051553446,5.038763834329806,6.586670655048298
paper,small,2002-09-30,2004Q1,7,FFR,2.846360935506159,1.0033333333333332,1.8430276021728258,-1.3910246316173407,0.34220644952678425,2.8691017041975546,5.383644953422462,7.0498221792863145
paper,small,2002-09-30,2004Q2,8,FFR,2.9986135277255386,1.01,1.9886135277255386,-1.4961404710881052,0.35285036986529034,3.000707236962291,5.683999311734004,7.4159680526753835
paper,small,2002-09-30,2002Q3,1,GDP,916.0078113209909,951.2793389900701,-35.271527669079205,914.5926776585641,915.1589340552982,916.0079745191447,916.8660551746453,917.440255705923
paper,small,2002-09-30,2002Q4,2,GDP,917.1834258612523,951.4099094767561,-34.22648361550375,914.9520416885402,915.850780772728,917.1866733484371,918.5206743700658,919.3737558595756
paper,small,2002-09-30,2003Q1,3,GDP,918.2774274287308,951.9253022305498,-33.64787480181906,915.3377955264122,916.5250396426698,918.27766810159,920.0471800551084,921.2030956309917
paper,small,2002-09-30,2003Q2,4,GDP,919.3296530237768,952.8147130216528,-33.485059997875965,915.7605097612667,917.1850126571952,919.3256852371371,921.4755737759614,922.8607467091465
paper,small,2002-09-30,2003Q3,5,GDP,920.3574799504169,954.4678690555788,-34.11038910516197,916.1756281509234,917.8841422859557,920.3769574183589,922.8608344651886,924.4801239144188
paper,small,2002-09-30,2003Q4,6,GDP,921.3385580758293,955.6153064688727,-34.276748393043476,916.6284085602955,918.5537448361009,921.325776791441,924.1386249851281,925.9470275849359
paper,small,2002-09-30,2004Q1,7,GDP,922.2919372411011,956.1865880299732,-33.89465078887213,917.1479325436502,919.2343485568897,922.2859791494443,925.3534568741289,927.4630452078935
paper,small,2002-09-30,2004Q2,8,GDP,923.2092120157147,956.9623102681346,-33.75309825241993,917.5917193904278,919.8941184635012,923.1961785810415,926.5516891317146,928.7942756187111
paper,small,2002-12-31,2002Q4,1,DEFL,470.97164653338643,440.229483984637,30.742162548749434,470.5031095498918,470.68744037511607,470.9723214054649,471.2542445628949,471.4350490646318
paper,small,2002-12-31,2003Q1,2,DEFL,471.27090991857295,440.72678772271144,30.54412219586152,470.4404179496289,470.7676340578287,471.27107207362064,471.7701216890939,472.0999889240779
paper,small,2002-12-31,2003Q2,3,DEFL,471.58362576157583,441.0711268533791,30.512498908196733,470.3530987255584,470.83010389573417,471.58096415104586,472.32504142099145,472.83097598009834
paper,small,2002-12-31,2003Q3,4,DEFL,471.93312470700704,441.6379751045544,30.295149602452625,470.2313778300815,470.8957822807507,471.9361373502379,472.95765269295487,473.63083804893637
paper,small,2002-12-31,2003Q4,5,DEFL,472.30825905488393,442.25205753903714,30.056201515846794,470.0633706436884,470.9478591053074,472.31580464438525,473.6581681020623,474.53852083236444
paper,small,2002-12-31,2004Q1,6,DEFL,472.7172745045375,442.95660169416607,29.76067281037143,469.8713696148666,471.0014834591993,472.73212423646004,474.4235388957163,475.5360712596384
paper,small,2002-12-31,2004Q2,7,DEFL,473.1496677126591,443.75677692001574,29.392890792643357,469.6730277617646,471.0459179360872,473.188919831915,475.23153710654805,476.59694109885226
paper,small,2002-12-31,2004Q3,8,DEFL,473.60930933290086,444.39680362140643,29.21250571149443,469.4678076756763,471.1026405189035,473.63241150107837,476.0836061302789,477.7309428425801
paper,small,2002-12-31,2002Q4,1,FFR,1.8025658471136252,1.4433333333333334,0.35923251378029186,0.3364517456137429,0.9150530109715951,1.802043986345037,2.6868548401951595,3.2731218038566654
paper,small,2002-12-31,2003Q1,2,FFR,1.9389175592737002,1.25,0.6889175592737002,-0.3332004464853111,0.5881967351268478,1.941085173159568,3.2837116404841034,4.189039972287474
paper,small,2002-12-31,2003Q2,3,FFR,2.130856189829066,1.2466666666666668,0.8841895231623991,-0.623946193510315,0.4883044111225276,2.1378362043119186,3.7587575423038917,4.873376468760965
paper,small,2002-12-31,2003Q3,4,FFR,2.342388567496343,1.0166666666666666,1.3257219008296763,-0.8658308000374111,0.40455285357082366,2.3497785027729834,4.261108472730917,5.54507250810125
paper,small,2002-12-31,2003Q4,5,FFR,2.522178704526021,0.9966666666666667,1.5255120378593543,-1.1539674879073383,0.33126159962237667,2.5438876456987742,4.705768235300938,6.119754874907883
paper,small,2002-12-31,2004Q1,6,FFR,2.703839915843918,1.0033333333333332,1.7005065825105847,-1.3098650196546742,0.3308824368139297,2.7182731175138732,5.080530030392578,6.6521821739806555
paper,small,2002-12-31,2004Q2,7,FFR,2.8788660411559963,1.01,1.8688660411559963,-1.4351659175947566,0.3293236496313605,2.9140849928621853,5.430667602245825,7.0551522555425885
paper,small,2002-12-31,2004Q3,8,FFR,3.042982773671488,1.4333333333333333,1.6096494403381547,-1.5170327901723217,0.34208987908685545,3.085782449647614,5.728445485767303,7.452470365538227
paper,small,2002-12-31,2002Q4,1,GDP,916.8880433229529,951.4099094767561,-34.52186615380322,915.4952559788286,916.0463657258566,916.890221802044,917.7330724251915,918.2844248721474
paper,small,2002-12-31,2003Q1,2,GDP,917.9371691146981,951.9253022305498,-33.988133115851724,915.757225060447,916.628934877569,917.9353513421404,919.2402854542273,920.1009629348908
paper,small,2002-12-31,2003Q2,3,GDP,918.9704832783002,952.8147130216528,-33.84422974335257,916.074788564997,917.2297434153215,918.9599302647102,920.7180732331711,921.8516561527434
paper,small,2002-12-31,2003Q3,4,GDP,920.0098773552781,954.4678690555788,-34.45799170030068,916.449433864183,917.8695987290005,920.0054656010127,922.1661256081977,923.5580270809791
paper,small,2002-12-31,2003Q4,5,GDP,920.9981975918283,955.6153064688727,-34.617108877044416,916.8506499861933,918.5037240485783,920.9994303138301,923.4935949775065,925.1320259032283
paper,small,2002-12-31,2004Q1,6,GDP,921.9526531148242,956.1865880299732,-34.23393491514901,917.3078883168901,919.1535848431661,921.9646875223461,924.7434821083971,926.6267870925678
paper,small,2002-12-31,2004Q2,7,GDP,922.877961583339,956.9623102681346,-34.0843486847956,917.793591179224,919.8629308572005,922.8819352052153,925.9257606168507,927.9827202459641
paper,small,2002-12-31,2004Q3,8,GDP,923.7942978064233,957.8991553628297,-34.10485755640639,918.2452781425884,920.505219433882,923.8158105754469,927.1110793004326,929.3332257943777
paper,small,2003-03-31,2003Q1,1,DEFL,471.5423659115039,440.72678772271144,30.815578188792472,471.0833537556048,471.2639603627813,471.5421419903888,471.82278440728845,472.010037622872
paper,small,2003-03-31,2003Q2,2,DEFL,471.92562319022863,441.0711268533791,30.854496336849536,471.09605159491855,471.42549734197024,471.9220403853287,472.42778245903077,472.7638525873707
paper,small,2003-03-31,2003Q3,3,DEFL,472.33056985771583,441.6379751045544,30.692594753161416,471.08041300379,471.57967779690955,472.33110577189495,473.08488776497796,473.5905938211822
paper,small,2003-03-31,2003Q4,4,DEFL,472.7660594554825,442.25205753903714,30.514001916445352,471.0573029543309,471.7390411719292,472.7582471456552,473.7967123217277,474.49644041705443
paper,small,2003-03-31,2004Q1,5,DEFL,473.2309951031591,442.95660169416607,30.274393408993035,470.99234368722387,471.87307728647363,473.2206969001116,474.59700694793946,475.50939517441594
paper,small,2003-03-31,2004Q2,6,DEFL,473.7274072458512,443.75677692001574,29.970630325835486,470.91053793093687,472.0022253359806,473.7103374945976,475.4508908777185,476.5939534560894
paper,small,2003-03-31,2004Q3,7,DEFL,474.2528379116663,444.39680362140643,29.856034290259856,470.7846910363455,472.15496142868363,474.2390033532964,476.3417123280384,477.73598048757697
paper,small,2003-03-31,2004Q4,8,DEFL,474.8050350546685,445.166929500233,29.638105554435526,470.67597028384097,472.2968154280847,474.78943074298604,477.2917531053923,478.94015071649295
paper,small,2003-03-31,2003Q1,1,FFR,1.4308736273616043,1.25,0.18087362736160428,-0.009091817098050427,0.5700420715604599,1.4309017568854365,2.2982435457663835,2.884541079562126
paper,small,2003-03-31,2003Q2,2,FFR,1.6268818663586304,1.2466666666666668,0.3802151996919636,-0.5942756512425111,0.3176314655438883,1.6126680119133407,2.971622344255101,3.8789797914257598
paper,small,2003-03-31,2003Q3,3,FFR,1.8369371707984576,1.0166666666666666,0.820270504131791,-0.9428200014889138,0.18950555714081174,1.8391650402508235,3.5091296147015156,4.606345755349943
paper,small,2003-03-31,2003Q4,4,FFR,2.033144463457661,0.9966666666666667,1.0364777967909946,-1.2183467381632536,0.08786230020692344,2.041232161854208,3.9815238124429007,5.305211467781699
paper,small,2003-03-31,2004Q1,5,FFR,2.2558523680148443,1.0033333333333332,1.2525190346815112,-1.3946104507976416,0.07374177326845635,2.248522526767383,4.45065687068895,5.8926435932033
paper,small,2003-03-31,2004Q2,6,FFR,2.4934303536257616,1.01,1.4834303536257616,-1.4590792851560657,0.10506883094010688,2.4926751272857834,4.874631322972345,6.468233886851681
paper,small,2003-03-31,2004Q3,7,FFR,2.7011200841181715,1.4333333333333333,1.2677867507848382,-1.5770897852274426,0.13750576840917259,2.7130950729642285,5.255056099721069,6.98088591553569
paper,small,2003-03-31,2004Q4,8,FFR,2.8915591165708965,1.95,0.9415591165708965,-1.5630166537734742,0.1884525940533511,2.9068512133185402,5.5870039621446415,7.405494030289099
paper,small,2003-03-31,2003Q1,1,GDP,917.0285919048205,951.9253022305498,-34.89671032572937,915.6424042484238,916.1768707724477,917.0313491741024,917.8715613032459,918.4201542282542
paper,small,2003-03-31,2003Q2,2,GDP,918.0546249541471,952.8147130216528,-34.76008806750565,915.8601938497841,916.7147887082664,918.0542654098574,919.374767991421,920.2620075973051
paper,small,2003-03-31,2003Q3,3,GDP,919.0733591892762,954.4678690555788,-35.394509866302656,916.118513626747,917.3073050733502,919.054174609752,920.8708755044431,921.993624946121
paper,small,2003-03-31,2003Q4,4,GDP,920.073982061162,955.6153064688727,-35.541324407710704,916.450917957318,917.9265504393397,920.0801223667806,922.2596340631857,923.652413318331
paper,small,2003-03-31,2004Q1,5,GDP,921.0460881269656,956.1865880299732,-35.140499903007594,916.8493706064428,918.5689177238537,921.0469244683313,923.5523862070877,925.1584018911425
paper,small,2003-03-31,2004Q2,6,GDP,921.97944971967,956.9623102681346,-34.9828605484646,917.2882773627452,919.1960600922404,921.9936044864155,924.7828743751345,926.5609145692238
paper,small,2003-03-31,2004Q3,7,GDP,922.8857825167435,957.8991553628297,-35.01337284608621,917.7129719696543,919.8376679973651,922.9064585589258,925.9687389109744,927.9578735686932
paper,small,2003-03-31,2004Q4,8,GDP,923.7741395592559,958.9159953464796,-35.141855787223676,918.2179400501867,920.4378441504084,923.8048828995214,927.0917463983417,929.2408146369513
paper,small,2003-06-30,2003Q2,1,DEFL,472.2265415926691,441.0711268533791,31.155414739289995,471.764852606511,471.947811349447,472.2248873862048,472.50648090269846,472.69726768026504
paper,small,2003-06-30,2003Q3,2,DEFL,472.7191962260809,441.6379751045544,31.081221121526482,471.899881654162,472.2174273774608,472.71888109678224,473.21653653528006,473.54739985616004
paper,small,2003-06-30,2003Q4,3,DEFL,473.2315326097461,442.25205753903714,30.979475070708986,471.99137640687786,472.48725720864576,473.23043609282036,473.97612934780415,474.4622087991597
paper,small,2003-06-30,2004Q1,4,DEFL,473.7784787632197,442.95660169416607,30.82187706905364,472.083363423982,472.74388699817445,473.7815027565824,474.8098783123532,475.47752531999475
paper,small,2003-06-30,2004Q2,5,DEFL,474.3543725535919,443.75677692001574,30.597595633576134,472.0935696432901,472.9891301976723,474.35168325779114,475.70876645781823,476.60725722158224
paper,small,2003-06-30,2004Q3,6,DEFL,474.9587776424821,444.39680362140643,30.561974021075685,472.103142235887,473.2365318868546,474.9619732538737,476.67154605056845,477.8104228428612
paper,small,2003-06-30,2004Q4,7,DEFL,475.5914313182073,445.166929500233,30.424501817974317,472.11400456428447,473.4820966701993,475.58834282218976,477.6853961296568,479.063997325288
paper,small,2003-06-30,2005Q1,8,DEFL,476.2504228274558,445.960091366716,30.29033146073982,472.0929276236855,473.74408448721175,476.2548345081747,478.7482918378302,480.3767674294919
paper,small,2003-06-30,2003Q2,1,FFR,1.3822713686378985,1.2466666666666668,0.13560470197123164,-0.08262637860201229,0.4904099899870816,1.3902615163784762,2.251236162098811,2.840987713039835
paper,small,2003-06-30,2003Q3,2,FFR,1.6209666639296825,1.0166666666666666,0.6042999972630159,-0.6203142721675449,0.2853211594526724,1.6184453437584922,2.954703607608216,3.8346350310564965
paper,small,2003-06-30,2003Q4,3,FFR,1.815989032955375,0.9966666666666667,0.8193223662887082,-0.9452794618063589,0.16589846674718728,1.8188563343926398,3.4794253487493085,4.553807444797636
paper,small,2003-06-30,2004Q1,4,FFR,2.0260209702181,1.0033333333333332,1.0226876368847668,-1.2577309238215286,0.0943397689847972,2.0425535065509726,3.960323309775898,5.245832700199608
paper,small,2003-06-30,2004Q2,5,FFR,2.286876943797051,1.01,1.276876943797051,-1.4555079938887243,0.08766149975136654,2.314709384587487,4.462875543547485,5.9210564774975625
paper,small,2003-06-30,2004Q3,6,FFR,2.527978551072118,1.4333333333333333,1.0946452177387849,-1.4832835582756836,0.12045981042155535,2.571815722753402,4.925086068575741,6.4469742327819
paper,small,2003-06-30,2004Q4,7,FFR,2.751400494752891,1.95,0.801400494752891,-1.5648355973231844,0.17772413195605144,2.8071092045649975,5.313732672836278,6.933817294010093
paper,small,2003-06-30,2005Q1,8,FFR,2.9616823213620727,2.47,0.49168232136207246,-1.6354805000072787,0.255512911322259,2.9980562779158513,5.666138113846862,7.42800729941006
paper,small,2003-06-30,2003Q2,1,GDP,917.4077729877101,952.8147130216528,-35.40694003394265,916.0245770238157,916.5813681698872,917.4081459099718,918.2415720336709,918.7917403110574
paper,small,2003-06-30,2003Q3,2,GDP,918.4162196598382,954.4678690555788,-36.05164939574058,916.2155847108047,917.0976208130141,918.4247859383079,919.7365735213157,920.5617790225581
paper,small,2003-06-30,2003Q4,3,GDP,919.3967446601704,955.6153064688727,-36.21856180870236,916.4942107827543,917.648829419688,919.3919769483789,921.1176612584918,922.3234639746364
paper,small,2003-06-30,2004Q1,4,GDP,920.348643325098,956.1865880299732,-35.83794470487521,916.7382799626017,918.2357170743431,920.3536383531446,922.4925806541625,923.8904561575506
paper,small,2003-06-30,2004Q2,5,GDP,921.2848028873894,956.9623102681346,-35.67750738074517,917.1592218395314,918.79309441606,921.3122340526005,923.7883542055937,925.4097930232289
paper,small,2003-06-30,2004Q3,6,GDP,922.1918849650897,957.8991553628297,-35.70727039773999,917.4883995910321,919.4323013186921,922.2082561400732,924.9859716645791,926.8301511824036
paper,small,2003-06-30,2004Q4,7,GDP,923.0878242955848,958.9159953464796,-35.82817105089475,917.9059068412242,920.0141187828976,923.0891473255847,926.1820897651038,928.2262570122532
paper,small,2003-06-30,2005Q1,8,GDP,923.9474398535895,960.0207528735932,-36.07331302000375,918.3176422068234,920.597365824606,923.974631285159,927.2995376530421,929.5280747654799
paper,small,2003-09-30,2003Q3,1,DEFL,472.40301223627654,441.6379751045544,30.765037131722124,471.93702094458615,472.12035742386365,472.4022804678258,472.68237126284305,472.87392116454333
paper,small,2003-09-30,2003Q4,2,DEFL,472.80604811285895,442.25205753903714,30.553990573821807,471.9835481224543,472.29554660555124,472.80811365903367,473.3085511555004,473.63918026952916
paper,small,2003-09-30,2004Q1,3,DEFL,473.2350428430954,442.95660169416607,30.278441148929346,472.0041892627957,472.48111170935795,473.2357136955303,473.9863335586154,474.47563996910293
paper,small,2003-09-30,2004Q2,4,DEFL,473.67128722563126,443.75677692001574,29.914510305615522,471.9571166814299,472.64243443370725,473.67251973109956,474.7057979820305,475.38225808610963
paper,small,2003-09-30,2004Q3,5,DEFL,474.1498219307276,444.39680362140643,29.75301830932119,471.87286175148876,472.8001236300364,474.15662969957305,475.510282630039,476.4014434287993
paper,small,2003-09-30,2004Q4,6,DEFL,474.6572111591383,445.166929500233,29.490281658905303,471.79290297126204,472.95354810368036,474.6648036381066,476.3606656997361,477.49199284613053
paper,small,2003-09-30,2005Q1,7,DEFL,475.1883452942189,445.960091366716,29.22825392750292,471.68869663194084,473.108431510071,475.2013153697832,477.25986171567587,478.6328918748157
paper,small,2003-09-30,2005Q2,8,DEFL,475.75125543801505,446.6850203488912,29.066235089123836,471.5636895345075,473.2765944212352,475.76152876730066,478.218574632018,479.84012484774684
paper,small,2003-09-30,2003Q3,1,FFR,1.3689089056594013,1.0166666666666666,0.35224223899273466,-0.05747875919382008,0.5002299420702032,1.3680551143657973,2.235496904345989,2.7990618515306647
paper,small,2003-09-30,2003Q4,2,FFR,1.4368735036255231,0.9966666666666667,0.44020683695885643,-0.7616593701035109,0.0935735547494207,1.438567187827209,2.775599194076255,3.63225693173527
paper,small,2003-09-30,2004Q1,3,FFR,1.5862956511315847,1.0033333333333332,0.5829623177982515,-1.1654391241908308,-0.06821883875226993,1.5865538933454433,3.2440828375341098,4.322602323095715
paper,small,2003-09-30,2004Q2,4,FFR,1.8481422951967634,1.01,0.8381422951967634,-1.3768881092702503,-0.068032919846514,1.8542726005627772,3.764586633106832,5.044513323906849
paper,small,2003-09-30,2004Q3,5,FFR,2.0914290964280413,1.4333333333333333,0.658095763094708,-1.5156106504618672,-0.10622274486265203,2.1163027609362204,4.262400516828638,5.673130181370421
paper,small,2003-09-30,2004Q4,6,FFR,2.3020947447856837,1.95,0.3520947447856837,-1.6628495941320425,-0.10020215916653867,2.3201236507727145,4.685138324607314,6.2015857911809755
paper,small,2003-09-30,2005Q1,7,FFR,2.5091081614510427,2.47,0.039108161451042456,-1.7603589942608733,-0.04995489168106655,2.543981643221079,5.066076062777767,6.698862713295768
paper,small,2003-09-30,2005Q2,8,FFR,2.6958381307722994,2.9433333333333334,-0.24749520256103397,-1.8484898610900435,-0.011688058547504307,2.742516512564004,5.36832317197992,7.12038183730677
paper,small,2003-09-30,2003Q3,1,GDP,918.1826518751855,954.4678690555788,-36.285217180393374,916.786183172569,917.339457364748,918.1814561366104,919.0271550058827,919.5743973002036
paper,small,2003-09-30,2003Q4,2,GDP,919.1236311762214,955.6153064688727,-36.491675292651394,916.9142000586911,917.81680241176,919.1201841833808,920.4425778611652,921.3071119512181
paper,small,2003-09-30,2004Q1,3,GDP,920.1023919082079,956.1865880299732,-36.08419612176533,917.1590236901602,918.3421308275455,920.1035310213261,921.8573220555558,922.9933020139118
paper,small,2003-09-30,2004Q2,4,GDP,921.1041640794981,956.9623102681346,-35.85814618863651,917.54401846684,918.9639042041465,921.1153805199292,923.2490309856705,924.6628868702221
paper,small,2003-09-30,2004Q3,5,GDP,922.0607283387685,957.8991553628297,-35.83842702406116,917.922249940022,919.5730979139652,922.0549194519128,924.5427438320287,926.1962030148959
paper,small,2003-09-30,2004Q4,6,GDP,922.9878754057802,958.9159953464796,-35.92811994069939,918.323593942042,920.1896274804408,922.9977305987014,925.7856032362491,927.6580725929696
paper,small,2003-09-30,2005Q1,7,GDP,923.882710285333,960.0207528735932,-36.13804258826019,918.7122144447715,920.7896734329199,923.8954245380845,926.9649127300438,929.0084391845572
paper,small,2003-09-30,2005Q2,8,GDP,924.7556639055559,960.5061772591148,-35.75051335355886,919.1351014789109,921.3904532423353,924.7765503841143,928.0948934179384,930.3019860864322
paper,small,2003-12-31,2003Q4,1,DEFL,466.5951711327646,442.25205753903714,24.34311359372748,466.121908639529,466.3090842722366,466.5951887797608,466.87989138560215,467.07001469662725
paper,small,2003-12-31,2004Q1,2,DEFL,467.02844293039345,442.95660169416607,24.071841236227385,466.1941123243896,466.5235840625737,467.02835305108465,467.5314258883758,467.86523197584904
paper,small,2003-12-31,2004Q2,3,DEFL,467.4887459589331,443.75677692001574,23.731969038917384,466.2367449897268,466.7360042619518,467.48502516953215,468.2440447483072,468.73923185267313
paper,small,2003-12-31,2004Q3,4,DEFL,468.0101885080856,444.39680362140643,23.61338488667917,466.3057970332543,466.9725941099086,468.0077301178151,469.05109319212414,469.7265664399698
paper,small,2003-12-31,2004Q4,5,DEFL,468.5618895631697,445.166929500233,23.39496006293672,466.3086225130444,467.2015592983082,468.55996597161754,469.92534147958605,470.8083005761112
paper,small,2003-12-31,2005Q1,6,DEFL,469.1464059986518,445.960091366716,23.18631463193583,466.28970614070687,467.4272318470952,469.1475451761205,470.863717799141,471.9848705255997
paper,small,2003-12-31,2005Q2,7,DEFL,469.75095979601423,446.6850203488912,23.065939447123014,466.27580750728254,467.6581279006144,469.7535167181601,471.83491323067636,473.20422824730105
paper,small,2003-12-31,2005Q3,8,DEFL,470.379966287053,447.5903970265225,22.78956926053047,466.2361708937474,467.8890421139952,470.3864120900905,472.86381223206354,474.52912697951643
paper,small,2003-12-31,2003Q4,1,FFR,1.3312407599845468,0.9966666666666667,0.33457409331788013,-0.09670657869942509,0.47668699264263115,1.3274074595165142,2.196079799823527,2.7663183322530838
paper,small,2003-12-31,2004Q1,2,FFR,1.800211510549963,1.0033333333333332,0.7968781772166298,-0.44719231340215454,0.4650099240931676,1.8017791602596271,3.1248818807781626,4.015620508421705
paper,small,2003-12-31,2004Q2,3,FFR,2.1703089056716114,1.01,1.1603089056716114,-0.5991772261680494,0.5091906604885649,2.1679630624153443,3.8350478176786718,4.959173107208382
paper,small,2003-12-31,2004Q3,4,FFR,2.4579743237053813,1.4333333333333333,1.024640990372048,-0.7936596079827243,0.5182117728359207,2.4662588704248565,4.4224201400052525,5.670018794186396
paper,small,2003-12-31,2004Q4,5,FFR,2.727509177503461,1.95,0.7775091775034608,-0.9164282459217272,0.5404192857464796,2.7412511242529245,4.90351480894145,6.3766742347092835
paper,small,2003-12-31,2005Q1,6,FFR,2.9618559864569924,2.47,0.49185598645699224,-1.0115513608209112,0.5415701051347707,2.9659382806873147,5.36481226920523,6.9224859680193935
paper,small,2003-12-31,2005Q2,7,FFR,3.1400646166431874,2.9433333333333334,0.196731283309854,-1.1629702401195134,0.5640161999020763,3.1748202846717493,5.709035826494234,7.389663722876447
paper,small,2003-12-31,2005Q3,8,FFR,3.2948738193203257,3.4599999999999995,-0.16512618067967377,-1.2498345269057132,0.5887767962228553,3.3067186307447543,6.00661160821835,7.791994926115889
paper,small,2003-12-31,2003Q4,1,GDP,927.0228613367568,955.6153064688727,-28.592445132115927,925.6464903242395,926.2018734213483,927.0198298532168,927.8542799971335,928.3946563850111
paper,small,2003-12-31,2004Q1,2,GDP,928.2952330501013,956.1865880299732,-27.89135497987195,926.1439405934271,926.9870231986633,928.2884975797931,929.6146778492229,930.4751493242001
paper,small,2003-12-31,2004Q2,3,GDP,929.4141201765754,956.9623102681346,-27.548190091559263,926.51761134296,927.6727482029816,929.3952948886023,931.1629740691579,932.3396303247599
paper,small,2003-12-31,2004Q3,4,GDP,930.4205650936477,957.8991553628297,-27.47859026918195,926.8882964775686,928.2882632488108,930.4110365179672,932.5644468791403,933.9815143886443
paper,small,2003-12-31,2004Q4,5,GDP,931.3351402647946,958.9159953464796,-27.580855081684945,927.2460032913115,928.8727482870529,931.3082929899246,933.7945249733938,935.4817015137371
paper,small,2003-12-31,2005Q1,6,GDP,932.2100559488464,960.0207528735932,-27.81069692474682,927.6110849753861,929.4493266743192,932.2109938764283,934.9718482238566,936.8019767991595
paper,small,2003-12-31,2005Q2,7,GDP,933.0661181223827,960.5061772591148,-27.44005913673209,928.0164472784595,930.0270464378275,933.0865883496051,936.0944423318222,938.0872147616835
paper,small,2003-12-31,2005Q3,8,GDP,933.9173689194836,961.2887292981801,-27.371360378696522,928.4141054423992,930.6514254386992,933.935572198363,937.1866992787063,939.347230925869
paper,small,2004-03-31,2004Q1,1,DEFL,466.9784430770573,442.95660169416607,24.02184138289124,466.5060133237135,466.69343724859635,466.978145834284,467.2631042432862,467.4504442095376
paper,small,2004-03-31,2004Q2,2,DEFL,467.41493319087255,443.75677692001574,23.658156270856807,466.5807440564794,466.9162794644486,467.41465252000967,467.9198201182746,468.24342527707523
paper,small,2004-03-31,2004Q3,3,DEFL,467.91053178345726,444.39680362140643,23.513728162050825,466.66401585486426,467.1620195979522,467.9154296534948,468.658951231611,469.1453673863367
paper,small,2004-03-31,2004Q4,4,DEFL,468.4290121937828,445.166929500233,23.262082693549814,466.7224050233567,467.40116277232767,468.4292349486051,469.4610301355972,470.11279579041496
paper,small,2004-03-31,2005Q1,5,DEFL,468.9861208122993,445.960091366716,23.026029445583333,466.7360924992235,467.6484187015345,468.9862871843432,470.324273740788,471.1935472228343
paper,small,2004-03-31,2005Q2,6,DEFL,469.57263294274907,446.6850203488912,22.887612593857853,466.73114495128425,467.8907381128284,469.5769105568055,471.2579774882762,472.36403800686395
paper,small,2004-03-31,2005Q3,7,DEFL,470.18201488864815,447.5903970265225,22.591617862125645,466.7122624989256,468.1275057330936,470.1939541839174,472.23774400472695,473.60074836558647
paper,small,2004-03-31,2005Q4,8,DEFL,470.8115310785057,448.39625430524006,22.415276773265646,466.6851916429528,468.3701538518452,470.82222257555816,473.25070182751693,474.8755717027185
paper,small,2004-03-31,2004Q1,1,FFR,1.3955598713766968,1.0033333333333332,0.3922265380433636,-0.027665058430803864,0.5242557347756142,1.3991967669329723,2.258965013603908,2.8276446186895856
paper,small,2004-03-31,2004Q2,2,FFR,1.786585076282868,1.01,0.7765850762828679,-0.41457518682825445,0.4636258671529993,1.7886987190457346,3.1175394596026376,3.991394301623543
paper,small,2004-03-31,2004Q3,3,FFR,2.0637865324693734,1.4333333333333333,0.63045319913604,-0.6700303140552529,0.4076326995439311,2.0609036934369307,3.695371003515867,4.799499389375132
paper,small,2004-03-31,2004Q4,4,FFR,2.340322950931619,1.95,0.39032295093161884,-0.8467301798774157,0.4069194790696891,2.3207455244199924,4.28633404471932,5.549268377811214
paper,small,2004-03-31,2005Q1,5,FFR,2.6127245900318092,2.47,0.14272459003180904,-0.9794113423105334,0.43986025212748464,2.6030623960393795,4.809828790768367,6.201513695581685
paper,small,2004-03-31,2005Q2,6,FFR,2.826477768839157,2.9433333333333334,-0.11685556449417644,-1.165281829059329,0.47638936391179026,2.8181477651548343,5.207843307975977,6.76519525995303
paper,small,2004-03-31,2005Q3,7,FFR,3.0033890439744155,3.4599999999999995,-0.456610956025584,-1.2593671364685588,0.492858959516265,3.0011231590381073,5.5565559503570885,7.240854774388676
paper,small,2004-03-31,2005Q4,8,FFR,3.1684497342765456,3.98,-0.8115502657234543,-1.3612687839873208,0.4953145736695415,3.165910495430139,5.897681503420274,7.629926071019645
paper,small,2004-03-31,2004Q1,1,GDP,928.0967143751269,956.1865880299732,-28.089873654846315,926.6959264968689,927.2463246124285,928.1022229344517,928.940573795392,929.5017320039385
paper,small,2004-03-31,2004Q2,2,GDP,929.2739342031108,956.9623102681346,-27.688376065023817,927.1047928601624,927.9621759500235,929.278885362751,930.5807322451993,931.4467490981924
paper,small,2004-03-31,2004Q3,3,GDP,930.3235749556219,957.8991553628297,-27.57558040720778,927.4417647869377,928.5779740830004,930.3060520034142,932.0800726906555,933.2233084812754
paper,small,2004-03-31,2004Q4,4,GDP,931.2932453534421,958.9159953464796,-27.622749993037473,927.7954875785686,929.1568429055174,931.2938492295151,933.3895274585744,934.8440767828656
paper,small,2004-03-31,2005Q1,5,GDP,932.2139360341959,960.0207528735932,-27.806816839397356,928.1926024880794,929.7765186021618,932.206786716085,934.6765896971679,936.290049367933
paper,small,2004-03-31,2005Q2,6,GDP,933.1017593217056,960.5061772591148,-27.40441793740922,928.5716948137449,930.374618743393,933.0879212651527,935.8677754393731,937.6711380346974
paper,small,2004-03-31,2005Q3,7,GDP,933.959980929962,961.2887292981801,-27.328748368218157,928.91141937003,930.9476007109162,933.9330150078362,936.9982870990669,938.9697134646838
paper,small,2004-03-31,2005Q4,8,GDP,934.8137683682725,961.8550509042607,-27.041282535988216,929.4269822008206,931.5506663212063,934.8023394286237,938.0882341156018,940.2458389412678
paper,small,2004-06-30,2004Q2,1,DEFL,467.8222255742727,443.75677692001574,24.065448654256954,467.3543733319021,467.53815514761027,467.8231765569392,468.106943016832,468.2937238529733
paper,small,2004-06-30,2004Q3,2,DEFL,468.4316646678433,444.39680362140643,24.034861046436845,467.5933834716575,467.92795209981006,468.43449392186176,468.927800653374,469.2591386557424
paper,small,2004-06-30,2004Q4,3,DEFL,469.0685875986984,445.166929500233,23.90165809846542,467.8205453007439,468.32608919066695,469.06406352164686,469.8121206665327,470.2979501612725
paper,small,2004-06-30,2005Q1,4,DEFL,469.7649722764699,445.960091366716,23.804880909753933,468.0684193605999,468.7514804151923,469.7618617375361,470.7874979526127,471.45235681105385
paper,small,2004-06-30,2005Q2,5,DEFL,470.48012809007736,446.6850203488912,23.795107741186143,468.22295594229524,469.1358041109167,470.49049268664965,471.82142660563545,472.7077461835029
paper,small,2004-06-30,2005Q3,6,DEFL,471.2258556257723,447.5903970265225,23.635458599249773,468.37401969605014,469.5307876086037,471.235564585914,472.9283384333306,474.0507134590435
paper,small,2004-06-30,2005Q4,7,DEFL,471.99057718200066,448.39625430524006,23.5943228767606,468.54156598668374,469.91494195391465,472.0006151033318,474.0807320688926,475.4303238267019
paper,small,2004-06-30,2006Q1,8,DEFL,472.77695908210313,449.0981931357204,23.678765946382725,468.63054941672357,470.3153023504479,472.77872701318563,475.2394315272099,476.9023585790231
paper,small,2004-06-30,2004Q2,1,FFR,1.4397950959126589,1.01,0.42979509591265885,0.004057988978064672,0.5744353642082168,1.4434332729011752,2.300349201643982,2.8577214068273276
paper,small,2004-06-30,2004Q3,2,FFR,1.9087678366312852,1.4333333333333333,0.4754345032979519,-0.3017728272120334,0.5927580760686941,1.915719955062022,3.2306390496252524,4.111435767970181
paper,small,2004-06-30,2004Q4,3,FFR,2.23060348393198,1.95,0.2806034839319802,-0.4916460356996463,0.5805701414483407,2.249321253764786,3.857700405757162,4.928890827963027
paper,small,2004-06-30,2005Q1,4,FFR,2.480657028403436,2.47,0.010657028403435742,-0.7315400615327482,0.5638807408451392,2.4708099458626425,4.398090333259349,5.6699776613802815
paper,small,2004-06-30,2005Q2,5,FFR,2.7687975678060095,2.9433333333333334,-0.17453576552732386,-0.8192895794249467,0.6145673022644048,2.777353883991368,4.951190721020505,6.324388327245243
paper,small,2004-06-30,2005Q3,6,FFR,3.011204916317789,3.4599999999999995,-0.44879508368221055,-0.9795755816608545,0.6250135109435327,3.0139335011099604,5.404231722216595,6.97070439157263
paper,small,2004-06-30,2005Q4,7,FFR,3.212179074213106,3.98,-0.7678209257868942,-1.0859304387609998,0.6825455440501034,3.2236358662875233,5.768738639415226,7.4542310858462875
paper,small,2004-06-30,2006Q1,8,FFR,3.3922560092731815,4.456666666666667,-1.0644106573934855,-1.1628488408777944,0.6958992729686445,3.391044409446351,6.08632885179709,7.906341132117148
paper,small,2004-06-30,2004Q2,1,GDP,929.0483870004091,956.9623102681346,-27.913923267725522,927.6830141889936,928.2167267384423,929.0497927626873,929.8757721952809,930.413088993956
paper,small,2004-06-30,2004Q3,2,GDP,930.214423462064,957.8991553628297,-27.684731900765655,928.0586020781211,928.9365642754524,930.2150972450188,931.4919949516269,932.3365003591257
paper,small,2004-06-30,2004Q4,3,GDP,931.1868932261091,958.9159953464796,-27.7291021203705,928.3365682907521,929.4667564839432,931.1981630838393,932.8986420481182,933.9945503006685
paper,small,2004-06-30,2005Q1,4,GDP,932.0860083359308,960.0207528735932,-27.934744537662368,928.568881160568,929.9739280658418,932.1155119762911,934.1647705184026,935.5738256066697
paper,small,2004-06-30,2005Q2,5,GDP,932.9533385602585,960.5061772591148,-27.55283869885625,928.8597717373062,930.5292471574915,932.9755753682464,935.3868514616173,936.9512725496121
paper,small,2004-06-30,2005Q3,6,GDP,933.7956254261492,961.2887292981801,-27.49310387203093,929.233737064601,931.064231916763,933.8012334193207,936.5402611094942,938.3127927629006
paper,small,2004-06-30,2005Q4,7,GDP,934.6265568907171,961.8550509042607,-27.228494013543582,929.6055423605204,931.6363061286444,934.6285547330343,937.6833557871443,939.5642964921885
paper,small,2004-06-30,2006Q1,8,GDP,935.4427133293033,963.1947034740143,-27.751990144711044,929.9768317176877,932.2178690607676,935.4498437805021,938.7259158729119,940.8424661076934
paper,small,2004-09-30,2004Q3,1,DEFL,468.9639961851321,444.39680362140643,24.567192563725655,468.5020641459285,468.6800533435227,468.9635626516857,469.24649415539136,469.4346406530215
paper,small,2004-09-30,2004Q4,2,DEFL,469.67565223826534,445.166929500233,24.50872273803236,468.85106372039473,469.1751206880421,469.6748449343014,470.17088532711665,470.5085688874914
paper,small,2004-09-30,2005Q1,3,DEFL,470.4442257568245,445.960091366716,24.484134390108522,469.21691520673374,469.69796150817956,470.4409125314655,471.1898968038118,471.6983489337426
paper,small,2004-09-30,2005Q2,4,DEFL,471.24320542229253,446.6850203488912,24.55818507340132,469.5518863615699,470.2188492777672,471.2393634219609,472.267427338505,472.9589008131133
paper,small,2004-09-30,2005Q3,5,DEFL,472.0666711258044,447.5903970265225,24.47627409928191,469.84934171491307,470.7095586561318,472.0558459363568,473.4280389530359,474.3255346248377
paper,small,2004-09-30,2005Q4,6,DEFL,472.9117556587819,448.39625430524006,24.515501353541822,470.11689390237905,471.1991494319802,472.8888373296927,474.61991055134274,475.74563106754283
paper,small,2004-09-30,2006Q1,7,DEFL,473.7780864667073,449.0981931357204,24.679893330986886,470.35897279174276,471.6785954123015,473.74623606559,475.8605545580506,477.25688312859734
paper,small,2004-09-30,2006Q2,8,DEFL,474.6631165761997,449.9809670330265,24.682149543173182,470.54550944143375,472.1648857238762,474.64625241645484,477.13306964206095,478.80825163886135
paper,small,2004-09-30,2004Q3,1,FFR,1.4910777084718922,1.4333333333333333,0.0577443751385589,0.07084345275031886,0.6237946656179679,1.4964608720590662,2.358136549780717,2.918525301202299
paper,small,2004-09-30,2004Q4,2,FFR,1.9664572815920258,1.95,0.016457281592025863,-0.2680262048722088,0.6311837992774526,1.9730797572552277,3.2980893728248515,4.1837263881406574
paper,small,2004-09-30,2005Q1,3,FFR,2.2499364221806135,2.47,-0.22006357781938668,-0.5104129746978828,0.595209610019363,2.2470153387326395,3.927877802609871,5.046163401173273
paper,small,2004-09-30,2005Q2,4,FFR,2.507962760859722,2.9433333333333334,-0.43537057247361144,-0.7167922524089322,0.570468420642943,2.4972748044568265,4.466128570865318,5.767485852337831
paper,small,2004-09-30,2005Q3,5,FFR,2.808243471869064,3.4599999999999995,-0.6517565281309357,-0.8516370263137736,0.5803127148001515,2.8097228745395904,5.013597195913458,6.459145768196344
paper,small,2004-09-30,2005Q4,6,FFR,3.0594492016658252,3.98,-0.9205507983341747,-0.9945998830936115,0.6566294078785974,3.0536693871389406,5.476544776664499,7.081906115001984
paper,small,2004-09-30,2006Q1,7,FFR,3.253122092856656,4.456666666666667,-1.203544573810011,-1.1070505482788429,0.6915289382272524,3.2613441498013236,5.845698954657689,7.521915215481327
paper,small,2004-09-30,2006Q2,8,FFR,3.4387786445639823,4.906666666666667,-1.4678880221026849,-1.1684657068095083,0.7596294237815704,3.4340947644062148,6.171467870072183,8.035596927239157
paper,small,2004-09-30,2004Q3,1,GDP,929.7851253326535,957.8991553628297,-28.114030030176195,928.3993765520274,928.950915176376,929.7844518940994,930.6155659984043,931.1719000868535
paper,small,2004-09-30,2004Q4,2,GDP,930.8675759631807,958.9159953464796,-28.048419383298892,928.7245277695167,929.5636278955617,930.8641239325259,932.1722448128754,933.0431809588578
paper,small,2004-09-30,2005Q1,3,GDP,931.7717436145408,960.0207528735932,-28.2490092590524,928.8964087077572,930.0263137942201,931.7541945319667,933.4976897608434,934.677700113353
paper,small,2004-09-30,2005Q2,4,GDP,932.6251120475777,960.5061772591148,-27.881065211537134,929.13907640985,930.4937245927532,932.6220644734952,934.7455716927265,936.1561519736695
paper,small,2004-09-30,2005Q3,5,GDP,933.4617923920417,961.2887292981801,-27.82693690613837,929.404124729246,931.0280501450903,933.4591107860214,935.9040754161945,937.5175109374458
paper,small,2004-09-30,2005Q4,6,GDP,934.2813021963489,961.8550509042607,-27.573748707911818,929.6930137862995,931.55019975731,934.2907158586672,937.0475711975935,938.8423256863983
paper,small,2004-09-30,2006Q1,7,GDP,935.0692242313005,963.1947034740143,-28.125479242713823,929.9880240687991,932.0618041452369,935.0759336068819,938.1031374074626,940.0664852459234
paper,small,2004-09-30,2006Q2,8,GDP,935.85958845158,963.4399861405379,-27.580397688957987,930.3729467919417,932.5769547944747,935.8658556738208,939.1339530546284,941.2935074692208
paper,small,2004-12-31,2004Q4,1,DEFL,469.2403815615151,445.166929500233,24.073452061282126,468.7705549558822,468.95541017494196,469.2411112091787,469.52409973267675,469.7127841594859
paper,small,2004-12-31,2005Q1,2,DEFL,469.86624451317255,445.960091366716,23.906153146456575,469.04024126785373,469.36713620290334,469.86727524087905,470.3671095715682,470.69633025432313
paper,small,2004-12-31,2005Q2,3,DEFL,470.50984931269164,446.6850203488912,23.824828963800428,469.27800372616605,469.76945572468264,470.5056416427933,471.26052185015516,471.7451153910875
paper,small,2004-12-31,2005Q3,4,DEFL,471.1467010951697,447.5903970265225,23.556304068647194,469.45487070192024,470.127462747336,471.13704887886524,472.17340321240874,472.8359353398814
paper,small,2004-12-31,2005Q4,5,DEFL,471.82687633849497,448.39625430524006,23.430622033254906,469.60461562926935,470.4950563380399,471.8246157790908,473.162985915043,474.0760505021714
paper,small,2004-12-31,2006Q1,6,DEFL,472.5218428210955,449.0981931357204,23.423649685375096,469.7269134975567,470.854265348235,472.51691375313726,474.20228044057615,475.35781122115486
paper,small,2004-12-31,2006Q2,7,DEFL,473.23727076713584,449.9809670330265,23.256303734109338,469.83423309978,471.19360542420264,473.22365347622025,475.29510679994826,476.6721437483252
paper,small,2004-12-31,2006Q3,8,DEFL,473.97236397470164,450.6763216075208,23.29604236718086,469.9457551197239,471.5392602198285,473.9589027926719,476.4232881295792,478.05533931882866
paper,small,2004-12-31,2004Q4,1,FFR,1.7092274416752433,1.95,-0.24077255832475664,0.28572097256389034,0.8439709190396512,1.7041850073943778,2.569708657364124,3.1407225164270596
paper,small,2004-12-31,2005Q1,2,FFR,1.7783329419317484,2.47,-0.6916670580682518,-0.4496782437541401,0.44796490533663963,1.7771128155506128,3.1055302126208737,4.023439212110551
paper,small,2004-12-31,2005Q2,3,FFR,1.9583520464946713,2.9433333333333334,-0.984981286838662,-0.7884580662933868,0.3157783373034465,1.9463937648656322,3.606751894949208,4.72575225984853
paper,small,2004-12-31,2005Q3,4,FFR,2.251066583566196,3.4599999999999995,-1.2089334164338035,-0.9789885356875251,0.35031710377433256,2.2389821008777244,4.176996899005137,5.467350870504221
paper,small,2004-12-31,2005Q4,5,FFR,2.468607262012937,3.98,-1.5113927379870629,-1.1536953209798726,0.29931099803269684,2.46206507719547,4.616127561291151,6.078639510657761
paper,small,2004-12-31,2006Q1,6,FFR,2.631032675466907,4.456666666666667,-1.8256339911997599,-1.3485276713057113,0.25584321135778326,2.629349511402382,5.009566773277717,6.610397414897431
paper,small,2004-12-31,2006Q2,7,FFR,2.8245625555454588,4.906666666666667,-2.0821041111212084,-1.479752048078225,0.26496294296880984,2.8511729809132436,5.343669829491245,7.106462054107722
paper,small,2004-12-31,2006Q3,8,FFR,3.0106881804809036,5.246666666666667,-2.2359784861857634,-1.5019709787868987,0.3199257321927808,3.0294361390537685,5.685680828161069,7.492813666287049
paper,small,2004-12-31,2004Q4,1,GDP,930.5118727883707,958.9159953464796,-28.40412255810884,929.132737121888,929.6870172704864,930.5099812144038,931.3312109462877,931.8676043593266
paper,small,2004-12-31,2005Q1,2,GDP,931.33916907917,960.0207528735932,-28.681583794423204,929.1906663522807,930.0423229423692,931.350521886001,932.6201373618318,933.469221863692
paper,small,2004-12-31,2005Q2,3,GDP,932.2208645924433,960.5061772591148,-28.28531266667153,929.3321906066443,930.49435683448,932.2296383481253,933.9380941804855,935.069714575226
paper,small,2004-12-31,2005Q3,4,GDP,933.1394693029152,961.2887292981801,-28.149259995264856,929.6170001103575,931.0314330292614,933.1537971029641,935.232508347645,936.6066461716265
paper,small,2004-12-31,2005Q4,5,GDP,934.016342296504,961.8550509042607,-27.838708607756644,929.954598292444,931.588680372197,934.0133299170843,936.4703872773567,938.0643147032525
paper,small,2004-12-31,2006Q1,6,GDP,934.8812951270545,963.1947034740143,-28.313408346959818,930.2965842226181,932.1557295994036,934.8638170067829,937.6364211561954,939.4042870082591
paper,small,2004-12-31,2006Q2,7,GDP,935.7365328146689,963.4399861405379,-27.703453325869077,930.7261732870057,932.7684627243557,935.7173316264666,938.7297698461831,940.6566122362007
paper,small,2004-12-31,2006Q3,8,GDP,936.5795823847521,963.5903292567261,-27.010746871973993,931.2114132611459,933.3581888930257,936.5806936370229,939.8040344260512,941.949541889111
paper,small,2005-03-31,2005Q1,1,DEFL,469.8582288115859,445.960091366716,23.898137444869917,469.3949372043347,469.5799117239957,469.85939648896715,470.1357621763149,470.32046135263005
paper,small,2005-03-31,2005Q2,2,DEFL,470.5051897866253,446.6850203488912,23.82016943773408,469.6872123347957,470.01208650918227,470.50809314402306,470.99480218650655,471.3190812373361
paper,small,2005-03-31,2005Q3,3,DEFL,471.1413220268396,447.5903970265225,23.55092500031708,469.9304239174513,470.41243975858043,471.13718023535995,471.8725081420119,472.35860193496467
paper,small,2005-03-31,2005Q4,4,DEFL,471.82642694670045,448.39625430524006,23.430172641460388,470.1486140949958,470.82237901412213,471.8177745277393,472.83318459601276,473.49525637457765
paper,small,2005-03-31,2006Q1,5,DEFL,472.5258844377731,449.0981931357204,23.427691302052665,470.3314712804103,471.20486884826,472.5168943721163,473.85465137612164,474.7294816510765
paper,small,2005-03-31,2006Q2,6,DEFL,473.24997383631916,449.9809670330265,23.269006803292655,470.4800149240684,471.5854752334995,473.24564067585163,474.92143913949263,476.0251964434387
paper,small,2005-03-31,2006Q3,7,DEFL,473.985043229309,450.6763216075208,23.30872162178821,470.62239448332775,471.94492161100567,473.9814217047866,476.0162148890078,477.39869430626493
paper,small,2005-03-31,2006Q4,8,DEFL,474.7439281721146,451.0496803385384,23.694247833576185,470.7318042542618,472.3333989383368,474.7317191243718,477.14576634539395,478.7881799814011
paper,small,2005-03-31,2005Q1,1,FFR,2.037135819335366,2.47,-0.4328641806646343,0.6023338752680489,1.1721738863384146,2.0339857271476296,2.898909127890325,3.4681641572500195
paper,small,2005-03-31,2005Q2,2,FFR,2.1704685333369973,2.9433333333333334,-0.7728647999963361,-0.057068567199386785,0.8497987484757794,2.166989640466912,3.510774327354034,4.386505020277861
paper,small,2005-03-31,2005Q3,3,FFR,2.470461087325565,3.4599999999999995,-0.9895389126744347,-0.2328247785060147,0.8333602395941504,2.4637455139925697,4.120912566336539,5.184523841857525
paper,small,2005-03-31,2005Q4,4,FFR,2.7005308859311246,3.98,-1.2794691140688754,-0.47318282939889594,0.7925390568702132,2.6983420062698746,4.628142773347659,5.871796846734618
paper,small,2005-03-31,2006Q1,5,FFR,2.863381674858517,4.456666666666667,-1.59328499180815,-0.687319205075557,0.7145205998661837,2.84120325206778,5.032823025107204,6.4544505519795825
paper,small,2005-03-31,2006Q2,6,FFR,3.038142215062095,4.906666666666667,-1.8685244516045723,-0.8510143010254594,0.6674372844605757,3.040431942018146,5.3964343532755965,7.013285286874832
paper,small,2005-03-31,2006Q3,7,FFR,3.2337289957886095,5.246666666666667,-2.0129376708780575,-0.9737084170021173,0.7183510300143072,3.218099660248991,5.7686870018937455,7.450808595349609
paper,small,2005-03-31,2006Q4,8,FFR,3.3915075326276476,5.246666666666667,-1.8551591340390194,-1.082027533721881,0.7138095939135738,3.4007761643218433,6.056267600490262,7.835831016206014
paper,small,2005-03-31,2005Q1,1,GDP,931.3266327840278,960.0207528735932,-28.694120089565445,929.9593837883592,930.5071081487876,931.3211681600902,932.151972348427,932.7070615490985
paper,small,2005-03-31,2005Q2,2,GDP,932.1633485820647,960.5061772591148,-28.34282867705008,930.0184843583755,930.8578233576293,932.1681053080897,933.4621088183153,934.3319224997304
paper,small,2005-03-31,2005Q3,3,GDP,933.0579882458977,961.2887292981801,-28.230741052282383,930.2108810716333,931.3234579064392,933.0771373929949,934.7852095146512,935.9034946258189
paper,small,2005-03-31,2005Q4,4,GDP,933.918034314086,961.8550509042607,-27.93701659017472,930.4547662632586,931.840773481812,933.9178086045067,936.0097845050219,937.3671865091898
paper,small,2005-03-31,2006Q1,5,GDP,934.7618183838997,963.1947034740143,-28.43288509011461,930.806336331904,932.3406156340869,934.7667338603251,937.1963707582772,938.7611401633746
paper,small,2005-03-31,2006Q2,6,GDP,935.6007721102638,963.4399861405379,-27.839214030274093,931.0955068246549,932.9049346457309,935.5993572166699,938.3037583065103,940.0525316488095
paper,small,2005-03-31,2006Q3,7,GDP,936.442446768692,963.5903292567261,-27.147882488034156,931.5155298922725,933.4872186926034,936.4479246632959,939.4137530331734,941.3423766714869
paper,small,2005-03-31,2006Q4,8,GDP,937.276269167633,964.4305015999738,-27.15423243234079,931.8539492226137,934.0712268876423,937.2990099618523,940.4752924558973,942.5782727412761
paper,small,2005-06-30,2005Q2,1,DEFL,470.6397381199471,446.6850203488912,23.95471777105587,470.1731158279537,470.35841549349215,470.64207887465614,470.9213663084191,471.10251791041526
paper,small,2005-06-30,2005Q3,2,DEFL,471.34076549798476,447.5903970265225,23.750368471462252,470.5198886073233,470.84782029053935,471.3350639822547,471.8403332852728,472.16790984070553
paper,small,2005-06-30,2005Q4,3,DEFL,472.08478537786993,448.39625430524006,23.68853107262987,470.8623428891553,471.3480609035675,472.0831062577243,472.8098797077457,473.3146466492765
paper,small,2005-06-30,2006Q1,4,DEFL,472.8581155672543,449.0981931357204,23.75992243153388,471.19696881035867,471.8637068418471,472.84916325155996,473.848260305912,474.5563783826124
paper,small,2005-06-30,2006Q2,5,DEFL,473.6374876598398,449.9809670330265,23.65652062681329,471.4549418608709,472.3270639833675,473.6234271259443,474.9521309078601,475.8723656352376
paper,small,2005-06-30,2006Q3,6,DEFL,474.4305155395233,450.6763216075208,23.754193932002522,471.69865758600343,472.7712063414445,474.422405854089,476.0842034260709,477.21924084081945
paper,small,2005-06-30,2006Q4,7,DEFL,475.2377635110992,451.0496803385384,24.188083172560823,471.8987354084391,473.2172159896309,475.2242320973878,477.237381523991,478.6401286948102
paper,small,2005-06-30,2007Q1,8,DEFL,476.0555071259225,452.0037044010234,24.051802724899062,472.06435498363817,473.66042274549056,476.036500833782,478.42900410766026,480.100100200976
paper,small,2005-06-30,2005Q2,1,FFR,2.7001433053579067,2.9433333333333334,-0.24319002797542666,1.296478035052863,1.8501437139115349,2.6938068443031837,3.556103768187207,4.121996277134685
paper,small,2005-06-30,2005Q3,2,FFR,2.9659412442416024,3.4599999999999995,-0.4940587557583971,0.7815521248778798,1.6509513203798678,2.9692565711816528,4.275026821201755,5.142050115986925
paper,small,2005-06-30,2005Q4,3,FFR,3.1923155289674465,3.98,-0.7876844710325535,0.48387655594776124,1.5694897677225148,3.189923411725175,4.825823922584888,5.876719506662197
paper,small,2005-06-30,2006Q1,4,FFR,3.3536258377952146,4.456666666666667,-1.1030408288714524,0.22167242589305194,1.4542309732127194,3.3389296338039873,5.254774589371197,6.4910715195077175
paper,small,2005-06-30,2006Q2,5,FFR,3.5007324012950383,4.906666666666667,-1.405934265371629,-0.060787109475493914,1.377472237328224,3.4928587965744367,5.6383953993833105,7.020684617282655
paper,small,2005-06-30,2006Q3,6,FFR,3.6561152450323977,5.246666666666667,-1.5905514216342693,-0.2446602023958124,1.3454863890814754,3.658538114839844,5.993291949933942,7.521734241007899
paper,small,2005-06-30,2006Q4,7,FFR,3.7895941082827194,5.246666666666667,-1.4570725583839477,-0.3844093098364619,1.31565930553507,3.811516772550717,6.267579589850947,7.8743579255271205
paper,small,2005-06-30,2007Q1,8,FFR,3.911767710421016,5.256666666666667,-1.3448989562456508,-0.45594298516653936,1.2933571009919111,3.9236869307122912,6.524164064287185,8.257946657921389
paper,small,2005-06-30,2005Q2,1,GDP,932.3114506920562,960.5061772591148,-28.194726567058638,930.963114128889,931.4904526398665,932.3010521150449,933.1280101099361,933.6727414694985
paper,small,2005-06-30,2005Q3,2,GDP,933.1096129776676,961.2887292981801,-28.17911632051255,930.990581206217,931.8149620925465,933.1070974589952,934.3971855406778,935.2284128490678
paper,small,2005-06-30,2005Q4,3,GDP,933.8998266226877,961.8550509042607,-27.95522428157301,931.0794110960039,932.2013600232968,933.8871524612531,935.621153588599,936.722446552199
paper,small,2005-06-30,2006Q1,4,GDP,934.6582366162814,963.1947034740143,-28.536466857732876,931.2135099293782,932.5983329064201,934.6598054799703,936.7441401956336,938.1052224141614
paper,small,2005-06-30,2006Q2,5,GDP,935.4531442699548,963.4399861405379,-27.986841870583135,931.4463632618113,933.0651355507479,935.446812700597,937.8774904690528,939.4340053457577
paper,small,2005-06-30,2006Q3,6,GDP,936.2445514691343,963.5903292567261,-27.345777787591828,931.7448157671057,933.5824938864229,936.2593363695655,938.919593719153,940.6743878151714
paper,small,2005-06-30,2006Q4,7,GDP,937.0489579974486,964.4305015999738,-27.3815436025252,932.0635439746576,934.1197588271762,937.0868427735367,939.9776328092186,941.9064009037877
paper,small,2005-06-30,2007Q1,8,GDP,937.8375364991668,964.7236703008948,-26.886133801727965,932.4602808643879,934.6172707509072,937.8645635255132,941.0033065387981,943.0990516487997
paper,small,2005-09-30,2005Q3,1,DEFL,472.2199682534948,447.5903970265225,24.629571226972303,471.75719797408965,471.9370333055653,472.21918732264805,472.49935524770444,472.68463460382014
paper,small,2005-09-30,2005Q4,2,DEFL,472.97894743668223,448.39625430524006,24.58269313144217,472.1655323170271,472.4855678219723,472.9776599467224,473.4744055899363,473.80057345324263
paper,small,2005-09-30,2006Q1,3,DEFL,473.7566234368044,449.0981931357204,24.658430301083968,472.55568407194477,473.01733547122717,473.75364636135345,474.4918983888026,474.9633288194907
paper,small,2005-09-30,2006Q2,4,DEFL,474.53353962323365,449.9809670330265,24.55257259020715,472.89257353593285,473.5290058630369,474.5289505640737,475.5348190395616,476.1833224752604
paper,small,2005-09-30,2006Q3,5,DEFL,475.3251763362409,450.6763216075208,24.648854728720096,473.1590499479045,474.0175250108365,475.3218185681508,476.64299907191446,477.48377768441895
paper,small,2005-09-30,2006Q4,6,DEFL,476.12482936031336,451.0496803385384,25.075149021774962,473.4018882253027,474.49017901969523,476.12295392466876,477.769789609334,478.8366240076279
paper,small,2005-09-30,2007Q1,7,DEFL,476.9383819596439,452.0037044010234,24.93467755862048,473.5965203902828,474.9478319720173,476.9392375540328,478.92427288461533,480.26460629405193
paper,small,2005-09-30,2007Q2,8,DEFL,477.75681012776465,452.67004072796027,25.086769399804382,473.79281641662556,475.3948514188741,477.7630953238696,480.134843384438,481.66294504078036
paper,small,2005-09-30,2005Q3,1,FFR,3.19320936609836,3.4599999999999995,-0.2667906339016395,1.7790137340852574,2.3489320222894703,3.1979070511551435,4.036670114678543,4.594418028161591
paper,small,2005-09-30,2005Q4,2,FFR,3.3037245974472977,3.98,-0.6762754025527022,1.1439081026532276,1.9996633248266167,3.3046305241109115,4.611465083600367,5.47844695436801
paper,small,2005-09-30,2006Q1,3,FFR,3.434767670729536,4.456666666666667,-1.0218989959371312,0.7684935327789134,1.8057211746924342,3.4276241580551545,5.06685230587094,6.118641442084676
paper,small,2005-09-30,2006Q2,4,FFR,3.5861315693540528,4.906666666666667,-1.3205350973126144,0.440521399965568,1.6821110711782519,3.582928606951289,5.486560102248175,6.698111895285866
paper,small,2005-09-30,2006Q3,5,FFR,3.7091840586463785,5.246666666666667,-1.5374826080202886,0.18565991911509047,1.578287016013151,3.7196778987726216,5.831996212857287,7.238253099856748
paper,small,2005-09-30,2006Q4,6,FFR,3.8211426930329204,5.246666666666667,-1.4255239736337466,-0.054697559333654965,1.4861493475859084,3.8336796884034925,6.148665267833879,7.734155662941276
paper,small,2005-09-30,2007Q1,7,FFR,3.933771833560333,5.256666666666667,-1.322894833106334,-0.20538362948243236,1.4379206713562893,3.9449207543802625,6.406454331510084,8.049247901789615
paper,small,2005-09-30,2007Q2,8,FFR,4.052487731628668,5.25,-1.197512268371332,-0.2720949226306452,1.4350424581004795,4.0486350839800265,6.660686653591704,8.39371528114527
paper,small,2005-09-30,2005Q3,1,GDP,932.103743121201,961.2887292981801,-29.184986176979123,930.7391118795581,931.2949679151761,932.1028490354777,932.9226493426426,933.4602711538547
paper,small,2005-09-30,2005Q4,2,GDP,932.7715154006252,961.8550509042607,-29.083535503635517,930.6418757605142,931.4906919627371,932.7762301413887,934.0602375552031,934.8913778615022
paper,small,2005-09-30,2006Q1,3,GDP,933.4888931089317,963.1947034740143,-29.705810365082584,930.683159676789,931.7681901293726,933.4957317673448,935.1983789172066,936.2877911480728
paper,small,2005-09-30,2006Q2,4,GDP,934.2392376764409,963.4399861405379,-29.200748464097046,930.8208122848425,932.1679227283253,934.2587611871329,936.2975970519469,937.6642064785742
paper,small,2005-09-30,2006Q3,5,GDP,935.017085811958,963.5903292567261,-28.57324344476808,931.0471688075255,932.6329473589868,935.0286875671802,937.3995356000241,938.9885739112651
paper,small,2005-09-30,2006Q4,6,GDP,935.8079003002927,964.4305015999738,-28.62260129968115,931.3484523679525,933.1047733995077,935.8174568627965,938.4969033894623,940.3077517201958
paper,small,2005-09-30,2007Q1,7,GDP,936.5946032687424,964.7236703008948,-28.12906703215242,931.6897015995976,933.6346651114642,936.6176547347661,939.5199349879086,941.4929980621889
paper,small,2005-09-30,2007Q2,8,GDP,937.37540412088,965.3600754705748,-27.984671349694736,932.0106910552414,934.2043360790568,937.4001127947568,940.5689454863073,942.6535097254242
paper,small,2005-12-31,2005Q4,1,DEFL,473.1301457073343,448.39625430524006,24.73389140209423,472.6620803679392,472.8497190178084,473.13006829121815,473.41075875009335,473.5919025426594
paper,small,2005-12-31,2006Q1,2,DEFL,473.9608980480746,449.0981931357204,24.862704912354218,473.1451758586694,473.4745514016029,473.96209890959483,474.44951510566733,474.77979346436996
paper,small,2005-12-31,2006Q2,3,DEFL,474.80415344195274,449.9809670330265,24.823186408926233,473.604918510981,474.085555803796,474.8033303583897,475.5270448664175,476.0144858170531
paper,small,2005-12-31,2006Q3,4,DEFL,475.6734175530515,450.6763216075208,24.997095945530702,474.0384457448971,474.6914580578467,475.66584083559985,476.65895829417326,477.3206306377206
paper,small,2005-12-31,2006Q4,5,DEFL,476.5501662653599,451.0496803385384,25.50048592682151,474.41563378294796,475.2674160065276,476.5471469656318,477.84759044949726,478.71163672186606
paper,small,2005-12-31,2007Q1,6,DEFL,477.4322836086051,452.0037044010234,25.428579207581663,474.7403132064401,475.82039662395806,477.4218228592109,479.04684013312004,480.1396061348812
paper,small,2005-12-31,2007Q2,7,DEFL,478.31885341093715,452.67004072796027,25.64881268297688,475.04901036903243,476.357640037499,478.2992713591066,480.2917940742952,481.63512946044506
paper,small,2005-12-31,2007Q3,8,DEFL,479.21646821766177,453.18788034112526,26.028587876536506,475.309916971154,476.8962329781709,479.18316474537187,481.56668418764497,483.1214077236761
paper,small,2005-12-31,2005Q4,1,FFR,3.6862402610168874,3.98,-0.2937597389831126,2.26825157504301,2.8422115260292555,3.6909270588825143,4.533989145928354,5.093886748305497
paper,small,2005-12-31,2006Q1,2,FFR,3.8831223042736647,4.456666666666667,-0.5735443623930023,1.734192183667687,2.576876891589516,3.88063405574521,5.190038517214544,6.075817284654609
paper,small,2005-12-31,2006Q2,3,FFR,4.069864841677488,4.906666666666667,-0.8368018249891795,1.3630088286521063,2.4651599294025033,4.074445234728053,5.682431687391182,6.7614323769670746
paper,small,2005-12-31,2006Q3,4,FFR,4.203184402590561,5.246666666666667,-1.043482264076106,1.05099191215588,2.3052376242263395,4.2151412383437865,6.100461069939044,7.359340792300516
paper,small,2005-12-31,2006Q4,5,FFR,4.309058047148449,5.246666666666667,-0.9376086195182181,0.7657767065320017,2.183870481793926,4.296685357967755,6.42767190024863,7.856922698371453
paper,small,2005-12-31,2007Q1,6,FFR,4.4315951422990425,5.256666666666667,-0.8250715243676243,0.5910101217416611,2.1176314009189166,4.428790706869414,6.738461500364581,8.288253055937888
paper,small,2005-12-31,2007Q2,7,FFR,4.540278154017566,5.25,-0.7097218459824344,0.41909470109636404,2.0576073993850748,4.546721339935346,7.0145516092612334,8.659613521278482
paper,small,2005-12-31,2007Q3,8,FFR,4.625589632498726,5.073333333333333,-0.44774370083460724,0.2295985592004882,2.022398389826058,4.6220467417661,7.237294841046478,8.92769235328988
paper,small,2005-12-31,2005Q4,1,GDP,933.1423332356505,961.8550509042607,-28.71271766861014,931.804610143388,932.325419673146,933.1437451013841,933.9600095540076,934.4929793182052
paper,small,2005-12-31,2006Q1,2,GDP,933.8627336242841,963.1947034740143,-29.33196984973017,931.7576871963595,932.5909492196938,933.8571371900346,935.1201146841026,935.9930566463817
paper,small,2005-12-31,2006Q2,3,GDP,934.6028888330986,963.4399861405379,-28.837097307439308,931.8038423176696,932.9245911453063,934.5842721994811,936.283933309598,937.4267655402028
paper,small,2005-12-31,2006Q3,4,GDP,935.339116766838,963.5903292567261,-28.25121248988819,931.9137474758619,933.304549930797,935.3313218190405,937.3807057851662,938.7508006057864
paper,small,2005-12-31,2006Q4,5,GDP,936.0897815855468,964.4305015999738,-28.340720014427006,932.1018761566856,933.726307027047,936.0931250959679,938.4552209114066,940.0492358780443
paper,small,2005-12-31,2007Q1,6,GDP,936.855552280988,964.7236703008948,-27.868118019906774,932.4224435363615,934.1953193397829,936.8729284109525,939.485670765818,941.2627960193704
paper,small,2005-12-31,2007Q2,7,GDP,937.6290074465917,965.3600754705748,-27.731068023983084,932.7466926423319,934.7243679692094,937.6464893651494,940.5169135421697,942.4711484444034
paper,small,2005-12-31,2007Q3,8,GDP,938.4075736580592,965.9605755120938,-27.55300185403462,933.0842346170954,935.251424913532,938.4176264413016,941.5614644441397,943.7222912597525
paper,small,2006-03-31,2006Q1,1,DEFL,474.0440249622885,449.0981931357204,24.94583182656811,473.5796745387313,473.76394104088735,474.0437596009816,474.3238833986075,474.5088430143911
paper,small,2006-03-31,2006Q2,2,DEFL,474.9186276573356,449.9809670330265,24.937660624309103,474.10353289587766,474.42624507772155,474.9184146313776,475.4139825026379,475.7353897409212
paper,small,2006-03-31,2006Q3,3,DEFL,475.81173137215876,450.6763216075208,25.135409764637984,474.6069942962564,475.09065975465677,475.810161077556,476.5402167510669,477.0347154188348
paper,small,2006-03-31,2006Q4,4,DEFL,476.7042035943046,451.0496803385384,25.654523255766208,475.06090657784915,475.70539942097673,476.70213523269456,477.70488492432486,478.3767853207756
paper,small,2006-03-31,2007Q1,5,DEFL,477.6016775606654,452.0037044010234,25.59797315964198,475.4381494960409,476.29446081990045,477.5994328737138,478.9166952344608,479.78691669632906
paper,small,2006-03-31,2007Q2,6,DEFL,478.5027604976047,452.67004072796027,25.832719769644427,475.80147327526515,476.84655125652904,478.50443009386606,480.14971091170156,481.22719526447315
paper,small,2006-03-31,2007Q3,7,DEFL,479.4093254902804,453.18788034112526,26.22144514915516,476.12692275202414,477.3995237378669,479.3899468580572,481.4100798106755,482.7436435349644
paper,small,2006-03-31,2007Q4,8,DEFL,480.3220042849104,453.61094550558823,26.711058779322173,476.43904341238044,477.94288530229426,480.30314489050505,482.6868823905943,484.25447214433217
paper,small,2006-03-31,2006Q1,1,FFR,4.132347826036515,4.456666666666667,-0.32431884063015204,2.721848991054822,3.2970086203533495,4.130472620011621,4.980493332427354,5.5230566382566
paper,small,2006-03-31,2006Q2,2,FFR,4.21726649137347,4.906666666666667,-0.6894001752931969,2.075959430179711,2.924288903686361,4.2186257689790025,5.499171168276514,6.347868354874349
paper,small,2006-03-31,2006Q3,3,FFR,4.3157874869252275,5.246666666666667,-0.9308791797414395,1.6375177170641289,2.7054053293436247,4.325300014881844,5.917221831454696,6.988418804162818
paper,small,2006-03-31,2006Q4,4,FFR,4.41579820836767,5.246666666666667,-0.8308684582989967,1.3221169747257364,2.555868932175808,4.419881402758708,6.279277469552886,7.505966516565816
paper,small,2006-03-31,2007Q1,5,FFR,4.49599272048609,5.256666666666667,-0.7606739461805772,1.02632975428123,2.4297055354471255,4.495039719950382,6.570705444627202,7.97355987241721
paper,small,2006-03-31,2007Q2,6,FFR,4.590910940764153,5.25,-0.6590890592358472,0.7707526647340707,2.3161780591988856,4.586324824668116,6.847438874143847,8.397723095478856
paper,small,2006-03-31,2007Q3,7,FFR,4.7017876501141185,5.073333333333333,-0.3715456832192148,0.5902983929520347,2.2802901283465897,4.711892888221829,7.122910599750634,8.754833859852086
paper,small,2006-03-31,2007Q4,8,FFR,4.799774324527362,4.496666666666667,0.3031076578606946,0.47997320617125466,2.261555869705362,4.7884338389315175,7.366284526402651,9.121009284077095
paper,small,2006-03-31,2006Q1,1,GDP,933.4519591656655,963.1947034740143,-29.742744308348847,932.0985726958894,932.6308086892872,933.4523701277649,934.2601163162383,934.8184033501221
paper,small,2006-03-31,2006Q2,2,GDP,934.0567933565758,963.4399861405379,-29.38319278396216,931.9516010312426,932.7850471304686,934.0540882944472,935.3255234148107,936.2066761406811
paper,small,2006-03-31,2006Q3,3,GDP,934.7152755728331,963.5903292567261,-28.875053683893043,931.9090803823003,933.0227795604252,934.7152555112777,936.4071213217859,937.5364968409004
paper,small,2006-03-31,2006Q4,4,GDP,935.4144736949283,964.4305015999738,-29.016027905045462,932.0011097470696,933.3757060935759,935.4148686294147,937.4905780390166,938.8154306682765
paper,small,2006-03-31,2007Q1,5,GDP,936.1597558264671,964.7236703008948,-28.563914474427747,932.160223595568,933.8029810780765,936.159576364823,938.5573844923754,940.1207927503882
paper,small,2006-03-31,2007Q2,6,GDP,936.9154025540352,965.3600754705748,-28.444672916539616,932.447806181611,934.2582513550469,936.9180360767546,939.5989615140651,941.3382625055505
paper,small,2006-03-31,2007Q3,7,GDP,937.6821119344607,965.9605755120938,-28.278463577633033,932.7769648643429,934.7859474970544,937.6942298484396,940.6132285792157,942.5015023267925
paper,small,2006-03-31,2007Q4,8,GDP,938.4518311558463,966.5683687041123,-28.116537548266024,933.1852464939767,935.3245870222071,938.4729351367732,941.6395229484896,943.6580358017173
paper,small,2006-06-30,2006Q2,1,DEFL,474.79157354129376,449.9809670330265,24.810606508267256,474.3326390253411,474.5121701387132,474.78914443892904,475.0719535150973,475.25491068059773
paper,small,2006-06-30,2006Q3,2,DEFL,475.6600911834742,450.6763216075208,24.98376957595343,474.8517163550435,475.17373824427466,475.6604171275949,476.1490749747009,476.4665504417615
paper,small,2006-06-30,2006Q4,3,DEFL,476.54131140371544,451.0496803385384,25.491631065177046,475.3556956458053,475.8192569175734,476.5384562550646,477.26729462268287,477.74327213072036
paper,small,2006-06-30,2007Q1,4,DEFL,477.42658557348864,452.0037044010234,25.422881172465225,475.81739371400863,476.4426381133775,477.4242338213187,478.4028414748477,479.0575539223444
paper,small,2006-06-30,2007Q2,5,DEFL,478.31353178305636,452.67004072796027,25.643491055096092,476.192175323797,477.0312062406427,478.31141369667023,479.61095006976154,480.45718740132105
paper,small,2006-06-30,2007Q3,6,DEFL,479.20130627571234,453.18788034112526,26.013425934587076,476.5249574617863,477.59514661558086,479.1998808462003,480.83128578398845,481.90552337226916
paper,small,2006-06-30,2007Q4,7,DEFL,480.0921829943436,453.61094550558823,26.48123748875537,476.86199704090143,478.1456272704896,480.08797350973447,482.0570100593844,483.33925671097865
paper,small,2006-06-30,2008Q1,8,DEFL,480.9830674741557,453.9617817747856,27.021285699370083,477.1444052622146,478.67309096805275,480.9795528072251,483.29900796191885,484.83469306828613
paper,small,2006-06-30,2006Q2,1,FFR,4.68931681414176,4.906666666666667,-0.21734985252490713,3.270749875416407,3.8431282859393763,4.6888198327247785,5.546477765425874,6.0940019923194795
paper,small,2006-06-30,2006Q3,2,FFR,4.807875616912805,5.246666666666667,-0.43879104975386163,2.6392812479617773,3.5071334854690503,4.815326269208198,6.105755799630981,6.956985588949881
paper,small,2006-06-30,2006Q4,3,FFR,4.916111594235831,5.246666666666667,-0.33055507243083593,2.262586554185096,3.31755698567325,4.90902808095496,6.506923887121174,7.578363849496223
paper,small,2006-06-30,2007Q1,4,FFR,5.01468379004268,5.256666666666667,-0.24198287662398688,1.9356155721008808,3.164882929668065,5.004793932135371,6.877328342323182,8.12735715487285
paper,small,2006-06-30,2007Q2,5,FFR,5.068795192943676,5.25,-0.18120480705632414,1.6394675770777547,2.971246961860421,5.045282103611006,7.1861233125514055,8.552488562380343
paper,small,2006-06-30,2007Q3,6,FFR,5.119983731191532,5.073333333333333,0.04665039785819847,1.4117471991459356,2.850260006996839,5.113264641079967,7.38567665434523,8.927732299617457
paper,small,2006-06-30,2007Q4,7,FFR,5.180584724376117,4.496666666666667,0.6839180577094499,1.1864876245376994,2.7609926879357927,5.164489174240636,7.589351190586031,9.22749567634992
paper,small,2006-06-30,2008Q1,8,FFR,5.239281728104637,3.1766666666666663,2.062615061437971,0.9831732987589429,2.6957792703698695,5.2098277753306075,7.788888702588048,9.566668573547384
paper,small,2006-06-30,2006Q2,1,GDP,934.8772731777761,963.4399861405379,-28.562712962761793,933.5368504332957,934.0687318750493,934.8747339986528,935.6922551974029,936.2195453483287
paper,small,2006-06-30,2006Q3,2,GDP,935.5566340095608,963.5903292567261,-28.033695247165383,933.4793850027728,934.2881898022284,935.5429987064513,936.8362274212573,937.6799076350436
paper,small,2006-06-30,2006Q4,3,GDP,936.2662112416746,964.4305015999738,-28.16429035829924,933.4795662251672,934.5832329443778,936.2617882005725,937.9576948471804,939.0485317907185
paper,small,2006-06-30,2007Q1,4,GDP,936.9901137601503,964.7236703008948,-27.73355654074453,933.588459348711,934.9330189374916,936.9979773747641,939.0393473305096,940.3551271631916
paper,small,2006-06-30,2007Q2,5,GDP,937.7325011931534,965.3600754705748,-27.62757427742133,933.7726753832486,935.374618685853,937.7542438045042,940.0729573906069,941.5989593428976
paper,small,2006-06-30,2007Q3,6,GDP,938.4840103710059,965.9605755120938,-27.476565141087917,934.0656965269413,935.8644080948325,938.508216791658,941.1164272997518,942.7995351565597
paper,small,2006-06-30,2007Q4,7,GDP,939.2531613532111,966.5683687041123,-27.315207350901233,934.4191318975811,936.3852533162867,939.2557238448682,942.1156009093421,943.9917572996826
paper,small,2006-06-30,2008Q1,8,GDP,940.0246684541929,966.1601069749734,-26.13543852078044,934.876540136658,936.9612558713719,940.025000702439,943.1041314949439,945.162124967084
paper,small,2006-09-30,2006Q3,1,DEFL,476.1258550751078,450.6763216075208,25.449533467587003,475.6674034692747,475.8485556461261,476.1256425816975,476.40150337465826,476.58670897434075
paper,small,2006-09-30,2006Q4,2,DEFL,476.9962883754066,451.0496803385384,25.946608036868213,476.19797152306836,476.51075713570424,476.9964419178581,477.47637810094466,477.8023476472288
paper,small,2006-09-30,2007Q1,3,DEFL,477.87684723101177,452.0037044010234,25.873142829988353,476.69036811071015,477.1628089641208,477.87370460098623,478.5871007161093,479.0751855478619
paper,small,2006-09-30,2007Q2,4,DEFL,478.74996849342483,452.67004072796027,26.07992776546456,477.1237201936099,477.77435769161525,478.7441085225536,479.73212012492064,480.38474574638724
paper,small,2006-09-30,2007Q3,5,DEFL,479.6278140687853,453.18788034112526,26.439933727660048,477.5054870476794,478.34532416717724,479.61961916655025,480.91349243898384,481.77164755639933
paper,small,2006-09-30,2007Q4,6,DEFL,480.5035157939518,453.61094550558823,26.892570288363572,477.8495772529815,478.8880392324172,480.48601423738205,482.1249437408146,483.18984759165886
paper,small,2006-09-30,2008Q1,7,DEFL,481.3799730481282,453.9617817747856,27.418191273342586,478.16262121630365,479.41590553013646,481.35721242124845,483.3518355660505,484.65377677390313
paper,small,2006-09-30,2008Q2,8,DEFL,482.25964828977163,454.46768055591286,27.79196773385877,478.45959862492595,479.9427177738444,482.233991751548,484.580787423695,486.14222883949236
paper,small,2006-09-30,2006Q3,1,FFR,5.02862955423397,5.246666666666667,-0.21803711243269674,3.642167167078872,4.182760351316104,5.030188587959435,5.881613686100723,6.427608674362977
paper,small,2006-09-30,2006Q4,2,FFR,5.071743463797018,5.246666666666667,-0.1749232028696488,2.938555736924664,3.791954949466391,5.070778110177239,6.363608097824107,7.214204536674009
paper,small,2006-09-30,2007Q1,3,FFR,5.1297914960177335,5.256666666666667,-0.12687517064893328,2.5202480792676947,3.540984245163722,5.121256247669139,6.718492578293425,7.765850547590104
paper,small,2006-09-30,2007Q2,4,FFR,5.185001922461585,5.25,-0.06499807753841491,2.139833459581009,3.3511985270465616,5.178202958133567,7.005725318354865,8.242757557570549
paper,small,2006-09-30,2007Q3,5,FFR,5.20969969094591,5.073333333333333,0.13636635761257665,1.7836899877289016,3.1558163579251186,5.204346906279071,7.263750854786579,8.678833544227059
paper,small,2006-09-30,2007Q4,6,FFR,5.234301266105135,4.496666666666667,0.7376345994384677,1.4942573350080317,3.011551792651473,5.229246769350694,7.474642977260781,8.989298901544508
paper,small,2006-09-30,2008Q1,7,FFR,5.284742587612724,3.1766666666666663,2.108075920946058,1.2834469377393911,2.879412704908414,5.287861150829483,7.679305047488042,9.26442011683638
paper,small,2006-09-30,2008Q2,8,FFR,5.325783404169057,2.0866666666666664,3.2391167375023904,1.0868862143498754,2.7946408229870827,5.322225127817402,7.84716462005456,9.557192020522326
paper,small,2006-09-30,2006Q3,1,GDP,934.6833319268156,963.5903292567261,-28.906997329910496,933.3337464896698,933.8691840090069,934.6878412911974,935.4969460793116,936.0193186055492
paper,small,2006-09-30,2006Q4,2,GDP,935.292965029528,964.4305015999738,-29.137536570445832,933.2014770882773,934.01774124403,935.2873798362157,936.576050946872,937.4118563977884
paper,small,2006-09-30,2007Q1,3,GDP,935.9739980751252,964.7236703008948,-28.749672225769586,933.1816844957921,934.310097141118,935.9678828575707,937.6436833814735,938.7436322665542
paper,small,2006-09-30,2007Q2,4,GDP,936.6775239930937,965.3600754705748,-28.68255147748107,933.2943244784014,934.6534346751803,936.6766874020572,938.7194963109337,940.0227709515829
paper,small,2006-09-30,2007Q3,5,GDP,937.4051043356355,965.9605755120938,-28.55547117645824,933.4931936270666,935.0712759611702,937.3957974396088,939.7506918721933,941.3010976561239
paper,small,2006-09-30,2007Q4,6,GDP,938.1599180091765,966.5683687041123,-28.408450694935823,933.8088241963957,935.5321788009105,938.1532173288717,940.8029963968306,942.4768500242441
paper,small,2006-09-30,2008Q1,7,GDP,938.9172853792581,966.1601069749734,-27.242821595715213,934.0773059263892,936.0382761557478,938.9220961443997,941.8306413924814,943.6637601299286
paper,small,2006-09-30,2008Q2,8,GDP,939.6808986563101,966.730770931016,-27.049872274705876,934.5037645439877,936.5998830816906,939.6685116093861,942.8029691521596,944.8151850797052
paper,small,2006-12-31,2006Q4,1,DEFL,476.4467384632171,451.0496803385384,25.397058124678722,475.98547543906346,476.16545769254344,476.4473052887399,476.72614907159215,476.9101921642757
paper,small,2006-12-31,2007Q1,2,DEFL,477.1604889175553,452.0037044010234,25.1567845165319,476.3494903139084,476.6768338274199,477.1598045901905,477.6460372097568,477.9695113291066
paper,small,2006-12-31,2007Q2,3,DEFL,477.85727095869015,452.67004072796027,25.18723023072988,476.6617363422685,477.1357292729233,477.8600209224997,478.5738957964461,479.0450352050105
paper,small,2006-12-31,2007Q3,4,DEFL,478.51781319490067,453.18788034112526,25.329932853775404,476.8789360792282,477.5383735845167,478.52325907048214,479.4937591500986,480.13254094037194
paper,small,2006-12-31,2007Q4,5,DEFL,479.20335764561037,453.61094550558823,25.592412140022134,477.0749652405408,477.9174222444564,479.20658396405463,480.4832569474109,481.34902333187534
paper,small,2006-12-31,2008Q1,6,DEFL,479.883661024789,453.9617817747856,25.92187925000337,477.2086725304473,478.2748150573939,479.8833713100655,481.49297191695536,482.5402993274861
paper,small,2006-12-31,2008Q2,7,DEFL,480.5726335139144,454.46768055591286,26.104952958001547,477.32179490720034,478.63361027635136,480.57947645933064,482.533521927807,483.8060529462932
paper,small,2006-12-31,2008Q3,8,DEFL,481.2675863749004,455.2191261197205,26.04846025517992,477.4072169508814,478.9672958993788,481.27810762309514,483.5879526984788,485.0960786157857
paper,small,2006-12-31,2006Q4,1,FFR,5.077427978647443,5.246666666666667,-0.16923868801922382,3.6791372268134865,4.235943590677352,5.082082952797311,5.916109155082138,6.466916233381444
paper,small,2006-12-31,2007Q1,2,FFR,4.819512548695799,5.256666666666667,-0.43715411797086823,2.678139569856231,3.5394988183113845,4.834136691817118,6.085110236848409,6.95312939212423
paper,small,2006-12-31,2007Q2,3,FFR,4.764266718822306,5.25,-0.4857332811776942,2.122989285194739,3.1895849364023126,4.758989799773126,6.346865714723521,7.389789985552621
paper,small,2006-12-31,2007Q3,4,FFR,4.796541737656084,5.073333333333333,-0.2767915956772491,1.7330783272741888,2.947698038969474,4.777158218856172,6.644951573785085,7.854290168076983
paper,small,2006-12-31,2007Q4,5,FFR,4.76266665421208,4.496666666666667,0.2659999875454133,1.3431895955240774,2.696436835125518,4.745259784981936,6.844711472683729,8.191553151390224
paper,small,2006-12-31,2008Q1,6,FFR,4.745641730700904,3.1766666666666663,1.568975064034238,1.0500052037653378,2.5147728169893298,4.741938523635255,7.004528232494144,8.470925415598426
paper,small,2006-12-31,2008Q2,7,FFR,4.775860400622982,2.0866666666666664,2.6891937339563152,0.8043383460642148,2.411752634789061,4.7672133167040585,7.188516131996794,8.767351687779627
paper,small,2006-12-31,2008Q3,8,FFR,4.833259865127405,1.9400000000000002,2.893259865127405,0.6338072215588196,2.33214136481013,4.811692025060823,7.364708099263313,9.102632959125753
paper,small,2006-12-31,2006Q4,1,GDP,934.9590830621838,964.4305015999738,-29.471418537789987,933.6021354501412,934.1471475050377,934.9622134772587,935.7699389832617,936.2962616982705
paper,small,2006-12-31,2007Q1,2,GDP,935.4655484070728,964.7236703008948,-29.25812189382202,933.3815709243302,934.2020607124261,935.4692709474829,936.7169619618649,937.5239679237802
paper,small,2006-12-31,2007Q2,3,GDP,936.181629075071,965.3600754705748,-29.178446395503784,933.4307693291555,934.5075256121206,936.1764832839439,937.85927699382,938.9089176789447
paper,small,2006-12-31,2007Q3,4,GDP,936.9960517796409,965.9605755120938,-28.964523732452903,933.6445064225513,934.9822271634556,936.9962140999961,939.0155372632377,940.3391688908238
paper,small,2006-12-31,2007Q4,5,GDP,937.8000539455153,966.5683687041123,-28.768314758597057,933.8953746497228,935.4872833483688,937.7937984782234,940.1432153569716,941.6503455460465
paper,small,2006-12-31,2008Q1,6,GDP,938.6197989354308,966.1601069749734,-27.540308039542538,934.2596566948802,936.0572735687545,938.6205306974214,941.2137711736216,942.905256694117
paper,small,2006-12-31,2008Q2,7,GDP,939.462380376409,966.730770931016,-27.26839055460698,934.677501224844,936.6186455490442,939.4694720289083,942.2854476500071,944.1791915878051
paper,small,2006-12-31,2008Q3,8,GDP,940.2997485270172,966.2024850530005,-25.9027365259833,935.1717755468478,937.2444065047393,940.3139972093427,943.3470812603523,945.3691621682954
paper,small,2007-03-31,2007Q1,1,DEFL,476.722723761558,452.0037044010234,24.71901936053456,476.2644699457543,476.4407370464474,476.7237978608158,477.00114926179384,477.1824701911137
paper,small,2007-03-31,2007Q2,2,DEFL,477.28424726484604,452.67004072796027,24.614206536885774,476.4670444423825,476.79332675959006,477.2864875860212,477.7747747738034,478.0968567945154
paper,small,2007-03-31,2007Q3,3,DEFL,477.8104915575044,453.18788034112526,24.62261121637914,476.59737660326147,477.0810358115497,477.8190062778525,478.5395230562868,479.0018642927328
paper,small,2007-03-31,2007Q4,4,DEFL,478.33220881470646,453.61094550558823,24.72126330911823,476.689036275181,477.33381269392305,478.34038875660076,479.326631964744,479.95913932066424
paper,small,2007-03-31,2008Q1,5,DEFL,478.869587724816,453.9617817747856,24.907805950030365,476.7323638726533,477.56437946666165,478.8805442185341,480.17108924044203,480.9951023763946
paper,small,2007-03-31,2008Q2,6,DEFL,479.4132189677957,454.46768055591286,24.945538411882808,476.73508574434885,477.8049967230311,479.425736338208,481.031076038536,482.0865156851371
paper,small,2007-03-31,2008Q3,7,DEFL,479.96207347966833,455.2191261197205,24.742947359947834,476.714564701804,478.0008588432836,479.9618632806569,481.9352078199476,483.2176754403384
paper,small,2007-03-31,2008Q4,8,DEFL,480.51970751006303,455.45608681615494,25.063620693908092,476.6534246505142,478.2012731949963,480.5298588278307,482.85267152526217,484.32451646736064
paper,small,2007-03-31,2007Q1,1,FFR,4.904370547713965,5.256666666666667,-0.35229611895270185,3.522332499794012,4.06257701268558,4.903972681658072,5.74474655383354,6.301148272870286
paper,small,2007-03-31,2007Q2,2,FFR,4.674986833238629,5.25,-0.5750131667613712,2.534398951527979,3.400871003508244,4.677281104923967,5.961402919625197,6.79614425977278
paper,small,2007-03-31,2007Q3,3,FFR,4.643068229267344,5.073333333333333,-0.43026510406598906,2.001604601978042,3.0704759180301484,4.659133681841612,6.213107612006071,7.251036802385138
paper,small,2007-03-31,2007Q4,4,FFR,4.606738125594872,4.496666666666667,0.11007145892820525,1.5272128094769515,2.775467172590778,4.618995455231133,6.435189727201589,7.675919990441049
paper,small,2007-03-31,2008Q1,5,FFR,4.54081852915077,3.1766666666666663,1.3641518624841038,1.0731712158321156,2.4798376213021998,4.562248033078065,6.572475944923478,7.966590293535326
paper,small,2007-03-31,2008Q2,6,FFR,4.525305456369325,2.0866666666666664,2.4386387897026585,0.7672323838938426,2.2742365476660824,4.534613388184226,6.754755545136435,8.218609913861046
paper,small,2007-03-31,2008Q3,7,FFR,4.546125074870596,1.9400000000000002,2.6061250748705955,0.5639222117674489,2.154278887047813,4.547061066578118,6.949177794888629,8.505921443294202
paper,small,2007-03-31,2008Q4,8,FFR,4.568859558454808,0.5066666666666667,4.062192891788142,0.38046145926722047,2.05030552067517,4.5528076859816,7.107333470508598,8.789203398451702
paper,small,2007-03-31,2007Q1,1,GDP,935.5554905096244,964.7236703008948,-29.168179791270404,934.2182866145549,934.7520819406545,935.5479909937765,936.3711340008696,936.8896762701548
paper,small,2007-03-31,2007Q2,2,GDP,936.1901292661477,965.3600754705748,-29.169946204427106,934.1102809124992,934.9451931840823,936.1851638263381,937.4466329193123,938.2665569744804
paper,small,2007-03-31,2007Q3,3,GDP,937.0187784795166,965.9605755120938,-28.941797032577142,934.2742749979252,935.3693642344695,937.0165216491374,938.6714981569064,939.7728997829901
paper,small,2007-03-31,2007Q4,4,GDP,937.8870960239733,966.5683687041123,-28.681272680139045,934.5710489220631,935.8865326980757,937.8986683646867,939.8966375217468,941.2322990623433
paper,small,2007-03-31,2008Q1,5,GDP,938.7498443502113,966.1601069749734,-27.410262624762026,934.9083822768478,936.4254145143335,938.7564764312365,941.0634475914518,942.5901806641439
paper,small,2007-03-31,2008Q2,6,GDP,939.6218653248307,966.730770931016,-27.108905606185317,935.2604115274759,937.044688039555,939.6314047487263,942.2132415573051,943.9389586560849
paper,small,2007-03-31,2008Q3,7,GDP,940.4944093622308,966.2024850530005,-25.708075690769647,935.713412136864,937.659856360845,940.518633121077,943.3519966158619,945.1596085962615
paper,small,2007-03-31,2008Q4,8,GDP,941.3709417536043,963.9952057445751,-22.624263990970803,936.1888692657045,938.2993242186661,941.4031019332064,944.4373554532725,946.4522947182808
paper,small,2007-06-30,2007Q2,1,DEFL,477.91082621281856,452.67004072796027,25.240785484858293,477.4528251232624,477.63301731266694,477.910677461687,478.19081956708294,478.3727220746697
paper,small,2007-06-30,2007Q3,2,DEFL,478.6401776435523,453.18788034112526,25.45229730242704,477.83771181005346,478.15269426122376,478.633980785114,479.12660532013814,479.4551828372019
paper,small,2007-06-30,2007Q4,3,DEFL,479.37242548464974,453.61094550558823,25.761479979061505,478.1984205581975,478.6543976476687,479.3644767311906,480.0927923998214,480.5758716063713
paper,small,2007-06-30,2008Q1,4,DEFL,480.1453070293843,453.9617817747856,26.183525254598692,478.5189487554394,479.16810125991884,480.13698528696716,481.1284954638718,481.78682330966376
paper,small,2007-06-30,2008Q2,5,DEFL,480.8984891949875,454.46768055591286,26.430808639074655,478.78715171478837,479.62096388094494,480.89074359252334,482.1730129433908,483.0462196324006
paper,small,2007-06-30,2008Q3,6,DEFL,481.6526620146803,455.2191261197205,26.43353589495979,479.01613085761886,480.0532031119439,481.64651424537396,483.24208685523706,484.3275091453047
paper,small,2007-06-30,2008Q4,7,DEFL,482.41223642272644,455.45608681615494,26.9561496065715,479.19435318000933,480.47169778599346,482.39985204452944,484.34169436394063,485.6759958981564
paper,small,2007-06-30,2009Q1,8,DEFL,483.1760975743085,455.406634733688,27.76946284062052,479.348454791034,480.8906266434087,483.1668298446551,485.47000797637463,487.05424302280437
paper,small,2007-06-30,2007Q2,1,FFR,5.16560991055263,5.25,-0.08439008944737036,3.764310742518636,4.326062187665754,5.169183372081157,5.9970890929091745,6.564951382226496
paper,small,2007-06-30,2007Q3,2,FFR,5.255792960051912,5.073333333333333,0.18245962671857896,3.1283922673439863,3.976511242200845,5.247141123667994,6.531818184437316,7.393067497105994
paper,small,2007-06-30,2007Q4,3,FFR,5.265133869646698,4.496666666666667,0.7684672029800312,2.657423075779574,3.6785552416807064,5.2564481187460945,6.843944097360456,7.913552284505024
paper,small,2007-06-30,2008Q1,4,FFR,5.172321692437103,3.1766666666666663,1.995655025770437,2.114887185681763,3.3212405288017974,5.172505463513055,7.019753393448924,8.234515008950586
paper,small,2007-06-30,2008Q2,5,FFR,5.161113275257117,2.0866666666666664,3.0744466085904505,1.7299084912091214,3.1121651254617917,5.161754682203882,7.234893241093053,8.576143771508143
paper,small,2007-06-30,2008Q3,6,FFR,5.2063243309077665,1.9400000000000002,3.266324330907766,1.474063211689445,2.979361070015925,5.212445290135648,7.436001254757117,8.91998068874873
paper,small,2007-06-30,2008Q4,7,FFR,5.232086923441125,0.5066666666666667,4.725420256774458,1.2567260498752506,2.8790092702471823,5.229690141087083,7.611221338428789,9.208005759144042
paper,small,2007-06-30,2009Q1,8,FFR,5.253431522777093,0.18333333333333335,5.070098189443759,1.0361966239737685,2.760677519126731,5.27205188535509,7.731626745568408,9.452729618892114
paper,small,2007-06-30,2007Q2,1,GDP,936.0006586846899,965.3600754705748,-29.359416785884832,934.664020856141,935.1914732436702,936.0071463779518,936.8061875751425,937.3230700512805
paper,small,2007-06-30,2007Q3,2,GDP,936.7679067631135,965.9605755120938,-29.19266874898028,934.6785254619657,935.4982092698336,936.7781343919219,938.0254346950608,938.8510046585249
paper,small,2007-06-30,2007Q4,3,GDP,937.505353381107,966.5683687041123,-29.06301532300529,934.7107745898015,935.8290812634792,937.512429911394,939.174637631156,940.2447613064409
paper,small,2007-06-30,2008Q1,4,GDP,938.2295936906761,966.1601069749734,-27.930513284297263,934.850291506292,936.212466092797,938.2388354927555,940.2568205381573,941.5550420576383
paper,small,2007-06-30,2008Q2,5,GDP,939.0066085400317,966.730770931016,-27.724162390984247,935.1102895161683,936.6967669401374,939.0108566043746,941.3416990048406,942.8703776123277
paper,small,2007-06-30,2008Q3,6,GDP,939.8261910792785,966.2024850530005,-26.376293973722,935.4371727286192,937.231519278216,939.8348780818128,942.4169582195233,944.1417189502284
paper,small,2007-06-30,2008Q4,7,GDP,940.6333815426968,963.9952057445751,-23.36182420187822,935.8180038204928,937.7868830019861,940.6637595538778,943.4581002835693,945.3571499370149
paper,small,2007-06-30,2009Q1,8,GDP,941.434360733051,962.8226353991014,-21.388274666050393,936.2702653741927,938.3809793758841,941.4650136583045,944.4664474527704,946.4966990659968
paper,small,2007-09-30,2007Q3,1,DEFL,479.05428401833,453.18788034112526,25.866403677204744,478.5975018192702,478.77483324612894,479.05277766699817,479.3337434026659,479.5198420659014
paper,small,2007-09-30,2007Q4,2,DEFL,479.7487482890311,453.61094550558823,26.13780278344285,478.9473406139823,479.2645177359029,479.7482224765827,480.23411035995275,480.54783463060033
paper,small,2007-09-30,2008Q1,3,DEFL,480.4925149025168,453.9617817747856,26.530733127731196,479.32015288913425,479.78186740119475,480.4889046328427,481.2057793509578,481.67626246690367
paper,small,2007-09-30,2008Q2,4,DEFL,481.20260917254325,454.46768055591286,26.734928616630384,479.6134485947281,480.2219057353339,481.1949555834424,482.18538816363423,482.8250759335244
paper,small,2007-09-30,2008Q3,5,DEFL,481.9259564987562,455.2191261197205,26.706830379035694,479.83487984606927,480.6485975707892,481.92058327076916,483.2039200575645,484.04254023944065
paper,small,2007-09-30,2008Q4,6,DEFL,482.6458825910274,455.45608681615494,27.189795774872437,480.01628253269104,481.03709829677314,482.6419677649336,484.24334131395193,485.2836982401805
paper,small,2007-09-30,2009Q1,7,DEFL,483.3722834592883,455.406634733688,27.965648725600317,480.16665553733793,481.40737384084844,483.36574952414725,485.32124745274336,486.5650447819758
paper,small,2007-09-30,2009Q2,8,DEFL,484.0990387547645,455.2317782083863,28.86726054637819,480.29234982020046,481.794315878967,484.096078953325,486.3981087826244,487.9064986592364
paper,small,2007-09-30,2007Q3,1,FFR,5.3137333482812705,5.073333333333333,0.24040001494793728,3.9153136152279306,4.472944475287189,5.320771438513383,6.146546407123779,6.703155441501593
paper,small,2007-09-30,2007Q4,2,FFR,5.260327958341594,4.496666666666667,0.7636612916749268,3.130464497073836,3.98694651037949,5.258801031812268,6.526110480155792,7.358080623814062
paper,small,2007-09-30,2008Q1,3,FFR,5.1648066510881545,3.1766666666666663,1.9881399844214882,2.5769901067010745,3.6001392919503163,5.148133513305318,6.735113407747705,7.774109913667492
paper,small,2007-09-30,2008Q2,4,FFR,5.161002792935003,2.0866666666666664,3.0743361262683364,2.153827890134281,3.330654334711495,5.145244936616615,6.9912202336433955,8.206130296613372
paper,small,2007-09-30,2008Q3,5,FFR,5.183900390523863,1.9400000000000002,3.243900390523863,1.7570458751875613,3.1368880907317327,5.176160567256159,7.2306836222279784,8.605643312686002
paper,small,2007-09-30,2008Q4,6,FFR,5.188170573281971,0.5066666666666667,4.681503906615304,1.4542573700184522,2.96557544688811,5.175190387572478,7.404479286278943,8.934195335290735
paper,small,2007-09-30,2009Q1,7,FFR,5.195077310405099,0.18333333333333335,5.011743977071766,1.2347724798410178,2.823472472401028,5.179975024615736,7.560952609532903,9.177638252366581
paper,small,2007-09-30,2009Q2,8,FFR,5.2112284869623515,0.18000000000000002,5.031228486962352,1.0153012664609926,2.7105985082171573,5.21168331243107,7.744344528921019,9.450331622498101
paper,small,2007-09-30,2007Q3,1,GDP,935.931934091638,965.9605755120938,-30.028641420455756,934.5949865242012,935.1209338630307,935.9267352960971,936.7468140661126,937.2748385258882
paper,small,2007-09-30,2007Q4,2,GDP,936.641366248724,966.5683687041123,-29.927002455388333,934.5708038575648,935.3940155773581,936.6496289885274,937.8911368950716,938.7094415784576
paper,small,2007-09-30,2008Q1,3,GDP,937.3600555779042,966.1601069749734,-28.800051397069183,934.604873095525,935.7107998819117,937.3531946383362,939.0096445442506,940.1076873102959
paper,small,2007-09-30,2008Q2,4,GDP,938.1608829327287,966.730770931016,-28.5698879982873,934.8206708887749,936.1603331880343,938.170587859257,940.1592694903054,941.4974325513947
paper,small,2007-09-30,2008Q3,5,GDP,938.9616104891129,966.2024850530005,-27.240874563887587,935.1189466960149,936.6544770404682,938.9734278483048,941.2511483302881,942.8297101013222
paper,small,2007-09-30,2008Q4,6,GDP,939.7712642954996,963.9952057445751,-24.223941449075483,935.463572554264,937.1890597821493,939.7845415830883,942.32108884222,944.0854445253725
paper,small,2007-09-30,2009Q1,7,GDP,940.5645006293347,962.8226353991014,-22.258134769766684,935.834827986974,937.7225791068417,940.6042581128042,943.352839625468,945.2486292801087
paper,small,2007-09-30,2009Q2,8,GDP,941.3652661739694,962.6532538909199,-21.28798771695051,936.3099923655867,938.3320383646859,941.3777648675264,944.3699370376766,946.4247036945027
paper,small,2007-12-31,2007Q4,1,DEFL,479.1086709893883,453.61094550558823,25.49772548380008,478.64314302382735,478.83105693058553,479.1083742118035,479.3875095515334,479.5762970998157
paper,small,2007-12-31,2008Q1,2,DEFL,479.6525532133665,453.9617817747856,25.690771438580896,478.8356436649781,479.1565353640268,479.65526217204115,480.14048384581804,480.4577341200515
paper,small,2007-12-31,2008Q2,3,DEFL,480.16930723549126,454.46768055591286,25.701626679578396,478.97443236861517,479.4495993070268,480.1722835623086,480.8866000733709,481.33988106867974
paper,small,2007-12-31,2008Q3,4,DEFL,480.66767211961746,455.2191261197205,25.448545999896965,479.0371327678511,479.6841940329154,480.6724164380791,481.6571735283387,482.2679934544564
paper,small,2007-12-31,2008Q4,5,DEFL,481.1904812107984,455.45608681615494,25.73439439464346,479.0529423449625,479.9080595073875,481.1986302568146,482.47791209975827,483.2971327868218
paper,small,2007-12-31,2009Q1,6,DEFL,481.7269536161588,455.406634733688,26.320318882470815,479.04385178615183,480.11860701554997,481.74016128640324,483.3198425918505,484.3511277596785
paper,small,2007-12-31,2009Q2,7,DEFL,482.2725000028606,455.2317782083863,27.040721794474337,478.9931135703913,480.3299990328207,482.296780293232,484.19195597290314,485.469163687669
paper,small,2007-12-31,2009Q3,8,DEFL,482.829536088658,455.33925638064517,27.49027970801285,478.931100490538,480.52977260414156,482.8544006074952,485.1101601104903,486.6116624265021
paper,small,2007-12-31,2007Q4,1,FFR,4.9408136361383495,4.496666666666667,0.4441469694716824,3.5529210691253206,4.106118846438633,4.943787167171283,5.789629910862913,6.30588524667268
paper,small,2007-12-31,2008Q1,2,FFR,4.749322224762046,3.1766666666666663,1.5726555580953794,2.623395175784379,3.4631672623139247,4.752775748312232,6.033517115011407,6.855862499304067
paper,small,2007-12-31,2008Q2,3,FFR,4.708527767262559,2.0866666666666664,2.621861100595893,2.07390813888514,3.130997391486699,4.719502561074034,6.279135162754491,7.301239583931617
paper,small,2007-12-31,2008Q3,4,FFR,4.760846593707097,1.9400000000000002,2.8208465937070963,1.7383709317490441,2.9416467551880485,4.767220040929499,6.561946237445644,7.755912732247822
paper,small,2007-12-31,2008Q4,5,FFR,4.747197636119275,0.5066666666666667,4.2405309694526085,1.3677689879538693,2.72570416623722,4.7585412541154115,6.767090680094942,8.055764306062812
paper,small,2007-12-31,2009Q1,6,FFR,4.711863644951412,0.18333333333333335,4.528530311618079,1.0010627851666367,2.464899712688906,4.733651262136183,6.925102486392511,8.382742622252286
paper,small,2007-12-31,2009Q2,7,FFR,4.719313127651698,0.18000000000000002,4.539313127651698,0.7404200561828425,2.3687561701209985,4.73489527034727,7.09487420661386,8.645103160633138
paper,small,2007-12-31,2009Q3,8,FFR,4.741174657925478,0.15666666666666665,4.584507991258811,0.5744254544788051,2.2673214331396445,4.746784542955394,7.245525899352192,8.903070636663545
paper,small,2007-12-31,2007Q4,1,GDP,937.05824668936,966.5683687041123,-29.51012201475237,935.7031081939102,936.2497961849077,937.0564157640385,937.867543183104,938.3917637138067
paper,small,2007-12-31,2008Q1,2,GDP,937.8460013170246,966.1601069749734,-28.314105657948744,935.7566977740034,936.5907480095385,937.8510026108135,939.0900349116789,939.9102704198873
paper,small,2007-12-31,2008Q2,3,GDP,938.7715964151513,966.730770931016,-27.959174515864675,936.0427323744445,937.1261337925924,938.7795569997522,940.4121270966668,941.4828586403451
paper,small,2007-12-31,2008Q3,4,GDP,939.7237752701614,966.2024850530005,-26.478709782839132,936.410282483827,937.712713158767,939.7259408596487,941.7323195244717,942.9888761502688
paper,small,2007-12-31,2008Q4,5,GDP,940.6118361472912,963.9952057445751,-23.38336959728383,936.7648681844313,938.3059557613767,940.6339812171497,942.9128246539866,944.4107467795361
paper,small,2007-12-31,2009Q1,6,GDP,941.4670028575931,962.8226353991014,-21.35563254150827,937.1928814898747,938.8974409165455,941.4599619802204,944.0471391063661,945.7572790697133
paper,small,2007-12-31,2009Q2,7,GDP,942.3367904781164,962.6532538909199,-20.3164634128035,937.6605218210043,939.5134815534618,942.333915679646,945.1545519239818,947.1054142192294
paper,small,2007-12-31,2009Q3,8,GDP,943.1973845172796,963.0145304911672,-19.81714597388759,938.1620245644295,940.143305267509,943.1850644155218,946.2377256120299,948.3321985913061
paper,small,2008-03-31,2008Q1,1,DEFL,479.75501997980496,453.9617817747856,25.79323820501935,479.28243334230325,479.4737003328717,479.75676879240643,480.03689418712855,480.2206488693833
paper,small,2008-03-31,2008Q2,2,DEFL,480.28167848032695,454.46768055591286,25.813997924414082,479.4764038456741,479.7959385658601,480.28404363568234,480.76163607813965,481.0854378814212
paper,small,2008-03-31,2008Q3,3,DEFL,480.7817124127885,455.2191261197205,25.562586293068023,479.5843617560747,480.0650520796681,480.78468645107824,481.49039189119765,481.9666038661346
paper,small,2008-03-31,2008Q4,4,DEFL,481.3059729392793,455.45608681615494,25.84988612312435,479.6811988561526,480.3377789121537,481.30503536763706,482.27912546799627,482.93911972208696
paper,small,2008-03-31,2009Q1,5,DEFL,481.8452258319445,455.406634733688,26.438591098256495,479.71494625937527,480.56653183315245,481.8497671614287,483.1163539632252,483.990034073604
paper,small,2008-03-31,2009Q2,6,DEFL,482.3983499877021,455.2317782083863,27.166571779315802,479.7470608138762,480.80787265138537,482.40080423621976,483.964748449603,485.05787198895945
paper,small,2008-03-31,2009Q3,7,DEFL,482.96508315671,455.33925638064517,27.625826776064855,479.74694072034,481.02437290946665,482.9602203665034,484.8901465523801,486.18207420034196
paper,small,2008-03-31,2009Q4,8,DEFL,483.54265283725357,455.6683475771851,27.874305260068468,479.71743534908364,481.24287940936387,483.5610766992676,485.82893807069223,487.35899837201174
paper,small,2008-03-31,2008Q1,1,FFR,4.1851539413260275,3.1766666666666663,1.0084872746593612,2.808131147016962,3.34755844156724,4.180297552286769,5.019405510744299,5.589425957270599
paper,small,2008-03-31,2008Q2,2,FFR,4.1859327590967315,2.0866666666666664,2.099266092430065,2.077573562405227,2.9213908491215648,4.176829605451635,5.463968612684185,6.324921132163649
paper,small,2008-03-31,2008Q3,3,FFR,4.2438705523105185,1.9400000000000002,2.303870552310518,1.6222858250417764,2.641233930993394,4.249776386036794,5.837794487313494,6.879130481409913
paper,small,2008-03-31,2008Q4,4,FFR,4.239134432461207,0.5066666666666667,3.7324677657945404,1.1770025322059514,2.380079691750977,4.247324424743031,6.071757298476474,7.306689443917367
paper,small,2008-03-31,2009Q1,5,FFR,4.258589135364236,0.18333333333333335,4.075255802030902,0.8653076145203019,2.208394154238714,4.2461986342717175,6.308527789846414,7.694806927045289
paper,small,2008-03-31,2009Q2,6,FFR,4.3201917088744315,0.18000000000000002,4.140191708874432,0.6020169297902133,2.0670887929004826,4.324509957517375,6.543953707085984,8.00352883376729
paper,small,2008-03-31,2009Q3,7,FFR,4.387403846068947,0.15666666666666665,4.230737179402281,0.3740302597353941,2.011992937332441,4.410225182421387,6.744369311726644,8.309831234231396
paper,small,2008-03-31,2009Q4,8,FFR,4.431183359930209,0.12,4.311183359930209,0.22124407067142443,1.9162542252502732,4.448351712681545,6.924668979174792,8.563078416006604
paper,small,2008-03-31,2008Q1,1,GDP,937.2482477896016,966.1601069749734,-28.91185918537178,935.9156877297016,936.4512865720285,937.2411421045026,938.0555557311769,938.575315410082
paper,small,2008-03-31,2008Q2,2,GDP,938.2187485618961,966.730770931016,-28.512022369119904,936.1118071633283,936.9587583705855,938.2172546521709,939.4696981207729,940.3278499138069
paper,small,2008-03-31,2008Q3,3,GDP,939.1894197977986,966.2024850530005,-27.013065255201923,936.4368684906595,937.5296391067413,939.1937878442225,940.8520408235878,941.9552851285534
paper,small,2008-03-31,2008Q4,4,GDP,940.1144248303665,963.9952057445751,-23.88078091420857,936.749485232911,938.122353172037,940.1154855069497,942.1073134562097,943.4744358210723
paper,small,2008-03-31,2009Q1,5,GDP,940.9996013104854,962.8226353991014,-21.82303408861594,937.1279312715064,938.6836725969258,941.0003980619097,943.3054519850024,944.8340190228089
paper,small,2008-03-31,2009Q2,6,GDP,941.8803786692223,962.6532538909199,-20.772875221697632,937.5232849666033,939.2995372968492,941.8723383860697,944.459848863674,946.2053924101469
paper,small,2008-03-31,2009Q3,7,GDP,942.7445812111797,963.0145304911672,-20.269949279987486,937.9523291512804,939.9328795163926,942.7673816787335,945.5895497520033,947.4637175637297
paper,small,2008-03-31,2009Q4,8,GDP,943.590572391958,964.0768300067851,-20.486257614827196,938.3987040473033,940.527958747392,943.618048017137,946.6863388431294,948.6784546957549
paper,small,2008-06-30,2008Q2,1,DEFL,480.36979906269687,454.46768055591286,25.902118506784007,479.90965240426567,480.09471729698805,480.36774363442703,480.64717972497806,480.83515974590085
paper,small,2008-06-30,2008Q3,2,DEFL,480.86692786830685,455.2191261197205,25.647801748586346,480.0605540751497,480.38048591863617,480.86574742977257,481.353070246302,481.6734904490735
paper,small,2008-06-30,2008Q4,3,DEFL,481.38687953641266,455.45608681615494,25.930792720257728,480.2006490568124,480.67190329361864,481.39108544940876,482.0938311896539,482.5747490863629
paper,small,2008-06-30,2009Q1,4,DEFL,481.91352047290906,455.406634733688,26.506885739221048,480.2717582468757,480.9242286434963,481.9179412800052,482.8778429243047,483.5429168445801
paper,small,2008-06-30,2009Q2,5,DEFL,482.46548107049165,455.2317782083863,27.23370286210536,480.3269028330672,481.19263288108044,482.47305516876713,483.72255443680103,484.59146723585997
paper,small,2008-06-30,2009Q3,6,DEFL,483.0430557369297,455.33925638064517,27.70379935628455,480.32416618705685,481.44518503443004,483.05824070091194,484.62089256622676,485.6973542776882
paper,small,2008-06-30,2009Q4,7,DEFL,483.63776692525903,455.6683475771851,27.969419348073927,480.34408009112923,481.7156639741446,483.64819104723597,485.5566208942627,486.84924269060275
paper,small,2008-06-30,2010Q1,8,DEFL,484.2440956448112,455.93984617419227,28.304249470618913,480.3519704228192,481.9697586480998,484.26374876742466,486.51867475309024,488.05219105615413
paper,small,2008-06-30,2008Q2,1,FFR,3.050810090415116,2.0866666666666664,0.9641434237484496,1.6730046068792215,2.22324940650521,3.0488165336862614,3.884641488148716,4.413912782569276
paper,small,2008-06-30,2008Q3,2,FFR,3.2762421850468937,1.9400000000000002,1.3362421850468935,1.1240116792412302,1.9888759061161236,3.2853209894423254,4.570078614133942,5.40764555107104
paper,small,2008-06-30,2008Q4,3,FFR,3.314860024901819,0.5066666666666667,2.8081933582351524,0.6411058482179759,1.7149316478784724,3.320262536643347,4.924300419036811,5.985759106907625
paper,small,2008-06-30,2009Q1,4,FFR,3.3425102167009046,0.18333333333333335,3.1591768833675715,0.21971752896121594,1.467652453787162,3.34526776812335,5.2082204777490855,6.440212946256293
paper,small,2008-06-30,2009Q2,5,FFR,3.506957458160953,0.18000000000000002,3.326957458160953,0.027493328122962873,1.401211574734395,3.518629652736656,5.610679753935168,6.959546001634632
paper,small,2008-06-30,2009Q3,6,FFR,3.6743610106932376,0.15666666666666665,3.517694344026571,-0.08821945267044834,1.4266050151445349,3.6959518211668847,5.926054611372542,7.45139486879596
paper,small,2008-06-30,2009Q4,7,FFR,3.7766429346095283,0.12,3.656642934609528,-0.2644335652550795,1.394841264921095,3.7929086704994477,6.175649990172729,7.780518442597217
paper,small,2008-06-30,2010Q1,8,FFR,3.875678452233661,0.13333333333333333,3.7423451189003276,-0.3847968124641904,1.3337117732139256,3.922384064404889,6.373489108093016,8.071665011243011
paper,small,2008-06-30,2008Q2,1,GDP,937.707317582684,966.730770931016,-29.02345334833194,936.3890888832183,936.910126909049,937.7006533668505,938.5012689379414,939.0331972368596
paper,small,2008-06-30,2008Q3,2,GDP,938.9134048041986,966.2024850530005,-27.289080248801838,936.8334672670262,937.6628163626002,938.916281637036,940.1530075700955,940.9972732855343
paper,small,2008-06-30,2008Q4,3,GDP,939.9573667486703,963.9952057445751,-24.037838995904735,937.1968155185536,938.2984405391989,939.9528512982964,941.6286805447141,942.7561565402037
paper,small,2008-06-30,2009Q1,4,GDP,940.9551585839025,962.8226353991014,-21.86747681519887,937.6325379808699,938.9131827722503,940.955415014838,942.981497921602,944.3173396807146
paper,small,2008-06-30,2009Q2,5,GDP,941.9063963854848,962.6532538909199,-20.746857505435173,938.1252709965485,939.5806647388678,941.8900091663317,944.2694763349074,945.7998168407463
paper,small,2008-06-30,2009Q3,6,GDP,942.8209877791013,963.0145304911672,-20.19354271206589,938.5328399100038,940.2184526357443,942.812800240389,945.4343192093299,947.157289993497
paper,small,2008-06-30,2009Q4,7,GDP,943.6786836852184,964.0768300067851,-20.398146321566742,938.9426798413555,940.8389168588673,943.6751539739648,946.5365902204392,948.4289396353895
paper,small,2008-06-30,2010Q1,8,GDP,944.5071022871506,964.5756373732798,-20.06853508612926,939.3851397593276,941.4364990122488,944.5076324025306,947.5940736750863,949.6482389027244
paper,small,2008-09-30,2008Q3,1,DEFL,480.68046997167386,455.2191261197205,25.46134385195336,480.22351916384116,480.40432846072457,480.67932770278026,480.95530092284423,481.13971904074657
paper,small,2008-09-30,2008Q4,2,DEFL,481.06570170219874,455.45608681615494,25.6096148860438,480.2555606569169,480.58485415161385,481.0665973544452,481.5513460898491,481.86613351066876
paper,small,2008-09-30,2009Q1,3,DEFL,481.4554792453512,455.406634733688,26.04884451166322,480.2575163101587,480.7373305152974,481.4551232841403,482.17215757107084,482.652562470891
paper,small,2008-09-30,2009Q2,4,DEFL,481.8411996493778,455.2317782083863,26.609421440991525,480.217577528516,480.86545997267484,481.8293258726278,482.81796112316385,483.48819670186043
paper,small,2008-09-30,2009Q3,5,DEFL,482.2807190620221,455.33925638064517,26.941462681376947,480.1391658013636,480.99026699286986,482.2710515364993,483.5621767329166,484.4265312041715
paper,small,2008-09-30,2009Q4,6,DEFL,482.75189417688006,455.6683475771851,27.083546599694955,480.0549982944802,481.1564709370072,482.74612983854445,484.3588619274944,485.4524101774968
paper,small,2008-09-30,2010Q1,7,DEFL,483.2477991646451,455.93984617419227,27.307952990452804,480.00725633929295,481.3115178517159,483.2394693927123,485.21038788014545,486.51795604006134
paper,small,2008-09-30,2010Q2,8,DEFL,483.76441457892525,456.42648546620876,27.337929112716495,479.8958178962107,481.4753137036379,483.76631610692914,486.07678149441966,487.63715479451184
paper,small,2008-09-30,2008Q3,1,FFR,2.0719061132416066,1.9400000000000002,0.1319061132416064,0.7034506469155539,1.2373210661187994,2.0699904134123264,2.9122367821824096,3.457291088299382
paper,small,2008-09-30,2008Q4,2,FFR,2.133097603183808,0.5066666666666667,1.6264309365171412,-0.022486616250236242,0.8454281688980464,2.136264240141774,3.4161454668870768,4.2649853972346445
paper,small,2008-09-30,2009Q1,3,FFR,2.1650751570769824,0.18333333333333335,1.981741823743649,-0.5005690511692458,0.5572432417804867,2.1709584501145063,3.7698068246836245,4.824759985891409
paper,small,2008-09-30,2009Q2,4,FFR,2.343136848477084,0.18000000000000002,2.163136848477084,-0.7508776554523323,0.48298516168639943,2.3505791612428273,4.194163396667405,5.461910889592215
paper,small,2008-09-30,2009Q3,5,FFR,2.597563555044428,0.15666666666666665,2.440896888377761,-0.8643124762041132,0.5106594379362789,2.59819362872847,4.686724444686701,6.05966607636913
paper,small,2008-09-30,2009Q4,6,FFR,2.7866788139560947,0.12,2.6666788139560946,-1.0300957454351471,0.544991936417941,2.8018300988294893,5.063335459808517,6.508483211166402
paper,small,2008-09-30,2010Q1,7,FFR,2.9428533933972396,0.13333333333333333,2.8095200600639063,-1.0979230623451166,0.5283135627773308,2.9373068653137593,5.36448552171553,6.964226877420206
paper,small,2008-09-30,2010Q2,8,FFR,3.0992845740900417,0.19333333333333336,2.9059512407567083,-1.1896326845855791,0.5355478217739915,3.0935412484436107,5.677742038951122,7.364950569251549
paper,small,2008-09-30,2008Q3,1,GDP,938.0449757516697,966.2024850530005,-28.157509301330833,936.7328911540213,937.2463546279332,938.0409984625239,938.8487606234701,939.3727012251035
paper,small,2008-09-30,2008Q4,2,GDP,939.2573069867283,963.9952057445751,-24.73789875784678,937.1847751378634,937.992612282537,939.2577531597734,940.525406861875,941.3493201732548
paper,small,2008-09-30,2009Q1,3,GDP,940.4299854572281,962.8226353991014,-22.392649941873287,937.6699481835288,938.7649543621359,940.4350687283049,942.0786317816116,943.2175993204329
paper,small,2008-09-30,2009Q2,4,GDP,941.5471682782963,962.6532538909199,-21.106085612623588,938.1974081955839,939.5394559927703,941.5476388083528,943.5634411480445,944.932491908958
paper,small,2008-09-30,2009Q3,5,GDP,942.5514263033218,963.0145304911672,-20.463104187845374,938.7025716730071,940.2353534204204,942.5609466682067,944.8894819269944,946.4337210773261
paper,small,2008-09-30,2009Q4,6,GDP,943.4960176937107,964.0768300067851,-20.58081231307449,939.1497143420978,940.9057383689827,943.4932006979586,946.1080852783572,947.7837725053822
paper,small,2008-09-30,2010Q1,7,GDP,944.383181403977,964.5756373732798,-20.19245596930284,939.5818881948959,941.5498500804267,944.3926310117713,947.2455644920474,949.1351471752397
paper,small,2008-09-30,2010Q2,8,GDP,945.2394829335652,965.5386897406826,-20.299206807117343,940.095110296966,942.1683900985471,945.2536766802818,948.3354354732492,950.3782973896765
paper,small,2008-12-31,2008Q4,1,DEFL,481.8707875792367,455.45608681615494,26.414700763081782,481.4024709127326,481.58940521139624,481.8690129030122,482.15333721516106,482.33673139497284
paper,small,2008-12-31,2009Q1,2,DEFL,482.49523275065513,455.406634733688,27.088598016967126,481.67468642504053,482.00124329529297,482.4958280891067,482.9888211849341,483.31695516263693
paper,small,2008-12-31,2009Q2,3,DEFL,483.114918940445,455.2317782083863,27.883140732058735,481.914355270437,482.3879911549258,483.1104338170731,483.8373317066883,484.3267848553012
paper,small,2008-12-31,2009Q3,4,DEFL,483.8075914322714,455.33925638064517,28.46833505162624,482.17839387965415,482.82584071865796,483.8054782328817,484.78957490663026,485.4440283043993
paper,small,2008-12-31,2009Q4,5,DEFL,484.504505211238,455.6683475771851,28.83615763405288,482.3612300565357,483.2267930603048,484.5033137613379,485.7948511013061,486.662792066374
paper,small,2008-12-31,2010Q1,6,DEFL,485.22475274274507,455.93984617419227,29.2849065685528,482.5607953785363,483.62313985966455,485.22895484258015,486.8373553895934,487.90625791942807
paper,small,2008-12-31,2010Q2,7,DEFL,485.96476001332087,456.42648546620876,29.53827454711211,482.686796703903,484.0322886352286,485.971011234298,487.93098810560275,489.2159023910205
paper,small,2008-12-31,2010Q3,8,DEFL,486.72243281880833,456.7281385445278,29.99429427428055,482.8235860571468,484.42785548646435,486.7193911330973,489.03294356586906,490.57610913500594
paper,small,2008-12-31,2008Q4,1,FFR,1.9465930452403155,0.5066666666666667,1.4399263785736487,0.5486433975645731,1.1004724067542584,1.9549123236233645,2.788057499466658,3.3386155584816923
paper,small,2008-12-31,2009Q1,2,FFR,2.0936377409669946,0.18333333333333335,1.9103044076336613,-0.06959343391695397,0.7946843860128574,2.0845259290114413,3.3883501094969466,4.241070523838857
paper,small,2008-12-31,2009Q2,3,FFR,2.3072575268813473,0.18000000000000002,2.127257526881347,-0.3798466313023364,0.672637645828872,2.308845416049591,3.9207193003136793,4.9799522030031325
paper,small,2008-12-31,2009Q3,4,FFR,2.503757824956657,0.15666666666666665,2.3470911582899903,-0.6400051166524761,0.619385343921473,2.543095772838582,4.3891670320531,5.591582289746948
paper,small,2008-12-31,2009Q4,5,FFR,2.738941324367972,0.12,2.618941324367972,-0.7881097050834102,0.6293021031633964,2.7590111142085183,4.809992135050668,6.197301068683008
paper,small,2008-12-31,2010Q1,6,FFR,2.981442329680517,0.13333333333333333,2.8481089963471837,-0.8623812221651785,0.7029710741268328,2.997232294588184,5.257946768333911,6.788657515807867
paper,small,2008-12-31,2010Q2,7,FFR,3.1847704027011563,0.19333333333333336,2.991437069367823,-0.942171556103539,0.7393056757696587,3.2076269708808485,5.644424946165274,7.236540845929006
paper,small,2008-12-31,2010Q3,8,FFR,3.356188199244548,0.18666666666666668,3.1695215325778814,-1.0083142598068178,0.7874719086398658,3.378462362105683,5.944789006674969,7.615744884651855
paper,small,2008-12-31,2008Q4,1,GDP,938.005095054514,963.9952057445751,-25.9901106900611,936.6586866231526,937.1867833264479,938.0080332468035,938.8218187850459,939.3566280956239
paper,small,2008-12-31,2009Q1,2,GDP,939.1206939437241,962.8226353991014,-23.701941455377323,937.0112759860888,937.8506106994322,939.1221072561259,940.4093695565216,941.214582647721
paper,small,2008-12-31,2009Q2,3,GDP,940.1099493489027,962.6532538909199,-22.543304542017268,937.2853658014072,938.4385766841967,940.1216306801183,941.7813506013979,942.865796342231
paper,small,2008-12-31,2009Q3,4,GDP,940.9945131611562,963.0145304911672,-22.020017330011,937.5941750897247,938.9589539377757,941.0120340419182,943.0345105772191,944.3576351434139
paper,small,2008-12-31,2009Q4,5,GDP,941.8725350764191,964.0768300067851,-22.204294930366018,937.944166645028,939.5351175426604,941.8682839673451,944.2120481166677,945.7615252413196
paper,small,2008-12-31,2010Q1,6,GDP,942.7140183942389,964.5756373732798,-21.86161897904094,938.3432331219541,940.107192176905,942.7177582017594,945.320223905195,947.0449751010713
paper,small,2008-12-31,2010Q2,7,GDP,943.5020638022955,965.5386897406826,-22.036625938387033,938.6817986812719,940.6207377148595,943.513619947842,946.382371473169,948.2025557739303
paper,small,2008-12-31,2010Q3,8,GDP,944.2694025309237,966.3088604477673,-22.039457916843617,939.0756632716025,941.1470176683965,944.2764569424916,947.3811946502985,949.3788026455817
paper,small,2009-03-31,2009Q1,1,DEFL,481.78439164505255,455.406634733688,26.377756911364543,481.2949465865315,481.49428368725523,481.7853035479641,482.0743598254824,482.26180867220444
paper,small,2009-03-31,2009Q2,2,DEFL,482.0999413363252,455.2317782083863,26.868163127938885,481.2548529931782,481.5966649288381,482.1062541986882,482.60540703202275,482.92992877122157
paper,small,2009-03-31,2009Q3,3,DEFL,482.4262516750271,455.33925638064517,27.08699529438195,481.174268818265,481.67747876022594,482.4314583898428,483.17378217100276,483.6539133252597
paper,small,2009-03-31,2009Q4,4,DEFL,482.66632689582786,455.6683475771851,26.997979318642763,480.94227946181655,481.6227317746262,482.67423988697476,483.69373137496655,484.3640380012539
paper,small,2009-03-31,2010Q1,5,DEFL,482.98411767552176,455.93984617419227,27.04427150132949,480.7115358404141,481.6164965116684,483.0029425132103,484.3394179545325,485.19721625027154
paper,small,2009-03-31,2010Q2,6,DEFL,483.33126265271585,456.42648546620876,26.90477718650709,480.49202881021483,481.60787185718505,483.356877373609,485.0334242482931,486.0932718336518
paper,small,2009-03-31,2010Q3,7,DEFL,483.72042021387955,456.7281385445278,26.99228166935177,480.2344098643443,481.62300712569044,483.7639967163073,485.78457441315805,487.0912103084955
paper,small,2009-03-31,2010Q4,8,DEFL,484.1409373156703,457.3122088019198,26.828728513750548,479.97424368265894,481.6498944030074,484.2052149425274,486.6041912530448,488.1561821915859
paper,small,2009-03-31,2009Q1,1,FFR,-0.3508584756752922,0.18333333333333335,-0.5341918090086255,-1.7896591690388903,-1.2203819950056793,-0.3510915427697535,0.5246929308293536,1.0859366111403976
paper,small,2009-03-31,2009Q2,2,FFR,-0.7285199067414281,0.18000000000000002,-0.9085199067414281,-2.971029880177994,-2.0712347338578114,-0.719373525569632,0.5968726168139251,1.5013279678153235
paper,small,2009-03-31,2009Q3,3,FFR,-0.7893656142768731,0.15666666666666665,-0.9460322809435397,-3.6180056375353917,-2.451098118692451,-0.7808788381377652,0.8677650863508862,1.9886023946124376
paper,small,2009-03-31,2009Q4,4,FFR,-0.6268345838449969,0.12,-0.7468345838449969,-3.950165048883138,-2.612215190958204,-0.6145864730122994,1.3501330900532742,2.694152062775993
paper,small,2009-03-31,2010Q1,5,FFR,-0.39252966513532644,0.13333333333333333,-0.5258629984686598,-4.210436032507738,-2.6584182292601963,-0.3548165209779983,1.8556050945865277,3.31122657557215
paper,small,2009-03-31,2010Q2,6,FFR,-0.11140637370425154,0.19333333333333336,-0.3047397070375849,-4.318727173937943,-2.613086003182789,-0.05558466730136083,2.36411971036439,3.940198765723734
paper,small,2009-03-31,2010Q3,7,FFR,0.20245925306120852,0.18666666666666668,0.01579258639454184,-4.380708373916947,-2.4650755215774693,0.25370890697804527,2.901027146974754,4.576969537466376
paper,small,2009-03-31,2010Q4,8,FFR,0.5066436635801287,0.18666666666666668,0.31997699691346204,-4.324599619756558,-2.333032235900868,0.5725669811071781,3.3333087457978507,5.140157235724919
paper,small,2009-03-31,2009Q1,1,GDP,935.5881758797027,962.8226353991014,-27.234459519398683,934.1751301736751,934.7235958209799,935.5871350173586,936.4474043437364,937.0077406763644
paper,small,2009-03-31,2009Q2,2,GDP,936.3033580689126,962.6532538909199,-26.349895822007284,934.0634498118072,934.9421417338394,936.3109055045248,937.661956153908,938.5206875670267
paper,small,2009-03-31,2009Q3,3,GDP,937.2584112884393,963.0145304911672,-25.75611920272786,934.2451071519133,935.4690312270344,937.2877493024129,939.0380966032335,940.2138668829461
paper,small,2009-03-31,2009Q4,4,GDP,938.3557165183686,964.0768300067851,-25.721113488416563,934.6878679305179,936.1906881149889,938.3938821026328,940.5097428508358,941.9428537149596
paper,small,2009-03-31,2010Q1,5,GDP,939.3913035086715,964.5756373732798,-25.184333864608334,935.0896282659901,936.8564608891367,939.4394329718555,941.9226521200295,943.5281053977457
paper,small,2009-03-31,2010Q2,6,GDP,940.3688353739731,965.5386897406826,-25.1698543667095,935.5390149328902,937.5158611114128,940.3939118751531,943.2284676835216,945.0605990561219
paper,small,2009-03-31,2010Q3,7,GDP,941.2938383249199,966.3088604477673,-25.015022122847427,935.9724543902194,938.1612488864325,941.337513215456,944.4256191992847,946.4856204387355
paper,small,2009-03-31,2010Q4,8,GDP,942.1605254415786,966.8271103692053,-24.666584927626786,936.4138075779498,938.7377411808317,942.2038771801307,945.5741947267824,947.7762869669665
paper,small,2009-06-30,2009Q2,1,DEFL,482.5772906362896,455.2317782083863,27.345512427903316,482.09466844381024,482.28282717223044,482.578839369206,482.87185028127766,483.0649497672054
paper,small,2009-06-30,2009Q3,2,DEFL,483.05430136882626,455.33925638064517,27.71504498818109,482.2029865711893,482.54113639841376,483.0545525134088,483.56857675403546,483.9054302770864
paper,small,2009-06-30,2009Q4,3,DEFL,483.4117659150674,455.6683475771851,27.743418337882304,482.1405338945602,482.64512938959876,483.41177750986515,484.175546551833,484.6669010648267
paper,small,2009-06-30,2010Q1,4,DEFL,483.84665253029755,455.93984617419227,27.906806356105278,482.106599940583,482.79767316390695,483.84892529363253,484.8946211090418,485.56516842033653
paper,small,2009-06-30,2010Q2,5,DEFL,484.2882063768124,456.42648546620876,27.86172091060365,481.9959502902194,482.89602598766254,484.28573008629564,485.66190933124545,486.5650239333803
paper,small,2009-06-30,2010Q3,6,DEFL,484.76898952826207,456.7281385445278,28.040850983734288,481.9014485350046,483.029787854878,484.77100423610676,486.50880876617583,487.61617976471234
paper,small,2009-06-30,2010Q4,7,DEFL,485.27440632844076,457.3122088019198,27.96219752652098,481.7536266761419,483.14487983116794,485.28160731536184,487.408154733343,488.7418075729792
paper,small,2009-06-30,2011Q1,8,DEFL,485.8198369289706,457.8271642119391,27.992672717031496,481.6463494028865,483.29140965792175,485.82461690960383,488.35358759609335,489.94010570210395
paper,small,2009-06-30,2009Q2,1,FFR,-0.4632535610864957,0.18000000000000002,-0.6432535610864957,-1.9123835506178863,-1.3406691674166344,-0.46769523546266434,0.4229377218372927,1.005850630338089
paper,small,2009-06-30,2009Q3,2,FFR,-0.823595511552294,0.15666666666666665,-0.9802621782189607,-3.0824320616433973,-2.1879842021882547,-0.8254791788511833,0.5468977043611989,1.4550534279798606
paper,small,2009-06-30,2009Q4,3,FFR,-0.797901217174789,0.12,-0.917901217174789,-3.6696736073235914,-2.513514311167471,-0.7920076696690446,0.9078900327997871,2.065783861539861
paper,small,2009-06-30,2010Q1,4,FFR,-0.6388018562386988,0.13333333333333333,-0.7721351895720321,-4.0628696484024855,-2.6845628462585416,-0.6178589201254859,1.419712168135835,2.7265578517163926
paper,small,2009-06-30,2010Q2,5,FFR,-0.433880017667003,0.19333333333333336,-0.6272133510003364,-4.360899103950792,-2.7576101432714757,-0.4286902464970005,1.9291538381706694,3.4142724560732636
paper,small,2009-06-30,2010Q3,6,FFR,-0.13230944814931253,0.18666666666666668,-0.3189761148159792,-4.449173334235687,-2.7058455933771013,-0.06880568300100348,2.4215927157994512,4.039501643363248
paper,small,2009-06-30,2010Q4,7,FFR,0.21408002246290667,0.18666666666666668,0.02741335579623999,-4.513705163552825,-2.539227002346683,0.2760419861554422,2.977972529930207,4.677630707286641
paper,small,2009-06-30,2011Q1,8,FFR,0.5216399836335427,0.15666666666666668,0.364973316966876,-4.5208083677716955,-2.4101045985867025,0.5922621787985305,3.4611735290540575,5.278051398581462
paper,small,2009-06-30,2009Q2,1,GDP,934.1380538153821,962.6532538909199,-28.51520007553779,932.718358857998,933.2809208851583,934.1376044905483,935.006955853147,935.5515995776635
paper,small,2009-06-30,2009Q3,2,GDP,934.6326043086762,963.0145304911672,-28.381926182491043,932.3231263027373,933.2436117081002,934.6382783248491,936.0306480033489,936.9175344634015
paper,small,2009-06-30,2009Q4,3,GDP,935.4407737806011,964.0768300067851,-28.636056226183996,932.2735851222554,933.5518105483662,935.4510442197956,937.3255582145803,938.5515008362515
paper,small,2009-06-30,2010Q1,4,GDP,936.2611678005347,964.5756373732798,-28.31446957274511,932.3618126074759,933.9326691311402,936.2826409215573,938.5990871643463,940.0914044183543
paper,small,2009-06-30,2010Q2,5,GDP,937.1314924324441,965.5386897406826,-28.407197308238437,932.5496764705116,934.4496477598275,937.1793004137642,939.8332537621708,941.507347200135
paper,small,2009-06-30,2010Q3,6,GDP,937.9815926950749,966.3088604477673,-28.327267752692364,932.825685272945,934.958500057193,938.0483137866051,941.0086487947249,942.879208700204
paper,small,2009-06-30,2010Q4,7,GDP,938.7909430482922,966.8271103692053,-28.036167320913137,933.0601552740691,935.4842829067777,938.8684491057243,942.1204217097026,944.2718076819989
paper,small,2009-06-30,2011Q1,8,GDP,939.5483009249997,966.5859036314018,-27.03760270640214,933.3226509456899,935.9502641476201,939.6205505699838,943.1705152902509,945.4999964591098
paper,small,2009-09-30,2009Q3,1,DEFL,469.9760907379552,455.33925638064517,14.636834357310022,469.49939187139535,469.68868828993703,469.97461478925385,470.26344205436095,470.4622938450545
paper,small,2009-09-30,2009Q4,2,DEFL,470.0249062886407,455.6683475771851,14.356558711455591,469.18369033968526,469.518581687117,470.0253346710527,470.5320049449245,470.8705231611936
paper,small,2009-09-30,2010Q1,3,DEFL,470.1026149509675,455.93984617419227,14.162768776775238,468.83403237213884,469.3438636402734,470.1013632088709,470.8590566389813,471.3799040398532
paper,small,2009-09-30,2010Q2,4,DEFL,470.17694640051116,456.42648546620876,13.750460934302396,468.42585081309073,469.1251688780515,470.1828882513174,471.2241077573853,471.9325492883702
paper,small,2009-09-30,2010Q3,5,DEFL,470.28636534261796,456.7281385445278,13.558226798090175,467.971943728315,468.896048630254,470.29846791006,471.68230550508275,472.60292423987545
paper,small,2009-09-30,2010Q4,6,DEFL,470.4107723839607,457.3122088019198,13.098563582040924,467.48710933150187,468.6608338747232,470.42592745110926,472.15525152806725,473.3025789059715
paper,small,2009-09-30,2011Q1,7,DEFL,470.57952459596646,457.8271642119391,12.752360384027384,466.9953628005466,468.4321604483548,470.6079254975475,472.7085184296324,474.10017644498225
paper,small,2009-09-30,2011Q2,8,DEFL,470.78028966426115,458.48552274726825,12.294766916992899,466.494847427782,468.22961528102655,470.79877459587976,473.3182637458029,474.98572484912785
paper,small,2009-09-30,2009Q3,1,FFR,-0.5274463958529625,0.15666666666666665,-0.6841130625196291,-1.964558427711582,-1.3941465650227503,-0.5291763174041859,0.3376388537366668,0.9008856249867488
paper,small,2009-09-30,2009Q4,2,FFR,-0.9814431890632648,0.12,-1.1014431890632648,-3.2334133007429253,-2.345942168514786,-0.9816047527320553,0.39415353596642805,1.2678241424886192
paper,small,2009-09-30,2010Q1,3,FFR,-1.027385934276614,0.13333333333333333,-1.1607192676099474,-3.854178916203984,-2.7222177806033145,-1.0192246082043042,0.6788253803119603,1.770729407198917
paper,small,2009-09-30,2010Q2,4,FFR,-0.9144036112699592,0.19333333333333336,-1.1077369446032925,-4.300443799855443,-2.907650436834507,-0.9251947936170719,1.1318696497617058,2.405816233934916
paper,small,2009-09-30,2010Q3,5,FFR,-0.810380800103037,0.18666666666666668,-0.9970474667697037,-4.626838286283182,-3.0791642271959825,-0.802118084372559,1.5139965121189751,2.9313013399484156
paper,small,2009-09-30,2010Q4,6,FFR,-0.6227180694081343,0.18666666666666668,-0.809384736074801,-4.8765742802198755,-3.113879820856922,-0.5899321029390847,1.9207733413304673,3.4720794136432303
paper,small,2009-09-30,2011Q1,7,FFR,-0.381894137313961,0.15666666666666668,-0.5385608039806277,-5.00550095699868,-3.1080735179160897,-0.3415581495518775,2.3588484524079747,4.04130898981449
paper,small,2009-09-30,2011Q2,8,FFR,-0.1453823754222406,0.09333333333333334,-0.23871570875557396,-5.093608025412646,-3.0346665094955814,-0.10930306312863391,2.740935503780767,4.577218678587905
paper,small,2009-09-30,2009Q3,1,GDP,946.6738580321332,963.0145304911672,-16.340672459033954,945.2223231654233,945.8042643235322,946.6694248522479,947.5556851682182,948.1358820608423
paper,small,2009-09-30,2009Q4,2,GDP,947.1236257326701,964.0768300067851,-16.953204274115024,944.7511110881533,945.7052758556861,947.1219365103932,948.5541986697294,949.4832333766375
paper,small,2009-09-30,2010Q1,3,GDP,947.8669433070894,964.5756373732798,-16.708694066190446,944.6390203761781,945.9189885987126,947.8760244023592,949.7888675978007,951.0972730976741
paper,small,2009-09-30,2010Q2,4,GDP,948.715939973355,965.5386897406826,-16.822749767327537,944.7448280475791,946.3221480351278,948.720194490325,951.1038560765247,952.6695717610723
paper,small,2009-09-30,2010Q3,5,GDP,949.5987311739145,966.3088604477673,-16.710129273852772,944.8971165342274,946.8103254712087,949.6246081884486,952.3855031175455,954.2200573639489
paper,small,2009-09-30,2010Q4,6,GDP,950.4611850119363,966.8271103692053,-16.36592535726902,945.1101948980204,947.3338177240997,950.4944772246972,953.6412114786061,955.7074317658804
paper,small,2009-09-30,2011Q1,7,GDP,951.3054076585946,966.5859036314018,-15.280495972807216,945.3901882327937,947.805001620157,951.3482032711822,954.8166067074274,957.082551298365
paper,small,2009-09-30,2011Q2,8,GDP,952.1238251358313,967.261665957135,-15.137840821303712,945.6603733879617,948.3063938458694,952.1703992399523,955.9387814685251,958.4039321923237
paper,small,2009-12-31,2009Q4,1,DEFL,469.88888208551174,455.6683475771851,14.220534508326637,469.41685116979585,469.60329399558464,469.8883114561705,470.1742021934875,470.368673571384
paper,small,2009-12-31,2010Q1,2,DEFL,469.946722081051,455.93984617419227,14.006875906858738,469.1159776647878,469.4374428326809,469.94486080598426,470.4540777317919,470.78712201038195
paper,small,2009-12-31,2010Q2,3,DEFL,470.00311153888674,456.42648546620876,13.576626072677982,468.7637075307234,469.26322507341035,470.0058492422904,470.7539246968903,471.2385325475775
paper,small,2009-12-31,2010Q3,4,DEFL,470.09908643115267,456.7281385445278,13.37094788662489,468.38539708869183,469.07265800095166,470.1109534118525,471.1250326130768,471.7989394215353
paper,small,2009-12-31,2010Q4,5,DEFL,470.2070817233534,457.3122088019198,12.894872921433603,467.94658420679195,468.85470580983485,470.22985535565,471.5595373897616,472.4169683138476
paper,small,2009-12-31,2011Q1,6,DEFL,470.3512390850148,457.8271642119391,12.524074873075733,467.47397637922273,468.64778151306325,470.3733335093725,472.0598966455511,473.13892055285135
paper,small,2009-12-31,2011Q2,7,DEFL,470.52909603986626,458.48552274726825,12.043573292598012,467.0203937771908,468.45973539732313,470.54829099221524,472.6103862959645,473.93615234227843
paper,small,2009-12-31,2011Q3,8,DEFL,470.7367368571245,459.10205503836494,11.634681818759589,466.5368836183861,468.27728363414616,470.75742273188143,473.2105311659127,474.8217088943795
paper,small,2009-12-31,2009Q4,1,FFR,-0.18385875593212236,0.12,-0.30385875593212236,-1.6082453188193568,-1.0524345919034657,-0.18820434710117864,0.68277152161117,1.239518658959853
paper,small,2009-12-31,2010Q1,2,FFR,-0.3105843862708786,0.13333333333333333,-0.4439177196042119,-2.5253962900906357,-1.6442910811343123,-0.3214684630126827,1.0328022164441208,1.9045263549840281
paper,small,2009-12-31,2010Q2,3,FFR,-0.20824061253194226,0.19333333333333336,-0.4015739458652756,-2.9456516794240812,-1.866580910161784,-0.19489634737386735,1.445394300974267,2.543948409602239
paper,small,2009-12-31,2010Q3,4,FFR,-0.09007882916975277,0.18666666666666668,-0.27674549583641944,-3.323937695058441,-2.02290814834842,-0.05720380474066056,1.834316826579598,3.123957129427434
paper,small,2009-12-31,2010Q4,5,FFR,0.045849250070998764,0.18666666666666668,-0.1408174165956679,-3.604749251885837,-2.1653601657862436,0.06950507745502707,2.2450848462662694,3.6649927841909187
paper,small,2009-12-31,2011Q1,6,FFR,0.22681571511416715,0.15666666666666668,0.07014904844750047,-3.8116575615559927,-2.207619551324684,0.26676871852249495,2.6282121625207227,4.210622444986338
paper,small,2009-12-31,2011Q2,7,FFR,0.41137395655933195,0.09333333333333334,0.31804062322599863,-3.9591847978702894,-2.182200225856421,0.43210614628023736,3.0323368840125444,4.732826378460712
paper,small,2009-12-31,2011Q3,8,FFR,0.5996560734043094,0.08333333333333333,0.516322740070976,-4.091051212646169,-2.154544485616594,0.6203732357964062,3.3701365083457557,5.270294014379602
paper,small,2009-12-31,2009Q4,1,GDP,947.5831732923018,964.0768300067851,-16.493656714483336,946.1595065432922,946.7272669381758,947.5849142811537,948.434231811285,948.9895510497444
paper,small,2009-12-31,2010Q1,2,GDP,948.2458229879288,964.5756373732798,-16.32981438535103,945.9124843498165,946.8658697548495,948.2477057756732,949.6391564011973,950.5357392033487
paper,small,2009-12-31,2010Q2,3,GDP,949.0759583450032,965.5386897406826,-16.462731395679384,945.995536848332,947.2032857670736,949.0747648759166,950.958058241014,952.1555619635733
paper,small,2009-12-31,2010Q3,4,GDP,949.9455664431939,966.3088604477673,-16.36329400457339,946.1416001410826,947.6382255407784,949.9487886365893,952.2564073983739,953.7115970608176
paper,small,2009-12-31,2010Q4,5,GDP,950.8098596081635,966.8271103692053,-16.01725076104185,946.3307598977065,948.1043471274398,950.8371328676332,953.5125734692424,955.228504090583
paper,small,2009-12-31,2011Q1,6,GDP,951.6599811713958,966.5859036314018,-14.925922460006063,946.6079230057212,948.5862152843581,951.7197081124409,954.6877298991674,956.6423199791674
paper,small,2009-12-31,2011Q2,7,GDP,952.4960329968626,967.261665957135,-14.765632960272455,946.9160847971264,949.1042548790986,952.554141379193,955.7992862667684,958.01068482482
paper,small,2009-12-31,2011Q3,8,GDP,953.3121618701007,967.2228912780705,-13.910729407969825,947.1910826202039,949.6436093792804,953.3537974151025,956.9389917788573,959.3305799690872
paper,small,2010-03-31,2010Q1,1,DEFL,470.08830690122545,455.93984617419227,14.148460727033182,469.6194096751659,469.80520606275354,470.09045244119386,470.36870018967016,470.5565494338857
paper,small,2010-03-31,2010Q2,2,DEFL,470.2152971104839,456.42648546620876,13.788811644275142,469.3890016877349,469.7134117443264,470.2158410877555,470.7120744912356,471.03350789098585
paper,small,2010-03-31,2010Q3,3,DEFL,470.3994365045004,456.7281385445278,13.671297959972605,469.16881579539796,469.66195219314596,470.4014721690005,471.13953049394195,471.61333173985037
paper,small,2010-03-31,2010Q4,4,DEFL,470.62375917393325,457.3122088019198,13.311550372013471,468.94164923215504,469.6069641751797,470.6275227773146,471.62749460854917,472.28885393979067
paper,small,2010-03-31,2011Q1,5,DEFL,470.87568411430175,457.8271642119391,13.04851990236267,468.64839704172834,469.55397538598504,470.88812450700266,472.1971538021094,473.053566546077
paper,small,2010-03-31,2011Q2,6,DEFL,471.16082046865597,458.48552274726825,12.675297721387722,468.35555120269737,469.50139340749257,471.18006951409836,472.8178920844311,473.9151245228397
paper,small,2010-03-31,2011Q3,7,DEFL,471.47095969003766,459.10205503836494,12.368904651672722,468.0359434831235,469.4305031781108,471.49279934982326,473.4996295138557,474.83889652402166
paper,small,2010-03-31,2011Q4,8,DEFL,471.8072518238081,459.2226780352162,12.58457378859191,467.7292246767053,469.3656898559095,471.8445169616354,474.2393066255889,475.7904557086443
paper,small,2010-03-31,2010Q1,1,FFR,0.2468916299289045,0.13333333333333333,0.11355829659557118,-1.173177880928788,-0.6005710437089513,0.25103599453233316,1.086814211294243,1.6451451642873924
paper,small,2010-03-31,2010Q2,2,FFR,0.5069283215406822,0.19333333333333336,0.3135949882073489,-1.6705661098265907,-0.7975670327438086,0.5093031100244275,1.8154171497792133,2.676097686771766
paper,small,2010-03-31,2010Q3,3,FFR,0.7082136558996409,0.18666666666666668,0.5215469892329743,-2.0478770127931836,-0.9304797745177711,0.7191753814730762,2.3404836800563023,3.3818094171914215
paper,small,2010-03-31,2010Q4,4,FFR,0.8754648161279723,0.18666666666666668,0.6887981494613057,-2.3121299462198928,-1.050202099298615,0.8652501016605917,2.81510122176815,4.07755355402709
paper,small,2010-03-31,2011Q1,5,FFR,1.0773828958914402,0.15666666666666668,0.9207162292247735,-2.553698769200245,-1.104543946014962,1.0645612390426527,3.2413403302285277,4.709086590361683
paper,small,2010-03-31,2011Q2,6,FFR,1.2753954969752066,0.09333333333333334,1.1820621636418733,-2.7272902573090296,-1.14807318261365,1.28929828052924,3.658451122770812,5.26931084835717
paper,small,2010-03-31,2011Q3,7,FFR,1.4412352603651455,0.08333333333333333,1.3579019270318122,-2.8775088880100474,-1.1611379840983924,1.4627173148194288,4.024416068658058,5.6984171154314796
paper,small,2010-03-31,2011Q4,8,FFR,1.6021051079918602,0.07333333333333335,1.528771774658527,-2.9630150460445814,-1.150148886631876,1.6148531982466912,4.3423002033599705,6.1478366447541495
paper,small,2010-03-31,2010Q1,1,GDP,949.3222183741335,964.5756373732798,-15.253418999146334,947.9177306046054,948.473714925519,949.3193211524588,950.1753405942912,950.7288491194466
paper,small,2010-03-31,2010Q2,2,GDP,950.2906732180735,965.5386897406826,-15.248016522609078,948.044260015255,948.9248334798615,950.2872362849416,951.6491473131123,952.5633012878477
paper,small,2010-03-31,2010Q3,3,GDP,951.1999112893125,966.3088604477673,-15.108949158454834,948.1514549117803,949.3588189702224,951.1985148118057,953.043514435065,954.2324884917535
paper,small,2010-03-31,2010Q4,4,GDP,952.0667889206562,966.8271103692053,-14.76032144854912,948.3166399063564,949.8026201829215,952.0479010875094,954.3419677616145,955.8175389857083
paper,small,2010-03-31,2011Q1,5,GDP,952.9006713083869,966.5859036314018,-13.68523232301493,948.4948481679108,950.2806497579637,952.8890033653777,955.5452219623626,957.2625508509161
paper,small,2010-03-31,2011Q2,6,GDP,953.7396056131882,967.261665957135,-13.522060343946805,948.7932572290024,950.8000307997225,953.7221292154942,956.7034011888543,958.672172776742
paper,small,2010-03-31,2011Q3,7,GDP,954.5533404884243,967.2228912780705,-12.669550789646223,949.1138102560398,951.3156795683215,954.5526834651121,957.8407632827599,959.9274134849945
paper,small,2010-03-31,2011Q4,8,GDP,955.3493313678542,968.3383253013681,-12.988993933513825,949.4255549781275,951.8502683595378,955.3326186024974,958.9221671233126,961.3065978548942
paper,small,2010-06-30,2010Q2,1,DEFL,470.43864228043935,456.42648546620876,14.012156814230593,469.9748441047757,470.160906984325,470.43862310518915,470.71525744054594,470.90186762085784
paper,small,2010-06-30,2010Q3,2,DEFL,470.6928516216871,456.7281385445278,13.964713077159331,469.89279126454045,470.21243060986546,470.6910763125301,471.17829921518097,471.5047700062927
paper,small,2010-06-30,2010Q4,3,DEFL,470.9859172885534,457.3122088019198,13.673708486633643,469.7971464776803,470.2704332280155,470.9815266360939,471.71030220259894,472.18809451882834
paper,small,2010-06-30,2011Q1,4,DEFL,471.30979271002076,457.8271642119391,13.48262849808168,469.6908775961548,470.3194344954071,471.30430328579007,472.3060988664957,472.9576282722259
paper,small,2010-06-30,2011Q2,5,DEFL,471.6588358472227,458.48552274726825,13.173313099954441,469.5033670027585,470.353967288835,471.6393320011127,472.97103499854074,473.84011633769285
paper,small,2010-06-30,2011Q3,6,DEFL,472.03747658984196,459.10205503836494,12.93542155147702,469.31191612481274,470.3843702157232,472.0221383122388,473.69161086044966,474.80977488159783
paper,small,2010-06-30,2011Q4,7,DEFL,472.43670683447795,459.2226780352162,13.214028799261769,469.0968731561331,470.4292115580222,472.41060992375503,474.462424204414,475.81691327107063
paper,small,2010-06-30,2012Q1,8,DEFL,472.8613054531696,459.8276478897225,13.033657563447093,468.894568190488,470.47008980316247,472.8308412378559,475.27819765045837,476.8941054335428
paper,small,2010-06-30,2010Q2,1,FFR,0.39568430868539706,0.19333333333333336,0.2023509753520637,-0.9958502843618887,-0.4386935917083821,0.4013508185878897,1.2255698159332178,1.7750766303954577
paper,small,2010-06-30,2010Q3,2,FFR,0.6795983150090392,0.18666666666666668,0.4929316483423726,-1.4232523060318436,-0.5878334141229593,0.6828978495692793,1.950837363431489,2.80003038365849
paper,small,2010-06-30,2010Q4,3,FFR,0.8782399957330667,0.18666666666666668,0.6915733290664,-1.7589566547527964,-0.6966183646202403,0.8735358929049084,2.4605291104036984,3.513009909622101
paper,small,2010-06-30,2011Q1,4,FFR,1.072737619833121,0.15666666666666668,0.9160709531664544,-2.019141614408693,-0.7943924338753333,1.0570539816139366,2.922291142287979,4.176291158259959
paper,small,2010-06-30,2011Q2,5,FFR,1.2907313445517987,0.09333333333333334,1.1973980112184655,-2.251101877345365,-0.8212088250130145,1.287892449368447,3.395523884269074,4.819966821385149
paper,small,2010-06-30,2011Q3,6,FFR,1.4878765366346507,0.08333333333333333,1.4045432033013174,-2.436764620242989,-0.8719486397321204,1.4772814110758998,3.837902678988634,5.366412146736265
paper,small,2010-06-30,2011Q4,7,FFR,1.6442821782885484,0.07333333333333335,1.5709488449552151,-2.617234594004549,-0.8980676229736262,1.6571500872022094,4.177553895663717,5.847408375853373
paper,small,2010-06-30,2012Q1,8,FFR,1.7970364591155117,0.10333333333333333,1.6937031257821784,-2.7001527861521417,-0.8876253320761491,1.795227762122388,4.478928646522316,6.282875905247426
paper,small,2010-06-30,2010Q2,1,GDP,950.0335457467758,965.5386897406826,-15.505143993906813,948.6586978418939,949.2013652851447,950.0337873392924,950.8678236805147,951.4182010855909
paper,small,2010-06-30,2010Q3,2,GDP,950.9385211192504,966.3088604477673,-15.370339328516934,948.7286122896592,949.6160433824784,950.9357615173952,952.2831686318175,953.1373968517561
paper,small,2010-06-30,2010Q4,3,GDP,951.776594290287,966.8271103692053,-15.05051607891835,948.7937543491399,949.9744267460578,951.7702753283018,953.5897550337365,954.7753170093706
paper,small,2010-06-30,2011Q1,4,GDP,952.5765002625358,966.5859036314018,-14.00940336886606,948.8334850287787,950.3773771552103,952.5921283345062,954.7953428512167,956.28301405215
paper,small,2010-06-30,2011Q2,5,GDP,953.3721602761054,967.261665957135,-13.889505681029618,949.0126126226529,950.786503579488,953.3913035639391,955.939604036285,957.6839103899308
paper,small,2010-06-30,2011Q3,6,GDP,954.1340964051013,967.2228912780705,-13.088794872969174,949.1801320555409,951.2233956750114,954.1705492978072,957.0424682344029,958.9807112699241
paper,small,2010-06-30,2011Q4,7,GDP,954.9014301942075,968.3383253013681,-13.43689510716058,949.4936964581277,951.663971494337,954.9420770103535,958.1038696127735,960.2014738876433
paper,small,2010-06-30,2012Q1,8,GDP,955.6496716622289,969.1529212860218,-13.50324962379284,949.7572202706045,952.1586415333112,955.6744885335502,959.1383085174193,961.4465180593962
paper,small,2010-09-30,2010Q3,1,DEFL,470.8213661813557,456.7281385445278,14.093227636827919,470.3487194711807,470.5327139556822,470.8214990523789,471.1116962128435,471.29486737276204
paper,small,2010-09-30,2010Q4,2,DEFL,471.1880758408681,457.3122088019198,13.875867038948343,470.3575427435294,470.6858796345395,471.1874570271915,471.68705677855974,472.01742202788216
paper,small,2010-09-30,2011Q1,3,DEFL,471.61324517782396,457.8271642119391,13.786080965884878,470.3682352003672,470.8681997132644,471.6180842417606,472.34796990478594,472.8519954345768
paper,small,2010-09-30,2011Q2,4,DEFL,472.07071823386394,458.48552274726825,13.585195486595694,470.38379196993264,471.05535974332514,472.0665719489324,473.083502744526,473.75653657383583
paper,small,2010-09-30,2011Q3,5,DEFL,472.5477507171218,459.10205503836494,13.445695678756863,470.32141513829475,471.22673068093815,472.55854375289596,473.869328284512,474.7378520388291
paper,small,2010-09-30,2011Q4,6,DEFL,473.04899911422655,459.2226780352162,13.82632107901037,470.25399890311974,471.39632882898377,473.05227531596177,474.70868028920864,475.81535367424567
paper,small,2010-09-30,2012Q1,7,DEFL,473.57202943111275,459.8276478897225,13.744381541390226,470.1704888767366,471.55634041701376,473.569811781554,475.58604396395344,476.9452187767158
paper,small,2010-09-30,2012Q2,8,DEFL,474.1174294331584,460.2296059641123,13.887823469046111,470.06235444383987,471.7407588339408,474.102966478335,476.51627932420655,478.11525690040537
paper,small,2010-09-30,2010Q3,1,FFR,0.4797536685011266,0.18666666666666668,0.2930870018344599,-0.9130248519121231,-0.3631600675935453,0.47756477210982773,1.3147529065073436,1.8761149269179302
paper,small,2010-09-30,2010Q4,2,FFR,0.8155134035837408,0.18666666666666668,0.6288467369170742,-1.3195421690835636,-0.4814598764544975,0.810759571714178,2.108400573126798,2.958945362753301
paper,small,2010-09-30,2011Q1,3,FFR,1.046767500789255,0.15666666666666668,0.8901008341225882,-1.6208987941809718,-0.5637922888127681,1.0396768473089963,2.6479634896585815,3.6974452555760133
paper,small,2010-09-30,2011Q2,4,FFR,1.22857372401385,0.09333333333333334,1.1352403906805166,-1.9010806716483732,-0.6321221117177861,1.219343543305686,3.091682989131016,4.323557555016603
paper,small,2010-09-30,2011Q3,5,FFR,1.4497398948943103,0.08333333333333333,1.366406561560977,-2.078355168880075,-0.670474524396147,1.4402439131738833,3.5637269375996623,5.01577635007097
paper,small,2010-09-30,2011Q4,6,FFR,1.6748094835400713,0.07333333333333335,1.601476150206738,-2.2389346710613,-0.6653713016115601,1.6934533083988037,3.9638245098060865,5.58513793397433
paper,small,2010-09-30,2012Q1,7,FFR,1.8629605414407382,0.10333333333333333,1.759627208107405,-2.359671877238003,-0.6772108847480045,1.8871325724576846,4.366257523202995,6.007264309345704
paper,small,2010-09-30,2012Q2,8,FFR,2.0358776225293855,0.15333333333333335,1.8825442891960522,-2.4356389105889917,-0.6511186702582626,2.0646356949390485,4.7040107032647285,6.425518921778335
paper,small,2010-09-30,2010Q3,1,GDP,949.6615452909376,966.3088604477673,-16.647315156829677,948.2857961794207,948.8241460136315,949.6574887166294,950.5008559355762,951.0460002896037
paper,small,2010-09-30,2010Q4,2,GDP,950.4981455405172,966.8271103692053,-16.328964828688186,948.2640388173517,949.1438906994069,950.4994553415072,951.8482758721581,952.734193288407
paper,small,2010-09-30,2011Q1,3,GDP,951.250430052099,966.5859036314018,-15.335473579302857,948.2670113390866,949.4580103605923,951.2467854365127,953.0470722149245,954.287120932204
paper,small,2010-09-30,2011Q2,4,GDP,951.983791238544,967.261665957135,-15.277874718591079,948.2472696733973,949.7741507760401,951.9939262445421,954.2205397901455,955.7197005769339
paper,small,2010-09-30,2011Q3,5,GDP,952.7177956211973,967.2228912780705,-14.505095656873209,948.3361127484577,950.1158735578422,952.7172239658802,955.3455315791387,957.0500354964869
paper,small,2010-09-30,2011Q4,6,GDP,953.4305944775776,968.3383253013681,-14.907730823790416,948.3925404427368,950.4847803269491,953.450056892543,956.3971239929775,958.3565916496734
paper,small,2010-09-30,2012Q1,7,GDP,954.147119900918,969.1529212860218,-15.005801385103723,948.6039559995978,950.853426834026,954.1574868945652,957.4356265695926,959.6273255083538
paper,small,2010-09-30,2012Q2,8,GDP,954.8491820496278,969.6077453782113,-14.758563328583591,948.8306453295285,951.2806204954594,954.8612267052029,958.4417952386557,960.8011928737409
paper,small,2010-12-31,2010Q4,1,DEFL,471.4101583159775,457.3122088019198,14.097949514057746,470.93896134010464,471.12374937040545,471.40761271088286,471.6981745813711,471.88810718947354
paper,small,2010-12-31,2011Q1,2,DEFL,471.88866904812306,457.8271642119391,14.061504836183985,471.0431680143978,471.3828801773936,471.8882490886466,472.3915128859275,472.73764427304724
paper,small,2010-12-31,2011Q2,3,DEFL,472.4068679698779,458.48552274726825,13.92134522260966,471.16142871069025,471.6657143460603,472.4095908420567,473.15427516139727,473.6449197192468
paper,small,2010-12-31,2011Q3,4,DEFL,472.9503310531275,459.10205503836494,13.848276014762575,471.2626599163514,471.9286350058494,472.9483184847144,473.96902909361893,474.65025060623856
paper,small,2010-12-31,2011Q4,5,DEFL,473.5173952983071,459.2226780352162,14.294717263090945,471.29955604025145,472.1733543718034,473.5158492602336,474.84348843877615,475.7568391732657
paper,small,2010-12-31,2012Q1,6,DEFL,474.1074080873839,459.8276478897225,14.279760197661346,471.33434657954814,472.42062547657076,474.1163914755616,475.785646002872,476.9030134413636
paper,small,2010-12-31,2012Q2,7,DEFL,474.7205128893577,460.2296059641123,14.490906925245383,471.33502746143654,472.664015662351,474.7144310691704,476.76521379617844,478.11316837876683
paper,small,2010-12-31,2012Q3,8,DEFL,475.3535593610562,460.74675450367744,14.60680485737879,471.3118041724904,472.91961030085275,475.35081809955886,477.7973223880633,479.38103400014637
paper,small,2010-12-31,2010Q4,1,FFR,0.5054388804046421,0.18666666666666668,0.3187722137379755,-0.8819820237299574,-0.3277715580610034,0.4963545558863077,1.344035848019988,1.9137175798431445
paper,small,2010-12-31,2011Q1,2,FFR,0.8088979101225281,0.15666666666666668,0.6522312434558615,-1.3105410012541103,-0.47990234360412126,0.804748527744242,2.0928145951946724,2.950492729434481
paper,small,2010-12-31,2011Q2,3,FFR,1.0280711278458983,0.09333333333333334,0.9347377945125649,-1.6610832096493247,-0.566500622248192,1.0116888050088493,2.6502329076823985,3.6972303788877627
paper,small,2010-12-31,2011Q3,4,FFR,1.2684953143969533,0.08333333333333333,1.18516198106362,-1.8767605382560344,-0.6389786156447873,1.2659331853208613,3.1793998176422167,4.441679675400663
paper,small,2010-12-31,2011Q4,5,FFR,1.5294265788495895,0.07333333333333335,1.4560932455162563,-1.9856910517039255,-0.6143481471769053,1.5280043807033974,3.6797428995093755,5.098057022841641
paper,small,2010-12-31,2012Q1,6,FFR,1.7620557375260992,0.10333333333333333,1.658722404192766,-2.1414107351722547,-0.5868265415074995,1.7655004197823874,4.118479470659455,5.659542555481931
paper,small,2010-12-31,2012Q2,7,FFR,1.9656080724250318,0.15333333333333335,1.8122747390916985,-2.280238595331046,-0.5800317192445802,1.973573406410539,4.501877959932913,6.167348704475068
paper,small,2010-12-31,2012Q3,8,FFR,2.155859308252206,0.14333333333333334,2.0125259749188724,-2.3378967435702718,-0.5467448516287954,2.1676872311237556,4.825002980060769,6.648776829512263
paper,small,2010-12-31,2010Q4,1,GDP,950.2115877096957,966.8271103692053,-16.61552265950968,948.8397331024106,949.3874998456821,950.2098429128098,951.0347480336404,951.6045656005098
paper,small,2010-12-31,2011Q1,2,GDP,951.0068052474974,966.5859036314018,-15.579098383904466,948.7927974225961,949.6709105531287,951.0072332429384,952.3451823138475,953.2139744778706
paper,small,2010-12-31,2011Q2,3,GDP,951.7257139200518,967.261665957135,-15.535952037083234,948.705773480241,949.9072295119872,951.7196899306641,953.5359606953573,954.7278599094225
paper,small,2010-12-31,2011Q3,4,GDP,952.458674011556,967.2228912780705,-14.764217266514493,948.740108277354,950.2088508977772,952.4465415778022,954.7024991996856,956.1964760593991
paper,small,2010-12-31,2011Q4,5,GDP,953.1691084005697,968.3383253013681,-15.169216900798347,948.82864017261,950.5238976086147,953.1645278650742,955.8151929694045,957.5699706621992
paper,small,2010-12-31,2012Q1,6,GDP,953.8754696747484,969.1529212860218,-15.277451611273364,948.9459836100601,950.8729839408501,953.869746891066,956.8840594034754,958.8291207721321
paper,small,2010-12-31,2012Q2,7,GDP,954.5609537721763,969.6077453782113,-15.046791606035072,949.0861207702117,951.261563358497,954.5562946726238,957.880395143752,960.0573743246887
paper,small,2010-12-31,2012Q3,8,GDP,955.2405605486814,969.7824756135876,-14.54191506490622,949.229062255034,951.6983145901587,955.241064648495,958.8132081553946,961.2601427398522
paper,small,2011-03-31,2011Q1,1,DEFL,471.409404168186,457.8271642119391,13.582239956246895,470.93802228060207,471.1232810264268,471.4105553510862,471.69360910106656,471.87990866578804
paper,small,2011-03-31,2011Q2,2,DEFL,471.7646170336099,458.48552274726825,13.27909428634166,470.9390455087839,471.2636942386405,471.7678390947434,472.2622813403338,472.5926799468624
paper,small,2011-03-31,2011Q3,3,DEFL,472.13479217002885,459.10205503836494,13.032737131663907,470.90737434332215,471.39754924791185,472.1371838059083,472.8656172133872,473.34923995537224
paper,small,2011-03-31,2011Q4,4,DEFL,472.49630841454535,459.2226780352162,13.273630379329177,470.8333710898861,471.47132277567715,472.5031042972445,473.50829334539037,474.14812602770644
paper,small,2011-03-31,2012Q1,5,DEFL,472.9092072906617,459.8276478897225,13.08155940093917,470.72268955279594,471.57550239277987,472.91318202169043,474.2449914527967,475.07908734722554
paper,small,2011-03-31,2012Q2,6,DEFL,473.34505433811125,460.2296059641123,13.115448373998959,470.59361252294326,471.66998605148035,473.3489770123226,475.02383310220813,476.0866522176139
paper,small,2011-03-31,2012Q3,7,DEFL,473.8049293837309,460.74675450367744,13.058174880053457,470.426981894865,471.77363018198224,473.81422863547664,475.8407814403618,477.1616931059108
paper,small,2011-03-31,2012Q4,8,DEFL,474.2829441133165,461.25230870332746,13.030635409989031,470.23948270356965,471.8598384090666,474.3064247910965,476.6843317106691,478.25403903122253
paper,small,2011-03-31,2011Q1,1,FFR,0.3377348989437421,0.15666666666666668,0.1810682322770754,-1.0299439469481109,-0.4872594997980532,0.3419547182015774,1.168852500224896,1.6963888750982892
paper,small,2011-03-31,2011Q2,2,FFR,0.4333771385437695,0.09333333333333334,0.3400438052104362,-1.6962837520517495,-0.8495181374638877,0.44633913677383946,1.706861268484061,2.571168968628085
paper,small,2011-03-31,2011Q3,3,FFR,0.6106262004484563,0.08333333333333333,0.5272928671151229,-2.060577037165171,-0.988191539425116,0.6272438670826033,2.216230115627599,3.2727295018308142
paper,small,2011-03-31,2011Q4,4,FFR,0.8622420511496797,0.07333333333333335,0.7889087178163463,-2.299163939813081,-1.0343258330521803,0.8872510273812293,2.76003812495578,3.973547696125511
paper,small,2011-03-31,2012Q1,5,FFR,1.080478827149196,0.10333333333333333,0.9771454938158628,-2.508955595563626,-1.0504171375715645,1.1125472291087188,3.235774943230557,4.5813396834188405
paper,small,2011-03-31,2012Q2,6,FFR,1.2744104351654761,0.15333333333333335,1.1210771018321428,-2.6733903690760163,-1.1121738867151791,1.3076475673834909,3.6244365408899535,5.1570589246174405
paper,small,2011-03-31,2012Q3,7,FFR,1.4608858226067811,0.14333333333333334,1.3175524892734478,-2.824623683958482,-1.079302706924107,1.498091834333582,4.006875960332294,5.610175372936202
paper,small,2011-03-31,2012Q4,8,FFR,1.6436276359588984,0.16,1.4836276359588985,-2.904902852303526,-1.0462379797429429,1.6600736364049622,4.371441424037674,6.0592443742757895
paper,small,2011-03-31,2011Q1,1,GDP,950.8647254890568,966.5859036314018,-15.721178142345025,949.4848013774414,950.020963332042,950.8676983462449,951.7021451423221,952.2532208212986
paper,small,2011-03-31,2011Q2,2,GDP,951.6194011482249,967.261665957135,-15.642264808910113,949.4040216401208,950.2679186238045,951.6216081146642,952.9610776036186,953.8394115404609
paper,small,2011-03-31,2011Q3,3,GDP,952.4205817946722,967.2228912780705,-14.80230948339829,949.4469897333242,950.5814785369085,952.4275572364677,954.233119964986,955.4183325216476
paper,small,2011-03-31,2011Q4,4,GDP,953.2438679310754,968.3383253013681,-15.094457370292616,949.5339948723423,951.0031162405313,953.2612058904947,955.4922570666637,956.9667467372683
paper,small,2011-03-31,2012Q1,5,GDP,954.0157607292184,969.1529212860218,-15.137160556803337,949.6516754975664,951.4092958988186,954.0358256791294,956.6430966895387,958.3516062082017
paper,small,2011-03-31,2012Q2,6,GDP,954.7704312027106,969.6077453782113,-14.837314175500751,949.8079762062125,951.8250385138464,954.7923227912279,957.7589205861807,959.635430014634
paper,small,2011-03-31,2012Q3,7,GDP,955.503473268385,969.7824756135876,-14.27900234520257,949.9950016118399,952.2385705579807,955.5549494923563,958.8074035709535,960.892957219248
paper,small,2011-03-31,2012Q4,8,GDP,956.2271453868192,969.8922534031813,-13.665108016362069,950.2723497696671,952.6640214969948,956.2595380135384,959.7774798187082,962.15821564885
paper,small,2011-06-30,2011Q2,1,DEFL,472.00897428594453,458.48552274726825,13.523451538676284,471.535916943518,471.72321144203806,472.00931668384715,472.293777489972,472.4794290457307
paper,small,2011-06-30,2011Q3,2,DEFL,472.45245496755064,459.10205503836494,13.350399929185699,471.62132912829435,471.9562812356245,472.4547823910502,472.9468720327875,473.28028889587125
paper,small,2011-06-30,2011Q4,3,DEFL,472.88889444566314,459.2226780352162,13.666216410446964,471.6707929253164,472.13911181960964,472.89080036305387,473.62834866858174,474.1056878161671
paper,small,2011-06-30,2012Q1,4,DEFL,473.3856229838944,459.8276478897225,13.557975094171866,471.7132254295099,472.37705342227383,473.37764889571326,474.4056968803791,475.0511994280421
paper,small,2011-06-30,2012Q2,5,DEFL,473.90266028406813,460.2296059641123,13.673054319955838,471.69381253478326,472.5856360342825,473.8958201250006,475.2345557283873,476.10974901986043
paper,small,2011-06-30,2012Q3,6,DEFL,474.4490706262476,460.74675450367744,13.702316122570153,471.6649745224123,472.78197563417126,474.4427956354646,476.11071585956057,477.22670486580984
paper,small,2011-06-30,2012Q4,7,DEFL,475.0142150024719,461.25230870332746,13.761906299144414,471.64140003410336,472.98051818975,475.01192905212446,477.0496583671086,478.3989749955266
paper,small,2011-06-30,2013Q1,8,DEFL,475.60122797149376,461.651558288791,13.949669682702734,471.60311208538013,473.1783230595831,475.6166088449341,478.0424976964501,479.61893006070784
paper,small,2011-06-30,2011Q2,1,FFR,0.2532058038054117,0.09333333333333334,0.15987247047207837,-1.1220381209401777,-0.5608144638948648,0.2519042381669999,1.081414768315906,1.6177820580383353
paper,small,2011-06-30,2011Q3,2,FFR,0.5156229190640474,0.08333333333333333,0.43228958573071413,-1.6202968171471803,-0.7662098681763424,0.5303461054816255,1.7984732305628108,2.598031673174914
paper,small,2011-06-30,2011Q4,3,FFR,0.8039396626234812,0.07333333333333335,0.7306063292901478,-1.8641769866013327,-0.7820049222386692,0.8184168209295626,2.382177511604672,3.454742291331568
paper,small,2011-06-30,2012Q1,4,FFR,1.0166780135924145,0.10333333333333333,0.9133446802590812,-2.1486047016203558,-0.8829946342233693,1.0343100748601741,2.900240532158633,4.134728641734748
paper,small,2011-06-30,2012Q2,5,FFR,1.237755101976392,0.15333333333333335,1.0844217686430586,-2.329776109328604,-0.903257408838196,1.2637783373578295,3.370299271388789,4.771721967636739
paper,small,2011-06-30,2012Q3,6,FFR,1.4667867335702849,0.14333333333333334,1.3234534002369516,-2.488985155487897,-0.8801389416213706,1.4815538523270346,3.8064091559229936,5.332029398111452
paper,small,2011-06-30,2012Q4,7,FFR,1.6796198184763427,0.16,1.5196198184763428,-2.5796539545271076,-0.8261488564436495,1.680854897896814,4.2244329856123395,5.827625941656819
paper,small,2011-06-30,2013Q1,8,FFR,1.8779202216459412,0.14333333333333334,1.7345868883126079,-2.6578337172563047,-0.8063353347378284,1.9018601993240898,4.548581964568932,6.304116482645378
paper,small,2011-06-30,2011Q2,1,GDP,951.3679201228628,967.261665957135,-15.893745834272295,949.9821066158805,950.5452487515339,951.3723635937433,952.1923912400531,952.7388020323796
paper,small,2011-06-30,2011Q3,2,GDP,952.1956573472642,967.2228912780705,-15.027233930806347,949.9810066315788,950.8569730587582,952.200219773956,953.54323984423,954.4238318865991
paper,small,2011-06-30,2011Q4,3,GDP,952.993391095658,968.3383253013681,-15.344934205710047,949.9999683467045,951.1842476348173,952.9813212806677,954.7973832830871,956.0443893572484
paper,small,2011-06-30,2012Q1,4,GDP,953.732217075335,969.1529212860218,-15.420704210686722,950.0000994249815,951.5019598419941,953.7391265803856,955.9743532303627,957.431466476798
paper,small,2011-06-30,2012Q2,5,GDP,954.4538833717311,969.6077453782113,-15.153862006480267,950.0920603443249,951.8419253622092,954.4689876052846,957.0612424043424,958.7640498970179
paper,small,2011-06-30,2012Q3,6,GDP,955.1821537723159,969.7824756135876,-14.600321841271693,950.2502419278179,952.2307613840084,955.1893899641584,958.1453223698333,960.0826544995764
paper,small,2011-06-30,2012Q4,7,GDP,955.8914535979354,969.8922534031813,-14.000799805245833,950.4371635023663,952.6293751173822,955.9223110176318,959.1564428120205,961.3192907824522
paper,small,2011-06-30,2013Q1,8,GDP,956.5958675260935,970.7562992997954,-14.16043177370193,950.647150072983,953.0525536493351,956.6343576679365,960.1264267085588,962.4697343650301
paper,small,2011-09-30,2011Q3,1,DEFL,473.43189314981566,459.10205503836494,14.329838111450727,472.9733734161688,473.1564684048075,473.43283674433724,473.7052904168824,473.88495300898114
paper,small,2011-09-30,2011Q4,2,DEFL,474.0492164466866,459.2226780352162,14.826538411470437,473.248455088705,473.57250584801585,474.04753710656445,474.53251721425994,474.85752093561354
paper,small,2011-09-30,2012Q1,3,DEFL,474.6998227193266,459.8276478897225,14.872174829604091,473.5078434976357,473.98574787002906,474.69007400892724,475.4228955086972,475.896829927046
paper,small,2011-09-30,2012Q2,4,DEFL,475.3673189594739,460.2296059641123,15.137712995361596,473.73361388738346,474.3896101035208,475.35838559533533,476.3615884376946,477.0360676898405
paper,small,2011-09-30,2012Q3,5,DEFL,476.0542370299138,460.74675450367744,15.307482526236356,473.8959299845452,474.76902581408984,476.04316483986474,477.3706918724027,478.2295355913411
paper,small,2011-09-30,2012Q4,6,DEFL,476.7633115758903,461.25230870332746,15.51100287256287,474.0416606530339,475.13744017790066,476.7497888364797,478.41656761134163,479.5154188617183
paper,small,2011-09-30,2013Q1,7,DEFL,477.497655792258,461.651558288791,15.846097503466979,474.18118318543077,475.49132151229855,477.48266235842317,479.520229464027,480.8825473782121
paper,small,2011-09-30,2013Q2,8,DEFL,478.2508365403165,461.93491871613605,16.315917824180474,474.2998436484027,475.86177842520334,478.2302876665962,480.66881558201436,482.2864026876376
paper,small,2011-09-30,2011Q3,1,FFR,0.32106189697763504,0.08333333333333333,0.23772856364430173,-1.0505059390900693,-0.5125143628495076,0.32191015682617674,1.147642624527888,1.6932434583939975
paper,small,2011-09-30,2011Q4,2,FFR,0.5893272489322101,0.07333333333333335,0.5159939155988768,-1.5368655934511324,-0.7137645473008888,0.6036639397147098,1.8709244001756944,2.682738546421779
paper,small,2011-09-30,2012Q1,3,FFR,0.7958411771119258,0.10333333333333333,0.6925078437785925,-1.8907399405230834,-0.8180588397908259,0.8086396564760849,2.3951240024034575,3.4817368032477756
paper,small,2011-09-30,2012Q2,4,FFR,1.0303272024438952,0.15333333333333335,0.8769938691105619,-2.0931472550558414,-0.8771610525090318,1.0353638300310983,2.928715808639323,4.186204082279249
paper,small,2011-09-30,2012Q3,5,FFR,1.2901218694403154,0.14333333333333334,1.146788536106982,-2.2466195375099107,-0.8560574239636022,1.3040114602032946,3.421699184281497,4.82499618165855
paper,small,2011-09-30,2012Q4,6,FFR,1.5486043365595934,0.16,1.3886043365595935,-2.3712970793186114,-0.8167520101080725,1.560614472402926,3.884524897943528,5.482674031948848
paper,small,2011-09-30,2013Q1,7,FFR,1.7854352204629191,0.14333333333333334,1.6421018871295858,-2.474159040091743,-0.7681959310803069,1.8046929498163498,4.315381682398599,6.019475670940596
paper,small,2011-09-30,2013Q2,8,FFR,2.0035430464446073,0.11666666666666665,1.8868763797779406,-2.526843699862734,-0.702644010158638,2.0154353456760754,4.7125755490439465,6.487847296148695
paper,small,2011-09-30,2011Q3,1,GDP,949.9818866738292,967.2228912780705,-17.24100460424131,948.5906094344174,949.1484942885174,949.9821284150308,950.8197122937709,951.375041238316
paper,small,2011-09-30,2011Q4,2,GDP,950.6465052444412,968.3383253013681,-17.691820056926872,948.4046257730649,949.2917306953063,950.6469022356321,952.0022585512995,952.8868509012317
paper,small,2011-09-30,2012Q1,3,GDP,951.2770698166324,969.1529212860218,-17.875851469389318,948.2270005196918,949.4619013751335,951.272604272487,953.0952345648399,954.2961625915174
paper,small,2011-09-30,2012Q2,4,GDP,951.9215846630132,969.6077453782113,-17.686160715198184,948.153777881175,949.6605179007049,951.9032984815872,954.2041085124873,955.7122521896879
paper,small,2011-09-30,2012Q3,5,GDP,952.5611597876318,969.7824756135876,-17.2213158259558,948.099062378631,949.8877875076153,952.5411767869393,955.2274680493762,957.0268364490961
paper,small,2011-09-30,2012Q4,6,GDP,953.1838055022669,969.8922534031813,-16.708447900914393,948.1468704485061,950.1036442217057,953.1800129790231,956.2172328998041,958.2506155905202
paper,small,2011-09-30,2013Q1,7,GDP,953.8060383341943,970.7562992997954,-16.950260965601046,948.2195005029947,950.4561923351196,953.814055124398,957.1676874211104,959.387894485424
paper,small,2011-09-30,2013Q2,8,GDP,954.4134416225037,970.8955874685364,-16.482145846032722,948.3163299410443,950.7694598490322,954.4307252561271,958.0520915029898,960.4793649191686
paper,small,2011-12-31,2011Q4,1,DEFL,474.10011411451995,459.2226780352162,14.877436079303777,473.6454134759204,473.82248651990005,474.0995535443677,474.37351717717974,474.5549757015786
paper,small,2011-12-31,2012Q1,2,DEFL,474.7521431438144,459.8276478897225,14.92449525409188,473.9497442372079,474.26327471549604,474.75251935407925,475.24006453831095,475.55120402404594
paper,small,2011-12-31,2012Q2,3,DEFL,475.4233489229296,460.2296059641123,15.193742958817325,474.2220710385179,474.69428143616483,475.41850077125173,476.14668025091197,476.6323633055126
paper,small,2011-12-31,2012Q3,4,DEFL,476.111370403737,460.74675450367744,15.364615900059562,474.465091728006,475.12236450080604,476.1074360787803,477.10261771656576,477.7849251389767
paper,small,2011-12-31,2012Q4,5,DEFL,476.8292631675076,461.25230870332746,15.576954464180119,474.6497071703551,475.5222406892698,476.8362120372708,478.1352552966431,479.02524166229233
paper,small,2011-12-31,2013Q1,6,DEFL,477.57222705737985,461.651558288791,15.920668768588826,474.82924378615627,475.92438152589364,477.58016312305347,479.2052388866483,480.35189527277004
paper,small,2011-12-31,2013Q2,7,DEFL,478.3328167125914,461.93491871613605,16.397897996455356,475.0071271772355,476.32430455382575,478.3284683642821,480.3255086321332,481.73049322973793
paper,small,2011-12-31,2013Q3,8,DEFL,479.1121494457665,462.40508197513793,16.707067470628544,475.1297203866969,476.71693056694,479.09971980797627,481.5062438091905,483.1669093789045
paper,small,2011-12-31,2011Q4,1,FFR,0.2951820587276703,0.07333333333333335,0.22184872539433692,-1.0825814594463612,-0.5285060757579956,0.29876698060939766,1.110366052165341,1.6675674518548727
paper,small,2011-12-31,2012Q1,2,FFR,0.535450923410294,0.10333333333333333,0.43211759007696066,-1.590516123078328,-0.7417067389825611,0.5398444141848259,1.7966186276276817,2.646165219739558
paper,small,2011-12-31,2012Q2,3,FFR,0.7811853058207843,0.15333333333333335,0.627851972487451,-1.8994344904832923,-0.8319852057381285,0.7956725258120965,2.381325099499678,3.439417517707679
paper,small,2011-12-31,2012Q3,4,FFR,1.0442287560238455,0.14333333333333334,0.9008954226905121,-2.0567668903010863,-0.8374409997527162,1.057423863963376,2.9349290573199225,4.131736322525619
paper,small,2011-12-31,2012Q4,5,FFR,1.3262464085752337,0.16,1.1662464085752338,-2.218772866441032,-0.7996556079167159,1.3523042146028288,3.4046490019200077,4.866356542072152
paper,small,2011-12-31,2013Q1,6,FFR,1.583906023751095,0.14333333333333334,1.4405726904177616,-2.31384294379542,-0.7729018147462621,1.5962656303429865,3.8891852600055428,5.463662397636183
paper,small,2011-12-31,2013Q2,7,FFR,1.834861189910131,0.11666666666666665,1.7181945232434643,-2.4020031961611408,-0.6984409407702292,1.8675323157740704,4.35136900432825,6.029096259094413
paper,small,2011-12-31,2013Q3,8,FFR,2.068189864339748,0.08333333333333333,1.9848565310064148,-2.4792746677971724,-0.636548337034632,2.1016007224549034,4.759618392218466,6.566659883634199
paper,small,2011-12-31,2011Q4,1,GDP,950.4174293426001,968.3383253013681,-17.920895958767915,949.047176213486,949.5820204410447,950.4196354511839,951.2421698851967,951.7901267728421
paper,small,2011-12-31,2012Q1,2,GDP,951.0857747116415,969.1529212860218,-18.067146574380217,948.8448633158813,949.7281493310893,951.092839280247,952.4375867863812,953.322478670332
paper,small,2011-12-31,2012Q2,3,GDP,951.7517132527271,969.6077453782113,-17.856032125484262,948.6960122806406,949.8995969165614,951.7668855663845,953.5807549260752,954.7715350171163
paper,small,2011-12-31,2012Q3,4,GDP,952.4113725358717,969.7824756135876,-17.37110307771593,948.6087657001007,950.1467198628502,952.4391519721285,954.6611849121846,956.1416481198103
paper,small,2011-12-31,2012Q4,5,GDP,953.0603842922603,969.8922534031813,-16.831869110920934,948.6003609091624,950.4019146939721,953.084871917031,955.7125382111149,957.4372542664723
paper,small,2011-12-31,2013Q1,6,GDP,953.6931673646826,970.7562992997954,-17.06313193511278,948.5891676791251,950.6363467897728,953.7233414242586,956.6900344228924,958.6753958552098
paper,small,2011-12-31,2013Q2,7,GDP,954.3230247988114,970.8955874685364,-16.572562669725016,948.6556418852284,950.9527740257074,954.3632503010313,957.6655684601727,959.8557425688633
paper,small,2011-12-31,2013Q3,8,GDP,954.9392784523707,971.6841237441809,-16.74484529181018,948.7937034187299,951.235054024624,954.9643787937061,958.6149350767457,960.9512525085879
paper,small,2012-03-31,2012Q1,1,DEFL,474.1555728803755,459.8276478897225,14.327924990652946,473.699266438588,473.880644321811,474.1543239996372,474.43107848306994,474.6117060839216
paper,small,2012-03-31,2012Q2,2,DEFL,474.6244359578957,460.2296059641123,14.39482999378339,473.8209571436398,474.14309458163905,474.6262691111997,475.10409244233324,475.42494523810274
paper,small,2012-03-31,2012Q3,3,DEFL,475.1079143222127,460.74675450367744,14.36115981853527,473.908847145381,474.39129068411694,475.10629807796397,475.82968115269773,476.30565101430744
paper,small,2012-03-31,2012Q4,4,DEFL,475.589427950642,461.25230870332746,14.337119247314547,473.9426864304993,474.60469789722634,475.58919172964147,476.5777868209596,477.23332306508325
paper,small,2012-03-31,2013Q1,5,DEFL,476.1131498169841,461.651558288791,14.461591528193082,473.95514919812166,474.8196117321206,476.11649174501446,477.40989191337434,478.2760514319257
paper,small,2012-03-31,2013Q2,6,DEFL,476.6587286764198,461.93491871613605,14.723809960283745,473.94726449492714,475.0305108288735,476.6610723574918,478.2926082214467,479.4160133583137
paper,small,2012-03-31,2013Q3,7,DEFL,477.230810287931,462.40508197513793,14.825728312793046,473.9074086301956,475.24118696083013,477.230416855762,479.21974217750375,480.58503021290943
paper,small,2012-03-31,2013Q4,8,DEFL,477.8235338253744,463.00091293350107,14.822620891873328,473.8745755354559,475.4558696858032,477.8232153515314,480.1974876246797,481.8083315051688
paper,small,2012-03-31,2012Q1,1,FFR,0.1552984204122544,0.10333333333333333,0.05196508707892106,-1.1945273779591297,-0.6681552954852059,0.15027581518626465,0.977743397140174,1.5255566705252537
paper,small,2012-03-31,2012Q2,2,FFR,0.24108677113484586,0.15333333333333335,0.08775343780151251,-1.892477837864541,-1.0247120382847894,0.2531713277720935,1.49145593994503,2.337350837451968
paper,small,2012-03-31,2012Q3,3,FFR,0.44938897566951475,0.14333333333333334,0.30605564233618143,-2.190972777199592,-1.1263935651228372,0.45714626209741127,2.0174603635969555,3.072485653914229
paper,small,2012-03-31,2012Q4,4,FFR,0.7356902916373758,0.16,0.5756902916373757,-2.381285705297273,-1.1330424061050381,0.7592716326030302,2.590562569196635,3.836153868349024
paper,small,2012-03-31,2013Q1,5,FFR,0.9670994278787275,0.14333333333333334,0.8237660945453942,-2.595181562610882,-1.1773543829461077,0.9789648748851365,3.0860434125460787,4.501203397353626
paper,small,2012-03-31,2013Q2,6,FFR,1.1759268565890413,0.11666666666666665,1.0592601899223746,-2.7626119363230375,-1.1761325650216647,1.2034148582772257,3.511217170870646,5.0719348016255426
paper,small,2012-03-31,2013Q3,7,FFR,1.381869908075968,0.08333333333333333,1.2985365747426347,-2.9154735509385965,-1.165618607959626,1.4111341429403113,3.901122917589306,5.602195637663927
paper,small,2012-03-31,2013Q4,8,FFR,1.5832360563816774,0.08666666666666667,1.4965693897150107,-3.0181972938337625,-1.1179604166652581,1.61303979805838,4.280992788743705,6.046677698753213
paper,small,2012-03-31,2012Q1,1,GDP,951.092895896158,969.1529212860218,-18.060025389863767,949.7054422761041,950.2595833172734,951.0950407800067,951.9318831937154,952.4829895341032
paper,small,2012-03-31,2012Q2,2,GDP,951.7638372867733,969.6077453782113,-17.84390809143804,949.5053614601657,950.4143288794454,951.7662426292186,953.11049266053,954.0026609673254
paper,small,2012-03-31,2012Q3,3,GDP,952.5273298229506,969.7824756135876,-17.255145790637016,949.4648721076813,950.6829612200783,952.5418915967648,954.3689892868078,955.5436854951583
paper,small,2012-03-31,2012Q4,4,GDP,953.2848407575133,969.8922534031813,-16.607412645667978,949.5155143840384,951.0128045894128,953.3092514231521,955.5428803635657,957.0364957091397
paper,small,2012-03-31,2013Q1,5,GDP,953.9862084665688,970.7562992997954,-16.770090833226618,949.4828801496221,951.3211336079123,954.0055288973155,956.6223174959076,958.3783355620701
paper,small,2012-03-31,2013Q2,6,GDP,954.6646474082612,970.8955874685364,-16.230940060275202,949.5632577395876,951.6500149047122,954.6863621843041,957.6599126270743,959.6786018203687
paper,small,2012-03-31,2013Q3,7,GDP,955.3311571912226,971.6841237441809,-16.352966552958264,949.6776000756892,952.0249610705133,955.3543186301935,958.6596547913756,960.8449094924717
paper,small,2012-03-31,2013Q4,8,GDP,955.9795060466215,972.3927778506837,-16.41327180406222,949.833478537487,952.348121801555,956.0154697544044,959.6124645853039,962.0182884643599
paper,small,2012-06-30,2012Q2,1,DEFL,474.6656084643972,460.2296059641123,14.436002500284928,474.21052181631103,474.39346967556867,474.66378656157906,474.9405603811466,475.1294687929395
paper,small,2012-06-30,2012Q3,2,DEFL,475.154518845822,460.74675450367744,14.40776434214456,474.36026731219306,474.67296283299623,475.1511918413326,475.6374324886188,475.9580222729132
paper,small,2012-06-30,2012Q4,3,DEFL,475.64520655350645,461.25230870332746,14.392897850178997,474.4560998141991,474.93120633312896,475.6420222831418,476.36232855124103,476.83450663663257
paper,small,2012-06-30,2013Q1,4,DEFL,476.1799317057077,461.651558288791,14.52837341691668,474.5548768309675,475.18853660495597,476.1853046956702,477.16689562919834,477.81228855077
paper,small,2012-06-30,2013Q2,5,DEFL,476.7351160591991,461.93491871613605,14.800197343063019,474.59059652368734,475.4263404407119,476.7326734880157,478.0241948478991,478.8611685857937
paper,small,2012-06-30,2013Q3,6,DEFL,477.311367433827,462.40508197513793,14.90628545868907,474.60532390527766,475.67168469377907,477.3088588185002,478.9384760521704,480.01084431618284
paper,small,2012-06-30,2013Q4,7,DEFL,477.91145148647456,463.00091293350107,14.910538552973492,474.63030580953784,475.92133714249763,477.9032250764817,479.91210022076535,481.19885450775007
paper,small,2012-06-30,2014Q1,8,DEFL,478.5334542611002,463.41657228293434,15.11688197816585,474.61161688693767,476.16564532210646,478.51853443508077,480.9015319371703,482.42707051685534
paper,small,2012-06-30,2012Q2,1,FFR,0.1769173649918982,0.15333333333333335,0.023584031658564847,-1.1984492640346973,-0.6506871858783421,0.1802037697259734,1.0011127104224606,1.547260668714211
paper,small,2012-06-30,2012Q3,2,FFR,0.39315692806597974,0.14333333333333334,0.2498235947326464,-1.7323803736309573,-0.8683070981120216,0.3901570035380784,1.6809296263595694,2.4855246976885965
paper,small,2012-06-30,2012Q4,3,FFR,0.6757251790469803,0.16,0.5157251790469802,-1.9494034309865849,-0.9258251431867797,0.6845337712304898,2.273075006833712,3.298275154979922
paper,small,2012-06-30,2013Q1,4,FFR,0.9066920113014539,0.14333333333333334,0.7633586779681206,-2.168145708237558,-0.9679983239716083,0.910434376585948,2.766343553639053,3.9523222537856975
paper,small,2012-06-30,2013Q2,5,FFR,1.1188098395820778,0.11666666666666665,1.002143172915411,-2.3695609699790885,-0.98076265598439,1.1221314791376669,3.2445096906433633,4.603259727141323
paper,small,2012-06-30,2013Q3,6,FFR,1.3373694311949869,0.08333333333333333,1.2540360978616536,-2.5410900621912647,-0.9828470493760021,1.3222558063031968,3.680603432288386,5.200610415195307
paper,small,2012-06-30,2013Q4,7,FFR,1.5391531074169613,0.08666666666666667,1.4524864407502946,-2.6877365210017112,-0.9725603842398575,1.5347009506606608,4.059511177539356,5.7058678793007065
paper,small,2012-06-30,2014Q1,8,FFR,1.717699031792501,0.07333333333333335,1.6443656984591677,-2.793749095948086,-0.966088364124901,1.7373219500707235,4.404015135577266,6.1560792549365955
paper,small,2012-06-30,2012Q2,1,GDP,951.6373522977464,969.6077453782113,-17.970393080464987,950.2538330148237,950.7993083867007,951.6390387182339,952.4768924116868,953.0322132548228
paper,small,2012-06-30,2012Q3,2,GDP,952.3876344442372,969.7824756135876,-17.394841169350457,950.1292195065707,951.0379840574362,952.3942717626214,953.7273238162022,954.6211537237497
paper,small,2012-06-30,2012Q4,3,GDP,953.1192921388991,969.8922534031813,-16.772961264282117,950.0505451259537,951.3044148586145,953.1275694927945,954.9354941963383,956.1448239005243
paper,small,2012-06-30,2013Q1,4,GDP,953.8174488763278,970.7562992997954,-16.938850423467557,950.0467046322406,951.5665136249994,953.8368191397119,956.0565476151568,957.5091540979832
paper,small,2012-06-30,2013Q2,5,GDP,954.4847455464965,970.8955874685364,-16.410841922039936,949.9955113123668,951.8550537610932,954.4937463626907,957.1266143902014,958.8807909997961
paper,small,2012-06-30,2013Q3,6,GDP,955.1440956562412,971.6841237441809,-16.540028087939618,950.0707146902853,952.1469943095361,955.1586017085449,958.1490281764613,960.1220476571314
paper,small,2012-06-30,2013Q4,7,GDP,955.7829069583292,972.3927778506837,-16.60987089235448,950.1748715114784,952.4640814859256,955.7872771854551,959.0959454425484,961.3179461258713
paper,small,2012-06-30,2014Q1,8,GDP,956.4143634976007,972.0420537957549,-15.62769029815422,950.3191667543288,952.8237275915384,956.4390039065136,960.0485897935873,962.3687628993115
paper,small,2012-09-30,2012Q3,1,DEFL,474.9710116542397,460.74675450367744,14.224257150562266,474.5069489008635,474.6964608981598,474.97102641664765,475.2492135829127,475.4288826301873
paper,small,2012-09-30,2012Q4,2,DEFL,475.3977487993301,461.25230870332746,14.14544009600263,474.5879445157435,474.90915341476034,475.3976099405768,475.8834139698415,476.2061161187859
paper,small,2012-09-30,2013Q1,3,DEFL,475.8728571796914,461.651558288791,14.221298890900357,474.6654527623256,475.1499007839796,475.87094166936936,476.5962754419623,477.0768460048432
paper,small,2012-09-30,2013Q2,4,DEFL,476.3522766153735,461.93491871613605,14.417357899237459,474.6905530748113,475.3602224677978,476.35133227272286,477.3507065575001,478.00412033804986
paper,small,2012-09-30,2013Q3,5,DEFL,476.8687980505597,462.40508197513793,14.463716075421758,474.6813527500373,475.5659642041986,476.8651567889448,478.1723954334952,479.03255984694385
paper,small,2012-09-30,2013Q4,6,DEFL,477.4020883307352,463.00091293350107,14.401175397234113,474.6681827781734,475.7588231073995,477.39405051359176,479.04471097375574,480.1287301516855
paper,small,2012-09-30,2014Q1,7,DEFL,477.95455390885064,463.41657228293434,14.537981625916302,474.6239243360769,475.94478053703574,477.9501031112668,479.9593277324933,481.2883740598046
paper,small,2012-09-30,2014Q2,8,DEFL,478.5239378074674,463.9813129431631,14.542624864304287,474.57251703412453,476.1530272137746,478.5169833103407,480.8944891516892,482.47658214555804
paper,small,2012-09-30,2012Q3,1,FFR,0.2770587770193104,0.14333333333333334,0.13372544368597708,-1.0670803979547019,-0.5448027252497746,0.2736953491202704,1.0997901312712997,1.6427771620179872
paper,small,2012-09-30,2012Q4,2,FFR,0.47860767603799687,0.16,0.3186076760379969,-1.6226112348847777,-0.7764886562051461,0.47827387701127416,1.7560203324196637,2.5851276734022846
paper,small,2012-09-30,2013Q1,3,FFR,0.6467164941260328,0.14333333333333334,0.5033831607926995,-1.9862466459305639,-0.9388904958175042,0.6470272427333843,2.2229572855034694,3.2529574361994853
paper,small,2012-09-30,2013Q2,4,FFR,0.8301875313768247,0.11666666666666665,0.713520864710158,-2.2848455354074937,-1.0426365796598944,0.8464855158548361,2.7064466578573554,3.928629990578632
paper,small,2012-09-30,2013Q3,5,FFR,1.0252643390363094,0.08333333333333333,0.941931005702976,-2.5260672272852567,-1.087266513236846,1.0306036186637253,3.127546859979393,4.513507401414232
paper,small,2012-09-30,2013Q4,6,FFR,1.221048107350227,0.08666666666666667,1.1343814406835604,-2.655079043475699,-1.095363848886474,1.238633116255604,3.5205451245894803,4.969466654026588
paper,small,2012-09-30,2014Q1,7,FFR,1.4121290816043366,0.07333333333333335,1.3387957482710033,-2.779390261105169,-1.1073115122033057,1.445992353090128,3.9172527134921156,5.512797272882576
paper,small,2012-09-30,2014Q2,8,FFR,1.5898054470911793,0.09333333333333334,1.496472113757846,-2.8999645587648613,-1.0749261331386148,1.6135774937934757,4.2270006805552525,5.956839492512657
paper,small,2012-09-30,2012Q3,1,GDP,952.0730407307931,969.7824756135876,-17.70943488279454,950.7156311864528,951.2425988544416,952.0734098231728,952.8924600098902,953.4282393700302
paper,small,2012-09-30,2012Q4,2,GDP,952.7468298951819,969.8922534031813,-17.14542350799934,950.5544491373769,951.422991319648,952.7557136239204,954.070699924723,954.9251151410186
paper,small,2012-09-30,2013Q1,3,GDP,953.4286288357425,970.7562992997954,-17.327670464052858,950.4733099931412,951.6443490595709,953.4112481839783,955.2275913334828,956.4017980094092
paper,small,2012-09-30,2013Q2,4,GDP,954.1054464380363,970.8955874685364,-16.79014103050008,950.4193531209521,951.910287272115,954.1111100755435,956.3086668201945,957.7874323986193
paper,small,2012-09-30,2013Q3,5,GDP,954.7873746492771,971.6841237441809,-16.896749094903726,950.4549293873223,952.2149262282513,954.7978391138365,957.3497160223166,959.1196937867209
paper,small,2012-09-30,2013Q4,6,GDP,955.4640658396015,972.3927778506837,-16.92871201108221,950.5090612494449,952.5274057964233,955.4677800820383,958.4071551526662,960.336374060225
paper,small,2012-09-30,2014Q1,7,GDP,956.1261221671527,972.0420537957549,-15.915931628602152,950.7077682007255,952.8692979390939,956.1300053417339,959.3845608029816,961.5147921420534
paper,small,2012-09-30,2014Q2,8,GDP,956.7759105797476,973.318007678534,-16.54209709878637,950.833513558009,953.2257573635566,956.7856931070786,960.3536155178595,962.6738792054415
paper,small,2012-12-31,2012Q4,1,DEFL,475.7002866889282,461.25230870332746,14.447977985600744,475.2447684055473,475.42901352775203,475.6971035396882,475.97592824311084,476.156319408926
paper,small,2012-12-31,2013Q1,2,DEFL,476.2713945725042,461.651558288791,14.619836283713198,475.47194258332706,475.791224429368,476.27297570998167,476.75586530180186,477.0666679294012
paper,small,2012-12-31,2013Q2,3,DEFL,476.85290867545183,461.93491871613605,14.917989959315776,475.6782522243984,476.1356158724352,476.84966736557624,477.5694890357396,478.0362920536843
paper,small,2012-12-31,2013Q3,4,DEFL,477.48057738533134,462.40508197513793,15.075495410193412,475.86215817005194,476.49560620541996,477.4773115161346,478.46052786510967,479.1022800985244
paper,small,2012-12-31,2013Q4,5,DEFL,478.115977071125,463.00091293350107,15.115064137623904,475.95902601990025,476.834162603997,478.12724171508165,479.40964578630957,480.25192464065213
paper,small,2012-12-31,2014Q1,6,DEFL,478.78291421483306,463.41657228293434,15.366341931898717,476.0597421467991,477.1718427766037,478.79100899295895,480.40673358030466,481.47439884622526
paper,small,2012-12-31,2014Q2,7,DEFL,479.46294476415915,463.9813129431631,15.481631820996029,476.1265834157147,477.50065772039426,479.46194279582903,481.4531649116542,482.756014876281
paper,small,2012-12-31,2014Q3,8,DEFL,480.1622411114942,464.4169720837101,15.745269027784104,476.18600637145533,477.82226624100315,480.1661520140086,482.5099438139186,484.0609255051925
paper,small,2012-12-31,2012Q4,1,FFR,0.4391970518810767,0.16,0.2791970518810767,-0.9151334042595607,-0.37622597607327163,0.4346023885250725,1.257903495306034,1.7937089576583902
paper,small,2012-12-31,2013Q1,2,FFR,0.7663065146877273,0.14333333333333334,0.622973181354394,-1.3114722763878293,-0.5114317669752663,0.7665874499245177,2.041269056057635,2.873383345723583
paper,small,2012-12-31,2013Q2,3,FFR,1.0100336803427004,0.11666666666666665,0.8933670136760337,-1.589931712481699,-0.5683483192551532,1.0007606664713267,2.5991610506395055,3.653861310790762
paper,small,2012-12-31,2013Q3,4,FFR,1.214227597254971,0.08333333333333333,1.1308942639216377,-1.861691538271351,-0.6531897009159793,1.2319243111426919,3.06033554827776,4.285662052225357
paper,small,2012-12-31,2013Q4,5,FFR,1.462309003112844,0.08666666666666667,1.3756423364461774,-2.0476729597103764,-0.6627378398053678,1.482014949350828,3.5712697998150595,4.96346088368458
paper,small,2012-12-31,2014Q1,6,FFR,1.6895175646500753,0.07333333333333335,1.616184231316742,-2.1729630092808754,-0.6512124276320308,1.6893839361830052,3.988849511938329,5.545658857632451
paper,small,2012-12-31,2014Q2,7,FFR,1.8861235658861395,0.09333333333333334,1.7927902325528062,-2.3034633660006465,-0.6469577302515872,1.9131875495899702,4.368517019088277,6.00398913256611
paper,small,2012-12-31,2014Q3,8,FFR,2.0651729883949796,0.09000000000000001,1.9751729883949796,-2.393188441643548,-0.6291050167225097,2.0856428991668845,4.74529871624176,6.500662508883012
paper,small,2012-12-31,2012Q4,1,GDP,952.9436480716104,969.8922534031813,-16.94860533157089,951.5691612196147,952.1134689968469,952.9427456719409,953.7742360411719,954.3201973683697
paper,small,2012-12-31,2013Q1,2,GDP,953.7089429819191,970.7562992997954,-17.04735631787628,951.5157467674117,952.3872602635673,953.6926763174383,955.035024524063,955.9239399263754
paper,small,2012-12-31,2013Q2,3,GDP,954.3898986205872,970.8955874685364,-16.50568884794916,951.4042473105345,952.6118418157786,954.3917727937826,956.1663993040836,957.3852904743442
paper,small,2012-12-31,2013Q3,4,GDP,955.0607555406405,971.6841237441809,-16.623368203540394,951.3799553447838,952.8506187449179,955.0685791534197,957.2795002515126,958.7447291486433
paper,small,2012-12-31,2013Q4,5,GDP,955.7171951720944,972.3927778506837,-16.675582678589308,951.363127974053,953.1360687244722,955.7188197511196,958.3119511507274,960.0291572500968
paper,small,2012-12-31,2014Q1,6,GDP,956.3427610534907,972.0420537957549,-15.69929274226422,951.3993516457784,953.4028326266006,956.3713419262237,959.2982765615292,961.2393297089135
paper,small,2012-12-31,2014Q2,7,GDP,956.9581824273622,973.318007678534,-16.359825251171742,951.4838623240695,953.6840774083447,956.9919161120533,960.2075099484908,962.3997838764703
paper,small,2012-12-31,2014Q3,8,GDP,957.5778076758796,974.4762358890149,-16.898428213135276,951.6239977538129,954.0001000586326,957.6166989266492,961.1361276047813,963.4381685749278
paper,small,2013-03-31,2013Q1,1,DEFL,475.8822406999276,461.651558288791,14.23068241113657,475.42986926722415,475.6070921076009,475.88161237977187,476.1566128874185,476.33887940794705
paper,small,2013-03-31,2013Q2,2,DEFL,476.3231787576138,461.93491871613605,14.388260041477736,475.52238361097744,475.8458031418288,476.32549744583787,476.79896655342253,477.1230022045201
paper,small,2013-03-31,2013Q3,3,DEFL,476.7916630901144,462.40508197513793,14.38658111497648,475.59804347727214,476.07955401858925,476.7927355042955,477.503731942384,477.9828929085631
paper,small,2013-03-31,2013Q4,4,DEFL,477.23978240159704,463.00091293350107,14.23886946809597,475.6036991431424,476.25481232425926,477.24012116937035,478.2138536408554,478.8644121173788
paper,small,2013-03-31,2014Q1,5,DEFL,477.73095227236917,463.41657228293434,14.314379989434826,475.58439437294226,476.4319096957669,477.7285367359509,479.01791893722117,479.8719402023589
paper,small,2013-03-31,2014Q2,6,DEFL,478.2369728389865,463.9813129431631,14.255659895823385,475.53868294392186,476.6120294049726,478.24678895066336,479.85195152564637,480.9318662239712
paper,small,2013-03-31,2014Q3,7,DEFL,478.76673696699214,464.4169720837101,14.349764883282035,475.4506292047741,476.77409648670243,478.7657903747431,480.74074499445294,482.0610170702455
paper,small,2013-03-31,2014Q4,8,DEFL,479.31361936268684,464.58321677069813,14.730402591988707,475.36781045886335,476.9395746514444,479.3250970127775,481.6634929376519,483.2249328297291
paper,small,2013-03-31,2013Q1,1,FFR,0.20748663742635554,0.14333333333333334,0.0641533040930222,-1.1295692445844425,-0.5876335311080234,0.20191191550503695,1.0158411669343614,1.552282893667835
paper,small,2013-03-31,2013Q2,2,FFR,0.22788750355492224,0.11666666666666665,0.11122083688825558,-1.8506333587499564,-1.0246013452680258,0.23125301819498603,1.476333760724989,2.293606689014887
paper,small,2013-03-31,2013Q3,3,FFR,0.34133444812751806,0.08333333333333333,0.25800111479418475,-2.234198464241723,-1.2278014567951696,0.34149640587550145,1.9144803708265739,2.9073317148124316
paper,small,2013-03-31,2013Q4,4,FFR,0.5519655262095238,0.08666666666666667,0.4652988595428571,-2.5095012358804896,-1.3004871493438592,0.5639980343511252,2.3732973185774022,3.597459720891857
paper,small,2013-03-31,2014Q1,5,FFR,0.733026956898296,0.07333333333333335,0.6596936235649626,-2.7856621092771094,-1.3556858218925463,0.7364923645440853,2.8245010831973625,4.200357029908425
paper,small,2013-03-31,2014Q2,6,FFR,0.9099851663259376,0.09333333333333334,0.8166518329926042,-2.9542469091436048,-1.4057011333340401,0.9180388812941694,3.2109988551760393,4.720863404028865
paper,small,2013-03-31,2014Q3,7,FFR,1.0901295984553014,0.09000000000000001,1.0001295984553014,-3.1526447094454992,-1.413177117013886,1.1276526788956431,3.5818634036014965,5.198778162336708
paper,small,2013-03-31,2014Q4,8,FFR,1.266409595684099,0.09999999999999999,1.166409595684099,-3.262397645558611,-1.3964598425687247,1.3088545945337784,3.913423414986728,5.652565847822491
paper,small,2013-03-31,2013Q1,1,GDP,952.7905044340024,970.7562992997954,-17.965794865792986,951.4069011628388,951.9604227370622,952.7879224412302,953.6126364617801,954.1601347484301
paper,small,2013-03-31,2013Q2,2,GDP,953.3326517185286,970.8955874685364,-17.562935750007796,951.112388208675,952.0180034899525,953.3407274678962,954.656760924112,955.5376500854995
paper,small,2013-03-31,2013Q3,3,GDP,953.9856291675409,971.6841237441809,-17.698494576639973,950.9763351353289,952.2076495162233,953.9881388103616,955.7805609957579,956.9684784001257
paper,small,2013-03-31,2013Q4,4,GDP,954.673598821361,972.3927778506837,-17.71917902932273,950.9547388232388,952.4593311969186,954.6694239478365,956.8982079039549,958.3252434715057
paper,small,2013-03-31,2014Q1,5,GDP,955.3384005823884,972.0420537957549,-16.703653213366465,950.9544174418479,952.7474276513921,955.3631517954768,957.9303698623452,959.6138166753109
paper,small,2013-03-31,2014Q2,6,GDP,955.9986179420894,973.318007678534,-17.319389736444577,951.0591676690292,953.0569000965792,956.0209348180584,958.9411249372023,960.8547063232104
paper,small,2013-03-31,2014Q3,7,GDP,956.6552814197526,974.4762358890149,-17.820954469262347,951.182992126416,953.3994377765271,956.6804931808215,959.9244499415042,962.0880713963028
paper,small,2013-03-31,2014Q4,8,GDP,957.2925239314978,974.9242243231641,-17.6317003916663,951.2943755790435,953.7181181255825,957.329251849529,960.8483739227336,963.1893557353562
paper,small,2013-06-30,2013Q2,1,DEFL,476.1286748546564,461.93491871613605,14.19375613852037,475.6730894762552,475.85669714764833,476.12895521257576,476.40096124694657,476.5857673383447
paper,small,2013-06-30,2013Q3,2,DEFL,476.5269096498075,462.40508197513793,14.12182767466959,475.72738708582375,476.04697776760247,476.52467802517754,477.0149425088892,477.3242842671863
paper,small,2013-06-30,2013Q4,3,DEFL,476.89872658524524,463.00091293350107,13.897813651744173,475.69154803013424,476.1779148662473,476.8977283162551,477.62494177733095,478.08330541845686
paper,small,2013-06-30,2014Q1,4,DEFL,477.2998034105656,463.41657228293434,13.883231127631234,475.64641493497646,476.3136354272839,477.30027069438574,478.29053867271546,478.9280815408603
paper,small,2013-06-30,2014Q2,5,DEFL,477.7286976199608,463.9813129431631,13.747384676797708,475.5482765229907,476.4232623054348,477.73802813573366,479.0310111871552,479.85864102879106
paper,small,2013-06-30,2014Q3,6,DEFL,478.1800789427306,464.4169720837101,13.763106859020468,475.45941412897145,476.54961093646097,478.19037230420463,479.80785408007125,480.8592325583955
paper,small,2013-06-30,2014Q4,7,DEFL,478.6559195309966,464.58321677069813,14.072702760298455,475.3599359840537,476.66023569781197,478.6733402392829,480.6401833711846,481.92074605410477
paper,small,2013-06-30,2015Q1,8,DEFL,479.1533047565343,464.5476847747226,14.605619981811685,475.2310075315687,476.8065757864311,479.1698170979653,481.52019324036127,483.01736661535944
paper,small,2013-06-30,2013Q2,1,FFR,0.08843865088483979,0.11666666666666665,-0.028228015781826862,-1.2826087717426244,-0.7300188237299513,0.09290466261171976,0.9006020089822908,1.446857457389857
paper,small,2013-06-30,2013Q3,2,FFR,0.11985498733845108,0.08333333333333333,0.036521654005117754,-1.9579009844846738,-1.1495378929199838,0.12327082008044501,1.3884573248721426,2.222370445365755
paper,small,2013-06-30,2013Q4,3,FFR,0.2970621658498131,0.08666666666666667,0.21039549918314643,-2.314144960015214,-1.276118166570617,0.305805667703277,1.870511190979166,2.9131406113071048
paper,small,2013-06-30,2014Q1,4,FFR,0.48486628366333345,0.07333333333333335,0.4115329503300001,-2.542863729035672,-1.3835280317326502,0.4881620520301637,2.3483746940336463,3.5725503367407083
paper,small,2013-06-30,2014Q2,5,FFR,0.6440230193547484,0.09333333333333334,0.550689686021415,-2.838901807433688,-1.454368810612856,0.6493172032654861,2.7638155292952344,4.145570502491111
paper,small,2013-06-30,2014Q3,6,FFR,0.8182123763005348,0.09000000000000001,0.7282123763005348,-3.033518819472755,-1.4812846284532826,0.8028287023523224,3.174457896844606,4.613518623306598
paper,small,2013-06-30,2014Q4,7,FFR,0.996159229419636,0.09999999999999999,0.896159229419636,-3.157339305493859,-1.48969989098023,1.0161124282783427,3.497970625715821,5.10835418014739
paper,small,2013-06-30,2015Q1,8,FFR,1.1740194259020518,0.11,1.0640194259020517,-3.2426059983778783,-1.46328256238524,1.200969770784831,3.8060789900234515,5.529818803805636
paper,small,2013-06-30,2013Q2,1,GDP,953.1842694273137,970.8955874685364,-17.71131804122274,951.8031036979095,952.3582956914137,953.1843872988603,954.0148654071769,954.5402390668978
paper,small,2013-06-30,2013Q3,2,GDP,953.81362654745,971.6841237441809,-17.870497196730867,951.6054015948465,952.4744249550344,953.8086209228288,955.1549783159719,956.0419312237174
paper,small,2013-06-30,2013Q4,3,GDP,954.5263231081946,972.3927778506837,-17.866454742489168,951.573183599178,952.750154753663,954.5095995811093,956.3172611444014,957.522446559451
paper,small,2013-06-30,2014Q1,4,GDP,955.2440826426556,972.0420537957549,-16.797971153099297,951.5471097143901,953.0267795192702,955.2411096118985,957.4602983128123,958.9544219687489
paper,small,2013-06-30,2014Q2,5,GDP,955.9279091773918,973.318007678534,-17.39009850114212,951.5635147319454,953.3220712646822,955.9123721010284,958.5360303180659,960.2245838091413
paper,small,2013-06-30,2014Q3,6,GDP,956.615682114749,974.4762358890149,-17.860553774265895,951.6841944800204,953.6762497634372,956.6316662362833,959.5507620105703,961.500599694403
paper,small,2013-06-30,2014Q4,7,GDP,957.2909234695193,974.9242243231641,-17.63330085364487,951.8472210607504,954.034633478648,957.3267553716465,960.5445346950187,962.7243458835059
paper,small,2013-06-30,2015Q1,8,GDP,957.9579033233842,975.7342483786737,-17.776345055289426,951.989244865324,954.4341547491726,958.0031131601411,961.4932572638697,963.8486161203145
paper,small,2013-09-30,2013Q3,1,DEFL,466.90776717867897,462.40508197513793,4.502685203541034,466.4694647474118,466.64448269384314,466.90851973365955,467.1698506799713,467.34522460143376
paper,small,2013-09-30,2013Q4,2,DEFL,467.2136707172471,463.00091293350107,4.212757783746042,466.4551130550892,466.75598759082243,467.2131732431451,467.6739608160743,467.9759555369917
paper,small,2013-09-30,2014Q1,3,DEFL,467.53855550407025,463.41657228293434,4.121983221135906,466.39487693358194,466.8493387558162,467.5377297817457,468.22891305420586,468.6670384580726
paper,small,2013-09-30,2014Q2,4,DEFL,467.866752892889,463.9813129431631,3.8854399497258783,466.2899983313067,466.92043582635586,467.86870106096364,468.8178679484473,469.4337384654628
paper,small,2013-09-30,2014Q3,5,DEFL,468.2308444058704,464.4169720837101,3.8138723221603072,466.1311697261729,466.9800016233164,468.23806661579476,469.48289314733165,470.3065592174691
paper,small,2013-09-30,2014Q4,6,DEFL,468.6193456349175,464.58321677069813,4.036128864219393,465.9861289561869,467.04023413391695,468.62467002236156,470.19242584506645,471.24710725295853
paper,small,2013-09-30,2015Q1,7,DEFL,469.02994512198484,464.5476847747226,4.48226034726224,465.8176275768476,467.1186886233776,469.03617931492136,470.9488006143424,472.22376617281583
paper,small,2013-09-30,2015Q2,8,DEFL,469.4627035420155,465.0879418481692,4.374761693846324,465.6561773217975,467.1934309176363,469.469626331674,471.7477217270927,473.28794562195117
paper,small,2013-09-30,2013Q3,1,FFR,0.07902553518235911,0.08333333333333333,-0.004307798150974221,-1.2489095439040505,-0.7206650432501829,0.07650617278716158,0.8896411702807037,1.412309935733607
paper,small,2013-09-30,2013Q4,2,FFR,0.09114365788550363,0.08666666666666667,0.004476991218836962,-1.9697013744296954,-1.1510531924185619,0.09370489615300204,1.3412798776820394,2.159922642321744
paper,small,2013-09-30,2014Q1,3,FFR,0.21944248637707764,0.07333333333333335,0.14610915304374428,-2.3569044900483753,-1.3286780948919197,0.22521282472880907,1.761265433810341,2.8078379392298753
paper,small,2013-09-30,2014Q2,4,FFR,0.4034277523252855,0.09333333333333334,0.31009441899195217,-2.613233844587326,-1.4210436204020165,0.3976160719160006,2.2095230167103357,3.427162508253312
paper,small,2013-09-30,2014Q3,5,FFR,0.5667531923132548,0.09000000000000001,0.4767531923132548,-2.875460695379026,-1.4999785882224625,0.5612117789742187,2.6468063867893856,4.013295186936619
paper,small,2013-09-30,2014Q4,6,FFR,0.7216448632476535,0.09999999999999999,0.6216448632476536,-3.107336513093123,-1.5517191030767323,0.7244846073171836,2.9941140036833103,4.54930922588534
paper,small,2013-09-30,2015Q1,7,FFR,0.8831678218309298,0.11,0.7731678218309298,-3.2383618578917406,-1.564517463436742,0.8887399844462455,3.3526283160785386,4.985200651366634
paper,small,2013-09-30,2015Q2,8,FFR,1.033965171429398,0.12333333333333334,0.9106318380960647,-3.2925780571591545,-1.5850312999600065,1.0395815054080741,3.675424336897274,5.399479978509133
paper,small,2013-09-30,2013Q3,1,GDP,966.5692122341134,971.6841237441809,-5.114911510067486,965.2557633721565,965.7705370030881,966.5661497103213,967.3663742492897,967.8930423260025
paper,small,2013-09-30,2013Q4,2,GDP,967.2065746151935,972.3927778506837,-5.186203235490211,965.0669368291647,965.9051777361999,967.2031648285342,968.510538721417,969.3539139626972
paper,small,2013-09-30,2014Q1,3,GDP,967.9463984391256,972.0420537957549,-4.095655356629322,965.0305506581458,966.2028503276887,967.9534504940381,969.7131645398265,970.8080393760806
paper,small,2013-09-30,2014Q2,4,GDP,968.7084279350037,973.318007678534,-4.609579743530276,965.1181636882349,966.550912063288,968.7128801784256,970.8735389303658,972.2417931476136
paper,small,2013-09-30,2014Q3,5,GDP,969.4309267830404,974.4762358890149,-5.045309105974525,965.1698900971891,966.8867912701595,969.432251464629,971.993186239003,973.6326641839511
paper,small,2013-09-30,2014Q4,6,GDP,970.1309755235523,974.9242243231641,-4.793248799611888,965.3119411083468,967.2784105137241,970.1436771747943,973.0382561635955,974.9056583301528
paper,small,2013-09-30,2015Q1,7,GDP,970.8267255386642,975.7342483786737,-4.907522840009506,965.5257735348581,967.6144440413497,970.8400378508152,974.0461554278919,976.1126476623972
paper,small,2013-09-30,2015Q2,8,GDP,971.5180764990831,976.31257427765,-4.7944977785668925,965.7268675690573,968.0372624771603,971.5171427107566,975.020601706507,977.2981065367369
paper,small,2013-12-31,2013Q4,1,DEFL,467.45568685377754,463.00091293350107,4.454773920276466,467.0266219365853,467.19494670233746,467.45736849155804,467.7136529475512,467.8876042015073
paper,small,2013-12-31,2014Q1,2,DEFL,467.86839074176197,463.41657228293434,4.451818458827631,467.1027909672622,467.40493785967584,467.86928436552967,468.32622986426327,468.630207552499
paper,small,2013-12-31,2014Q2,3,DEFL,468.3048390172453,463.9813129431631,4.323526074082167,467.15460556314116,467.6232431616029,468.2987718897376,468.99090780073004,469.440183148135
paper,small,2013-12-31,2014Q3,4,DEFL,468.7912216432972,464.4169720837101,4.374249559587099,467.2133549380295,467.8454890686509,468.786198761627,469.7414275737739,470.36472034989043
paper,small,2013-12-31,2014Q4,5,DEFL,469.2923983344747,464.58321677069813,4.7091815637765535,467.2124887910187,468.0484073548264,469.2893672416078,470.53915447749637,471.3587509512318
paper,small,2013-12-31,2015Q1,6,DEFL,469.8228624379684,464.5476847747226,5.275177663245813,467.22722937364665,468.2500069600327,469.8172461810859,471.3870367301774,472.4387173859146
paper,small,2013-12-31,2015Q2,7,DEFL,470.368700195048,465.0879418481692,5.280758346878827,467.20568784025113,468.43497810161887,470.3648420246236,472.282733340574,473.5651989354857
paper,small,2013-12-31,2015Q3,8,DEFL,470.934478202949,465.38555827648497,5.548919926464009,467.13928310670894,468.6249263091163,470.93148015751706,473.21277263008625,474.73469948666065
paper,small,2013-12-31,2013Q4,1,FFR,0.2735838718458235,0.08666666666666667,0.18691720517915683,-1.0447488393428406,-0.536262973197161,0.2755558090258813,1.0712659950663879,1.6058613381749733
paper,small,2013-12-31,2014Q1,2,FFR,0.5919400417015801,0.07333333333333335,0.5186067083682467,-1.457818967532403,-0.6401817072209798,0.5890138839072558,1.8196444593459984,2.6141014214286287
paper,small,2013-12-31,2014Q2,3,FFR,0.8615657541695898,0.09333333333333334,0.7682324208362564,-1.6951110456325247,-0.6994818816416363,0.8729020932569929,2.3987389379861552,3.432804108557096
paper,small,2013-12-31,2014Q3,4,FFR,1.0426268384322208,0.09000000000000001,0.9526268384322208,-1.9509967576502087,-0.765273019629857,1.0663634097649521,2.842580084837415,4.026637557371002
paper,small,2013-12-31,2014Q4,5,FFR,1.239678287909605,0.09999999999999999,1.139678287909605,-2.1564486135877043,-0.8260878606032487,1.2458699340872945,3.298579314323797,4.593401145032333
paper,small,2013-12-31,2015Q1,6,FFR,1.4372849961883338,0.11,1.3272849961883337,-2.2852345906858775,-0.8400410941186874,1.4440663137097451,3.680074874223126,5.140583105358503
paper,small,2013-12-31,2015Q2,7,FFR,1.6117661788014712,0.12333333333333334,1.488432845468138,-2.456154534224554,-0.8538851443181477,1.6304863706023127,4.053137692499044,5.639122264917848
paper,small,2013-12-31,2015Q3,8,FFR,1.7575190316262244,0.1366666666666667,1.6208523649595576,-2.60126373059199,-0.8534013603002089,1.7688675967859737,4.370719621547386,6.049463624104157
paper,small,2013-12-31,2013Q4,1,GDP,967.8237209312184,972.3927778506837,-4.569056919465311,966.4809322257961,967.0234829900744,967.8276967812492,968.625492312393,969.1509610150573
paper,small,2013-12-31,2014Q1,2,GDP,968.6976210561069,972.0420537957549,-3.3444327396480276,966.5616352717468,967.4139551074717,968.7065727536922,969.9746130093865,970.8299312190967
paper,small,2013-12-31,2014Q2,3,GDP,969.4754021781927,973.318007678534,-3.8426055003412785,966.5673750278894,967.73596319473,969.4750374874408,971.2304858709944,972.3442553053055
paper,small,2013-12-31,2014Q3,4,GDP,970.1948194107166,974.4762358890149,-4.281416478298297,966.6402346198954,968.0635309097065,970.2001716790203,972.329583471575,973.7528567238921
paper,small,2013-12-31,2014Q4,5,GDP,970.8912816482916,974.9242243231641,-4.0329426748725155,966.7278161608397,968.3642278458053,970.8946559846702,973.3979523503142,975.0530972808302
paper,small,2013-12-31,2015Q1,6,GDP,971.5770262850207,975.7342483786737,-4.15722209365299,966.8157177113229,968.7464536722313,971.5879013858937,974.4261620233191,976.2758667192351
paper,small,2013-12-31,2015Q2,7,GDP,972.2432649382146,976.31257427765,-4.069309339435449,966.9418146419125,969.0971095750314,972.2532409917126,975.409653899082,977.4295529713452
paper,small,2013-12-31,2015Q3,8,GDP,972.8971527316287,976.6354252252142,-3.738272493585555,967.1481425758295,969.4317126771622,972.9047588750899,976.329864442959,978.6223000776849
paper,small,2014-03-31,2014Q1,1,DEFL,467.86978777817933,463.41657228293434,4.45321549524499,467.4358897637747,467.61169196641805,467.8708825117353,468.12758953729855,468.2973279409957
paper,small,2014-03-31,2014Q2,2,DEFL,468.29269262739354,463.9813129431631,4.311379684230417,467.5348242575867,467.83621817102727,468.2968189120716,468.7422400109086,469.0473262462089
paper,small,2014-03-31,2014Q3,3,DEFL,468.76431305882835,464.4169720837101,4.347340975118243,467.6267408194801,468.0857738138152,468.76341288213507,469.44283655577254,469.9045328913358
paper,small,2014-03-31,2014Q4,4,DEFL,469.24960602594984,464.58321677069813,4.666389255251715,467.6918640637196,468.3189765906137,469.24705464350313,470.1893511618487,470.8152657006361
paper,small,2014-03-31,2015Q1,5,DEFL,469.7581113754374,464.5476847747226,5.210426600714811,467.703352355987,468.5184890856692,469.7545846120603,471.00316205388214,471.81242828411536
paper,small,2014-03-31,2015Q2,6,DEFL,470.28767577321986,465.0879418481692,5.19973392505068,467.6998574510087,468.7230171544391,470.28792245758575,471.84688428715833,472.8864842593628
paper,small,2014-03-31,2015Q3,7,DEFL,470.83960346300006,465.38555827648497,5.4540451865150885,467.6883582767238,468.93054609721446,470.82389660539894,472.76174253781886,474.013053229725
paper,small,2014-03-31,2015Q4,8,DEFL,471.40960916751817,465.37603301548563,6.033576152032538,467.6401109342306,469.1410862117125,471.4020604832044,473.6851719028034,475.15962894908887
paper,small,2014-03-31,2014Q1,1,FFR,0.3446735846458734,0.07333333333333335,0.27134025131254,-0.9870180834269053,-0.45541366834619723,0.34224768033054886,1.1434479944337739,1.6747343849850227
paper,small,2014-03-31,2014Q2,2,FFR,0.6254508975334913,0.09333333333333334,0.5321175642001579,-1.4364447665489715,-0.6172567169518935,0.6267361977475653,1.8760666777063086,2.6848966292092764
paper,small,2014-03-31,2014Q3,3,FFR,0.8032043929671601,0.09000000000000001,0.7132043929671601,-1.7871374703666871,-0.7503544154361135,0.8107600713440871,2.3543689869289373,3.4013594813867813
paper,small,2014-03-31,2014Q4,4,FFR,0.990963967953535,0.09999999999999999,0.890963967953535,-2.0376095335567967,-0.8395292954022137,1.0000988549435457,2.812590719489935,4.024356587514961
paper,small,2014-03-31,2015Q1,5,FFR,1.1956584074137344,0.11,1.0856584074137343,-2.229208493990288,-0.8566098103532328,1.2012040613042743,3.284017847387314,4.651592537819061
paper,small,2014-03-31,2015Q2,6,FFR,1.3825108287346182,0.12333333333333334,1.2591774954012849,-2.4298263524475425,-0.9328570227658345,1.3709797933581112,3.681957634720455,5.217453768914743
paper,small,2014-03-31,2015Q3,7,FFR,1.5494999594206973,0.1366666666666667,1.4128332927540306,-2.5736638979609157,-0.9493998856847583,1.5570488770524888,4.008082708569016,5.6634663422746545
paper,small,2014-03-31,2015Q4,8,FFR,1.7040702084280344,0.16,1.5440702084280344,-2.7000681392379033,-0.923195548947442,1.7367456600617288,4.298892656886858,6.103450627100314
paper,small,2014-03-31,2014Q1,1,GDP,968.5281671644848,972.0420537957549,-3.513886631270111,967.2107844206679,967.7301948057558,968.529137115768,969.3293529795044,969.851149038399
paper,small,2014-03-31,2014Q2,2,GDP,969.3208312583189,973.318007678534,-3.9971764202150553,967.1626084492282,968.0379302208481,969.3320891806247,970.6045399014545,971.4417445844335
paper,small,2014-03-31,2014Q3,3,GDP,970.0479889865483,974.4762358890149,-4.42824690246664,967.1536782701492,968.3248211117408,970.0591908975832,971.7753227971089,972.9197749025182
paper,small,2014-03-31,2014Q4,4,GDP,970.7547249880956,974.9242243231641,-4.169499335068508,967.1797431255876,968.6399590326478,970.7607105677002,972.8947697694333,974.2968567840501
paper,small,2014-03-31,2015Q1,5,GDP,971.4405262604589,975.7342483786737,-4.29372211821476,967.2634068829514,968.9677357884289,971.4279535051302,973.9688734740381,975.6142677033113
paper,small,2014-03-31,2015Q2,6,GDP,972.1201644583855,976.31257427765,-4.192409819264526,967.3235194067868,969.3004763142358,972.120024190322,974.9953889913626,976.915792482028
paper,small,2014-03-31,2015Q3,7,GDP,972.7938282132635,976.6354252252142,-3.841597011950739,967.4863736173878,969.6551600113517,972.7841154126969,975.9667151181272,978.0840966044416
paper,small,2014-03-31,2015Q4,8,GDP,973.4507994435478,976.7815527534941,-3.330753309946317,967.7122250587338,970.024910553606,973.4640634250841,976.8995473749214,979.1520838327351
paper,small,2014-06-30,2014Q2,1,DEFL,468.14281477666265,463.9813129431631,4.161501833499528,467.71353879991653,467.88479277122303,468.14133164354735,468.4050512547182,468.57180552565364
paper,small,2014-06-30,2014Q3,2,DEFL,468.5312694421885,464.4169720837101,4.114297358478382,467.7719045363351,468.07590119867217,468.52953195916655,468.9932954530896,469.2886857439789
paper,small,2014-06-30,2014Q4,3,DEFL,468.89504719790574,464.58321677069813,4.31183042720761,467.75538393770546,468.21099947186195,468.8885683864363,469.58560366947546,470.0320818948633
paper,small,2014-06-30,2015Q1,4,DEFL,469.25635082041117,464.5476847747226,4.708666045688574,467.6998742877994,468.32401561591297,469.2538508239155,470.20524066322855,470.8199131039495
paper,small,2014-06-30,2015Q2,5,DEFL,469.64436566221985,465.0879418481692,4.5564238140506745,467.60433600289605,468.4163454547976,469.63553631250534,470.89363029751723,471.68967596756096
paper,small,2014-06-30,2015Q3,6,DEFL,470.0541107448667,465.38555827648497,4.668552468381733,467.47811329039394,468.5000294051891,470.0381467461792,471.6156884195514,472.63982859939085
paper,small,2014-06-30,2015Q4,7,DEFL,470.4828717592163,465.37603301548563,5.106838743730691,467.3521441442286,468.5707695846233,470.4656189838629,472.37606689763464,473.6540207161801
paper,small,2014-06-30,2016Q1,8,DEFL,470.93329259052007,465.29598498239403,5.6373076081260365,467.20307408676297,468.6447969277269,470.93170516625094,473.1996494405792,474.70285344423127
paper,small,2014-06-30,2014Q2,1,FFR,-0.09168793690082694,0.09333333333333334,-0.18502127023416026,-1.427716520779996,-0.8988104361579752,-0.09722729921464483,0.721758604738308,1.24583373275798
paper,small,2014-06-30,2014Q3,2,FFR,-0.23652821293515572,0.09000000000000001,-0.3265282129351557,-2.355886702865009,-1.4776636162315426,-0.21854869021750395,1.0112425462156311,1.8368739719799418
paper,small,2014-06-30,2014Q4,3,FFR,-0.20299497364955224,0.09999999999999999,-0.30299497364955225,-2.8292051637670443,-1.7700404048618736,-0.19037050691814067,1.3616523823414253,2.3729422209385618
paper,small,2014-06-30,2015Q1,4,FFR,-0.06391081594561282,0.11,-0.1739108159456128,-3.141413872739731,-1.9154448260777008,-0.038149594397707376,1.7793355204157362,2.951062773646981
paper,small,2014-06-30,2015Q2,5,FFR,0.06946366186207457,0.12333333333333334,-0.05386967147125876,-3.4587920881589542,-2.0152251118477724,0.07690581009435052,2.1730348328917684,3.512808052498509
paper,small,2014-06-30,2015Q3,6,FFR,0.22845186478923132,0.1366666666666667,0.09178519812256464,-3.6170116551137292,-2.0723265286901125,0.23586022332070594,2.53308778978714,4.006242227435214
paper,small,2014-06-30,2015Q4,7,FFR,0.4060809855657378,0.16,0.2460809855657378,-3.7927889564198782,-2.0868630327476083,0.43425912725401933,2.9057658702967393,4.514286601719723
paper,small,2014-06-30,2016Q1,8,FFR,0.5883548985465787,0.36000000000000004,0.2283548985465787,-3.9268891663608496,-2.0709371678415427,0.6246051227713002,3.2501976602752385,4.979932323504473
paper,small,2014-06-30,2014Q2,1,GDP,967.2917274202816,973.318007678534,-6.026280258252314,965.9541460916964,966.484942356929,967.291153518587,968.1006855782537,968.63004917456
paper,small,2014-06-30,2014Q3,2,GDP,967.7088687393408,974.4762358890149,-6.767367149674101,965.5105980870974,966.4096784782229,967.704504299504,969.0071677320021,969.8732738139755
paper,small,2014-06-30,2014Q4,3,GDP,968.2806898243609,974.9242243231641,-6.643534498803206,965.3511033342746,966.5257322757781,968.2905927281213,970.0235811113633,971.1946295440208
paper,small,2014-06-30,2015Q1,4,GDP,968.918312209861,975.7342483786737,-6.815936168812641,965.2480377904353,966.7568047628973,968.9196936727078,971.0786705019964,972.5122385974412
paper,small,2014-06-30,2015Q2,5,GDP,969.5959443359978,976.31257427765,-6.716629941652172,965.3435009281283,967.0347361805705,969.6027139020534,972.1555863977705,973.8093210312024
paper,small,2014-06-30,2015Q3,6,GDP,970.2603922553659,976.6354252252142,-6.375032969848348,965.4633352568941,967.3855207090432,970.268040257209,973.1500910932342,975.0237671350792
paper,small,2014-06-30,2015Q4,7,GDP,970.9260604790805,976.7815527534941,-5.855492274413564,965.6008445319642,967.7168889901104,970.9545340900761,974.1647854743004,976.1713044956923
paper,small,2014-06-30,2016Q1,8,GDP,971.583150820878,977.3690037449436,-5.78585292406558,965.7472439336636,968.0516081227196,971.6065128200303,975.1005770775035,977.3560104494791
paper,small,2014-09-30,2014Q3,1,DEFL,468.892704968807,464.4169720837101,4.475732885096875,468.46489031431065,468.6331583207146,468.89172986132405,469.15198536111455,469.32746861423016
paper,small,2014-09-30,2014Q4,2,DEFL,469.36503712468243,464.58321677069813,4.781820353984301,468.60655899679625,468.9090006186133,469.3663042149617,469.824465591176,470.1281870491102
paper,small,2014-09-30,2015Q1,3,DEFL,469.86118713611904,464.5476847747226,5.313502361396445,468.73274172935163,469.175188566786,469.8650200638325,470.54709771053194,471.00888050900124
paper,small,2014-09-30,2015Q2,4,DEFL,470.4063652702149,465.0879418481692,5.318423422045726,468.84496549368845,469.4650256431346,470.40990169440147,471.3541054249359,471.9842605617384
paper,small,2014-09-30,2015Q3,5,DEFL,470.96351982430394,465.38555827648497,5.577961547818973,468.9087249621713,469.7214217657591,470.95606348392147,472.2111429589256,473.03304516822175
paper,small,2014-09-30,2015Q4,6,DEFL,471.5385993682586,465.37603301548563,6.162566352772956,468.9524452586974,469.9771913134543,471.5258660489605,473.10645431083674,474.16103405741535
paper,small,2014-09-30,2016Q1,7,DEFL,472.13366852180707,465.29598498239403,6.837683539413035,468.974370690271,470.2225556612568,472.1189648980886,474.0420905673778,475.305263245038
paper,small,2014-09-30,2016Q2,8,DEFL,472.7443452295415,465.999922226677,6.744423002864551,468.99208409664135,470.4724045903889,472.73322331188285,475.02041678280784,476.5263635636021
paper,small,2014-09-30,2014Q3,1,FFR,0.27124336516642195,0.09000000000000001,0.18124336516642192,-1.0554858044156896,-0.539866060399914,0.26568589163951595,1.085992295292635,1.597745917442232
paper,small,2014-09-30,2014Q4,2,FFR,0.5586407552594876,0.09999999999999999,0.45864075525948766,-1.5132070945883016,-0.6847233870656546,0.5625654289814859,1.8025911691600485,2.5983617804209236
paper,small,2014-09-30,2015Q1,3,FFR,0.801375080598981,0.11,0.691375080598981,-1.79782498930713,-0.7253224225357111,0.7957728695804481,2.335038894354842,3.335080807309035
paper,small,2014-09-30,2015Q2,4,FFR,0.9766089262629757,0.12333333333333334,0.8532755929296424,-2.0498120424430413,-0.8277127061456588,0.9608591045076347,2.794352821817575,3.9922138003631122
paper,small,2014-09-30,2015Q3,5,FFR,1.1641200620880006,0.1366666666666667,1.0274533954213338,-2.201043526887227,-0.8781861775058364,1.1618494277396167,3.222387465050431,4.588610010143353
paper,small,2014-09-30,2015Q4,6,FFR,1.3702754641763382,0.16,1.2102754641763382,-2.3813934472576497,-0.9114695796368601,1.3645933247006512,3.653413254364872,5.192886792436418
paper,small,2014-09-30,2016Q1,7,FFR,1.5435548898798717,0.36000000000000004,1.1835548898798716,-2.4692097825940413,-0.9383952357890135,1.5300694030728563,3.9968057415510825,5.651865028076921
paper,small,2014-09-30,2016Q2,8,FFR,1.697635672003131,0.37333333333333335,1.3243023386697976,-2.633519457757578,-0.9334253076335995,1.6847101389923727,4.3105372900671926,6.050429006400077
paper,small,2014-09-30,2014Q3,1,GDP,968.8266169491019,974.4762358890149,-5.649618939913012,967.5016238460036,968.0234920226138,968.8222371856019,969.637575058447,970.1656144805642
paper,small,2014-09-30,2014Q4,2,GDP,969.6150039307201,974.9242243231641,-5.30922039244399,967.4647819211967,968.3227969196806,969.6105676762951,970.9126279636673,971.7513301077397
paper,small,2014-09-30,2015Q1,3,GDP,970.3284959542287,975.7342483786737,-5.405752424444927,967.4314825812384,968.5738312875828,970.3189106101595,972.0864312513824,973.2465015333219
paper,small,2014-09-30,2015Q2,4,GDP,971.008633927265,976.31257427765,-5.303940350385005,967.4192534136175,968.8341273798713,971.0053857130576,973.2091673837302,974.5684835181706
paper,small,2014-09-30,2015Q3,5,GDP,971.661818144409,976.6354252252142,-4.973607080805209,967.4049482883504,969.1234402607358,971.6593807259842,974.1849260450409,975.889264869862
paper,small,2014-09-30,2015Q4,6,GDP,972.3213560676558,976.7815527534941,-4.460196685838355,967.4911352053405,969.4513035247659,972.3333473711909,975.1827910114741,977.1369987247696
paper,small,2014-09-30,2016Q1,7,GDP,972.9478543179009,977.3690037449436,-4.421149427042678,967.6110491892541,969.7514959950721,972.9414581953242,976.1343436757568,978.2751339193205
paper,small,2014-09-30,2016Q2,8,GDP,973.5781179433706,977.6709362762499,-4.092818332879347,967.7500633100682,970.1254667876136,973.5644222439985,977.0555510588628,979.3722045537436
paper,small,2014-12-31,2014Q4,1,DEFL,469.1827583231756,464.58321677069813,4.59954155247749,468.7530716716742,468.92398655269955,469.1827380774893,469.4435499849625,469.6109317349705
paper,small,2014-12-31,2015Q1,2,DEFL,469.61931603489063,464.5476847747226,5.071631260168033,468.86311166895325,469.1629089041513,469.62322947750823,470.0726583111727,470.3660815148813
paper,small,2014-12-31,2015Q2,3,DEFL,470.1125080905756,465.0879418481692,5.024566242406422,468.98662022071125,469.4394282379563,470.1117352355275,470.79533945934213,471.2348333243448
paper,small,2014-12-31,2015Q3,4,DEFL,470.6171497078477,465.38555827648497,5.2315914313627445,469.0649253463438,469.68606099221853,470.61963793567645,471.551715143024,472.17691100214745
paper,small,2014-12-31,2015Q4,5,DEFL,471.1502608813946,465.37603301548563,5.774227865908983,469.0998024195032,469.9252686935653,471.150499592714,472.3759497430076,473.19380869118544
paper,small,2014-12-31,2016Q1,6,DEFL,471.705950862783,465.29598498239403,6.409965880388995,469.11999808392426,470.1600100114018,471.7111076886272,473.2468418532438,474.276601735503
paper,small,2014-12-31,2016Q2,7,DEFL,472.28344297041855,465.999922226677,6.283520743741576,469.1233869159006,470.38800947947834,472.28508435878996,474.16581637828654,475.42910234358686
paper,small,2014-12-31,2016Q3,8,DEFL,472.87498647134424,466.27690583674894,6.598080634595306,469.13526451878727,470.60689191972756,472.8852535460654,475.1324319006489,476.632776976374
paper,small,2014-12-31,2014Q4,1,FFR,0.42911478872341424,0.09999999999999999,0.32911478872341426,-0.8983244795857813,-0.3715092575460642,0.42863913592517733,1.2250347035955265,1.7531652515874674
paper,small,2014-12-31,2015Q1,2,FFR,0.7307549687130861,0.11,0.6207549687130861,-1.3133441876433163,-0.4862150316172225,0.7282617615217306,1.9577080667903393,2.765757712243314
paper,small,2014-12-31,2015Q2,3,FFR,0.9364148547159752,0.12333333333333334,0.8130815213826419,-1.6085163666560207,-0.5982308189048134,0.9335442840626949,2.4718284411164198,3.481443160285907
paper,small,2014-12-31,2015Q3,4,FFR,1.1581476050591262,0.1366666666666667,1.0214809383924595,-1.8796814478555937,-0.6503101278135817,1.1708215750255488,2.9817066306722984,4.1464780777659245
paper,small,2014-12-31,2015Q4,5,FFR,1.3865146090871185,0.16,1.2265146090871186,-2.045012913828515,-0.6809114950826913,1.4074178684546987,3.421969808685654,4.770440222869349
paper,small,2014-12-31,2016Q1,6,FFR,1.5685205699560347,0.36000000000000004,1.2085205699560346,-2.2012050987273732,-0.6770602241022852,1.5629001613075253,3.8273564540754235,5.326252177588693
paper,small,2014-12-31,2016Q2,7,FFR,1.7149598253503653,0.37333333333333335,1.341626492017032,-2.3427087391022257,-0.7232355737125578,1.7222110518976113,4.135381032807961,5.743784207846715
paper,small,2014-12-31,2016Q3,8,FFR,1.8564370264934522,0.39666666666666667,1.4597703598267855,-2.473079194153001,-0.729283693279646,1.8512160487189013,4.451532108389017,6.141104155055429
paper,small,2014-12-31,2014Q4,1,GDP,970.1875003361272,974.9242243231641,-4.736723987036953,968.846196545256,969.3850788779349,970.1900578053487,970.9890557963421,971.523810365997
paper,small,2014-12-31,2015Q1,2,GDP,971.0207032945084,975.7342483786737,-4.7135450841652755,968.8863380183732,969.7520377673789,971.0195161176985,972.3129294531847,973.1580837244913
paper,small,2014-12-31,2015Q2,3,GDP,971.7919509489434,976.31257427765,-4.52062332870662,968.9460467174906,970.0580455528182,971.786644135248,973.5285673772886,974.688691419443
paper,small,2014-12-31,2015Q3,4,GDP,972.5243654231444,976.6354252252142,-4.1110598020698035,968.9719993558784,970.4091709146246,972.5245872824407,974.6477318583184,976.0940696016742
paper,small,2014-12-31,2015Q4,5,GDP,973.2232720358711,976.7815527534941,-3.5582807176230062,969.088050209897,970.717661365311,973.2284965765162,975.7311867564679,977.3595158129655
paper,small,2014-12-31,2016Q1,6,GDP,973.8897455131514,977.3690037449436,-3.479258231792187,969.1742784883012,971.0555556009075,973.8820048513861,976.708854363352,978.5972372452042
paper,small,2014-12-31,2016Q2,7,GDP,974.5505555396425,977.6709362762499,-3.1203807366074443,969.2857698735907,971.4334988794001,974.5450976427055,977.6784071811278,979.7893650538217
paper,small,2014-12-31,2016Q3,8,GDP,975.1952291059375,978.270252164766,-3.075023058828492,969.477557269175,971.8200893956749,975.2037889145054,978.5912461965502,980.8561102369875
paper,small,2015-03-31,2015Q1,1,DEFL,469.06994226904453,464.5476847747226,4.522257494321934,468.63597970709907,468.8130414316875,469.07102703555415,469.330995850396,469.4960434720729
paper,small,2015-03-31,2015Q2,2,DEFL,469.3643297482427,465.0879418481692,4.27638790007353,468.60412720670325,468.9054231278033,469.36416229666474,469.82357333123224,470.1223912232934
paper,small,2015-03-31,2015Q3,3,DEFL,469.6565086456353,465.38555827648497,4.270950369150341,468.5167859708521,468.9790356717049,469.65791534982736,470.3353629619456,470.7818126246448
paper,small,2015-03-31,2015Q4,4,DEFL,469.9488599532511,465.37603301548563,4.572826937765456,468.3911709376303,469.01261704381386,469.9415023180727,470.89002851777013,471.48949962874315
paper,small,2015-03-31,2016Q1,5,DEFL,470.281146597316,465.29598498239403,4.985161614921992,468.222109784901,469.0535876238432,470.27766578879385,471.5137171120387,472.31247266759635
paper,small,2015-03-31,2016Q2,6,DEFL,470.63390344299694,465.999922226677,4.633981216319967,468.02907322022867,469.0728093027347,470.6340643660591,472.2138204408911,473.19737263657305
paper,small,2015-03-31,2016Q3,7,DEFL,471.00869184925335,466.27690583674894,4.731786012504415,467.8445500795083,469.10191242496796,471.0170516546782,472.9256157705555,474.12828136719867
paper,small,2015-03-31,2016Q4,8,DEFL,471.40830972991574,466.8022911971153,4.6060185328004195,467.62353258992385,469.13268938569513,471.4143226296027,473.68821454681574,475.1350634114145
paper,small,2015-03-31,2015Q1,1,FFR,0.1471933997613265,0.11,0.037193399761326504,-1.178324256598941,-0.6554481517894268,0.15487838199420897,0.9472797659663468,1.4611139013749557
paper,small,2015-03-31,2015Q2,2,FFR,0.12546621457385704,0.12333333333333334,0.0021328812405237013,-1.9213776497331274,-1.1045145834703622,0.1189920139856554,1.36240191849598,2.1536008982373933
paper,small,2015-03-31,2015Q3,3,FFR,0.2496851024681418,0.1366666666666667,0.11301843580147511,-2.325496590632743,-1.2958418605791047,0.25636880847793375,1.7914449791924028,2.772288199884418
paper,small,2015-03-31,2015Q4,4,FFR,0.447064272473698,0.16,0.28706427247369803,-2.59406490193413,-1.3412848260905659,0.46215462153790654,2.2429768269285506,3.3736791143835583
paper,small,2015-03-31,2016Q1,5,FFR,0.5816468153321561,0.36000000000000004,0.22164681533215608,-2.856047934842391,-1.4334683804391668,0.5969802675483344,2.6187297187997682,3.9464054828629767
paper,small,2015-03-31,2016Q2,6,FFR,0.7007870706605575,0.37333333333333335,0.3274537373272241,-3.079677681776141,-1.5421866376164166,0.7354752567302403,2.9271506473646913,4.425798643950005
paper,small,2015-03-31,2016Q3,7,FFR,0.8539548372266088,0.39666666666666667,0.45728817055994214,-3.2047092909070787,-1.566268518395801,0.8727429802417642,3.2824367906214253,4.844959535576019
paper,small,2015-03-31,2016Q4,8,FFR,0.9930303214958569,0.45,0.543030321495857,-3.395311053450492,-1.6087796365840705,1.004468245191838,3.5689197262721524,5.280298268967253
paper,small,2015-03-31,2015Q1,1,GDP,970.5032869637524,975.7342483786737,-5.230961414921239,969.1547850662715,969.6910034447845,970.5075798107067,971.3141702282481,971.8444208483289
paper,small,2015-03-31,2015Q2,2,GDP,971.1895003750676,976.31257427765,-5.123073902582405,969.0578999400368,969.9023190980033,971.1929294852661,972.4809604695953,973.3188093578841
paper,small,2015-03-31,2015Q3,3,GDP,971.9580968394436,976.6354252252142,-4.677328385770693,969.056270191934,970.2396198781217,971.9664561070447,973.6871738181336,974.8088982052777
paper,small,2015-03-31,2015Q4,4,GDP,972.7376532312742,976.7815527534941,-4.043899522219931,969.2016141614937,970.6407882593768,972.74479778186,974.8758992425746,976.2750575521995
paper,small,2015-03-31,2016Q1,5,GDP,973.4718343963395,977.3690037449436,-3.897169348604052,969.3566290458493,971.0088376105275,973.4674667732354,975.962874522177,977.5761294558989
paper,small,2015-03-31,2016Q2,6,GDP,974.1770938531214,977.6709362762499,-3.4938424231285126,969.5261217947289,971.3944957819592,974.1560086659288,976.9954507063725,978.8301748659338
paper,small,2015-03-31,2016Q3,7,GDP,974.8777829830095,978.270252164766,-3.3924691817564963,969.675197254657,971.8011717382277,974.8576086775761,978.0254836192886,980.0609124239403
paper,small,2015-03-31,2016Q4,8,GDP,975.5731968350594,978.7659105426385,-3.1927137075790597,969.9292802774038,972.222828104817,975.5644663121514,978.9993412052862,981.2328471205282
paper,small,2015-06-30,2015Q2,1,DEFL,468.97103071677174,465.0879418481692,3.883088868602556,468.54214132746574,468.71392108993103,468.970891171328,469.22864619496846,469.40063938411174
paper,small,2015-06-30,2015Q3,2,DEFL,469.11971128885773,465.38555827648497,3.734153012372758,468.35185644553786,468.6598911155371,469.123017561874,469.5801617051273,469.8763630031925
paper,small,2015-06-30,2015Q4,3,DEFL,469.246415113008,465.37603301548563,3.870382097522395,468.0923674255303,468.56101910033186,469.2497262961377,469.9297318016652,470.37367403269144
paper,small,2015-06-30,2016Q1,4,DEFL,469.3812125877235,465.29598498239403,4.0852276053294645,467.8017570184692,468.440324715663,469.3884458564524,470.32335062192504,470.9344633753396
paper,small,2015-06-30,2016Q2,5,DEFL,469.55223451575824,465.999922226677,3.5523122890812715,467.47251708084616,468.3074665453881,469.56317432549645,470.7950560229418,471.6030937485136
paper,small,2015-06-30,2016Q3,6,DEFL,469.7446074908248,466.27690583674894,3.4677016540758814,467.12700806539783,468.17757410948263,469.7636596468966,471.3083368627681,472.3244910852424
paper,small,2015-06-30,2016Q4,7,DEFL,469.96106694411884,466.8022911971153,3.158775747003517,466.7809523383938,468.028649870567,469.9743856839226,471.8972731206422,473.1167830989018
paper,small,2015-06-30,2017Q1,8,DEFL,470.20255720344,467.31839116014726,2.884166043292737,466.41170219327745,467.9044433678463,470.21340590987984,472.51373646970853,473.9653002453092
paper,small,2015-06-30,2015Q2,1,FFR,-0.17076174864775487,0.12333333333333334,-0.2940950819810882,-1.5178204351425084,-0.9763094313136348,-0.16618423279673644,0.6295846921227688,1.1516701323961853
paper,small,2015-06-30,2015Q3,2,FFR,-0.3477426985626493,0.1366666666666667,-0.484409365229316,-2.386859860675814,-1.5941492826642054,-0.34527259740547733,0.8822023036922766,1.725104243989802
paper,small,2015-06-30,2015Q4,3,FFR,-0.27784685669813786,0.16,-0.43784685669813783,-2.8163274657253003,-1.8148374576742234,-0.2774371064713122,1.2594538999767395,2.2723320255932267
paper,small,2015-06-30,2016Q1,4,FFR,-0.1699454343639454,0.36000000000000004,-0.5299454343639455,-3.1471577200343277,-1.9806227869077282,-0.17459309664552822,1.629401001900014,2.7891695352274746
paper,small,2015-06-30,2016Q2,5,FFR,-0.09510505337780811,0.37333333333333335,-0.46843838671114146,-3.4902823881956677,-2.143736971057746,-0.0812501595503543,1.9571677285991225,3.323969704324796
paper,small,2015-06-30,2016Q3,6,FFR,0.00551169855055062,0.39666666666666667,-0.39115496811611605,-3.7658162666769255,-2.2542146639323324,0.021201728561613203,2.2774960663721933,3.7875183512936963
paper,small,2015-06-30,2016Q4,7,FFR,0.14250330411661952,0.45,-0.30749669588338047,-3.959133835794878,-2.299846033252353,0.15242408003617486,2.594520774768798,4.176893836859833
paper,small,2015-06-30,2017Q1,8,FFR,0.27516483872693404,0.7000000000000001,-0.42483516127306603,-4.100464729901391,-2.333769352240875,0.30762462743916336,2.8800223999053887,4.559473643095349
paper,small,2015-06-30,2015Q2,1,GDP,970.2507756988194,976.31257427765,-6.061798578830576,968.9296026501349,969.4502362895653,970.252397014366,971.0500207392809,971.5706786705916
paper,small,2015-06-30,2015Q3,2,GDP,970.8142673538683,976.6354252252142,-5.821157871345918,968.6866279316058,969.5371160723876,970.831174362677,972.0722871321963,972.9334561237911
paper,small,2015-06-30,2015Q4,3,GDP,971.5474970499112,976.7815527534941,-5.234055703582953,968.6848725354153,969.8269137128146,971.5547528497109,973.2651422736628,974.3729152200297
paper,small,2015-06-30,2016Q1,4,GDP,972.3074838280816,977.3690037449436,-5.061519916862039,968.7509703161245,970.1743230550327,972.3175419893396,974.4277551934305,975.7831846247329
paper,small,2015-06-30,2016Q2,5,GDP,973.0577809884662,977.6709362762499,-4.613155287783684,968.8846211129337,970.5592085660357,973.079423724003,975.534883520916,977.176521745508
paper,small,2015-06-30,2016Q3,6,GDP,973.797034680771,978.270252164766,-4.473217483994972,969.090800580411,970.9705363396959,973.8187640259757,976.6239408243231,978.4277594669659
paper,small,2015-06-30,2016Q4,7,GDP,974.5337685435103,978.7659105426385,-4.232141999128203,969.3269980575801,971.412636200964,974.557914738708,977.6730389261036,979.673031889157
paper,small,2015-06-30,2017Q1,8,GDP,975.2589480260768,979.1946532403157,-3.935705214238851,969.5711987291409,971.8692099875478,975.2999614571727,978.7008880897886,980.8242218867822
paper,small,2015-09-30,2015Q3,1,DEFL,470.0817084029367,465.38555827648497,4.696150126451755,469.6481267613376,469.81906009119996,470.0825863994098,470.3420412136957,470.5147549447259
paper,small,2015-09-30,2015Q4,2,DEFL,470.410298684031,465.37603301548563,5.034265668545345,469.64623088996836,469.94575124991235,470.4121858605523,470.8733259863475,471.1794749728631
paper,small,2015-09-30,2016Q1,3,DEFL,470.7765388876402,465.29598498239403,5.480553905246154,469.64571875257644,470.08532152916683,470.7715486886474,471.46845255944595,471.9185536091054
paper,small,2015-09-30,2016Q2,4,DEFL,471.20472876955495,465.999922226677,5.204806542877975,469.66061045430257,470.255966540453,471.19559386129083,472.15940470299324,472.7706674523826
paper,small,2015-09-30,2016Q3,5,DEFL,471.6391514635997,466.27690583674894,5.362245626850779,469.61794551269526,470.3944718060062,471.63134191302913,472.89243249180976,473.7090809401922
paper,small,2015-09-30,2016Q4,6,DEFL,472.0932311914741,466.8022911971153,5.29093999435878,469.51609866414026,470.52775247531645,472.09708553918676,473.6580806689248,474.7281283575376
paper,small,2015-09-30,2017Q1,7,DEFL,472.565219357085,467.31839116014726,5.24682819693777,469.41164497863844,470.65978789209043,472.5632112892421,474.4788594006487,475.7556562860123
paper,small,2015-09-30,2017Q2,8,DEFL,473.0537618310894,467.62901269911987,5.42474913196952,469.30645737085246,470.77921550889647,473.05260778661716,475.329387904925,476.83234680617016
paper,small,2015-09-30,2015Q3,1,FFR,0.26754436498973466,0.1366666666666667,0.13087769832306798,-1.0333583319234279,-0.5187530202144611,0.2598905713355935,1.0639610511050979,1.5949054601122041
paper,small,2015-09-30,2015Q4,2,FFR,0.6094778690425066,0.16,0.44947786904250653,-1.4072020778168992,-0.6266808724889505,0.6016362439785095,1.8485204758425526,2.668472842240052
paper,small,2015-09-30,2016Q1,3,FFR,0.8384453532850553,0.36000000000000004,0.4784453532850553,-1.6661649209446376,-0.6943774313347549,0.8353382493876711,2.3574868216679215,3.358394610920756
paper,small,2015-09-30,2016Q2,4,FFR,0.9406828942637784,0.37333333333333335,0.5673495609304451,-2.031678223544917,-0.8678447468357153,0.9312874979811989,2.7391457029947612,3.9210438951000475
paper,small,2015-09-30,2016Q3,5,FFR,1.0862619451071984,0.39666666666666667,0.6895952784405317,-2.2706961968279455,-0.9618318794544338,1.097739406044096,3.1374638472787644,4.454395589435788
paper,small,2015-09-30,2016Q4,6,FFR,1.2581424620324828,0.45,0.8081424620324829,-2.4644451618232157,-0.992280099179772,1.273493015090217,3.479719102967448,4.998980992124861
paper,small,2015-09-30,2017Q1,7,FFR,1.3965164350336983,0.7000000000000001,0.6965164350336982,-2.6261642338934443,-1.0289104239328914,1.4182849831121347,3.8020409243152002,5.42642984477342
paper,small,2015-09-30,2017Q2,8,FFR,1.5071763081170562,0.9500000000000001,0.5571763081170561,-2.7787106457162873,-1.0673119869227645,1.5399139852344466,4.06775177288016,5.79716516902342
paper,small,2015-09-30,2015Q3,1,GDP,970.8988029794373,976.6354252252142,-5.736622245776971,969.5826770055631,970.0919384402329,970.9025054397333,971.6910175442185,972.2292672894458
paper,small,2015-09-30,2015Q4,2,GDP,971.7573566412262,976.7815527534941,-5.024196112267873,969.6513180773522,970.4722273150353,971.7637166564407,973.0216665136993,973.8761077726416
paper,small,2015-09-30,2016Q1,3,GDP,972.4828069050802,977.3690037449436,-4.8861968398633735,969.6298757940897,970.7556773744742,972.4875969662883,974.1688912306852,975.3438213421844
paper,small,2015-09-30,2016Q2,4,GDP,973.1422172513021,977.6709362762499,-4.528719024947804,969.6366487312268,970.9999987659684,973.1451650994395,975.2559104232073,976.6424207648781
paper,small,2015-09-30,2016Q3,5,GDP,973.807799487974,978.270252164766,-4.462452676792054,969.6431146657168,971.3076816381803,973.8265005013113,976.2915924778713,977.9375503567759
paper,small,2015-09-30,2016Q4,6,GDP,974.4717718853377,978.7659105426385,-4.294138657300778,969.7917485966758,971.6425703552306,974.4785841457137,977.3091467805755,979.1509258910651
paper,small,2015-09-30,2017Q1,7,GDP,975.1231447966486,979.1946532403157,-4.071508443667085,969.9950965035143,971.9900432904698,975.1394385146702,978.2469826949041,980.3296252080455
paper,small,2015-09-30,2017Q2,8,GDP,975.7705207611884,979.6971814310028,-3.926660669814396,970.0972364449333,972.3596585199019,975.7614283355045,979.1687323865792,981.4236154185485
paper,small,2015-12-31,2015Q4,1,DEFL,470.3865247326655,465.37603301548563,5.010491717179889,469.95354328855086,470.124427287501,470.38608603089574,470.6455009418543,470.8185212703816
paper,small,2015-12-31,2016Q1,2,DEFL,470.73395670254223,465.29598498239403,5.437971720148198,469.96147973688676,470.27382923919936,470.7360236193818,471.194432760836,471.4934714867646
paper,small,2015-12-31,2016Q2,3,DEFL,471.14090940747514,465.999922226677,5.140987180798163,470.00728577777454,470.459167040652,471.14568649216415,471.8332879642572,472.26921606692986
paper,small,2015-12-31,2016Q3,4,DEFL,471.54175622037036,466.27690583674894,5.264850383621422,469.98166303158155,470.5946104520799,471.54838628647,472.4887187168478,473.0855126960154
paper,small,2015-12-31,2016Q4,5,DEFL,471.9638266480865,466.8022911971153,5.161535450971201,469.89579325822245,470.711019209187,471.9770655902811,473.20070797091796,474.0374312452531
paper,small,2015-12-31,2017Q1,6,DEFL,472.404908058743,467.31839116014726,5.0865168985957325,469.77478261276303,470.8149684509882,472.41453512115964,473.96322213657214,474.9981700044813
paper,small,2015-12-31,2017Q2,7,DEFL,472.86590926102093,467.62901269911987,5.236896561901062,469.70058046424447,470.93868203707717,472.88213536812844,474.7613660296572,476.0315336240714
paper,small,2015-12-31,2017Q3,8,DEFL,473.3412721756069,468.12975463756425,5.211517538042642,469.5804965032735,471.06084652719073,473.3636715833954,475.60483749472394,477.08230566404086
paper,small,2015-12-31,2015Q4,1,FFR,0.3941244318523592,0.16,0.23412443185235918,-0.905849774125432,-0.4004654955296495,0.39335940689039445,1.1807146164696942,1.6977700392730302
paper,small,2015-12-31,2016Q1,2,FFR,0.5883260612090757,0.36000000000000004,0.22832606120907567,-1.419833338651382,-0.6253842142184161,0.5855805874956249,1.799451683002975,2.616783495963236
paper,small,2015-12-31,2016Q2,3,FFR,0.6589344409858403,0.37333333333333335,0.28560110765250696,-1.8692728065566955,-0.8503224214186004,0.6669703494427144,2.164678351543164,3.1668553161069477
paper,small,2015-12-31,2016Q3,4,FFR,0.7908345237591682,0.39666666666666667,0.3941678570925015,-2.152488713970345,-0.9809899763708023,0.7889999619989783,2.5671331746743897,3.7435592736698458
paper,small,2015-12-31,2016Q4,5,FFR,0.9658270186090804,0.45,0.5158270186090803,-2.393450025504915,-1.0502204696327633,0.9592943663725306,2.9730870234320075,4.351020520157118
paper,small,2015-12-31,2017Q1,6,FFR,1.106908527113136,0.7000000000000001,0.40690852711313596,-2.564645875906327,-1.1260887885393618,1.0967826779099745,3.336660623871631,4.811688830120557
paper,small,2015-12-31,2017Q2,7,FFR,1.2168705569284513,0.9500000000000001,0.2668705569284512,-2.7736093682533896,-1.1705906621635482,1.204162529002354,3.6426741289106515,5.20341305340635
paper,small,2015-12-31,2017Q3,8,FFR,1.346764454669342,1.1533333333333333,0.1934311213360087,-2.903777952995142,-1.2049170784703171,1.3494189537060384,3.916337306797117,5.609347670855536
paper,small,2015-12-31,2015Q4,1,GDP,971.3707610902248,976.7815527534941,-5.410791663269265,970.0657910399112,970.5796170094256,971.3717334803387,972.1605163942128,972.6734067714497
paper,small,2015-12-31,2016Q1,2,GDP,972.0516944564275,977.3690037449436,-5.317309288516071,969.9756178247945,970.7832193759584,972.0526784112319,973.3041712792087,974.158736943891
paper,small,2015-12-31,2016Q2,3,GDP,972.6832473492121,977.6709362762499,-4.987688927037766,969.8548293358501,970.984447104207,972.6716420013772,974.398466143157,975.5189597742066
paper,small,2015-12-31,2016Q3,4,GDP,973.3403313173139,978.270252164766,-4.929920847452081,969.841061710331,971.262460701798,973.3187908947648,975.4595730346547,976.8147636917254
paper,small,2015-12-31,2016Q4,5,GDP,974.0075316057671,978.7659105426385,-4.758378936871395,969.8711910758146,971.5240935718192,974.0153149186202,976.479167424846,978.0909846550969
paper,small,2015-12-31,2017Q1,6,GDP,974.6587729732474,979.1946532403157,-4.535880267068251,969.9142200597726,971.87918306116,974.6811048678738,977.4544944986277,979.3107029206756
paper,small,2015-12-31,2017Q2,7,GDP,975.2996179230763,979.6971814310028,-4.39756350792652,970.0743679983806,972.2118544254602,975.3379041298836,978.3795213130782,980.5031180081802
paper,small,2015-12-31,2017Q3,8,GDP,975.9498013735397,980.5212652288033,-4.571463855263573,970.282924354816,972.5570377969613,975.9691710742364,979.3403102324464,981.6030642355302
paper,small,2016-03-31,2016Q1,1,DEFL,470.6082696549367,465.29598498239403,5.31228467254266,470.1828194609504,470.350815983075,470.60785463680065,470.86618065586094,471.03261147284985
paper,small,2016-03-31,2016Q2,2,DEFL,470.9545310303659,465.999922226677,4.954608803688927,470.2041339671958,470.49375536858173,470.9560294435695,471.41127953040603,471.70297514055284
paper,small,2016-03-31,2016Q3,3,DEFL,471.28955067660974,466.27690583674894,5.012644839860798,470.16442844546765,470.6074744738132,471.293978643433,471.9652917401599,472.41191487440125
paper,small,2016-03-31,2016Q4,4,DEFL,471.63348031951523,466.8022911971153,4.8311891223999055,470.09261472468415,470.6982962723637,471.63493209074596,472.566582182784,473.15937994885707
paper,small,2016-03-31,2017Q1,5,DEFL,472.0025889496106,467.31839116014726,4.684197789463326,469.985999469732,470.78323966438114,471.99959348965467,473.2315768479268,474.01313815322976
paper,small,2016-03-31,2017Q2,6,DEFL,472.38977648444137,467.62901269911987,4.760763785321501,469.8251114326137,470.86723372394084,472.38620621136647,473.93779424740603,474.94191017151
paper,small,2016-03-31,2017Q3,7,DEFL,472.7932745877974,468.12975463756425,4.6635199502331375,469.6795098812612,470.9337133306183,472.79711189788634,474.67060674869,475.89041859144777
paper,small,2016-03-31,2017Q4,8,DEFL,473.2141475725415,468.81593179181164,4.398215780729856,469.51667501972685,471.0032939731689,473.2243012701998,475.4462358595784,476.9012751746621
paper,small,2016-03-31,2016Q1,1,FFR,0.1894796314546272,0.36000000000000004,-0.17052036854537284,-1.1036412510708526,-0.6007482619007981,0.18103490476185308,0.9748674410752775,1.4975985267456702
paper,small,2016-03-31,2016Q2,2,FFR,0.178621670345831,0.37333333333333335,-0.19471166298750234,-1.8440681658627558,-1.0474988153740645,0.1846252479351114,1.4002116714947328,2.2033370694317833
paper,small,2016-03-31,2016Q3,3,FFR,0.26018546997460595,0.39666666666666667,-0.1364811966920607,-2.260668240297773,-1.2589324927202412,0.26073941711835114,1.7855410039634134,2.770928895286357
paper,small,2016-03-31,2016Q4,4,FFR,0.4065450691853164,0.45,-0.0434549308146836,-2.5888684428335873,-1.3556462182320381,0.41893923714786585,2.194562237053726,3.3202650766976025
paper,small,2016-03-31,2017Q1,5,FFR,0.5303406419210299,0.7000000000000001,-0.16965935807897015,-2.834269738212757,-1.5044670514630296,0.5559983462845296,2.536061434612409,3.8986523377161317
paper,small,2016-03-31,2017Q2,6,FFR,0.65319509986083,0.9500000000000001,-0.29680490013917005,-3.0555847831129612,-1.6086355463601243,0.6791489801000654,2.856682947587923,4.391019570984009
paper,small,2016-03-31,2017Q3,7,FFR,0.7813213941319417,1.1533333333333333,-0.37201193920139164,-3.290989999760813,-1.6134708143990342,0.8011146542653291,3.192231985842604,4.7665973588011585
paper,small,2016-03-31,2017Q4,8,FFR,0.9214390689536034,1.2033333333333334,-0.28189426437973,-3.4711363685948617,-1.6512916030803135,0.9782997649719534,3.467917998490769,5.202318566885614
paper,small,2016-03-31,2016Q1,1,GDP,971.5024268222645,977.3690037449436,-5.866576922679087,970.1977471015948,970.7162830234611,971.5016488691904,972.293441788341,972.8232022624445
paper,small,2016-03-31,2016Q2,2,GDP,972.085925555839,977.6709362762499,-5.585010720410878,970.0055472179478,970.8181499381225,972.0801820622446,973.3471993793349,974.1999744109986
paper,small,2016-03-31,2016Q3,3,GDP,972.7385102316175,978.270252164766,-5.53174193314851,969.9039554221031,971.010824424851,972.7283156572789,974.4497558855348,975.5978903927238
paper,small,2016-03-31,2016Q4,4,GDP,973.4173813164608,978.7659105426385,-5.348529226177675,969.9438415108957,971.2780878447056,973.4179113282828,975.5312072115227,976.9213795305515
paper,small,2016-03-31,2017Q1,5,GDP,974.0972094284186,979.1946532403157,-5.097443811897051,969.9767482813119,971.6111321413971,974.1082124611687,976.5712583751169,978.2084163935025
paper,small,2016-03-31,2017Q2,6,GDP,974.7714481971536,979.6971814310028,-4.925733233849201,970.0683263199194,971.961408309047,974.7795841767146,977.5811584627253,979.4086766857694
paper,small,2016-03-31,2017Q3,7,GDP,975.4293832505888,980.5212652288033,-5.091881978214474,970.243731817108,972.3242075082849,975.4605158490515,978.5550919600535,980.5529095271186
paper,small,2016-03-31,2017Q4,8,GDP,976.1018965801662,981.5219022023681,-5.42000562220187,970.3754671122681,972.7237985733454,976.1306548548193,979.4821638012263,981.7089528078606
paper,small,2016-06-30,2016Q2,1,DEFL,470.66558676453343,465.999922226677,4.665664537856458,470.23669898526026,470.4070528906393,470.6638548991541,470.9241880530428,471.09321956955216
paper,small,2016-06-30,2016Q3,2,DEFL,470.9096119080721,466.27690583674894,4.6327060713231845,470.15679906541885,470.4510309913382,470.91014258089194,471.36615098911165,471.6647476015547
paper,small,2016-06-30,2016Q4,3,DEFL,471.1506123223297,466.8022911971153,4.348321125214397,469.99924915844076,470.46546150088966,471.15161647611404,471.83784308799824,472.2827544016258
paper,small,2016-06-30,2017Q1,4,DEFL,471.40095447250576,467.31839116014726,4.082563312358502,469.829203746967,470.45754089511416,471.4018233470527,472.35619983883277,472.9609132521493
paper,small,2016-06-30,2017Q2,5,DEFL,471.67578088508276,467.62901269911987,4.04676818596289,469.60595892775217,470.4352193631736,471.6771211405231,472.9256657286167,473.72003810960786
paper,small,2016-06-30,2017Q3,6,DEFL,471.9668767385002,468.12975463756425,3.8371221009359715,469.3617199309827,470.3940943117415,471.980349956304,473.5364140071096,474.5496247654852
paper,small,2016-06-30,2017Q4,7,DEFL,472.28069181187396,468.81593179181164,3.4647600200623287,469.1131747612109,470.35720183547824,472.2970453100527,474.1798491204256,475.4291084917187
paper,small,2016-06-30,2018Q1,8,DEFL,472.6127812556908,469.4279361059867,3.184845149704074,468.8393941433541,470.3443266649541,472.61901675655304,474.8654894927112,476.3649838208303
paper,small,2016-06-30,2016Q2,1,FFR,0.2009166483909202,0.37333333333333335,-0.17241668494241316,-1.0909710221231266,-0.589735225803926,0.20220983464922188,0.9899964492398925,1.4910772183395
paper,small,2016-06-30,2016Q3,2,FFR,0.07559515062643203,0.39666666666666667,-0.32107151604023465,-1.9434023674783156,-1.138028322629036,0.06940326949598191,1.2996157891499247,2.087114783439905
paper,small,2016-06-30,2016Q4,3,FFR,0.13447233852412654,0.45,-0.31552766147587347,-2.3658925967559434,-1.3919338962329943,0.13911014477252662,1.6371439616058885,2.6413492575173136
paper,small,2016-06-30,2017Q1,4,FFR,0.24755537721129653,0.7000000000000001,-0.45244462278870357,-2.6935850373416117,-1.546031332450241,0.2617556221318328,2.004878595618803,3.1703338542473296
paper,small,2016-06-30,2017Q2,5,FFR,0.3137280376979253,0.9500000000000001,-0.6362719623020747,-3.0265668157906878,-1.7268132398961504,0.3236316116256769,2.3311233202935937,3.645530523583762
paper,small,2016-06-30,2017Q3,6,FFR,0.40160233516432214,1.1533333333333333,-0.7517309981690112,-3.3117349121619086,-1.844341477908381,0.41541656689187667,2.6216550056090058,4.081192324245923
paper,small,2016-06-30,2017Q4,7,FFR,0.5175849386450688,1.2033333333333334,-0.6857483946882645,-3.4979990029504826,-1.9431531376360731,0.5511215158305977,2.940414890376767,4.4951005120525185
paper,small,2016-06-30,2018Q1,8,FFR,0.6453853691598819,1.4466666666666665,-0.8012812975067847,-3.6482983723723112,-1.9568509791355402,0.6984676657747708,3.211926307404079,4.864243176758951
paper,small,2016-06-30,2016Q2,1,GDP,971.6543485614717,977.6709362762499,-6.016587714778211,970.3359956210362,970.8647340007412,971.6546730045426,972.4487862632931,972.9687928634315
paper,small,2016-06-30,2016Q3,2,GDP,972.1656238079734,978.270252164766,-6.104628356792659,970.0552260230984,970.9059980183425,972.1611133489856,973.4348187761805,974.2844385245257
paper,small,2016-06-30,2016Q4,3,GDP,972.830374499761,978.7659105426385,-5.935536042877516,969.9856820153464,971.1226093196769,972.8305122686571,974.541483145679,975.6864048428938
paper,small,2016-06-30,2017Q1,4,GDP,973.5216298935924,979.1946532403157,-5.673023346723312,970.0512520962391,971.4181546458412,973.5310346260615,975.5973916032704,977.0300244872354
paper,small,2016-06-30,2017Q2,5,GDP,974.2167999564502,979.6971814310028,-5.480381474552587,970.1757062984667,971.7620571144624,974.2179183091064,976.660171488797,978.3296723451718
paper,small,2016-06-30,2017Q3,6,GDP,974.8966815156836,980.5212652288033,-5.624583713119705,970.2873389078626,972.1207632452987,974.8929088741588,977.6748812050315,979.5549373732874
paper,small,2016-06-30,2017Q4,7,GDP,975.585700100354,981.5219022023681,-5.936202102014136,970.4833171055554,972.5213513697083,975.5946121757195,978.6612318722355,980.7436652183675
paper,small,2016-06-30,2018Q1,8,GDP,976.2678187372843,982.2121682369062,-5.9443494996219215,970.679240619403,972.9392394027302,976.2802244729226,979.6397951075187,981.8324206438872
paper,small,2016-09-30,2016Q3,1,DEFL,471.5658592166327,466.27690583674894,5.288953379883765,471.13339292151835,471.3110355100789,471.56345822821675,471.82412863310486,471.99445504591995
paper,small,2016-09-30,2016Q4,2,DEFL,471.9473693988408,466.8022911971153,5.145078201725482,471.19037897179436,471.4925778038164,471.94420260683137,472.40372399052205,472.7051847173961
paper,small,2016-09-30,2017Q1,3,DEFL,472.34198149997786,467.31839116014726,5.023590339830605,471.2129210781954,471.6672715111425,472.3381689974605,473.020400714351,473.4750499618935
paper,small,2016-09-30,2017Q2,4,DEFL,472.78222315562965,467.62901269911987,5.1532104565097825,471.2368187138412,471.84201399025187,472.77769783240603,473.7232646131575,474.34416543622444
paper,small,2016-09-30,2017Q3,5,DEFL,473.2221173820168,468.12975463756425,5.092362744452544,471.18992050836425,471.99398593077586,473.2089098597794,474.45166460698647,475.294508350201
paper,small,2016-09-30,2017Q4,6,DEFL,473.67905475771994,468.81593179181164,4.863122965908303,471.1147543270843,472.1394702195218,473.6777835976666,475.22350085904475,476.2704206508685
paper,small,2016-09-30,2018Q1,7,DEFL,474.15005144531,469.4279361059867,4.722115339323295,471.0235227123037,472.2772005061435,474.14087221955515,476.03681140809556,477.2918083589494
paper,small,2016-09-30,2018Q2,8,DEFL,474.63834273523474,470.2823074052711,4.356035329963618,470.93123956109696,472.3972928865995,474.63775207504864,476.8635771588633,478.39412463710903
paper,small,2016-09-30,2016Q3,1,FFR,0.35892438862922554,0.39666666666666667,-0.037742278037441124,-0.9512984896947905,-0.428190709869239,0.34824436623374583,1.151459433791947,1.6629614869601876
paper,small,2016-09-30,2016Q4,2,FFR,0.5332116621302572,0.45,0.08321166213025716,-1.468282669855567,-0.6884382306807386,0.5286558144072276,1.7458503217679529,2.5524440013234306
paper,small,2016-09-30,2017Q1,3,FFR,0.6780046729953116,0.7000000000000001,-0.021995327004688425,-1.8355969293653742,-0.8328108128642309,0.6846310685760624,2.1964585113238653,3.166073027189821
paper,small,2016-09-30,2017Q2,4,FFR,0.7447481585435667,0.9500000000000001,-0.20525184145643338,-2.2224417524825784,-1.0372027687898058,0.7413350033730892,2.5135619173827837,3.679917422906048
paper,small,2016-09-30,2017Q3,5,FFR,0.8532865404412876,1.1533333333333333,-0.3000467928920457,-2.5158284540921794,-1.170676274452447,0.8521922642460945,2.8485558027558815,4.194879399918879
paper,small,2016-09-30,2017Q4,6,FFR,1.0040554659611989,1.2033333333333334,-0.1992778673721345,-2.7297234856022103,-1.224057524155322,0.9936729411834081,3.217262923473856,4.683813788030941
paper,small,2016-09-30,2018Q1,7,FFR,1.1367387378646865,1.4466666666666665,-0.30992792880198006,-2.925819591745764,-1.2700149254568616,1.1642560127813146,3.527217466889297,5.087429608314661
paper,small,2016-09-30,2018Q2,8,FFR,1.2557238383725735,1.7366666666666666,-0.48094282829409307,-3.060979863629821,-1.2986462111204737,1.2814127169487566,3.795418200944826,5.51619572672722
paper,small,2016-09-30,2016Q3,1,GDP,972.1485131445299,978.270252164766,-6.1217390202360775,970.8406252136219,971.3522939739752,972.145460049438,972.9399917366574,973.4644081230442
paper,small,2016-09-30,2016Q4,2,GDP,972.7873821064405,978.7659105426385,-5.978528436197962,970.7330096694699,971.5076940203828,972.7893990248489,974.0505512792323,974.875692805214
paper,small,2016-09-30,2017Q1,3,GDP,973.4022628035966,979.1946532403157,-5.792390436719074,970.5721328910457,971.6941227215624,973.4058875202345,975.1078505770446,976.2603303908356
paper,small,2016-09-30,2017Q2,4,GDP,973.9971267795654,979.6971814310028,-5.700054651437426,970.4592392762511,971.8963319585424,973.9920765031924,976.0998177803623,977.5355094504336
paper,small,2016-09-30,2017Q3,5,GDP,974.6246517223847,980.5212652288033,-5.896613506418589,970.457222508376,972.1682418913738,974.6050685809862,977.089897034444,978.7352168648806
paper,small,2016-09-30,2017Q4,6,GDP,975.260684475034,981.5219022023681,-6.261217727334042,970.5653138045301,972.4999431506787,975.2334891436922,978.0316357053941,979.8847128114
paper,small,2016-09-30,2018Q1,7,GDP,975.8887996343691,982.2121682369062,-6.32336860253713,970.7191278695875,972.8010650381032,975.8888636670747,978.9329212611744,981.0364227786804
paper,small,2016-09-30,2018Q2,8,GDP,976.5026268847581,982.9070909671581,-6.404464082399954,970.8442806163125,973.1298071659401,976.5119795227172,979.8414969619533,982.0938560763142
paper,small,2016-12-31,2016Q4,1,DEFL,471.90948352078004,466.8022911971153,5.107192323664719,471.4840556779778,471.64947747707737,471.9098320673259,472.1683019893449,472.3308670048168
paper,small,2016-12-31,2017Q1,2,DEFL,472.3027320556638,467.31839116014726,4.984340895516539,471.55751838625997,471.85690606472656,472.3012118258825,472.7529527348929,473.0529743954221
paper,small,2016-12-31,2017Q2,3,DEFL,472.7461170798245,467.62901269911987,5.117104380704632,471.6302147845701,472.0674397563971,472.7467416392451,473.42371188865064,473.86959722259496
paper,small,2016-12-31,2017Q3,4,DEFL,473.1912112445111,468.12975463756425,5.0614566069468765,471.65896207968257,472.26135400144966,473.19499922891566,474.1124027841311,474.7333152239862
paper,small,2016-12-31,2017Q4,5,DEFL,473.65677833986695,468.81593179181164,4.8408465480553104,471.6424655552044,472.4295180428962,473.65767210058186,474.86465015231374,475.6887716636743
paper,small,2016-12-31,2018Q1,6,DEFL,474.13919779102883,469.4279361059867,4.711261685042132,471.5881752821252,472.60555977160027,474.15392577894886,475.6780593816753,476.6691548958578
paper,small,2016-12-31,2018Q2,7,DEFL,474.6386799554384,470.2823074052711,4.356372550167293,471.5450075555244,472.78036959482245,474.64725578791035,476.51402929019326,477.7115730228425
paper,small,2016-12-31,2018Q3,8,DEFL,475.15018598758235,470.6182260866492,4.5319599009331455,471.46686908491887,472.9426108224511,475.15334651274037,477.3696342317051,478.8203115662262
paper,small,2016-12-31,2016Q4,1,FFR,0.6390772102719591,0.45,0.18907721027195906,-0.669886768638364,-0.1528867532471146,0.6447109718253572,1.4286451606517803,1.9403121953479094
paper,small,2016-12-31,2017Q1,2,FFR,0.8283001219284011,0.7000000000000001,0.128300121928401,-1.2028495417847804,-0.39317819842543716,0.840685013616066,2.038560767411613,2.834221146650211
paper,small,2016-12-31,2017Q2,3,FFR,0.9090995314167911,0.9500000000000001,-0.04090046858320895,-1.5917212566593326,-0.5985331956470037,0.90259883119069,2.4066782018407746,3.4101026382332464
paper,small,2016-12-31,2017Q3,4,FFR,1.0334811274455495,1.1533333333333333,-0.11985220588778378,-1.9151668942282267,-0.711756977461226,1.0231225753967608,2.8070755592445162,3.978207568040066
paper,small,2016-12-31,2017Q4,5,FFR,1.1863868249137735,1.2033333333333334,-0.016946508419559914,-2.1667150638977,-0.8033241510112915,1.1968677281401467,3.209371109156067,4.474887046121234
paper,small,2016-12-31,2018Q1,6,FFR,1.3316724701247313,1.4466666666666665,-0.11499419654193521,-2.3214832676992,-0.872969606526336,1.3595422022548291,3.5230494473348233,4.974479190873553
paper,small,2016-12-31,2018Q2,7,FFR,1.4458347203661568,1.7366666666666666,-0.2908319463005098,-2.565332634044926,-0.9290357201334588,1.4539334312896282,3.8107427166237944,5.41984420687732
paper,small,2016-12-31,2018Q3,8,FFR,1.5521435483919213,1.9233333333333331,-0.37118978494141186,-2.6921813188705186,-0.952075144010913,1.5630219241315646,4.089782015312255,5.758803226366331
paper,small,2016-12-31,2016Q4,1,GDP,973.1989587314602,978.7659105426385,-5.566951811178342,971.8897410076094,972.41004644529,973.2011396783804,973.9859493081232,974.5050795517911
paper,small,2016-12-31,2017Q1,2,GDP,973.8680925710477,979.1946532403157,-5.326560669268019,971.7639756032438,972.6031620544389,973.8725928834078,975.1309060092952,975.9673072934804
paper,small,2016-12-31,2017Q2,3,GDP,974.5006622679574,979.6971814310028,-5.196519163045423,971.676226056312,972.7934364512573,974.4936799358439,976.1970587567645,977.3720094973112
paper,small,2016-12-31,2017Q3,4,GDP,975.1532815725343,980.5212652288033,-5.367983656268962,971.675964560692,973.0492816841183,975.1351950822446,977.2749646689049,978.707829404854
paper,small,2016-12-31,2017Q4,5,GDP,975.8071325949214,981.5219022023681,-5.714769607446669,971.7388683556284,973.3372068513196,975.792064026095,978.2750340474297,979.9707005128269
paper,small,2016-12-31,2018Q1,6,GDP,976.4493380810669,982.2121682369062,-5.7628301558393105,971.7929905687712,973.6359845724506,976.4356229348575,979.2663303710004,981.1561093129638
paper,small,2016-12-31,2018Q2,7,GDP,977.0820868429078,982.9070909671581,-5.825004124250313,971.8846703316415,973.9855611038066,977.05577187023,980.2202567461668,982.259941226952
paper,small,2016-12-31,2018Q3,8,GDP,977.7156498792825,983.6265326816047,-5.910882802322135,972.0877544988757,974.3657685599059,977.6977762590755,981.1150886091649,983.2889948334205
paper,small,2017-03-31,2017Q1,1,DEFL,472.4977050376567,467.31839116014726,5.179313877509458,472.0645573630028,472.2401675417284,472.4987129985747,472.7567750592764,472.92406297233026
paper,small,2017-03-31,2017Q2,2,DEFL,472.99246692462236,467.62901269911987,5.363454225502494,472.2455241884171,472.54300763662116,472.99240991570116,473.44565784240075,473.73275449203385
paper,small,2017-03-31,2017Q3,3,DEFL,473.49340889686124,468.12975463756425,5.363654259296993,472.37356067371496,472.82490492842606,473.4946582672784,474.16775594682804,474.595634932243
paper,small,2017-03-31,2017Q4,4,DEFL,474.01655920049166,468.81593179181164,5.20062740868002,472.4808821933125,473.099438569209,474.0144091858152,474.93979188921423,475.54468974829416
paper,small,2017-03-31,2018Q1,5,DEFL,474.54848188669894,469.4279361059867,5.120545780712234,472.5341891699671,473.3460576919991,474.5387516616323,475.7587251258209,476.57750438294033
paper,small,2017-03-31,2018Q2,6,DEFL,475.1013919463355,470.2823074052711,4.819084541064399,472.54651320048293,473.57795803382584,475.08570797250576,476.62816735259787,477.6352116065921
paper,small,2017-03-31,2018Q3,7,DEFL,475.6679824501547,470.6182260866492,5.04975636350548,472.564260574964,473.80415546431556,475.65894489625873,477.52938079217535,478.7706747979104
paper,small,2017-03-31,2018Q4,8,DEFL,476.2466019751519,471.07186839761323,5.174733577538689,472.5423965673537,474.03488644341667,476.2409488327277,478.44611219818097,479.9361292138509
paper,small,2017-03-31,2017Q1,1,FFR,0.6468345828369573,0.7000000000000001,-0.053165417163042794,-0.6345996793817019,-0.13463683703728432,0.6408030183822946,1.4414712947814443,1.9373788461633936
paper,small,2017-03-31,2017Q2,2,FFR,0.8041214077062608,0.9500000000000001,-0.14587859229373923,-1.2081647507452595,-0.4047939281679452,0.8080176309831185,2.016487542095499,2.7993772913439128
paper,small,2017-03-31,2017Q3,3,FFR,0.9476611052021493,1.1533333333333333,-0.20567222813118402,-1.5625951106992186,-0.5524857825589621,0.958194652673197,2.4322681599051195,3.4448618635535704
paper,small,2017-03-31,2017Q4,4,FFR,1.0976905476507375,1.2033333333333334,-0.10564278568259589,-1.8015881377684677,-0.6496767755993902,1.0993874949850428,2.8330711457156497,4.029829839633125
paper,small,2017-03-31,2018Q1,5,FFR,1.2605241856386342,1.4466666666666665,-0.18614248102803232,-2.0483935413921515,-0.7536897687587668,1.2652742904258707,3.273246419904675,4.591744962464944
paper,small,2017-03-31,2018Q2,6,FFR,1.4007627967226655,1.7366666666666666,-0.3359038699440011,-2.300473183293324,-0.7976281409006831,1.4085769244862199,3.6193235474007754,5.069580487185811
paper,small,2017-03-31,2018Q3,7,FFR,1.5230497968743175,1.9233333333333331,-0.4002835364590156,-2.453781891839065,-0.871353704651678,1.5260795833635985,3.908082409225505,5.492709103355615
paper,small,2017-03-31,2018Q4,8,FFR,1.6478938094091853,2.22,-0.5721061905908149,-2.6212809735177274,-0.9236903548642765,1.6655548138727345,4.183815314274192,5.846398482739895
paper,small,2017-03-31,2017Q1,1,GDP,973.6471413099537,979.1946532403157,-5.54751193036202,972.3442297450844,972.8658919531207,973.6446245475864,974.4341666510228,974.9415609211954
paper,small,2017-03-31,2017Q2,2,GDP,974.3112894376418,979.6971814310028,-5.385891993361042,972.2414600260894,973.0686116360629,974.3060203477172,975.568729843603,976.423295921135
paper,small,2017-03-31,2017Q3,3,GDP,974.9474522561021,980.5212652288033,-5.573812972701148,972.1242351501683,973.2519237850419,974.941200268559,976.6496777284448,977.7841469279763
paper,small,2017-03-31,2017Q4,4,GDP,975.581389412889,981.5219022023681,-5.940512789479044,972.0986367622912,973.4690320478638,975.5836039568791,977.6760971970998,979.1156106868758
paper,small,2017-03-31,2018Q1,5,GDP,976.2092221697759,982.2121682369062,-6.002946067130324,972.1517894904727,973.7464664369886,976.207174540343,978.6718714944783,980.3327244539828
paper,small,2017-03-31,2018Q2,6,GDP,976.8297020177008,982.9070909671581,-6.077388949457259,972.2307590107571,974.0618856017788,976.8240393986266,979.607495677704,981.4560281826031
paper,small,2017-03-31,2018Q3,7,GDP,977.439314071316,983.6265326816047,-6.18721861028871,972.3294206024867,974.3620034632601,977.4221064795589,980.5126780174255,982.6168574212671
paper,small,2017-03-31,2018Q4,8,GDP,978.0463099413967,983.8081508542731,-5.761840912876437,972.4604580583779,974.7163930769073,978.0443953723696,981.38120335749,983.6425184798397
paper,small,2017-06-30,2017Q2,1,DEFL,473.0453903922748,467.62901269911987,5.416377693154914,472.62270944739925,472.7928046357723,473.0446742953594,473.29742680727423,473.4620535476429
paper,small,2017-06-30,2017Q3,2,DEFL,473.55710961952155,468.12975463756425,5.427354981957308,472.8072043395747,473.1125204245862,473.56070415730386,474.00375683890707,474.29500591068864
paper,small,2017-06-30,2017Q4,3,DEFL,474.08705956051955,468.81593179181164,5.271127768707913,472.97518782746874,473.42013693840187,474.0883141496863,474.7525042423414,475.1901710992702
paper,small,2017-06-30,2018Q1,4,DEFL,474.625446852791,469.4279361059867,5.197510746804312,473.10663570578754,473.7105134821803,474.620434153186,475.5429589943619,476.1232897832956
paper,small,2017-06-30,2018Q2,5,DEFL,475.1807222418603,470.2823074052711,4.898414836589154,473.19481946143674,473.97331620830016,475.1766068465458,476.3882470161753,477.16206185662116
paper,small,2017-06-30,2018Q3,6,DEFL,475.746017679407,470.6182260866492,5.127791592757774,473.22489008545386,474.2336780570351,475.7450976427807,477.25354777508534,478.26466026119584
paper,small,2017-06-30,2018Q4,7,DEFL,476.3234436855982,471.07186839761323,5.251575287984963,473.24100615740633,474.4800701453234,476.31366367997316,478.1690616274768,479.41095029844195
paper,small,2017-06-30,2019Q1,8,DEFL,476.9075470447263,471.4580490171198,5.4494980276065235,473.23457317132545,474.71153472951147,476.8902200452272,479.11490623833873,480.5804861823873
paper,small,2017-06-30,2017Q2,1,FFR,0.8107684228075857,0.9500000000000001,-0.1392315771924144,-0.4602053062619876,0.03192547139249912,0.8118142696738757,1.5755015803605874,2.0975030107330537
paper,small,2017-06-30,2017Q3,2,FFR,0.910266165834795,1.1533333333333333,-0.2430671674985383,-1.056622399753168,-0.2907981534759905,0.9165745378801423,2.1183839084780662,2.8869428707831104
paper,small,2017-06-30,2017Q4,3,FFR,1.0323214164725292,1.2033333333333334,-0.1710119168608042,-1.461843619677822,-0.47983608652049986,1.0328700737862722,2.5307759566664423,3.540791314625977
paper,small,2017-06-30,2018Q1,4,FFR,1.1624524128658797,1.4466666666666665,-0.2842142538007868,-1.749511658470183,-0.6145844877880526,1.1933053493873602,2.910349434463856,4.077870002727584
paper,small,2017-06-30,2018Q2,5,FFR,1.2909800179630788,1.7366666666666666,-0.44568664870358776,-2.0839814921433066,-0.7181337240056498,1.3025477833792265,3.2867292595680557,4.589885473806326
paper,small,2017-06-30,2018Q3,6,FFR,1.4119900153124403,1.9233333333333331,-0.5113433180208928,-2.266936178522511,-0.8043161130793701,1.423313843324781,3.621421291849429,5.107331047248316
paper,small,2017-06-30,2018Q4,7,FFR,1.5296260436071334,2.22,-0.6903739563928668,-2.4328334563896186,-0.8901897128080993,1.5443680279976828,3.9308373982701514,5.491671254485142
paper,small,2017-06-30,2019Q1,8,FFR,1.6434367920096273,2.4033333333333333,-0.759896541323706,-2.6058339452879653,-0.8943309272008689,1.658861399511299,4.176953603803818,5.843405925376361
paper,small,2017-06-30,2017Q2,1,GDP,973.9383984547173,979.6971814310028,-5.758782976285488,972.651938076024,973.1650149930828,973.9409219926222,974.7094436041191,975.2328534257417
paper,small,2017-06-30,2017Q3,2,GDP,974.498349880416,980.5212652288033,-6.022915348387301,972.4158476320194,973.2556883566972,974.4924210910755,975.7616747077918,976.5722234594926
paper,small,2017-06-30,2017Q4,3,GDP,975.0708379099844,981.5219022023681,-6.4510642923836485,972.2987516165168,973.375166698957,975.0641986362313,976.7620808834552,977.8769943728548
paper,small,2017-06-30,2018Q1,4,GDP,975.6516643849077,982.2121682369062,-6.560503851998533,972.2410119245106,973.5590309530194,975.637014969745,977.7403844157993,979.1038962869761
paper,small,2017-06-30,2018Q2,5,GDP,976.2381305149311,982.9070909671581,-6.668960452226997,972.1530273320277,973.7877741692581,976.245799137951,978.7097591490228,980.2595834519069
paper,small,2017-06-30,2018Q3,6,GDP,976.8269955635576,983.6265326816047,-6.799537118047056,972.1637309286582,974.0591959775564,976.8173059150041,979.6251105193777,981.4368321163207
paper,small,2017-06-30,2018Q4,7,GDP,977.4198603808462,983.8081508542731,-6.388290473426878,972.2541050946483,974.3678225289033,977.4381922781511,980.5160341708371,982.4840498468363
paper,small,2017-06-30,2019Q1,8,GDP,978.0051934788232,984.3493940965847,-6.34420061776143,972.3959427435962,974.6722276665163,978.0277236044041,981.3802003898636,983.5412171053641
paper,small,2017-09-30,2017Q3,1,DEFL,473.1735453261637,468.12975463756425,5.043790688599472,472.7453173286276,472.91351113094146,473.1753851816213,473.43242783492013,473.60375075563843
paper,small,2017-09-30,2017Q4,2,DEFL,473.5932024396523,468.81593179181164,4.77727064784068,472.8376972601887,473.13412436516103,473.59390678190744,474.0458394735513,474.3546867659973
paper,small,2017-09-30,2018Q1,3,DEFL,474.0204056096478,469.4279361059867,4.592469503661107,472.90451870152344,473.34581038053625,474.01955166528,474.7015405310079,475.1471686717233
paper,small,2017-09-30,2018Q2,4,DEFL,474.44842538466025,470.2823074052711,4.166117979389128,472.92393326586125,473.5243133611641,474.4428062063745,475.3803320466246,475.9947629918599
paper,small,2017-09-30,2018Q3,5,DEFL,474.89519268502585,470.6182260866492,4.276966598376646,472.8850687118903,473.6842013826774,474.8959427574834,476.1117843054495,476.9156183865024
paper,small,2017-09-30,2018Q4,6,DEFL,475.3556304246089,471.07186839761323,4.283762026995646,472.8246471894306,473.8178523244737,475.3488236745534,476.9023545660501,477.90064094819746
paper,small,2017-09-30,2019Q1,7,DEFL,475.8292721063294,471.4580490171198,4.37122308920965,472.7510735412142,473.95596858207614,475.8215329162932,477.689147446755,478.929515182909
paper,small,2017-09-30,2019Q2,8,DEFL,476.3159772397231,472.01403804243495,4.3019391972881635,472.6570206872777,474.1009886663791,476.3093013845878,478.5164675134276,480.0100149388118
paper,small,2017-09-30,2017Q3,1,FFR,1.0041570398796102,1.1533333333333333,-0.14917629345372307,-0.29844231710919483,0.22247993998787047,1.0035832375167104,1.78319760009246,2.3035065177058582
paper,small,2017-09-30,2017Q4,2,FFR,0.9802173868532335,1.2033333333333334,-0.2231159464800999,-1.0129327648533635,-0.21366435428136551,0.9809943953177869,2.1905318424479523,2.9790070249547744
paper,small,2017-09-30,2018Q1,3,FFR,1.0634246431100376,1.4466666666666665,-0.38324202355662895,-1.4138924505435064,-0.43352805469249295,1.0618119916023272,2.5491274445012375,3.5459873045100756
paper,small,2017-09-30,2018Q2,4,FFR,1.189431948255781,1.7366666666666666,-0.5472347184108857,-1.724131509269194,-0.57493933817626,1.1876307811111042,2.945221367560405,4.114393941422773
paper,small,2017-09-30,2018Q3,5,FFR,1.276734295745443,1.9233333333333331,-0.6465990375878901,-2.05261770174754,-0.7123141295728636,1.2861678388114188,3.26665795470304,4.599622376514639
paper,small,2017-09-30,2018Q4,6,FFR,1.3579719095499723,2.22,-0.8620280904500279,-2.2780848870986152,-0.8014497467589294,1.3565549184935413,3.567376685838642,4.987520106197774
paper,small,2017-09-30,2019Q1,7,FFR,1.4537197091108065,2.4033333333333333,-0.9496136242225268,-2.471136265208559,-0.9017615057512682,1.4417357773989918,3.8285707459136065,5.379647922637618
paper,small,2017-09-30,2019Q2,8,FFR,1.5615875307625997,2.3966666666666665,-0.8350791359040668,-2.6550160632709203,-0.9511070761379853,1.5807519699919017,4.05117773644857,5.778506545469748
paper,small,2017-09-30,2017Q3,1,GDP,974.8019918495332,980.5212652288033,-5.719273379270021,973.4951287072247,974.0206575452238,974.801950778706,975.5877128353095,976.1104892278773
paper,small,2017-09-30,2017Q4,2,GDP,975.3105592875155,981.5219022023681,-6.211342914852594,973.1769893096982,974.0336449900327,975.3157772589001,976.5963703217436,977.372374638221
paper,small,2017-09-30,2018Q1,3,GDP,975.911928952834,982.2121682369062,-6.300239284072177,973.0748557716155,974.1847071257456,975.924779247038,977.6138825544914,978.7145212590154
paper,small,2017-09-30,2018Q2,4,GDP,976.5558373347619,982.9070909671581,-6.351253632396151,973.038947251523,974.4451438770996,976.5693456856835,978.6498156181988,979.9930152535733
paper,small,2017-09-30,2018Q3,5,GDP,977.1798708274584,983.6265326816047,-6.446661854146214,973.0544540835473,974.7117671427011,977.1956760165691,979.6759703561542,981.1967398172662
paper,small,2017-09-30,2018Q4,6,GDP,977.8100401332764,983.8081508542731,-5.998110720996692,973.1725255588636,975.0309104620718,977.8133387714238,980.6372520401187,982.3648703042315
paper,small,2017-09-30,2019Q1,7,GDP,978.4320075263807,984.3493940965847,-5.917386570203917,973.2873229125958,975.3619336691577,978.4522673857425,981.4972967558979,983.510147485354
paper,small,2017-09-30,2019Q2,8,GDP,979.069707454527,985.0201484419601,-5.950440987433126,973.4437879510094,975.7429229684442,979.0954870321665,982.3962854684294,984.5663699568972
paper,small,2017-12-31,2017Q4,1,DEFL,473.75410583598006,468.81593179181164,4.93817404416842,473.325154153998,473.4960268022122,473.75587899746245,474.00985090687414,474.1807986564822
paper,small,2017-12-31,2018Q1,2,DEFL,474.2422645036799,469.4279361059867,4.8143283976932025,473.50151363516653,473.7887591332797,474.2422024888541,474.69962576678415,474.99073115178714
paper,small,2017-12-31,2018Q2,3,DEFL,474.73695157605505,470.2823074052711,4.454644170783922,473.613381144446,474.06775582345085,474.7396103385046,475.4069606525048,475.855318247897
paper,small,2017-12-31,2018Q3,4,DEFL,475.2641911994434,470.6182260866492,4.645965112794215,473.72512214187634,474.3442882484394,475.2613032702817,476.18745060180566,476.7978406444618
paper,small,2017-12-31,2018Q4,5,DEFL,475.7929523164247,471.07186839761323,4.721083918811473,473.7844212404626,474.58031848370206,475.791453391338,477.00295412447923,477.7983092032672
paper,small,2017-12-31,2019Q1,6,DEFL,476.3351192131198,471.4580490171198,4.877070196000034,473.7930524108508,474.8228058671105,476.3420756329872,477.8561428347772,478.86322705898453
paper,small,2017-12-31,2019Q2,7,DEFL,476.88874275086215,472.01403804243495,4.874704708427203,473.79515127876203,475.0437530212875,476.88784295584185,478.73890321413717,479.98780206982235
paper,small,2017-12-31,2019Q3,8,DEFL,477.4537703190902,472.33975673527414,5.1140135838160745,473.76106192301216,475.2564535577944,477.4561645227194,479.6709083423979,481.1028365620901
paper,small,2017-12-31,2017Q4,1,FFR,1.2383348971194585,1.2033333333333334,0.03500156378612518,-0.05449763086751832,0.4580009823253976,1.232207060823192,2.032285335972199,2.523998301542338
paper,small,2017-12-31,2018Q1,2,FFR,1.3958002359365624,1.4466666666666665,-0.050866430730104106,-0.6362624857946197,0.1755675759250424,1.4018250146754185,2.606678495819021,3.4067880216286794
paper,small,2017-12-31,2018Q2,3,FFR,1.564889319880199,1.7366666666666666,-0.1717773467864676,-0.94629500982386,0.05400102700838857,1.5623021205042324,3.0766368630109406,4.047762211015769
paper,small,2017-12-31,2018Q3,4,FFR,1.673941275482461,1.9233333333333331,-0.24939205785087215,-1.285665815829452,-0.09841497801917057,1.6827487849304792,3.452818118008254,4.624848431602407
paper,small,2017-12-31,2018Q4,5,FFR,1.773505014316029,2.22,-0.4464949856839713,-1.5580695373728168,-0.23373419285329086,1.7706360101529393,3.770947350125399,5.082494945584988
paper,small,2017-12-31,2019Q1,6,FFR,1.8792002581370648,2.4033333333333333,-0.5241330751962685,-1.7956245013776126,-0.3289461979756712,1.894183252975165,4.094215334303216,5.4917624140338015
paper,small,2017-12-31,2019Q2,7,FFR,1.9714437165487066,2.3966666666666665,-0.42522295011795985,-2.0054821376903518,-0.4299478717299498,1.9881751276965556,4.352318934816843,5.930006380460213
paper,small,2017-12-31,2019Q3,8,FFR,2.054183754149168,2.19,-0.13581624585083185,-2.167102357105287,-0.4749118917631048,2.053552506972152,4.589629791033139,6.267354919115085
paper,small,2017-12-31,2017Q4,1,GDP,975.6638845064044,981.5219022023681,-5.858017695963667,974.3570094561322,974.8818407424912,975.6582634874869,976.4539643700612,976.9804826538822
paper,small,2017-12-31,2018Q1,2,GDP,976.301314224484,982.2121682369062,-5.910854012422192,974.2275166158003,975.0346528877719,976.301252913443,977.5728324454698,978.3900977670875
paper,small,2017-12-31,2018Q2,3,GDP,976.9451283842886,982.9070909671581,-5.9619625828694325,974.1325100238423,975.2535240875255,976.9517623756843,978.6407696014928,979.7414335179376
paper,small,2017-12-31,2018Q3,4,GDP,977.5672318375608,983.6265326816047,-6.0593008440438325,974.0472708160502,975.472841669372,977.576548829565,979.682417165459,981.0195295550187
paper,small,2017-12-31,2018Q4,5,GDP,978.1734562190658,983.8081508542731,-5.634694635207325,974.0667942556444,975.7113491587904,978.1740169213616,980.6458397934874,982.22290956098
paper,small,2017-12-31,2019Q1,6,GDP,978.791882887098,984.3493940965847,-5.55751120948662,974.1541469671769,976.0156502353535,978.7859469858191,981.6016752799752,983.3578522428107
paper,small,2017-12-31,2019Q2,7,GDP,979.4020308882555,985.0201484419601,-5.618117553704678,974.2253756924908,976.3238936306664,979.4081065246824,982.5082544974084,984.5000468478005
paper,small,2017-12-31,2019Q3,8,GDP,980.0120389827438,985.9061780536628,-5.894139070918982,974.4533900847886,976.6868615445652,980.0144039926379,983.3813886840911,985.5340189565699
paper,small,2018-03-31,2018Q1,1,DEFL,474.39377119191886,469.4279361059867,4.965835085932156,473.9687472366964,474.1392121853381,474.3917239294081,474.6511343964221,474.8158560960123
paper,small,2018-03-31,2018Q2,2,DEFL,474.933438930671,470.2823074052711,4.651131525399876,474.1911139470204,474.4855309665315,474.93100670088177,475.38291481206136,475.686069425383
paper,small,2018-03-31,2018Q3,3,DEFL,475.51628680683393,470.6182260866492,4.898060720184731,474.40899555644216,474.8534241122461,475.5173371921276,476.17644332356605,476.6177317118818
paper,small,2018-03-31,2018Q4,4,DEFL,476.11088201096516,471.07186839761323,5.039013613351926,474.5893045303882,475.20221059336717,476.11296135321584,477.0258783003297,477.61667740376254
paper,small,2018-03-31,2019Q1,5,DEFL,476.71815342742616,471.4580490171198,5.260104410306383,474.74098029830975,475.5332150291221,476.72292676802397,477.9139779352442,478.6903826117557
paper,small,2018-03-31,2019Q2,6,DEFL,477.3334841512399,472.01403804243495,5.319446108804925,474.8644569323171,475.843723842928,477.32963028614665,478.8237628561481,479.8250908327318
paper,small,2018-03-31,2019Q3,7,DEFL,477.95654582715713,472.33975673527414,5.616789091882993,474.9428108155757,476.14044369774183,477.95293253216244,479.7762160714969,481.0019044942692
paper,small,2018-03-31,2019Q4,8,DEFL,478.5900837670245,472.70603314659263,5.8840506204318785,475.0353520328408,476.43604740864413,478.5693435744701,480.758110772508,482.20260588486167
paper,small,2018-03-31,2018Q1,1,FFR,1.4259657126059775,1.4466666666666665,-0.02070095406068906,0.13917239021608868,0.6576482577787153,1.4225255981119687,2.1987940727521944,2.7053748994360567
paper,small,2018-03-31,2018Q2,2,FFR,1.6944727173451768,1.7366666666666666,-0.04219394932148979,-0.2837183091860693,0.49626949627061506,1.6916636913682859,2.8853009753625085,3.6950340984770587
paper,small,2018-03-31,2018Q3,3,FFR,1.8325543533977688,1.9233333333333331,-0.09077897993556427,-0.6308479979181475,0.34088672954321736,1.8193930049304414,3.320733485914302,4.310553043897809
paper,small,2018-03-31,2018Q4,4,FFR,1.9281821324113912,2.22,-0.29181786758860895,-0.9533144510920295,0.17888268466914212,1.9269909590502667,3.67263454560591,4.841124874237248
paper,small,2018-03-31,2019Q1,5,FFR,2.0634253890119005,2.4033333333333333,-0.3399079443214328,-1.2333483941879169,0.08759582381218683,2.064112158214064,4.0338131975979605,5.379963266912454
paper,small,2018-03-31,2019Q2,6,FFR,2.1914634118325362,2.3966666666666665,-0.20520325483413027,-1.4427434385518603,-0.0024662499256196584,2.200177168556785,4.3368381296371235,5.842487498935934
paper,small,2018-03-31,2019Q3,7,FFR,2.2822005113843224,2.19,0.0922005113843225,-1.6691924548756445,-0.07328614235504509,2.296472959057713,4.624825401013003,6.260519703784133
paper,small,2018-03-31,2019Q4,8,FFR,2.3655271502647723,1.6433333333333333,0.722193816931439,-1.851239675165847,-0.12348102680113605,2.3792169084202364,4.8555836517842685,6.546128959657502
paper,small,2018-03-31,2018Q1,1,GDP,976.4596902152678,982.2121682369062,-5.752478021638467,975.1685893412583,975.6830288994165,976.4531893710712,977.245018779295,977.7477818294653
paper,small,2018-03-31,2018Q2,2,GDP,977.1707974703783,982.9070909671581,-5.736293496779808,975.087898063224,975.9273249227143,977.1685295743023,978.4150490713334,979.2169116293536
paper,small,2018-03-31,2018Q3,3,GDP,977.7850287801663,983.6265326816047,-5.8415039014383865,974.9827345112942,976.1132677823338,977.7905375872772,979.4649240008035,980.5493560795285
paper,small,2018-03-31,2018Q4,4,GDP,978.3840467482736,983.8081508542731,-5.424104105999504,974.9250359581259,976.3225989567794,978.3836568047391,980.4568080702414,981.8371344749539
paper,small,2018-03-31,2019Q1,5,GDP,978.9916419955726,984.3493940965847,-5.357752101012011,974.929183602195,976.5813270481309,978.9976228337242,981.3982384440006,982.9875461337809
paper,small,2018-03-31,2019Q2,6,GDP,979.5975497491007,985.0201484419601,-5.422598692859424,975.0097505787475,976.8650946027064,979.5980686015994,982.3026856901447,984.1527050791057
paper,small,2018-03-31,2019Q3,7,GDP,980.1931085156751,985.9061780536628,-5.7130695379876215,975.1097284563581,977.1686389334825,980.2020748744168,983.2099580833536,985.1932282310477
paper,small,2018-03-31,2019Q4,8,GDP,980.7939424668165,986.3482463840766,-5.554303917260086,975.2589281930473,977.5246200901003,980.7981689300491,984.0904294484217,986.2624525094267
paper,small,2018-06-30,2018Q2,1,DEFL,474.95194565313756,470.2823074052711,4.6696382478664304,474.5297598110307,474.69603279377105,474.95226693202846,475.20511823867815,475.374524222808
paper,small,2018-06-30,2018Q3,2,DEFL,475.5375821127721,470.6182260866492,4.919356026122898,474.7928567521604,475.0888595652772,475.5339459082754,475.9881445814425,476.28765154478253
paper,small,2018-06-30,2018Q4,3,DEFL,476.13271720096094,471.07186839761323,5.06084880334771,475.01344996584135,475.46432643637667,476.1319604168765,476.81141468184046,477.256528486432
paper,small,2018-06-30,2019Q1,4,DEFL,476.7338910965816,471.4580490171198,5.275842079461825,475.1956820520135,475.81130895749936,476.7347207962539,477.64471402496946,478.2569208721787
paper,small,2018-06-30,2019Q2,5,DEFL,477.3442462131465,472.01403804243495,5.330208170711558,475.33500612775345,476.14828186545407,477.34803514048485,478.54207952791774,479.345565771159
paper,small,2018-06-30,2019Q3,6,DEFL,477.96391723126027,472.33975673527414,5.624160495986132,475.43813796676693,476.45167464705975,477.96896264264467,479.4673782446787,480.47269186338644
paper,small,2018-06-30,2019Q4,7,DEFL,478.5912827092953,472.70603314659263,5.885249562702654,475.520047004059,476.7525686651752,478.599304084869,480.4173478874141,481.6277309274258
paper,small,2018-06-30,2020Q1,8,DEFL,479.2276668206736,473.1080108856083,6.119655935065339,475.57165235332286,477.0483887649628,479.23468900648834,481.40793520166534,482.8404210966954
paper,small,2018-06-30,2018Q2,1,FFR,1.6622987130498426,1.7366666666666666,-0.07436795361682402,0.37925129210242725,0.8992779758440265,1.6625101878432313,2.4343003690631773,2.935121609941737
paper,small,2018-06-30,2018Q3,2,FFR,1.772191600565807,1.9233333333333331,-0.15114173276752618,-0.20403125370226774,0.5875972418460496,1.7745231199770166,2.953929814710992,3.7434749349904184
paper,small,2018-06-30,2018Q4,3,FFR,1.8626358315036966,2.22,-0.3573641684963036,-0.5739330349864064,0.4216679863078105,1.8527453011495634,3.331202226124822,4.306330847180059
paper,small,2018-06-30,2019Q1,4,FFR,1.9870284055798206,2.4033333333333333,-0.4163049277535127,-0.9072668208095036,0.2744785746933175,1.9766749887123007,3.7027129921758517,4.844857684785663
paper,small,2018-06-30,2019Q2,5,FFR,2.097446864082295,2.3966666666666665,-0.2992198025843713,-1.140572777791976,0.15030381976099214,2.0898989615746233,4.06001282731171,5.324409855520473
paper,small,2018-06-30,2019Q3,6,FFR,2.188593722765472,2.19,-0.0014062772345280194,-1.3415609927632453,0.0524594036077573,2.182083030943026,4.307255774538331,5.7580253707352265
paper,small,2018-06-30,2019Q4,7,FFR,2.2773074107201903,1.6433333333333333,0.633974077386857,-1.5588037654703848,-0.03710208400454706,2.2876313281238265,4.572904849213271,6.13080523441163
paper,small,2018-06-30,2020Q1,8,FFR,2.3681580377217277,1.26,1.1081580377217277,-1.765429845438539,-0.09262350947043728,2.381776515035293,4.808453249541723,6.457344337165096
paper,small,2018-06-30,2018Q2,1,GDP,976.9177499097167,982.9070909671581,-5.989341057441379,975.6359965353904,976.1505034075404,976.906386873899,977.6950360223426,978.2095599146859
paper,small,2018-06-30,2018Q3,2,GDP,977.4885782963162,983.6265326816047,-6.137954385288481,975.4254799255107,976.2502369507968,977.4987339104014,978.7325670337838,979.5458489921097
paper,small,2018-06-30,2018Q4,3,GDP,978.0668087184907,983.8081508542731,-5.741342135782361,975.2727336368454,976.3696704078312,978.0804573706527,979.7498679659777,980.8303242884913
paper,small,2018-06-30,2019Q1,4,GDP,978.6615390939647,984.3493940965847,-5.687855002619926,975.2013619547088,976.5782238699518,978.6708941893551,980.7423365622083,982.0888917283285
paper,small,2018-06-30,2019Q2,5,GDP,979.2568011080506,985.0201484419601,-5.763347333909564,975.2299148705235,976.8502683650426,979.2485914225085,981.6783713854127,983.251077966446
paper,small,2018-06-30,2019Q3,6,GDP,979.8622997571609,985.9061780536628,-6.043878296501816,975.3310774766813,977.1178197341926,979.8748474449178,982.5884069688568,984.4095416588583
paper,small,2018-06-30,2019Q4,7,GDP,980.4648241453564,986.3482463840766,-5.883422238720186,975.4177312523344,977.4558005987648,980.4642922801805,983.4994204098376,985.5191410180754
paper,small,2018-06-30,2020Q1,8,GDP,981.0638808029778,985.1661326692149,-4.102251866237111,975.5698455751455,977.8165782402817,981.0799232420595,984.3417276483551,986.5370130531539
paper,small,2018-09-30,2018Q3,1,DEFL,470.99140277643164,470.6182260866492,0.37317668978244,470.5707113642136,470.7367143156212,470.9920323263507,471.24606326686865,471.4084963911464
paper,small,2018-09-30,2018Q4,2,DEFL,471.71675902834113,471.07186839761323,0.6448906307279003,470.9792851119543,471.2630078119135,471.7137033867102,472.1731235931817,472.4672122845038
paper,small,2018-09-30,2019Q1,3,DEFL,472.45133036442996,471.4580490171198,0.9932813473101874,471.33737590912347,471.77671266195415,472.4441013982894,473.1221880780459,473.58784467701116
paper,small,2018-09-30,2019Q2,4,DEFL,473.2225433821455,472.01403804243495,1.2085053397105412,471.6998556949005,472.3017147053015,473.2234756042731,474.150684360387,474.7749125928716
paper,small,2018-09-30,2019Q3,5,DEFL,473.98399323582424,472.33975673527414,1.6442365005501074,472.00207173017395,472.7734502936833,473.9783356060333,475.19583845614574,476.03012916132667
paper,small,2018-09-30,2019Q4,6,DEFL,474.75217132447716,472.70603314659263,2.0461381778845293,472.26604883916565,473.21731250238594,474.7366933546973,476.2726789373985,477.32602680539605
paper,small,2018-09-30,2020Q1,7,DEFL,475.5222238701928,473.1080108856083,2.4142129845845375,472.4959105611747,473.6652096183644,475.50088099371897,477.3728203431776,478.6514208359374
paper,small,2018-09-30,2020Q2,8,DEFL,476.29628054509357,472.73258698908967,3.563693556003898,472.68718213899353,474.0940773809997,476.2607267606034,478.4861869449461,480.0199240328972
paper,small,2018-09-30,2018Q3,1,FFR,1.989278025195732,1.9233333333333331,0.06594469186239893,0.7210898802021237,1.2247121714580018,1.989527895732695,2.7542748004588407,3.2611489555619415
paper,small,2018-09-30,2018Q4,2,FFR,2.2534374570730202,2.22,0.03343745707302004,0.29479689063543574,1.0712407746279917,2.2530797692191897,3.4243088602389764,4.203704317702511
paper,small,2018-09-30,2019Q1,3,FFR,2.4708469825539696,2.4033333333333333,0.0675136492206363,0.006762156840326353,0.983391037383617,2.4870571876412626,3.9452215279293124,4.929844780483325
paper,small,2018-09-30,2019Q2,4,FFR,2.6078196171330417,2.3966666666666665,0.21115295046637517,-0.2849470375229457,0.8555544078897067,2.6139035237209636,4.357342464428285,5.528241905195821
paper,small,2018-09-30,2019Q3,5,FFR,2.72839547717714,2.19,0.53839547717714,-0.5384425952029609,0.7572296879969647,2.720871215507592,4.694002965143447,6.036926660447117
paper,small,2018-09-30,2019Q4,6,FFR,2.8422580749057795,1.6433333333333333,1.1989247415724462,-0.7173563364275147,0.6647196157732351,2.8537434719549974,4.969568729288079,6.466650809245544
paper,small,2018-09-30,2020Q1,7,FFR,2.93956859931802,1.26,1.67956859931802,-0.9112048601936585,0.5869684278734438,2.9330480450814562,5.270575492882931,6.839039382458776
paper,small,2018-09-30,2020Q2,8,FFR,3.0232683007024117,0.06,2.9632683007024117,-1.1033926286555538,0.5279942706451631,3.0091260929010017,5.527357423554868,7.139208983775947
paper,small,2018-09-30,2018Q3,1,GDP,983.3041171184914,983.6265326816047,-0.3224155631132817,982.0041096804293,982.5273671123164,983.301246699488,984.0839744416296,984.599698319657
paper,small,2018-09-30,2018Q4,2,GDP,984.0101662728501,983.8081508542731,0.20201541857704797,981.9469835782502,982.7717744053899,984.0143214002808,985.245486742295,986.0346335212295
paper,small,2018-09-30,2019Q1,3,GDP,984.6161298585605,984.3493940965847,0.2667357619758377,981.8355591600123,982.926916605272,984.6161842830188,986.3011637579793,987.3730680662214
paper,small,2018-09-30,2019Q2,4,GDP,985.1951344723298,985.0201484419601,0.17498603036960958,981.760176009199,983.122486775,985.1809412045093,987.2634405564793,988.6131171695637
paper,small,2018-09-30,2019Q3,5,GDP,985.7753217265448,985.9061780536628,-0.1308563271179537,981.7743604343583,983.3762600225995,985.7495243519213,988.2042855793943,989.8111015933597
paper,small,2018-09-30,2019Q4,6,GDP,986.3512609135391,986.3482463840766,0.0030145294625754104,981.7878019659787,983.6417741699025,986.3416872298657,989.0633216991276,990.8760547242512
paper,small,2018-09-30,2020Q1,7,GDP,986.9148433320912,985.1661326692149,1.7487106628763058,981.8875811392817,983.9138684737944,986.9191526922682,989.9085300271385,991.9320385500572
paper,small,2018-09-30,2020Q2,8,GDP,987.4953360142683,976.3001287902925,11.195207223975785,981.9978164135465,984.2260389294916,987.5185723493458,990.743613640418,992.9622009127643
paper,small,2018-12-31,2018Q4,1,DEFL,471.2441966355372,471.07186839761323,0.17232823792397767,470.82504129617536,470.99529203620716,471.2429191752367,471.4967632113721,471.66439721456965
paper,small,2018-12-31,2019Q1,2,DEFL,471.82763149587066,471.4580490171198,0.36958247875088546,471.0838256172557,471.37493473567923,471.8291184410816,472.2777106807851,472.5710119763726
paper,small,2018-12-31,2019Q2,3,DEFL,472.4406674925257,472.01403804243495,0.4266294500907293,471.33164497454254,471.76843657987325,472.44107624751086,473.1112055600329,473.5585224934335
paper,small,2018-12-31,2019Q3,4,DEFL,473.0283359493076,472.33975673527414,0.6885792140334388,471.4916710873549,472.1141531593271,473.02910322031175,473.95444758433075,474.5523239143598
paper,small,2018-12-31,2019Q4,5,DEFL,473.64071484082706,472.70603314659263,0.9346816942344276,471.645661686917,472.44564399503554,473.6431337634906,474.848930813876,475.65350849937795
paper,small,2018-12-31,2020Q1,6,DEFL,474.25374129018513,473.1080108856083,1.1457304045768524,471.71846654135265,472.74839594424225,474.24125238861626,475.7681579481779,476.7785581399932
paper,small,2018-12-31,2020Q2,7,DEFL,474.87557674082575,472.73258698908967,2.1429897517360814,471.7928213799085,473.0311988669748,474.8705176269707,476.72968069552223,477.95616948807935
paper,small,2018-12-31,2020Q3,8,DEFL,475.49881248131356,473.59440300679853,1.9044094745150346,471.82963797773203,473.3186757271507,475.4929062887261,477.69834261136015,479.17600803951376
paper,small,2018-12-31,2018Q4,1,FFR,2.133275384972154,2.22,-0.08672461502784623,0.8525753452447979,1.3706427021532488,2.1292145769351865,2.909420078354125,3.4095223006470796
paper,small,2018-12-31,2019Q1,2,FFR,2.2112440886785816,2.4033333333333333,-0.19208924465475175,0.23288751742418184,1.0033931548414485,2.214136165780636,3.4054961574472844,4.19596089346104
paper,small,2018-12-31,2019Q2,3,FFR,2.2847389533137057,2.3966666666666665,-0.11192771335296081,-0.1624423003687883,0.7908862069828948,2.2834648898828096,3.7768271745400424,4.7550177932390545
paper,small,2018-12-31,2019Q3,4,FFR,2.415969816347232,2.19,0.22596981634723212,-0.4387224953055771,0.6807779884459693,2.419532577136942,4.141888796262903,5.271294520271217
paper,small,2018-12-31,2019Q4,5,FFR,2.510560795536499,1.6433333333333333,0.8672274622031655,-0.6813041191923526,0.5573804095493557,2.5038072921276346,4.462222834066441,5.7480961977900495
paper,small,2018-12-31,2020Q1,6,FFR,2.564866791471628,1.26,1.304866791471628,-0.984005053535982,0.42105686499047945,2.567051258823602,4.695798781363488,6.162138137266081
paper,small,2018-12-31,2020Q2,7,FFR,2.6161919783900887,0.06,2.5561919783900886,-1.220564464982701,0.3100940305711814,2.6191262264960873,4.917276779937441,6.465218319157994
paper,small,2018-12-31,2020Q3,8,FFR,2.6760627277065256,0.09333333333333334,2.5827293943731924,-1.4793554459672322,0.21506938273091036,2.6812848340710156,5.129056556812263,6.797138865353868
paper,small,2018-12-31,2018Q4,1,GDP,984.1210786517465,983.8081508542731,0.312927797473435,982.815337395504,983.3373398764021,984.1211629291497,984.9092455425737,985.4170171247333
paper,small,2018-12-31,2019Q1,2,GDP,984.7067959079712,984.3493940965847,0.35740181138658045,982.6710849048053,983.4690772963694,984.6935651088935,985.9436811308278,986.7614513315206
paper,small,2018-12-31,2019Q2,3,GDP,985.3343222111124,985.0201484419601,0.31417376915226214,982.5836322108247,983.6672336421432,985.3192804600611,987.0168991710881,988.1159585803512
paper,small,2018-12-31,2019Q3,4,GDP,985.9712393594361,985.9061780536628,0.06506130577338354,982.6117935773384,983.9136235937904,985.9472981691531,988.0241592299066,989.3847662541291
paper,small,2018-12-31,2019Q4,5,GDP,986.5967888708187,986.3482463840766,0.24854248674216706,982.6291957349192,984.1841537684224,986.5878773499785,988.9838316943705,990.6217773007346
paper,small,2018-12-31,2020Q1,6,GDP,987.2123470099752,985.1661326692149,2.0462143407603435,982.715875772213,984.4657268777073,987.2001327575513,989.9204291892602,991.8103057687343
paper,small,2018-12-31,2020Q2,7,GDP,987.8301506450576,976.3001287902925,11.530021854765096,982.887413162369,984.8116700966592,987.8155948217205,990.8040171906467,992.8608012110832
paper,small,2018-12-31,2020Q3,8,GDP,988.4525234590279,983.8614041962527,4.591119262775237,983.1088782896019,985.1756873456118,988.4118712553225,991.704955482937,993.9353357629248
paper,small,2019-03-31,2019Q1,1,DEFL,471.6657513622358,471.4580490171198,0.20770234511604713,471.251883099357,471.41620274790625,471.66579091602,471.9176163869478,472.0831317977414
paper,small,2019-03-31,2019Q2,2,DEFL,472.2284533315635,472.01403804243495,0.2144152891285671,471.4781790827014,471.7859498106375,472.23064012653623,472.6754779292025,472.96204242745705
paper,small,2019-03-31,2019Q3,3,DEFL,472.7596921127585,472.33975673527414,0.4199353774843644,471.6343975941035,472.0899789858153,472.76719668498174,473.4266750841013,473.86535941180716
paper,small,2019-03-31,2019Q4,4,DEFL,473.30709096052414,472.70603314659263,0.6010578139315044,471.76884531313203,472.3876634561758,473.31625166024685,474.2261819540707,474.8203388325246
paper,small,2019-03-31,2020Q1,5,DEFL,473.867629191788,473.1080108856083,0.7596183061797319,471.85741739744276,472.6496735819618,473.8765333807843,475.0727096034841,475.85935375368075
paper,small,2019-03-31,2020Q2,6,DEFL,474.4285663896652,472.73258698908967,1.6959794005755384,471.8924470675565,472.89390550540793,474.4510082634828,475.9393962852798,476.9331148102492
paper,small,2019-03-31,2020Q3,7,DEFL,474.9983580657514,473.59440300679853,1.4039550589528744,471.91096952729805,473.1234380983901,475.0232441508968,476.84793665279096,478.02537742507934
paper,small,2019-03-31,2020Q4,8,DEFL,475.57342792760505,474.2250274536357,1.3484004739693773,471.93453100228544,473.35300124627963,475.59142733627124,477.76685515427374,479.1623355167305
paper,small,2019-03-31,2019Q1,1,FFR,2.2249014123025037,2.4033333333333333,-0.1784319210308296,0.9606189475397793,1.4616298680147457,2.2222660623127446,2.9973374428622104,3.505432402223731
paper,small,2019-03-31,2019Q2,2,FFR,2.172787526695874,2.3966666666666665,-0.22387913997079245,0.19982178172944826,0.9751538896652533,2.1695147102077685,3.359031041656441,4.17802851056089
paper,small,2019-03-31,2019Q3,3,FFR,2.2633732717373416,2.19,0.07337327173734165,-0.1781729997706141,0.7765933779004801,2.260157926731191,3.730186289903688,4.741600936825756
paper,small,2019-03-31,2019Q4,4,FFR,2.3661817870241633,1.6433333333333333,0.72284845369083,-0.5057599707974199,0.6121505834059334,2.36674941512507,4.115862616948572,5.264401764080832
paper,small,2019-03-31,2020Q1,5,FFR,2.4077526920171013,1.26,1.1477526920171013,-0.853409415269473,0.414595118729381,2.4252990668346754,4.370235829866093,5.648227742773498
paper,small,2019-03-31,2020Q2,6,FFR,2.4571945227474044,0.06,2.3971945227474043,-1.1148749865909808,0.2772998208610516,2.460046593253449,4.5979827462249725,6.039784858969236
paper,small,2019-03-31,2020Q3,7,FFR,2.5320453761852817,0.09333333333333334,2.4387120428519484,-1.3478525090073006,0.2219251975330133,2.5289900302899273,4.82537657584245,6.377827373887264
paper,small,2019-03-31,2020Q4,8,FFR,2.5918760274727846,0.09000000000000001,2.5018760274727847,-1.492132220597341,0.15611967404166757,2.6032735132853966,5.026156610934028,6.676609805193036
paper,small,2019-03-31,2019Q1,1,GDP,984.5197715528798,984.3493940965847,0.17037745629511392,983.2389459957549,983.735045503919,984.5179633849104,985.3011961864239,985.8076654952032
paper,small,2019-03-31,2019Q2,2,GDP,985.0681959246829,985.0201484419601,0.048047482722722634,983.0300044062166,983.8200096891396,985.0703251597197,986.310006886169,987.1121938176744
paper,small,2019-03-31,2019Q3,3,GDP,985.7052292552672,985.9061780536628,-0.2009487983955296,982.9555737097398,984.013656046687,985.7182254947754,987.3720402775962,988.4701379443338
paper,small,2019-03-31,2019Q4,4,GDP,986.346223618838,986.3482463840766,-0.002022765238507418,982.919600149818,984.3142631270965,986.3563794479842,988.3956871875971,989.7355723347074
paper,small,2019-03-31,2020Q1,5,GDP,986.972632360176,985.1661326692149,1.8064996909611182,982.988282849865,984.5680612204374,986.9913406543525,989.3569391734493,990.909024248997
paper,small,2019-03-31,2020Q2,6,GDP,987.6233584936016,976.3001287902925,11.323229703309039,983.106315804652,984.9334926902121,987.63258569607,990.3221945962415,992.0792705415025
paper,small,2019-03-31,2020Q3,7,GDP,988.2755329755021,983.8614041962527,4.414128779249381,983.3177189068942,985.2949116214356,988.2822288031451,991.2727380340816,993.1627687485474
paper,small,2019-03-31,2020Q4,8,GDP,988.921825812843,984.8200081508296,4.101817662013445,983.5466827276497,985.6667440343415,988.944771506526,992.1705376702258,994.2600678571815
paper,small,2019-06-30,2019Q2,1,DEFL,471.70008092941623,472.01403804243495,-0.3139571130187164,471.2759689234627,471.4450649064569,471.7021885750776,471.9543551613155,472.12418476991564
paper,small,2019-06-30,2019Q3,2,DEFL,472.07305264556084,472.33975673527414,-0.2667040897133006,471.3154699858031,471.6198227651687,472.07457428233977,472.5242236895844,472.8198639571188
paper,small,2019-06-30,2019Q4,3,DEFL,472.45566961279235,472.70603314659263,-0.2503635338002823,471.3195821632926,471.77646039608646,472.4594904609995,473.12989372233113,473.5612613536514
paper,small,2019-06-30,2020Q1,4,DEFL,472.8332370281091,473.1080108856083,-0.27477385749915584,471.284584969442,471.9047570367496,472.84189251775865,473.7620300564918,474.3513637132368
paper,small,2019-06-30,2020Q2,5,DEFL,473.2357889918252,472.73258698908967,0.5032020027355202,471.21821880625856,472.0156231549446,473.24293017666525,474.4560314426461,475.2297020459328
paper,small,2019-06-30,2020Q3,6,DEFL,473.63709678736683,473.59440300679853,0.042693780568299644,471.10465237759547,472.1083190685216,473.65699439912714,475.17878555684734,476.1278939644224
paper,small,2019-06-30,2020Q4,7,DEFL,474.05432657600716,474.2250274536357,-0.17070087762851927,470.9503683961079,472.19967431564567,474.06754235490945,475.91503279708775,477.0779328518838
paper,small,2019-06-30,2021Q1,8,DEFL,474.48128532773575,475.4624139156429,-0.9811285879071647,470.81980013394025,472.26648703782485,474.48540855536623,476.6829927427555,478.08255512164294
paper,small,2019-06-30,2019Q2,1,FFR,2.3043903642316885,2.3966666666666665,-0.09227630243497797,1.0423347155314295,1.5265696171104939,2.312628142562601,3.069851619504232,3.5798230519771574
paper,small,2019-06-30,2019Q3,2,FFR,2.1842721432551344,2.19,-0.005727856744865534,0.20319860119473254,0.9918002844698786,2.1865199041648573,3.3699393137546365,4.163408391473109
paper,small,2019-06-30,2019Q4,3,FFR,2.199722025403169,1.6433333333333333,0.5563886920698355,-0.24206412902888622,0.7133409195558816,2.191599638381579,3.6898800348994443,4.653164401510137
paper,small,2019-06-30,2020Q1,4,FFR,2.23971716016436,1.26,0.9797171601643602,-0.6304716562955005,0.5040739266975293,2.2353165669366177,3.952929468029778,5.145338274969712
paper,small,2019-06-30,2020Q2,5,FFR,2.229719373052538,0.06,2.169719373052538,-1.0140721887561859,0.2546196592600737,2.241496331774674,4.17897138318799,5.476605324055644
paper,small,2019-06-30,2020Q3,6,FFR,2.251590283115175,0.09333333333333334,2.158256949781842,-1.3025774277155953,0.09666144369004007,2.2667708894362475,4.398788854349686,5.836972930226709
paper,small,2019-06-30,2020Q4,7,FFR,2.3003846834475246,0.09000000000000001,2.2103846834475247,-1.5348056462880773,0.015096393013538044,2.312974326462051,4.586802146097081,6.123140599706523
paper,small,2019-06-30,2021Q1,8,FFR,2.3357976840698407,0.08,2.2557976840698406,-1.7846184386761026,-0.06519679037416831,2.3444313135980783,4.755171800713354,6.409730701138852
paper,small,2019-06-30,2019Q2,1,GDP,985.2848106922096,985.0201484419601,0.2646622502494438,984.0047331133052,984.5135234924372,985.277997280232,986.0691565223874,986.5841174196437
paper,small,2019-06-30,2019Q3,2,GDP,985.8535742650887,985.9061780536628,-0.05260378857406067,983.8006847420701,984.6169401540278,985.8472229550568,987.1088157235176,987.9152671063017
paper,small,2019-06-30,2019Q4,3,GDP,986.5182354630828,986.3482463840766,0.16998907900619997,983.7405799206322,984.8620578444298,986.5094611133759,988.1830577951678,989.2782059161285
paper,small,2019-06-30,2020Q1,4,GDP,987.2186258290725,985.1661326692149,2.0524931598575904,983.8385020611049,985.1689981958987,987.2141942051226,989.2634075685908,990.6390339347847
paper,small,2019-06-30,2020Q2,5,GDP,987.9118870013384,976.3001287902925,11.611758211045867,983.9054838725617,985.518319251031,987.9170425626073,990.3054645060803,991.9108266632605
paper,small,2019-06-30,2020Q3,6,GDP,988.609774076182,983.8614041962527,4.748369879929328,984.0801300759655,985.9150856961855,988.6321971567029,991.3001577253206,993.1081315600533
paper,small,2019-06-30,2020Q4,7,GDP,989.3144041773716,984.8200081508296,4.494396026541949,984.3430039857187,986.3364936218064,989.340391987366,992.2723311083006,994.2928161189136
paper,small,2019-06-30,2021Q1,8,GDP,990.0003647848619,986.3510201204363,3.6493446644255982,984.6133988320618,986.7463514088291,990.028414933596,993.2187526108349,995.3893370644769
paper,small,2019-09-30,2019Q3,1,DEFL,472.5083540744715,472.33975673527414,0.16859733919739028,472.08908399102154,472.25565987994,472.5087234751261,472.75948065075016,472.9255148082362
paper,small,2019-09-30,2019Q4,2,DEFL,472.9973549431461,472.70603314659263,0.29132179655346135,472.25868428296496,472.54983125771383,472.9949019053844,473.4474932033577,473.7394065936897
paper,small,2019-09-30,2020Q1,3,DEFL,473.492722400802,473.1080108856083,0.3847115151937146,472.39342208104455,472.81905533291,473.4908232440718,474.16699176122944,474.60669337217576
paper,small,2019-09-30,2020Q2,4,DEFL,474.02064975266484,472.73258698908967,1.2880627635751694,472.49399702860387,473.09233520386573,474.01934325717633,474.9456578106136,475.5590236985297
paper,small,2019-09-30,2020Q3,5,DEFL,474.54108055964707,473.59440300679853,0.9466775528485414,472.5480321293199,473.3376404111704,474.54203064379107,475.7501522234222,476.5527419517372
paper,small,2019-09-30,2020Q4,6,DEFL,475.07191867904316,474.2250274536357,0.8468912254074894,472.571770478176,473.5676918098731,475.06062592320916,476.58895648020814,477.61325609398085
paper,small,2019-09-30,2021Q1,7,DEFL,475.60926910064796,475.4624139156429,0.14685518500505168,472.5604409451274,473.7642656316784,475.6028120214319,477.4439089309915,478.71118734955473
paper,small,2019-09-30,2021Q2,8,DEFL,476.15307830037847,477.0023388948485,-0.8492605944700244,472.53883769295817,473.9525444063552,476.1515843175233,478.353400843383,479.8205105827465
paper,small,2019-09-30,2019Q3,1,FFR,2.335190043145463,2.19,0.14519004314546313,1.0852163783165991,1.579359902336031,2.3330123605311712,3.094236101591539,3.5905196077712414
paper,small,2019-09-30,2019Q4,2,FFR,2.4420740767207767,1.6433333333333333,0.7987407433874434,0.49923203776561287,1.2516795583334384,2.4423952743880695,3.611099097848431,4.406977716868561
paper,small,2019-09-30,2020Q1,3,FFR,2.537306299030175,1.26,1.277306299030175,0.12024785291552813,1.0724494498715382,2.537127922174778,3.994945951578129,4.969991189621292
paper,small,2019-09-30,2020Q2,4,FFR,2.5288621039285113,0.06,2.4688621039285112,-0.31056147086833813,0.8113748104207791,2.5431960499249753,4.236813136729869,5.376761415566001
paper,small,2019-09-30,2020Q3,5,FFR,2.5589424806985566,0.09333333333333334,2.4656091473652233,-0.7055677508586248,0.6477891980171567,2.556889847211004,4.496880961211314,5.776323261571155
paper,small,2019-09-30,2020Q4,6,FFR,2.6206011871610406,0.09000000000000001,2.5306011871610408,-0.9594492071203629,0.4956952620024661,2.6277670744948693,4.736284423207564,6.175232145501422
paper,small,2019-09-30,2021Q1,7,FFR,2.6683659775491386,0.08,2.5883659775491386,-1.1881469967274054,0.363653856439949,2.6684396699226327,4.987473702336549,6.508176505233759
paper,small,2019-09-30,2021Q2,8,FFR,2.6922859625840094,0.07,2.6222859625840096,-1.4213270173189099,0.22881787592614458,2.7062100191439273,5.188507939424755,6.758028426619527
paper,small,2019-09-30,2019Q3,1,GDP,985.8997728800474,985.9061780536628,-0.006405173615348758,984.629394896228,985.1270322764681,985.8987252874399,986.6725468052776,987.1795237747755
paper,small,2019-09-30,2019Q4,2,GDP,986.5692530833865,986.3482463840766,0.22100669930989625,984.5374193198274,985.3413381971499,986.5672859098026,987.789963907647,988.6097828517405
paper,small,2019-09-30,2020Q1,3,GDP,987.2373645073285,985.1661326692149,2.07123183811359,984.4580355898288,985.5816879288038,987.2505133807168,988.8752686838158,989.9772479471866
paper,small,2019-09-30,2020Q2,4,GDP,987.8662053242298,976.3001287902925,11.566076533937235,984.4188746416631,985.8179202813594,987.8684655887412,989.8915416443596,991.2668995003334
paper,small,2019-09-30,2020Q3,5,GDP,988.5175984370654,983.8614041962527,4.656194240812738,984.5421469285901,986.1381580058512,988.5229147802661,990.9076859936865,992.4666799865137
paper,small,2019-09-30,2020Q4,6,GDP,989.1707647198596,984.8200081508296,4.350756569029954,984.6720834429052,986.4754295078968,989.1996700304564,991.8860676695184,993.6126779838676
paper,small,2019-09-30,2021Q1,7,GDP,989.8327435553628,986.3510201204363,3.4817234349264936,984.8652625719642,986.8450010890114,989.8433813714041,992.8229684787997,994.7638236207192
paper,small,2019-09-30,2021Q2,8,GDP,990.4932106637885,988.0436302173482,2.4495804464403363,985.1320173257868,987.2572277202418,990.5118449341455,993.7524774770488,995.8717351959688
paper,small,2019-12-31,2019Q4,1,DEFL,472.89269749733813,472.70603314659263,0.18666435074550236,472.48185645955346,472.64193294690676,472.8917610490811,473.14526597440164,473.3073946271574
paper,small,2019-12-31,2020Q1,2,DEFL,473.3453136117279,473.1080108856083,0.23730272611959435,472.6077299251318,472.8990754392469,473.344300093785,473.7935263171159,474.0876198376534
paper,small,2019-12-31,2020Q2,3,DEFL,473.82967969381434,472.73258698908967,1.0970927047246732,472.72603518943276,473.16113285637215,473.8255579239113,474.4936471462626,474.9403660925001
paper,small,2019-12-31,2020Q3,4,DEFL,474.29664181415905,473.59440300679853,0.7022388073605157,472.79465542689627,473.39261658417644,474.2928625782969,475.2056025469355,475.82430530712065
paper,small,2019-12-31,2020Q4,5,DEFL,474.7785578376823,474.2250274536357,0.5535303840466099,472.7871133418823,473.5818412241804,474.77570422552793,475.97623362742985,476.79698416600905
paper,small,2019-12-31,2021Q1,6,DEFL,475.2705343246651,475.4624139156429,-0.1918795909778055,472.74564733061965,473.76704857620234,475.2682157152399,476.7753161067736,477.81411607648465
paper,small,2019-12-31,2021Q2,7,DEFL,475.77641252271627,477.0023388948485,-1.2259263721322213,472.708078609003,473.9420980259072,475.7644683675841,477.6231238050075,478.8438803585971
paper,small,2019-12-31,2021Q3,8,DEFL,476.28491209245703,478.5088858165736,-2.223973724116547,472.66097073770607,474.1067033841455,476.2686893700311,478.4776020539155,479.93265756223707
paper,small,2019-12-31,2019Q4,1,FFR,2.2484863738761907,1.6433333333333333,0.6051530405428573,1.001636901910231,1.4937968731707771,2.2450708738847416,2.9971554988306432,3.501252053071699
paper,small,2019-12-31,2020Q1,2,FFR,2.322156407877552,1.26,1.0621564078775518,0.3896849437776903,1.1487130703646358,2.323354206417415,3.49361272696146,4.259169565890763
paper,small,2019-12-31,2020Q2,3,FFR,2.2931591624538754,0.06,2.2331591624538754,-0.10782502275765761,0.8466764426505954,2.289225522830846,3.738836113981228,4.716767637931887
paper,small,2019-12-31,2020Q3,4,FFR,2.3078660123165675,0.09333333333333334,2.2145326789832342,-0.527271557837419,0.60977979421517,2.294223354740775,4.010707521228017,5.181513757615146
paper,small,2019-12-31,2020Q4,5,FFR,2.369670580155468,0.09000000000000001,2.279670580155468,-0.8793708501735825,0.447911473464377,2.360668738088238,4.321510852130297,5.599965542749782
paper,small,2019-12-31,2021Q1,6,FFR,2.417975685185555,0.08,2.337975685185555,-1.1597773133559444,0.2982770176370822,2.424173418534573,4.562806785695365,5.9547921967644335
paper,small,2019-12-31,2021Q2,7,FFR,2.4651380917489027,0.07,2.395138091748903,-1.336184511243169,0.1932661116676001,2.459923974021174,4.7500647026460525,6.30533436553341
paper,small,2019-12-31,2021Q3,8,FFR,2.5160081254516085,0.09000000000000001,2.4260081254516086,-1.5659066588230088,0.07126990708756371,2.522019115070713,4.9340587992144656,6.5909214583645985
paper,small,2019-12-31,2019Q4,1,GDP,986.5042372014091,986.3482463840766,0.1559908173325084,985.2341771273517,985.7379402124064,986.5051516682654,987.2702844464912,987.7691511706496
paper,small,2019-12-31,2020Q1,2,GDP,987.1769231472649,985.1661326692149,2.010790478050012,985.1739620157003,985.9562961940271,987.1771471920675,988.3965680967385,989.198374610838
paper,small,2019-12-31,2020Q2,3,GDP,987.8386730670778,976.3001287902925,11.538544276785274,985.1441756561245,986.1941805013746,987.829118943494,989.474121093387,990.5825066267462
paper,small,2019-12-31,2020Q3,4,GDP,988.5159626446401,983.8614041962527,4.654558448387434,985.2063892018245,986.5093266716975,988.5163586060838,990.5378848842001,991.8427415391683
paper,small,2019-12-31,2020Q4,5,GDP,989.201021375679,984.8200081508296,4.381013224849426,985.3328216677432,986.8504639673752,989.1847074277006,991.5648738065453,993.1005521066244
paper,small,2019-12-31,2021Q1,6,GDP,989.8798335556575,986.3510201204363,3.5288134352211955,985.4460801905736,987.2021956576339,989.8721535308864,992.5550193533612,994.2962546973895
paper,small,2019-12-31,2021Q2,7,GDP,990.5708548789419,988.0436302173482,2.5272246615936638,985.6263297210768,987.6212356204697,990.5769662210771,993.5147097696254,995.4418636589621
paper,small,2019-12-31,2021Q3,8,GDP,991.2563865790304,988.6981778641465,2.5582087148839037,985.9403835968276,988.041087171909,991.248528266033,994.4515569726005,996.519651479524
