strategy,model_size,forecast_origin,target_quarter,horizon_quarters,variable,mean,actual,error,p05,p16,median,p84,p95
mango_rmse,medium,2000-03-31,2000Q1,1,CONS,872.6062144098603,905.3176373327199,-32.71142292285958,871.2967061017491,871.8104163592579,872.5709990693043,873.4260893476757,873.9559676301243
mango_rmse,medium,2000-03-31,2000Q2,2,CONS,873.5756610548164,906.2470675410377,-32.67140648622137,871.6457196830993,872.3935308005829,873.5504578080377,874.8204792655652,875.5966795108649
mango_rmse,medium,2000-03-31,2000Q3,3,CONS,874.5247922427407,907.2005920251266,-32.67579978238598,872.0939600928768,873.0017010825944,874.5326241310463,876.0588663359553,877.0163382648867
mango_rmse,medium,2000-03-31,2000Q4,4,CONS,875.5081682978953,908.0704809313119,-32.56231263341658,872.6006354149067,873.7326526889439,875.5290998044466,877.277339820771,878.3325123176993
mango_rmse,medium,2000-03-31,2001Q1,5,CONS,876.4726818382028,908.4325119413213,-31.95983010311852,872.9941339045162,874.4129077200412,876.502982624818,878.4789223484901,879.6242754742191
mango_rmse,medium,2000-03-31,2001Q2,6,CONS,877.4315835257432,908.6332175148394,-31.201633989096194,873.6147999571327,875.1619104207813,877.481773653165,879.7026937822249,881.0101111241106
mango_rmse,medium,2000-03-31,2001Q3,7,CONS,878.3566069668553,908.9805866997402,-30.62397973288489,874.2261125262652,875.8217545885873,878.4064762172668,880.9320767568332,882.3698741426953
mango_rmse,medium,2000-03-31,2001Q4,8,CONS,879.2894998627231,910.5812176510452,-31.291717788322103,874.5657684475435,876.5151639104041,879.3168922222455,881.9946047176883,883.6932358526873
mango_rmse,medium,2000-03-31,2000Q1,1,DEFL,466.0373782154438,434.80173185711334,31.235646358330484,465.59432052226555,465.76824687110076,466.0377927319108,466.3160831290027,466.48876403280224
mango_rmse,medium,2000-03-31,2000Q2,2,DEFL,466.47701871124843,435.4231401429961,31.053878568252344,465.67623448432767,465.9945455850305,466.47954153196247,466.963618299002,467.2923423287114
mango_rmse,medium,2000-03-31,2000Q3,3,DEFL,466.94971254978867,436.0074949806811,30.942217569107584,465.7665250415371,466.2173675592752,466.94830203096785,467.68709274015055,468.1500718238391
mango_rmse,medium,2000-03-31,2000Q4,4,DEFL,467.43521911037175,436.5490666033782,30.88615250699354,465.8523008619005,466.4498295069291,467.45433705162304,468.4219736347844,469.069411836816
mango_rmse,medium,2000-03-31,2001Q1,5,DEFL,467.9389583678945,437.2026802595548,30.73627810833966,465.84665348287587,466.62260008129397,467.93538240467524,469.21945841117935,470.04346900955915
mango_rmse,medium,2000-03-31,2001Q2,6,DEFL,468.4449944155161,437.8056263169986,30.63936809851748,465.81765803560194,466.8458323587859,468.4771098770476,470.03666744406377,471.01609060500596
mango_rmse,medium,2000-03-31,2001Q3,7,DEFL,468.9667433843962,438.197663342384,30.769080042012206,465.82711464239793,467.03275054773735,468.9853458003687,470.9124687763649,472.1644655678434
mango_rmse,medium,2000-03-31,2001Q4,8,DEFL,469.49307431412484,438.50844547731197,30.984628836812874,465.75495697757515,467.20806287688197,469.5204533117435,471.71576039816716,473.2594127710646
mango_rmse,medium,2000-03-31,2000Q1,1,FFR,5.399382766556236,5.676666666666667,-0.27728390011043036,3.728676520958833,4.44059663174174,5.411856857296865,6.372209622730461,7.031720235606518
mango_rmse,medium,2000-03-31,2000Q2,2,FFR,5.537176585121595,6.273333333333333,-0.7361567482117382,3.157248076895661,4.099952008940391,5.538628708780163,6.937316538004204,7.890556189377935
mango_rmse,medium,2000-03-31,2000Q3,3,FFR,5.627329465475649,6.52,-0.8926705345243509,2.791752556550117,3.900996847354032,5.570224954214256,7.3516681281468665,8.447604184525918
mango_rmse,medium,2000-03-31,2000Q4,4,FFR,5.706655875206269,6.473333333333334,-0.7666774581270648,2.4004928184746492,3.6804053625464537,5.752427263196315,7.66587890188336,9.037625733035973
mango_rmse,medium,2000-03-31,2001Q1,5,FFR,5.76795120930928,5.593333333333334,0.17461787597594647,2.1628282533418317,3.6224885277642875,5.7736180390149165,7.8652573064474876,9.296897593674183
mango_rmse,medium,2000-03-31,2001Q2,6,FFR,5.846969131820159,4.326666666666667,1.5203024651534918,1.930623181563969,3.487524277204879,5.890509884150958,8.08871072954712,9.582404863192181
mango_rmse,medium,2000-03-31,2001Q3,7,FFR,5.843058835641887,3.4966666666666666,2.3463921689752207,1.652099212386974,3.300546136713406,5.894763786664852,8.270160411660926,9.870214114531548
mango_rmse,medium,2000-03-31,2001Q4,8,FFR,5.892460979059773,2.1333333333333333,3.7591276457264393,1.3934552205335193,3.23585472868332,5.961593086324627,8.423490342262241,10.085358696874216
mango_rmse,medium,2000-03-31,2000Q1,1,GDP,911.9125306877631,946.771157645587,-34.858626957823844,910.471754934648,911.0608193584609,911.9408678156838,912.7233822034257,913.3058221743053
mango_rmse,medium,2000-03-31,2000Q2,2,GDP,912.9006468659203,948.5753664798251,-35.67471961390481,910.848578652325,911.670360020652,912.8766032105207,914.187019298946,914.9983105837881
mango_rmse,medium,2000-03-31,2000Q3,3,GDP,913.8673969375028,948.6750908667843,-34.80769392928153,911.2982287547447,912.3329233259369,913.8318483188832,915.4526023034058,916.3942653720965
mango_rmse,medium,2000-03-31,2000Q4,4,GDP,914.8120188798066,949.2676932603196,-34.45567438051296,911.735230136859,912.9932057903146,914.7802232367051,916.6422086362153,917.8350951067055
mango_rmse,medium,2000-03-31,2001Q1,5,GDP,915.7783974187641,948.9429455219695,-33.164548103205334,912.3983462039854,913.740554077527,915.7500046550188,917.8564989518675,919.2042643738201
mango_rmse,medium,2000-03-31,2001Q2,6,GDP,916.7327386979604,949.5624120747524,-32.829673376792016,912.804028277431,914.4441959763915,916.7135557175538,919.0063683674015,920.59026206746
mango_rmse,medium,2000-03-31,2001Q3,7,GDP,917.655159296898,949.1612595166631,-31.50610021976513,913.4518257251551,915.1680381196164,917.6227288145501,920.1985084720462,921.9378993160761
mango_rmse,medium,2000-03-31,2001Q4,8,GDP,918.5682097397445,949.4381900682963,-30.869980328551833,913.9132896632295,915.8040078926717,918.5701175025592,921.3532073724675,923.1798961206206
mango_rmse,medium,2000-03-31,2000Q1,1,HOURS,479.21496069121685,464.62929352770965,14.585667163507196,477.91955372910695,478.40757848224223,479.21614864752837,479.9971723767299,480.53065323773944
mango_rmse,medium,2000-03-31,2000Q2,2,HOURS,479.9193067066566,464.9158362858808,15.003470420775784,477.9126520200171,478.6971139189273,479.9168576830259,481.125309509229,481.96338649698424
mango_rmse,medium,2000-03-31,2000Q3,3,HOURS,480.59672105998084,464.8794649920018,15.717256067979065,478.0696293370619,479.0398518877535,480.6132436683158,482.0752776261656,483.25598413364787
mango_rmse,medium,2000-03-31,2000Q4,4,HOURS,481.26616176720677,464.5390399474456,16.72712181976118,478.311358163722,479.4636584091196,481.2505216988909,483.05747828217903,484.30062667289474
mango_rmse,medium,2000-03-31,2001Q1,5,HOURS,481.9297539056216,464.48138865926427,17.448365246357355,478.6381045754253,479.92545053692237,481.90439311540456,483.9196132176088,485.23723214768205
mango_rmse,medium,2000-03-31,2001Q2,6,HOURS,482.5670181240659,463.52240113165556,19.04461699241034,478.86936679861356,480.4125179302063,482.5150900881036,484.8267803167422,486.2733426463508
mango_rmse,medium,2000-03-31,2001Q3,7,HOURS,483.2318918352596,462.2744843004602,20.957407534799415,479.1027151209768,480.80256083264584,483.20007145083633,485.60441984110645,487.35666020918063
mango_rmse,medium,2000-03-31,2001Q4,8,HOURS,483.8686151868099,461.1539856495769,22.71462953723301,479.53641581419555,481.20580924450326,483.859351399734,486.4792661289739,488.14864743710257
mango_rmse,medium,2000-03-31,2000Q1,1,INV,745.5410757930105,772.1840069847244,-26.642931191713956,737.2065585936143,740.2273554146888,745.5883267405511,750.6679853242795,754.3832160330223
mango_rmse,medium,2000-03-31,2000Q2,2,INV,747.4921280730913,777.9355292465062,-30.44340117341494,735.4200671155053,740.0721049913233,747.6091053034265,754.9988979296764,759.9201005548672
mango_rmse,medium,2000-03-31,2000Q3,3,INV,749.3822965859778,776.94943611584,-27.567139529862175,733.686624819087,740.114786183902,749.6575394744972,758.5263098942542,764.8749627838079
mango_rmse,medium,2000-03-31,2000Q4,4,INV,751.2709332076099,777.1408234109886,-25.869890203378645,733.0317001739845,740.4537833292076,751.4294643251342,761.4879675275404,769.3422269836134
mango_rmse,medium,2000-03-31,2001Q1,5,INV,753.0742158650792,772.4977657957813,-19.423549930702166,731.9136677279579,741.3540851279732,753.2863607783927,765.2867099748429,773.7610191843524
mango_rmse,medium,2000-03-31,2001Q2,6,INV,754.7605986773733,772.6403633592433,-17.87976468187003,731.186353059731,741.0431685217006,754.9373607382831,768.4647885313321,777.3620953240568
mango_rmse,medium,2000-03-31,2001Q3,7,INV,756.3554710871159,770.4527970950121,-14.097326007896186,731.1485727029556,741.5256397965788,756.4405935620439,771.5315298599131,780.4903342136018
mango_rmse,medium,2000-03-31,2001Q4,8,INV,758.116770432721,765.3732073186615,-7.256436885940502,730.672763318888,741.9664689977021,757.9903548856752,774.7148322911287,785.0465134278776
mango_rmse,medium,2000-03-31,2000Q1,1,WAGE,468.2002328128166,452.8882917815972,15.311941031219362,467.1213142425997,467.55296217766636,468.1907964847515,468.85212656662657,469.3055580890556
mango_rmse,medium,2000-03-31,2000Q2,2,WAGE,468.4633516443921,452.3580448948137,16.105306749578403,466.82697671529354,467.4763734075092,468.44490891619216,469.42814590898433,470.07303150793723
mango_rmse,medium,2000-03-31,2000Q3,3,WAGE,468.7220297902868,453.3781589900438,15.343870800242996,466.6272344246065,467.52800920138526,468.7076176980353,469.95127540178197,470.78989290857146
mango_rmse,medium,2000-03-31,2000Q4,4,WAGE,468.9648756658548,453.23951712056794,15.725358545286838,466.556309826181,467.5168191609366,468.9760080208536,470.4351820459362,471.36233417863673
mango_rmse,medium,2000-03-31,2001Q1,5,WAGE,469.22455339206726,454.5048562646711,14.71969712739616,466.5073537461862,467.55679367581234,469.2160109808865,470.935130407683,471.97147354414295
mango_rmse,medium,2000-03-31,2001Q2,6,WAGE,469.48966048224935,454.1708418276762,15.318818654573136,466.43267698641176,467.6420865573726,469.4951523035103,471.3386343647038,472.60810448607174
mango_rmse,medium,2000-03-31,2001Q3,7,WAGE,469.7294526893704,454.0471652049154,15.682287484455003,466.4623457532159,467.70571181432257,469.68874256341,471.7165514852138,473.2174315946118
mango_rmse,medium,2000-03-31,2001Q4,8,WAGE,469.98492750583387,455.048166063729,14.936761442104853,466.41073938991065,467.8180403434589,469.91814183417114,472.1900358958417,473.6842418119854
mango_rmse,medium,2000-06-30,2000Q2,1,CONS,874.5120564567812,906.2470675410377,-31.735011084256485,873.2087289015659,873.7178698184806,874.5073083432126,875.3143515875479,875.8285762859247
mango_rmse,medium,2000-06-30,2000Q3,2,CONS,875.4723467205097,907.2005920251266,-31.728245304616962,873.5121708417751,874.3108881051494,875.4676270381538,876.6617455493404,877.4826432037894
mango_rmse,medium,2000-06-30,2000Q4,3,CONS,876.4092764487685,908.0704809313119,-31.661204482543326,873.965872527193,874.9267439620418,876.4350459070453,877.925899760318,878.8541920276253
mango_rmse,medium,2000-06-30,2001Q1,4,CONS,877.3772143962537,908.4325119413213,-31.05529754506756,874.6083818055545,875.6531511941457,877.3310646498686,879.1513972463812,880.3383230838471
mango_rmse,medium,2000-06-30,2001Q2,5,CONS,878.3042716960094,908.6332175148394,-30.328945818829993,875.0792876372678,876.2753877205275,878.2947599645854,880.3361413402741,881.7802587749677
mango_rmse,medium,2000-06-30,2001Q3,6,CONS,879.2595309272585,908.9805866997402,-29.72105577248169,875.6222061067374,876.9783293716484,879.2416867035524,881.4954999687383,883.158670341799
mango_rmse,medium,2000-06-30,2001Q4,7,CONS,880.1662370010657,910.5812176510452,-30.414980649979498,876.0712003539403,877.6828769618384,880.1103595805539,882.6367190552669,884.4753117592995
mango_rmse,medium,2000-06-30,2002Q1,8,CONS,881.0895001942822,910.8036070224157,-29.71410682813348,876.6272069262423,878.4194900552112,880.9771192394974,883.7933747193684,885.8442622930197
mango_rmse,medium,2000-06-30,2000Q2,1,DEFL,466.9259642340478,435.4231401429961,31.502824091051707,466.4379024360536,466.6415323793742,466.92550831461836,467.2196127491092,467.4161046549117
mango_rmse,medium,2000-06-30,2000Q3,2,DEFL,467.56644189894513,436.0074949806811,31.55894691826404,466.72569739549414,467.0680935635359,467.5705460625783,468.0659156849681,468.41678198700583
mango_rmse,medium,2000-06-30,2000Q4,3,DEFL,468.25185712460427,436.5490666033782,31.702790521226063,466.98619040744023,467.51387262020216,468.24687708647093,468.99481152778816,469.5326821505366
mango_rmse,medium,2000-06-30,2001Q1,4,DEFL,468.9447143784963,437.2026802595548,31.74203411894149,467.28537442415427,467.9068807619408,468.9330341236555,469.9674433169956,470.6555204114678
mango_rmse,medium,2000-06-30,2001Q2,5,DEFL,469.6565110812077,437.8056263169986,31.850884764209127,467.44233378750494,468.31550540502894,469.64735788759685,471.03319949936105,471.88135750142993
mango_rmse,medium,2000-06-30,2001Q3,6,DEFL,470.3840535203969,438.197663342384,32.186390178012914,467.6006560967422,468.69406404057855,470.38219969301156,472.0643516454561,473.2021030591843
mango_rmse,medium,2000-06-30,2001Q4,7,DEFL,471.1308208495604,438.50844547731197,32.62237537224843,467.77690084302486,469.1098078330384,471.1331932920723,473.1958984647069,474.5708215634573
mango_rmse,medium,2000-06-30,2002Q1,8,DEFL,471.90129706170575,438.83068726310324,33.070609798602504,467.85878037624167,469.5044547783699,471.91566294263487,474.2668164613686,475.9412588004039
mango_rmse,medium,2000-06-30,2000Q2,1,FFR,5.921639555466634,6.273333333333333,-0.3516937778666991,4.3782284290329905,4.982223022771011,5.900200221499264,6.883630393888709,7.485649413657271
mango_rmse,medium,2000-06-30,2000Q3,2,FFR,6.148010338011747,6.52,-0.3719896619882528,3.892560986144512,4.78838301905511,6.166034391816954,7.497195403981056,8.406107121429484
mango_rmse,medium,2000-06-30,2000Q4,3,FFR,6.283292305364897,6.473333333333334,-0.19004102796843636,3.6109761466323502,4.650501511271938,6.259604058209,7.933892034810808,9.05735574257666
mango_rmse,medium,2000-06-30,2001Q1,4,FFR,6.411801132922652,5.593333333333334,0.8184677995893184,3.292248755448179,4.584983976573054,6.37963221934406,8.275592150730231,9.689960327163147
mango_rmse,medium,2000-06-30,2001Q2,5,FFR,6.578427268470463,4.326666666666667,2.251760601803796,3.0442122671950425,4.495067623391257,6.538036268668407,8.683994634090048,10.176373399030313
mango_rmse,medium,2000-06-30,2001Q3,6,FFR,6.679297408392015,3.4966666666666666,3.1826307417253488,2.9057188186665344,4.431341956977722,6.607207880143294,8.99227952712788,10.567565192289418
mango_rmse,medium,2000-06-30,2001Q4,7,FFR,6.800107133383079,2.1333333333333333,4.6667738000497465,2.8053721652999597,4.3935025607086144,6.787329789122096,9.250534591502538,10.79340299794318
mango_rmse,medium,2000-06-30,2002Q1,8,FFR,6.863134646730227,1.7333333333333334,5.129801313396894,2.4749001494753533,4.317634495471128,6.9649607240173985,9.27935391425064,11.058788811584186
mango_rmse,medium,2000-06-30,2000Q2,1,GDP,913.331808296786,948.5753664798251,-35.24355818303911,911.7061763634485,912.4082197129372,913.3476051756065,914.2579514864952,914.8893956074202
mango_rmse,medium,2000-06-30,2000Q3,2,GDP,914.3455530875124,948.6750908667843,-34.32953777927196,912.1535483489134,912.9823275489998,914.3773308521052,915.7034263980495,916.5288249085193
mango_rmse,medium,2000-06-30,2000Q4,3,GDP,915.2983857458853,949.2676932603196,-33.96930751443426,912.6244181819847,913.6631765484362,915.2785862981289,916.9312831550593,918.0239503212111
mango_rmse,medium,2000-06-30,2001Q1,4,GDP,916.2631587339334,948.9429455219695,-32.67978678803604,913.0461497264407,914.3598990599919,916.2102631086948,918.2291089885564,919.5591586359405
mango_rmse,medium,2000-06-30,2001Q2,5,GDP,917.2277734025189,949.5624120747524,-32.334638672233496,913.5467840740686,915.0738349851641,917.2018929742117,919.4565458977852,920.9401799520617
mango_rmse,medium,2000-06-30,2001Q3,6,GDP,918.1468254034878,949.1612595166631,-31.014434113175298,914.0717135173396,915.66430860732,918.1340124111158,920.6134465866019,922.3188006385533
mango_rmse,medium,2000-06-30,2001Q4,7,GDP,919.0795711316956,949.4381900682963,-30.358618936600692,914.6130345286176,916.3999850188585,919.0159240768805,921.7872550079404,923.6068417014446
mango_rmse,medium,2000-06-30,2002Q1,8,GDP,919.9891425035726,950.2630063031164,-30.273863799543847,915.1522001442436,917.1710489204435,919.8783727120456,922.9098020248375,924.8880365928834
mango_rmse,medium,2000-06-30,2000Q2,1,HOURS,480.16612902626173,464.9158362858808,15.250292740380928,478.7482719947858,479.29967472481883,480.1570093081728,481.0464387510229,481.6832760051199
mango_rmse,medium,2000-06-30,2000Q3,2,HOURS,480.9214476222802,464.8794649920018,16.041982630278426,478.82715911247897,479.66156643149174,480.9244207664023,482.21388161479643,482.98245064985014
mango_rmse,medium,2000-06-30,2000Q4,3,HOURS,481.663190310806,464.5390399474456,17.1241503633604,479.0080803095778,480.01928878044924,481.6750903647362,483.2891044543475,484.35588920501186
mango_rmse,medium,2000-06-30,2001Q1,4,HOURS,482.3821410740272,464.48138865926427,17.900752414762906,479.13574124849595,480.47315778990145,482.43898590110643,484.28988495029427,485.59217111759034
mango_rmse,medium,2000-06-30,2001Q2,5,HOURS,483.0990850871959,463.52240113165556,19.576683955540318,479.4311439525226,480.99121185681247,483.0604874107005,485.28891057755504,486.63022849675815
mango_rmse,medium,2000-06-30,2001Q3,6,HOURS,483.76908964341874,462.2744843004602,21.49460534295855,479.6996778013081,481.3895092391305,483.7569841128552,486.1835124548506,487.76795104965277
mango_rmse,medium,2000-06-30,2001Q4,7,HOURS,484.4612980809941,461.1539856495769,23.307312431417188,480.1498610255534,481.8345397466436,484.40771230614564,486.99575906129104,488.75848439409043
mango_rmse,medium,2000-06-30,2002Q1,8,HOURS,485.1091787482969,460.304793560699,24.804385187597916,480.5224938095617,482.32589219588186,485.08700068275186,487.85255141327445,489.8006835643615
mango_rmse,medium,2000-06-30,2000Q2,1,INV,747.4480835623801,777.9355292465062,-30.4874456841261,739.0025404404369,742.2704670255746,747.4942552323873,752.5445350555087,756.0635924440599
mango_rmse,medium,2000-06-30,2000Q3,2,INV,749.4343943837594,776.94943611584,-27.51504173208059,736.8529270231222,742.1466703535638,749.6071321509646,756.884522922593,761.8644098147548
mango_rmse,medium,2000-06-30,2000Q4,3,INV,751.1971767749567,777.1408234109886,-25.943646636031872,736.5392710020601,742.2893052477937,751.4869981844063,760.3134105783679,766.0464453864852
mango_rmse,medium,2000-06-30,2001Q1,4,INV,753.1301010058565,772.4977657957813,-19.36766478992479,735.4600592966775,742.1501548292373,753.192349397422,763.929885474542,770.3499444381848
mango_rmse,medium,2000-06-30,2001Q2,5,INV,754.9342595101831,772.6403633592433,-17.70610384906024,734.3092349826181,742.777948133186,755.1248639638909,767.0457559491929,775.2743525596572
mango_rmse,medium,2000-06-30,2001Q3,6,INV,756.7499710932182,770.4527970950121,-13.702826001793937,733.8409514749674,743.3142525051088,757.1394060904759,769.6375630798536,778.7144303998798
mango_rmse,medium,2000-06-30,2001Q4,7,INV,758.5258023802461,765.3732073186615,-6.847404938415366,732.9650854463532,743.8750290103621,758.5242404224323,773.0438196599879,782.7915419881299
mango_rmse,medium,2000-06-30,2002Q1,8,INV,759.9493576804164,768.2808199922722,-8.33146231185583,732.6590837841651,744.0521495454817,760.2614037933591,775.8062049129705,786.0313855947729
mango_rmse,medium,2000-06-30,2000Q2,1,WAGE,468.45403437312183,452.3580448948137,16.095989478308127,467.4307990847865,467.8020492211788,468.4419973378619,469.0999276690493,469.5711811936145
mango_rmse,medium,2000-06-30,2000Q3,2,WAGE,468.6570998192379,453.3781589900438,15.278940829194084,467.08214513909604,467.7103232908359,468.626901101966,469.6397157187196,470.25145827547124
mango_rmse,medium,2000-06-30,2000Q4,3,WAGE,468.8577102272683,453.23951712056794,15.618193106700346,466.86085657889237,467.66759055016513,468.8634744413763,470.04659607295486,470.83563263857656
mango_rmse,medium,2000-06-30,2001Q1,4,WAGE,469.07388859696977,454.5048562646711,14.569032332298661,466.8086205102829,467.6962023617147,469.0622999114455,470.44613570515054,471.4271135963659
mango_rmse,medium,2000-06-30,2001Q2,5,WAGE,469.24300929240064,454.1708418276762,15.07216746472443,466.6720093235086,467.63911694130286,469.2116706036215,470.795501039741,471.77786055540395
mango_rmse,medium,2000-06-30,2001Q3,6,WAGE,469.4243088504783,454.0471652049154,15.37714364556291,466.57348401220963,467.6804027103101,469.4204663994958,471.1755390845289,472.2060122039194
mango_rmse,medium,2000-06-30,2001Q4,7,WAGE,469.59984603445895,455.048166063729,14.551679970729936,466.40202332045885,467.6899267975004,469.64368256163675,471.5041904090055,472.7561441626169
mango_rmse,medium,2000-06-30,2002Q1,8,WAGE,469.7766651186394,455.1706116118767,14.606053506762692,466.3228107916758,467.6803128083543,469.8317170244721,471.8073932491236,473.10671944301833
mango_rmse,medium,2000-09-30,2000Q3,1,CONS,875.1565535148566,907.2005920251266,-32.04403851027007,873.8074308961411,874.3520442629289,875.1857391375872,875.936318509875,876.4941500110507
mango_rmse,medium,2000-09-30,2000Q4,2,CONS,876.0854408592804,908.0704809313119,-31.98504007203144,874.2377873844493,874.9552274703728,876.073884291337,877.2106948658198,878.0035985336625
mango_rmse,medium,2000-09-30,2001Q1,3,CONS,876.9937553892954,908.4325119413213,-31.438756552025893,874.6200431691741,875.5663400177675,876.9928574872799,878.4279527880532,879.3948310149636
mango_rmse,medium,2000-09-30,2001Q2,4,CONS,877.9275903377505,908.6332175148394,-30.7056271770889,875.1092926733986,876.1873694223817,877.896764655816,879.652991127737,880.7509956893452
mango_rmse,medium,2000-09-30,2001Q3,5,CONS,878.8717638808281,908.9805866997402,-30.10882281891213,875.5883769720706,876.9017703229434,878.8550053178183,880.8822558039561,882.0873653120946
mango_rmse,medium,2000-09-30,2001Q4,6,CONS,879.8148884805818,910.5812176510452,-30.76632917046345,876.2315093690943,877.665795419061,879.8021478876082,882.0068063167754,883.3367486894518
mango_rmse,medium,2000-09-30,2002Q1,7,CONS,880.7406398808587,910.8036070224157,-30.06296714155701,876.7351978093949,878.3884963198306,880.6750722813862,883.1582730292756,884.7074245434443
mango_rmse,medium,2000-09-30,2002Q2,8,CONS,881.6327192648305,911.3081614927729,-29.675442227942426,877.2494265844572,878.9968299292985,881.6094497052422,884.2251193923229,885.9990883772922
mango_rmse,medium,2000-09-30,2000Q3,1,DEFL,467.6750395320152,436.0074949806811,31.667544551334117,467.1968536042993,467.39223774654766,467.6773690870604,467.9708104099229,468.1605969652082
mango_rmse,medium,2000-09-30,2000Q4,2,DEFL,468.35585001750064,436.5490666033782,31.806783414122435,467.48244547350436,467.84595187360844,468.37003933122605,468.87154455266636,469.20585856863056
mango_rmse,medium,2000-09-30,2001Q1,3,DEFL,469.0792887874935,437.2026802595548,31.876608527938686,467.7685844539718,468.3123983249874,469.09543604805873,469.84789317631635,470.3153173439076
mango_rmse,medium,2000-09-30,2001Q2,4,DEFL,469.80918929900895,437.8056263169986,32.00356298201035,468.03762629403263,468.76459480777106,469.8285982177006,470.809530906952,471.5281694072754
mango_rmse,medium,2000-09-30,2001Q3,5,DEFL,470.560324873805,438.197663342384,32.362661531421,468.2209052384404,469.2466193936108,470.6030718557238,471.87285344013026,472.8427150498882
mango_rmse,medium,2000-09-30,2001Q4,6,DEFL,471.3174515469698,438.50844547731197,32.80900606965781,468.43707597265404,469.6630160958123,471.3352676321434,472.9804871837826,474.0919484704635
mango_rmse,medium,2000-09-30,2002Q1,7,DEFL,472.0854885190562,438.83068726310324,33.25480125595294,468.69667462596027,470.0666205075083,472.0818241915978,474.15337588652596,475.4867101499174
mango_rmse,medium,2000-09-30,2002Q2,8,DEFL,472.8793470535045,439.17665473510937,33.70269231839512,468.85566504011376,470.50992779903027,472.91041652735896,475.32811500097057,476.8244154533924
mango_rmse,medium,2000-09-30,2000Q3,1,FFR,6.539928940066207,6.52,0.019928940066207268,4.968284110594907,5.592464097839574,6.555318328391607,7.503627165129123,8.070632434048578
mango_rmse,medium,2000-09-30,2000Q4,2,FFR,6.6504168660175305,6.473333333333334,0.17708353268419685,4.44226382476668,5.276755451736719,6.653053640994834,8.014224384350474,8.835430967871744
mango_rmse,medium,2000-09-30,2001Q1,3,FFR,6.739294239688065,5.593333333333334,1.1459609063547314,4.10504862522725,5.108872207441256,6.743381577780559,8.407226086785071,9.513360749000464
mango_rmse,medium,2000-09-30,2001Q2,4,FFR,6.865015970091224,4.326666666666667,2.538349303424557,3.8802228632154234,4.935777080218879,6.8724745171709,8.751505930931256,9.95285400360579
mango_rmse,medium,2000-09-30,2001Q3,5,FFR,6.98227913149073,3.4966666666666666,3.485612464824064,3.5729099086777953,4.887843628873637,6.996939508330869,9.017343949576869,10.380565591829884
mango_rmse,medium,2000-09-30,2001Q4,6,FFR,7.075475652008934,2.1333333333333333,4.9421423186756,3.429452828545485,4.769329765152699,7.020148951374717,9.353194193072017,10.879537562255742
mango_rmse,medium,2000-09-30,2002Q1,7,FFR,7.112727135820804,1.7333333333333334,5.379393802487471,3.0234911025800395,4.777564037211252,7.078066594988985,9.53655228453053,11.221364711042925
mango_rmse,medium,2000-09-30,2002Q2,8,FFR,7.203385084606602,1.75,5.453385084606602,3.170593874731153,4.697127715549847,7.17376207204194,9.67037171758164,11.41213711605009
mango_rmse,medium,2000-09-30,2000Q3,1,GDP,915.0456327950269,948.6750908667843,-33.629458071757426,913.4372460556204,914.0909118422239,915.0671686080664,915.9799452324102,916.5823809844726
mango_rmse,medium,2000-09-30,2000Q4,2,GDP,915.9950264182088,949.2676932603196,-33.272666842110766,913.6999956014133,914.6276416907482,916.0099245022561,917.34459840769,918.2399994226881
mango_rmse,medium,2000-09-30,2001Q1,3,GDP,916.9178574720406,948.9429455219695,-32.025088049928854,914.0356372980675,915.2346891972755,916.9001012697236,918.6285315352626,919.5936507028168
mango_rmse,medium,2000-09-30,2001Q2,4,GDP,917.8452440130485,949.5624120747524,-31.717168061703887,914.6110577546466,915.8983279266479,917.883475588706,919.8335609650342,921.1831274645896
mango_rmse,medium,2000-09-30,2001Q3,5,GDP,918.8218224817614,949.1612595166631,-30.33943703490172,914.9594171618419,916.5147279713079,918.8387086726561,921.0874914161416,922.5048305842765
mango_rmse,medium,2000-09-30,2001Q4,6,GDP,919.7621445283819,949.4381900682963,-29.676045539914412,915.6008478390413,917.3032722070204,919.7069089966642,922.3361420873131,923.8209038059531
mango_rmse,medium,2000-09-30,2002Q1,7,GDP,920.6422728718102,950.2630063031164,-29.620733431306235,916.2052218334725,917.8386448277031,920.6048223742013,923.3584117174247,925.2497664787045
mango_rmse,medium,2000-09-30,2002Q2,8,GDP,921.5240566485531,950.8766222794621,-29.352565630908998,916.7648986706687,918.5045228264921,921.4207620999728,924.6056594344677,926.474253856178
mango_rmse,medium,2000-09-30,2000Q3,1,HOURS,480.3292153091514,464.8794649920018,15.449750317149608,478.867447612905,479.41605120339267,480.3441927925452,481.1924226127876,481.79973546716
mango_rmse,medium,2000-09-30,2000Q4,2,HOURS,481.01762747236216,464.5390399474456,16.478587524916577,478.90440907594433,479.71938591922566,480.9895880866868,482.30846500447535,483.2097365926794
mango_rmse,medium,2000-09-30,2001Q1,3,HOURS,481.68900603481984,464.48138865926427,17.20761737555557,479.0423210779089,480.0484499404158,481.6792983275533,483.3237991650424,484.3982313927046
mango_rmse,medium,2000-09-30,2001Q2,4,HOURS,482.34699226820123,463.52240113165556,18.824591136545678,479.326354201879,480.51711029544686,482.30821100745914,484.244213470716,485.60060599625535
mango_rmse,medium,2000-09-30,2001Q3,5,HOURS,483.0243159147312,462.2744843004602,20.749831614270988,479.5041629194696,480.9129871620527,482.9901293341495,485.18239603415134,486.6794254058284
mango_rmse,medium,2000-09-30,2001Q4,6,HOURS,483.65835856234474,461.1539856495769,22.50437291276785,479.8494577158308,481.3096928348881,483.5634313637006,486.0749845585037,487.8232126387019
mango_rmse,medium,2000-09-30,2002Q1,7,HOURS,484.26837969826255,460.304793560699,23.96358613756354,479.88201540521914,481.70484424511267,484.1944613502891,486.8844853442668,488.76448079666653
mango_rmse,medium,2000-09-30,2002Q2,8,HOURS,484.8879929538484,460.5650070824942,24.322985871354206,480.24339396007235,482.0550913578536,484.859248118265,487.7243649221862,489.59794015126016
mango_rmse,medium,2000-09-30,2000Q3,1,INV,755.1034955747949,776.94943611584,-21.845940541045024,746.4150876781104,749.4065274984517,755.1794010570172,760.4385584636002,763.928820578152
mango_rmse,medium,2000-09-30,2000Q4,2,INV,756.8999390375446,777.1408234109886,-20.24088437344392,743.4507937756351,748.7826099051445,756.9577225706798,764.7524692439305,769.740751818758
mango_rmse,medium,2000-09-30,2001Q1,3,INV,758.6411220688653,772.4977657957813,-13.85664372691599,742.9354066584882,748.9588174885691,758.8246567649311,768.0293092621001,774.3699266732513
mango_rmse,medium,2000-09-30,2001Q2,4,INV,760.4942371226465,772.6403633592433,-12.146126236596842,741.7430334441431,749.1664421448216,760.6809020402192,771.8857400821217,778.8894295652352
mango_rmse,medium,2000-09-30,2001Q3,5,INV,762.4772044306444,770.4527970950121,-7.975592664367696,741.9701993879073,749.7213408891062,762.8606338494965,774.9437076673987,783.7176437212926
mango_rmse,medium,2000-09-30,2001Q4,6,INV,764.1595036436053,765.3732073186615,-1.2137036750561947,741.4164854608836,750.1199256207084,764.1169227734397,778.3313145221016,786.8058349653867
mango_rmse,medium,2000-09-30,2002Q1,7,INV,765.6067328880831,768.2808199922722,-2.674087104189084,740.4586675986642,750.6074818482099,765.4999681258635,780.7837585063917,790.4758348389571
mango_rmse,medium,2000-09-30,2002Q2,8,INV,767.1224179786615,769.9106176300443,-2.788199651382797,741.1371016776677,751.2673925066312,766.7638635745975,783.5917421896818,793.822505682367
mango_rmse,medium,2000-09-30,2000Q3,1,WAGE,468.1374465483272,453.3781589900438,14.759287558283404,467.0713935048566,467.50841596989494,468.14327792449694,468.7893036180719,469.1644112645869
mango_rmse,medium,2000-09-30,2000Q4,2,WAGE,468.3192655856848,453.23951712056794,15.079748465116836,466.8369419461453,467.4177009447045,468.3263753620862,469.25819406023044,469.87225690386197
mango_rmse,medium,2000-09-30,2001Q1,3,WAGE,468.5059609941638,454.5048562646711,14.001104729492681,466.609912349442,467.36813387321683,468.49376188398344,469.692036005879,470.5002049503502
mango_rmse,medium,2000-09-30,2001Q2,4,WAGE,468.68361460613335,454.1708418276762,14.512772778457133,466.3888972889358,467.3180995103258,468.6935178685345,470.0730990316885,470.93477226041557
mango_rmse,medium,2000-09-30,2001Q3,5,WAGE,468.8500608711167,454.0471652049154,14.802895666201266,466.25456092272856,467.24532694473237,468.84659754060453,470.40931186364264,471.3884506190559
mango_rmse,medium,2000-09-30,2001Q4,6,WAGE,469.0142446722036,455.048166063729,13.966078608474561,466.06376227696586,467.2012866821235,469.0684938535052,470.7482747583943,471.9037214386917
mango_rmse,medium,2000-09-30,2002Q1,7,WAGE,469.18309175871093,455.1706116118767,14.012480146834207,465.8925577797256,467.16930095844725,469.25950723098,471.0874562341101,472.361899993451
mango_rmse,medium,2000-09-30,2002Q2,8,WAGE,469.3513401220976,455.23704943958904,14.114290682508567,465.6801147316981,467.1812987122218,469.42699044519,471.5189273684336,472.8256143205161
mango_rmse,medium,2000-12-31,2000Q4,1,CONS,876.2328690278672,908.0704809313119,-31.837611903444667,874.9282227804086,875.4171840683563,876.2357190322781,877.0223619978268,877.576331702378
mango_rmse,medium,2000-12-31,2001Q1,2,CONS,877.181973126586,908.4325119413213,-31.250538814735364,875.2874428250656,876.0401863833453,877.1978425322059,878.3617393314115,879.058637694703
mango_rmse,medium,2000-12-31,2001Q2,3,CONS,878.127291234807,908.6332175148394,-30.50592628003244,875.7623046609762,876.6555286254841,878.0967063978715,879.6055790266184,880.6276365474557
mango_rmse,medium,2000-12-31,2001Q3,4,CONS,879.0852882011578,908.9805866997402,-29.895298498582406,876.1749272087178,877.3645242429585,879.0764420127898,880.8892927027549,882.0053495295932
mango_rmse,medium,2000-12-31,2001Q4,5,CONS,880.0329731681854,910.5812176510452,-30.548244482859786,876.8192425371477,878.0612242844586,880.0300181917521,881.9987627459897,883.3571851444174
mango_rmse,medium,2000-12-31,2002Q1,6,CONS,880.9983683056084,910.8036070224157,-29.805238716807253,877.3800342512104,878.7805934253688,880.9640407423371,883.2187000920568,884.8453331624376
mango_rmse,medium,2000-12-31,2002Q2,7,CONS,881.9490093572765,911.3081614927729,-29.3591521354964,877.8313327288615,879.5112634272822,881.9696754970589,884.4062961845419,886.1239770089043
mango_rmse,medium,2000-12-31,2002Q3,8,CONS,882.9073829921238,912.0055533963482,-29.098170404224447,878.5948869516953,880.2221996965218,882.899134670668,885.5876747491973,887.4398314160183
mango_rmse,medium,2000-12-31,2000Q4,1,DEFL,467.99879788915337,436.5490666033782,31.449731285775158,467.526675782043,467.7167335859867,468.0068056483912,468.27688753713386,468.46954666474505
mango_rmse,medium,2000-12-31,2001Q1,2,DEFL,468.60690342162866,437.2026802595548,31.404223162073833,467.7957721747578,468.0999584031121,468.6037520397248,469.09957515532346,469.4250583399981
mango_rmse,medium,2000-12-31,2001Q2,3,DEFL,469.21855862062745,437.8056263169986,31.41293230362885,468.01509176745657,468.4851995644036,469.2158481215138,469.9436278948229,470.42364219876487
mango_rmse,medium,2000-12-31,2001Q3,4,DEFL,469.83746248807097,438.197663342384,31.639799145686993,468.16459687741576,468.87715425066443,469.8262910452982,470.82306111762995,471.4845400035761
mango_rmse,medium,2000-12-31,2001Q4,5,DEFL,470.4920353896188,438.50844547731197,31.983589912306854,468.3307119760277,469.22001685677634,470.47081125663493,471.83074490380017,472.5927465371491
mango_rmse,medium,2000-12-31,2002Q1,6,DEFL,471.17202481271454,438.83068726310324,32.341337549611296,468.4901698833154,469.58487838751813,471.16398596871693,472.8046625381348,473.8708081314631
mango_rmse,medium,2000-12-31,2002Q2,7,DEFL,471.87729306045634,439.17665473510937,32.70063832534697,468.6807836750158,469.9615977791183,471.8728487920422,473.80594219029615,475.04025180244986
mango_rmse,medium,2000-12-31,2002Q3,8,DEFL,472.5855504135271,439.65703601147226,32.928514402054816,468.7794494627244,470.3518940316859,472.5875172623855,474.86097763343633,476.3280180845503
mango_rmse,medium,2000-12-31,2000Q4,1,FFR,6.525748030572172,6.473333333333334,0.05241469723883796,4.997606376578346,5.507035427989427,6.532162236394586,7.521356521939283,8.097816961446814
mango_rmse,medium,2000-12-31,2001Q1,2,FFR,6.487574871293469,5.593333333333334,0.8942415379601352,4.271873181929362,5.097749496686828,6.47610596600123,7.853290066006124,8.78952594050422
mango_rmse,medium,2000-12-31,2001Q2,3,FFR,6.567947406640138,4.326666666666667,2.2412807399734707,3.666371937807362,4.8742603773924875,6.596911519805031,8.257552582691272,9.3261960672445
mango_rmse,medium,2000-12-31,2001Q3,4,FFR,6.639137932418444,3.4966666666666666,3.142471265751777,3.46828791780149,4.836473736138072,6.6568510647502865,8.515841055189794,9.768690396290792
mango_rmse,medium,2000-12-31,2001Q4,5,FFR,6.7089679349705955,2.1333333333333333,4.575634601637262,3.24214216986595,4.666480818761135,6.689141422849728,8.813556829930244,10.065126118769658
mango_rmse,medium,2000-12-31,2002Q1,6,FFR,6.7866856766169406,1.7333333333333334,5.053352343283607,3.1566148055063152,4.5428399303219225,6.774346839414573,9.024986259015769,10.408222968795087
mango_rmse,medium,2000-12-31,2002Q2,7,FFR,6.8661087848779,1.75,5.1161087848779,3.0125119116032835,4.40772681580269,6.867438508820228,9.166793235204588,10.726559027971785
mango_rmse,medium,2000-12-31,2002Q3,8,FFR,6.931381022595608,1.74,5.191381022595608,2.8375935169107787,4.423374664540577,6.932227636624423,9.398130563615906,11.142001864100973
mango_rmse,medium,2000-12-31,2000Q4,1,GDP,915.4098634171824,949.2676932603196,-33.85782984313721,913.9568801239908,914.5627465384734,915.4019980190038,916.2967675438205,916.9150090491999
mango_rmse,medium,2000-12-31,2001Q1,2,GDP,916.3389020225575,948.9429455219695,-32.604043499412,914.1519880097801,915.0023832872217,916.2964169368863,917.6948930345138,918.6151574275251
mango_rmse,medium,2000-12-31,2001Q2,3,GDP,917.3202037196497,949.5624120747524,-32.24220835510266,914.5492336662809,915.6755826892944,917.2790362147935,919.020724584771,920.1827788753061
mango_rmse,medium,2000-12-31,2001Q3,4,GDP,918.2853559953357,949.1612595166631,-30.87590352132736,914.9969849756013,916.3446120723679,918.2747277713938,920.2040496810977,921.6846131994831
mango_rmse,medium,2000-12-31,2001Q4,5,GDP,919.2427336058714,949.4381900682963,-30.195456462424886,915.4646615689825,917.0016861219243,919.244742583566,921.3947712326775,923.1144087413369
mango_rmse,medium,2000-12-31,2002Q1,6,GDP,920.1998403950156,950.2630063031164,-30.063165908100814,916.2070348110212,917.802189993548,920.1294065212346,922.6374245195622,924.4375632090093
mango_rmse,medium,2000-12-31,2002Q2,7,GDP,921.1374303236705,950.8766222794621,-29.739191955791625,916.5613316807201,918.3936037033814,921.0605406291611,923.8932066869438,925.6526535111171
mango_rmse,medium,2000-12-31,2002Q3,8,GDP,922.0449748790915,951.2793389900701,-29.234364110978618,917.220153751599,919.0298733767403,921.978470036229,924.9846170060117,927.1610615082137
mango_rmse,medium,2000-12-31,2000Q4,1,HOURS,479.971945841541,464.5390399474456,15.432905894095427,478.54874574905034,479.06965238705413,479.9672398291352,480.8415121889303,481.41077147900774
mango_rmse,medium,2000-12-31,2001Q1,2,HOURS,480.5645015218827,464.48138865926427,16.083112862618407,478.46409822793305,479.3110167604275,480.5450660492362,481.8489593295735,482.70447986332016
mango_rmse,medium,2000-12-31,2001Q2,3,HOURS,481.1865429290903,463.52240113165556,17.664141797434752,478.6174593419789,479.61073663643344,481.14605485988477,482.8008980501436,483.93003202628984
mango_rmse,medium,2000-12-31,2001Q3,4,HOURS,481.82467313482,462.2744843004602,19.5501888343598,478.70011291341973,479.9269160454737,481.8616826579797,483.7065764247133,484.9953011699533
mango_rmse,medium,2000-12-31,2001Q4,5,HOURS,482.44236669076287,461.1539856495769,21.28838104118597,478.8489609056069,480.366081504466,482.4362421923755,484.4978985926749,485.9801209658793
mango_rmse,medium,2000-12-31,2002Q1,6,HOURS,483.05698693382163,460.304793560699,22.752193373122623,479.0468031141362,480.777826842795,483.08903936064974,485.2933268700187,486.9154574556641
mango_rmse,medium,2000-12-31,2002Q2,7,HOURS,483.68167016209713,460.5650070824942,23.116663079602915,479.31997709210464,481.11813614064505,483.76452327578306,486.17633858365605,487.88485334962724
mango_rmse,medium,2000-12-31,2002Q3,8,HOURS,484.26737302822863,460.1985119043317,24.06886112389691,479.56721074579934,481.49193171440936,484.3365918234383,486.9003639713347,488.7481286591326
mango_rmse,medium,2000-12-31,2000Q4,1,INV,755.1177615141368,777.1408234109886,-22.0230618968518,746.5427601464186,749.9178532321828,755.0220490862871,760.3280176628866,764.0142277050684
mango_rmse,medium,2000-12-31,2001Q1,2,INV,756.8938317750361,772.4977657957813,-15.603934020745214,744.1505661830264,749.2066898766143,756.9515122583383,764.6622091624083,769.9102002036158
mango_rmse,medium,2000-12-31,2001Q2,3,INV,758.756909496482,772.6403633592433,-13.883453862761371,742.9563013642073,749.152422381384,758.6363061850984,768.5507796532719,774.6264279469503
mango_rmse,medium,2000-12-31,2001Q3,4,INV,760.69276586241,770.4527970950121,-9.760031232602046,742.5188344059833,749.4176475991491,760.4966618905557,771.8750348504745,779.4646937720903
mango_rmse,medium,2000-12-31,2001Q4,5,INV,762.4634418050985,765.3732073186615,-2.909765513563002,741.9415722162977,749.498375983994,762.4534978480676,775.1050914223704,783.7578966372143
mango_rmse,medium,2000-12-31,2002Q1,6,INV,764.3081026839624,768.2808199922722,-3.972717308309825,741.5206905529908,750.3421491457926,764.0916891761276,778.4283393841328,787.4857003167136
mango_rmse,medium,2000-12-31,2002Q2,7,INV,766.0994162412954,769.9106176300443,-3.8112013887488274,741.7175493254371,750.8061756914205,766.3328157833532,780.9117390103235,791.6684374449637
mango_rmse,medium,2000-12-31,2002Q3,8,INV,767.6584705777041,769.7624823562915,-2.1040117785873917,741.499851574919,750.8423557192125,767.1440151651087,784.3487419247888,796.314683671911
mango_rmse,medium,2000-12-31,2000Q4,1,WAGE,468.9051865883891,453.23951712056794,15.665669467821147,467.82002606438766,468.2608528821568,468.90546625975884,469.57873618137637,469.9999500040041
mango_rmse,medium,2000-12-31,2001Q1,2,WAGE,469.11502108257343,454.5048562646711,14.61016481790233,467.5290031153138,468.1618512727929,469.12760844237243,470.0257627339467,470.67532686865724
mango_rmse,medium,2000-12-31,2001Q2,3,WAGE,469.3540019019846,454.1708418276762,15.183160074308375,467.4338449704202,468.1818503377942,469.3554860669567,470.5327580850067,471.31996801275824
mango_rmse,medium,2000-12-31,2001Q3,4,WAGE,469.5661469523831,454.0471652049154,15.518981747467706,467.32284318426304,468.2213954301962,469.5279548725954,470.96420177908004,471.90593381810913
mango_rmse,medium,2000-12-31,2001Q4,5,WAGE,469.7816780361881,455.048166063729,14.733511972459098,467.1752492755724,468.1786906141743,469.78882846053205,471.3747121880246,472.4348679806456
mango_rmse,medium,2000-12-31,2002Q1,6,WAGE,469.98076812244244,455.1706116118767,14.810156510565719,467.06699195833863,468.22961756435035,469.9399761735575,471.7270920259343,472.9121900348876
mango_rmse,medium,2000-12-31,2002Q2,7,WAGE,470.1930726769068,455.23704943958904,14.956023237317766,467.0641440239507,468.2984797455131,470.1711490250948,472.09195706544676,473.3547657371799
mango_rmse,medium,2000-12-31,2002Q3,8,WAGE,470.3909760075948,455.20858148956364,15.182394518031174,466.92735925972323,468.30017996878854,470.3908542277384,472.47965656814677,473.85620330188914
mango_rmse,medium,2001-03-31,2001Q1,1,CONS,876.9205924378332,908.4325119413213,-31.511919503488116,875.629247906405,876.1027958165737,876.9092811127498,877.7356438779436,878.2645303583404
mango_rmse,medium,2001-03-31,2001Q2,2,CONS,877.8513849734193,908.6332175148394,-30.781832541420158,875.961792094413,876.7355040146304,877.8056687551215,879.0101636386779,879.736559194782
mango_rmse,medium,2001-03-31,2001Q3,3,CONS,878.8157229502949,908.9805866997402,-30.164863749445317,876.3149042996668,877.4126617566646,878.7953387961227,880.2984473305476,881.2810166246334
mango_rmse,medium,2001-03-31,2001Q4,4,CONS,879.7773350954485,910.5812176510452,-30.803882555596715,876.9194520036539,878.045433436379,879.7522579952549,881.5109059555521,882.7002095042243
mango_rmse,medium,2001-03-31,2002Q1,5,CONS,880.7280037933391,910.8036070224157,-30.07560322907659,877.4045517103688,878.6849700853459,880.7283984334074,882.7682641164571,884.137698591373
mango_rmse,medium,2001-03-31,2002Q2,6,CONS,881.6958643608697,911.3081614927729,-29.612297131903233,878.0615342112332,879.4931800363984,881.6747175540442,883.9387206900956,885.3289142755553
mango_rmse,medium,2001-03-31,2002Q3,7,CONS,882.6308597393023,912.0055533963482,-29.374693657045896,878.5608118606192,880.1829962246148,882.6373873411219,885.1071672316829,886.7951014745958
mango_rmse,medium,2001-03-31,2002Q4,8,CONS,883.5850029260693,912.5602082292284,-28.9752053031591,879.129185537814,880.8943107884216,883.624767143319,886.2531267503989,888.1232379021885
mango_rmse,medium,2001-03-31,2001Q1,1,DEFL,468.4664278331191,437.2026802595548,31.263747573564274,467.9863116451265,468.18559009295194,468.4626144025186,468.75574974494947,468.9558073676498
mango_rmse,medium,2001-03-31,2001Q2,2,DEFL,469.0155971975908,437.8056263169986,31.20997088059221,468.1708926752893,468.4985292754608,469.00946111711335,469.53392733177424,469.88701956876884
mango_rmse,medium,2001-03-31,2001Q3,3,DEFL,469.5732435681418,438.197663342384,31.3755802257578,468.3241588982391,468.8377911569551,469.5596568023724,470.3419021512616,470.8543190414639
mango_rmse,medium,2001-03-31,2001Q4,4,DEFL,470.1653365695003,438.50844547731197,31.656891092188346,468.4772208255685,469.1109233690245,470.15071979757397,471.23066653624437,471.87245323850954
mango_rmse,medium,2001-03-31,2002Q1,5,DEFL,470.78203507283075,438.83068726310324,31.95134780972751,468.59035298352075,469.44940684566546,470.7504876182871,472.1503679983433,472.95715897951135
mango_rmse,medium,2001-03-31,2002Q2,6,DEFL,471.4104444949694,439.17665473510937,32.23378975986003,468.69319388567806,469.73607398657157,471.39554835072545,473.1013875432279,474.15419765416425
mango_rmse,medium,2001-03-31,2002Q3,7,DEFL,472.0587940441833,439.65703601147226,32.40175803271103,468.79992718620997,470.012447397311,472.05540527519634,474.11152198069425,475.30771691320655
mango_rmse,medium,2001-03-31,2002Q4,8,DEFL,472.7252826966397,440.229483984637,32.49579871200268,468.89329108133364,470.41613188313374,472.68422393173853,475.09034722158106,476.5654187076772
mango_rmse,medium,2001-03-31,2001Q1,1,FFR,6.3849794584614425,5.593333333333334,0.7916461251281088,4.842451224856114,5.450178733268014,6.37276868471925,7.311972567680399,8.000333456299485
mango_rmse,medium,2001-03-31,2001Q2,2,FFR,6.382623919935836,4.326666666666667,2.0559572532691686,4.115248011490126,5.114876888705931,6.374845649010659,7.72499088269908,8.555582505202329
mango_rmse,medium,2001-03-31,2001Q3,3,FFR,6.398825861404708,3.4966666666666666,2.9021591947380414,3.6921838351332967,4.834359963035347,6.392014260706755,8.009139845978025,9.108233012131825
mango_rmse,medium,2001-03-31,2001Q4,4,FFR,6.465231809199821,2.1333333333333333,4.331898475866488,3.4025020946557807,4.5460679424565535,6.489263441824795,8.277913647696272,9.5776998696812
mango_rmse,medium,2001-03-31,2002Q1,5,FFR,6.528808498391004,1.7333333333333334,4.79547516505767,3.0915640768904593,4.432838604100562,6.525311828587385,8.598218817840689,9.937518375075024
mango_rmse,medium,2001-03-31,2002Q2,6,FFR,6.62901406314098,1.75,4.87901406314098,2.764189562865653,4.398836039622607,6.627249547580636,8.862754826654589,10.357113733082153
mango_rmse,medium,2001-03-31,2002Q3,7,FFR,6.680718105008379,1.74,4.940718105008378,2.5830468915917066,4.296726521607539,6.666255361043033,9.059633116561985,10.622242666746734
mango_rmse,medium,2001-03-31,2002Q4,8,FFR,6.796439926419369,1.4433333333333334,5.353106593086036,2.5558065262729692,4.284218125372853,6.808692663421345,9.28963139788165,10.890190656647722
mango_rmse,medium,2001-03-31,2001Q1,1,GDP,915.6512294848908,948.9429455219695,-33.291716037078686,914.1481522633903,914.7275262010519,915.6438137270753,916.5881363869953,917.1880663245996
mango_rmse,medium,2001-03-31,2001Q2,2,GDP,916.5436196883448,949.5624120747524,-33.01879238640754,914.2172249555282,915.1525989311574,916.5783506679675,917.956170761096,918.7765633337432
mango_rmse,medium,2001-03-31,2001Q3,3,GDP,917.4938087227514,949.1612595166631,-31.667450793911712,914.7125143153374,915.7592550178886,917.5230964076723,919.1836536305661,920.2349147326019
mango_rmse,medium,2001-03-31,2001Q4,4,GDP,918.4637069235732,949.4381900682963,-30.97448314472308,915.235801887409,916.4372559788588,918.5021875941501,920.5401220456554,921.6323821233325
mango_rmse,medium,2001-03-31,2002Q1,5,GDP,919.3974503595841,950.2630063031164,-30.865555943532286,915.7102539597432,917.0348223378631,919.4438971911595,921.726668600575,922.9172568449526
mango_rmse,medium,2001-03-31,2002Q2,6,GDP,920.3477402348607,950.8766222794621,-30.52888204460146,916.3306823781505,917.8009841072211,920.4075125287059,922.9333324920362,924.3538840210205
mango_rmse,medium,2001-03-31,2002Q3,7,GDP,921.2677555328966,951.2793389900701,-30.011583457173515,916.8137744025756,918.5189188921277,921.2771005818058,924.0695397427922,925.6882386478551
mango_rmse,medium,2001-03-31,2002Q4,8,GDP,922.2139982897955,951.4099094767561,-29.19591118696053,917.1706269214975,919.1711896279636,922.2924390347864,925.1747342854113,927.0626783260786
mango_rmse,medium,2001-03-31,2001Q1,1,HOURS,479.7090789860045,464.48138865926427,15.22769032674023,478.2901638070777,478.8430870721873,479.71081639231824,480.55590792170835,481.16233878711824
mango_rmse,medium,2001-03-31,2001Q2,2,HOURS,480.2516356191195,463.52240113165556,16.72923448746394,478.149087764819,478.92005106941474,480.2483698122631,481.5580244069146,482.43278557229024
mango_rmse,medium,2001-03-31,2001Q3,3,HOURS,480.8297212769509,462.2744843004602,18.555236976490733,478.1786649876445,479.217320968996,480.8232327605142,482.47386508595145,483.49229507401674
mango_rmse,medium,2001-03-31,2001Q4,4,HOURS,481.47082900643557,461.1539856495769,20.31684335685867,478.32801213657166,479.57802809200746,481.4871110277899,483.390183852154,484.66345204421515
mango_rmse,medium,2001-03-31,2002Q1,5,HOURS,482.1070390565393,460.304793560699,21.802245495840282,478.48451844322267,479.9422529668611,482.0971150935325,484.23726627060057,485.6957473156783
mango_rmse,medium,2001-03-31,2002Q2,6,HOURS,482.7175273706928,460.5650070824942,22.15252028819856,478.8188653693515,480.25273281820336,482.72051754887696,485.13004720832157,486.7752034509947
mango_rmse,medium,2001-03-31,2002Q3,7,HOURS,483.33251917476406,460.1985119043317,23.134007270432335,478.9259743462166,480.71791184767335,483.3349258772024,486.00855655950915,487.7298502160405
mango_rmse,medium,2001-03-31,2002Q4,8,HOURS,483.96955692107724,460.322830175075,23.64672674600223,479.320559076977,481.13878062085433,483.9888627596407,486.78040198188495,488.71987621259996
mango_rmse,medium,2001-03-31,2001Q1,1,INV,753.9353632462054,772.4977657957813,-18.56240254957595,745.377956279965,748.7172673321429,754.0163371660875,759.0567916514736,762.4636747434546
mango_rmse,medium,2001-03-31,2001Q2,2,INV,755.6608478495162,772.6403633592433,-16.979515509727094,743.4369986400031,747.9409694478665,755.8474313417124,763.2415298827491,767.4455019617367
mango_rmse,medium,2001-03-31,2001Q3,3,INV,757.4343867212912,770.4527970950121,-13.01841037372094,742.1368678277537,747.9862250403124,757.2579149598803,766.7197927763814,772.4103304968563
mango_rmse,medium,2001-03-31,2001Q4,4,INV,759.2059496635044,765.3732073186615,-6.167257655157073,741.682937376874,748.5044192504605,759.121355574905,770.0186367853416,776.9246737933718
mango_rmse,medium,2001-03-31,2002Q1,5,INV,760.9307703680687,768.2808199922722,-7.350049624203507,740.5006354689085,748.489256315371,760.9445670724326,773.3023782275407,781.0259311492698
mango_rmse,medium,2001-03-31,2002Q2,6,INV,762.8635674933067,769.9106176300443,-7.047050136737539,740.5027654135233,749.6508639676532,762.7348417711033,776.6509886789582,785.4296567035815
mango_rmse,medium,2001-03-31,2002Q3,7,INV,764.5280518525358,769.7624823562915,-5.234430503755675,740.945274153592,749.5645298783761,764.6199507235792,779.2132238194996,788.5165426698151
mango_rmse,medium,2001-03-31,2002Q4,8,INV,766.4185765731019,769.7007323501294,-3.282155777027583,740.3783433955208,750.456049423801,766.5370357930997,782.4625644608861,792.6333095801364
mango_rmse,medium,2001-03-31,2001Q1,1,WAGE,469.7405489480277,454.5048562646711,15.235692683356604,468.68288054483173,469.1084444232986,469.73488018633043,470.3667189818926,470.8344594395612
mango_rmse,medium,2001-03-31,2001Q2,2,WAGE,469.99255413074025,454.1708418276762,15.821712303064032,468.449211440669,469.03556301201843,469.9980253250127,470.9364842538403,471.47570110433105
mango_rmse,medium,2001-03-31,2001Q3,3,WAGE,470.2637965020643,454.0471652049154,16.216631297148865,468.3262201965002,469.1181303251106,470.2822839824909,471.4452580942196,472.18126905057613
mango_rmse,medium,2001-03-31,2001Q4,4,WAGE,470.4895584184361,455.048166063729,15.44139235470709,468.1870431256385,469.1009908839399,470.48608613990984,471.854138880376,472.7449114764286
mango_rmse,medium,2001-03-31,2002Q1,5,WAGE,470.73024546254686,455.1706116118767,15.559633850670139,468.1736618154971,469.12748756016896,470.7257432175253,472.3007754549915,473.2816522685756
mango_rmse,medium,2001-03-31,2002Q2,6,WAGE,470.9708353583791,455.23704943958904,15.733785918790034,467.99561124288704,469.19458718098934,471.0022959819396,472.7464107487143,473.88233606592024
mango_rmse,medium,2001-03-31,2002Q3,7,WAGE,471.1803052264859,455.20858148956364,15.971723736922286,467.9725120164838,469.19758553995194,471.2222998861452,473.1520913764859,474.3822730468337
mango_rmse,medium,2001-03-31,2002Q4,8,WAGE,471.4162658937112,454.88855079768575,16.527715096025474,467.87287264520126,469.2259905180548,471.49149756347924,473.497012179921,474.8835919732017
mango_rmse,medium,2001-06-30,2001Q2,1,CONS,877.8181706159259,908.6332175148394,-30.81504689891358,876.4402270672267,877.0097815638095,877.8198939315135,878.6317698974829,879.1808175522882
mango_rmse,medium,2001-06-30,2001Q3,2,CONS,878.8351227781407,908.9805866997402,-30.14546392159957,876.8549886683776,877.6427029212666,878.8716730376404,880.0011449398552,880.7642017707882
mango_rmse,medium,2001-06-30,2001Q4,3,CONS,879.8451988584236,910.5812176510452,-30.73601879262162,877.3630633286709,878.3857967704515,879.8595157270947,881.2953428884279,882.1973320721721
mango_rmse,medium,2001-06-30,2002Q1,4,CONS,880.8439370646355,910.8036070224157,-29.959669957780193,877.8759442607114,879.1606133668452,880.8544592538669,882.5844765518707,883.7019576118826
mango_rmse,medium,2001-06-30,2002Q2,5,CONS,881.8470964111232,911.3081614927729,-29.461065081649735,878.5316641184124,879.9042781459483,881.8548526134732,883.785503745479,885.1253843459342
mango_rmse,medium,2001-06-30,2002Q3,6,CONS,882.8180951574479,912.0055533963482,-29.187458238900263,879.126905096745,880.6180226817003,882.8269266599066,885.0305117133083,886.4555689249919
mango_rmse,medium,2001-06-30,2002Q4,7,CONS,883.7994314808002,912.5602082292284,-28.760776748428157,879.8413105791238,881.3400305952856,883.808719348812,886.1934001603565,887.7605501125547
mango_rmse,medium,2001-06-30,2003Q1,8,CONS,884.7719339969998,913.0515690533199,-28.279635056320103,880.4409333960039,882.0809528674789,884.8719004648999,887.3909997002534,889.0913912826668
mango_rmse,medium,2001-06-30,2001Q2,1,DEFL,469.33087911381506,437.8056263169986,31.52525279681646,468.8606707963778,469.0596096871235,469.33142420065155,469.61104734007114,469.79101226085453
mango_rmse,medium,2001-06-30,2001Q3,2,DEFL,469.9704375961938,438.197663342384,31.772774253809814,469.1096138534519,469.4601363620565,469.97799502873556,470.47928715743535,470.8279434995508
mango_rmse,medium,2001-06-30,2001Q4,3,DEFL,470.63025697739397,438.50844547731197,32.121811500082,469.45481245095755,469.88490893969004,470.6432150115851,471.365480245406,471.8648375371148
mango_rmse,medium,2001-06-30,2002Q1,4,DEFL,471.31425773079485,438.83068726310324,32.48357046769161,469.6670337056057,470.29209741491565,471.3071522629409,472.32412552660657,472.9720138599121
mango_rmse,medium,2001-06-30,2002Q2,5,DEFL,471.99857440287906,439.17665473510937,32.82191966776969,469.88057168093326,470.70570766426437,471.97742714511094,473.298206953176,474.14065327980063
mango_rmse,medium,2001-06-30,2002Q3,6,DEFL,472.69583143464394,439.65703601147226,33.03879542317168,469.9973591226335,471.0932432842425,472.69078105542417,474.29548073929317,475.38136526923034
mango_rmse,medium,2001-06-30,2002Q4,7,DEFL,473.4039285121018,440.229483984637,33.1744445274648,470.1405089435249,471.4628688641583,473.3817469127897,475.3417084666257,476.6530476657576
mango_rmse,medium,2001-06-30,2003Q1,8,DEFL,474.1250517375694,440.72678772271144,33.39826401485794,470.37084312008176,471.8127900753225,474.0659226109494,476.4127046968277,478.068795650352
mango_rmse,medium,2001-06-30,2001Q2,1,FFR,5.638524492720714,4.326666666666667,1.3118578260540472,4.053048791471774,4.662384755383053,5.654585461472404,6.63329519819155,7.255798340333349
mango_rmse,medium,2001-06-30,2001Q3,2,FFR,5.79882181547406,3.4966666666666666,2.3021551488073935,3.5421711329596404,4.393150707449959,5.811982803199307,7.1424671717319415,8.091227986522252
mango_rmse,medium,2001-06-30,2001Q4,3,FFR,5.886046069481552,2.1333333333333333,3.752712736148219,3.179120493091492,4.183764984451865,5.916184109236967,7.563428892658847,8.60741282806374
mango_rmse,medium,2001-06-30,2002Q1,4,FFR,6.0055605683971045,1.7333333333333334,4.272227235063771,2.857920750391347,4.148904176561337,6.015976220225829,7.802652850330494,9.24653753459252
mango_rmse,medium,2001-06-30,2002Q2,5,FFR,6.112976834897975,1.75,4.362976834897975,2.6316132285632015,4.098727545710704,6.103719075617332,8.111859449687136,9.464346673517761
mango_rmse,medium,2001-06-30,2002Q3,6,FFR,6.240824615166602,1.74,4.500824615166602,2.558783255115547,4.052226409805074,6.234272507103563,8.45095808872364,9.797761918675677
mango_rmse,medium,2001-06-30,2002Q4,7,FFR,6.37442351029629,1.4433333333333334,4.9310901769629565,2.3915870503204935,4.061718960325249,6.38908487453441,8.61901789872901,10.114362769177099
mango_rmse,medium,2001-06-30,2003Q1,8,FFR,6.476378635087827,1.25,5.226378635087827,2.2435942444409926,4.004559453951195,6.53363563002847,8.936798865737508,10.474838739441696
mango_rmse,medium,2001-06-30,2001Q2,1,GDP,916.0481386623072,949.5624120747524,-33.514273412445164,914.5209209857179,915.1410429437761,916.0613529933282,916.9375466846943,917.5644874546276
mango_rmse,medium,2001-06-30,2001Q3,2,GDP,917.0407279450499,949.1612595166631,-32.12053157161324,914.8103178506603,915.7722755508602,917.0520334902844,918.3991820073534,919.1982974090932
mango_rmse,medium,2001-06-30,2001Q4,3,GDP,918.0399531518332,949.4381900682963,-31.398236916463134,915.2675620783517,916.4279019620826,918.0672444208942,919.669744592005,920.6854008896165
mango_rmse,medium,2001-06-30,2002Q1,4,GDP,919.0169718197137,950.2630063031164,-31.246034483402696,915.7336218418554,917.0018016311357,919.1085453720754,920.9211929110387,922.1189929063263
mango_rmse,medium,2001-06-30,2002Q2,5,GDP,920.00208962321,950.8766222794621,-30.874532656252086,916.1831820712966,917.7924531682501,920.0829498535377,922.177971873725,923.4924324354628
mango_rmse,medium,2001-06-30,2002Q3,6,GDP,920.9395547671667,951.2793389900701,-30.339784222903404,916.7010659874708,918.470467523096,920.9566943868737,923.37759365007,925.038950828418
mango_rmse,medium,2001-06-30,2002Q4,7,GDP,921.8705603327511,951.4099094767561,-29.539349144004973,917.3297725742337,919.1506333803885,921.9076891397385,924.457157322226,926.3026840921643
mango_rmse,medium,2001-06-30,2003Q1,8,GDP,922.8124903826009,951.9253022305498,-29.112811847948933,917.9652388911793,919.8861688192759,922.8165918384741,925.7098892009478,927.6845717835673
mango_rmse,medium,2001-06-30,2001Q2,1,HOURS,480.3136935802636,463.52240113165556,16.791292448608033,478.81217414478,479.44239830071865,480.3051100717164,481.1805120933367,481.77871298520967
mango_rmse,medium,2001-06-30,2001Q3,2,HOURS,480.94626469798294,462.2744843004602,18.671780397522753,478.8036643926086,479.7434329927889,480.91567213515003,482.1794544996986,483.0352605555527
mango_rmse,medium,2001-06-30,2001Q4,3,HOURS,481.6188796035987,461.1539856495769,20.464893954021818,478.9025099932683,480.0429066392229,481.61433682398433,483.2643993043856,484.25086345929594
mango_rmse,medium,2001-06-30,2002Q1,4,HOURS,482.31508854458775,460.304793560699,22.01029498388874,479.2188281317169,480.46123896584646,482.32179363410944,484.19791635093657,485.43109131578296
mango_rmse,medium,2001-06-30,2002Q2,5,HOURS,483.009288020727,460.5650070824942,22.444280938232794,479.44975828494944,480.92775021735,483.0201054251969,485.0947194485829,486.54181388854425
mango_rmse,medium,2001-06-30,2002Q3,6,HOURS,483.6552618365097,460.1985119043317,23.456749932177956,479.5565607874825,481.3493938760188,483.7298903639329,486.04989445307393,487.54268994653984
mango_rmse,medium,2001-06-30,2002Q4,7,HOURS,484.330185358369,460.322830175075,24.00735518329401,479.93132905759734,481.6700630427582,484.38239473688657,486.9177224191327,488.6666146300506
mango_rmse,medium,2001-06-30,2003Q1,8,HOURS,484.99302919045886,459.80045742031797,25.192571770140887,480.2285116994545,482.1724576737362,485.0448960974723,487.74091754904043,489.7095468187919
mango_rmse,medium,2001-06-30,2001Q2,1,INV,750.4761084930568,772.6403633592433,-22.164254866186525,741.5882387671398,745.2476901404735,750.5663638180404,755.6547288087635,759.349709350485
mango_rmse,medium,2001-06-30,2001Q3,2,INV,752.2924265605681,770.4527970950121,-18.16037053444404,739.916265732016,744.6078101695239,752.4220528524058,759.976291625676,764.6038046090994
mango_rmse,medium,2001-06-30,2001Q4,3,INV,754.2571113423663,765.3732073186615,-11.116095976295128,738.2123615156319,744.9268486835543,754.2093216208282,763.5945814974756,770.0268167181619
mango_rmse,medium,2001-06-30,2002Q1,4,INV,756.3991940449752,768.2808199922722,-11.881625947297039,738.0208979091176,745.0054632743381,756.6946693474066,767.2040976070105,774.1921135048909
mango_rmse,medium,2001-06-30,2002Q2,5,INV,758.4222566930637,769.9106176300443,-11.488360936980598,737.5183355569928,745.9919179688843,758.749057254967,770.5368064119295,778.6699424348652
mango_rmse,medium,2001-06-30,2002Q3,6,INV,760.2368496497927,769.7624823562915,-9.525632706498754,736.9315751332934,746.4090320974374,760.6530092324122,773.6403130919291,781.9651737902684
mango_rmse,medium,2001-06-30,2002Q4,7,INV,761.9688743852006,769.7007323501294,-7.7318579649288495,737.7545682061805,746.8968462086923,762.1756445326421,776.6726665343016,785.7699936677739
mango_rmse,medium,2001-06-30,2003Q1,8,INV,763.5713586957991,770.4669957019948,-6.895637006195784,737.8477970882501,747.1228470824328,763.9167418320285,779.1900807765132,790.5927023013857
mango_rmse,medium,2001-06-30,2001Q2,1,WAGE,469.93939881084555,454.1708418276762,15.768556983169333,468.90145428346597,469.28863934511355,469.9327030505679,470.58462763311155,471.05236204497743
mango_rmse,medium,2001-06-30,2001Q3,2,WAGE,470.18026789439796,454.0471652049154,16.13310268948254,468.6101204549437,469.2461240112622,470.1649748961437,471.14552166545553,471.76806068850846
mango_rmse,medium,2001-06-30,2001Q4,3,WAGE,470.4086814442069,455.048166063729,15.360515380477864,468.4385626577228,469.25059712726636,470.39174867653304,471.62576195476055,472.3696423169156
mango_rmse,medium,2001-06-30,2002Q1,4,WAGE,470.6561660226245,455.1706116118767,15.485554410747795,468.41177029764395,469.2962200753523,470.6123969574328,472.09535454609716,472.87552722588975
mango_rmse,medium,2001-06-30,2002Q2,5,WAGE,470.88239090662734,455.23704943958904,15.645341467038293,468.3632485448204,469.39550489310346,470.87988903849055,472.4042569852083,473.383596871172
mango_rmse,medium,2001-06-30,2002Q3,6,WAGE,471.1169513958386,455.20858148956364,15.90836990627497,468.3079470354569,469.35719589970057,471.118387651103,472.871767347671,473.89174562390707
mango_rmse,medium,2001-06-30,2002Q4,7,WAGE,471.34439052973323,454.88855079768575,16.45583973204748,468.2331969466462,469.45380787663936,471.3861528567945,473.2165342830374,474.59251118464397
mango_rmse,medium,2001-06-30,2003Q1,8,WAGE,471.5581975112093,454.48042807016486,17.07776944104444,468.15782665162334,469.4632489927772,471.6025035350117,473.59237206715636,475.0106421582827
mango_rmse,medium,2001-09-30,2001Q3,1,CONS,877.9411459045599,908.9805866997402,-31.039440795180326,876.6058065610005,877.1487172758697,877.9330570773859,878.7195095983857,879.2737216897307
mango_rmse,medium,2001-09-30,2001Q4,2,CONS,879.0420893660365,910.5812176510452,-31.5391282850087,877.0770517051641,877.8616152657053,879.0576996159643,880.2078209830884,880.9736293597066
mango_rmse,medium,2001-09-30,2002Q1,3,CONS,880.1233935655732,910.8036070224157,-30.680213456842466,877.7323677529981,878.6619370600496,880.1334440281382,881.5629886979249,882.5422290246721
mango_rmse,medium,2001-09-30,2002Q2,4,CONS,881.1727989953699,911.3081614927729,-30.13536249740298,878.3203309683503,879.4234880650827,881.181460688452,882.9586757216716,884.0415884626434
mango_rmse,medium,2001-09-30,2002Q3,5,CONS,882.1667802409753,912.0055533963482,-29.838773155372905,878.8908538804197,880.1115515652897,882.2021233917512,884.1631653525218,885.5286700335943
mango_rmse,medium,2001-09-30,2002Q4,6,CONS,883.163918299654,912.5602082292284,-29.396289929574323,879.5161124736032,880.9409072189131,883.1825423702085,885.4315147646554,886.7620121548083
mango_rmse,medium,2001-09-30,2003Q1,7,CONS,884.1539551950032,913.0515690533199,-28.89761385831673,880.0053765865492,881.7302554268498,884.1992284066868,886.5458227556819,888.1485078506494
mango_rmse,medium,2001-09-30,2003Q2,8,CONS,885.1021217453183,914.1900383335624,-29.08791658824407,880.6928018901511,882.4058608374103,885.1745005248048,887.7400755721686,889.5910579614904
mango_rmse,medium,2001-09-30,2001Q3,1,DEFL,469.8741144022712,438.197663342384,31.6764510598872,469.39554938742646,469.57660016871944,469.87039633965423,470.1652873013353,470.3588503015809
mango_rmse,medium,2001-09-30,2001Q4,2,DEFL,470.43539158436994,438.50844547731197,31.926946107057972,469.57709502272496,469.92437104244584,470.437341095779,470.9586978350148,471.2715621131416
mango_rmse,medium,2001-09-30,2002Q1,3,DEFL,471.00598188978734,438.83068726310324,32.17529462668409,469.7411051345091,470.25817106376786,470.9898771948405,471.75266227722864,472.2469528207957
mango_rmse,medium,2001-09-30,2002Q2,4,DEFL,471.5807808253172,439.17665473510937,32.40412609020785,469.88610663703685,470.55924657245356,471.5811404713503,472.6454453036964,473.3107362942714
mango_rmse,medium,2001-09-30,2002Q3,5,DEFL,472.18249465957564,439.65703601147226,32.52545864810338,469.92934857934966,470.84973223265433,472.1796301222566,473.55427790250513,474.36349092103313
mango_rmse,medium,2001-09-30,2002Q4,6,DEFL,472.79537922466403,440.229483984637,32.56589524002703,469.9833532870096,471.13573786831984,472.7821712619757,474.4726454476571,475.57252642493006
mango_rmse,medium,2001-09-30,2003Q1,7,DEFL,473.4222246652435,440.72678772271144,32.69543694253207,470.09427653716546,471.4295726039382,473.44051863355867,475.42254704910664,476.7357332219361
mango_rmse,medium,2001-09-30,2003Q2,8,DEFL,474.06676091706413,441.0711268533791,32.99563406368503,470.0725151917514,471.71042042701146,474.11313620908265,476.4180647582408,478.00746633291294
mango_rmse,medium,2001-09-30,2001Q3,1,FFR,4.372950860678319,3.4966666666666666,0.8762841940116526,2.8226442315318634,3.422371312855883,4.364013392111908,5.308623861452275,5.963110431422913
mango_rmse,medium,2001-09-30,2001Q4,2,FFR,4.504255707245641,2.1333333333333333,2.370922373912308,2.269721441817189,3.1648097099450663,4.504434140246554,5.842623512509359,6.731717880381039
mango_rmse,medium,2001-09-30,2002Q1,3,FFR,4.639234391555835,1.7333333333333334,2.9059010582225016,1.9525965120541893,3.04019944601313,4.579795838564681,6.362436367153801,7.471228400942956
mango_rmse,medium,2001-09-30,2002Q2,4,FFR,4.8153065349455835,1.75,3.0653065349455835,1.736231119923986,2.879850596303092,4.785421757460573,6.708517141483855,8.00661921990015
mango_rmse,medium,2001-09-30,2002Q3,5,FFR,4.9814564961388115,1.74,3.2414564961388113,1.546570009927348,2.8559419868035554,4.933829720447325,7.086520148529155,8.416899865271949
mango_rmse,medium,2001-09-30,2002Q4,6,FFR,5.182020429943238,1.4433333333333334,3.7386870966099046,1.1988117255040363,2.9847126945864044,5.190058139396555,7.448115299445957,8.760153252813602
mango_rmse,medium,2001-09-30,2003Q1,7,FFR,5.369687981403219,1.25,4.119687981403219,1.325193435830252,2.9751316107643415,5.441454806494177,7.7267501813400665,9.21991093691993
mango_rmse,medium,2001-09-30,2003Q2,8,FFR,5.5132675502620225,1.2466666666666668,4.2666008835953555,1.2942045368617316,2.9748570088724478,5.61448071380126,7.9962321422609834,9.531181730443366
mango_rmse,medium,2001-09-30,2001Q3,1,GDP,915.2236059792536,949.1612595166631,-33.93765353740946,913.7400991888865,914.311098719126,915.2059471138772,916.1436870260469,916.7205454189833
mango_rmse,medium,2001-09-30,2001Q4,2,GDP,916.3435070081617,949.4381900682963,-33.09468306013457,914.0822088232811,915.0001907174129,916.3532570983093,917.6611615960675,918.5240857854137
mango_rmse,medium,2001-09-30,2002Q1,3,GDP,917.4444168884136,950.2630063031164,-32.81858941470284,914.6229243168947,915.7727203732377,917.4798849632789,919.1371406224681,920.2338957982175
mango_rmse,medium,2001-09-30,2002Q2,4,GDP,918.4968000360224,950.8766222794621,-32.379822243439776,915.1636835202185,916.5261199853702,918.4958378471738,920.5204454606327,921.7287802366282
mango_rmse,medium,2001-09-30,2002Q3,5,GDP,919.5154148984797,951.2793389900701,-31.76392409159041,915.9146707449271,917.2345109752403,919.4795429563437,921.7475630190048,923.3729382728466
mango_rmse,medium,2001-09-30,2002Q4,6,GDP,920.5350698024697,951.4099094767561,-30.874839674286363,916.320213780091,918.093035681946,920.5571106477596,923.0089487407578,924.6855035139125
mango_rmse,medium,2001-09-30,2003Q1,7,GDP,921.5458409528258,951.9253022305498,-30.37946127772409,916.9108000024285,918.7621833738901,921.6321047814288,924.1782825711763,926.1677174377442
mango_rmse,medium,2001-09-30,2003Q2,8,GDP,922.4932180733555,952.8147130216528,-30.3214949482973,917.4633943635455,919.5789608214225,922.4996365844665,925.3668955160535,927.3654021851838
mango_rmse,medium,2001-09-30,2001Q3,1,HOURS,479.7862642308755,462.2744843004602,17.511779930415287,478.3039143045519,478.9231500964419,479.7838432035419,480.7020525685475,481.238108080821
mango_rmse,medium,2001-09-30,2001Q4,2,HOURS,480.48257720556353,461.1539856495769,19.328591555986634,478.32780778240124,479.21219379618753,480.48753341440755,481.78713025406637,482.54440413506717
mango_rmse,medium,2001-09-30,2002Q1,3,HOURS,481.23959800186253,460.304793560699,20.93480444116352,478.49029663426603,479.6497885450244,481.23105033724477,482.8835050065674,483.8067538980854
mango_rmse,medium,2001-09-30,2002Q2,4,HOURS,481.9759482769818,460.5650070824942,21.410941194487577,478.72731670199335,480.06729733584746,482.0044443999411,483.87834531826115,485.02646312419716
mango_rmse,medium,2001-09-30,2002Q3,5,HOURS,482.7396975215137,460.1985119043317,22.541185617181952,479.1043276131335,480.6240581510991,482.78251971508655,484.8545987240896,486.2217775487159
mango_rmse,medium,2001-09-30,2002Q4,6,HOURS,483.47608655329987,460.322830175075,23.153256378224853,479.4419359484329,481.0868686376685,483.4660790841224,485.8632145297018,487.4107061651582
mango_rmse,medium,2001-09-30,2003Q1,7,HOURS,484.1944256469353,459.80045742031797,24.393968226617346,479.77156923408216,481.60701305313535,484.2149941627573,486.7252098848525,488.58276371686617
mango_rmse,medium,2001-09-30,2003Q2,8,HOURS,484.87127019428306,459.5099647910325,25.361305403250583,480.22447777030527,482.07674527229875,484.92204829250875,487.5120104287235,489.69478562495374
mango_rmse,medium,2001-09-30,2001Q3,1,INV,743.5900833434526,770.4527970950121,-26.862713751559454,734.668572947143,738.5290078380608,743.604881511571,748.7980434425514,752.0111387579951
mango_rmse,medium,2001-09-30,2001Q4,2,INV,746.0419246465867,765.3732073186615,-19.331282672074735,733.4198083913142,738.692024161379,746.2415572344166,753.3614876918836,758.3579355564256
mango_rmse,medium,2001-09-30,2002Q1,3,INV,748.4988556527373,768.2808199922722,-19.781964339534852,732.7540336948199,739.6022637079985,748.6745278584533,757.747996023498,763.8622569973556
mango_rmse,medium,2001-09-30,2002Q2,4,INV,750.7593195932457,769.9106176300443,-19.151298036798607,732.7753322330802,739.9016678826331,750.9904895816162,761.3969981564125,768.5147175778018
mango_rmse,medium,2001-09-30,2002Q3,5,INV,752.7729581530775,769.7624823562915,-16.989524203213932,732.8526645793909,740.6984098097217,752.3773676323513,765.2490382873891,772.6864312030756
mango_rmse,medium,2001-09-30,2002Q4,6,INV,754.9763231832009,769.7007323501294,-14.72440916692858,733.258077598678,741.0244831933597,754.8123292162664,768.4680894463445,776.5089027626035
mango_rmse,medium,2001-09-30,2003Q1,7,INV,756.9423134894284,770.4669957019948,-13.524682212566404,733.4019140235987,742.2487317326792,757.1331667461036,771.5419424910979,780.3804302077727
mango_rmse,medium,2001-09-30,2003Q2,8,INV,758.7419971779757,771.1547636745522,-12.412766496576523,732.9298251663107,743.0889794574365,758.9155767103334,774.3211802963008,784.4065831408557
mango_rmse,medium,2001-09-30,2001Q3,1,WAGE,472.20626819085356,454.0471652049154,18.159102985938148,471.13968114298126,471.5533289984674,472.19234302265573,472.87409892809023,473.2626221133953
mango_rmse,medium,2001-09-30,2001Q4,2,WAGE,472.53065988377386,455.048166063729,17.48249382004485,471.02741142053895,471.62383116933023,472.5211945259621,473.47270947930986,474.0891149243418
mango_rmse,medium,2001-09-30,2002Q1,3,WAGE,472.87112720077414,455.1706116118767,17.700515588897417,470.97571711684134,471.72694605121467,472.8617048026498,473.9882404900887,474.84503966143285
mango_rmse,medium,2001-09-30,2002Q2,4,WAGE,473.1762128241939,455.23704943958904,17.939163384604853,470.9188723787671,471.8036032266544,473.1365056606717,474.5321236582342,475.49892545123413
mango_rmse,medium,2001-09-30,2002Q3,5,WAGE,473.4700401049681,455.20858148956364,18.26145861540448,471.00711580505794,471.95776921430814,473.4934624784898,475.0261692038343,476.1133079815548
mango_rmse,medium,2001-09-30,2002Q4,6,WAGE,473.77873096965675,454.88855079768575,18.890180171970997,470.92225997219697,472.0377017014304,473.7892493842732,475.5054197272154,476.74073934257626
mango_rmse,medium,2001-09-30,2003Q1,7,WAGE,474.0626802402707,454.48042807016486,19.582252170105846,470.96517094947626,472.1501218117874,474.0526108426084,475.9739213179256,477.23109135833647
mango_rmse,medium,2001-09-30,2003Q2,8,WAGE,474.35979658450293,456.34415305750383,18.0156435269991,470.93041817187003,472.25430103204064,474.34560341119004,476.45486437903685,477.8330041238122
mango_rmse,medium,2001-12-31,2001Q4,1,CONS,878.2332176335796,910.5812176510452,-32.348000017465665,876.8944314953726,877.4070025523412,878.2368275864395,879.0503297885368,879.5476842087467
mango_rmse,medium,2001-12-31,2002Q1,2,CONS,879.3402018364118,910.8036070224157,-31.46340518600391,877.462617689162,878.2006998313865,879.3521198152647,880.4555214059449,881.2249172957812
mango_rmse,medium,2001-12-31,2002Q2,3,CONS,880.4388072421141,911.3081614927729,-30.86935425065883,878.133502518338,878.9810302247606,880.4602812700246,881.8700302998128,882.7908501148222
mango_rmse,medium,2001-12-31,2002Q3,4,CONS,881.4602075958885,912.0055533963482,-30.5453458004597,878.7282584662146,879.7781800219082,881.4522852207363,883.0743319842657,884.3387597989314
mango_rmse,medium,2001-12-31,2002Q4,5,CONS,882.4749530810831,912.5602082292284,-30.08525514814528,879.2691790929749,880.5877116537212,882.4327663022852,884.3586052752187,885.6709564110827
mango_rmse,medium,2001-12-31,2003Q1,6,CONS,883.4852241208433,913.0515690533199,-29.566344932476568,880.0289039406607,881.3529945650276,883.4384570213085,885.5698938342076,887.1087789324223
mango_rmse,medium,2001-12-31,2003Q2,7,CONS,884.4890161289734,914.1900383335624,-29.70102220458898,880.6335607831198,882.0325949375703,884.508590386126,886.8477247666563,888.6659499565085
mango_rmse,medium,2001-12-31,2003Q3,8,CONS,885.4903128723591,915.5941312320307,-30.10381835967155,881.170270523438,882.8892921106409,885.3636850315722,888.09438222228,890.0311555202725
mango_rmse,medium,2001-12-31,2001Q4,1,DEFL,470.42238057795106,438.50844547731197,31.913935100639094,469.94808539100256,470.1370088422597,470.4208612942888,470.70958235395545,470.8900866353745
mango_rmse,medium,2001-12-31,2002Q1,2,DEFL,470.9701973977444,438.83068726310324,32.13951013464117,470.1428554232943,470.46373562869826,470.9609597958166,471.48100627646306,471.80131267166155
mango_rmse,medium,2001-12-31,2002Q2,3,DEFL,471.51487070429414,439.17665473510937,32.33821596918477,470.2387151764622,470.74619839730093,471.5073274495918,472.28528013502614,472.73011729140524
mango_rmse,medium,2001-12-31,2002Q3,4,DEFL,472.0864878984841,439.65703601147226,32.42945188701185,470.41146619777294,471.0509083414153,472.0956215989977,473.15072856338713,473.76216066826083
mango_rmse,medium,2001-12-31,2002Q4,5,DEFL,472.67369510895355,440.229483984637,32.44421112431655,470.47673783011277,471.315871886943,472.70036599272873,474.04088339769356,474.82514090877703
mango_rmse,medium,2001-12-31,2003Q1,6,DEFL,473.2651182466741,440.72678772271144,32.53833052396266,470.53453490194823,471.56759055756265,473.2990289418659,474.9837099499377,475.9653304036082
mango_rmse,medium,2001-12-31,2003Q2,7,DEFL,473.86775646390913,441.0711268533791,32.79662961053003,470.51093409799677,471.8281609569058,473.91019235418946,475.8679135272354,477.09364222227435
mango_rmse,medium,2001-12-31,2003Q3,8,DEFL,474.4931174097497,441.6379751045544,32.85514230519527,470.3831905417652,472.06235638229873,474.54534039595006,476.9053127999641,478.3227810948632
mango_rmse,medium,2001-12-31,2001Q4,1,FFR,3.566924862675453,2.1333333333333333,1.4335915293421198,1.9796487960544378,2.5949944234981777,3.5655071746786486,4.5426764455997235,5.148670399132096
mango_rmse,medium,2001-12-31,2002Q1,2,FFR,3.726154815261001,1.7333333333333334,1.9928214819276677,1.4447450250378961,2.3622133878617007,3.7083011902255807,5.102415643060802,5.976958121054836
mango_rmse,medium,2001-12-31,2002Q2,3,FFR,3.992402200548742,1.75,2.242402200548742,1.296960369279717,2.3795314146308906,3.9786617448087345,5.6099760789649284,6.780875664091545
mango_rmse,medium,2001-12-31,2002Q3,4,FFR,4.176720630522309,1.74,2.4367206305223084,1.0912349468400409,2.2950677701491937,4.194869471921447,6.081624786846493,7.272366805786006
mango_rmse,medium,2001-12-31,2002Q4,5,FFR,4.4101615635662865,1.4433333333333334,2.966828230232953,1.0479811706791275,2.3371766114504116,4.453532752876578,6.453512579544138,7.879827320033427
mango_rmse,medium,2001-12-31,2003Q1,6,FFR,4.623520839922223,1.25,3.3735208399222234,0.9741365316541449,2.4079593370366448,4.686815271567596,6.824065340383834,8.242537668940743
mango_rmse,medium,2001-12-31,2003Q2,7,FFR,4.860665782696854,1.2466666666666668,3.613999116030187,0.8411962835625141,2.496627863657577,4.907683534985521,7.216324242211428,8.722771724656992
mango_rmse,medium,2001-12-31,2003Q3,8,FFR,5.050661479441719,1.0166666666666666,4.0339948127750525,0.8294406708725439,2.436165546633349,5.143514699774713,7.537718395524826,9.069238435749831
mango_rmse,medium,2001-12-31,2001Q4,1,GDP,914.9751901936767,949.4381900682963,-34.46299987461964,913.447356411764,914.0478057604672,914.9852378806927,915.9033801300269,916.5183332081616
mango_rmse,medium,2001-12-31,2002Q1,2,GDP,916.0971627545122,950.2630063031164,-34.16584354860424,913.8916213910314,914.7330375708971,916.1325234468263,917.4413924243788,918.3184067181261
mango_rmse,medium,2001-12-31,2002Q2,3,GDP,917.2338141708261,950.8766222794621,-33.64280810863602,914.5616403640022,915.6066525524895,917.2450149596918,918.8675708041612,919.8656853603561
mango_rmse,medium,2001-12-31,2002Q3,4,GDP,918.2652816080412,951.2793389900701,-33.01405738202891,915.0575870407826,916.3157288595381,918.232990747875,920.225568013292,921.4470182614651
mango_rmse,medium,2001-12-31,2002Q4,5,GDP,919.302381604553,951.4099094767561,-32.107527872203036,915.6402196381918,917.006921459444,919.3121919872581,921.5684891177045,922.9389106249232
mango_rmse,medium,2001-12-31,2003Q1,6,GDP,920.329276721712,951.9253022305498,-31.596025508837897,916.3833111784368,917.8225032389691,920.3127112074708,922.8234978059373,924.2608543561608
mango_rmse,medium,2001-12-31,2003Q2,7,GDP,921.3681976387269,952.8147130216528,-31.446515382925895,916.9464317108216,918.6025830116644,921.4154103506118,924.1051771925382,925.7869298639032
mango_rmse,medium,2001-12-31,2003Q3,8,GDP,922.3435187547173,954.4678690555788,-32.12435030086158,917.5850230054447,919.3361781506128,922.3503459841759,925.286571381144,927.1914883526977
mango_rmse,medium,2001-12-31,2001Q4,1,HOURS,478.64629767329734,461.1539856495769,17.492312023720444,477.2251710846367,477.77935533370925,478.6445370831917,479.5039069496711,480.0445434811557
mango_rmse,medium,2001-12-31,2002Q1,2,HOURS,479.32866494702284,460.304793560699,19.023871386323833,477.21067150833846,478.06133242771404,479.33249280108805,480.62379580124735,481.4542051928124
mango_rmse,medium,2001-12-31,2002Q2,3,HOURS,480.09184306630664,460.5650070824942,19.52683598381242,477.5233599386919,478.4978499971444,480.0917027855311,481.72106356111954,482.76275107342104
mango_rmse,medium,2001-12-31,2002Q3,4,HOURS,480.84529521957177,460.1985119043317,20.646783315240043,477.86831412943366,478.99835002598087,480.78661223512324,482.8003095687593,484.03376741390883
mango_rmse,medium,2001-12-31,2002Q4,5,HOURS,481.60104220539137,460.322830175075,21.278212030316354,478.08011088285957,479.4233665800388,481.6527773758732,483.7750387296042,485.0812987902698
mango_rmse,medium,2001-12-31,2003Q1,6,HOURS,482.33834941125286,459.80045742031797,22.537891990934895,478.5190084490768,479.99299773298713,482.27959570556277,484.7198716376122,486.2780032407949
mango_rmse,medium,2001-12-31,2003Q2,7,HOURS,483.0807905247469,459.5099647910325,23.5708257337144,478.87169516001666,480.50175540962067,483.0699788860279,485.69187740549137,487.44089667971065
mango_rmse,medium,2001-12-31,2003Q3,8,HOURS,483.7933215145529,459.652290579554,24.141030934998867,479.19133706941585,481.0658818528113,483.7994739423716,486.5487079922708,488.39072864962145
mango_rmse,medium,2001-12-31,2001Q4,1,INV,741.5326434028788,765.3732073186615,-23.840563915782695,732.5841924347449,736.2211033133202,741.6692921953888,746.9382446177588,750.1448428924447
mango_rmse,medium,2001-12-31,2002Q1,2,INV,744.1871077838888,768.2808199922722,-24.09371220838341,731.5981074123773,736.3938053589357,744.2627484646512,751.8497417911362,756.7431715103561
mango_rmse,medium,2001-12-31,2002Q2,3,INV,746.9799019031802,769.9106176300443,-22.930715726864037,731.8176035414118,737.9241390186858,746.7901640898365,756.0799359588814,762.4181274552451
mango_rmse,medium,2001-12-31,2002Q3,4,INV,749.1715802255937,769.7624823562915,-20.590902130697714,731.1972010176729,738.3608816442818,749.2512197918959,759.96458430811,766.8341981383708
mango_rmse,medium,2001-12-31,2002Q4,5,INV,751.496106258487,769.7007323501294,-18.204626091642467,730.9269376774581,739.3979090321196,751.6691644264573,763.436999980334,771.8719199741954
mango_rmse,medium,2001-12-31,2003Q1,6,INV,753.5497315731295,770.4669957019948,-16.917264128865327,730.2957092453393,740.2263577154459,753.6384377701784,766.5224626912235,776.030198850962
mango_rmse,medium,2001-12-31,2003Q2,7,INV,755.6019338851752,771.1547636745522,-15.552829789377029,730.5211535100657,740.9415188643237,755.8106482499365,770.5053221105534,779.8149894969222
mango_rmse,medium,2001-12-31,2003Q3,8,INV,757.5907051767728,774.7337305880717,-17.143025411298936,731.4208331311667,741.8744218865685,757.4095149503789,773.1787876169161,784.5771717794491
mango_rmse,medium,2001-12-31,2001Q4,1,WAGE,473.40847908326987,455.048166063729,18.360313019540854,472.32330630746327,472.77706364884494,473.41350990770945,474.0323464426148,474.4844353890726
mango_rmse,medium,2001-12-31,2002Q1,2,WAGE,473.7927003427148,455.1706116118767,18.622088730838072,472.2765497195644,472.8960091205558,473.80835046737013,474.69526800931664,475.2800521615398
mango_rmse,medium,2001-12-31,2002Q2,3,WAGE,474.15664945723444,455.23704943958904,18.919600017645394,472.2277978310713,472.99645013048433,474.1593120674946,475.3406894871419,476.091155099751
mango_rmse,medium,2001-12-31,2002Q3,4,WAGE,474.4866682972702,455.20858148956364,19.278086807706586,472.21871312495017,473.124690187099,474.47059540710353,475.867883054675,476.78492154575366
mango_rmse,medium,2001-12-31,2002Q4,5,WAGE,474.8165714510208,454.88855079768575,19.928020653335068,472.15481840724397,473.2637634889586,474.81162473387815,476.38894038208036,477.463181312661
mango_rmse,medium,2001-12-31,2003Q1,6,WAGE,475.1494057064035,454.48042807016486,20.66897763623865,472.2433709891904,473.35289459697333,475.14148675229956,476.96293541125453,478.12287077844246
mango_rmse,medium,2001-12-31,2003Q2,7,WAGE,475.49000685956906,456.34415305750383,19.145853802065233,472.2516524396505,473.5050884233305,475.5122932317336,477.45571549383493,478.7447271663768
mango_rmse,medium,2001-12-31,2003Q3,8,WAGE,475.80429080563977,457.07961088967545,18.724679915964316,472.17998531078786,473.6429578906512,475.79090864672594,477.9784325053127,479.3698260735076
mango_rmse,medium,2002-03-31,2002Q1,1,CONS,879.8793440431926,910.8036070224157,-30.924262979223045,878.554443952606,879.0850896307443,879.8883129651886,880.6706077836313,881.1831939452376
mango_rmse,medium,2002-03-31,2002Q2,2,CONS,881.1680621648674,911.3081614927729,-30.140099327905546,879.2738075912073,879.9832711487835,881.1974021800097,882.2816303454287,883.0836635697397
mango_rmse,medium,2002-03-31,2002Q3,3,CONS,882.4071096254929,912.0055533963482,-29.598443770855283,880.1149074654605,880.9331397651284,882.3831901721225,883.8928144223115,884.8047560190953
mango_rmse,medium,2002-03-31,2002Q4,4,CONS,883.60765014894,912.5602082292284,-28.952558080288327,880.7508020613112,881.909791456514,883.601217897723,885.3419993305203,886.458014544377
mango_rmse,medium,2002-03-31,2003Q1,5,CONS,884.7826642886893,913.0515690533199,-28.268904764630634,881.5487730599192,882.7815475597239,884.7772485329615,886.8062974687776,888.0672197739212
mango_rmse,medium,2002-03-31,2003Q2,6,CONS,885.9372941623866,914.1900383335624,-28.252744171175777,882.2818982920911,883.6046255282052,885.9126210671702,888.2169767939349,889.6661534498954
mango_rmse,medium,2002-03-31,2003Q3,7,CONS,887.053083873979,915.5941312320307,-28.541047358051742,883.0952313767724,884.5201933151321,887.0343499921257,889.5376583142046,891.0960550801425
mango_rmse,medium,2002-03-31,2003Q4,8,CONS,888.1492318115834,916.2802228701386,-28.130991058555196,883.8505466570034,885.4298748144766,888.1252409191304,890.8977509881838,892.6040134938188
mango_rmse,medium,2002-03-31,2002Q1,1,DEFL,470.1028362782211,438.83068726310324,31.27214901511786,469.6375585725358,469.8208048173517,470.1048524591413,470.388316322298,470.5722354963174
mango_rmse,medium,2002-03-31,2002Q2,2,DEFL,470.33019353586513,439.17665473510937,31.15353880075577,469.4930207456604,469.82210429597376,470.34793319955054,470.8201414217517,471.18052198542586
mango_rmse,medium,2002-03-31,2002Q3,3,DEFL,470.5614189421926,439.65703601147226,30.904382930720317,469.31937973808516,469.79728403262993,470.570984895855,471.31255193379303,471.79962480539626
mango_rmse,medium,2002-03-31,2002Q4,4,DEFL,470.79841534713563,440.229483984637,30.56893136249863,469.1240482751439,469.7743428862005,470.79291286556406,471.808284298666,472.5461883068263
mango_rmse,medium,2002-03-31,2003Q1,5,DEFL,471.070371384346,440.72678772271144,30.343583661634568,468.94867969289095,469.7558489363561,471.0413778241185,472.3728690227969,473.32095635315966
mango_rmse,medium,2002-03-31,2003Q2,6,DEFL,471.3709245367116,441.0711268533791,30.299797683332486,468.6519365040017,469.7908621187049,471.3429012474061,472.96382673784893,474.0946070688708
mango_rmse,medium,2002-03-31,2003Q3,7,DEFL,471.6912004253211,441.6379751045544,30.05322532076667,468.33245487714976,469.7138488354857,471.6755253105332,473.6453936657516,475.009975098716
mango_rmse,medium,2002-03-31,2003Q4,8,DEFL,472.02680611286786,442.25205753903714,29.77474857383072,468.03696865570294,469.7029555951782,472.00688169141705,474.37570624684855,475.8872693343517
mango_rmse,medium,2002-03-31,2002Q1,1,FFR,2.1060747673394578,1.7333333333333334,0.37274143400612436,0.49388464836687346,1.1679723243082625,2.1044599888161377,3.050844939572843,3.679086086579928
mango_rmse,medium,2002-03-31,2002Q2,2,FFR,2.173092149006787,1.75,0.42309214900678693,-0.06265369361704326,0.8132362603436343,2.1731435287166008,3.582342630060624,4.478484589982886
mango_rmse,medium,2002-03-31,2002Q3,3,FFR,2.3818273758227155,1.74,0.6418273758227155,-0.42278230931999666,0.6528360380900434,2.3585109701841196,4.107916026395704,5.271635488678593
mango_rmse,medium,2002-03-31,2002Q4,4,FFR,2.6373248209332587,1.4433333333333334,1.1939914875999253,-0.6015160872835468,0.6477340954229378,2.619561183994462,4.6033904076682575,5.901452536718382
mango_rmse,medium,2002-03-31,2003Q1,5,FFR,2.869722419918957,1.25,1.6197224199189568,-0.8472813464260407,0.5980271967826325,2.921469237300947,5.137180081031834,6.37387839894594
mango_rmse,medium,2002-03-31,2003Q2,6,FFR,3.131012231347738,1.2466666666666668,1.8843455646810712,-0.7283222861838433,0.7562010327089335,3.1885475615781687,5.489656144362688,6.8949659528337905
mango_rmse,medium,2002-03-31,2003Q3,7,FFR,3.371251622262591,1.0166666666666666,2.354584955595924,-0.7217900710824267,0.8045555691717055,3.4274860394936826,5.865597015075567,7.533034891043995
mango_rmse,medium,2002-03-31,2003Q4,8,FFR,3.5373761797020427,0.9966666666666667,2.540709513035376,-0.7492256352887936,0.9169607233386601,3.581077130101508,6.23095947694321,7.8272409099498015
mango_rmse,medium,2002-03-31,2002Q1,1,GDP,915.449703982981,950.2630063031164,-34.81330232013545,913.9474147220599,914.5364524898349,915.4547098379155,916.3689258974734,916.9967643701526
mango_rmse,medium,2002-03-31,2002Q2,2,GDP,916.6858716996683,950.8766222794621,-34.19075057979387,914.4187108588101,915.330778060329,916.7038235774248,918.0248049105546,918.8785484627389
mango_rmse,medium,2002-03-31,2002Q3,3,GDP,917.9682166116017,951.2793389900701,-33.311122378468326,915.1529201014592,916.2536754972708,917.9473840285609,919.690547778625,920.7304172973968
mango_rmse,medium,2002-03-31,2002Q4,4,GDP,919.1817925990824,951.4099094767561,-32.22811687767364,915.7791085605396,917.2224184348867,919.1822344386485,921.2010959070329,922.5173401457894
mango_rmse,medium,2002-03-31,2003Q1,5,GDP,920.3893883876187,951.9253022305498,-31.53591384293111,916.7192938442307,918.1502528429733,920.3606987811743,922.6541026045451,924.2489082445511
mango_rmse,medium,2002-03-31,2003Q2,6,GDP,921.5681516165934,952.8147130216528,-31.246561405059424,917.4651716283345,919.0119258208465,921.5629896075827,924.1188920912249,925.8776512569079
mango_rmse,medium,2002-03-31,2003Q3,7,GDP,922.6925036197096,954.4678690555788,-31.775365435869276,918.041447442767,919.9763519321297,922.6559601142185,925.502704271806,927.4374690879735
mango_rmse,medium,2002-03-31,2003Q4,8,GDP,923.7843469929657,955.6153064688727,-31.830959475907093,918.7626940317685,920.7326116714926,923.7535234467912,926.8156215454749,928.8662262600764
mango_rmse,medium,2002-03-31,2002Q1,1,HOURS,477.75833496336605,460.304793560699,17.453541402667042,476.29125091953875,476.8685167322118,477.75903024163176,478.65897608637084,479.22773845187004
mango_rmse,medium,2002-03-31,2002Q2,2,HOURS,478.5095153148639,460.5650070824942,17.944508232369685,476.2842413443828,477.17635451999246,478.4899806965208,479.87326997198915,480.781526837636
mango_rmse,medium,2002-03-31,2002Q3,3,HOURS,479.3409426967334,460.1985119043317,19.142430792401683,476.52356812241317,477.59186213648206,479.3518723452812,481.05375120812636,482.2588084546388
mango_rmse,medium,2002-03-31,2002Q4,4,HOURS,480.20914040325664,460.322830175075,19.886310228181628,476.9186382684491,478.2058120442172,480.2022863585969,482.22888581606037,483.5710006212536
mango_rmse,medium,2002-03-31,2003Q1,5,HOURS,481.05586263413375,459.80045742031797,21.255405213815777,477.2784458515997,478.73206161323066,481.03142834995526,483.34463353279904,484.73209492181815
mango_rmse,medium,2002-03-31,2003Q2,6,HOURS,481.8949936309137,459.5099647910325,22.385028839881215,477.7651279949343,479.40865383263633,481.9633811700289,484.30521494033576,486.0907445292526
mango_rmse,medium,2002-03-31,2003Q3,7,HOURS,482.6896919056234,459.652290579554,23.037401326069414,478.20368653344826,479.95272530080473,482.702314999108,485.3698659819301,487.29439829709986
mango_rmse,medium,2002-03-31,2003Q4,8,HOURS,483.45649436584785,460.1332832756836,23.32321109016425,478.62953259207006,480.54237294800475,483.4305406837486,486.4308321739843,488.4511558981323
mango_rmse,medium,2002-03-31,2002Q1,1,INV,735.0449309748733,768.2808199922722,-33.235889017398904,726.3079228458862,729.6578119722097,735.1019892846646,740.1428619658678,744.0774477038441
mango_rmse,medium,2002-03-31,2002Q2,2,INV,738.0971989314883,769.9106176300443,-31.813418698556006,725.5784682054001,730.6641423329647,738.1232567891498,745.524550683579,750.3634137672955
mango_rmse,medium,2002-03-31,2002Q3,3,INV,741.3924334675196,769.7624823562915,-28.370048888771862,726.1460216070861,732.2330880784359,741.4136523371656,750.7278916125828,756.4000577980212
mango_rmse,medium,2002-03-31,2002Q4,4,INV,744.0662744548667,769.7007323501294,-25.6344578952627,725.5606174879092,733.1852631002722,744.0621100148849,755.1829108412659,762.0523940091937
mango_rmse,medium,2002-03-31,2003Q1,5,INV,746.7629855562681,770.4669957019948,-23.704010145726784,726.4150997606006,733.9752877934627,746.9273824718043,759.1452645731558,766.9459893411967
mango_rmse,medium,2002-03-31,2003Q2,6,INV,749.3712194453673,771.1547636745522,-21.78354422918494,726.9314064263662,735.8928528741335,749.2141248391395,763.1877612719258,772.1723304250986
mango_rmse,medium,2002-03-31,2003Q3,7,INV,751.6367719545574,774.7337305880717,-23.096958633514305,727.5852123850024,736.9381914030214,751.5260564447204,766.621744360422,776.1668320476421
mango_rmse,medium,2002-03-31,2003Q4,8,INV,753.98574343804,778.0471063770386,-24.061362938998627,726.9408234410269,738.3661597568428,753.9079946020117,769.9748001221499,781.842464730734
mango_rmse,medium,2002-03-31,2002Q1,1,WAGE,474.0776157291415,455.1706116118767,18.907004117264762,473.0262012087459,473.4326932868886,474.0932786506939,474.7255386660537,475.1198541400208
mango_rmse,medium,2002-03-31,2002Q2,2,WAGE,474.52075165930074,455.23704943958904,19.2837022197117,473.0184315492737,473.57991824321994,474.5107895969647,475.47111969407115,476.09290714852114
mango_rmse,medium,2002-03-31,2002Q3,3,WAGE,474.9499561157712,455.20858148956364,19.741374626207573,473.00694216543036,473.80297433187286,474.91989476045467,476.18879075958785,476.8873871358659
mango_rmse,medium,2002-03-31,2002Q4,4,WAGE,475.3531296023881,454.88855079768575,20.46457880470234,473.0732745022307,474.0439346675539,475.31268193051534,476.72352735562555,477.630950513814
mango_rmse,medium,2002-03-31,2003Q1,5,WAGE,475.76390317049174,454.48042807016486,21.283475100326882,473.16424949864336,474.2643605473951,475.71563135678934,477.3849434616995,478.42694331386326
mango_rmse,medium,2002-03-31,2003Q2,6,WAGE,476.1725115732002,456.34415305750383,19.82835851569638,473.34549764171004,474.4676624983372,476.1580023570406,477.8904674185252,479.11401868964504
mango_rmse,medium,2002-03-31,2003Q3,7,WAGE,476.5483847368691,457.07961088967545,19.46877384719363,473.4997052907464,474.6593319191496,476.47729721503333,478.48459850117064,479.89331152692347
mango_rmse,medium,2002-03-31,2003Q4,8,WAGE,476.951620057228,458.0857001405808,18.865919916647215,473.5400615050509,474.8772558554114,476.88715141208866,478.99806803665996,480.57932016380687
mango_rmse,medium,2002-06-30,2002Q2,1,CONS,880.6804197463485,911.3081614927729,-30.627741746424363,879.3261280124808,879.859245398495,880.6879292942726,881.4833791914465,881.9987478653559
mango_rmse,medium,2002-06-30,2002Q3,2,CONS,881.953750592607,912.0055533963482,-30.051802803741225,879.9911715047184,880.7736166648335,881.9604754299872,883.1020633146153,883.9687028183605
mango_rmse,medium,2002-06-30,2002Q4,3,CONS,883.1635850263187,912.5602082292284,-29.39662320290961,880.6749064851733,881.7078625143077,883.197429645516,884.6515886042407,885.5703920747269
mango_rmse,medium,2002-06-30,2003Q1,4,CONS,884.3216439164239,913.0515690533199,-28.729925136895986,881.4378497416583,882.4950036325326,884.3612082732005,886.110208717221,887.225147024883
mango_rmse,medium,2002-06-30,2003Q2,5,CONS,885.4631168971309,914.1900383335624,-28.72692143643144,882.1348798296776,883.4183443633399,885.4367505222863,887.5630195625297,888.8307482856499
mango_rmse,medium,2002-06-30,2003Q3,6,CONS,886.5990409790166,915.5941312320307,-28.99509025301404,882.9140053494892,884.2082422283904,886.6274989814419,888.8695552062427,890.4285943280527
mango_rmse,medium,2002-06-30,2003Q4,7,CONS,887.7079562062738,916.2802228701386,-28.572266663864752,883.5653081299495,885.116930267076,887.6916550889362,890.2826693116895,892.0546906154126
mango_rmse,medium,2002-06-30,2004Q1,8,CONS,888.7871870410489,917.2082690958562,-28.421082054807243,884.2236921711788,885.9504648662263,888.7298581868977,891.6166352531412,893.4540978045143
mango_rmse,medium,2002-06-30,2002Q2,1,DEFL,470.38856726327845,439.17665473510937,31.21191252816908,469.9083532306988,470.09937507225254,470.38506051624904,470.68507819367323,470.88865603189123
mango_rmse,medium,2002-06-30,2002Q3,2,DEFL,470.626925548111,439.65703601147226,30.969889536638732,469.7804545164132,470.11700443936394,470.62427855507656,471.14283496534455,471.4823553945458
mango_rmse,medium,2002-06-30,2002Q4,3,DEFL,470.8745133587476,440.229483984637,30.645029374110607,469.6231249480457,470.12223092117705,470.8425220242267,471.6492166625557,472.18416347862
mango_rmse,medium,2002-06-30,2003Q1,4,DEFL,471.1493015189381,440.72678772271144,30.422513796226667,469.41249503837736,470.09426883105164,471.11914177647344,472.21793524416887,472.95466068118935
mango_rmse,medium,2002-06-30,2003Q2,5,DEFL,471.4422782232312,441.0711268533791,30.3711513698521,469.1935261220432,470.0451792349054,471.39136236287743,472.84712897419496,473.7731122454057
mango_rmse,medium,2002-06-30,2003Q3,6,DEFL,471.7650239511692,441.6379751045544,30.127048846614798,469.020534654689,470.0315561113966,471.7246659894673,473.51283717904295,474.66497126785856
mango_rmse,medium,2002-06-30,2003Q4,7,DEFL,472.11154170017795,442.25205753903714,29.859484161140813,468.70802527561307,470.027271390487,472.0290031116581,474.24683023417833,475.6491806213387
mango_rmse,medium,2002-06-30,2004Q1,8,DEFL,472.47785423770785,442.95660169416607,29.521252543541777,468.43370058709775,469.9762791709031,472.4118928697766,475.01170476222796,476.6807174869863
mango_rmse,medium,2002-06-30,2002Q2,1,FFR,1.797954191011161,1.75,0.04795419101116094,0.19770576664968648,0.7722532140494994,1.8317166324920535,2.7724313199030863,3.386964422719181
mango_rmse,medium,2002-06-30,2002Q3,2,FFR,2.0286848283567394,1.74,0.28868482835673936,-0.3584870306629382,0.5794486964921551,2.061998244815685,3.500083618330819,4.386074848801206
mango_rmse,medium,2002-06-30,2002Q4,3,FFR,2.3342953675576923,1.4433333333333334,0.8909620342243589,-0.6647446178214362,0.5733910280939556,2.3326870024422908,4.104528169427716,5.252167677354004
mango_rmse,medium,2002-06-30,2003Q1,4,FFR,2.6074134069868893,1.25,1.3574134069868893,-0.8174895859505971,0.6318230233154457,2.628256223526658,4.625092532986673,5.895555327766957
mango_rmse,medium,2002-06-30,2003Q2,5,FFR,2.8897022521042124,1.2466666666666668,1.6430355854375456,-0.9160106824422475,0.6636754042113887,2.9476523656459195,5.111927583629238,6.398306632697809
mango_rmse,medium,2002-06-30,2003Q3,6,FFR,3.146549410577086,1.0166666666666666,2.1298827439104193,-0.9827158803255581,0.6945215899743065,3.2506984164915638,5.511457242126954,7.094811667158567
mango_rmse,medium,2002-06-30,2003Q4,7,FFR,3.3864555153624365,0.9966666666666667,2.38978884869577,-0.8600089904174517,0.8990505604631462,3.436690962179852,5.916734664711229,7.652198710679897
mango_rmse,medium,2002-06-30,2004Q1,8,FFR,3.6112711226731236,1.0033333333333332,2.6079377893397906,-0.9422929484693188,0.9717958969189187,3.7225111184736894,6.21419338983738,7.966595134313316
mango_rmse,medium,2002-06-30,2002Q2,1,GDP,917.0655355585459,950.8766222794621,-33.81108672091625,915.5133773083518,916.1446062212991,917.0700902161606,918.0065125146189,918.5620869160099
mango_rmse,medium,2002-06-30,2002Q3,2,GDP,918.3808722241371,951.2793389900701,-32.898466765932994,916.21716230044,916.9762023243458,918.3838550464059,919.7497690646081,920.5804826527342
mango_rmse,medium,2002-06-30,2002Q4,3,GDP,919.6983506605712,951.4099094767561,-31.711558816184834,916.9024224558856,918.0435807944621,919.7094663347295,921.3662799588333,922.3297118373732
mango_rmse,medium,2002-06-30,2003Q1,4,GDP,920.9158506617798,951.9253022305498,-31.009451568770032,917.6287241379198,918.9504961677937,920.9331647190337,922.9025721919143,924.2484182099013
mango_rmse,medium,2002-06-30,2003Q2,5,GDP,922.0638513715639,952.8147130216528,-30.750861650088837,918.3701746906565,919.8510624577253,922.0551194752591,924.3608194532081,925.7833375838217
mango_rmse,medium,2002-06-30,2003Q3,6,GDP,923.1945427193983,954.4678690555788,-31.273326336180503,919.001745221047,920.6970508766294,923.2710573925281,925.7154839973276,927.3595131311553
mango_rmse,medium,2002-06-30,2003Q4,7,GDP,924.3389871810085,955.6153064688727,-31.276319287864226,919.7176281684325,921.5888432380667,924.356929118968,927.1409524115303,928.8234166590545
mango_rmse,medium,2002-06-30,2004Q1,8,GDP,925.4386618446161,956.1865880299732,-30.747926185357073,920.5422289423825,922.423491806827,925.4489353461909,928.4927341318607,930.3472752939159
mango_rmse,medium,2002-06-30,2002Q2,1,HOURS,477.2493462659124,460.5650070824942,16.68433918341816,475.81085185859496,476.34614866167357,477.2445149533352,478.1316413502173,478.7040401343608
mango_rmse,medium,2002-06-30,2002Q3,2,HOURS,478.04532857330327,460.1985119043317,17.84681666897154,475.85555376750864,476.67311658932556,478.09532010036855,479.3445908792499,480.1734348114703
mango_rmse,medium,2002-06-30,2002Q4,3,HOURS,478.8917784911607,460.322830175075,18.56894831608571,476.1592643931224,477.18183486452494,478.8938625891387,480.6215527312002,481.65847430725097
mango_rmse,medium,2002-06-30,2003Q1,4,HOURS,479.7094203342905,459.80045742031797,19.908962913972516,476.3628927944811,477.70977007160735,479.73935990309275,481.6902205519253,482.90549931622934
mango_rmse,medium,2002-06-30,2003Q2,5,HOURS,480.498007987893,459.5099647910325,20.98804319686053,476.8005221578451,478.360342264426,480.5191514445378,482.716247144081,484.1234713762601
mango_rmse,medium,2002-06-30,2003Q3,6,HOURS,481.2800036069842,459.652290579554,21.627713027430218,477.07266657184005,478.82829726205114,481.27404759161084,483.7398847948551,485.24286992946594
mango_rmse,medium,2002-06-30,2003Q4,7,HOURS,482.0431568000204,460.1332832756836,21.90987352433683,477.46750826615323,479.3556982157745,482.0560946917499,484.65253388061706,486.45363291553184
mango_rmse,medium,2002-06-30,2004Q1,8,HOURS,482.7651313583364,460.55900978127795,22.206121577058468,477.9967747757147,479.9298878490629,482.72268514824896,485.60898217119086,487.5152466768264
mango_rmse,medium,2002-06-30,2002Q2,1,INV,740.9101082895677,769.9106176300443,-29.000509340476583,732.1291054636602,735.5472461377788,741.012614158929,746.1053812241099,749.3330866859039
mango_rmse,medium,2002-06-30,2002Q3,2,INV,744.1587210255987,769.7624823562915,-25.603761330692805,731.292790397752,736.6233700770757,744.0860982635613,751.8963385870351,756.4712609215377
mango_rmse,medium,2002-06-30,2002Q4,3,INV,747.2918379548266,769.7007323501294,-22.40889439530281,731.5651774701589,737.7530504594935,747.3269516587451,756.7250646300121,763.0789079107305
mango_rmse,medium,2002-06-30,2003Q1,4,INV,750.0915854618479,770.4669957019948,-20.375410240146948,731.6645550628891,738.4708933023958,750.2118587082223,761.1511264597964,768.3089450402406
mango_rmse,medium,2002-06-30,2003Q2,5,INV,752.4662988519909,771.1547636745522,-18.688464822561286,731.4836504916069,739.3794951874871,752.3328479163793,765.2467097105033,773.2945163685565
mango_rmse,medium,2002-06-30,2003Q3,6,INV,754.8838032164235,774.7337305880717,-19.849927371648164,732.1218235639088,740.1550741916059,754.8895049697682,769.1048423685878,778.1799593660083
mango_rmse,medium,2002-06-30,2003Q4,7,INV,757.342327602431,778.0471063770386,-20.704778774607576,732.9207989923897,741.5210043872602,757.2810796878341,772.6824479714792,782.6257580531625
mango_rmse,medium,2002-06-30,2004Q1,8,INV,759.6342997850113,778.2453302745937,-18.61103048958239,732.7923737830527,742.9054679042962,759.2204627675943,776.3704854963258,787.254690119967
mango_rmse,medium,2002-06-30,2002Q2,1,WAGE,474.8153801436954,455.23704943958904,19.57833070410635,473.7541811375963,474.16803987605874,474.8359611746205,475.43376870973464,475.8482460617103
mango_rmse,medium,2002-06-30,2002Q3,2,WAGE,475.2809389111916,455.20858148956364,20.07235742162794,473.7716590886037,474.3483694766739,475.2767266017843,476.2205995945901,476.83305241536544
mango_rmse,medium,2002-06-30,2002Q4,3,WAGE,475.72319294758915,454.88855079768575,20.834642149903402,473.81672132652824,474.54770937163516,475.69346431041276,476.92064958631835,477.60256531753294
mango_rmse,medium,2002-06-30,2003Q1,4,WAGE,476.1401373477944,454.48042807016486,21.65970927762953,473.8316438546103,474.79866165228395,476.12694312573694,477.49900206312856,478.3872873375956
mango_rmse,medium,2002-06-30,2003Q2,5,WAGE,476.5618056470203,456.34415305750383,20.21765258951649,473.9961547616713,474.9487418182348,476.55768116341716,478.17987168267103,479.2221270614037
mango_rmse,medium,2002-06-30,2003Q3,6,WAGE,476.9565976153197,457.07961088967545,19.876986725644258,473.9930646241299,475.14544912690195,476.9463869822407,478.75437305781355,479.942266885345
mango_rmse,medium,2002-06-30,2003Q4,7,WAGE,477.3568325778159,458.0857001405808,19.27113243723511,474.02812506947475,475.2978589300567,477.32412217252494,479.35070127380465,480.6905233972194
mango_rmse,medium,2002-06-30,2004Q1,8,WAGE,477.7462828942696,457.05166274882123,20.69462014544837,474.1112386545131,475.52958948971826,477.73614905556826,479.92845826357126,481.3961573877292
mango_rmse,medium,2002-09-30,2002Q3,1,CONS,879.7629051134079,912.0055533963482,-32.24264828294031,878.4268584119,878.9382125295276,879.7632357954902,880.5729392374815,881.1478393179872
mango_rmse,medium,2002-09-30,2002Q4,2,CONS,880.9041621091175,912.5602082292284,-31.656046120110886,878.9622746911677,879.6946565792636,880.9162752644481,882.068843708966,882.8689795115598
mango_rmse,medium,2002-09-30,2003Q1,3,CONS,882.0382768650143,913.0515690533199,-31.013292188305627,879.5586771396407,880.5142922980718,882.0235959712716,883.5152656747407,884.5068067275708
mango_rmse,medium,2002-09-30,2003Q2,4,CONS,883.1210219664508,914.1900383335624,-31.069016367111544,880.1526083052333,881.4090921745916,883.1187669134024,884.7983182187617,886.0730865463963
mango_rmse,medium,2002-09-30,2003Q3,5,CONS,884.1846084534692,915.5941312320307,-31.409522778561495,880.827760519271,882.1560052157085,884.2244144095584,886.1978967974892,887.5616442776045
mango_rmse,medium,2002-09-30,2003Q4,6,CONS,885.2410595744132,916.2802228701386,-31.039163295725416,881.4775065817648,883.0461933168016,885.2351001329472,887.542417097122,889.0478165052566
mango_rmse,medium,2002-09-30,2004Q1,7,CONS,886.2514310922243,917.2082690958562,-30.9568380036319,882.069687203972,883.7910144311702,886.2570074140392,888.7946264345724,890.4959109333342
mango_rmse,medium,2002-09-30,2004Q2,8,CONS,887.2859443447259,917.752436881049,-30.46649253632313,882.791008445748,884.5255835839404,887.3450406459672,890.0570621905551,892.0001498844641
mango_rmse,medium,2002-09-30,2002Q3,1,DEFL,470.73143118876516,439.65703601147226,31.0743951772929,470.2414973163038,470.4452335814982,470.7335909191791,471.0162715907379,471.20879431396156
mango_rmse,medium,2002-09-30,2002Q4,2,DEFL,470.9681496275312,440.229483984637,30.738665642894205,470.0962051511053,470.4561445596684,470.9843313655998,471.4666508679918,471.79425012278176
mango_rmse,medium,2002-09-30,2003Q1,3,DEFL,471.2457875021889,440.72678772271144,30.51899977947744,470.01482609916167,470.48594563769205,471.253492007202,471.9830837828989,472.48931542109347
mango_rmse,medium,2002-09-30,2003Q2,4,DEFL,471.54323956665485,441.0711268533791,30.47211271327575,469.86357968836853,470.53008209824446,471.5633546965445,472.55423397838933,473.2223119770377
mango_rmse,medium,2002-09-30,2003Q3,5,DEFL,471.8571655712321,441.6379751045544,30.219190466677674,469.6427375446501,470.52285078957453,471.85952700519,473.16949087192995,474.07336535864187
mango_rmse,medium,2002-09-30,2003Q4,6,DEFL,472.1839737984018,442.25205753903714,29.93191625936464,469.3968737600019,470.5253102660717,472.2340821578023,473.858401281938,474.9001250952857
mango_rmse,medium,2002-09-30,2004Q1,7,DEFL,472.53310610504894,442.95660169416607,29.576504410882876,469.12952272880955,470.4602954789101,472.5086149371806,474.53555497171715,475.7883833852171
mango_rmse,medium,2002-09-30,2004Q2,8,DEFL,472.90474090184426,443.75677692001574,29.147963981828525,468.86768390653265,470.4782450899486,472.88207786362824,475.27797993860025,476.8591395123368
mango_rmse,medium,2002-09-30,2002Q3,1,FFR,1.927041948637282,1.74,0.18704194863728207,0.36620525294645195,0.9916281187321057,1.9267500812077127,2.8899143938804386,3.4839315956798993
mango_rmse,medium,2002-09-30,2002Q4,2,FFR,2.1749894971709196,1.4433333333333334,0.7316561638375862,-0.14645859752617577,0.787296936374058,2.1771653104084567,3.562072721834388,4.456430302937954
mango_rmse,medium,2002-09-30,2003Q1,3,FFR,2.396091135286562,1.25,1.1460911352865621,-0.3305638576037712,0.809966372894916,2.3959100858112823,4.022173829207505,5.1511632101365965
mango_rmse,medium,2002-09-30,2003Q2,4,FFR,2.631820947145403,1.2466666666666668,1.385154280478736,-0.646965907469482,0.73074289615675,2.632771470298843,4.484760275548413,5.886980360316815
mango_rmse,medium,2002-09-30,2003Q3,5,FFR,2.852390601643474,1.0166666666666666,1.8357239349768073,-0.7482641895828842,0.6271602768363387,2.882593524833878,5.018730563970088,6.46643446493373
mango_rmse,medium,2002-09-30,2003Q4,6,FFR,3.049628739628116,0.9966666666666667,2.0529620729614493,-0.8304132094435135,0.6651039421956177,3.053568728921882,5.409344297125309,6.9117590297884375
mango_rmse,medium,2002-09-30,2004Q1,7,FFR,3.246099376668793,1.0033333333333332,2.24276604333546,-0.7931015406407186,0.8182181155166628,3.249447587484942,5.639256291536172,7.569971558086757
mango_rmse,medium,2002-09-30,2004Q2,8,FFR,3.445189938897688,1.01,2.435189938897688,-0.858563296107445,0.8269833890186135,3.492865074505273,6.043158388352633,7.8389770580586475
mango_rmse,medium,2002-09-30,2002Q3,1,GDP,915.9530363370706,951.2793389900701,-35.326302652999516,914.4133117885339,914.988119733239,915.9615638742496,916.8949428880417,917.4928463216046
mango_rmse,medium,2002-09-30,2002Q4,2,GDP,917.1284321428217,951.4099094767561,-34.28147733393439,914.880504645099,915.6962962114716,917.1742656996103,918.4954003657716,919.355828216863
mango_rmse,medium,2002-09-30,2003Q1,3,GDP,918.292210378358,951.9253022305498,-33.6330918521918,915.377890019898,916.5591883723371,918.2596224918051,920.0298284714858,921.1765150158385
mango_rmse,medium,2002-09-30,2003Q2,4,GDP,919.3778333592608,952.8147130216528,-33.436879662392016,916.008627517096,917.3078539642893,919.360765663936,921.4195842420244,922.7325829274174
mango_rmse,medium,2002-09-30,2003Q3,5,GDP,920.5008805124656,954.4678690555788,-33.96698854311319,916.6367431819461,918.1757427587247,920.5883855438606,922.874878050837,924.2333928724167
mango_rmse,medium,2002-09-30,2003Q4,6,GDP,921.5644434337187,955.6153064688727,-34.050863035154066,917.3131260270031,918.9557315806954,921.6172665166404,924.1187597279115,925.7366630729285
mango_rmse,medium,2002-09-30,2004Q1,7,GDP,922.60611802347,956.1865880299732,-33.58047000650322,917.939189188938,919.7907324168306,922.6499232179049,925.3445681499858,927.3490548702644
mango_rmse,medium,2002-09-30,2004Q2,8,GDP,923.6514555397906,956.9623102681346,-33.310854728344,918.7707958679056,920.6994552775866,923.6028389736616,926.7247967122302,928.7084606867821
mango_rmse,medium,2002-09-30,2002Q3,1,HOURS,476.759421839937,460.1985119043317,16.560909935605252,475.31462292115305,475.8851166995358,476.76232806433075,477.6670153587802,478.2202501158579
mango_rmse,medium,2002-09-30,2002Q4,2,HOURS,477.4756747828104,460.322830175075,17.152844607735403,475.28435633225416,476.1396206412802,477.47625678413124,478.8096866128263,479.6653361587072
mango_rmse,medium,2002-09-30,2003Q1,3,HOURS,478.2203678058288,459.80045742031797,18.419910385510832,475.3993882210653,476.53606102488294,478.1891893026419,479.9555396016144,481.05647754414673
mango_rmse,medium,2002-09-30,2003Q2,4,HOURS,478.95810399903553,459.5099647910325,19.448139208003056,475.5929465725909,476.9126003748286,479.0249086054836,480.9530036544917,482.41162261755
mango_rmse,medium,2002-09-30,2003Q3,5,HOURS,479.7023787128065,459.652290579554,20.050088133252473,475.76360055684137,477.33095935702016,479.65925232791903,481.97971626534644,483.61624749868764
mango_rmse,medium,2002-09-30,2003Q4,6,HOURS,480.4539482060276,460.1332832756836,20.32066493034398,476.1965155280654,477.91535648329466,480.49516124006374,483.0511734752922,484.6594455998435
mango_rmse,medium,2002-09-30,2004Q1,7,HOURS,481.1438192980934,460.55900978127795,20.584809516815426,476.5448762774771,478.321042010254,481.1691102473903,483.8587782765064,485.7297268120858
mango_rmse,medium,2002-09-30,2004Q2,8,HOURS,481.8457077110562,460.6459354652963,21.199772245759902,476.836887661783,478.79958472838945,481.85488679043,484.81906065918747,486.75531797494574
mango_rmse,medium,2002-09-30,2002Q3,1,INV,739.6557473634912,769.7624823562915,-30.106734992800284,730.4866892045193,734.3017742297342,739.7056940285725,745.167753368096,748.5390065719804
mango_rmse,medium,2002-09-30,2002Q4,2,INV,742.2046921796638,769.7007323501294,-27.496040170465676,728.7617380908941,734.5287177260627,742.3154018532268,749.9957537162484,754.9873256139949
mango_rmse,medium,2002-09-30,2003Q1,3,INV,744.9564829217949,770.4669957019948,-25.510512780199974,728.2717341979236,735.0191709287452,744.976388963235,754.5075710334672,761.5600864017072
mango_rmse,medium,2002-09-30,2003Q2,4,INV,747.2404313509579,771.1547636745522,-23.914332323594294,728.5740307485847,735.7300231258581,747.4009290276565,758.4076662415094,766.2595699314728
mango_rmse,medium,2002-09-30,2003Q3,5,INV,749.7789704006807,774.7337305880717,-24.954760187391003,728.1487956020161,736.8046187183409,749.902867040625,762.4187652801922,770.6012242613723
mango_rmse,medium,2002-09-30,2003Q4,6,INV,752.0573378398931,778.0471063770386,-25.98976853714555,728.8709709036566,737.6801339975003,752.1205745190857,766.4952683466691,775.7553562764821
mango_rmse,medium,2002-09-30,2004Q1,7,INV,754.3139444668262,778.2453302745937,-23.93138580776747,728.353694030135,738.8230400168125,753.9548223321339,770.081407852128,780.662911514906
mango_rmse,medium,2002-09-30,2004Q2,8,INV,756.45397850412,782.1621073069788,-25.708128802858823,729.1616690312924,740.3596068487262,756.4115723933458,772.7566727995554,784.8642544347442
mango_rmse,medium,2002-09-30,2002Q3,1,WAGE,471.5894077412319,455.20858148956364,16.38082625166828,470.46574482120604,470.9344711154522,471.591458726753,472.26033311779236,472.6773969105909
mango_rmse,medium,2002-09-30,2002Q4,2,WAGE,471.9317504027428,454.88855079768575,17.043199605057055,470.29886333715666,470.96714102012544,471.92214310394877,472.9084003128494,473.52796395925685
mango_rmse,medium,2002-09-30,2003Q1,3,WAGE,472.2792390467889,454.48042807016486,17.798810976624054,470.3226628035179,471.09445714987135,472.263708162988,473.4818427066826,474.34026128951007
mango_rmse,medium,2002-09-30,2003Q2,4,WAGE,472.59452356147756,456.34415305750383,16.250370503973727,470.2720818674449,471.1769955322899,472.54526768871574,473.9906988157373,475.0033492441572
mango_rmse,medium,2002-09-30,2003Q3,5,WAGE,472.89380000380123,457.07961088967545,15.814189114125782,470.19037341308734,471.29907896998316,472.8747380927721,474.5078595387012,475.6079830069279
mango_rmse,medium,2002-09-30,2003Q4,6,WAGE,473.1750987061821,458.0857001405808,15.0893985656013,470.14508493493247,471.36016685822665,473.18434917730735,475.0132858654605,476.1285912012883
mango_rmse,medium,2002-09-30,2004Q1,7,WAGE,473.5050482861272,457.05166274882123,16.453385537305962,470.1181655610436,471.53087105136615,473.48500959123294,475.4968698675949,476.834874695831
mango_rmse,medium,2002-09-30,2004Q2,8,WAGE,473.80970158905683,458.1881088010138,15.621592788043017,470.0163208015812,471.6755876688351,473.8278251807752,476.0156620801489,477.458835156453
mango_rmse,medium,2002-12-31,2002Q4,1,CONS,880.7539356729169,912.5602082292284,-31.806272556311455,879.4148884847081,879.946241581333,880.7667483107919,881.539576822312,882.0688064572068
mango_rmse,medium,2002-12-31,2003Q1,2,CONS,881.8518657630893,913.0515690533199,-31.19970329023056,879.9064024301473,880.6959919146823,881.8524199119665,883.0252684321206,883.7856076024632
mango_rmse,medium,2002-12-31,2003Q2,3,CONS,882.935458145696,914.1900383335624,-31.254580187866395,880.4261303379998,881.4615150503216,882.91823725115,884.4403087867331,885.3579909157922
mango_rmse,medium,2002-12-31,2003Q3,4,CONS,883.9987166536398,915.5941312320307,-31.595414578390887,881.0354435206453,882.232385599394,883.9718351364536,885.7531515940778,886.8848711900016
mango_rmse,medium,2002-12-31,2003Q4,5,CONS,885.0442323794682,916.2802228701386,-31.23599049067036,881.6445551102346,883.0876825923709,884.9879400785944,887.1058068510808,888.2363619424307
mango_rmse,medium,2002-12-31,2004Q1,6,CONS,886.0590190923862,917.2082690958562,-31.14925000347,882.2840079338831,883.8193657158328,886.0501624953938,888.2943809819872,889.7436655553751
mango_rmse,medium,2002-12-31,2004Q2,7,CONS,887.0540822590393,917.752436881049,-30.698354622009674,882.948523606388,884.5904321510571,887.0288922065108,889.6304390548629,891.0912058315156
mango_rmse,medium,2002-12-31,2004Q3,8,CONS,888.0671498314595,918.9202125137185,-30.853062682259065,883.6037946354566,885.4010872126348,887.9582489115722,890.8044218653498,892.5762142482546
mango_rmse,medium,2002-12-31,2002Q4,1,DEFL,470.97415365528866,440.229483984637,30.74466967065166,470.49341345166783,470.68441593861246,470.96896304360035,471.26548232271824,471.4690482604566
mango_rmse,medium,2002-12-31,2003Q1,2,DEFL,471.2549436870359,440.72678772271144,30.52815596432447,470.366210472657,470.72870144870524,471.2516010725301,471.7565968769349,472.11270767364107
mango_rmse,medium,2002-12-31,2003Q2,3,DEFL,471.5437201680746,441.0711268533791,30.47259331469553,470.2745065925525,470.78551198718264,471.5610694374202,472.30464034629904,472.81136674045115
mango_rmse,medium,2002-12-31,2003Q3,4,DEFL,471.84413285693205,441.6379751045544,30.206157752377635,470.14468980885124,470.7919326075432,471.8337964423655,472.88768145324593,473.56368407288727
mango_rmse,medium,2002-12-31,2003Q4,5,DEFL,472.16790520669633,442.25205753903714,29.915847667659193,469.94950837708416,470.7684077592847,472.154033136197,473.53131146581404,474.4237635759181
mango_rmse,medium,2002-12-31,2004Q1,6,DEFL,472.50711393141034,442.95660169416607,29.550512237244277,469.7249471426491,470.7341130096938,472.4977124926496,474.20725118504373,475.31078346849097
mango_rmse,medium,2002-12-31,2004Q2,7,DEFL,472.8666997005824,443.75677692001574,29.10992278056665,469.5429265440136,470.75759204133266,472.8415189343922,474.94208268116324,476.2618198782404
mango_rmse,medium,2002-12-31,2004Q3,8,DEFL,473.2401659151905,444.39680362140643,28.843362293784082,469.2809613867083,470.79980621028545,473.168615165235,475.68511851676664,477.2799931003049
mango_rmse,medium,2002-12-31,2002Q4,1,FFR,1.9954919320957536,1.4433333333333334,0.5521585987624202,0.4615212825637411,1.069990092077626,2.009015003580073,2.9088568429776127,3.557463254931215
mango_rmse,medium,2002-12-31,2003Q1,2,FFR,2.2488976681957666,1.25,0.9988976681957666,-0.01977845543281925,0.9205504890171012,2.238800432853479,3.612965464549519,4.503383395518391
mango_rmse,medium,2002-12-31,2003Q2,3,FFR,2.4830688429479175,1.2466666666666668,1.2364021762812507,-0.3702882191265628,0.8067988893599879,2.5056908154274886,4.173408146190516,5.2332759094362595
mango_rmse,medium,2002-12-31,2003Q3,4,FFR,2.7349609480070938,1.0166666666666666,1.7182942813404272,-0.6247524507572535,0.885281940281614,2.753475449477958,4.678982456715993,5.921368603791405
mango_rmse,medium,2002-12-31,2003Q4,5,FFR,2.995649110596706,0.9966666666666667,1.9989824439300392,-0.6617844672900948,0.7983517694166504,3.042574252008907,5.214096626934021,6.534240975301994
mango_rmse,medium,2002-12-31,2004Q1,6,FFR,3.223457002498629,1.0033333333333332,2.2201236691652957,-0.7608990544661546,0.8644069313615325,3.3008950863819706,5.56875182295546,7.104460946880369
mango_rmse,medium,2002-12-31,2004Q2,7,FFR,3.40158687407442,1.01,2.39158687407442,-0.9412935541752897,0.8891578680054794,3.4351960638912065,5.896883828860155,7.535008180356585
mango_rmse,medium,2002-12-31,2004Q3,8,FFR,3.571236580107061,1.4333333333333333,2.1379032467737273,-0.9851342185832728,1.0108311085146955,3.546111196488486,6.288444298761776,7.917459241016717
mango_rmse,medium,2002-12-31,2002Q4,1,GDP,916.9334326479844,951.4099094767561,-34.47647682877164,915.3656022313141,915.9596347746522,916.9439822491152,917.8314865069119,918.4755797722252
mango_rmse,medium,2002-12-31,2003Q1,2,GDP,918.1045118376338,951.9253022305498,-33.820790392916024,915.8664378786464,916.7843156999155,918.1643086382525,919.4289976263806,920.2789982814796
mango_rmse,medium,2002-12-31,2003Q2,3,GDP,919.2768124228866,952.8147130216528,-33.537900598766214,916.4042368726443,917.6122519781801,919.3131124587123,920.9410150460955,921.9702374616891
mango_rmse,medium,2002-12-31,2003Q3,4,GDP,920.3916088399753,954.4678690555788,-34.0762602156035,917.0107252829499,918.3683148430449,920.4117543054232,922.3809061910621,923.5386823273233
mango_rmse,medium,2002-12-31,2003Q4,5,GDP,921.4571764561327,955.6153064688727,-34.15813001274,917.7394775363174,919.1846929487274,921.4583170150822,923.7100549589605,925.168949533773
mango_rmse,medium,2002-12-31,2004Q1,6,GDP,922.5189598892191,956.1865880299732,-33.66762814075412,918.4641363910065,919.9784995322451,922.5087850944146,925.0362121835493,926.815555072254
mango_rmse,medium,2002-12-31,2004Q2,7,GDP,923.5607880166161,956.9623102681346,-33.401522251518486,919.1226162524277,920.7513219406504,923.5671059617694,926.2401975898202,928.0923491593339
mango_rmse,medium,2002-12-31,2004Q3,8,GDP,924.6039649101524,957.8991553628297,-33.295190452677275,919.5521821073162,921.5871610981577,924.5556249804147,927.4892331983255,929.5140750704487
mango_rmse,medium,2002-12-31,2002Q4,1,HOURS,476.7423553207616,460.322830175075,16.419525145686578,475.3280955678107,475.8779718898591,476.75676962175567,477.60148603625663,478.1960138812993
mango_rmse,medium,2002-12-31,2003Q1,2,HOURS,477.4723224858149,459.80045742031797,17.671865065496945,475.2891192532506,476.1602315511487,477.51833551436243,478.7836640355211,479.6142673116249
mango_rmse,medium,2002-12-31,2003Q2,3,HOURS,478.2127825940064,459.5099647910325,18.702817802973925,475.45381723708755,476.4880896179644,478.2272398455968,479.88714050345544,481.03986769261996
mango_rmse,medium,2002-12-31,2003Q3,4,HOURS,478.92886144096644,459.652290579554,19.276570861412438,475.60674560305307,476.9139287996195,478.95689443573764,480.9751041224982,482.2198278503725
mango_rmse,medium,2002-12-31,2003Q4,5,HOURS,479.6233677207866,460.1332832756836,19.49008444510298,475.91786841364654,477.31446554604844,479.6325635754355,481.9183001793476,483.39239877754477
mango_rmse,medium,2002-12-31,2004Q1,6,HOURS,480.31594729005695,460.55900978127795,19.756937508779004,476.24006565978965,477.7837186339779,480.34592147895523,482.8538785042695,484.57001519804714
mango_rmse,medium,2002-12-31,2004Q2,7,HOURS,480.9792607442489,460.6459354652963,20.3333252789526,476.4009095481227,478.2065790287883,481.0223041755404,483.71869068632793,485.3516554357906
mango_rmse,medium,2002-12-31,2004Q3,8,HOURS,481.6264933216428,461.2721602140926,20.35433310755019,476.7498209158995,478.71023363901276,481.6684702573715,484.6299770014615,486.3429560787906
mango_rmse,medium,2002-12-31,2002Q4,1,INV,740.4466324509305,769.7007323501294,-29.25409989919899,731.7328394732045,735.1380121164635,740.3859625154569,745.5830068874053,749.3485736471634
mango_rmse,medium,2002-12-31,2003Q1,2,INV,743.382853808225,770.4669957019948,-27.08414189376981,730.921792046325,735.9537420259649,743.4816053208647,751.0944098079152,755.6700922123792
mango_rmse,medium,2002-12-31,2003Q2,3,INV,746.1037972811419,771.1547636745522,-25.050966393410363,729.9485191814339,736.4606232917288,746.2317274264045,755.71388958336,761.5479443081887
mango_rmse,medium,2002-12-31,2003Q3,4,INV,748.5966468769643,774.7337305880717,-26.13708371110738,729.5272349522431,736.7723703497079,748.7293174041454,759.8522216915621,767.4355170653309
mango_rmse,medium,2002-12-31,2003Q4,5,INV,750.8357085311745,778.0471063770386,-27.2113978458641,729.7344568330593,738.2274043105184,751.0804748768635,763.9501532770811,772.2494851793055
mango_rmse,medium,2002-12-31,2004Q1,6,INV,753.1012713969822,778.2453302745937,-25.144058877611542,729.931701470148,738.3051534540882,753.2133968688097,767.5601630194277,776.001626588175
mango_rmse,medium,2002-12-31,2004Q2,7,INV,755.3667961104078,782.1621073069788,-26.795311196570992,729.1359793773687,739.3422624792545,755.533952235751,770.9892151787416,781.5684674908855
mango_rmse,medium,2002-12-31,2004Q3,8,INV,757.4215108728472,783.7015541710955,-26.2800432982483,729.6569602011674,740.3712911872033,757.5788766628143,774.3397369408185,784.7252944756721
mango_rmse,medium,2002-12-31,2002Q4,1,WAGE,472.2238311607639,454.88855079768575,17.33528036307814,471.0825177106058,471.5672756396665,472.2363848938227,472.91172104045006,473.30529594582
mango_rmse,medium,2002-12-31,2003Q1,2,WAGE,472.5897997680672,454.48042807016486,18.10937169790236,470.97888881727425,471.60445568472284,472.5962922525884,473.55925986795546,474.1757881688964
mango_rmse,medium,2002-12-31,2003Q2,3,WAGE,472.9185863474719,456.34415305750383,16.574433289968056,470.91977048974104,471.68251533502047,472.9313501492222,474.12506063850924,474.92815411342553
mango_rmse,medium,2002-12-31,2003Q3,4,WAGE,473.2545238942347,457.07961088967545,16.174913004559244,470.8221980556444,471.82339110408384,473.2671737028496,474.6723155371049,475.66343250558907
mango_rmse,medium,2002-12-31,2003Q4,5,WAGE,473.5811363353084,458.0857001405808,15.495436194727574,470.8383153433273,471.9157045017179,473.5976711299735,475.2239199041969,476.36829727907747
mango_rmse,medium,2002-12-31,2004Q1,6,WAGE,473.9085469242693,457.05166274882123,16.856884175448045,470.7984238541322,472.00819819143317,473.92047811478676,475.7744122740851,477.0116359184871
mango_rmse,medium,2002-12-31,2004Q2,7,WAGE,474.23161665693254,458.1881088010138,16.043507855918733,470.8851896062629,472.16457300877875,474.2718803278109,476.2986981497104,477.5265877412499
mango_rmse,medium,2002-12-31,2004Q3,8,WAGE,474.5424895386988,459.3380965413115,15.204392997387345,470.80040279385616,472.3007873643374,474.6067919769462,476.7774391086234,478.12915728233236
mango_rmse,medium,2003-03-31,2003Q1,1,CONS,881.1326366830874,913.0515690533199,-31.918932370232483,879.8328391868956,880.3473784718675,881.1297134777899,881.9106140541205,882.4742970072618
mango_rmse,medium,2003-03-31,2003Q2,2,CONS,882.23876083741,914.1900383335624,-31.95127749615233,880.3936450146026,881.0701790217615,882.2336401735314,883.4106873421526,884.1356080240316
mango_rmse,medium,2003-03-31,2003Q3,3,CONS,883.2991650335974,915.5941312320307,-32.29496619843326,880.9476735592747,881.8215793214188,883.3160940184259,884.7238068141304,885.6530623878567
mango_rmse,medium,2003-03-31,2003Q4,4,CONS,884.3537941953143,916.2802228701386,-31.92642867482425,881.5057113667717,882.6554484796525,884.4128496455212,886.0875639782669,887.1429662561425
mango_rmse,medium,2003-03-31,2004Q1,5,CONS,885.3974218669804,917.2082690958562,-31.810847228875787,882.2409442077225,883.3996881593495,885.4223832212296,887.3267431916701,888.57049685559
mango_rmse,medium,2003-03-31,2004Q2,6,CONS,886.3792772616763,917.752436881049,-31.3731596193727,882.8378568529437,884.1802153325663,886.4193344887838,888.5639719816458,889.9602554373805
mango_rmse,medium,2003-03-31,2004Q3,7,CONS,887.4034407678845,918.9202125137185,-31.516771745834035,883.3616245341253,884.9694132750926,887.4132326538266,889.8054165668499,891.4146588898284
mango_rmse,medium,2003-03-31,2004Q4,8,CONS,888.3991187719892,920.0449619348196,-31.645843162830488,883.9668957279982,885.7982504879795,888.3837073214092,890.9853484997158,892.8239876444644
mango_rmse,medium,2003-03-31,2003Q1,1,DEFL,471.5220285850666,440.72678772271144,30.795240862355172,471.0456775099387,471.2274360308535,471.530669847224,471.8125197984851,472.0060748901606
mango_rmse,medium,2003-03-31,2003Q2,2,DEFL,471.87079845277117,441.0711268533791,30.79967159939207,471.0400593415748,471.3725064106503,471.86702979220877,472.3676105486904,472.70520583279426
mango_rmse,medium,2003-03-31,2003Q3,3,DEFL,472.23438838000845,441.6379751045544,30.59641327545404,471.0147141081524,471.4788536351377,472.2404246074875,472.9912858030953,473.4619551756449
mango_rmse,medium,2003-03-31,2003Q4,4,DEFL,472.63259112852774,442.25205753903714,30.380533589490597,470.91797810294963,471.6508710003315,472.63811902197506,473.62254655022235,474.31426154155986
mango_rmse,medium,2003-03-31,2004Q1,5,DEFL,473.03828245241135,442.95660169416607,30.081680758245284,470.83998272211636,471.7495416315564,473.04533998874035,474.3672689469549,475.2115936853242
mango_rmse,medium,2003-03-31,2004Q2,6,DEFL,473.4593044189183,443.75677692001574,29.702527498902555,470.7789878144602,471.8345345902659,473.4189353723576,475.0989503177769,476.11969300997777
mango_rmse,medium,2003-03-31,2004Q3,7,DEFL,473.89971504260444,444.39680362140643,29.502911421198007,470.68554374532016,471.95182233968484,473.8562274956043,475.8791196327475,477.1754453325186
mango_rmse,medium,2003-03-31,2004Q4,8,DEFL,474.35432030001897,445.166929500233,29.187390799785987,470.54264400008833,472.0069951373642,474.3311661620781,476.68675804230753,478.2432525843573
mango_rmse,medium,2003-03-31,2003Q1,1,FFR,1.6587204894956553,1.25,0.4087204894956553,0.07265173545961646,0.75033845626752,1.655926659001143,2.583635513123301,3.157583776595955
mango_rmse,medium,2003-03-31,2003Q2,2,FFR,1.9404985474668857,1.2466666666666668,0.6938318808002188,-0.41479093861200583,0.5892687197581741,1.9727117812748305,3.287478112160221,4.1843680583432485
mango_rmse,medium,2003-03-31,2003Q3,3,FFR,2.215096997616765,1.0166666666666666,1.1984303309500985,-0.7472046726358105,0.5176407141683925,2.227516196400109,3.9313251564569667,4.906724327231984
mango_rmse,medium,2003-03-31,2003Q4,4,FFR,2.4895518418706852,0.9966666666666667,1.4928851752040186,-0.7296469268094588,0.577138790024942,2.517724875479641,4.3801089572705605,5.714977001751226
mango_rmse,medium,2003-03-31,2004Q1,5,FFR,2.7412584473853334,1.0033333333333332,1.7379251140520002,-1.011661280662957,0.620235790835239,2.756036112687169,4.893763456752254,6.325641756097574
mango_rmse,medium,2003-03-31,2004Q2,6,FFR,2.9758765050367857,1.01,1.9658765050367857,-0.9782171899528682,0.65690798797753,3.031735575379224,5.266340828213903,6.780125154891758
mango_rmse,medium,2003-03-31,2004Q3,7,FFR,3.2155180625384063,1.4333333333333333,1.782184729205073,-1.1100312993034598,0.7775440839307254,3.222642847966223,5.706846907141296,7.335394210769325
mango_rmse,medium,2003-03-31,2004Q4,8,FFR,3.423040273764289,1.95,1.473040273764289,-1.1731321865287203,0.7556078117067723,3.5132815023065787,6.075889647075702,7.715259627858102
mango_rmse,medium,2003-03-31,2003Q1,1,GDP,917.2090764652311,951.9253022305498,-34.71622576531877,915.6978130551271,916.291825551712,917.1984468317834,918.1568633232655,918.7694670977121
mango_rmse,medium,2003-03-31,2003Q2,2,GDP,918.3636712535825,952.8147130216528,-34.45104176807024,916.0850255366089,917.0388788446016,918.3549065966856,919.7133043725522,920.6006234821066
mango_rmse,medium,2003-03-31,2003Q3,3,GDP,919.4748034999352,954.4678690555788,-34.993065555643625,916.614521589032,917.8268708446151,919.4720863084171,921.1021789962036,922.3338911795369
mango_rmse,medium,2003-03-31,2003Q4,4,GDP,920.5774369608096,955.6153064688727,-35.03786950806318,917.4210584393254,918.5747185270482,920.569402144859,922.5740378264173,923.8619556273347
mango_rmse,medium,2003-03-31,2004Q1,5,GDP,921.6600283514626,956.1865880299732,-34.52655967851058,917.9860553813419,919.4995742775606,921.6050978877672,923.933382161702,925.5139841548911
mango_rmse,medium,2003-03-31,2004Q2,6,GDP,922.7112259841962,956.9623102681346,-34.25108428393844,918.7701756735603,920.272978077449,922.6865041069036,925.1574015212099,927.1139057505832
mango_rmse,medium,2003-03-31,2004Q3,7,GDP,923.7564101673659,957.8991553628297,-34.14274519546382,919.2788162712782,921.0896402035853,923.7647826595501,926.4863133915202,928.4428987709383
mango_rmse,medium,2003-03-31,2004Q4,8,GDP,924.7658009620038,958.9159953464796,-34.15019438447575,919.8492676318656,921.7492987821498,924.8093418677131,927.6696481405282,929.979053486822
mango_rmse,medium,2003-03-31,2003Q1,1,HOURS,476.8674331794221,459.80045742031797,17.06697575910414,475.34275094957206,475.9476873080351,476.86719017090104,477.7837640505014,478.3649863996624
mango_rmse,medium,2003-03-31,2003Q2,2,HOURS,477.5876062625656,459.5099647910325,18.077641471533127,475.39898345524017,476.2118346028751,477.56957897881796,478.9427760180539,479.8064310772158
mango_rmse,medium,2003-03-31,2003Q3,3,HOURS,478.3063471007549,459.652290579554,18.654056521200914,475.39250909302893,476.62102879736244,478.32869164391184,480.04341234157295,481.1968923052416
mango_rmse,medium,2003-03-31,2003Q4,4,HOURS,479.05479413084703,460.1332832756836,18.921510855163433,475.6329152729539,477.04500178382654,479.10557488067934,481.0671400053589,482.34066328795865
mango_rmse,medium,2003-03-31,2004Q1,5,HOURS,479.76983644855113,460.55900978127795,19.21082666727318,475.8189354335467,477.4275930821656,479.82055907662163,482.1020452554233,483.5223509502737
mango_rmse,medium,2003-03-31,2004Q2,6,HOURS,480.49701333095027,460.6459354652963,19.851077865653963,476.1610537743846,478.0597295294148,480.5356106641102,482.95352844794326,484.67745290281545
mango_rmse,medium,2003-03-31,2004Q3,7,HOURS,481.17946628485595,461.2721602140926,19.907306070763354,476.35545122392296,478.4134134479718,481.2051492997298,483.90381765417936,485.7283137205887
mango_rmse,medium,2003-03-31,2004Q4,8,HOURS,481.84329549154666,461.7997562292878,20.043539262258832,476.8359226570869,478.8113551322767,481.9107055936666,484.73670326429294,486.7450503930148
mango_rmse,medium,2003-03-31,2003Q1,1,INV,741.7495476703546,770.4669957019948,-28.717448031640288,733.1735183182617,736.3660392601209,741.6268705841037,747.0893430360912,750.8636877920383
mango_rmse,medium,2003-03-31,2003Q2,2,INV,744.5356952664958,771.1547636745522,-26.619068408056364,731.4902204003976,736.8472702762615,744.5483586965177,752.3147015553185,757.6593749644343
mango_rmse,medium,2003-03-31,2003Q3,3,INV,747.223386466871,774.7337305880717,-27.51034412120066,731.1128998203859,737.4693433179672,747.2609763324944,756.7608740836033,763.0654156719462
mango_rmse,medium,2003-03-31,2003Q4,4,INV,749.8365027692187,778.0471063770386,-28.210603607819962,731.8626908719183,739.0102288193551,749.7501420703395,760.5654256978768,767.7269919719481
mango_rmse,medium,2003-03-31,2004Q1,5,INV,752.3108030246909,778.2453302745937,-25.93452724990277,731.6529911557805,739.8517476963865,752.3799232409544,764.7252383476248,772.7082633897412
mango_rmse,medium,2003-03-31,2004Q2,6,INV,754.6033906973217,782.1621073069788,-27.55871660965704,731.7662306035726,740.7063891374438,754.4996332310875,768.7381632804891,777.9147597999626
mango_rmse,medium,2003-03-31,2004Q3,7,INV,756.7905121329051,783.7015541710955,-26.91104203819043,731.0909670339098,741.3494652150159,756.232811641238,772.4249055658332,782.8708855911557
mango_rmse,medium,2003-03-31,2004Q4,8,INV,758.9562518762684,785.7665296031867,-26.81027772691823,731.6576627808232,742.5757441293242,758.16079072241,775.5954200288276,786.9007679309055
mango_rmse,medium,2003-03-31,2003Q1,1,WAGE,472.92184732565084,454.48042807016486,18.441419255485982,471.8012775355016,472.2339799731529,472.9157210248132,473.5983128795764,474.0195219787242
mango_rmse,medium,2003-03-31,2003Q2,2,WAGE,473.29378624056073,456.34415305750383,16.949633183056903,471.65828794105795,472.3147886605616,473.2660449457096,474.2786646649142,474.98464917143764
mango_rmse,medium,2003-03-31,2003Q3,3,WAGE,473.6353700244573,457.07961088967545,16.55575913478185,471.62761276355815,472.4115084772021,473.5994474904427,474.8935625822955,475.69381027694817
mango_rmse,medium,2003-03-31,2003Q4,4,WAGE,473.95970516831545,458.0857001405808,15.874005027734654,471.492577222439,472.51265446266876,473.9196533670767,475.4281886647018,476.4549930136538
mango_rmse,medium,2003-03-31,2004Q1,5,WAGE,474.299828203855,457.05166274882123,17.248165455033757,471.5362469752489,472.68735026847685,474.2704887266463,475.97352702513365,477.16134976929493
mango_rmse,medium,2003-03-31,2004Q2,6,WAGE,474.5835812274326,458.1881088010138,16.39547242641879,471.665116379976,472.70753022088047,474.5327119641351,476.4461282102407,477.77599419521783
mango_rmse,medium,2003-03-31,2004Q3,7,WAGE,474.92488298533044,459.3380965413115,15.58678644401897,471.57780216633495,472.9638636308291,474.9029378210357,477.0479181426526,478.4464671788602
mango_rmse,medium,2003-03-31,2004Q4,8,WAGE,475.2417804521684,458.67923432042323,16.562546131745194,471.4294317658601,473.05212859298405,475.1952138186198,477.44900998372543,479.09229587136076
mango_rmse,medium,2003-06-30,2003Q2,1,CONS,881.5759879312584,914.1900383335624,-32.614050402303974,880.2859925435976,880.7910207048661,881.5736651014752,882.3523817973473,882.9012901004824
mango_rmse,medium,2003-06-30,2003Q3,2,CONS,882.6557704911035,915.5941312320307,-32.93836074092724,880.7536543027697,881.4425902822168,882.6774205439553,883.854525009025,884.6407023750437
mango_rmse,medium,2003-06-30,2003Q4,3,CONS,883.6850436860113,916.2802228701386,-32.59517918412723,881.21601543564,882.1761424494322,883.6846170193587,885.1196649291692,886.1665625527227
mango_rmse,medium,2003-06-30,2004Q1,4,CONS,884.7130063069261,917.2082690958562,-32.49526278893006,881.8201906309253,882.989093376842,884.7090368062618,886.4341056655253,887.6242583180588
mango_rmse,medium,2003-06-30,2004Q2,5,CONS,885.709156276048,917.752436881049,-32.04328060500097,882.4884531874433,883.8102751523311,885.660803563205,887.6519154481805,889.1498442441936
mango_rmse,medium,2003-06-30,2004Q3,6,CONS,886.6763274090987,918.9202125137185,-32.243885104619835,883.031140175394,884.5033236130535,886.675939654175,888.8890514361323,890.4888736826789
mango_rmse,medium,2003-06-30,2004Q4,7,CONS,887.6428733896932,920.0449619348196,-32.40208854512639,883.456424454095,885.2759365338627,887.5668741975189,890.1290267907003,891.5629172464484
mango_rmse,medium,2003-06-30,2005Q1,8,CONS,888.5984652825365,920.6783654348266,-32.079900152290065,884.1674442326043,886.0494727074066,888.5301634557327,891.3180228297447,893.0639675985005
mango_rmse,medium,2003-06-30,2003Q2,1,DEFL,472.19738673955646,441.0711268533791,31.126259886177365,471.7225981674127,471.91533230325587,472.19622309983606,472.4892473824818,472.6837368984039
mango_rmse,medium,2003-06-30,2003Q3,2,DEFL,472.65041129329734,441.6379751045544,31.012436188742925,471.79597773966873,472.1397543282706,472.6521394318828,473.15907582120286,473.47898155845405
mango_rmse,medium,2003-06-30,2003Q4,3,DEFL,473.1352159260883,442.25205753903714,30.88315838705114,471.89375482839375,472.37591248675125,473.11672707279433,473.888719250302,474.3765833170375
mango_rmse,medium,2003-06-30,2004Q1,4,DEFL,473.6283450066479,442.95660169416607,30.67174331248185,471.96519661684215,472.6408817094584,473.6260491674256,474.6275229973663,475.3285923405931
mango_rmse,medium,2003-06-30,2004Q2,5,DEFL,474.1404789308102,443.75677692001574,30.38370201079448,471.996340005536,472.828274758928,474.1474077885697,475.4544615853675,476.30339735416476
mango_rmse,medium,2003-06-30,2004Q3,6,DEFL,474.65928946514197,444.39680362140643,30.262485843735533,472.0904564321831,473.0151766747303,474.64287128718627,476.32337198343384,477.35386813120687
mango_rmse,medium,2003-06-30,2004Q4,7,DEFL,475.1967989378104,445.166929500233,30.029869437577418,472.0087206534139,473.15584672297274,475.1892213040559,477.2382875369566,478.3836300146136
mango_rmse,medium,2003-06-30,2005Q1,8,DEFL,475.7388428578312,445.960091366716,29.7787514911152,471.99980474163635,473.32754589086136,475.73793745628666,478.13795006768834,479.5294497069264
mango_rmse,medium,2003-06-30,2003Q2,1,FFR,1.5815476838722202,1.2466666666666668,0.3348810172055534,-0.04741376244270394,0.6518582720756297,1.597020648554801,2.5336796372337105,3.1464390560653355
mango_rmse,medium,2003-06-30,2003Q3,2,FFR,1.968440658490147,1.0166666666666666,0.9517739918234804,-0.23122294886000289,0.6031309075061123,1.952741610216068,3.312678667495978,4.2096167198298415
mango_rmse,medium,2003-06-30,2003Q4,3,FFR,2.3087415173079373,0.9966666666666667,1.3120748506412707,-0.40453635593587517,0.6869663434375994,2.277982997933948,4.052398016787296,5.101569117477804
mango_rmse,medium,2003-06-30,2004Q1,4,FFR,2.607652114154013,1.0033333333333332,1.60431878082068,-0.6323905653805137,0.6405560221196817,2.597990998904364,4.620625278793761,5.810524012273797
mango_rmse,medium,2003-06-30,2004Q2,5,FFR,2.9326875177843466,1.01,1.9226875177843465,-0.7177045782685941,0.6936833218547355,2.954124278207446,5.146636941466343,6.481402850986093
mango_rmse,medium,2003-06-30,2004Q3,6,FFR,3.2247478830438316,1.4333333333333333,1.7914145497104983,-0.6578735760230519,0.8567841868311339,3.255510410725617,5.606393691153791,7.068694491642296
mango_rmse,medium,2003-06-30,2004Q4,7,FFR,3.458803983066648,1.95,1.5088039830666482,-0.7994748751651279,0.8639838663191829,3.4910534330727216,5.9526854438391075,7.625570758065783
mango_rmse,medium,2003-06-30,2005Q1,8,FFR,3.677837608773046,2.47,1.2078376087730458,-0.8421468110333145,0.9899482255197963,3.7677338705644603,6.348477118386808,8.136304027353304
mango_rmse,medium,2003-06-30,2003Q2,1,GDP,917.5410363686883,952.8147130216528,-35.27367665296447,916.0260491876609,916.6437845883307,917.5222187091897,918.4408605284757,919.1046344234655
mango_rmse,medium,2003-06-30,2003Q3,2,GDP,918.6797620606638,954.4678690555788,-35.78810699491498,916.4881840234058,917.3078535553947,918.6692638038091,920.0192196240298,920.9156737635483
mango_rmse,medium,2003-06-30,2003Q4,3,GDP,919.7797904741813,955.6153064688727,-35.83551599469149,917.099130726392,918.1180160073488,919.7657482730949,921.4369790356454,922.5291567429082
mango_rmse,medium,2003-06-30,2004Q1,4,GDP,920.8602838293318,956.1865880299732,-35.3263042006414,917.6535582734256,918.9242180384528,920.8132282862223,922.8213681045961,924.0635054420793
mango_rmse,medium,2003-06-30,2004Q2,5,GDP,921.9493731528589,956.9623102681346,-35.01293711527569,918.4149708053126,919.766249342179,921.8785738139543,924.2051235755315,925.6523338809508
mango_rmse,medium,2003-06-30,2004Q3,6,GDP,922.978450677705,957.8991553628297,-34.92070468512463,918.8577623144597,920.5373790504111,922.9140440920967,925.535586056909,927.1544722313754
mango_rmse,medium,2003-06-30,2004Q4,7,GDP,923.9536692052571,958.9159953464796,-34.962326141222434,919.283090080476,921.2355964136602,923.9146746009098,926.680131106675,928.4877974983099
mango_rmse,medium,2003-06-30,2005Q1,8,GDP,924.9441893297212,960.0207528735932,-35.076563543872,919.9640101594264,921.9142795300043,924.989352764263,927.8795882418611,930.0290963533249
mango_rmse,medium,2003-06-30,2003Q2,1,HOURS,476.8465181042276,459.5099647910325,17.33655331319511,475.4326596489876,475.99664207589626,476.8459158847063,477.69950566617933,478.31034620009495
mango_rmse,medium,2003-06-30,2003Q3,2,HOURS,477.5587526213719,459.652290579554,17.906462041817917,475.40232439339655,476.2374526604408,477.5623631438698,478.89147680531295,479.7857069707104
mango_rmse,medium,2003-06-30,2003Q4,3,HOURS,478.27784430590424,460.1332832756836,18.144561030220643,475.5314904253715,476.6555282952174,478.31300036936756,479.9689807065997,480.93414824439174
mango_rmse,medium,2003-06-30,2004Q1,4,HOURS,478.99448881859075,460.55900978127795,18.435479037312803,475.76189739469714,476.9626744354125,478.99680838455447,480.98598316776946,482.2951848520991
mango_rmse,medium,2003-06-30,2004Q2,5,HOURS,479.72065161464366,460.6459354652963,19.074716149347353,476.22758839260456,477.41017995445856,479.75167320320605,481.9425921319461,483.30227988601297
mango_rmse,medium,2003-06-30,2004Q3,6,HOURS,480.4201681580718,461.2721602140926,19.148007943979223,476.50300037359136,477.9528237697349,480.46530679900513,482.82647334745116,484.57833519233685
mango_rmse,medium,2003-06-30,2004Q4,7,HOURS,481.05951907500645,461.7997562292878,19.259762845718626,476.6806752589257,478.3348615559394,481.07842801423874,483.6546439229266,485.69342835414136
mango_rmse,medium,2003-06-30,2005Q1,8,HOURS,481.707898832525,462.0029241394789,19.704974693046097,477.02293822197925,478.7112316966502,481.7520867446276,484.6019261763461,486.59765949324446
mango_rmse,medium,2003-06-30,2003Q2,1,INV,740.4170492605621,771.1547636745522,-30.737714413990147,731.3786827312546,735.0403034417961,740.3727514558856,745.8452781028309,749.0274064523608
mango_rmse,medium,2003-06-30,2003Q3,2,INV,743.2946037878387,774.7337305880717,-31.439126800232998,730.4020188482334,735.4385186316772,743.3162335789655,750.9260714709554,756.1466014946416
mango_rmse,medium,2003-06-30,2003Q4,3,INV,745.9325526660265,778.0471063770386,-32.11455371101215,730.6085689882708,736.5953264906049,745.8761280016427,755.2452051698855,761.3627172338948
mango_rmse,medium,2003-06-30,2004Q1,4,INV,748.4995579546161,778.2453302745937,-29.74577231997762,730.380860541508,737.5310981515651,748.5083012483171,759.5035682737397,766.9578562272234
mango_rmse,medium,2003-06-30,2004Q2,5,INV,750.8959834279541,782.1621073069788,-31.26612387902469,730.3907747777824,738.6658492078058,750.759424080701,763.412999560902,772.204159008108
mango_rmse,medium,2003-06-30,2004Q3,6,INV,753.2691506528304,783.7015541710955,-30.43240351826512,730.3230913824975,739.0395659294967,753.0397120062048,767.5625761532501,776.1810877715807
mango_rmse,medium,2003-06-30,2004Q4,7,INV,755.3251046782019,785.7665296031867,-30.441424924984744,729.9540707075215,739.8860452513233,755.4316667068347,770.9128736712898,780.653972702627
mango_rmse,medium,2003-06-30,2005Q1,8,INV,757.2821832062419,788.539056169692,-31.256872963450064,730.3888277722808,741.4307336957478,756.8337078918988,774.0438588129165,784.4386481278403
mango_rmse,medium,2003-06-30,2003Q2,1,WAGE,471.786408837326,456.34415305750383,15.442255779822176,470.6991789773242,471.1211815557766,471.7765829988022,472.441295509371,472.89298614319483
mango_rmse,medium,2003-06-30,2003Q3,2,WAGE,472.08648064831397,457.07961088967545,15.006869758638516,470.5464368443275,471.11756429427425,472.091301102843,473.0006643860528,473.64278245182953
mango_rmse,medium,2003-06-30,2003Q4,3,WAGE,472.3999088623706,458.0857001405808,14.314208721789782,470.38016752693375,471.20478283652074,472.379919788857,473.59393271121155,474.39669978632134
mango_rmse,medium,2003-06-30,2004Q1,4,WAGE,472.68163845727184,457.05166274882123,15.629975708450615,470.31200795405675,471.2040482552972,472.66302109757225,474.13378314182177,475.0871328667573
mango_rmse,medium,2003-06-30,2004Q2,5,WAGE,472.93910219611087,458.1881088010138,14.750993395097055,470.0988738759676,471.24422142370935,472.9347821997492,474.61674064498413,475.68280458150844
mango_rmse,medium,2003-06-30,2004Q3,6,WAGE,473.20198103863555,459.3380965413115,13.86388449732408,470.09988240230797,471.3008051419782,473.15133545506467,475.0122169261304,476.42531431155345
mango_rmse,medium,2003-06-30,2004Q4,7,WAGE,473.4627827017544,458.67923432042323,14.783548381331173,470.15979878101484,471.32526183456935,473.4681935568709,475.47382496260303,476.9443738840064
mango_rmse,medium,2003-06-30,2005Q1,8,WAGE,473.69547845512335,458.8644384030756,14.83104005204774,469.85953986754936,471.4011819961613,473.7210171736057,475.9133038593587,477.6076136239504
mango_rmse,medium,2003-09-30,2003Q3,1,CONS,882.5590147050588,915.5941312320307,-33.03511652697193,881.1971879882472,881.7707130676997,882.5592318789393,883.3495155845757,883.8607044580398
mango_rmse,medium,2003-09-30,2003Q4,2,CONS,883.6346458047666,916.2802228701386,-32.64557706537198,881.6774519862266,882.4455214671315,883.6466294161241,884.8372448964501,885.5254972746291
mango_rmse,medium,2003-09-30,2004Q1,3,CONS,884.6872897558358,917.2082690958562,-32.5209793400204,882.2388786301372,883.2327404289048,884.6913985682952,886.1303919584769,887.1020364454228
mango_rmse,medium,2003-09-30,2004Q2,4,CONS,885.698063300905,917.752436881049,-32.05437358014399,882.8705375663314,883.9127287026905,885.6858532365901,887.4159761308786,888.5305423483494
mango_rmse,medium,2003-09-30,2004Q3,5,CONS,886.693905383416,918.9202125137185,-32.22630713030253,883.4911285112622,884.7132218057953,886.6787851452051,888.708469397363,889.9935228639303
mango_rmse,medium,2003-09-30,2004Q4,6,CONS,887.7107597926639,920.0449619348196,-32.33420214215573,884.0952216847588,885.4801631968464,887.6439409821826,889.98251088374,891.3951138059755
mango_rmse,medium,2003-09-30,2005Q1,7,CONS,888.713066895588,920.6783654348266,-31.965298539238574,884.6940145464231,886.2391980315426,888.6965288685238,891.2316354331347,892.7823656253152
mango_rmse,medium,2003-09-30,2005Q2,8,CONS,889.6972018005097,921.7804644849432,-32.08326268443352,885.3694388759582,886.9529428664043,889.6799134383143,892.4304074070458,894.0952847777014
mango_rmse,medium,2003-09-30,2003Q3,1,DEFL,472.3633371020295,441.6379751045544,30.72536199747509,471.8800012330657,472.0705920995641,472.36449505570886,472.65782749684564,472.8482219657574
mango_rmse,medium,2003-09-30,2003Q4,2,DEFL,472.72111349847194,442.25205753903714,30.469055959434797,471.86759360738716,472.20147328837766,472.72509053614357,473.2347037659069,473.5753643129884
mango_rmse,medium,2003-09-30,2004Q1,3,DEFL,473.1064856075816,442.95660169416607,30.149883913415522,471.87482262469484,472.32508549253726,473.1172958633845,473.8661932332089,474.35328679955273
mango_rmse,medium,2003-09-30,2004Q2,4,DEFL,473.48759069344976,443.75677692001574,29.730813773434022,471.7183074460242,472.44182917392817,473.48633702060715,474.5601332896714,475.2065142375745
mango_rmse,medium,2003-09-30,2004Q3,5,DEFL,473.90037718258316,444.39680362140643,29.503573561176722,471.60036426154204,472.5261634152138,473.8905900079724,475.25115724881783,476.1519999874125
mango_rmse,medium,2003-09-30,2004Q4,6,DEFL,474.31222560137036,445.166929500233,29.145296101137376,471.4067461480474,472.62754038549286,474.3271634943052,476.05609732985675,477.19187056795687
mango_rmse,medium,2003-09-30,2005Q1,7,DEFL,474.74032060781275,445.960091366716,28.780229241096777,471.28544475987735,472.64634455090516,474.7784121596825,476.83783661216114,478.2736720709383
mango_rmse,medium,2003-09-30,2005Q2,8,DEFL,475.1926875565804,446.6850203488912,28.507667207689167,471.04590182623883,472.687343681346,475.2065894274344,477.7066688425995,479.338177968299
mango_rmse,medium,2003-09-30,2003Q3,1,FFR,1.4831445644812946,1.0166666666666666,0.466477897814628,-0.1350046944938844,0.5740149297051044,1.4958711922501409,2.395807093520857,2.9659859740449126
mango_rmse,medium,2003-09-30,2003Q4,2,FFR,1.7271919762948198,0.9966666666666667,0.7305253096281531,-0.5229371466438714,0.3900942503378124,1.7435695058809724,3.080018102333263,3.95742678466621
mango_rmse,medium,2003-09-30,2004Q1,3,FFR,1.9954581036492596,1.0033333333333332,0.9921247703159264,-0.7965670826118244,0.3081379901344295,1.991514027252744,3.6647667300820133,4.753937894587161
mango_rmse,medium,2003-09-30,2004Q2,4,FFR,2.2849887453860407,1.01,1.2749887453860407,-1.0685932039328438,0.39737390659374694,2.324500477625135,4.271189927116271,5.428432871455598
mango_rmse,medium,2003-09-30,2004Q3,5,FFR,2.5613996919531754,1.4333333333333333,1.128066358619842,-1.0640722316983615,0.38159755663160133,2.6293475942748636,4.701017791650619,6.056785764242293
mango_rmse,medium,2003-09-30,2004Q4,6,FFR,2.8134320167342475,1.95,0.8634320167342475,-1.328129566454096,0.5227792535585248,2.8894193584792873,5.106726346176075,6.657692613529038
mango_rmse,medium,2003-09-30,2005Q1,7,FFR,3.035364266992728,2.47,0.5653642669927277,-1.2785149063032022,0.5999877605305469,3.0538137216972805,5.547228674059424,7.126200080626027
mango_rmse,medium,2003-09-30,2005Q2,8,FFR,3.211732512218329,2.9433333333333334,0.26839917888499576,-1.248047577253645,0.5326271573975806,3.3145328042788105,5.69075470873518,7.501618278502775
mango_rmse,medium,2003-09-30,2003Q3,1,GDP,918.3295916611823,954.4678690555788,-36.13827739439648,916.8486881550191,917.4343280039401,918.3193401475608,919.2392320530721,919.8497753137835
mango_rmse,medium,2003-09-30,2003Q4,2,GDP,919.4386652238629,955.6153064688727,-36.17664124500982,917.2006559978558,918.1041621754996,919.4672214602438,920.7536827125159,921.6408036068319
mango_rmse,medium,2003-09-30,2004Q1,3,GDP,920.5400104052682,956.1865880299732,-35.64657762470506,917.7217766204827,918.9071365382463,920.5067530890872,922.2433090365038,923.3474256202073
mango_rmse,medium,2003-09-30,2004Q2,4,GDP,921.6131137212506,956.9623102681346,-35.34919654688406,918.221831266672,919.6305272591771,921.5720484101757,923.6269040267068,925.0473218691081
mango_rmse,medium,2003-09-30,2004Q3,5,GDP,922.6741300159566,957.8991553628297,-35.22502534687305,918.9590865640276,920.4065714869414,922.613932006052,924.9045544310187,926.5221001027926
mango_rmse,medium,2003-09-30,2004Q4,6,GDP,923.6811769458423,958.9159953464796,-35.23481840063732,919.6678510161236,921.1876300454747,923.5722327298391,926.2259626792309,927.9924176395605
mango_rmse,medium,2003-09-30,2005Q1,7,GDP,924.7202464618698,960.0207528735932,-35.300506411723404,920.1860992311014,921.8834142498204,924.5690280627225,927.5153244271678,929.467338859325
mango_rmse,medium,2003-09-30,2005Q2,8,GDP,925.717501334429,960.5061772591148,-34.788675924685776,920.9202530171818,922.6183827402812,925.6089209381814,928.7054382157374,931.0577360427462
mango_rmse,medium,2003-09-30,2003Q3,1,HOURS,474.460919887953,459.652290579554,14.80862930839902,473.024791994258,473.57818111391873,474.4588380032926,475.35221396294327,475.8510624847527
mango_rmse,medium,2003-09-30,2003Q4,2,HOURS,475.0257125041506,460.1332832756836,14.892429228466995,472.7491476758472,473.69181395129164,475.02554484759867,476.3541697887603,477.16780203547853
mango_rmse,medium,2003-09-30,2004Q1,3,HOURS,475.6682799793711,460.55900978127795,15.109270198093157,472.8252214346426,474.0036259416729,475.67896230665406,477.36307294221365,478.3900442823373
mango_rmse,medium,2003-09-30,2004Q2,4,HOURS,476.2888606492691,460.6459354652963,15.642925183972807,472.88402856539966,474.23280069730765,476.2909072705655,478.3713464253429,479.46906621182404
mango_rmse,medium,2003-09-30,2004Q3,5,HOURS,476.92727400720025,461.2721602140926,15.65511379310766,472.98330384227364,474.65907096660317,476.9259992773382,479.19906881610024,480.5260312819958
mango_rmse,medium,2003-09-30,2004Q4,6,HOURS,477.50803765336764,461.7997562292878,15.708281424079814,473.33636064943295,474.9704772704337,477.5209828186238,480.0019233271449,481.49301836776425
mango_rmse,medium,2003-09-30,2005Q1,7,HOURS,478.11072468573406,462.0029241394789,16.107800546255135,473.38060913393974,475.338040471997,478.14201784264327,480.8018960055537,482.57622709374294
mango_rmse,medium,2003-09-30,2005Q2,8,HOURS,478.65976232141753,462.5854777180924,16.07428460332511,473.43335869973424,475.71712780463656,478.744654968591,481.6885252376685,483.409387444486
mango_rmse,medium,2003-09-30,2003Q3,1,INV,740.6680860981587,774.7337305880717,-34.065644489912984,731.7054413263086,735.4134928447315,740.6792913875915,746.0956674826206,749.0155440680888
mango_rmse,medium,2003-09-30,2003Q4,2,INV,743.2172256877972,778.0471063770386,-34.82988068924146,730.8997340900163,735.6401719824877,743.1607105854257,750.8635671488007,755.2772699888507
mango_rmse,medium,2003-09-30,2004Q1,3,INV,745.752103962639,778.2453302745937,-32.493226311954686,730.011456997588,736.0556776205435,745.8541660100931,755.235938090202,761.2886843016128
mango_rmse,medium,2003-09-30,2004Q2,4,INV,748.2920004559601,782.1621073069788,-33.870106851018704,729.1063134592728,736.8765466906825,748.4238398553825,759.5590451629354,765.7854909347546
mango_rmse,medium,2003-09-30,2004Q3,5,INV,750.5722383538246,783.7015541710955,-33.129315817270935,730.0515622423964,737.888699928924,750.5677150690256,763.0499034494878,771.0537432533304
mango_rmse,medium,2003-09-30,2004Q4,6,INV,752.598401043202,785.7665296031867,-33.168128559984666,730.3632203605476,739.1613101900354,752.1407991278045,766.5659448294756,775.3004518216544
mango_rmse,medium,2003-09-30,2005Q1,7,INV,754.7788381674004,788.539056169692,-33.760218002291595,730.4515620252498,739.7105731992832,754.4396340930718,770.3902797345877,779.61302364074
mango_rmse,medium,2003-09-30,2005Q2,8,INV,756.7563013756155,787.1995059482441,-30.443204572628588,730.4065584172836,740.569068996815,756.5026215486394,772.9794893563377,784.3463815578499
mango_rmse,medium,2003-09-30,2003Q3,1,WAGE,473.714992614828,457.07961088967545,16.63538172515257,472.60696618381206,473.0478196622939,473.7168002981569,474.38373168904394,474.8517006536918
mango_rmse,medium,2003-09-30,2003Q4,2,WAGE,474.0642257587722,458.0857001405808,15.978525618191384,472.40232072543324,473.0672290847433,474.0598211727272,475.056491615016,475.7294006088422
mango_rmse,medium,2003-09-30,2004Q1,3,WAGE,474.3801792085233,457.05166274882123,17.328516459702087,472.4165609982027,473.1617320627153,474.3871737583379,475.5618171882645,476.40775506981527
mango_rmse,medium,2003-09-30,2004Q2,4,WAGE,474.71312177015267,458.1881088010138,16.525012969138857,472.2881270975676,473.2675625338262,474.68238499733513,476.1414457981267,477.1250789672776
mango_rmse,medium,2003-09-30,2004Q3,5,WAGE,475.0460109118322,459.3380965413115,15.707914370520712,472.38129547497533,473.3829590330582,475.0530672155563,476.62723372429093,477.79888538039745
mango_rmse,medium,2003-09-30,2004Q4,6,WAGE,475.34493622963373,458.67923432042323,16.665701909210497,472.35368374769166,473.53398065542046,475.3160830151562,477.16164355036165,478.46869974664554
mango_rmse,medium,2003-09-30,2005Q1,7,WAGE,475.6636057935932,458.8644384030756,16.799167390517596,472.30103531188587,473.6670553815963,475.61242494911687,477.6409055292469,479.1236594609679
mango_rmse,medium,2003-09-30,2005Q2,8,WAGE,475.97319943298487,458.7637380695785,17.209461363406376,472.3165270363271,473.7933448122998,475.9656766489474,478.14856142954926,479.80645586053345
mango_rmse,medium,2003-12-31,2003Q4,1,CONS,892.4279989597494,916.2802228701386,-23.85222391038917,891.1036259093449,891.6548339557424,892.4120427442001,893.2097224276285,893.8101122615755
mango_rmse,medium,2003-12-31,2004Q1,2,CONS,893.57975120689,917.2082690958562,-23.628517888966144,891.655986293996,892.461663037751,893.5840321150556,894.7338509846712,895.5217976087412
mango_rmse,medium,2003-12-31,2004Q2,3,CONS,894.6601560405207,917.752436881049,-23.092280840528247,892.3191711172245,893.2406999990686,894.6122297971617,896.1534034306405,897.1324877247644
mango_rmse,medium,2003-12-31,2004Q3,4,CONS,895.7357755991793,918.9202125137185,-23.18443691453922,892.9584739035517,893.964462048584,895.7302415662404,897.4946089027455,898.6118248712957
mango_rmse,medium,2003-12-31,2004Q4,5,CONS,896.7914123270126,920.0449619348196,-23.25354960780703,893.4438583352197,894.8203639697659,896.806433742564,898.784917992234,900.1282627362602
mango_rmse,medium,2003-12-31,2005Q1,6,CONS,897.8378027001388,920.6783654348266,-22.84056273468775,894.1909770657364,895.6442428221361,897.8503656879254,900.031629624931,901.5729059406947
mango_rmse,medium,2003-12-31,2005Q2,7,CONS,898.8530173595577,921.7804644849432,-22.92744712538547,894.7648867163482,896.4770234819956,898.8344390559228,901.2612773064135,902.9114651184749
mango_rmse,medium,2003-12-31,2005Q3,8,CONS,899.8850112074152,922.606735215334,-22.721724007918738,895.4731124399813,897.2003836555843,899.8958843358964,902.5026447544773,904.2794685651417
mango_rmse,medium,2003-12-31,2003Q4,1,DEFL,466.57796216896406,442.25205753903714,24.325904629926924,466.1063224340159,466.2888439335696,466.5682851140573,466.8668148978842,467.09197975092775
mango_rmse,medium,2003-12-31,2004Q1,2,DEFL,466.9622262129488,442.95660169416607,24.005624518782724,466.14370188175263,466.45696145214845,466.9505529727884,467.4784252076252,467.82302348015816
mango_rmse,medium,2003-12-31,2004Q2,3,DEFL,467.3541020157502,443.75677692001574,23.597325095734448,466.13148927164485,466.6100255195636,467.338704084632,468.0887422478829,468.63471746345476
mango_rmse,medium,2003-12-31,2004Q3,4,DEFL,467.75891272538075,444.39680362140643,23.36210910397432,466.07802130978433,466.7439316907173,467.72752227236487,468.805839063996,469.5019958066242
mango_rmse,medium,2003-12-31,2004Q4,5,DEFL,468.1880757349987,445.166929500233,23.021146234765695,465.9759066731245,466.8696692253905,468.1874029172662,469.5379913263172,470.5002144332019
mango_rmse,medium,2003-12-31,2005Q1,6,DEFL,468.628044175543,445.960091366716,22.66795280882701,465.88917074859563,466.9841553308122,468.6414516682652,470.3016720093947,471.5217554882426
mango_rmse,medium,2003-12-31,2005Q2,7,DEFL,469.07049910527735,446.6850203488912,22.385478756386135,465.7924340818541,467.04736108399464,469.09642359001225,471.11593253096424,472.5288716293684
mango_rmse,medium,2003-12-31,2005Q3,8,DEFL,469.52996116772226,447.5903970265225,21.939564141199753,465.5913128951253,467.15892668278593,469.5641785567027,471.91857938864376,473.6079311763661
mango_rmse,medium,2003-12-31,2003Q4,1,FFR,1.265823257783565,0.9966666666666667,0.2691565911168984,-0.321958991868822,0.3305388644805612,1.2595094207702369,2.181986241362192,2.8782289585368077
mango_rmse,medium,2003-12-31,2004Q1,2,FFR,1.5648635245125013,1.0033333333333332,0.5615301911791681,-0.6364448845139067,0.15739173896810704,1.5684579386055106,2.9111380515932086,3.8327222125397227
mango_rmse,medium,2003-12-31,2004Q2,3,FFR,1.8887448030176264,1.01,0.8787448030176264,-0.8170075014069271,0.2515840935002982,1.8458142956223478,3.53662146434592,4.5994149805515825
mango_rmse,medium,2003-12-31,2004Q3,4,FFR,2.159674601283636,1.4333333333333333,0.7263412679503027,-1.0315086703258014,0.2202809732238201,2.236437898414584,4.08900448331039,5.334671014939999
mango_rmse,medium,2003-12-31,2004Q4,5,FFR,2.41662522685324,1.95,0.46662522685324004,-1.1550525154777131,0.21890284596671478,2.4479383562233066,4.547268365887292,5.932802732148262
mango_rmse,medium,2003-12-31,2005Q1,6,FFR,2.6893990484077617,2.47,0.21939904840776148,-1.2672787445241114,0.27138461789986335,2.725146865051366,5.017984193122385,6.51882967790861
mango_rmse,medium,2003-12-31,2005Q2,7,FFR,2.888591951138543,2.9433333333333334,-0.05474138219479041,-1.442515226187653,0.26623760974403105,2.9235638996137365,5.368387281482848,7.103833410341403
mango_rmse,medium,2003-12-31,2005Q3,8,FFR,3.0908886880691964,3.4599999999999995,-0.36911131193080315,-1.3831127467244404,0.43762475206368223,3.171127304189727,5.779245261364255,7.547656589815436
mango_rmse,medium,2003-12-31,2003Q4,1,GDP,927.021504650625,955.6153064688727,-28.593801818247698,925.4722719184062,926.111711213284,927.0407312996043,927.9106184978988,928.5615275987547
mango_rmse,medium,2003-12-31,2004Q1,2,GDP,928.2295391031414,956.1865880299732,-27.957048926831817,926.001248982587,926.9122924319224,928.2367391098915,929.5209895000683,930.3842424779227
mango_rmse,medium,2003-12-31,2004Q2,3,GDP,929.3753674159972,956.9623102681346,-27.58694285213744,926.6774174769247,927.6706867821816,929.3946484368646,931.0717532292125,932.0665331375933
mango_rmse,medium,2003-12-31,2004Q3,4,GDP,930.4962927243283,957.8991553628297,-27.402862638501347,927.1872690377909,928.5709444950525,930.4303028904194,932.4829546527109,933.8398083474847
mango_rmse,medium,2003-12-31,2004Q4,5,GDP,931.5939723266962,958.9159953464796,-27.322023019783387,927.9527474351854,929.3559463513301,931.5320852081942,933.8856366116238,935.4228601076231
mango_rmse,medium,2003-12-31,2005Q1,6,GDP,932.6786161974765,960.0207528735932,-27.342136676116752,928.6867229995543,930.1624672103527,932.6056424539588,935.1526274494946,936.9190656869746
mango_rmse,medium,2003-12-31,2005Q2,7,GDP,933.707822226736,960.5061772591148,-26.798355032378822,929.217868206844,930.9750473646919,933.6549943261296,936.4127481535869,938.377882361398
mango_rmse,medium,2003-12-31,2005Q3,8,GDP,934.7372617189967,961.2887292981801,-26.551467579183395,929.8254448947454,931.7265239246714,934.6545869463157,937.7037007689308,939.9280041510117
mango_rmse,medium,2003-12-31,2003Q4,1,HOURS,474.83889201793477,460.1332832756836,14.705608742251172,473.37714516760997,473.98170871519307,474.8305294565925,475.69828337449843,476.2735977460092
mango_rmse,medium,2003-12-31,2004Q1,2,HOURS,475.4998731493003,460.55900978127795,14.940863368022349,473.3357083396939,474.22499575524404,475.52757781865,476.81184983681743,477.6303206514166
mango_rmse,medium,2003-12-31,2004Q2,3,HOURS,476.165658715606,460.6459354652963,15.51972325030971,473.49433752748865,474.5343049608916,476.1493145653583,477.83327356114904,478.9699017819687
mango_rmse,medium,2003-12-31,2004Q3,4,HOURS,476.78720945856526,461.2721602140926,15.515049244472664,473.5906313417067,474.88392291305,476.77893186335973,478.70733267510724,480.06871834025014
mango_rmse,medium,2003-12-31,2004Q4,5,HOURS,477.38843944400656,461.7997562292878,15.588683214718742,473.5683809887391,475.23189014876635,477.3671497201922,479.5794673702685,481.1636921209475
mango_rmse,medium,2003-12-31,2005Q1,6,HOURS,478.0110335095139,462.0029241394789,16.00810937003496,473.8692913880119,475.5783836348169,478.0147017167303,480.48219652622794,482.27302166298665
mango_rmse,medium,2003-12-31,2005Q2,7,HOURS,478.5821324447042,462.5854777180924,15.99665472661178,473.9441402077275,475.9069868274549,478.6572527849686,481.2392211290201,483.1718636346732
mango_rmse,medium,2003-12-31,2005Q3,8,HOURS,479.12862803919074,462.9023422010251,16.226285838165666,474.12599908558343,476.27484932215447,479.06704649018593,482.0811620049863,483.9834234624531
mango_rmse,medium,2003-12-31,2003Q4,1,INV,744.2216185419063,778.0471063770386,-33.82548783513232,735.143061472354,738.9660836455546,744.2619698911171,749.6315183539048,753.0727642122541
mango_rmse,medium,2003-12-31,2004Q1,2,INV,747.2243217173097,778.2453302745937,-31.02100855728395,734.26015425365,739.5418615858355,747.2205451375173,754.8402522060469,760.0445411327913
mango_rmse,medium,2003-12-31,2004Q2,3,INV,750.1440093598605,782.1621073069788,-32.018097947118235,734.4089193358695,740.5474690761745,750.1875817670405,759.7571296636684,766.3171637739118
mango_rmse,medium,2003-12-31,2004Q3,4,INV,752.6217509988495,783.7015541710955,-31.079803172245988,734.1414530337751,740.7974481245988,752.7598902740523,763.6647204608133,771.1078694763819
mango_rmse,medium,2003-12-31,2004Q4,5,INV,755.03094549427,785.7665296031867,-30.73558410891667,734.6518364417892,742.1824614243953,755.0830493991012,767.5430887620251,775.4433205220537
mango_rmse,medium,2003-12-31,2005Q1,6,INV,757.3763366566521,788.539056169692,-31.16271951303986,734.8514854420774,743.4961133880399,757.323061866367,771.3526272705761,780.4880789330193
mango_rmse,medium,2003-12-31,2005Q2,7,INV,759.6550272623314,787.1995059482441,-27.544478685912736,735.1229656606732,744.5080370115747,759.6660170591126,774.1015421884596,785.1826341935968
mango_rmse,medium,2003-12-31,2005Q3,8,INV,761.6775973738039,788.5125305763838,-26.83493320257992,735.0107235381768,745.2860310187857,761.6793205230728,777.606007871073,788.9577590242975
mango_rmse,medium,2003-12-31,2003Q4,1,WAGE,473.4486060112179,458.0857001405808,15.362905870637121,472.3372279365285,472.7837244452963,473.46089342054563,474.09893082237386,474.5212178203746
mango_rmse,medium,2003-12-31,2004Q1,2,WAGE,473.7939176585443,457.05166274882123,16.742254909723044,472.18108074292155,472.8734959011645,473.80620760150504,474.72516197962483,475.34663712078253
mango_rmse,medium,2003-12-31,2004Q2,3,WAGE,474.10754207605254,458.1881088010138,15.919433275038728,472.0984305958648,472.9547204940967,474.1341083509731,475.26872277874423,476.04722332511966
mango_rmse,medium,2003-12-31,2004Q3,4,WAGE,474.4131668100525,459.3380965413115,15.075070268741001,472.02170650256625,473.041570805995,474.40761681049344,475.84020380721694,476.7289007147121
mango_rmse,medium,2003-12-31,2004Q4,5,WAGE,474.71455819793124,458.67923432042323,16.035323877508006,472.0224298758991,473.10011800645395,474.7071666727942,476.3481096443838,477.4485877731089
mango_rmse,medium,2003-12-31,2005Q1,6,WAGE,475.00594324429164,458.8644384030756,16.141504841216033,472.0813799695453,473.1881556483456,474.97790147728085,476.8392828268502,478.0533593437125
mango_rmse,medium,2003-12-31,2005Q2,7,WAGE,475.2796369635215,458.7637380695785,16.515898893943017,472.0455368030337,473.21696563076813,475.307068395295,477.3013191938909,478.6762322527212
mango_rmse,medium,2003-12-31,2005Q3,8,WAGE,475.5948034351934,458.51919432724264,17.075609107950754,472.0069780047143,473.3922140004872,475.5713289395118,477.78055638905386,479.28078740769945
mango_rmse,medium,2004-03-31,2004Q1,1,CONS,893.2155827224985,917.2082690958562,-23.99268637335763,891.9561134881353,892.4574259536104,893.2087125612456,893.9605196621474,894.4835397017238
mango_rmse,medium,2004-03-31,2004Q2,2,CONS,894.3247202789319,917.752436881049,-23.42771660211713,892.5116479602027,893.2040682666113,894.3234517636708,895.4509721434163,896.1495073111253
mango_rmse,medium,2004-03-31,2004Q3,3,CONS,895.4102757133606,918.9202125137185,-23.509936800357877,893.1269872076548,894.008052601074,895.395597994539,896.824083946202,897.7797213126149
mango_rmse,medium,2004-03-31,2004Q4,4,CONS,896.4672899124071,920.0449619348196,-23.57767202241257,893.7074032032382,894.7801692597426,896.4519276866524,898.1461343441006,899.2427236225609
mango_rmse,medium,2004-03-31,2005Q1,5,CONS,897.5155773673021,920.6783654348266,-23.162788067524502,894.2651863322598,895.5592388710053,897.5318420793293,899.4194081455972,900.805518767026
mango_rmse,medium,2004-03-31,2005Q2,6,CONS,898.5363510717802,921.7804644849432,-23.24411341316295,894.9057455472578,896.2328121025985,898.5200326157658,900.7278481642761,902.1533041750083
mango_rmse,medium,2004-03-31,2005Q3,7,CONS,899.5588005230517,922.606735215334,-23.047934692282297,895.4430639422401,897.0739346054123,899.5767936053871,902.0266321727403,903.5959948107158
mango_rmse,medium,2004-03-31,2005Q4,8,CONS,900.572860392043,922.7908936985102,-22.21803330646719,896.1466876291274,897.9636776257016,900.5801724974701,903.2182223941359,905.0022970257417
mango_rmse,medium,2004-03-31,2004Q1,1,DEFL,466.936884918465,442.95660169416607,23.980283224298944,466.444404451111,466.6413288340373,466.9384715470916,467.226878088437,467.4242659063865
mango_rmse,medium,2004-03-31,2004Q2,2,DEFL,467.3170756318633,443.75677692001574,23.560298711847565,466.48692833739017,466.83154922907937,467.3214048805544,467.80632838215473,468.1638623202208
mango_rmse,medium,2004-03-31,2004Q3,3,DEFL,467.70948070702,444.39680362140643,23.312677085613586,466.4682661334613,466.97050468006285,467.7035884389137,468.4452887550065,468.99491843731266
mango_rmse,medium,2004-03-31,2004Q4,4,DEFL,468.1127823768706,445.166929500233,22.945852876637616,466.4142351808717,467.0985301311435,468.1175997886746,469.12421171404236,469.82391445887885
mango_rmse,medium,2004-03-31,2005Q1,5,DEFL,468.52930650819576,445.960091366716,22.569215141479788,466.3550630343824,467.18341434719923,468.52648520168157,469.83341613064385,470.803747788774
mango_rmse,medium,2004-03-31,2005Q2,6,DEFL,468.96621954922244,446.6850203488912,22.28119920033123,466.2871811499332,467.2680108377502,468.9495195876369,470.6113417369762,471.75916797683624
mango_rmse,medium,2004-03-31,2005Q3,7,DEFL,469.4244216132706,447.5903970265225,21.834024586748114,466.18149571654243,467.29382770788516,469.45295299627725,471.44986297918524,472.7399388973825
mango_rmse,medium,2004-03-31,2005Q4,8,DEFL,469.87645929737016,448.39625430524006,21.480204992130098,465.94435765676576,467.3948688939198,469.88446449882343,472.3200970690141,473.8873283514126
mango_rmse,medium,2004-03-31,2004Q1,1,FFR,1.3163544064643562,1.0033333333333332,0.313021073131023,-0.2727816769665961,0.3743660131608368,1.3147424613266354,2.2310302474737758,2.8137482204649986
mango_rmse,medium,2004-03-31,2004Q2,2,FFR,1.6458158940274383,1.01,0.6358158940274383,-0.5952824062770845,0.3094340972807122,1.633890939546919,2.9905627100660594,3.8637886696057326
mango_rmse,medium,2004-03-31,2004Q3,3,FFR,1.9228768424200853,1.4333333333333333,0.4895435090867519,-0.9677004291974557,0.14404498483108022,1.913488840141509,3.638536290404628,4.719744848189755
mango_rmse,medium,2004-03-31,2004Q4,4,FFR,2.2076216537752664,1.95,0.25762165377526647,-1.1368494508250955,0.2727354740351834,2.2088116782387486,4.233513846113387,5.479427615363141
mango_rmse,medium,2004-03-31,2005Q1,5,FFR,2.4558570039964995,2.47,-0.014142996003500663,-1.235738081025233,0.2757688952516238,2.4781831751230428,4.669141886783039,6.0601769959140945
mango_rmse,medium,2004-03-31,2005Q2,6,FFR,2.6686522157712567,2.9433333333333334,-0.2746811175620767,-1.3963725033644143,0.27393805016429973,2.6624685280997724,5.113343629740837,6.543621106626923
mango_rmse,medium,2004-03-31,2005Q3,7,FFR,2.8956025258148714,3.4599999999999995,-0.5643974741851281,-1.4121573199446924,0.22913676011292386,2.937814986959216,5.491996414542463,7.098222850357189
mango_rmse,medium,2004-03-31,2005Q4,8,FFR,3.042038844636251,3.98,-0.937961155363749,-1.3475542016558657,0.37671907875880345,3.0842845509428463,5.692972884192996,7.50269752697421
mango_rmse,medium,2004-03-31,2004Q1,1,GDP,928.0710156601438,956.1865880299732,-28.115572369829465,926.5987549955537,927.1083933006051,928.072674576807,929.0319298106227,929.6284339352226
mango_rmse,medium,2004-03-31,2004Q2,2,GDP,929.2072017200729,956.9623102681346,-27.755108548061685,927.0719209461021,927.9148927148462,929.2157986815739,930.5108807321861,931.3640472098225
mango_rmse,medium,2004-03-31,2004Q3,3,GDP,930.3487376575398,957.8991553628297,-27.550417705289874,927.6761045069064,928.6921598973581,930.3343454588467,932.0375220377717,933.1005245403479
mango_rmse,medium,2004-03-31,2004Q4,4,GDP,931.4665763361753,958.9159953464796,-27.44941901030427,928.2366840833863,929.4836867324387,931.4335543686227,933.4982492980427,934.6518416664143
mango_rmse,medium,2004-03-31,2005Q1,5,GDP,932.5366563167078,960.0207528735932,-27.484096556885447,928.7328790261352,930.2842895430011,932.5598926103237,934.834524168338,936.2306421776767
mango_rmse,medium,2004-03-31,2005Q2,6,GDP,933.6064293023375,960.5061772591148,-26.899747956777333,929.4503999832688,931.004718280373,933.6323368997234,936.2267125497225,937.6743166003307
mango_rmse,medium,2004-03-31,2005Q3,7,GDP,934.6606634036883,961.2887292981801,-26.628065894491783,930.0726336937798,931.9349293640735,934.6934275093497,937.4785633505577,939.2050240920134
mango_rmse,medium,2004-03-31,2005Q4,8,GDP,935.6553591722264,961.8550509042607,-26.19969173203424,930.5640787602866,932.6022084930648,935.6198782225607,938.8049270358686,940.5350748607624
mango_rmse,medium,2004-03-31,2004Q1,1,HOURS,476.1057343991144,460.55900978127795,15.546724617836446,474.6552998795683,475.20694790758,476.10258270275415,477.0189141804101,477.61568581792795
mango_rmse,medium,2004-03-31,2004Q2,2,HOURS,476.7471578789272,460.6459354652963,16.10122241363092,474.56689085567723,475.45352625381594,476.7531579714034,478.06626773756847,478.85879342560287
mango_rmse,medium,2004-03-31,2004Q3,3,HOURS,477.36394679424563,461.2721602140926,16.09178658015304,474.4875130752906,475.6695000353899,477.34143032186284,479.1007072193546,480.20275548861935
mango_rmse,medium,2004-03-31,2004Q4,4,HOURS,478.00536420418445,461.7997562292878,16.205607974896623,474.62902202222676,476.0499570720436,477.9758744909841,480.05331397251365,481.35912304413114
mango_rmse,medium,2004-03-31,2005Q1,5,HOURS,478.5777026358673,462.0029241394789,16.574778496388376,474.7998077865422,476.3040311283088,478.5663215654687,480.94759278672444,482.3483918750762
mango_rmse,medium,2004-03-31,2005Q2,6,HOURS,479.1639108240719,462.5854777180924,16.578433105979457,474.99599945603444,476.5340475104853,479.1716878887896,481.72448912441456,483.38244275566126
mango_rmse,medium,2004-03-31,2005Q3,7,HOURS,479.7398359393536,462.9023422010251,16.837493738328533,475.0488508657428,476.9567996785704,479.69525417198963,482.5789112401668,484.44327654653273
mango_rmse,medium,2004-03-31,2005Q4,8,HOURS,480.2438839656243,463.5020207956977,16.741863169926603,475.0658103679128,477.2592645329907,480.25748406795475,483.2306432503912,485.2340545440352
mango_rmse,medium,2004-03-31,2004Q1,1,INV,747.6722506799655,778.2453302745937,-30.57307959462821,739.0262457310131,742.5156745917304,747.6821609306132,752.9745762754983,756.2051161224779
mango_rmse,medium,2004-03-31,2004Q2,2,INV,750.410904650147,782.1621073069788,-31.751202656831765,738.684484635401,742.9311912161,750.3459912693858,757.7337113342693,762.8578609428106
mango_rmse,medium,2004-03-31,2004Q3,3,INV,753.0683470916138,783.7015541710955,-30.633207079481735,737.2878247370679,743.6293725747068,753.0836631845682,762.3064264708179,768.4750653043027
mango_rmse,medium,2004-03-31,2004Q4,4,INV,755.6711521878424,785.7665296031867,-30.095377415344274,737.7785896964597,744.1641571190219,755.2900284470109,766.849060212201,773.8126461951219
mango_rmse,medium,2004-03-31,2005Q1,5,INV,757.8612836757322,788.539056169692,-30.677772493959765,737.2616412718496,745.0438184425052,757.8702434002014,770.2185051120084,778.0627990139071
mango_rmse,medium,2004-03-31,2005Q2,6,INV,760.1007335155907,787.1995059482441,-27.09877243265339,737.0648290127594,745.9718826709533,759.9865476962034,773.5745120531228,782.6921345324612
mango_rmse,medium,2004-03-31,2005Q3,7,INV,762.4310702356601,788.5125305763838,-26.081460340723766,737.8606956041228,747.6158235912461,762.3425733363574,777.1827714419342,787.7868608476718
mango_rmse,medium,2004-03-31,2005Q4,8,INV,764.3286184816292,791.7115864821873,-27.382968000558094,737.7200996550398,748.312370033701,764.2327979149618,780.4164407744406,791.4269576614433
mango_rmse,medium,2004-03-31,2004Q1,1,WAGE,474.78501498382207,457.05166274882123,17.733352235000837,473.7124468230406,474.1345697450852,474.7583490944546,475.4596556291372,475.9589847587177
mango_rmse,medium,2004-03-31,2004Q2,2,WAGE,475.1447866024287,458.1881088010138,16.956677801414912,473.53080299769806,474.1653453869337,475.1351509148748,476.14869322413114,476.7973896195745
mango_rmse,medium,2004-03-31,2004Q3,3,WAGE,475.47815294971144,459.3380965413115,16.14005640839997,473.4357104710338,474.22146498190386,475.4614914657474,476.71514807397733,477.5636716987041
mango_rmse,medium,2004-03-31,2004Q4,4,WAGE,475.8168957022028,458.67923432042323,17.137661381779594,473.4856155137169,474.3035773309761,475.8209277198348,477.2905992490058,478.24985846502904
mango_rmse,medium,2004-03-31,2005Q1,5,WAGE,476.1340557943816,458.8644384030756,17.269617391305985,473.4281587513103,474.41433263383493,476.1030988438447,477.8190376618147,479.08350955976755
mango_rmse,medium,2004-03-31,2005Q2,6,WAGE,476.4561589394093,458.7637380695785,17.692420869830812,473.4340961137692,474.611905522365,476.44997616916135,478.39174621267597,479.6566819516363
mango_rmse,medium,2004-03-31,2005Q3,7,WAGE,476.78594531185996,458.51919432724264,18.266750984617317,473.3588348717143,474.69327680040436,476.73863190651196,478.89591531558966,480.2550560464468
mango_rmse,medium,2004-03-31,2005Q4,8,WAGE,477.12595534068424,458.1983439012755,18.927611439408736,473.4372487792481,474.91273072749027,477.068440494437,479.42202991470765,480.9127237344517
mango_rmse,medium,2004-06-30,2004Q2,1,CONS,894.0942104199894,917.752436881049,-23.6582264610596,892.8043423635921,893.3264754753765,894.081627813131,894.8719244144254,895.4444452967255
mango_rmse,medium,2004-06-30,2004Q3,2,CONS,895.1530858651624,918.9202125137185,-23.767126648556086,893.3318869314163,894.040690825444,895.129127986164,896.2538342471092,897.036000353303
mango_rmse,medium,2004-06-30,2004Q4,3,CONS,896.1852866877974,920.0449619348196,-23.85967524702221,893.8151931278536,894.7570194787768,896.1686256937533,897.6253278553011,898.5963345650325
mango_rmse,medium,2004-06-30,2005Q1,4,CONS,897.2145093997525,920.6783654348266,-23.46385603507406,894.4323667182787,895.5369127586292,897.2014576932309,898.8811188483149,899.9435506934586
mango_rmse,medium,2004-06-30,2005Q2,5,CONS,898.1982157790005,921.7804644849432,-23.582248705942675,895.0130742189584,896.2851763826012,898.1806536020281,900.0873640097712,901.4920154155111
mango_rmse,medium,2004-06-30,2005Q3,6,CONS,899.1797094874532,922.606735215334,-23.427025727880732,895.6306772377018,897.0110730985823,899.194511166821,901.3388426432733,902.855408588989
mango_rmse,medium,2004-06-30,2005Q4,7,CONS,900.1953537371052,922.7908936985102,-22.595539961405052,896.3522254259597,897.7092066531126,900.1163627597891,902.654063566489,904.2839790973002
mango_rmse,medium,2004-06-30,2006Q1,8,CONS,901.1488196027906,923.8754538789948,-22.72663427620421,896.7534887844523,898.4885387702202,901.0728401098723,903.753010815467,905.7330054314697
mango_rmse,medium,2004-06-30,2004Q2,1,DEFL,467.7917111746866,443.75677692001574,24.034934254670873,467.2986050773943,467.4932155143146,467.79343569792525,468.0837430486107,468.2852578037142
mango_rmse,medium,2004-06-30,2004Q3,2,DEFL,468.3306263115632,444.39680362140643,23.933822690156774,467.47635166569523,467.81634718129857,468.31369331509813,468.8592180156089,469.1729692128252
mango_rmse,medium,2004-06-30,2004Q4,3,DEFL,468.88112618405063,445.166929500233,23.714196683817647,467.6286731966483,468.1647864553597,468.8562880931436,469.6454003567869,470.1089996898221
mango_rmse,medium,2004-06-30,2005Q1,4,DEFL,469.4628832494435,445.960091366716,23.502791882727536,467.7927351496292,468.45483356589665,469.4286956610507,470.4817193558675,471.1390598768953
mango_rmse,medium,2004-06-30,2005Q2,5,DEFL,470.04826429928517,446.6850203488912,23.36324395039395,467.8857276715745,468.76687118499706,470.03066940860106,471.3754481657131,472.27164660428843
mango_rmse,medium,2004-06-30,2005Q3,6,DEFL,470.6434521909006,447.5903970265225,23.053055164378065,467.950701140747,469.05550766265003,470.6365222462599,472.29005432505295,473.43695597895834
mango_rmse,medium,2004-06-30,2005Q4,7,DEFL,471.2520161509709,448.39625430524006,22.855761845730854,467.9917932250451,469.3217007655894,471.2003778809395,473.2488015513193,474.6714619959184
mango_rmse,medium,2004-06-30,2006Q1,8,DEFL,471.8871262183193,449.0981931357204,22.788933082598874,467.98850617253845,469.61428625349714,471.8515679226655,474.2538881143389,475.96300581994683
mango_rmse,medium,2004-06-30,2004Q2,1,FFR,1.4110302415892853,1.01,0.40103024158928524,-0.12615611025952103,0.45739510142583634,1.4161983984561277,2.350960146790057,2.8848128307661876
mango_rmse,medium,2004-06-30,2004Q3,2,FFR,1.7915328956358558,1.4333333333333333,0.3581995623025225,-0.5094126751035521,0.42720694988413255,1.8383353350317682,3.1523313392294554,4.014134216850703
mango_rmse,medium,2004-06-30,2004Q4,3,FFR,2.141811424489528,1.95,0.19181142448952815,-0.7652691850047537,0.3999667979483181,2.2157543430001114,3.814053840722828,4.996639106960393
mango_rmse,medium,2004-06-30,2005Q1,4,FFR,2.4672396138777732,2.47,-0.0027603861222269543,-0.8198641192910879,0.46907055765428435,2.5044224699954096,4.469592640749788,5.683722972808735
mango_rmse,medium,2004-06-30,2005Q2,5,FFR,2.7246011941642774,2.9433333333333334,-0.21873213916905598,-0.91388236328207,0.4097157068813156,2.766063056396508,4.963975281342859,6.340837868694615
mango_rmse,medium,2004-06-30,2005Q3,6,FFR,2.9570782316771447,3.4599999999999995,-0.5029217683228548,-1.0910113526279588,0.49466999145558643,3.047227593051293,5.3900619934106455,6.854203349473814
mango_rmse,medium,2004-06-30,2005Q4,7,FFR,3.218757911024813,3.98,-0.761242088975187,-1.10100973195689,0.5137321788390887,3.2917825771050246,5.815614564111386,7.48090070409032
mango_rmse,medium,2004-06-30,2006Q1,8,FFR,3.423455822232458,4.456666666666667,-1.0332108444342092,-1.0852063775747791,0.5901399889318938,3.4830014209090545,6.211791847452445,7.928260193591592
mango_rmse,medium,2004-06-30,2004Q2,1,GDP,929.0504373380636,956.9623102681346,-27.911872930071013,927.5214620827923,928.0842405287939,929.0750989711939,929.9947627619046,930.5293709162247
mango_rmse,medium,2004-06-30,2004Q3,2,GDP,930.2010468103783,957.8991553628297,-27.698108552451345,928.0692414688473,928.8850963093641,930.1854328111151,931.5580630336832,932.3576705119516
mango_rmse,medium,2004-06-30,2004Q4,3,GDP,931.3054630370681,958.9159953464796,-27.610532309411496,928.6510279785655,929.6831126358413,931.2544563699024,932.9359143936562,934.0250028547033
mango_rmse,medium,2004-06-30,2005Q1,4,GDP,932.370899608213,960.0207528735932,-27.649853265380216,929.1423508159174,930.4576743242329,932.389303071431,934.2464274110338,935.6138283936638
mango_rmse,medium,2004-06-30,2005Q2,5,GDP,933.3778620058785,960.5061772591148,-27.128315253236337,929.6136661011469,931.1771483012654,933.3918613626295,935.6356083386444,937.1052711558693
mango_rmse,medium,2004-06-30,2005Q3,6,GDP,934.3831955936627,961.2887292981801,-26.90553370451744,930.1633793065198,931.8526375019445,934.3992497379188,936.9180602228887,938.6315889789066
mango_rmse,medium,2004-06-30,2005Q4,7,GDP,935.4159476095685,961.8550509042607,-26.43910329469213,930.7646518595955,932.5625301525846,935.4260402949606,938.161640510183,940.0621352589599
mango_rmse,medium,2004-06-30,2006Q1,8,GDP,936.3674075977846,963.1947034740143,-26.827295876229755,931.1991329472773,933.2909849919105,936.3633037277697,939.3983700427292,941.4347113194428
mango_rmse,medium,2004-06-30,2004Q2,1,HOURS,476.55257278266475,460.6459354652963,15.90663731736845,475.1115545487269,475.65535739894693,476.5773077220059,477.43139688403613,477.9845061994223
mango_rmse,medium,2004-06-30,2004Q3,2,HOURS,477.18383355218054,461.2721602140926,15.911673338087951,475.0214096739106,475.9271265915984,477.1552103950657,478.47023587675176,479.36024251869344
mango_rmse,medium,2004-06-30,2004Q4,3,HOURS,477.806705588288,461.7997562292878,16.006949359000203,475.0334824532953,476.18210215568047,477.7691216164296,479.51224952279966,480.6471609584297
mango_rmse,medium,2004-06-30,2005Q1,4,HOURS,478.45183270407676,462.0029241394789,16.448908564597843,475.0523975602672,476.52086306292404,478.4338516771634,480.40862296744086,481.81473716788815
mango_rmse,medium,2004-06-30,2005Q2,5,HOURS,479.0311371097711,462.5854777180924,16.445659391678703,475.19406576553575,476.7381259065109,479.04430838320184,481.3327234436616,482.9057469765358
mango_rmse,medium,2004-06-30,2005Q3,6,HOURS,479.59093695194366,462.9023422010251,16.688594750918583,475.39980284995056,477.07445659658754,479.5522683147484,482.23091742710506,483.8375006618998
mango_rmse,medium,2004-06-30,2005Q4,7,HOURS,480.1682656308295,463.5020207956977,16.666244835131806,475.45870368736513,477.3430696630719,480.12457515938763,483.1180365253411,484.82321611124434
mango_rmse,medium,2004-06-30,2006Q1,8,HOURS,480.68647592880427,464.4804275228165,16.206048405987758,475.75996606324617,477.6556565347303,480.63916201372035,483.8097562263126,485.5978903374284
mango_rmse,medium,2004-06-30,2004Q2,1,INV,749.9655485998007,782.1621073069788,-32.19655870717804,741.1423877680935,744.7735789160862,750.0902195202707,755.242059385533,758.8888315683947
mango_rmse,medium,2004-06-30,2004Q3,2,INV,752.6965178526814,783.7015541710955,-31.005036318414113,740.5656315634199,745.1741743477982,752.5128770664224,760.3375033259325,765.0286764740971
mango_rmse,medium,2004-06-30,2004Q4,3,INV,755.2558062868003,785.7665296031867,-30.51072331638636,739.4931545189083,745.7237289390129,755.0351109900691,764.6154666781292,770.6020663266559
mango_rmse,medium,2004-06-30,2005Q1,4,INV,757.8420468132616,788.539056169692,-30.697009356430385,739.6260365659401,746.9355242767942,757.8011483819262,768.6914518683067,776.5544896444502
mango_rmse,medium,2004-06-30,2005Q2,5,INV,759.9561627719204,787.1995059482441,-27.24334317632372,739.7953488434264,747.6744801300114,760.0749297654684,772.2980715793407,780.4058384366926
mango_rmse,medium,2004-06-30,2005Q3,6,INV,762.189204327848,788.5125305763838,-26.323326248535864,740.1872602134692,748.6349131013698,762.0243681727011,776.4143058573814,784.946386729568
mango_rmse,medium,2004-06-30,2005Q4,7,INV,764.3933032608074,791.7115864821873,-27.31828322137983,740.5363019553469,748.7692377783568,764.1358719685818,779.3685210714701,788.8286409259887
mango_rmse,medium,2004-06-30,2006Q1,8,INV,766.448513748152,793.1853410450444,-26.736827296892443,740.4253702386166,749.9548128711075,766.3326044341214,782.6493490436003,793.9006053193973
mango_rmse,medium,2004-06-30,2004Q2,1,WAGE,475.79916347849144,458.1881088010138,17.611054677477625,474.6975962465756,475.1321860283386,475.7938192205711,476.47640165035597,476.93435950263546
mango_rmse,medium,2004-06-30,2004Q3,2,WAGE,476.13336280852235,459.3380965413115,16.795266267210877,474.536097366795,475.1616791091108,476.13273744715,477.1049615242036,477.7330312330642
mango_rmse,medium,2004-06-30,2004Q4,3,WAGE,476.4674459236921,458.67923432042323,17.78821160326885,474.4516936817911,475.22282292351736,476.46426329408985,477.7163830652461,478.4222911618202
mango_rmse,medium,2004-06-30,2005Q1,4,WAGE,476.7914201352629,458.8644384030756,17.9269817321873,474.41197712832667,475.34585279302013,476.7688233198155,478.2425818550496,479.1579620796397
mango_rmse,medium,2004-06-30,2005Q2,5,WAGE,477.1125946701801,458.7637380695785,18.348856600601607,474.4026046972593,475.40141199541154,477.1352551527219,478.77107223238914,479.8479966857612
mango_rmse,medium,2004-06-30,2005Q3,6,WAGE,477.4275900088224,458.51919432724264,18.908395681579748,474.4974350468026,475.5789089507163,477.42031390161355,479.31925316071425,480.497767683437
mango_rmse,medium,2004-06-30,2005Q4,7,WAGE,477.7553074463554,458.1983439012755,19.556963545079896,474.3471496196036,475.71469572150784,477.7441978267394,479.80015536497217,481.06868560821977
mango_rmse,medium,2004-06-30,2006Q1,8,WAGE,478.05578672989986,459.65430792875725,18.401478801142616,474.49782960899125,475.76362986506547,478.0544823724116,480.31026638534496,481.67632567318407
mango_rmse,medium,2004-09-30,2004Q3,1,CONS,894.2358911562129,918.9202125137185,-24.68432135750561,892.9455839735616,893.4484341305042,894.2294709109232,895.0311472791146,895.5193921706449
mango_rmse,medium,2004-09-30,2004Q4,2,CONS,895.1973704555677,920.0449619348196,-24.847591479251946,893.3641823439957,894.0519306063727,895.2064651794792,896.3546547296773,897.1535847811797
mango_rmse,medium,2004-09-30,2005Q1,3,CONS,896.1482080861379,920.6783654348266,-24.530157348688704,893.7778172602835,894.7515671138779,896.1619855032338,897.5215832139646,898.5909796586127
mango_rmse,medium,2004-09-30,2005Q2,4,CONS,897.0897254535694,921.7804644849432,-24.690739031373823,894.2387032967129,895.4033192133221,897.1221467486255,898.7798705604254,899.9307443577015
mango_rmse,medium,2004-09-30,2005Q3,5,CONS,898.0097291322744,922.606735215334,-24.59700608305957,894.754246792404,896.0107660439663,897.9739975348032,900.0038432717608,901.3926435505113
mango_rmse,medium,2004-09-30,2005Q4,6,CONS,898.9299420589816,922.7908936985102,-23.860951639528594,895.1618822221587,896.6871704145975,898.9211001455351,901.0976094006846,902.6187881943534
mango_rmse,medium,2004-09-30,2006Q1,7,CONS,899.8390678767441,923.8754538789948,-24.03638600225065,895.6564769216544,897.3708735103245,899.8918955985722,902.2247151513876,903.9275512409342
mango_rmse,medium,2004-09-30,2006Q2,8,CONS,900.7416159302878,924.3925620299899,-23.650946099702082,896.0366585120137,898.108935073637,900.7994876258429,903.3422133187014,905.1748257474019
mango_rmse,medium,2004-09-30,2004Q3,1,DEFL,468.92530693452426,444.39680362140643,24.528503313117824,468.4727400652361,468.64431501401816,468.9152598656626,469.2044146482882,469.4164475846145
mango_rmse,medium,2004-09-30,2004Q4,2,DEFL,469.5926497882363,445.166929500233,24.425720288003333,468.78279022282385,469.0943561988603,469.5844311102105,470.09016608244883,470.4263691526576
mango_rmse,medium,2004-09-30,2005Q1,3,DEFL,470.29107602311024,445.960091366716,24.330984656394264,469.0592995849578,469.54391259379287,470.2822859844922,471.03253282326165,471.5264032431869
mango_rmse,medium,2004-09-30,2005Q2,4,DEFL,470.99950425885305,446.6850203488912,24.314483909961837,469.3066665675637,469.9441214040323,471.01279271840565,472.03371902677435,472.7587093265052
mango_rmse,medium,2004-09-30,2005Q3,5,DEFL,471.7180542355156,447.5903970265225,24.12765720899307,469.4692388488339,470.3526863835181,471.71380491055675,473.0928420735309,473.9987454120238
mango_rmse,medium,2004-09-30,2005Q4,6,DEFL,472.44221379389876,448.39625430524006,24.045959488658696,469.63422209422174,470.7291035181197,472.4140515221254,474.1506412635844,475.2732999769438
mango_rmse,medium,2004-09-30,2006Q1,7,DEFL,473.1754967197068,449.0981931357204,24.077303583986406,469.78679808716225,471.1300406445359,473.12827817463386,475.2184742803234,476.7168651294426
mango_rmse,medium,2004-09-30,2006Q2,8,DEFL,473.93348496759296,449.9809670330265,23.95251793456646,469.82459884201467,471.4823082952962,473.8696653021881,476.38403919120753,478.04076346398546
mango_rmse,medium,2004-09-30,2004Q3,1,FFR,1.4529055471073418,1.4333333333333333,0.019572213774008418,-0.003322345372380234,0.511711907466012,1.464649217498496,2.3360250367097515,2.9720399138406943
mango_rmse,medium,2004-09-30,2004Q4,2,FFR,1.88463730098733,1.95,-0.06536269901266989,-0.27421557883261305,0.5574694733088452,1.8754730018273347,3.1861403651116187,4.092814324297581
mango_rmse,medium,2004-09-30,2005Q1,3,FFR,2.2338850523593714,2.47,-0.2361149476406288,-0.43152406875537147,0.5348942710625813,2.2204494234748644,3.932872203491383,4.933726241512833
mango_rmse,medium,2004-09-30,2005Q2,4,FFR,2.5410535664444303,2.9433333333333334,-0.4022797668889031,-0.6696207747889222,0.6079638266911127,2.5535502456429593,4.538572273538549,5.744392602985327
mango_rmse,medium,2004-09-30,2005Q3,5,FFR,2.868684335626666,3.4599999999999995,-0.5913156643733335,-0.8065171507693552,0.6575345569605164,2.8259356815211083,5.149972028657989,6.5434284452652465
mango_rmse,medium,2004-09-30,2005Q4,6,FFR,3.1419429802281273,3.98,-0.8380570197718726,-0.7407643534368521,0.6483990622658876,3.1521136729838,5.583872364435859,7.10567992313095
mango_rmse,medium,2004-09-30,2006Q1,7,FFR,3.4062731876586985,4.456666666666667,-1.0503934790079685,-0.761864908519973,0.8468996852954821,3.4116036962144594,5.985557968277545,7.620193028684558
mango_rmse,medium,2004-09-30,2006Q2,8,FFR,3.6649385637109932,4.906666666666667,-1.241728102955674,-0.780438069478323,0.9642453918097629,3.5959132451216167,6.47579768642662,7.9481526319221265
mango_rmse,medium,2004-09-30,2004Q3,1,GDP,929.7456998441451,957.8991553628297,-28.15345551868461,928.2192670433237,928.8055413354364,929.7527007153375,930.6860059265058,931.2962829371227
mango_rmse,medium,2004-09-30,2004Q4,2,GDP,930.8528152026606,958.9159953464796,-28.063180143818954,928.6374875719019,929.4245183725716,930.8397860255286,932.2348873474737,933.0393685659673
mango_rmse,medium,2004-09-30,2005Q1,3,GDP,931.8904297861017,960.0207528735932,-28.130323087491547,929.1209024445785,930.140862617593,931.8637162062871,933.595115806445,934.7300785336778
mango_rmse,medium,2004-09-30,2005Q2,4,GDP,932.9248395786592,960.5061772591148,-27.58133768045559,929.5864281532764,930.9319222287987,932.9034095987281,934.9133670681747,936.3003302782281
mango_rmse,medium,2004-09-30,2005Q3,5,GDP,933.9067060083394,961.2887292981801,-27.38202328984073,930.1054440275847,931.6172737663504,933.8834938217242,936.2667217098132,937.7425849549207
mango_rmse,medium,2004-09-30,2005Q4,6,GDP,934.8819070422447,961.8550509042607,-26.973143862015945,930.7165658232594,932.3396326829684,934.8386193222564,937.3663766511027,939.3023556949742
mango_rmse,medium,2004-09-30,2006Q1,7,GDP,935.8088818451681,963.1947034740143,-27.3858216288462,931.1541462238345,933.0006416448034,935.751407939114,938.6521501901207,940.6163559227847
mango_rmse,medium,2004-09-30,2006Q2,8,GDP,936.7506850846581,963.4399861405379,-26.68930105587981,931.7916260012573,933.768108973871,936.6273892502522,939.7358518858229,942.0229078060103
mango_rmse,medium,2004-09-30,2004Q3,1,HOURS,476.710355220428,461.2721602140926,15.438195006335434,475.22297159874256,475.8203389161267,476.72178790677054,477.58955939068187,478.1304762246854
mango_rmse,medium,2004-09-30,2004Q4,2,HOURS,477.32055176275753,461.7997562292878,15.520795533469709,475.1159045157412,476.04142959551865,477.3162175853072,478.5909747220696,479.46008538735737
mango_rmse,medium,2004-09-30,2005Q1,3,HOURS,477.86874146537,462.0029241394789,15.8658173258911,475.03989530829784,476.1902965718342,477.8846005386903,479.5748881819225,480.6562062340242
mango_rmse,medium,2004-09-30,2005Q2,4,HOURS,478.4358920583964,462.5854777180924,15.850414340303985,475.070993616973,476.36200381753906,478.4488527044207,480.53487645762215,481.69257846141363
mango_rmse,medium,2004-09-30,2005Q3,5,HOURS,478.9770507033844,462.9023422010251,16.07470850235933,475.0485540543714,476.6714504109442,478.95450935718105,481.31663338173087,482.71512777501295
mango_rmse,medium,2004-09-30,2005Q4,6,HOURS,479.4961640943404,463.5020207956977,15.994143298642655,475.13824823514176,476.8750924010426,479.4683203333085,482.143243459286,483.80356486179096
mango_rmse,medium,2004-09-30,2006Q1,7,HOURS,480.0036834095817,464.4804275228165,15.523255886765185,475.12943358223947,477.2415521149714,479.98012249626373,482.88172546262,484.7673091663831
mango_rmse,medium,2004-09-30,2006Q2,8,HOURS,480.47108146687015,464.7913533526924,15.679728114177749,475.20124429791247,477.51805723528764,480.4642301545515,483.52928956373574,485.51929583262176
mango_rmse,medium,2004-09-30,2004Q3,1,INV,754.7850747795377,783.7015541710955,-28.9164793915578,746.1008376318152,749.4760746491546,754.7453500799929,760.0090657654931,763.5886478200146
mango_rmse,medium,2004-09-30,2004Q4,2,INV,757.6181253855963,785.7665296031867,-28.148404217590382,745.2888883049485,749.8859213116601,757.615379253715,765.3996428717393,770.5008235874642
mango_rmse,medium,2004-09-30,2005Q1,3,INV,760.1514562416817,788.539056169692,-28.38759992801033,744.4495877746535,750.2820480267906,760.07998170069,770.0899088959145,776.51954282782
mango_rmse,medium,2004-09-30,2005Q2,4,INV,762.6949080050276,787.1995059482441,-24.50459794321648,744.3588597244682,751.336077840488,762.3312250354409,773.9236424352108,781.6461783029607
mango_rmse,medium,2004-09-30,2005Q3,5,INV,764.972094130202,788.5125305763838,-23.540436446181843,744.6292137814928,752.4424489360341,764.7474071671224,777.9630871681642,786.8232734983466
mango_rmse,medium,2004-09-30,2005Q4,6,INV,767.061740225647,791.7115864821873,-24.649846256540286,744.9790014880399,753.0510997108552,766.8553646243557,781.0484587163639,791.1020831468968
mango_rmse,medium,2004-09-30,2006Q1,7,INV,769.1176913507045,793.1853410450444,-24.067649694339934,744.1864542748989,753.9489517331644,768.6641414471941,784.3339419604652,794.7970707185312
mango_rmse,medium,2004-09-30,2006Q2,8,INV,771.1224730712328,792.5384529115302,-21.415979840297382,743.9159539099259,754.2705123702382,771.3049903430449,788.0503353931945,798.9987464585917
mango_rmse,medium,2004-09-30,2004Q3,1,WAGE,477.092786303409,459.3380965413115,17.75468976209754,475.93698706959924,476.403791601615,477.0881497177693,477.7779702614183,478.2145579497645
mango_rmse,medium,2004-09-30,2004Q4,2,WAGE,477.4374198503955,458.67923432042323,18.758185529972252,475.7784162104564,476.4538746275925,477.43925143861236,478.42536772149,479.09770228797805
mango_rmse,medium,2004-09-30,2005Q1,3,WAGE,477.7842184805688,458.8644384030756,18.919780077493215,475.6670605326736,476.55591337217584,477.782385559948,479.0514263278826,479.8727835654839
mango_rmse,medium,2004-09-30,2005Q2,4,WAGE,478.10950748923955,458.7637380695785,19.345769419661053,475.4911491583523,476.6122803059313,478.1754319853509,479.6146652094991,480.59881783047257
mango_rmse,medium,2004-09-30,2005Q3,5,WAGE,478.40145792552516,458.51919432724264,19.88226359828252,475.3819512197418,476.6636570567261,478.41320298211724,480.111167365647,481.2924650787033
mango_rmse,medium,2004-09-30,2005Q4,6,WAGE,478.6938950015187,458.1983439012755,20.495551100243176,475.38412705626877,476.6938850394372,478.70143094652406,480.67948952725345,481.893485149912
mango_rmse,medium,2004-09-30,2006Q1,7,WAGE,479.00262570878374,459.65430792875725,19.34831778002649,475.3389901697725,476.80584969034317,479.0215444443599,481.2215639260461,482.5147073289853
mango_rmse,medium,2004-09-30,2006Q2,8,WAGE,479.3187958705432,458.81867809476785,20.50011777577538,475.35249899943926,476.9424195976689,479.33128330190493,481.76250230595844,483.16901194546796
mango_rmse,medium,2004-12-31,2004Q4,1,CONS,895.5156384075505,920.0449619348196,-24.529323527269185,894.2476388207546,894.694945137987,895.5096851211647,896.3420297216766,896.8593485025303
mango_rmse,medium,2004-12-31,2005Q1,2,CONS,896.5176764789838,920.6783654348266,-24.160688955842716,894.5772387981165,895.356413155189,896.5162377972157,897.695251985891,898.4323865752455
mango_rmse,medium,2004-12-31,2005Q2,3,CONS,897.5406319094444,921.7804644849432,-24.23983257549878,895.2189013999873,896.1320081293255,897.5331101909042,899.0207017083487,899.9430863121327
mango_rmse,medium,2004-12-31,2005Q3,4,CONS,898.5210349653726,922.606735215334,-24.085700249961405,895.7085110914309,896.795472909289,898.5413783823268,900.290537517995,901.3790318623818
mango_rmse,medium,2004-12-31,2005Q4,5,CONS,899.4821380356151,922.7908936985102,-23.308755662895123,896.190848501815,897.4740771418354,899.4647864751123,901.4707538596084,902.7249970380965
mango_rmse,medium,2004-12-31,2006Q1,6,CONS,900.435918450507,923.8754538789948,-23.43953542848783,896.8194265905981,898.205167104796,900.3969493252473,902.6789485066279,904.0576592248179
mango_rmse,medium,2004-12-31,2006Q2,7,CONS,901.3793924892095,924.3925620299899,-23.013169540780382,897.389023989778,899.0336661510638,901.3018204929554,903.8170444433475,905.3716737705574
mango_rmse,medium,2004-12-31,2006Q3,8,CONS,902.3341346263369,925.0326753469096,-22.698540720572737,897.9317753856399,899.7636127621889,902.2448421884492,905.0819225775468,906.7625923216261
mango_rmse,medium,2004-12-31,2004Q4,1,DEFL,469.2074926809408,445.166929500233,24.040563180707807,468.7326466279305,468.92291915239474,469.20501080516533,469.4820763059192,469.67975958470527
mango_rmse,medium,2004-12-31,2005Q1,2,DEFL,469.77629910213216,445.960091366716,23.816207735416185,468.95142610255465,469.293991813601,469.77726623676097,470.27840132596555,470.5767644058971
mango_rmse,medium,2004-12-31,2005Q2,3,DEFL,470.3456123264895,446.6850203488912,23.6605919775983,469.13665472934053,469.6073868908633,470.3383556655813,471.0763338183902,471.5621970258525
mango_rmse,medium,2004-12-31,2005Q3,4,DEFL,470.9108811191595,447.5903970265225,23.320484092637003,469.21904950711587,469.9147278257666,470.91570560034563,471.93494727572096,472.5735423629482
mango_rmse,medium,2004-12-31,2005Q4,5,DEFL,471.51311030218284,448.39625430524006,23.116855996942775,469.28834426669886,470.2157790703476,471.52008178044264,472.8410526543951,473.6684476078353
mango_rmse,medium,2004-12-31,2006Q1,6,DEFL,472.1252815312244,449.0981931357204,23.027088395503995,469.4693389723269,470.5236916089667,472.1148844672417,473.7786368170385,474.80147628598246
mango_rmse,medium,2004-12-31,2006Q2,7,DEFL,472.743361806559,449.9809670330265,22.762394773532492,469.53251308373893,470.79239618325335,472.7334891437091,474.78416059072777,475.99283726774064
mango_rmse,medium,2004-12-31,2006Q3,8,DEFL,473.38213023337835,450.6763216075208,22.70580862585757,469.5678238541576,470.99083025906356,473.37974704860187,475.8479894303266,477.19873082937033
mango_rmse,medium,2004-12-31,2004Q4,1,FFR,1.8088469649997885,1.95,-0.14115303500021148,0.24204105107842527,0.8828310011966729,1.806499133834598,2.7379722025456603,3.358457443025371
mango_rmse,medium,2004-12-31,2005Q1,2,FFR,2.0360736825118133,2.47,-0.4339263174881869,-0.17008221872963808,0.7060215373468522,2.0373443635788138,3.3819368345319822,4.193410916480897
mango_rmse,medium,2004-12-31,2005Q2,3,FFR,2.3177442393630963,2.9433333333333334,-0.6255890939702371,-0.4395505592690692,0.6391183741805564,2.2976460342302127,3.9727183329202127,5.192364863907541
mango_rmse,medium,2004-12-31,2005Q3,4,FFR,2.647682377904628,3.4599999999999995,-0.8123176220953714,-0.4045081225966222,0.7616723241585678,2.6252957052440293,4.549063816666711,5.789660898661294
mango_rmse,medium,2004-12-31,2005Q4,5,FFR,2.9361695328658315,3.98,-1.0438304671341685,-0.3978442639725603,0.8312591018185218,2.9136484717885276,5.056961393496109,6.354442612482382
mango_rmse,medium,2004-12-31,2006Q1,6,FFR,3.1512321431259034,4.456666666666667,-1.3054345235407636,-0.6732247119894776,0.966781733665256,3.154092982320492,5.506852579282177,6.8747483090393935
mango_rmse,medium,2004-12-31,2006Q2,7,FFR,3.329439839654112,4.906666666666667,-1.5772268270125553,-0.8713422751762515,0.8595193424461088,3.3261956239433608,5.819715191064224,7.212163452781494
mango_rmse,medium,2004-12-31,2006Q3,8,FFR,3.51947472979894,5.246666666666667,-1.7271919368677269,-0.905878200538823,0.9544182474192193,3.535499378162608,6.089213364672757,7.807814706098643
mango_rmse,medium,2004-12-31,2004Q4,1,GDP,930.6357199341312,958.9159953464796,-28.280275412348374,929.1195487003079,929.7129963788058,930.6190354759647,931.5598064787873,932.2101410076484
mango_rmse,medium,2004-12-31,2005Q1,2,GDP,931.6531696002157,960.0207528735932,-28.367583273377477,929.4516738931999,930.3092013805965,931.6463417554392,932.929505513465,933.8251474425086
mango_rmse,medium,2004-12-31,2005Q2,3,GDP,932.7207586033919,960.5061772591148,-27.78541865572288,929.9321584973878,930.9563176200687,932.7153677463373,934.3911827617585,935.5605994167955
mango_rmse,medium,2004-12-31,2005Q3,4,GDP,933.7503620243464,961.2887292981801,-27.538367273833728,930.474374575249,931.6867281386384,933.7541955661994,935.7783634174918,937.0705617987821
mango_rmse,medium,2004-12-31,2005Q4,5,GDP,934.7538196415404,961.8550509042607,-27.101231262720262,931.0869635550941,932.5520982961799,934.7337197146095,937.012365719187,938.4713335279328
mango_rmse,medium,2004-12-31,2006Q1,6,GDP,935.7565238938496,963.1947034740143,-27.43817958016473,931.7341318516436,933.2351155483029,935.7613798171622,938.1523517178815,939.7625782489202
mango_rmse,medium,2004-12-31,2006Q2,7,GDP,936.7097285963331,963.4399861405379,-26.730257544204846,932.2649703653354,933.9964877819223,936.6640256144995,939.2891182036012,941.2472037814122
mango_rmse,medium,2004-12-31,2006Q3,8,GDP,937.6543855743898,963.5903292567261,-25.9359436823363,932.8002696981156,934.7068950647217,937.6279029141106,940.5899432462553,942.7675509858292
mango_rmse,medium,2004-12-31,2004Q4,1,HOURS,477.1369605055239,461.7997562292878,15.337204276236093,475.67118969410984,476.26199039488165,477.1533203993735,478.03781151565,478.5551220470663
mango_rmse,medium,2004-12-31,2005Q1,2,HOURS,477.6666510300462,462.0029241394789,15.663726890567261,475.48102421308397,476.3617517008219,477.6768083043107,478.9826999907515,479.84160890606097
mango_rmse,medium,2004-12-31,2005Q2,3,HOURS,478.2517630307119,462.5854777180924,15.666285312619493,475.51400316605213,476.58913580946864,478.23936698536863,479.9529952591153,480.9338511371432
mango_rmse,medium,2004-12-31,2005Q3,4,HOURS,478.8118849413599,462.9023422010251,15.909542740334814,475.5704875849524,476.86812138780385,478.7787030369128,480.708034429323,481.9898230903068
mango_rmse,medium,2004-12-31,2005Q4,5,HOURS,479.38232436714407,463.5020207956977,15.880303571446348,475.76436431542277,477.16605329227076,479.3067658320957,481.59774850987884,483.1242236445519
mango_rmse,medium,2004-12-31,2006Q1,6,HOURS,479.8990572816967,464.4804275228165,15.418629758880172,475.83488357963114,477.4007150776673,479.94972624787147,482.3483140198664,483.97066496382814
mango_rmse,medium,2004-12-31,2006Q2,7,HOURS,480.3707526562366,464.7913533526924,15.579399303544221,475.9525921436572,477.64251280203126,480.34954748638035,483.0736375771383,484.92549509660387
mango_rmse,medium,2004-12-31,2006Q3,8,HOURS,480.8614665355248,465.20728556743103,15.654180968093783,476.12125800616366,477.8567744693496,480.82335468797567,483.77668965396157,485.7160374072446
mango_rmse,medium,2004-12-31,2004Q4,1,INV,755.1433506543964,785.7665296031867,-30.62317894879027,746.4977461731274,749.835144245127,754.9791235974984,760.4565201657147,764.3062174859394
mango_rmse,medium,2004-12-31,2005Q1,2,INV,757.7029009170002,788.539056169692,-30.83615525269181,744.9466110011924,750.2568275379489,757.7184557440329,764.7489849453667,770.0347046045847
mango_rmse,medium,2004-12-31,2005Q2,3,INV,760.259088707025,787.1995059482441,-26.940417241219166,745.256163920577,750.6441105251413,760.0292427121433,769.8046109794848,775.7445399094627
mango_rmse,medium,2004-12-31,2005Q3,4,INV,762.5312280043908,788.5125305763838,-25.98130257199307,744.7031446303838,751.2422573108271,762.3852581957065,773.5172353661891,780.7629943945453
mango_rmse,medium,2004-12-31,2005Q4,5,INV,764.9340268551963,791.7115864821873,-26.77755962699098,744.8068199576203,752.1832816081408,764.7179548390915,777.3104558199917,785.6687819685825
mango_rmse,medium,2004-12-31,2006Q1,6,INV,766.9563483730522,793.1853410450444,-26.228992671992273,744.5586492742043,753.3383804781816,766.8465695048505,780.2380786055019,789.1581104935445
mango_rmse,medium,2004-12-31,2006Q2,7,INV,768.8312021253532,792.5384529115302,-23.707250786176928,744.9759075935212,754.1933378709108,768.5860712284916,782.880252025706,793.6242760663494
mango_rmse,medium,2004-12-31,2006Q3,8,INV,770.8289256414164,792.1518941137941,-21.322968472377738,745.6269509455915,754.9376817831609,770.7246545562609,785.901877674535,797.3306469586835
mango_rmse,medium,2004-12-31,2004Q4,1,WAGE,477.8870444259451,458.67923432042323,19.207810105521844,476.75633685582875,477.22091680101806,477.8893033107854,478.539943042987,479.02238321976404
mango_rmse,medium,2004-12-31,2005Q1,2,WAGE,478.2613117682973,458.8644384030756,19.396873365221666,476.56304418792934,477.2882210769466,478.278501669822,479.26274787596213,479.87667228772824
mango_rmse,medium,2004-12-31,2005Q2,3,WAGE,478.63209650313826,458.7637380695785,19.868358433559763,476.6239111171662,477.4549017045564,478.6143944402306,479.8423045223338,480.7300098622106
mango_rmse,medium,2004-12-31,2005Q3,4,WAGE,478.9711983040615,458.51919432724264,20.452003976818844,476.63367760628955,477.54282259322883,478.9417075960984,480.4223942200735,481.3949908365085
mango_rmse,medium,2004-12-31,2005Q4,5,WAGE,479.28954872315205,458.1983439012755,21.091204821876545,476.6563130468064,477.6542694287156,479.24307955986956,480.9510014676826,482.0474294267716
mango_rmse,medium,2004-12-31,2006Q1,6,WAGE,479.6490134196468,459.65430792875725,19.994705490889544,476.69789779549075,477.7710844759833,479.60944974733394,481.4417688996279,482.80954362625397
mango_rmse,medium,2004-12-31,2006Q2,7,WAGE,480.00022577544286,458.81867809476785,21.18154768067501,476.7004602078145,477.9294269746004,479.98661337939546,482.01297234311517,483.477868751396
mango_rmse,medium,2004-12-31,2006Q3,8,WAGE,480.32687509123946,458.137941661485,22.188933429754456,476.7754077405887,478.10222751146154,480.3598267982784,482.5698790295922,484.0596758593181
mango_rmse,medium,2005-03-31,2005Q1,1,CONS,896.4750731703202,920.6783654348266,-24.20329226450633,895.1637010089656,895.6685550615399,896.464830926916,897.2785787856378,897.7767102433777
mango_rmse,medium,2005-03-31,2005Q2,2,CONS,897.4842781486117,921.7804644849432,-24.296186336331516,895.5976680841889,896.3561772186625,897.4682711071225,898.6171956237413,899.3357276552613
mango_rmse,medium,2005-03-31,2005Q3,3,CONS,898.4286366499759,922.606735215334,-24.178098565358027,895.9548753348892,896.9612276576601,898.39166656275,899.9365160559933,900.9304067064576
mango_rmse,medium,2005-03-31,2005Q4,4,CONS,899.4221688799913,922.7908936985102,-23.3687248185189,896.514362507237,897.7096648938082,899.4142428017938,901.2113744910702,902.3628563819476
mango_rmse,medium,2005-03-31,2006Q1,5,CONS,900.3937828856094,923.8754538789948,-23.481670993385364,897.1297756794794,898.4745382020074,900.3370973739754,902.3842063603598,903.6961608746007
mango_rmse,medium,2005-03-31,2006Q2,6,CONS,901.3487114480541,924.3925620299899,-23.04385058193577,897.752024385401,899.2695532103752,901.3165380032033,903.4985005386548,905.040825378679
mango_rmse,medium,2005-03-31,2006Q3,7,CONS,902.2990798982249,925.0326753469096,-22.733595448684696,898.2228179017648,899.9920253755434,902.2966676284381,904.6657374782957,906.3803686922753
mango_rmse,medium,2005-03-31,2006Q4,8,CONS,903.2371728524593,925.9820583722299,-22.744885519770605,899.0316875958702,900.7624472187053,903.1969164174297,905.8428932778297,907.6165424849395
mango_rmse,medium,2005-03-31,2005Q1,1,DEFL,469.8132101491121,445.960091366716,23.85311878239611,469.34599219748833,469.51551890631305,469.8142093231203,470.11482911581805,470.28008860521487
mango_rmse,medium,2005-03-31,2005Q2,2,DEFL,470.39324660738606,446.6850203488912,23.708226258494847,469.5580267642431,469.8766575439825,470.3888162661939,470.8971492711785,471.2518929868866
mango_rmse,medium,2005-03-31,2005Q3,3,DEFL,470.961245994256,447.5903970265225,23.37084896773348,469.7400553638854,470.2314625831689,470.96074617549255,471.6938287359357,472.19707215007764
mango_rmse,medium,2005-03-31,2005Q4,4,DEFL,471.5594196844507,448.39625430524006,23.163165379210625,469.9021607862591,470.55664639924066,471.56569981370626,472.55380272004885,473.270436145825
mango_rmse,medium,2005-03-31,2006Q1,5,DEFL,472.1647544569272,449.0981931357204,23.06656132120679,469.9615023182159,470.8704151271883,472.18312972956767,473.4537085039461,474.3609074131506
mango_rmse,medium,2005-03-31,2006Q2,6,DEFL,472.7911793048606,449.9809670330265,22.810212271834075,470.01620514481516,471.2000019331464,472.78680195706943,474.3942063233467,475.5271824091998
mango_rmse,medium,2005-03-31,2006Q3,7,DEFL,473.42790781795554,450.6763216075208,22.751586210434766,470.1354270519619,471.51811669258797,473.4448335008386,475.3561117421131,476.78385120661204
mango_rmse,medium,2005-03-31,2006Q4,8,DEFL,474.0771645296481,451.0496803385384,23.027484191109693,470.1914843778555,471.78121919471704,474.0648734757295,476.34914966708806,478.0755563298508
mango_rmse,medium,2005-03-31,2005Q1,1,FFR,2.2052273656190957,2.47,-0.2647726343809045,0.7152186631606242,1.3426698258240821,2.213079198206383,3.09017084588238,3.7087877740998016
mango_rmse,medium,2005-03-31,2005Q2,2,FFR,2.4801601606797745,2.9433333333333334,-0.46317317265355884,0.2536207069556479,1.1603479212369527,2.502899006548388,3.786153840676785,4.681424077926497
mango_rmse,medium,2005-03-31,2005Q3,3,FFR,2.7529794638460703,3.4599999999999995,-0.7070205361539292,0.06633338678016962,1.0867573806090258,2.726173357509998,4.412243944839834,5.486478564538359
mango_rmse,medium,2005-03-31,2005Q4,4,FFR,2.993461645539004,3.98,-0.986538354460996,-0.19128603913762118,1.050946938235007,2.9658258885563678,4.881500067597685,6.209548096703148
mango_rmse,medium,2005-03-31,2006Q1,5,FFR,3.2165708299633695,4.456666666666667,-1.2400958367032975,-0.344863317235931,1.0532905580237455,3.257433271523498,5.288090666369904,6.840091868643107
mango_rmse,medium,2005-03-31,2006Q2,6,FFR,3.4268292817197104,4.906666666666667,-1.4798373849469568,-0.35973646790985037,1.1427069886932202,3.4113854830914696,5.65487205348675,7.183191466454584
mango_rmse,medium,2005-03-31,2006Q3,7,FFR,3.636403749206142,5.246666666666667,-1.610262917460525,-0.439680818606805,1.2418024761857305,3.6221046199702274,6.099797394661426,7.525503580295767
mango_rmse,medium,2005-03-31,2006Q4,8,FFR,3.8229443341364364,5.246666666666667,-1.4237223325302306,-0.7113638181065494,1.2537512953002756,3.824256472652605,6.438081002649803,8.163715127959712
mango_rmse,medium,2005-03-31,2005Q1,1,GDP,931.5261710015079,960.0207528735932,-28.49458187208529,930.0102006255696,930.5982855521489,931.535236066074,932.4426164446303,933.0359119313631
mango_rmse,medium,2005-03-31,2005Q2,2,GDP,932.5511516155943,960.5061772591148,-27.955025643520457,930.3123847993255,931.2229464728531,932.5656337979026,933.9377158698311,934.7443811092304
mango_rmse,medium,2005-03-31,2005Q3,3,GDP,933.5504587633687,961.2887292981801,-27.738270534811363,930.7269038439227,931.8772899146168,933.5534136875463,935.2690580267713,936.3516899929338
mango_rmse,medium,2005-03-31,2005Q4,4,GDP,934.5215530163766,961.8550509042607,-27.33349788788405,931.1458745414526,932.4464413422583,934.5537072365281,936.5914259802771,937.8212025221836
mango_rmse,medium,2005-03-31,2006Q1,5,GDP,935.4729604093735,963.1947034740143,-27.721743064640805,931.7367283218755,933.1537392764761,935.4980350415137,937.8152167954299,939.197900327596
mango_rmse,medium,2005-03-31,2006Q2,6,GDP,936.4349429307717,963.4399861405379,-27.0050432097662,932.278700318416,933.9099330697012,936.4473744742904,938.9579325285079,940.5354110135767
mango_rmse,medium,2005-03-31,2006Q3,7,GDP,937.3662942939012,963.5903292567261,-26.22403496282493,932.8304917465491,934.5968244585797,937.4396637705067,940.112460343469,941.7530050915453
mango_rmse,medium,2005-03-31,2006Q4,8,GDP,938.3116706994907,964.4305015999738,-26.11883090048309,933.446818138403,935.30234213774,938.4312556204482,941.2579539692401,943.0252037981463
mango_rmse,medium,2005-03-31,2005Q1,1,HOURS,477.68877958922815,462.0029241394789,15.685855449749226,476.21190753293814,476.8365580220633,477.68704917516084,478.5703459036349,479.1087239834941
mango_rmse,medium,2005-03-31,2005Q2,2,HOURS,478.2391804378738,462.5854777180924,15.653702719781393,475.987781685443,476.8779230967469,478.2529472068029,479.5690854224686,480.38257314005546
mango_rmse,medium,2005-03-31,2005Q3,3,HOURS,478.7668254522532,462.9023422010251,15.864483251228137,475.8355945497509,477.0641613026641,478.80904606596056,480.47160709807997,481.5378431378281
mango_rmse,medium,2005-03-31,2005Q4,4,HOURS,479.27634269851944,463.5020207956977,15.774321902821725,475.9866993181981,477.2570016859461,479.2474060711229,481.24786869453635,482.50593375593405
mango_rmse,medium,2005-03-31,2006Q1,5,HOURS,479.7840172904822,464.4804275228165,15.303589767665699,475.9682299528345,477.4760992766069,479.8382159761146,482.12212071352053,483.44124288457215
mango_rmse,medium,2005-03-31,2006Q2,6,HOURS,480.2725511048269,464.7913533526924,15.481197752134506,476.02282306559397,477.678313743769,480.3761141678733,482.86052812780116,484.41377409436666
mango_rmse,medium,2005-03-31,2006Q3,7,HOURS,480.7612965569959,465.20728556743103,15.554010989564858,476.19566682690504,477.95599339005304,480.81773560652937,483.54917990677643,485.23067206541174
mango_rmse,medium,2005-03-31,2006Q4,8,HOURS,481.23368741697726,465.62909654958054,15.604590867396723,476.48076137724763,478.25789230209614,481.2892794380878,484.2427929035075,486.10386217040707
mango_rmse,medium,2005-03-31,2005Q1,1,INV,758.3145476251017,788.539056169692,-30.22450854459032,749.5096616995468,753.1521200891369,758.2072582344449,763.5867526434783,767.1739376414317
mango_rmse,medium,2005-03-31,2005Q2,2,INV,760.7715866557248,787.1995059482441,-26.427919292519277,747.7896451103015,752.9303422965331,760.7889167098003,768.7570455529191,773.5992149150452
mango_rmse,medium,2005-03-31,2005Q3,3,INV,762.9661276568928,788.5125305763838,-25.546402919491015,747.0597997957094,753.1706146939792,762.9837316278165,772.3678652251326,779.4217409390009
mango_rmse,medium,2005-03-31,2005Q4,4,INV,765.0724282723633,791.7115864821873,-26.639158209824018,745.9306094447707,753.7797701477853,765.2096427599388,776.2177263481937,784.0913230420708
mango_rmse,medium,2005-03-31,2006Q1,5,INV,767.1130271088581,793.1853410450444,-26.072313936186333,745.877763725344,754.6986017863749,766.8537619832639,779.8439280326188,788.2273626197132
mango_rmse,medium,2005-03-31,2006Q2,6,INV,769.2485733220569,792.5384529115302,-23.28987958947323,746.4490870577242,755.2685337957812,768.9828235540572,783.1253854083747,792.4900874393066
mango_rmse,medium,2005-03-31,2006Q3,7,INV,771.0938337522261,792.1518941137941,-21.058060361567982,745.4438744892084,756.1765624060454,770.9651594238774,786.343973522684,796.7214609373375
mango_rmse,medium,2005-03-31,2006Q4,8,INV,773.0112650660693,790.1927739141016,-17.18150884803231,746.117293104947,757.1400733264894,773.048913376479,789.0301569334297,799.2421856406564
mango_rmse,medium,2005-03-31,2005Q1,1,WAGE,478.26421474614904,458.8644384030756,19.399776343073427,477.11444640945626,477.6050278569962,478.2506334539229,478.9398912000143,479.3695846206939
mango_rmse,medium,2005-03-31,2005Q2,2,WAGE,478.6571794004309,458.7637380695785,19.893441330852397,477.0688208923628,477.66290402368463,478.65209189316636,479.61809026721374,480.3256216370118
mango_rmse,medium,2005-03-31,2005Q3,3,WAGE,479.02403491822463,458.51919432724264,20.504840590981985,476.96442520815106,477.8549380326124,479.03863522593974,480.22081837408126,480.97122772092325
mango_rmse,medium,2005-03-31,2005Q4,4,WAGE,479.3723144108007,458.1983439012755,21.17397050952519,476.96939217199474,477.90550302482376,479.3919535843329,480.79002210010896,481.7812030827301
mango_rmse,medium,2005-03-31,2006Q1,5,WAGE,479.72256440322604,459.65430792875725,20.068256474468797,476.94963551633157,478.0784166286208,479.7592177017363,481.3514526925261,482.4086163281681
mango_rmse,medium,2005-03-31,2006Q2,6,WAGE,480.0528358362973,458.81867809476785,21.23415774152943,476.88426332277686,478.2641114311609,480.0716849132983,481.86741762521643,483.04715793666884
mango_rmse,medium,2005-03-31,2006Q3,7,WAGE,480.3786196873636,458.137941661485,22.240678025878594,476.9978510116992,478.37922427234116,480.4151663608944,482.34206701966247,483.66499493472514
mango_rmse,medium,2005-03-31,2006Q4,8,WAGE,480.7175654030998,460.156369039398,20.56119636370181,477.0780812395187,478.4892135628158,480.8363019508416,482.76491431348103,484.3160920068296
mango_rmse,medium,2005-06-30,2005Q2,1,CONS,897.3472570038516,921.7804644849432,-24.433207481091586,896.0405796128692,896.5627667489885,897.3472218249958,898.1192516130037,898.6374944451275
mango_rmse,medium,2005-06-30,2005Q3,2,CONS,898.2678624965704,922.606735215334,-24.338872718763582,896.3380032421031,897.1404604199141,898.284956433977,899.3995738250911,900.1368214592783
mango_rmse,medium,2005-06-30,2005Q4,3,CONS,899.2060212096919,922.7908936985102,-23.58487248881829,896.9289610551056,897.7745207372474,899.1909255901395,900.6322200107684,901.6015104649625
mango_rmse,medium,2005-06-30,2006Q1,4,CONS,900.1086869424337,923.8754538789948,-23.766766936561112,897.3369150535779,898.4491528452979,900.0797308162414,901.8154250410595,902.9148917813178
mango_rmse,medium,2005-06-30,2006Q2,5,CONS,901.0573938330812,924.3925620299899,-23.33516819690874,897.899566663983,899.1757822190912,901.0089539428961,902.9606615540671,904.2670572079736
mango_rmse,medium,2005-06-30,2006Q3,6,CONS,901.9497844117636,925.0326753469096,-23.082890935145997,898.3977795134032,899.766638206398,901.9290334744062,904.0802941733356,905.5382998356035
mango_rmse,medium,2005-06-30,2006Q4,7,CONS,902.8662315937337,925.9820583722299,-23.11582677849617,898.9912462113368,900.5304529407446,902.8357350158968,905.1908379204086,906.8414380603641
mango_rmse,medium,2005-06-30,2007Q1,8,CONS,903.7988035131352,926.5969288954141,-22.79812538227884,899.5957851514995,901.1355199709077,903.7775445611014,906.4347048149987,907.9845436607551
mango_rmse,medium,2005-06-30,2005Q2,1,DEFL,470.5752987131291,446.6850203488912,23.890278364237872,470.1050450205534,470.29729215753554,470.5703356622334,470.86382279103793,471.06167139787954
mango_rmse,medium,2005-06-30,2005Q3,2,DEFL,471.22262473359757,447.5903970265225,23.63222770707506,470.40289958661407,470.7243644899267,471.2122009699127,471.7412364342646,472.05456982506644
mango_rmse,medium,2005-06-30,2005Q4,3,DEFL,471.88927097512243,448.39625430524006,23.493016669882365,470.65454096568857,471.14026367499235,471.8825205614817,472.6323687780615,473.1277931818446
mango_rmse,medium,2005-06-30,2006Q1,4,DEFL,472.5702732520202,449.0981931357204,23.472080116299765,470.87733972760833,471.5496268064346,472.56268763450237,473.58844984969465,474.21537405908964
mango_rmse,medium,2005-06-30,2006Q2,5,DEFL,473.26082884661434,449.9809670330265,23.279861813587843,471.0973776252222,471.953763552013,473.23683004917143,474.57592566124464,475.3820576441697
mango_rmse,medium,2005-06-30,2006Q3,6,DEFL,473.97686998910467,450.6763216075208,23.300548381583894,471.2770705401479,472.3528939672571,473.9832154531923,475.60996840168593,476.65935292902816
mango_rmse,medium,2005-06-30,2006Q4,7,DEFL,474.6964212632097,451.0496803385384,23.646740924671292,471.4093999974786,472.7540336721247,474.71074114838797,476.64672489052344,477.92435178272814
mango_rmse,medium,2005-06-30,2007Q1,8,DEFL,475.4243522668127,452.0037044010234,23.420647865789306,471.54927808705554,473.1474552656893,475.4519565547355,477.7301555182252,479.22232181753657
mango_rmse,medium,2005-06-30,2005Q2,1,FFR,2.771089426537155,2.9433333333333334,-0.17224390679617851,1.223970574003452,1.845867984353249,2.7894922484078783,3.6922521733253926,4.304938333082777
mango_rmse,medium,2005-06-30,2005Q3,2,FFR,3.0617901546738215,3.4599999999999995,-0.398209845326178,0.8577031840407208,1.7167080295345438,3.043790903872422,4.4181078939154315,5.364919965457494
mango_rmse,medium,2005-06-30,2005Q4,3,FFR,3.3029072282941376,3.98,-0.6770927717058624,0.6572312690621992,1.595416783527039,3.2631490077449317,5.037024796850639,6.186073674754807
mango_rmse,medium,2005-06-30,2006Q1,4,FFR,3.5129154319002596,4.456666666666667,-0.9437512347664074,0.36793581221892996,1.611651039010017,3.4734145426388627,5.4527310901827395,6.745389610249966
mango_rmse,medium,2005-06-30,2006Q2,5,FFR,3.727484126131584,4.906666666666667,-1.1791825405350833,0.3988636032177945,1.594683898915447,3.6841245675585665,5.821099972715454,7.229402413060881
mango_rmse,medium,2005-06-30,2006Q3,6,FFR,3.9146069502594334,5.246666666666667,-1.3320597164072336,0.17663250312468967,1.712584035921441,3.9400139273722066,6.146266833429338,7.565410096147351
mango_rmse,medium,2005-06-30,2006Q4,7,FFR,4.068765267275312,5.246666666666667,-1.177901399391355,0.03016570097800896,1.6961485617214793,4.017463288261235,6.49234073976177,8.067747884010169
mango_rmse,medium,2005-06-30,2007Q1,8,FFR,4.235287965186797,5.256666666666667,-1.02137870147987,0.030368860280724774,1.7253858384722414,4.240028676075725,6.677771755435512,8.422624605215976
mango_rmse,medium,2005-06-30,2005Q2,1,GDP,932.3999438381242,960.5061772591148,-28.106233420990634,930.797162602171,931.4970553927651,932.4193563740303,933.3327264067475,933.8994887561421
mango_rmse,medium,2005-06-30,2005Q3,2,GDP,933.3669486056122,961.2887292981801,-27.92178069256795,931.1020263294733,932.0571037555031,933.3641880721343,934.6946914312973,935.6142431831709
mango_rmse,medium,2005-06-30,2005Q4,3,GDP,934.3066082792591,961.8550509042607,-27.5484426250016,931.5130439526491,932.6612151986251,934.3165696697184,935.9833196754812,936.9235150415035
mango_rmse,medium,2005-06-30,2006Q1,4,GDP,935.2192436612622,963.1947034740143,-27.975459812752092,932.083900766189,933.2381038046298,935.1963957073222,937.1864109496851,938.4264184942695
mango_rmse,medium,2005-06-30,2006Q2,5,GDP,936.1584385719538,963.4399861405379,-27.281547568584188,932.5597109402567,933.8881675306485,936.1888102307107,938.3717992427922,939.8862974733141
mango_rmse,medium,2005-06-30,2006Q3,6,GDP,937.0587611580954,963.5903292567261,-26.531568098630714,933.190054176221,934.5792147021637,937.0642817301239,939.5291310449974,941.2036225906578
mango_rmse,medium,2005-06-30,2006Q4,7,GDP,937.9714044385844,964.4305015999738,-26.459097161389423,933.6395404295653,935.2499721422271,937.9732755378234,940.69725575293,942.314743900581
mango_rmse,medium,2005-06-30,2007Q1,8,GDP,938.8860099826794,964.7236703008948,-25.8376603182154,934.1554013890336,935.8546827791113,938.9012174063678,941.8589853919764,943.66982733435
mango_rmse,medium,2005-06-30,2005Q2,1,HOURS,477.9414290617505,462.5854777180924,15.355951343658091,476.5068480980418,477.06729946469744,477.9320090702351,478.81796828822377,479.35873080749053
mango_rmse,medium,2005-06-30,2005Q3,2,HOURS,478.4449396839239,462.9023422010251,15.542597482898827,476.33064188654504,477.1788146847051,478.4444576800056,479.71432553422596,480.532948013799
mango_rmse,medium,2005-06-30,2005Q4,3,HOURS,478.9470310442273,463.5020207956977,15.44501024852957,476.243648891686,477.33365030606046,478.8987399009653,480.62158763351346,481.7090117831803
mango_rmse,medium,2005-06-30,2006Q1,4,HOURS,479.43021420491255,464.4804275228165,14.949786682096033,476.28072919798416,477.43792029594925,479.43036366078684,481.42921287936997,482.62831176113036
mango_rmse,medium,2005-06-30,2006Q2,5,HOURS,479.9243628209982,464.7913533526924,15.13300946830583,476.3488483322397,477.6901573710195,479.91958954333734,482.2121995349335,483.52265676205235
mango_rmse,medium,2005-06-30,2006Q3,6,HOURS,480.41286915463803,465.20728556743103,15.205583587207002,476.43635343984676,477.8897257339526,480.38734118377477,482.914845192623,484.5075341315723
mango_rmse,medium,2005-06-30,2006Q4,7,HOURS,480.8740133999612,465.62909654958054,15.244916850380662,476.426196730594,478.14491306950833,480.85334801847364,483.55896718898424,485.31008960766366
mango_rmse,medium,2005-06-30,2007Q1,8,HOURS,481.3408452379249,465.77246847229804,15.568376765626851,476.6064879625774,478.4206696790605,481.3750567688446,484.3282807515687,486.02936852108155
mango_rmse,medium,2005-06-30,2005Q2,1,INV,760.4257721812334,787.1995059482441,-26.773733767010754,752.141025618105,755.3352216016374,760.4492647872069,765.8361976398697,768.8029149178304
mango_rmse,medium,2005-06-30,2005Q3,2,INV,762.6222609356391,788.5125305763838,-25.89026964074469,750.1673212401507,755.1947181661567,762.6826202552638,770.2308912080227,774.8827694039908
mango_rmse,medium,2005-06-30,2005Q4,3,INV,764.5183011036563,791.7115864821873,-27.19328537853096,748.6848116610803,755.1123536628086,764.8487168054755,773.7652298961789,780.0559750274804
mango_rmse,medium,2005-06-30,2006Q1,4,INV,766.4164447967781,793.1853410450444,-26.768896248266287,747.9838709004154,755.8770384998743,766.3791359384807,777.3699058683811,783.9787972190081
mango_rmse,medium,2005-06-30,2006Q2,5,INV,768.319293623663,792.5384529115302,-24.219159287867114,747.2804279009696,756.0367420215935,768.2652194855536,781.2642677045189,788.5576623818191
mango_rmse,medium,2005-06-30,2006Q3,6,INV,770.205737926971,792.1518941137941,-21.946156186823146,747.0807006603366,756.6139303327609,769.8103305018212,784.1217456356577,793.0570715069895
mango_rmse,medium,2005-06-30,2006Q4,7,INV,771.9253700532994,790.1927739141016,-18.267403860802233,746.811601066206,757.008324432123,771.6119120743945,786.7063172265505,796.9404284989552
mango_rmse,medium,2005-06-30,2007Q1,8,INV,773.712882588721,789.5023631425074,-15.789480553786461,747.0897627283041,757.6820140729936,773.2540643725071,790.0690770531392,800.9032603930473
mango_rmse,medium,2005-06-30,2005Q2,1,WAGE,480.87300929196994,458.7637380695785,22.109271222391442,479.7319820188323,480.21048782536513,480.86489717337247,481.5590709623691,482.0157315113921
mango_rmse,medium,2005-06-30,2005Q3,2,WAGE,481.28011957415475,458.51919432724264,22.76092524691211,479.63632266336526,480.28281844759255,481.2844948859204,482.2502131317588,482.94578642227566
mango_rmse,medium,2005-06-30,2005Q4,3,WAGE,481.6641654299718,458.1983439012755,23.465821528696267,479.6306869315534,480.4607530417242,481.65697163588464,482.8739723178931,483.65184498852284
mango_rmse,medium,2005-06-30,2006Q1,4,WAGE,482.07027704691376,459.65430792875725,22.41596911815651,479.6186499594849,480.64584247105813,482.0975504935759,483.4391136308655,484.37342544450917
mango_rmse,medium,2005-06-30,2006Q2,5,WAGE,482.4899940306644,458.81867809476785,23.67131593589653,479.7399439871982,480.822591053149,482.5210907292108,484.09112534288,485.11280536430576
mango_rmse,medium,2005-06-30,2006Q3,6,WAGE,482.86463666729793,458.137941661485,24.72669500581293,479.77385685072784,481.026438549107,482.8853117342229,484.68095085209393,485.92125322215986
mango_rmse,medium,2005-06-30,2006Q4,7,WAGE,483.2164522351485,460.156369039398,23.060083195750508,479.95656781758726,481.095194669884,483.24352540929476,485.23163238884933,486.54340389199433
mango_rmse,medium,2005-06-30,2007Q1,8,WAGE,483.6111250617768,461.45956266352465,22.151562398252167,479.8718966055143,481.3825800016039,483.64696751533205,485.80164375695506,487.2988054964193
mango_rmse,medium,2005-09-30,2005Q3,1,CONS,897.4640835356148,922.606735215334,-25.142651679719165,896.1624822806332,896.6809745974076,897.4565247637095,898.2494433395668,898.7611973410652
mango_rmse,medium,2005-09-30,2005Q4,2,CONS,898.3535207329211,922.7908936985102,-24.437372965589134,896.4652559536316,897.2269966237403,898.3404019915693,899.4900420173574,900.2369496228459
mango_rmse,medium,2005-09-30,2006Q1,3,CONS,899.2494254933852,923.8754538789948,-24.62602838560963,896.8437832677278,897.8459101791102,899.224164306915,900.6892725642721,901.5764970292373
mango_rmse,medium,2005-09-30,2006Q2,4,CONS,900.166459931127,924.3925620299899,-24.226102098862953,897.3806348451802,898.5290737914958,900.1013142941669,901.8555363239028,903.0670959345985
mango_rmse,medium,2005-09-30,2006Q3,5,CONS,901.0763770056761,925.0326753469096,-23.95629834123349,897.9286760737624,899.2082196046491,901.0941179658962,903.0454455279818,904.25667397562
mango_rmse,medium,2005-09-30,2006Q4,6,CONS,902.0015422987899,925.9820583722299,-23.980516073439958,898.5383627844258,899.8839058947087,902.0955727231474,904.1371615097605,905.3558902784906
mango_rmse,medium,2005-09-30,2007Q1,7,CONS,902.8983719890837,926.5969288954141,-23.698556906330396,898.955103815717,900.6154076824846,902.884925138501,905.1794827347005,906.8030640505613
mango_rmse,medium,2005-09-30,2007Q2,8,CONS,903.7859596944364,926.8589940290503,-23.073034334613908,899.5101825838154,901.2188464909367,903.8551663076578,906.2954832120578,907.941409517494
mango_rmse,medium,2005-09-30,2005Q3,1,DEFL,472.1794636100941,447.5903970265225,24.589066583571594,471.71065189022033,471.8821353679934,472.17894392433726,472.4658784147831,472.66199589555845
mango_rmse,medium,2005-09-30,2005Q4,2,DEFL,472.87333634714753,448.39625430524006,24.477082041907465,472.04834698675114,472.3632038973702,472.87903520048087,473.36078628273987,473.68893015828723
mango_rmse,medium,2005-09-30,2006Q1,3,DEFL,473.57280248141933,449.0981931357204,24.474609345698923,472.33322239964724,472.8461661524847,473.5697019141278,474.2925881879955,474.7684778172766
mango_rmse,medium,2005-09-30,2006Q2,4,DEFL,474.27079603531496,449.9809670330265,24.289829002288457,472.63624694040493,473.2688960000904,474.2941150822126,475.24859426362167,475.93151285920925
mango_rmse,medium,2005-09-30,2006Q3,5,DEFL,474.98612390476586,450.6763216075208,24.309802297245085,472.8222907593041,473.70294618201365,474.99236875178076,476.26440227417885,477.1499522003943
mango_rmse,medium,2005-09-30,2006Q4,6,DEFL,475.7114112945257,451.0496803385384,24.66173095598731,473.04218594339017,474.05999289196734,475.7372694792747,477.2908185674994,478.4268582677756
mango_rmse,medium,2005-09-30,2007Q1,7,DEFL,476.44248150357504,452.0037044010234,24.438777102551626,473.2062663887819,474.44392646792153,476.44620720883296,478.3721317103538,479.6727752545632
mango_rmse,medium,2005-09-30,2007Q2,8,DEFL,477.1698273474542,452.67004072796027,24.499786619493932,473.3464835154576,474.85300500093786,477.15018281988296,479.41225522802756,481.0323787754723
mango_rmse,medium,2005-09-30,2005Q3,1,FFR,3.2325455517674317,3.4599999999999995,-0.22745444823256777,1.6935745284852894,2.2740915231348415,3.238316010767728,4.188586120868827,4.730960949474926
mango_rmse,medium,2005-09-30,2005Q4,2,FFR,3.471698541956054,3.98,-0.5083014580439458,1.2011913687831206,2.0986535816206495,3.5102029645225103,4.851773417076099,5.6612876434433135
mango_rmse,medium,2005-09-30,2006Q1,3,FFR,3.6423504598042578,4.456666666666667,-0.8143162068624092,0.771983928179504,2.0060420177890705,3.6725825299517108,5.315582241182557,6.45194940703144
mango_rmse,medium,2005-09-30,2006Q2,4,FFR,3.8391479840029077,4.906666666666667,-1.0675186826637595,0.6163752306544243,1.9415397589249264,3.8516573657131588,5.733677471546885,6.894627891863942
mango_rmse,medium,2005-09-30,2006Q3,5,FFR,4.0048369237214105,5.246666666666667,-1.2418297429452565,0.4856075999450925,1.9047842724018613,4.0120118148500055,6.110818510922376,7.512639174049268
mango_rmse,medium,2005-09-30,2006Q4,6,FFR,4.1660601928507175,5.246666666666667,-1.0806064738159495,0.4564978956286061,1.8379956400808162,4.180332783583648,6.406301448545179,8.06610703399637
mango_rmse,medium,2005-09-30,2007Q1,7,FFR,4.283820922179975,5.256666666666667,-0.9728457444866923,0.23150812044087393,1.7957970622323922,4.3381768478960865,6.6341225863546525,8.461513456254455
mango_rmse,medium,2005-09-30,2007Q2,8,FFR,4.386918257343494,5.25,-0.8630817426565063,0.06436590285770834,1.866724657149854,4.438914646086209,6.8993030160027615,8.629701158707242
mango_rmse,medium,2005-09-30,2005Q3,1,GDP,932.2970834598741,961.2887292981801,-28.991645838306,930.8036766233544,931.4152079453191,932.3083789178659,933.1848330419089,933.7508688954481
mango_rmse,medium,2005-09-30,2005Q4,2,GDP,933.1286378585927,961.8550509042607,-28.726413045667982,930.9286942951261,931.8230079832565,933.1578214756819,934.4250220363961,935.2296249584804
mango_rmse,medium,2005-09-30,2006Q1,3,GDP,934.0511658362061,963.1947034740143,-29.14353763780821,931.3332290054791,932.4309721089107,934.0450482888648,935.7291967014364,936.7702537656613
mango_rmse,medium,2005-09-30,2006Q2,4,GDP,934.9743069128489,963.4399861405379,-28.465679227689066,931.7872057187217,933.0489338719028,934.8992868700257,936.9302533173592,938.1111728773308
mango_rmse,medium,2005-09-30,2006Q3,5,GDP,935.845153824149,963.5903292567261,-27.745175432577184,932.2381590795559,933.6920554240775,935.9077698008771,937.9386705401536,939.382664297361
mango_rmse,medium,2005-09-30,2006Q4,6,GDP,936.7324169220598,964.4305015999738,-27.69808467791404,932.7790447664648,934.4113845974265,936.7449655635779,939.0700136727056,940.5776625239812
mango_rmse,medium,2005-09-30,2007Q1,7,GDP,937.583924233639,964.7236703008948,-27.139746067255828,933.4417911197368,935.040595731903,937.5671482758415,940.2439241183492,941.7491434891793
mango_rmse,medium,2005-09-30,2007Q2,8,GDP,938.4552946955691,965.3600754705748,-26.904780775005634,933.8921075036885,935.7690118293881,938.4418538306818,941.1860748584936,943.0734381768664
mango_rmse,medium,2005-09-30,2005Q3,1,HOURS,478.5773524492067,462.9023422010251,15.67501024818165,477.1827416817827,477.71913921491097,478.5728964413691,479.4260139790503,479.97967123265977
mango_rmse,medium,2005-09-30,2005Q4,2,HOURS,479.035107181894,463.5020207956977,15.53308638619626,476.8334632976749,477.7570463095655,479.0624088563928,480.3148507227093,481.1618510664597
mango_rmse,medium,2005-09-30,2006Q1,3,HOURS,479.5287652296751,464.4804275228165,15.048337706858604,476.74662743694205,477.9152963385624,479.54228531526275,481.1842703602724,482.26770807624996
mango_rmse,medium,2005-09-30,2006Q2,4,HOURS,480.00654306633965,464.7913533526924,15.215189713647248,476.80440194675106,478.01976809014076,480.02783765861017,482.06564385550575,483.1970709542024
mango_rmse,medium,2005-09-30,2006Q3,5,HOURS,480.4774875811374,465.20728556743103,15.270202013706353,476.85960805862123,478.26814298287303,480.46793342534306,482.67210107814805,484.17752767940215
mango_rmse,medium,2005-09-30,2006Q4,6,HOURS,480.9241280780659,465.62909654958054,15.295031528485367,476.80921588854295,478.4615229658679,480.9683019495675,483.4030685646086,484.8575858563788
mango_rmse,medium,2005-09-30,2007Q1,7,HOURS,481.34626394933554,465.77246847229804,15.573795477037493,477.00107367839934,478.71725997368645,481.39589884355667,484.0254902016817,485.6621196895264
mango_rmse,medium,2005-09-30,2007Q2,8,HOURS,481.77750949087385,466.2731296512623,15.504379839611545,477.0476322448427,478.8902359229298,481.8276176256412,484.5314959413567,486.57067355034235
mango_rmse,medium,2005-09-30,2005Q3,1,INV,755.9684663631045,788.5125305763838,-32.544064213279285,747.4927484955176,750.8316429163831,755.9799968047919,761.3175175955337,764.6328193389346
mango_rmse,medium,2005-09-30,2005Q4,2,INV,757.5616400647606,791.7115864821873,-34.14994641742669,744.9243497525213,750.0067018859462,757.5050447506858,765.1120467812271,770.0514754881191
mango_rmse,medium,2005-09-30,2006Q1,3,INV,759.473366730888,793.1853410450444,-33.711974314156464,743.349177980056,750.1453296677414,759.6698032818431,768.7449621163188,775.0349832411962
mango_rmse,medium,2005-09-30,2006Q2,4,INV,761.045039852169,792.5384529115302,-31.49341305936116,742.5797700126915,750.1586809843312,761.1643837820498,771.7907953144334,778.6755603825212
mango_rmse,medium,2005-09-30,2006Q3,5,INV,762.6087867150216,792.1518941137941,-29.543107398772577,743.0581840180719,750.4206430154929,762.5919707967009,774.461597239223,781.4201474677533
mango_rmse,medium,2005-09-30,2006Q4,6,INV,764.2779720677507,790.1927739141016,-25.914801846350883,743.1959457417423,750.5422525117057,764.5971172300156,777.5237138566886,785.2196063993238
mango_rmse,medium,2005-09-30,2007Q1,7,INV,765.7427196990683,789.5023631425074,-23.75964344343913,742.320171417012,751.4520757823876,765.8943668904924,779.6545017626195,789.3560635152581
mango_rmse,medium,2005-09-30,2007Q2,8,INV,767.4737692980624,790.5992750863104,-23.125505788248006,742.5030694795968,752.4095504027623,767.7557435428434,781.974456101196,794.5917685140959
mango_rmse,medium,2005-09-30,2005Q3,1,WAGE,480.5235296776329,458.51919432724264,22.00433535039025,479.400714895534,479.854369011719,480.51433037639424,481.2020021551491,481.6214973054527
mango_rmse,medium,2005-09-30,2005Q4,2,WAGE,480.8959761786598,458.1983439012755,22.697632277384287,479.29541342396607,479.91120544659066,480.9020109503517,481.88924500335656,482.5131748460908
mango_rmse,medium,2005-09-30,2006Q1,3,WAGE,481.26736594699184,459.65430792875725,21.613058018234597,479.3301016195947,479.99599758354526,481.2611122349458,482.5033307192194,483.23261037131743
mango_rmse,medium,2005-09-30,2006Q2,4,WAGE,481.6502665333173,458.81867809476785,22.83158843854943,479.2923031988752,480.21124454201316,481.69119729264685,483.06006301396,484.0157875851229
mango_rmse,medium,2005-09-30,2006Q3,5,WAGE,481.98899971461594,458.137941661485,23.85105805313094,479.2966950940954,480.28692601501336,482.0171532940731,483.6038994016569,484.5866439182638
mango_rmse,medium,2005-09-30,2006Q4,6,WAGE,482.3464802781892,460.156369039398,22.19011123879119,479.3225009465165,480.5212782027728,482.3297225836186,484.1340090906755,485.29271411189893
mango_rmse,medium,2005-09-30,2007Q1,7,WAGE,482.70015375894354,461.45956266352465,21.240591095418893,479.32176326690984,480.68739639459807,482.6501130521701,484.75093460921613,485.84472544477535
mango_rmse,medium,2005-09-30,2007Q2,8,WAGE,483.0511551417914,460.2255943706066,22.825560771184826,479.51891397368377,480.8147741767161,483.1127538016324,485.20226789606454,486.472543860131
mango_rmse,medium,2005-12-31,2005Q4,1,CONS,898.4267874257743,922.7908936985102,-24.364106272735967,897.152633717256,897.6802147765603,898.4294807208555,899.1747228185258,899.7128465272351
mango_rmse,medium,2005-12-31,2006Q1,2,CONS,899.2781858855111,923.8754538789948,-24.597267993483683,897.4614361159959,898.1824887634629,899.2869097389752,900.3476638198478,901.0758889937495
mango_rmse,medium,2005-12-31,2006Q2,3,CONS,900.1354531040548,924.3925620299899,-24.257108925935086,897.8052643739348,898.7597907504451,900.1594482006537,901.488929930487,902.3691050336524
mango_rmse,medium,2005-12-31,2006Q3,4,CONS,900.9828026990336,925.0326753469096,-24.049872647875986,898.2096097145011,899.3800901040496,900.9553744015127,902.7002449936135,903.7457324504585
mango_rmse,medium,2005-12-31,2006Q4,5,CONS,901.867809067595,925.9820583722299,-24.114249304634882,898.6364886442498,899.9493577726403,901.8705661908276,903.8087010262409,905.1130457120929
mango_rmse,medium,2005-12-31,2007Q1,6,CONS,902.7826232431655,926.5969288954141,-23.81430565224855,899.3700387080338,900.6654500313176,902.7473748485545,904.9280009099703,906.3195078232728
mango_rmse,medium,2005-12-31,2007Q2,7,CONS,903.648127153127,926.8589940290503,-23.21086687592333,899.8172099042762,901.3581397086829,903.6165712141345,905.9746655972053,907.5754802151387
mango_rmse,medium,2005-12-31,2007Q3,8,CONS,904.5062217700716,927.5238765851791,-23.01765481510745,900.2701874462297,902.010398800296,904.4584567569195,906.985294609898,908.8624722953247
mango_rmse,medium,2005-12-31,2005Q4,1,DEFL,473.0707855597804,448.39625430524006,24.67453125454034,472.6030095889106,472.78346184957246,473.06450657780454,473.3506093940306,473.55264346488434
mango_rmse,medium,2005-12-31,2006Q1,2,DEFL,473.84468433482806,449.0981931357204,24.746491199107652,473.0247778457874,473.3328131823,473.83305128101824,474.3516238951365,474.6815356930859
mango_rmse,medium,2005-12-31,2006Q2,3,DEFL,474.6155375392907,449.9809670330265,24.634570506264197,473.3832101840534,473.8723696301414,474.6152854119052,475.3862223091708,475.81151487883346
mango_rmse,medium,2005-12-31,2006Q3,4,DEFL,475.40871883502365,450.6763216075208,24.732397227502872,473.7054951067707,474.3962681179409,475.4061163551505,476.4586521997885,477.06962040925214
mango_rmse,medium,2005-12-31,2006Q4,5,DEFL,476.2031588921155,451.0496803385384,25.153478553577088,473.9943992408747,474.847381454157,476.21460670975705,477.55545652936985,478.38657905197607
mango_rmse,medium,2005-12-31,2007Q1,6,DEFL,477.00270216911264,452.0037044010234,24.998997768089225,474.2624769569566,475.35945551947293,477.04460422835564,478.639529910701,479.6717650935641
mango_rmse,medium,2005-12-31,2007Q2,7,DEFL,477.81623374205697,452.67004072796027,25.146193014096696,474.4999098070743,475.8811460444782,477.8587432048663,479.8691609893675,481.0320699519068
mango_rmse,medium,2005-12-31,2007Q3,8,DEFL,478.64373816129796,453.18788034112526,25.455857820172696,474.80535722320735,476.33590973648353,478.6335330176888,480.99399991131054,482.42593526144947
mango_rmse,medium,2005-12-31,2005Q4,1,FFR,3.7024496741291215,3.98,-0.27755032587087847,2.126952270165709,2.7923481759885354,3.7121038468601486,4.624184101770207,5.234740732809454
mango_rmse,medium,2005-12-31,2006Q1,2,FFR,3.9512592714856214,4.456666666666667,-0.5054073951810456,1.7658087081027793,2.630401865636767,3.9651235476564484,5.229497321286724,6.085626259155856
mango_rmse,medium,2005-12-31,2006Q2,3,FFR,4.141667646009636,4.906666666666667,-0.7649990206570312,1.4292092741554396,2.4801611854457764,4.128540433593787,5.788192506756338,6.867988685425955
mango_rmse,medium,2005-12-31,2006Q3,4,FFR,4.285242221678456,5.246666666666667,-0.9614244449882108,1.248174897930756,2.4610016962104075,4.238278466612842,6.21860838421232,7.4229350651926405
mango_rmse,medium,2005-12-31,2006Q4,5,FFR,4.457053157914229,5.246666666666667,-0.7896135087524376,1.187179369026617,2.464708278605364,4.451854544487914,6.426102874628747,7.855931601783387
mango_rmse,medium,2005-12-31,2007Q1,6,FFR,4.6326988581921045,5.256666666666667,-0.6239678084745623,1.0867625633941307,2.4800828533157806,4.665219550360616,6.755140208635381,8.348005690289611
mango_rmse,medium,2005-12-31,2007Q2,7,FFR,4.772736072607359,5.25,-0.4772639273926407,0.8977178986163491,2.4294787095802706,4.797520297285789,7.065046938968947,8.637760434313947
mango_rmse,medium,2005-12-31,2007Q3,8,FFR,4.917473762993495,5.073333333333333,-0.155859570339838,0.9622881988033157,2.432169792540025,4.981635797385037,7.3043169990564545,8.931286097051597
mango_rmse,medium,2005-12-31,2005Q4,1,GDP,933.2500730639505,961.8550509042607,-28.604977840310198,931.7703754841432,932.360995998529,933.2231001880684,934.1545502987782,934.7656706741261
mango_rmse,medium,2005-12-31,2006Q1,2,GDP,934.1220119266367,963.1947034740143,-29.072691547377644,931.8214198779641,932.795631165912,934.1511509177083,935.4602988096318,936.3624210877858
mango_rmse,medium,2005-12-31,2006Q2,3,GDP,934.9455179307436,963.4399861405379,-28.494468209794377,932.2633276224824,933.3491615184292,935.0081307368523,936.5568270571429,937.641090039134
mango_rmse,medium,2005-12-31,2006Q3,4,GDP,935.7583355304417,963.5903292567261,-27.831993726284395,932.6305939171584,933.8818384798882,935.7588333677063,937.5988657992391,938.8334287762533
mango_rmse,medium,2005-12-31,2006Q4,5,GDP,936.6104793033637,964.4305015999738,-27.82002229661009,933.0512729437869,934.3988450708821,936.652843151747,938.7305939411831,940.1312738971935
mango_rmse,medium,2005-12-31,2007Q1,6,GDP,937.4470996273332,964.7236703008948,-27.27657067356165,933.3688494565129,935.0398089400717,937.4292147839667,939.8250542055532,941.4346743684135
mango_rmse,medium,2005-12-31,2007Q2,7,GDP,938.301344922927,965.3600754705748,-27.05873054764777,933.6881957157527,935.7080319958455,938.3541055998553,940.8891033172016,942.9033101189376
mango_rmse,medium,2005-12-31,2007Q3,8,GDP,939.1288292831008,965.9605755120938,-26.831746228992984,934.1524812733936,936.3639551609663,939.1657935969082,941.9243697200827,943.9098505881358
mango_rmse,medium,2005-12-31,2005Q4,1,HOURS,478.51199660457274,463.5020207956977,15.009975808875026,477.1215460620387,477.66398711722104,478.5112369369572,479.3640398476733,479.93988171077433
mango_rmse,medium,2005-12-31,2006Q1,2,HOURS,478.94803845758395,464.4804275228165,14.467610934767436,476.8773123750566,477.6566135014682,478.93482622452166,480.2083203790149,481.1390259976195
mango_rmse,medium,2005-12-31,2006Q2,3,HOURS,479.3532201399352,464.7913533526924,14.56186678724282,476.65580395068093,477.7764409934946,479.34447218241974,480.9510477251273,482.0831839505688
mango_rmse,medium,2005-12-31,2006Q3,4,HOURS,479.73669546743224,465.20728556743103,14.529409900001212,476.4192824846731,477.8320065833824,479.7519086882462,481.63630212022883,482.9411851663462
mango_rmse,medium,2005-12-31,2006Q4,5,HOURS,480.16604734807413,465.62909654958054,14.536950798493592,476.453032603306,477.95994366402846,480.17802411940124,482.30104522479417,483.8646012998335
mango_rmse,medium,2005-12-31,2007Q1,6,HOURS,480.61588247246965,465.77246847229804,14.843414000171606,476.5714464653149,478.16279876090834,480.6187007060412,482.9891178719431,484.6869486173631
mango_rmse,medium,2005-12-31,2007Q2,7,HOURS,481.0316438900069,466.2731296512623,14.758514238744567,476.6496329793671,478.3947057746933,481.04963220337345,483.7505676271017,485.52263409553734
mango_rmse,medium,2005-12-31,2007Q3,8,HOURS,481.44875942425847,465.8900508409059,15.558708583352598,476.7235995239662,478.6295734930935,481.3926522750027,484.2991780875279,486.34761612112965
mango_rmse,medium,2005-12-31,2005Q4,1,INV,757.0538215771513,791.7115864821873,-34.65776490503595,748.7614643215288,751.9440279972476,756.9661402668777,762.2160519949114,765.5377736836926
mango_rmse,medium,2005-12-31,2006Q1,2,INV,758.719296808365,793.1853410450444,-34.46604423667941,746.0111483372692,751.2885658928135,758.7429229487752,766.143819339954,770.8912463231931
mango_rmse,medium,2005-12-31,2006Q2,3,INV,760.1031792805898,792.5384529115302,-32.4352736309404,744.6317687812198,750.5133550662018,760.2809319628448,769.321606538671,775.4535956159216
mango_rmse,medium,2005-12-31,2006Q3,4,INV,761.4850976408578,792.1518941137941,-30.666796472936312,744.0192173884182,750.7171606886515,761.6822547903232,772.3636922083576,779.2617308725428
mango_rmse,medium,2005-12-31,2006Q4,5,INV,763.0903705615883,790.1927739141016,-27.102403352513306,743.1954807289297,750.8645607405876,763.0590719560882,775.4212102570866,783.0775207038317
mango_rmse,medium,2005-12-31,2007Q1,6,INV,764.4215617271458,789.5023631425074,-25.080801415361634,742.2024524776532,751.1309222545312,764.1488685856089,778.2607202502649,786.5815868673999
mango_rmse,medium,2005-12-31,2007Q2,7,INV,765.9284901752951,790.5992750863104,-24.67078491101529,741.4393609504052,751.1335176922228,765.9358222206289,780.8095388598728,790.1379124893631
mango_rmse,medium,2005-12-31,2007Q3,8,INV,767.3223397699455,789.5847840191325,-22.262444249186956,740.9427241287649,751.7100095454264,767.2497243202047,783.1748304564398,792.3823649205461
mango_rmse,medium,2005-12-31,2005Q4,1,WAGE,479.25077943594727,458.1983439012755,21.05243553467176,478.1135017759998,478.5987618724704,479.26277308367224,479.9280221753662,480.35814061903716
mango_rmse,medium,2005-12-31,2006Q1,2,WAGE,479.56270325673273,459.65430792875725,19.908395327975484,477.99247895749335,478.60475217589595,479.5536014916919,480.5528307356097,481.13628378149025
mango_rmse,medium,2005-12-31,2006Q2,3,WAGE,479.8446182289065,458.81867809476785,21.025940134138636,477.83034206775693,478.59817284892824,479.83887127477135,481.06353712108336,481.8063448825406
mango_rmse,medium,2005-12-31,2006Q3,4,WAGE,480.1892272207964,458.137941661485,22.051285559311395,477.80763225617284,478.70352750748896,480.2112428774672,481.6448247568985,482.5891393126801
mango_rmse,medium,2005-12-31,2006Q4,5,WAGE,480.4760821488828,460.156369039398,20.319713109484837,477.6890077797171,478.7986597025006,480.4935244237397,482.0905450590405,483.2150108852738
mango_rmse,medium,2005-12-31,2007Q1,6,WAGE,480.773766085786,461.45956266352465,19.314203422261357,477.62700393382744,478.98371691793,480.7762760342083,482.59365544413345,483.8977476087311
mango_rmse,medium,2005-12-31,2007Q2,7,WAGE,481.0670968972813,460.2255943706066,20.84150252667473,477.59543499514706,479.0396145976769,481.0488930710467,483.16857158486675,484.54073053768076
mango_rmse,medium,2005-12-31,2007Q3,8,WAGE,481.3437390668122,460.0519387772664,21.29180028954579,477.6589370661863,479.1626571998168,481.2636669806086,483.5525031423539,485.21568834612566
mango_rmse,medium,2006-03-31,2006Q1,1,CONS,898.6026938366253,923.8754538789948,-25.27276004236944,897.2733091044686,897.7999725140496,898.6026576271063,899.3980592284429,899.9365753381702
mango_rmse,medium,2006-03-31,2006Q2,2,CONS,899.4420814710578,924.3925620299899,-24.9504805589321,897.5899992719775,898.3199504950311,899.4625592324816,900.5750627630816,901.2982906882826
mango_rmse,medium,2006-03-31,2006Q3,3,CONS,900.2988485526481,925.0326753469096,-24.733826794261518,897.9646757249955,898.864420722844,900.2735731974316,901.7628909520226,902.7253523826919
mango_rmse,medium,2006-03-31,2006Q4,4,CONS,901.1267910641375,925.9820583722299,-24.85526730809238,898.33697486395,899.4900113840583,901.0903946833442,902.8203214038758,903.9937641165601
mango_rmse,medium,2006-03-31,2007Q1,5,CONS,901.9420150663416,926.5969288954141,-24.654913829072484,898.8171779216194,900.0156181164517,901.9333721757082,903.9140698903504,905.0829619950302
mango_rmse,medium,2006-03-31,2007Q2,6,CONS,902.7781325687316,926.8589940290503,-24.080861460318715,899.1836381106335,900.6622435234384,902.7406040345602,904.8688125482795,906.379551976095
mango_rmse,medium,2006-03-31,2007Q3,7,CONS,903.5987361851877,927.5238765851791,-23.925140399991392,899.6989255775882,901.2722718338962,903.5936123264796,906.0093736968956,907.6087350705452
mango_rmse,medium,2006-03-31,2007Q4,8,CONS,904.4195518446281,927.9171790430295,-23.497627198401347,900.01238137212,901.8750551259348,904.4605011165654,907.0786688016132,908.8196413617238
mango_rmse,medium,2006-03-31,2006Q1,1,DEFL,473.9955905394544,449.0981931357204,24.897397403733976,473.49615621509554,473.7135158688947,473.9989061269506,474.29455364943675,474.47337417211355
mango_rmse,medium,2006-03-31,2006Q2,2,DEFL,474.8226262889035,449.9809670330265,24.841659255877005,473.98773048525476,474.3168599855944,474.82631368177294,475.3255048300709,475.6521687296892
mango_rmse,medium,2006-03-31,2006Q3,3,DEFL,475.6636345951348,450.6763216075208,24.98731298761402,474.41447241718936,474.92475861163786,475.66542777209986,476.4307322744595,476.86777044120674
mango_rmse,medium,2006-03-31,2006Q4,4,DEFL,476.5082537358205,451.0496803385384,25.458573397282123,474.8598886559228,475.5074408504325,476.5113893075568,477.5115422989281,478.1085281053292
mango_rmse,medium,2006-03-31,2007Q1,5,DEFL,477.35232361357527,452.0037044010234,25.348619212551853,475.2229999029308,476.01827753688224,477.3652187300682,478.6298947449669,479.4970007137077
mango_rmse,medium,2006-03-31,2007Q2,6,DEFL,478.20695083581427,452.67004072796027,25.536910107854,475.5779552652643,476.59096336620456,478.2267121736447,479.8412306822788,480.84001229852106
mango_rmse,medium,2006-03-31,2007Q3,7,DEFL,479.07427657464234,453.18788034112526,25.886396233517075,475.8273193438206,477.1007416268992,479.0984836371572,481.07551391522134,482.1820607262013
mango_rmse,medium,2006-03-31,2007Q4,8,DEFL,479.94252789591866,453.61094550558823,26.331582390330425,476.2541993211352,477.62361179550675,479.9742056306771,482.2580651543914,483.6328470037142
mango_rmse,medium,2006-03-31,2006Q1,1,FFR,4.217650146688525,4.456666666666667,-0.23901651997814177,2.7565750052438034,3.3075272382535243,4.21999005220511,5.14257100064091,5.683371460589705
mango_rmse,medium,2006-03-31,2006Q2,2,FFR,4.421570732147061,4.906666666666667,-0.485095934519606,2.256366320484782,3.1119354246825783,4.41915726136919,5.709405624976683,6.647730695257734
mango_rmse,medium,2006-03-31,2006Q3,3,FFR,4.607654343914984,5.246666666666667,-0.6390123227516833,1.9505958703062856,3.0612632765692203,4.580794000349357,6.190502561144008,7.309700263978512
mango_rmse,medium,2006-03-31,2006Q4,4,FFR,4.753330070051755,5.246666666666667,-0.49333659661491236,1.7241103536972977,2.9258741590163786,4.727646171986626,6.612149601643489,7.851462041095411
mango_rmse,medium,2006-03-31,2007Q1,5,FFR,4.903034234234843,5.256666666666667,-0.35363243243182385,1.450563809090824,2.8722316851728045,4.920117743868673,6.98606806912684,8.304423244652138
mango_rmse,medium,2006-03-31,2007Q2,6,FFR,5.003362896076653,5.25,-0.24663710392334703,1.3166785379124184,2.737281654310125,4.977260340714829,7.295394478509827,8.710624405841736
mango_rmse,medium,2006-03-31,2007Q3,7,FFR,5.116733825295778,5.073333333333333,0.04340049196244511,1.1461465518447618,2.678093892375489,5.139777776411584,7.4751909803795415,9.111491637023873
mango_rmse,medium,2006-03-31,2007Q4,8,FFR,5.192353716701615,4.496666666666667,0.6956870500349481,1.039850610533022,2.706407539968586,5.181560666178126,7.746250836633051,9.278647500418966
mango_rmse,medium,2006-03-31,2006Q1,1,GDP,933.6107888197232,963.1947034740143,-29.583914654291107,932.1564454172159,932.692516623689,933.5914040764017,934.4974059947979,935.1291482974235
mango_rmse,medium,2006-03-31,2006Q2,2,GDP,934.4155421213321,963.4399861405379,-29.024444019205816,932.3425637026487,933.1566422436753,934.4330562415969,935.672673790806,936.4536461765183
mango_rmse,medium,2006-03-31,2006Q3,3,GDP,935.2100883550235,963.5903292567261,-28.380240901702678,932.6796934618106,933.6401446208275,935.2649627279134,936.7630949365962,937.7225935347977
mango_rmse,medium,2006-03-31,2006Q4,4,GDP,936.0072796237226,964.4305015999738,-28.42322197625117,932.9685120086297,934.194450703628,935.97887456388,937.8229091984745,939.1326343627851
mango_rmse,medium,2006-03-31,2007Q1,5,GDP,936.7876387045396,964.7236703008948,-27.93603159635518,933.2775082759618,934.7543319850307,936.8129764725095,938.8520872923518,940.2761884957523
mango_rmse,medium,2006-03-31,2007Q2,6,GDP,937.5562343174097,965.3600754705748,-27.80384115316508,933.644062636141,935.2263050775114,937.540678445705,939.9968661998686,941.3636279538534
mango_rmse,medium,2006-03-31,2007Q3,7,GDP,938.3357791071733,965.9605755120938,-27.624796404920517,933.9955614003896,935.8353153818296,938.3243274689617,940.8712349973417,942.4585226600772
mango_rmse,medium,2006-03-31,2007Q4,8,GDP,939.135920265286,966.5683687041123,-27.432448438826327,934.3417903003101,936.4845573542689,939.1312849472495,941.9088814703742,943.729217083989
mango_rmse,medium,2006-03-31,2006Q1,1,HOURS,478.8603490277672,464.4804275228165,14.379921504950687,477.42435508994686,477.9831076600752,478.87431404620565,479.72761725599275,480.2913254539338
mango_rmse,medium,2006-03-31,2006Q2,2,HOURS,479.2556857555287,464.7913533526924,14.464332402836305,477.17540737697175,477.97714890053703,479.26163002325103,480.49768048790054,481.3037371444371
mango_rmse,medium,2006-03-31,2006Q3,3,HOURS,479.67605596235984,465.20728556743103,14.46877039492881,477.1107014910861,478.0596246957619,479.7059611987322,481.2295780802406,482.3122882380172
mango_rmse,medium,2006-03-31,2006Q4,4,HOURS,480.0526568951967,465.62909654958054,14.423560345616181,476.8842375384804,478.0942352878846,480.0997968850692,482.0374369174665,483.18276051647575
mango_rmse,medium,2006-03-31,2007Q1,5,HOURS,480.42980307298353,465.77246847229804,14.657334600685488,476.8224056572299,478.2383843947845,480.4351062919419,482.6222570854426,483.8542545068388
mango_rmse,medium,2006-03-31,2007Q2,6,HOURS,480.8052106989816,466.2731296512623,14.532081047719316,476.79983690448563,478.3844746544574,480.79111511476776,483.1801246961571,484.7955378270845
mango_rmse,medium,2006-03-31,2007Q3,7,HOURS,481.15255076128636,465.8900508409059,15.262499920380492,476.85849504130306,478.51497833662233,481.2182048824585,483.70891592281873,485.49467938569643
mango_rmse,medium,2006-03-31,2007Q4,8,HOURS,481.5256123722308,465.54069224148026,15.984920130750538,476.81463848808653,478.7487557188531,481.5660262024111,484.36626763795624,486.08566812664964
mango_rmse,medium,2006-03-31,2006Q1,1,INV,760.8152399904792,793.1853410450444,-32.370101054565225,752.4198030466296,755.5919326703513,760.7298615255128,766.0187272820978,769.4038595107859
mango_rmse,medium,2006-03-31,2006Q2,2,INV,762.1343464231799,792.5384529115302,-30.404106488350294,749.7501093426041,754.9609697917105,762.1748791881957,769.192233437533,773.9461255725355
mango_rmse,medium,2006-03-31,2006Q3,3,INV,763.6634448558386,792.1518941137941,-28.488449257955494,748.5937740620043,754.9977534689161,763.4841173585081,772.490760390094,778.5329931034191
mango_rmse,medium,2006-03-31,2006Q4,4,INV,765.1664104319377,790.1927739141016,-25.0263634821639,747.4355691013017,755.2780475652193,765.1709493333317,775.7291133224663,782.9675119519258
mango_rmse,medium,2006-03-31,2007Q1,5,INV,766.5710760953707,789.5023631425074,-22.93128704713672,746.9473212786498,754.9027928697336,766.5674233910071,778.0447457566279,787.4600274222868
mango_rmse,medium,2006-03-31,2007Q2,6,INV,767.9134832886239,790.5992750863104,-22.685791797686534,746.3865796302963,755.147751143101,767.9275998492492,780.8429863408862,790.2440540013239
mango_rmse,medium,2006-03-31,2007Q3,7,INV,769.2697220963863,789.5847840191325,-20.315061922746168,746.7268998177797,755.1702084984202,769.1216833465259,783.51039249895,793.6951618818875
mango_rmse,medium,2006-03-31,2007Q4,8,INV,770.8538099107819,788.3467462094385,-17.49293629865656,745.9325852119881,755.8438251572967,770.8578623655303,785.9748566061728,796.6245051856037
mango_rmse,medium,2006-03-31,2006Q1,1,WAGE,479.71647760947343,459.65430792875725,20.06216968071618,478.5879658279561,479.0391729041231,479.70424162108407,480.41342189526415,480.84672907569023
mango_rmse,medium,2006-03-31,2006Q2,2,WAGE,479.98887493262845,458.81867809476785,21.1701968378606,478.30248442212786,478.9406460906385,480.01501083895494,480.96905168313657,481.6084759292676
mango_rmse,medium,2006-03-31,2006Q3,3,WAGE,480.28406610873697,458.137941661485,22.146124447251964,478.17124909610703,479.0333893562981,480.28689314706367,481.5140471076121,482.28743990116243
mango_rmse,medium,2006-03-31,2006Q4,4,WAGE,480.58190652464293,460.156369039398,20.425537485244945,478.2087468596977,479.1292245360107,480.59485574960695,481.98332352616285,482.94377931382587
mango_rmse,medium,2006-03-31,2007Q1,5,WAGE,480.84944587868216,461.45956266352465,19.38988321515751,478.2039544925256,479.26321453725467,480.82261497053236,482.5154088984707,483.573081768195
mango_rmse,medium,2006-03-31,2007Q2,6,WAGE,481.13489805364475,460.2255943706066,20.90930368303816,478.13493368920894,479.34189328029726,481.12205852773707,482.961602200719,484.1920285505678
mango_rmse,medium,2006-03-31,2007Q3,7,WAGE,481.4231780585594,460.0519387772664,21.371239281293015,478.07012642653405,479.35900163170993,481.4294771703991,483.481308849191,484.8584447006881
mango_rmse,medium,2006-03-31,2007Q4,8,WAGE,481.70285886957333,460.03184352570673,21.6710153438666,478.00150768193595,479.5085892395993,481.71183333638703,483.85904290646033,485.490700248185
mango_rmse,medium,2006-06-30,2006Q2,1,CONS,899.8736894210493,924.3925620299899,-24.51887260894057,898.6222146201067,899.1312572848514,899.8763485015526,900.6262623232698,901.1345777161354
mango_rmse,medium,2006-06-30,2006Q3,2,CONS,900.7174056620904,925.0326753469096,-24.315269684819214,898.899450426263,899.627847474562,900.6957324201064,901.7781197464122,902.5804293974676
mango_rmse,medium,2006-06-30,2006Q4,3,CONS,901.5714022150254,925.9820583722299,-24.41065615720447,899.2628283312704,900.1611948553578,901.5462561971572,902.9737602830423,903.8730339912805
mango_rmse,medium,2006-06-30,2007Q1,4,CONS,902.4162248329711,926.5969288954141,-24.180704062442942,899.7232693304479,900.7880489916001,902.4182899412486,904.0140638874318,905.1395857870901
mango_rmse,medium,2006-06-30,2007Q2,5,CONS,903.2578564794136,926.8589940290503,-23.601137549636746,900.1869084033276,901.3354123121061,903.1925642524222,905.0904761686057,906.3492184900128
mango_rmse,medium,2006-06-30,2007Q3,6,CONS,904.1068316118659,927.5238765851791,-23.417044973313182,900.631332903354,902.0188149161015,904.0788961423568,906.1250063625049,907.6543144672663
mango_rmse,medium,2006-06-30,2007Q4,7,CONS,904.9563830320726,927.9171790430295,-22.96079601095687,901.1618639716619,902.6246196137517,904.9287373449772,907.2601560312572,908.9524703676784
mango_rmse,medium,2006-06-30,2008Q1,8,CONS,905.7721440636994,927.779965478359,-22.00782141465959,901.7258804833893,903.2732621560174,905.6861735014663,908.3098867939359,909.9681236155948
mango_rmse,medium,2006-06-30,2006Q2,1,DEFL,474.7420830846749,449.9809670330265,24.7611160516484,474.27329270360553,474.4661146544565,474.7435259643288,475.0180577597605,475.2085316739442
mango_rmse,medium,2006-06-30,2006Q3,2,DEFL,475.5564306733435,450.6763216075208,24.88010906582275,474.74952314526763,475.0716981961901,475.5500096376707,476.0380092818311,476.3633148942864
mango_rmse,medium,2006-06-30,2006Q4,3,DEFL,476.391348762154,451.0496803385384,25.3416684236156,475.21075513212,475.6521465253164,476.37807246628915,477.10443899542594,477.55929144804514
mango_rmse,medium,2006-06-30,2007Q1,4,DEFL,477.22713530781675,452.0037044010234,25.22343090679334,475.6222704509963,476.268979882195,477.217146710787,478.19474534296523,478.84872951525995
mango_rmse,medium,2006-06-30,2007Q2,5,DEFL,478.0581136200517,452.67004072796027,25.38807289209143,476.01320423089993,476.7891976753244,478.0519804338433,479.3035914578865,480.21023520435995
mango_rmse,medium,2006-06-30,2007Q3,6,DEFL,478.9009615285731,453.18788034112526,25.713081187447813,476.3146550254109,477.3425382885834,478.8916009589957,480.3775427199434,481.54156811844246
mango_rmse,medium,2006-06-30,2007Q4,7,DEFL,479.7541913828185,453.61094550558823,26.143245877230243,476.5821839881762,477.8922815400601,479.7549325314936,481.5939749384861,482.9784640971679
mango_rmse,medium,2006-06-30,2008Q1,8,DEFL,480.6038204911006,453.9617817747856,26.64203871631497,476.9110933601872,478.38011244558805,480.62201392710335,482.7672019750983,484.290305285185
mango_rmse,medium,2006-06-30,2006Q2,1,FFR,4.661451096019768,4.906666666666667,-0.24521557064689947,3.1910731412816187,3.76728302642449,4.6649818888731565,5.533652518909165,6.09956215568691
mango_rmse,medium,2006-06-30,2006Q3,2,FFR,4.872039391775472,5.246666666666667,-0.3746272748911954,2.7107617514274533,3.570984208649688,4.894061976417815,6.121197143838767,6.964882141081423
mango_rmse,medium,2006-06-30,2006Q4,3,FFR,5.033292215121046,5.246666666666667,-0.2133744515456213,2.350001302613577,3.4531033532409903,5.019954108411458,6.637561169824125,7.669230939141338
mango_rmse,medium,2006-06-30,2007Q1,4,FFR,5.171020146423607,5.256666666666667,-0.08564652024305985,2.0973056369949976,3.3741379946317185,5.201804844740742,7.007436635076773,8.269975885984804
mango_rmse,medium,2006-06-30,2007Q2,5,FFR,5.273229245419686,5.25,0.023229245419686073,1.939059360373919,3.236631777192407,5.232962755563619,7.298999076414869,8.73491169908711
mango_rmse,medium,2006-06-30,2007Q3,6,FFR,5.365239302062215,5.073333333333333,0.29190596872888186,1.809238430442943,3.161584820177316,5.321096796776645,7.518202601973622,8.967315172375653
mango_rmse,medium,2006-06-30,2007Q4,7,FFR,5.429012509235701,4.496666666666667,0.9323458425690339,1.6257927333855837,3.0561661163199876,5.43566968283605,7.746705485656987,9.229206421383076
mango_rmse,medium,2006-06-30,2008Q1,8,FFR,5.505271564641747,3.1766666666666663,2.328604897975081,1.51745115074577,3.032788502906217,5.489319113667483,7.944846205577556,9.485752058659065
mango_rmse,medium,2006-06-30,2006Q2,1,GDP,935.0108542183585,963.4399861405379,-28.42913192217941,933.5447723954102,934.0950043299072,935.0296209572314,935.8913391835908,936.4538692808763
mango_rmse,medium,2006-06-30,2006Q3,2,GDP,935.8675387355584,963.5903292567261,-27.72279052116778,933.7254151077407,934.573922145649,935.9176211322786,937.1222826109182,937.9292928177745
mango_rmse,medium,2006-06-30,2006Q4,3,GDP,936.691204088185,964.4305015999738,-27.739297511788777,934.1176423880602,935.1298006523896,936.6846361302855,938.2164306364302,939.2813640154507
mango_rmse,medium,2006-06-30,2007Q1,4,GDP,937.464778678818,964.7236703008948,-27.258891622076817,934.3996578961163,935.6154113959861,937.4818468161211,939.2933793407796,940.6090483257225
mango_rmse,medium,2006-06-30,2007Q2,5,GDP,938.2628746771369,965.3600754705748,-27.097200793437878,934.7128432415496,936.1788416152668,938.2353417060865,940.3634811970727,941.8284383925379
mango_rmse,medium,2006-06-30,2007Q3,6,GDP,939.0415931351567,965.9605755120938,-26.918982376937038,935.1086636927123,936.798717706865,939.0451185640827,941.348629311175,942.8151296958781
mango_rmse,medium,2006-06-30,2007Q4,7,GDP,939.8089057188002,966.5683687041123,-26.759462985312098,935.6874834996879,937.4075030872249,939.8205535631612,942.2773069870316,943.8496210439224
mango_rmse,medium,2006-06-30,2008Q1,8,GDP,940.564496279657,966.1601069749734,-25.595610695316395,936.069451138272,937.9732578282324,940.5496685679682,943.2844006378135,944.851702430161
mango_rmse,medium,2006-06-30,2006Q2,1,HOURS,479.5153125092634,464.7913533526924,14.723959156571027,478.16781304878634,478.6862966180027,479.5194626570838,480.3337543649908,480.8849464610008
mango_rmse,medium,2006-06-30,2006Q3,2,HOURS,479.9620588965675,465.20728556743103,14.75477332913647,477.91459386559035,478.7624825792039,479.97001594561254,481.1577500826636,482.02474361895736
mango_rmse,medium,2006-06-30,2006Q4,3,HOURS,480.3853575103074,465.62909654958054,14.756260960726877,477.76319992328837,478.90417925893564,480.3733559265098,481.9457378363968,482.98367779105246
mango_rmse,medium,2006-06-30,2007Q1,4,HOURS,480.74073996261814,465.77246847229804,14.968271490320092,477.7055548400922,478.91667678641016,480.68096032537494,482.5681498147547,483.9040737388027
mango_rmse,medium,2006-06-30,2007Q2,5,HOURS,481.15197155339024,466.2731296512623,14.878841902127931,477.7382845676413,479.05303386850534,481.116811265328,483.22824431911516,484.6881301413722
mango_rmse,medium,2006-06-30,2007Q3,6,HOURS,481.5129288713837,465.8900508409059,15.622878030477807,477.71495443233175,479.1704809879739,481.44015181266775,483.84119703012874,485.4602808373188
mango_rmse,medium,2006-06-30,2007Q4,7,HOURS,481.838123076136,465.54069224148026,16.297430834655756,477.72469933212045,479.27775176401246,481.8215295011245,484.42626320044286,486.0854111887894
mango_rmse,medium,2006-06-30,2008Q1,8,HOURS,482.1830804732168,465.22350531644213,16.95957515677469,477.67896812721636,479.3988114516071,482.20995793144345,484.9628773691834,486.7756544212491
mango_rmse,medium,2006-06-30,2006Q2,1,INV,762.6300097683154,792.5384529115302,-29.908443143214754,754.3362143687639,757.6586216099472,762.5143131549526,767.7715381453106,771.039132301195
mango_rmse,medium,2006-06-30,2006Q3,2,INV,764.4117792332279,792.1518941137941,-27.74011488056624,752.1485523127911,757.084019255237,764.3630074984168,771.6135261194019,776.830707750247
mango_rmse,medium,2006-06-30,2006Q4,3,INV,766.112359776917,790.1927739141016,-24.080414137184675,750.8323949801921,757.2789080397489,765.9672089893329,775.0921242972571,781.465570610504
mango_rmse,medium,2006-06-30,2007Q1,4,INV,767.2891794648388,789.5023631425074,-22.213183677668667,749.9962623071481,756.5008749447762,766.8266235989308,778.1739383936546,785.6890247793673
mango_rmse,medium,2006-06-30,2007Q2,5,INV,768.6908262641427,790.5992750863104,-21.908448822167657,749.2466102557629,756.4511696119487,768.9406691830947,780.9599882523994,789.1747149300733
mango_rmse,medium,2006-06-30,2007Q3,6,INV,770.1871513479884,789.5847840191325,-19.397632671144038,748.858840921359,756.7547266233086,770.1790339101377,782.9655758133746,792.3723015438986
mango_rmse,medium,2006-06-30,2007Q4,7,INV,771.3830476448823,788.3467462094385,-16.96369856455624,747.8537056059649,757.0183073219616,771.254626382781,785.6604476596063,794.7011482691589
mango_rmse,medium,2006-06-30,2008Q1,8,INV,772.5938767066591,785.6804736421575,-13.086596935498392,747.087239526907,757.1521135464747,772.3938614059839,787.780037592303,798.4395980399627
mango_rmse,medium,2006-06-30,2006Q2,1,WAGE,479.53569591017265,458.81867809476785,20.7170178154048,478.38092283699655,478.8338170122234,479.55440546874945,480.22341159869734,480.63165424130005
mango_rmse,medium,2006-06-30,2006Q3,2,WAGE,479.7840155763998,458.137941661485,21.64607391491478,478.15285822323256,478.790948861609,479.78260641810306,480.78272363176717,481.45424335893006
mango_rmse,medium,2006-06-30,2006Q4,3,WAGE,480.0585211484568,460.156369039398,19.902152109058818,478.0418621681258,478.81253228801376,480.07420023395,481.2939486193335,482.01194966391796
mango_rmse,medium,2006-06-30,2007Q1,4,WAGE,480.32129962189487,461.45956266352465,18.861736958370216,477.92169637985467,478.88603212200405,480.34970129417695,481.69120951372554,482.6815751875008
mango_rmse,medium,2006-06-30,2007Q2,5,WAGE,480.582113879943,460.2255943706066,20.356519509336408,477.8262349077109,478.9246197151645,480.5696421719782,482.24261821271807,483.31778221971797
mango_rmse,medium,2006-06-30,2007Q3,6,WAGE,480.8768833573443,460.0519387772664,20.824944580077897,477.79706150568404,479.04644619177253,480.87989655241637,482.7258935306437,483.946391514613
mango_rmse,medium,2006-06-30,2007Q4,7,WAGE,481.1413619333922,460.03184352570673,21.10951840768547,477.749826713831,479.12815052489475,481.1619016210337,483.162817164165,484.360809365515
mango_rmse,medium,2006-06-30,2008Q1,8,WAGE,481.39705827828647,459.9262771523625,21.470781125923963,477.79070660008495,479.25489582008345,481.3846797611373,483.51773329120874,485.00308621848313
mango_rmse,medium,2006-09-30,2006Q3,1,CONS,900.2215589328101,925.0326753469096,-24.8111164140995,898.9363362899277,899.4509108223086,900.2188190670063,900.9728041653351,901.5315830167792
mango_rmse,medium,2006-09-30,2006Q4,2,CONS,901.0296909894207,925.9820583722299,-24.952367382809143,899.2544794326991,899.9428013574224,901.0228560338232,902.170910303682,902.831994363259
mango_rmse,medium,2006-09-30,2007Q1,3,CONS,901.8716463250349,926.5969288954141,-24.725282570379136,899.5377834601514,900.4701946909188,901.8717057597747,903.2940052850433,904.1771525711092
mango_rmse,medium,2006-09-30,2007Q2,4,CONS,902.7134151484374,926.8589940290503,-24.145578880612902,900.0353600678311,901.0928781470259,902.7068837716592,904.394234205774,905.5010920222463
mango_rmse,medium,2006-09-30,2007Q3,5,CONS,903.5478665258331,927.5238765851791,-23.97601005934598,900.4787846320927,901.6922379226314,903.5231264973853,905.4694232408542,906.6833918041567
mango_rmse,medium,2006-09-30,2007Q4,6,CONS,904.3668428898254,927.9171790430295,-23.550336153204057,901.0233186801543,902.2490789806074,904.3793806708238,906.4338417707256,907.8845715687463
mango_rmse,medium,2006-09-30,2008Q1,7,CONS,905.2116061989893,927.779965478359,-22.5683592793697,901.4637779764081,902.8810219627436,905.2626087358747,907.4835159251273,908.9610846257636
mango_rmse,medium,2006-09-30,2008Q2,8,CONS,906.0080392677564,928.0551554354275,-22.047116167671106,902.0042922613089,903.5078760739326,906.0470654488879,908.4413643880263,910.1019570001442
mango_rmse,medium,2006-09-30,2006Q3,1,DEFL,476.092152373002,450.6763216075208,25.415830765481246,475.61763507402446,475.80801715076944,476.0912315433746,476.3794178948061,476.5666610653766
mango_rmse,medium,2006-09-30,2006Q4,2,DEFL,476.9369426854781,451.0496803385384,25.88726234693968,476.0970543603838,476.4482889673348,476.94109922890556,477.42346427946535,477.75785229206497
mango_rmse,medium,2006-09-30,2007Q1,3,DEFL,477.7901654500939,452.0037044010234,25.78646104907051,476.58377880783786,477.047003711558,477.79431481841544,478.4960986308847,478.99603012247303
mango_rmse,medium,2006-09-30,2007Q2,4,DEFL,478.63985376700776,452.67004072796027,25.969813039047494,477.02360098715087,477.6659984471263,478.6440502528469,479.6501108610583,480.26304951638895
mango_rmse,medium,2006-09-30,2007Q3,5,DEFL,479.5035665325193,453.18788034112526,26.315686191394036,477.3975369230212,478.26195046626185,479.48172125649216,480.79384304706355,481.58813933137293
mango_rmse,medium,2006-09-30,2007Q4,6,DEFL,480.37371101256576,453.61094550558823,26.76276550697753,477.7474547830221,478.8491759812802,480.3369584904732,481.9591270271036,482.9575248171595
mango_rmse,medium,2006-09-30,2008Q1,7,DEFL,481.25314795133045,453.9617817747856,27.29136617654484,478.04461638087895,479.43943091399456,481.235931296887,483.1874501850418,484.3848856389592
mango_rmse,medium,2006-09-30,2008Q2,8,DEFL,482.1292493238674,454.46768055591286,27.66156876795452,478.3394961708153,479.9305973753109,482.1190707969289,484.3916786176974,485.83058072875576
mango_rmse,medium,2006-09-30,2006Q3,1,FFR,5.083613018529102,5.246666666666667,-0.16305364813756462,3.6121119304304985,4.208242104289528,5.0796230886703375,5.945903363040527,6.557531781018544
mango_rmse,medium,2006-09-30,2006Q4,2,FFR,5.23688152894855,5.246666666666667,-0.009785137718116843,3.0865789747478303,3.9189264706646445,5.235872172307232,6.497087540231542,7.373328709856522
mango_rmse,medium,2006-09-30,2007Q1,3,FFR,5.359140453336426,5.256666666666667,0.10247378666975937,2.81648144929469,3.805284695838285,5.377199647160362,6.879492881304688,7.879872105416435
mango_rmse,medium,2006-09-30,2007Q2,4,FFR,5.448388485068868,5.25,0.1983884850688682,2.490907751241227,3.6215883906875934,5.457502756024892,7.260752669986104,8.496546447555271
mango_rmse,medium,2006-09-30,2007Q3,5,FFR,5.5530973470953375,5.073333333333333,0.4797640137620043,2.1993149790367936,3.528083750808322,5.5779423110296,7.493447802935754,8.932244976034145
mango_rmse,medium,2006-09-30,2007Q4,6,FFR,5.6159239305442945,4.496666666666667,1.1192572638776275,2.0715419800102253,3.4179149280369425,5.657044675459765,7.746281009030919,9.199672856127341
mango_rmse,medium,2006-09-30,2008Q1,7,FFR,5.707303269342864,3.1766666666666663,2.5306366026761977,1.8099087512588163,3.377001996894798,5.7355292895586345,8.004129894965063,9.501901398098104
mango_rmse,medium,2006-09-30,2008Q2,8,FFR,5.811870876830471,2.0866666666666664,3.7252042101638048,1.650920606067742,3.424282951153878,5.843865805007296,8.168502661900273,9.850818636858408
mango_rmse,medium,2006-09-30,2006Q3,1,GDP,934.8141425826152,963.5903292567261,-28.77618667411093,933.342153190382,933.9448366574904,934.808843059122,935.7173054323723,936.2861027568035
mango_rmse,medium,2006-09-30,2006Q4,2,GDP,935.5942324451177,964.4305015999738,-28.836269154856154,933.4927696937349,934.3000100133714,935.5943097387623,936.89294584394,937.7371023010688
mango_rmse,medium,2006-09-30,2007Q1,3,GDP,936.3638726427894,964.7236703008948,-28.359797658105435,933.7059579537769,934.7816055352196,936.3584731954315,937.9574976864076,938.9197836232687
mango_rmse,medium,2006-09-30,2007Q2,4,GDP,937.1220518380338,965.3600754705748,-28.238023632540944,934.0864443401341,935.2825341607158,937.1385726604299,938.9007645943528,940.1188415014188
mango_rmse,medium,2006-09-30,2007Q3,5,GDP,937.9151785741903,965.9605755120938,-28.045396937903433,934.4715140692448,935.7710859766947,937.9473318878462,939.9309521183206,941.3941434376167
mango_rmse,medium,2006-09-30,2007Q4,6,GDP,938.6622833534741,966.5683687041123,-27.90608535063825,934.8784498143642,936.3470273194212,938.6965328249946,940.8707894485418,942.3349907408888
mango_rmse,medium,2006-09-30,2008Q1,7,GDP,939.4450389069596,966.1601069749734,-26.715068068013807,935.3875139355904,936.9230622731175,939.5160995403767,941.8327885630384,943.3991450441569
mango_rmse,medium,2006-09-30,2008Q2,8,GDP,940.2108235590559,966.730770931016,-26.51994737196003,935.6475997800391,937.6157507393444,940.2028523205466,942.8161927010817,944.5201541867336
mango_rmse,medium,2006-09-30,2006Q3,1,HOURS,479.51604534287867,465.20728556743103,14.30875977544764,478.1296542743503,478.6814179983407,479.49744293316394,480.3571389810568,480.9016452839708
mango_rmse,medium,2006-09-30,2006Q4,2,HOURS,479.89982497223923,465.62909654958054,14.270728422658692,477.7955524738797,478.62922001638464,479.9280469503875,481.15731256053994,481.9222688761692
mango_rmse,medium,2006-09-30,2007Q1,3,HOURS,480.27605237824076,465.77246847229804,14.503583905942719,477.6510973710113,478.65779577775834,480.29992821426265,481.825328608182,482.9128355121433
mango_rmse,medium,2006-09-30,2007Q2,4,HOURS,480.63445725468557,466.2731296512623,14.361327603423263,477.5334121762617,478.7301347795459,480.64207828338374,482.4969761122744,483.6952402178156
mango_rmse,medium,2006-09-30,2007Q3,5,HOURS,480.99721796891316,465.8900508409059,15.10716712800729,477.44917305226505,478.86453123646663,481.02241017860433,483.08742178374916,484.42375037436915
mango_rmse,medium,2006-09-30,2007Q4,6,HOURS,481.35470991636413,465.54069224148026,15.814017674883871,477.4001159970925,479.08247594565916,481.3923135457154,483.61156061288546,485.07604079917786
mango_rmse,medium,2006-09-30,2008Q1,7,HOURS,481.72195650268844,465.22350531644213,16.498451186246314,477.48020235428135,479.1684958124547,481.72681393773024,484.1538524407384,485.92528486211035
mango_rmse,medium,2006-09-30,2008Q2,8,HOURS,482.08509788737115,464.68014529590437,17.40495259146678,477.44477967457226,479.3574438676577,482.10060340864374,484.74986250180604,486.6945302910724
mango_rmse,medium,2006-09-30,2006Q3,1,INV,759.7333924197133,792.1518941137941,-32.418501694080874,751.4014383453774,754.9284723889616,759.5998604753676,764.837056733461,768.0341434864771
mango_rmse,medium,2006-09-30,2006Q4,2,INV,760.9241794617449,790.1927739141016,-29.26859445235675,748.7699756215266,753.5607980416607,760.9434908867413,768.2635010243629,773.2801420278878
mango_rmse,medium,2006-09-30,2007Q1,3,INV,762.1226928674403,789.5023631425074,-27.379670275067156,746.5931058996965,752.9663840599975,762.1502451274052,771.1765100165263,776.9215618266528
mango_rmse,medium,2006-09-30,2007Q2,4,INV,763.2594379063611,790.5992750863104,-27.339837179949313,746.0787670950695,752.91473681487,763.0946938851292,774.1309636643175,780.5015356507428
mango_rmse,medium,2006-09-30,2007Q3,5,INV,764.4154350233022,789.5847840191325,-25.16934899583032,745.4697809279094,752.9258974114521,764.4247529403607,776.2011534074582,783.6046704701143
mango_rmse,medium,2006-09-30,2007Q4,6,INV,765.6134153488375,788.3467462094385,-22.733330860600972,744.4068069621069,753.218776522595,766.2418785720645,778.1815268003422,786.2935406600426
mango_rmse,medium,2006-09-30,2008Q1,7,INV,766.9306101487247,785.6804736421575,-18.749863493432827,743.9951047539254,753.2681560095302,767.0794746400936,780.4117593216846,789.1133079076317
mango_rmse,medium,2006-09-30,2008Q2,8,INV,768.0616513075996,783.8502214603918,-15.788570152792204,742.9872844427797,753.3025101034167,768.0628988936076,782.2644225438316,791.3953603043273
mango_rmse,medium,2006-09-30,2006Q3,1,WAGE,481.615594841962,458.137941661485,23.477653180476977,480.52963586439193,480.9578711978846,481.6113794080219,482.28232397012516,482.6897255725287
mango_rmse,medium,2006-09-30,2006Q4,2,WAGE,481.90042040775353,460.156369039398,21.744051368355542,480.32151790674214,480.92507321570116,481.8888505498828,482.8785038796331,483.5712320075822
mango_rmse,medium,2006-09-30,2007Q1,3,WAGE,482.1715920303669,461.45956266352465,20.712029366842273,480.12324763714287,481.0219367905333,482.150414037682,483.37650348427593,484.19277936809834
mango_rmse,medium,2006-09-30,2007Q2,4,WAGE,482.44524318502584,460.2255943706066,22.21964881441926,479.9436873766636,480.9861163820044,482.4635316153255,483.83360418720065,484.79264579517974
mango_rmse,medium,2006-09-30,2007Q3,5,WAGE,482.71530395973633,460.0519387772664,22.66336518246993,479.9720323813545,481.0400151939895,482.7595247223864,484.3015363365768,485.40873358216794
mango_rmse,medium,2006-09-30,2007Q4,6,WAGE,482.98384923252496,460.03184352570673,22.952005706818227,479.804649943374,481.2084152073144,483.00579732617655,484.75990807308415,485.9125727991768
mango_rmse,medium,2006-09-30,2008Q1,7,WAGE,483.2950048732778,459.9262771523625,23.368727720915274,479.83263455809845,481.3111184729195,483.3323917220895,485.2827315362215,486.522601189932
mango_rmse,medium,2006-09-30,2008Q2,8,WAGE,483.5616015324588,458.7657734236793,24.79582810877946,479.7598647631888,481.26401632859734,483.61294587096415,485.657805039362,487.12937726330966
mango_rmse,medium,2006-12-31,2006Q4,1,CONS,900.9201716212269,925.9820583722299,-25.06188675100293,899.6721644088265,900.1293472521663,900.9320558691755,901.6910182116401,902.2059568903446
mango_rmse,medium,2006-12-31,2007Q1,2,CONS,901.7486940158052,926.5969288954141,-24.848234879608867,899.9660729869912,900.6400807984028,901.7305969180452,902.8485088748022,903.5203780932314
mango_rmse,medium,2006-12-31,2007Q2,3,CONS,902.6154897059896,926.8589940290503,-24.243504323060733,900.3456581889343,901.2493830865466,902.6453255679129,903.9386459761397,904.9319533350994
mango_rmse,medium,2006-12-31,2007Q3,4,CONS,903.4431934057213,927.5238765851791,-24.080683179457765,900.8055393921028,901.8420829525516,903.4444482921333,904.9831910666526,906.0829162652143
mango_rmse,medium,2006-12-31,2007Q4,5,CONS,904.3314664314285,927.9171790430295,-23.585712611601025,901.2294594138763,902.5682159567709,904.3870956462165,906.1001677635578,907.3233706442377
mango_rmse,medium,2006-12-31,2008Q1,6,CONS,905.1706665563195,927.779965478359,-22.609298922039557,901.7498016349526,903.1594830319985,905.2499208925394,907.184666355283,908.5436903481765
mango_rmse,medium,2006-12-31,2008Q2,7,CONS,906.0182885254374,928.0551554354275,-22.03686690999018,902.2699499018393,903.795829668978,906.1180677612922,908.1661331971328,909.7515646978304
mango_rmse,medium,2006-12-31,2008Q3,8,CONS,906.8910513715117,927.2814388489875,-20.39038747747577,902.7886364558533,904.4333619169187,906.9175387909943,909.3252520723197,911.0325771541278
mango_rmse,medium,2006-12-31,2006Q4,1,DEFL,476.4195736707777,451.0496803385384,25.369893332239315,475.9635947332367,476.1300388131143,476.42306159028817,476.69162189642,476.9051391778182
mango_rmse,medium,2006-12-31,2007Q1,2,DEFL,477.10840717893836,452.0037044010234,25.10470277791495,476.2837053696344,476.59830794850734,477.1241135561043,477.58695025563054,477.89297922171136
mango_rmse,medium,2006-12-31,2007Q2,3,DEFL,477.7987881518405,452.67004072796027,25.128747423880213,476.6016672002215,477.0721741273716,477.8225022184031,478.4907600762796,479.01964275756137
mango_rmse,medium,2006-12-31,2007Q3,4,DEFL,478.48277813835426,453.18788034112526,25.294897797228998,476.891571994702,477.4931462525475,478.47669498318896,479.43246237570963,480.0665924008603
mango_rmse,medium,2006-12-31,2007Q4,5,DEFL,479.18402526121815,453.61094550558823,25.57307975562992,477.15033314907845,477.94295289789386,479.19171159993016,480.4144995107712,481.2919949505949
mango_rmse,medium,2006-12-31,2008Q1,6,DEFL,479.89522352300867,453.9617817747856,25.93344174822306,477.34336355006076,478.35818127561873,479.9103902824875,481.41248393936485,482.4443045416292
mango_rmse,medium,2006-12-31,2008Q2,7,DEFL,480.6180309962636,454.46768055591286,26.150350440350735,477.6090645333027,478.77155792836504,480.6002293180755,482.5319423106791,483.76200807921333
mango_rmse,medium,2006-12-31,2008Q3,8,DEFL,481.34182379979995,455.2191261197205,26.122697680079455,477.85225738151945,479.1766745447914,481.2814421365864,483.6040347914696,485.06207625556016
mango_rmse,medium,2006-12-31,2006Q4,1,FFR,5.267998117075483,5.246666666666667,0.02133145040881601,3.7555837147706197,4.360271245046557,5.25818770927937,6.173727292377137,6.73560742277108
mango_rmse,medium,2006-12-31,2007Q1,2,FFR,5.236281177133125,5.256666666666667,-0.0203854895335418,3.0175137427658254,3.946132371076953,5.2234917082017045,6.583928764623567,7.396993674888753
mango_rmse,medium,2006-12-31,2007Q2,3,FFR,5.262772091322317,5.25,0.012772091322316825,2.580662224314509,3.6318770052477096,5.27796200691672,6.884184082273404,7.99049202892953
mango_rmse,medium,2006-12-31,2007Q3,4,FFR,5.2770768539764115,5.073333333333333,0.2037435206430782,2.1315030486697095,3.4464839660221216,5.293653636159024,7.105268995087511,8.451742656035739
mango_rmse,medium,2006-12-31,2007Q4,5,FFR,5.3304968284259235,4.496666666666667,0.8338301617592565,2.01168911277209,3.337906766424413,5.297001705611741,7.326704629705345,8.772515633465721
mango_rmse,medium,2006-12-31,2008Q1,6,FFR,5.345690540849318,3.1766666666666663,2.1690238741826513,1.7001815897639683,3.089253711241761,5.316470281832496,7.600727982774948,9.04007099571367
mango_rmse,medium,2006-12-31,2008Q2,7,FFR,5.409368889146608,2.0866666666666664,3.322702222479941,1.6518707119166032,3.020084386463972,5.370334164961271,7.77170998171305,9.418044937406133
mango_rmse,medium,2006-12-31,2008Q3,8,FFR,5.436349050885276,1.9400000000000002,3.496349050885276,1.282939155369535,2.935823745065946,5.438375694580145,7.951313305620676,9.711874903146601
mango_rmse,medium,2006-12-31,2006Q4,1,GDP,935.2065501936032,964.4305015999738,-29.22395140637059,933.7341827343861,934.316406776072,935.2288399830309,936.0564847623639,936.6702057897451
mango_rmse,medium,2006-12-31,2007Q1,2,GDP,935.9410279426716,964.7236703008948,-28.782642358223256,933.8166112646097,934.6841226074067,935.9584831673067,937.2291746488524,938.0142841510357
mango_rmse,medium,2006-12-31,2007Q2,3,GDP,936.7463921320326,965.3600754705748,-28.61368333854216,934.2141340376318,935.2228342057274,936.7663501278366,938.2756730735315,939.3775962604267
mango_rmse,medium,2006-12-31,2007Q3,4,GDP,937.5244589857948,965.9605755120938,-28.436116526298974,934.534014208735,935.7316423764338,937.5302043746228,939.3536211171514,940.641337525104
mango_rmse,medium,2006-12-31,2007Q4,5,GDP,938.3331228408362,966.5683687041123,-28.23524586327619,934.8819909102192,936.2438904473283,938.3373416832842,940.3592267463303,941.7276926624567
mango_rmse,medium,2006-12-31,2008Q1,6,GDP,939.0978596722123,966.1601069749734,-27.06224730276108,935.2673841523386,936.8405060007914,939.118880032468,941.4152968830623,942.8281378819049
mango_rmse,medium,2006-12-31,2008Q2,7,GDP,939.8845120948768,966.730770931016,-26.846258836139214,935.723491688467,937.3767040870154,939.8578813450617,942.3716897990997,944.0413759270608
mango_rmse,medium,2006-12-31,2008Q3,8,GDP,940.6856177057119,966.2024850530005,-25.516867347288553,936.2793040352103,938.0002668635431,940.6846374887857,943.4051184089408,945.1510091145673
mango_rmse,medium,2006-12-31,2006Q4,1,HOURS,479.98241951954776,465.62909654958054,14.353322969967223,478.56788842210227,479.15478522467754,479.98613880967855,480.82950671024827,481.3313588036881
mango_rmse,medium,2006-12-31,2007Q1,2,HOURS,480.3390445363958,465.77246847229804,14.566576064097774,478.15004012644437,479.082043379933,480.3667236482479,481.60615944374337,482.355118119173
mango_rmse,medium,2006-12-31,2007Q2,3,HOURS,480.70814475399635,466.2731296512623,14.435015102734042,478.0008224466075,479.14778186957,480.7201500836271,482.2990314211802,483.268346495606
mango_rmse,medium,2006-12-31,2007Q3,4,HOURS,481.0482705963984,465.8900508409059,15.158219755492553,477.8690550017685,479.1793287410937,481.09791506935636,482.9205209083321,484.1030168095555
mango_rmse,medium,2006-12-31,2007Q4,5,HOURS,481.43134791971084,465.54069224148026,15.890655678230587,477.8890794080508,479.32496894120465,481.4326476392459,483.5586944039875,484.79949992231633
mango_rmse,medium,2006-12-31,2008Q1,6,HOURS,481.81018238167104,465.22350531644213,16.586677065228912,477.7800898976238,479.50918478338804,481.827612312773,484.1259447240709,485.63094634388045
mango_rmse,medium,2006-12-31,2008Q2,7,HOURS,482.2128357072907,464.68014529590437,17.53269041138634,477.9244704196608,479.69255616568284,482.18732558706364,484.7266708090602,486.3869897707068
mango_rmse,medium,2006-12-31,2008Q3,8,HOURS,482.60308105773237,463.5291936540614,19.073887403670994,478.0291543363641,479.87003601038685,482.5468316662858,485.4010540055234,487.04804522552195
mango_rmse,medium,2006-12-31,2006Q4,1,INV,759.2098228485544,790.1927739141016,-30.98295106554724,750.7501397180115,754.0926161885616,759.1890083878527,764.2334895342595,767.9444800700704
mango_rmse,medium,2006-12-31,2007Q1,2,INV,760.408369206641,789.5023631425074,-29.093993935866365,747.9912921116435,753.070721439717,760.5446451334161,767.8872649508669,772.6016381381102
mango_rmse,medium,2006-12-31,2007Q2,3,INV,761.6593076252649,790.5992750863104,-28.939967461045512,746.5765540967964,752.3922279934621,761.5060078462504,770.9784302575245,776.7381906280086
mango_rmse,medium,2006-12-31,2007Q3,4,INV,762.8558021485172,789.5847840191325,-26.728981870615257,745.6227836739279,752.2190622571321,762.963503039284,773.5046883006795,780.5318659151295
mango_rmse,medium,2006-12-31,2007Q4,5,INV,764.1284423963332,788.3467462094385,-24.218303813105308,744.6081106887093,752.1520366149387,764.1988492384128,775.9227856169766,783.8595409633583
mango_rmse,medium,2006-12-31,2008Q1,6,INV,765.2102815295007,785.6804736421575,-20.470192112656832,744.3225901753761,751.9531040595838,765.3662398071826,777.9656179681994,786.6453629529196
mango_rmse,medium,2006-12-31,2008Q2,7,INV,766.4478287607069,783.8502214603918,-17.402392699684924,744.4632441505313,752.3338967125379,766.5132466327573,780.0722741592192,789.4890971636298
mango_rmse,medium,2006-12-31,2008Q3,8,INV,767.7504198640329,781.8248839683592,-14.074464104326353,743.9105428270285,752.8516037406612,767.5400962336324,782.8491996173904,792.6880956059786
mango_rmse,medium,2006-12-31,2006Q4,1,WAGE,479.560852899106,460.156369039398,19.404483859708023,478.39220991160255,478.85633904973736,479.5452694573354,480.25983021891034,480.702264338441
mango_rmse,medium,2006-12-31,2007Q1,2,WAGE,479.8188108168341,461.45956266352465,18.359248153309466,478.17464783644886,478.78897965411466,479.8013651677811,480.838224442638,481.475888405275
mango_rmse,medium,2006-12-31,2007Q2,3,WAGE,480.10037487896284,460.2255943706066,19.874780508356253,477.99226211994295,478.86963042344513,480.0673177913222,481.38466078558764,482.1773986142394
mango_rmse,medium,2006-12-31,2007Q3,4,WAGE,480.3705545637189,460.0519387772664,20.318615786452483,478.0013517722803,478.87352190365107,480.36436412376133,481.8242376500997,482.8637563911645
mango_rmse,medium,2006-12-31,2007Q4,5,WAGE,480.6337679315475,460.03184352570673,20.601924405840748,477.91182533009015,478.9153155918521,480.63133965826694,482.30770591679203,483.4711319911977
mango_rmse,medium,2006-12-31,2008Q1,6,WAGE,480.8907532080977,459.9262771523625,20.96447605573519,477.82505437441785,479.04328531291486,480.8973301249124,482.76502916904366,484.0472421043718
mango_rmse,medium,2006-12-31,2008Q2,7,WAGE,481.1407430193116,458.7657734236793,22.374969595632308,477.9127818862515,479.09738365392053,481.09023142411684,483.171162766039,484.4721995778359
mango_rmse,medium,2006-12-31,2008Q3,8,WAGE,481.38444016571674,458.23722773120875,23.147212434507992,477.7642931279668,479.2000437167129,481.34333597871887,483.5793197747559,485.1061636022265
mango_rmse,medium,2007-03-31,2007Q1,1,CONS,901.9782147064359,926.5969288954141,-24.618714188978174,900.633881936866,901.2115351743718,902.0009490469164,902.720391214982,903.2325886283352
mango_rmse,medium,2007-03-31,2007Q2,2,CONS,902.8603446964811,926.8589940290503,-23.998649332569244,900.9897692715562,901.7475380614766,902.8832097352803,903.9819422192193,904.7338416915051
mango_rmse,medium,2007-03-31,2007Q3,3,CONS,903.7533630470842,927.5238765851791,-23.77051353809486,901.4389618779693,902.3601869547226,903.7720336382209,905.1794057864394,906.0000649858243
mango_rmse,medium,2007-03-31,2007Q4,4,CONS,904.668676420334,927.9171790430295,-23.24850262269547,901.9263891073157,902.9963079101523,904.6904090057621,906.3572326521571,907.3783532424752
mango_rmse,medium,2007-03-31,2008Q1,5,CONS,905.5491322935618,927.779965478359,-22.230833184797234,902.5018249035427,903.6699555997432,905.5490193679487,907.4484653405161,908.6302289484651
mango_rmse,medium,2007-03-31,2008Q2,6,CONS,906.4292400091396,928.0551554354275,-21.625915426287975,903.0430068740129,904.2705078801033,906.4696003390842,908.5489436537619,909.9389066389799
mango_rmse,medium,2007-03-31,2008Q3,7,CONS,907.310481786678,927.2814388489875,-19.97095706230948,903.5734710603871,905.0179108435353,907.3131910861674,909.551628364369,911.0956523361839
mango_rmse,medium,2007-03-31,2008Q4,8,CONS,908.1859893932215,926.3774213756642,-18.191431982442737,904.1324438444523,905.7088473419412,908.1747964503849,910.6937390484181,912.1979857494764
mango_rmse,medium,2007-03-31,2007Q1,1,DEFL,476.7066466965345,452.0037044010234,24.702942295511093,476.2360403734295,476.42985699041265,476.6999309252227,476.99817687331387,477.167911023742
mango_rmse,medium,2007-03-31,2007Q2,2,DEFL,477.2613003258953,452.67004072796027,24.59125959793505,476.4407301639182,476.77994074199995,477.2633910377124,477.7693820049593,478.0575093796462
mango_rmse,medium,2007-03-31,2007Q3,3,DEFL,477.8087933104558,453.18788034112526,24.62091296933056,476.5903126137188,477.0902441329849,477.8016607610702,478.5476925863047,479.032351574547
mango_rmse,medium,2007-03-31,2007Q4,4,DEFL,478.363676536121,453.61094550558823,24.752731030532743,476.734785360498,477.399452189861,478.35902455523683,479.34684138206205,480.0272288182033
mango_rmse,medium,2007-03-31,2008Q1,5,DEFL,478.9392874894786,453.9617817747856,24.977505714692995,476.8130678059731,477.71008282585365,478.9533552330056,480.1924733284547,481.0611767013415
mango_rmse,medium,2007-03-31,2008Q2,6,DEFL,479.5241123620362,454.46768055591286,25.056431806123328,476.9912840643278,477.95323037893314,479.5468421579113,481.0674553764882,482.1932127709227
mango_rmse,medium,2007-03-31,2008Q3,7,DEFL,480.1236981020063,455.2191261197205,24.904571982285802,477.00096037065526,478.23531890927546,480.13087064063814,482.02095422925794,483.2627685808323
mango_rmse,medium,2007-03-31,2008Q4,8,DEFL,480.73123938375016,455.45608681615494,25.275152567595228,477.10934823695925,478.5154289905496,480.73809750798125,482.99192999477316,484.4145984813509
mango_rmse,medium,2007-03-31,2007Q1,1,FFR,5.10283485202056,5.256666666666667,-0.1538318146461064,3.5640696202099846,4.183172790561654,5.123162146842484,5.9984604913389985,6.579292451963852
mango_rmse,medium,2007-03-31,2007Q2,2,FFR,5.037037029882505,5.25,-0.21296297011749488,2.8367324748433442,3.774239045840029,5.050114791030717,6.309864075557868,7.136521299315219
mango_rmse,medium,2007-03-31,2007Q3,3,FFR,5.072789408607895,5.073333333333333,-0.0005439247254379609,2.4332168977634887,3.502033758529646,5.059870727855936,6.666643606341318,7.656107842953625
mango_rmse,medium,2007-03-31,2007Q4,4,FFR,5.085776662823857,4.496666666666667,0.5891099961571902,2.1569198102867375,3.257036744820196,5.085774903963291,6.930453106624639,8.008344847925608
mango_rmse,medium,2007-03-31,2008Q1,5,FFR,5.079965589447104,3.1766666666666663,1.9032989227804378,1.7280581061938718,3.055580793468808,5.096026938702729,7.169016009700891,8.331571795512433
mango_rmse,medium,2007-03-31,2008Q2,6,FFR,5.082936607217809,2.0866666666666664,2.996269940551142,1.4416536715918462,2.9394273884358113,5.1070912392276995,7.2612527737448085,8.711381459918778
mango_rmse,medium,2007-03-31,2008Q3,7,FFR,5.099377859106817,1.9400000000000002,3.159377859106817,1.339808090831431,2.7988639553314285,5.086025169170484,7.408243915925723,8.910359697289415
mango_rmse,medium,2007-03-31,2008Q4,8,FFR,5.13252106896076,0.5066666666666667,4.6258544022940935,1.0470784753768154,2.63449942872329,5.145407279167019,7.611497326254328,9.085708293480835
mango_rmse,medium,2007-03-31,2007Q1,1,GDP,935.8130407406529,964.7236703008948,-28.910629560241887,934.3009335045846,934.9352533212128,935.802066544815,936.7198488051849,937.2580192839852
mango_rmse,medium,2007-03-31,2007Q2,2,GDP,936.613377910141,965.3600754705748,-28.746697560433745,934.5271150273131,935.3157371247803,936.6000988850578,937.9102352708366,938.730179385686
mango_rmse,medium,2007-03-31,2007Q3,3,GDP,937.4123444334178,965.9605755120938,-28.54823107867594,934.833271751274,935.8139406138221,937.4138680538993,939.0054699419813,939.9943515171749
mango_rmse,medium,2007-03-31,2007Q4,4,GDP,938.2493364575365,966.5683687041123,-28.31903224657583,935.2139984405617,936.3168619491908,938.2598766932288,940.1500823181406,941.3123340349327
mango_rmse,medium,2007-03-31,2008Q1,5,GDP,939.0437449355957,966.1601069749734,-27.11636203937769,935.5587108360178,936.8014873348324,939.05027030788,941.2045297170189,942.4631311523983
mango_rmse,medium,2007-03-31,2008Q2,6,GDP,939.8338888057767,966.730770931016,-26.896882125239244,935.9167521623513,937.3874689082661,939.8783959557087,942.147135365804,943.7736726886498
mango_rmse,medium,2007-03-31,2008Q3,7,GDP,940.6280968435253,966.2024850530005,-25.57438820947516,936.4469062992935,937.9850833393058,940.608183003101,943.2930129443874,944.9175602482637
mango_rmse,medium,2007-03-31,2008Q4,8,GDP,941.4171479965786,963.9952057445751,-22.578057747996468,936.7709008485393,938.5698793070675,941.4361259682669,944.174227718315,946.1207464519638
mango_rmse,medium,2007-03-31,2007Q1,1,HOURS,480.8917616240689,465.77246847229804,15.119293151770876,479.50244204150096,480.02987903594294,480.8967196250129,481.7236376865327,482.3251954087194
mango_rmse,medium,2007-03-31,2007Q2,2,HOURS,481.26834752394205,466.2731296512623,14.995217872679746,479.25392973772284,480.0488027521903,481.2495162854048,482.52350722739294,483.30172503970124
mango_rmse,medium,2007-03-31,2007Q3,3,HOURS,481.64441847610453,465.8900508409059,15.754367635198662,479.137645323779,480.11244599605664,481.5746980471113,483.30359652856055,484.246545140719
mango_rmse,medium,2007-03-31,2007Q4,4,HOURS,482.0476539479512,465.54069224148026,16.506961706470918,479.0436601063216,480.22754357904785,481.99432223143685,483.95481322470874,485.179922212916
mango_rmse,medium,2007-03-31,2008Q1,5,HOURS,482.419934049308,465.22350531644213,17.196428732865854,478.99730020636355,480.3577991726263,482.4244205098556,484.4919796112804,485.9865709617341
mango_rmse,medium,2007-03-31,2008Q2,6,HOURS,482.8013083521796,464.68014529590437,18.121163056275236,479.0253567372343,480.52434890778267,482.75591406994687,485.0570845373709,486.8058425036911
mango_rmse,medium,2007-03-31,2008Q3,7,HOURS,483.2247318513497,463.5291936540614,19.69553819728833,478.9755852436633,480.72724780424966,483.21346837505325,485.6923699406498,487.5356862741088
mango_rmse,medium,2007-03-31,2008Q4,8,HOURS,483.6059272016599,460.7158208561043,22.89010634555558,479.0633071603303,480.9425380637958,483.5920001600084,486.3665229584484,488.05669488332757
mango_rmse,medium,2007-03-31,2007Q1,1,INV,755.0188450127196,789.5023631425074,-34.48351812978785,746.2735069658878,749.7561419267917,755.1220475351074,760.1146968728345,763.6468839807237
mango_rmse,medium,2007-03-31,2007Q2,2,INV,756.3159999739049,790.5992750863104,-34.28327511240548,744.0275691463437,749.1957853317826,756.1611524999221,763.6842516298874,768.7508146677641
mango_rmse,medium,2007-03-31,2007Q3,3,INV,757.3570047872173,789.5847840191325,-32.22777923191518,742.358914738017,748.3283630853153,757.2609198905662,766.5890916266685,772.0130884903768
mango_rmse,medium,2007-03-31,2007Q4,4,INV,758.7277528694977,788.3467462094385,-29.618993339940744,741.3958616940148,748.4438552476583,758.8204626452654,769.1303399188699,775.2634808132898
mango_rmse,medium,2007-03-31,2008Q1,5,INV,759.8756727282638,785.6804736421575,-25.8048009138937,740.1949658005755,748.0673226904809,759.6884470544742,771.6275986538337,779.6265984912455
mango_rmse,medium,2007-03-31,2008Q2,6,INV,761.0195096123684,783.8502214603918,-22.830711848023384,739.0385376546101,747.920543613303,760.9596126785513,774.2276075481025,783.8357936680738
mango_rmse,medium,2007-03-31,2008Q3,7,INV,762.1710009173064,781.8248839683592,-19.653883051052844,738.4942584075636,748.6941075234789,762.2730450589793,776.5380781543204,785.7992148661087
mango_rmse,medium,2007-03-31,2008Q4,8,INV,763.1712473970592,771.7102465089438,-8.53899911188455,738.5959799090101,748.408896381886,763.1432705135358,778.4838799985864,788.2934906779261
mango_rmse,medium,2007-03-31,2007Q1,1,WAGE,480.9925431910352,461.45956266352465,19.532980527510574,479.76466964483114,480.27010718637337,481.0134973978503,481.6819584779071,482.17343605358457
mango_rmse,medium,2007-03-31,2007Q2,2,WAGE,481.333838389831,460.2255943706066,21.1082440192244,479.64653838320703,480.2853090831481,481.32273646742624,482.3777011336252,483.05598840313303
mango_rmse,medium,2007-03-31,2007Q3,3,WAGE,481.6609381604349,460.0519387772664,21.60899938316851,479.63730617885795,480.4154143486547,481.6576783930467,482.89857037135266,483.7015021102199
mango_rmse,medium,2007-03-31,2007Q4,4,WAGE,481.97219887035385,460.03184352570673,21.940355344647116,479.5618997517313,480.52586675947816,481.9363780490735,483.43151268713365,484.45000678662814
mango_rmse,medium,2007-03-31,2008Q1,5,WAGE,482.2800968329815,459.9262771523625,22.353819680618983,479.464640461761,480.63079383477816,482.2305834685133,483.965215748347,485.0699769574844
mango_rmse,medium,2007-03-31,2008Q2,6,WAGE,482.5924788145632,458.7657734236793,23.826705390883888,479.50590111877665,480.73983724741566,482.5605346291911,484.4933366562868,485.7973734919274
mango_rmse,medium,2007-03-31,2008Q3,7,WAGE,482.8851439023964,458.23722773120875,24.64791617118766,479.4369984659401,480.8071388101063,482.88694052266277,484.95631453458793,486.3561276812967
mango_rmse,medium,2007-03-31,2008Q4,8,WAGE,483.2054464201876,461.8984329821462,21.30701343804145,479.4751077418522,481.0073511910004,483.19310489583927,485.45121254979153,486.96322250595017
mango_rmse,medium,2007-06-30,2007Q2,1,CONS,902.957221322604,926.8589940290503,-23.90177270644631,901.7082658493374,902.1778177254702,902.9517433706485,903.7292098259743,904.2491801401827
mango_rmse,medium,2007-06-30,2007Q3,2,CONS,903.7844182148309,927.5238765851791,-23.73945837034819,901.9985146726559,902.6844051733331,903.7628677358538,904.8826952395148,905.5836217597081
mango_rmse,medium,2007-06-30,2007Q4,3,CONS,904.623435988643,927.9171790430295,-23.293743054386482,902.3632660828431,903.3188870732117,904.6218885792964,905.9604182141387,906.8497409027151
mango_rmse,medium,2007-06-30,2008Q1,4,CONS,905.4476639063353,927.779965478359,-22.332301572023766,902.7901180246058,903.8180178955041,905.4195605884707,907.0866963297452,908.1082189831742
mango_rmse,medium,2007-06-30,2008Q2,5,CONS,906.2686914579416,928.0551554354275,-21.786463977485937,903.3440642928265,904.4755019559669,906.2665281832988,908.0799475629872,909.270849658504
mango_rmse,medium,2007-06-30,2008Q3,6,CONS,907.1271879337665,927.2814388489875,-20.154250915220928,903.8342853035821,905.1069994255282,907.139786810177,909.137366329593,910.4474497531579
mango_rmse,medium,2007-06-30,2008Q4,7,CONS,907.9864910950008,926.3774213756642,-18.390930280663383,904.3269229153765,905.7672444043467,907.942111572379,910.2577107355124,911.6720380091014
mango_rmse,medium,2007-06-30,2009Q1,8,CONS,908.8139276546268,926.1231470493817,-17.309219394754905,904.7534784164166,906.4195327432867,908.7655518448202,911.2588186646972,912.8484775469265
mango_rmse,medium,2007-06-30,2007Q2,1,DEFL,477.89287860562024,452.67004072796027,25.22283787765997,477.4218894569148,477.60620925544504,477.8946031142549,478.1753745533407,478.3547308726938
mango_rmse,medium,2007-06-30,2007Q3,2,DEFL,478.63390009754943,453.18788034112526,25.446019756424164,477.8495971113595,478.1468436176504,478.6284627249758,479.11489712594886,479.4638321335506
mango_rmse,medium,2007-06-30,2007Q4,3,DEFL,479.3902017650921,453.61094550558823,25.77925625950388,478.2529686005499,478.66041328459306,479.382106741382,480.1253446408252,480.58553397974134
mango_rmse,medium,2007-06-30,2008Q1,4,DEFL,480.1758006288608,453.9617817747856,26.21401885407522,478.6164308031592,479.18189019157205,480.1457404730993,481.2108747381646,481.81415563551036
mango_rmse,medium,2007-06-30,2008Q2,5,DEFL,480.94113756932137,454.46768055591286,26.473457013408506,478.8712665545344,479.6464257275597,480.89687553104267,482.25670947913,483.14651724824336
mango_rmse,medium,2007-06-30,2008Q3,6,DEFL,481.7191081192894,455.2191261197205,26.499981999568888,479.1866328535298,480.09995923071875,481.70417010193853,483.3600258085461,484.402322003672
mango_rmse,medium,2007-06-30,2008Q4,7,DEFL,482.48457304414535,455.45608681615494,27.028486227990413,479.4295981198099,480.5362140370739,482.48666876280674,484.43305984672753,485.70658925794305
mango_rmse,medium,2007-06-30,2009Q1,8,DEFL,483.25795256126776,455.406634733688,27.85131782757975,479.63978701412503,480.9831123727303,483.2200657900896,485.5601150963886,487.0058857085307
mango_rmse,medium,2007-06-30,2007Q2,1,FFR,5.287613162370237,5.25,0.03761316237023671,3.783313066133609,4.378055120116051,5.302413159840102,6.159694129854071,6.725582985097411
mango_rmse,medium,2007-06-30,2007Q3,2,FFR,5.429789083114147,5.073333333333333,0.35645574978081385,3.351966493743554,4.13398188193847,5.400864062896005,6.737582695257945,7.470339899439398
mango_rmse,medium,2007-06-30,2007Q4,3,FFR,5.448286669033275,4.496666666666667,0.9516200023666084,2.869981128119654,3.8331335029153686,5.438950868570517,7.014938166314,8.097345148281038
mango_rmse,medium,2007-06-30,2008Q1,4,FFR,5.42194767572477,3.1766666666666663,2.2452810090581035,2.3512938857542873,3.5413950319123577,5.402940941470296,7.212215022299644,8.590225433109802
mango_rmse,medium,2007-06-30,2008Q2,5,FFR,5.470303180472814,2.0866666666666664,3.3836365138061475,2.169335726098285,3.4492694390665948,5.449594094421293,7.569257242248997,8.89472952768247
mango_rmse,medium,2007-06-30,2008Q3,6,FFR,5.537621056494143,1.9400000000000002,3.597621056494143,1.9140779771086096,3.346318027109111,5.589200855820854,7.655334731110831,9.241449282048023
mango_rmse,medium,2007-06-30,2008Q4,7,FFR,5.593075831045546,0.5066666666666667,5.086409164378879,1.6918006920498707,3.2678492662145064,5.58470766116986,7.919027635039116,9.300267176983915
mango_rmse,medium,2007-06-30,2009Q1,8,FFR,5.6198571740250385,0.18333333333333335,5.436523840691705,1.4810008253979892,3.221328214259978,5.635783875759616,7.991024659883761,9.634591356521673
mango_rmse,medium,2007-06-30,2007Q2,1,GDP,936.0665961693452,965.3600754705748,-29.29347930122958,934.6142586360618,935.1400044448648,936.060620768385,936.9837630376674,937.5388766623104
mango_rmse,medium,2007-06-30,2007Q3,2,GDP,936.8641881473419,965.9605755120938,-29.096387364751877,934.658211837326,935.5443524117409,936.89735423968,938.1626610756385,939.0047084426875
mango_rmse,medium,2007-06-30,2007Q4,3,GDP,937.6102328200975,966.5683687041123,-28.958135884014837,934.9203636806919,936.0293022465607,937.5954985155037,939.2286395171922,940.1643625552281
mango_rmse,medium,2007-06-30,2008Q1,4,GDP,938.2989104376715,966.1601069749734,-27.861196537301907,935.2372290784725,936.4162552773098,938.3825419391535,940.081187604076,941.2699398696203
mango_rmse,medium,2007-06-30,2008Q2,5,GDP,939.0735048613036,966.730770931016,-27.657266069712364,935.550456401021,936.9951121726032,939.085214543672,941.0987856279261,942.472403411357
mango_rmse,medium,2007-06-30,2008Q3,6,GDP,939.8672483482982,966.2024850530005,-26.33523670470231,935.9672442828553,937.4467489462864,939.9766691078182,942.1424093743004,943.6989018990229
mango_rmse,medium,2007-06-30,2008Q4,7,GDP,940.650307508863,963.9952057445751,-23.344898235712094,936.3712412499822,938.1276742385121,940.7195051213527,943.2265554557198,944.5976358973044
mango_rmse,medium,2007-06-30,2009Q1,8,GDP,941.4233255015257,962.8226353991014,-21.399309897575677,936.8813142420562,938.6361787762411,941.4519454567492,944.2295743665129,945.7913751397069
mango_rmse,medium,2007-06-30,2007Q2,1,HOURS,480.7508632570242,466.2731296512623,14.477733605761898,479.3881514053064,479.8960324774494,480.72603406185476,481.5945645701062,482.20173943535923
mango_rmse,medium,2007-06-30,2007Q3,2,HOURS,481.0816378787698,465.8900508409059,15.19158703786394,479.01809503051294,479.79601585662937,481.04499625371113,482.36085857600017,483.23309711571585
mango_rmse,medium,2007-06-30,2007Q4,3,HOURS,481.4137239231685,465.54069224148026,15.873031681688246,478.81000897453976,479.7915726192057,481.42187140892855,483.03321633589553,484.1452802870168
mango_rmse,medium,2007-06-30,2008Q1,4,HOURS,481.706401535473,465.22350531644213,16.482896219030863,478.55731249911156,479.83795575836297,481.71408057109693,483.6327106235502,484.8963692898453
mango_rmse,medium,2007-06-30,2008Q2,5,HOURS,482.0755635403611,464.68014529590437,17.39541824445672,478.5359774411666,479.8822023626612,482.0896307568993,484.1666754403029,485.6681291742352
mango_rmse,medium,2007-06-30,2008Q3,6,HOURS,482.4749886250662,463.5291936540614,18.94579497100483,478.5327611761651,480.05851098283506,482.50578967507886,484.8342642082275,486.3443764358046
mango_rmse,medium,2007-06-30,2008Q4,7,HOURS,482.84709874430945,460.7158208561043,22.131277888205148,478.3640028675088,480.23514094701534,482.8475936054096,485.4141079277857,487.04245710192015
mango_rmse,medium,2007-06-30,2009Q1,8,HOURS,483.2260125554948,458.14920586335137,25.076806692143407,478.4755042673622,480.39537122445745,483.28721650703693,486.0324791205459,488.0292271396709
mango_rmse,medium,2007-06-30,2007Q2,1,INV,752.8635280975693,790.5992750863104,-37.735746988741084,744.4869242280172,747.6565145055422,752.9515549357291,757.8651087967603,761.5193600594931
mango_rmse,medium,2007-06-30,2007Q3,2,INV,753.7050248064302,789.5847840191325,-35.87975921270231,741.5644035833783,746.2368713268368,753.5431975542763,761.4200119434844,765.852613141076
mango_rmse,medium,2007-06-30,2007Q4,3,INV,754.6719578769539,788.3467462094385,-33.67478833248458,740.0471039400932,745.5365469815539,754.4886268558771,763.7786931802573,769.2202797127983
mango_rmse,medium,2007-06-30,2008Q1,4,INV,755.5111904989031,785.6804736421575,-30.169283143254347,738.0678399602823,745.0242042708832,755.4594428405694,765.8284063316576,772.535643461468
mango_rmse,medium,2007-06-30,2008Q2,5,INV,756.5125788059485,783.8502214603918,-27.337642654443357,736.9392689684177,745.0934063374199,756.5636452842355,768.0943162975215,775.7063152761878
mango_rmse,medium,2007-06-30,2008Q3,6,INV,757.8154071961795,781.8248839683592,-24.00947677217971,736.5608127609545,744.773965122709,757.7839684775261,770.6876517820452,779.415636478732
mango_rmse,medium,2007-06-30,2008Q4,7,INV,759.0591955584134,771.7102465089438,-12.651050950530362,736.3018140851151,745.0341635226276,759.3514176250618,772.7521434777228,781.7466919543721
mango_rmse,medium,2007-06-30,2009Q1,8,INV,760.1578974391103,759.4303232463312,0.727574192779116,734.9245379024514,745.5706974900054,760.0425647267878,774.7281535460072,784.8803001051161
mango_rmse,medium,2007-06-30,2007Q2,1,WAGE,481.2951361427467,460.2255943706066,21.0695417721401,480.09837644228986,480.55860848354394,481.3155618221558,481.98759509625586,482.46009068508897
mango_rmse,medium,2007-06-30,2007Q3,2,WAGE,481.56921912370393,460.0519387772664,21.51728034643753,479.8671744844695,480.4945666100898,481.5516429385882,482.6677517105922,483.2564340999318
mango_rmse,medium,2007-06-30,2007Q4,3,WAGE,481.8135060735915,460.03184352570673,21.781662547884764,479.6566800555296,480.56881225749174,481.81569073633193,483.1303143159856,483.9036534616968
mango_rmse,medium,2007-06-30,2008Q1,4,WAGE,482.0738764376984,459.9262771523625,22.1475992853359,479.5753549211559,480.59522193190656,482.07307774319776,483.54186591566736,484.506580587959
mango_rmse,medium,2007-06-30,2008Q2,5,WAGE,482.3523088670734,458.7657734236793,23.586535443394098,479.408715650975,480.654487277607,482.3414140855893,484.0737610013941,485.1784507469042
mango_rmse,medium,2007-06-30,2008Q3,6,WAGE,482.62247507823776,458.23722773120875,24.385247347029008,479.39393059149614,480.6160214430712,482.64926237521354,484.55022348985995,485.79674721621154
mango_rmse,medium,2007-06-30,2008Q4,7,WAGE,482.89131967876017,461.8984329821462,20.992886696613994,479.2995630583598,480.7795385636264,482.94888025413445,485.02680777722657,486.33780458025126
mango_rmse,medium,2007-06-30,2009Q1,8,WAGE,483.1757756832618,459.9192354301555,23.256540253106323,479.31778430352244,480.79321923367525,483.2024926317539,485.51039986448075,486.9577932565305
mango_rmse,medium,2007-09-30,2007Q3,1,CONS,902.5637718764159,927.5238765851791,-24.960104708763197,901.3102134244275,901.8221842650694,902.5610686456564,903.3048042075833,903.767802720476
mango_rmse,medium,2007-09-30,2007Q4,2,CONS,903.3963921800001,927.9171790430295,-24.520786863029343,901.5565118832034,902.3178044821609,903.3934670421056,904.5031835954732,905.2037838126964
mango_rmse,medium,2007-09-30,2008Q1,3,CONS,904.2435316649996,927.779965478359,-23.536433813359395,901.9439019188242,902.8261317388481,904.2755384080153,905.6518790139093,906.4934965690701
mango_rmse,medium,2007-09-30,2008Q2,4,CONS,905.0451308086305,928.0551554354275,-23.010024626797076,902.3003629823663,903.4293704171915,905.069177448584,906.6841129982529,907.7348941964565
mango_rmse,medium,2007-09-30,2008Q3,5,CONS,905.8892674533162,927.2814388489875,-21.392171395671312,902.8139324541772,904.0938849605918,905.9077791804153,907.674502655495,908.9360046352494
mango_rmse,medium,2007-09-30,2008Q4,6,CONS,906.7064552661369,926.3774213756642,-19.670966109527285,903.3788226445605,904.6232077818325,906.6992086802813,908.6951590439891,910.0322382111552
mango_rmse,medium,2007-09-30,2009Q1,7,CONS,907.4977450081318,926.1231470493817,-18.625402041249913,903.7834958852638,905.2726631313407,907.5051858811989,909.6719963629256,911.1614697410201
mango_rmse,medium,2007-09-30,2009Q2,8,CONS,908.2804753199553,925.6303496212205,-17.34987430126523,904.1958950659372,905.8825569017455,908.3210070488265,910.6101756964356,912.3030156620121
mango_rmse,medium,2007-09-30,2007Q3,1,DEFL,479.0621521605441,453.18788034112526,25.874271819418823,478.5708758463434,478.7626767220454,479.0650089519729,479.3509002646183,479.53761600302096
mango_rmse,medium,2007-09-30,2007Q4,2,DEFL,479.79569683272797,453.61094550558823,26.184751327139736,478.9263176223508,479.286265298704,479.80272835499113,480.29998294606946,480.6202184037715
mango_rmse,medium,2007-09-30,2008Q1,3,DEFL,480.5504674980645,453.9617817747856,26.5886857232789,479.29678972258705,479.80488881831127,480.56298297389577,481.28781901203126,481.74817376038806
mango_rmse,medium,2007-09-30,2008Q2,4,DEFL,481.29723453610745,454.46768055591286,26.82955398019459,479.57536444394816,480.29760642903796,481.2924481136731,482.3154765941084,482.8964576975648
mango_rmse,medium,2007-09-30,2008Q3,5,DEFL,482.0395938755152,455.2191261197205,26.82046775579471,479.86187284350166,480.7359362486001,482.0621798556979,483.3386537145649,484.13081012737547
mango_rmse,medium,2007-09-30,2008Q4,6,DEFL,482.81046089728125,455.45608681615494,27.35437408112631,480.1737735495616,481.2032462910922,482.8275951296812,484.3700017695757,485.4489134204203
mango_rmse,medium,2007-09-30,2009Q1,7,DEFL,483.56940810361533,455.406634733688,28.162773369927322,480.3945962172224,481.63672793157076,483.590288319161,485.4900011562597,486.7039625056832
mango_rmse,medium,2007-09-30,2009Q2,8,DEFL,484.3319631525431,455.2317782083863,29.10018494415681,480.6051141395209,482.07181506735947,484.32869461288226,486.5730802343996,488.0511095406885
mango_rmse,medium,2007-09-30,2007Q3,1,FFR,5.348227982335877,5.073333333333333,0.2748946490025439,3.847043662315083,4.407229858870369,5.343349078069699,6.282006347558731,6.887484178716525
mango_rmse,medium,2007-09-30,2007Q4,2,FFR,5.373714296034493,4.496666666666667,0.8770476293678255,3.2383353903410734,4.103019537631348,5.322569862770507,6.668116016479915,7.4500362593221805
mango_rmse,medium,2007-09-30,2008Q1,3,FFR,5.380469793277416,3.1766666666666663,2.2038031266107496,2.8554289528074803,3.8697241111248433,5.38110721742863,6.936067295850793,7.94940222840542
mango_rmse,medium,2007-09-30,2008Q2,4,FFR,5.441310022695806,2.0866666666666664,3.3546433560291393,2.3748696451571734,3.5704483520973587,5.470900170595902,7.221266258015844,8.355172495907622
mango_rmse,medium,2007-09-30,2008Q3,5,FFR,5.496593217592933,1.9400000000000002,3.5565932175929325,2.1344984781310528,3.5021226687750815,5.516667646995517,7.488857696727423,8.861276519663297
mango_rmse,medium,2007-09-30,2008Q4,6,FFR,5.53307399044023,0.5066666666666667,5.026407323773563,1.750244157917765,3.3445183938024843,5.5068476160096465,7.820920158568931,9.141689715246574
mango_rmse,medium,2007-09-30,2009Q1,7,FFR,5.567781264009386,0.18333333333333335,5.384447930676052,1.644561059034517,3.2269759946154912,5.626850904782351,7.881479968048278,9.45483397329223
mango_rmse,medium,2007-09-30,2009Q2,8,FFR,5.562119902753129,0.18000000000000002,5.3821199027531295,1.4154094355352005,2.9965707567319413,5.599613678859542,8.070435835257337,9.617831953856234
mango_rmse,medium,2007-09-30,2007Q3,1,GDP,935.9878021247252,965.9605755120938,-29.972773387368534,934.5344666675999,935.107812707803,935.9584028706925,936.8789061046961,937.4583748070169
mango_rmse,medium,2007-09-30,2007Q4,2,GDP,936.7294874730572,966.5683687041123,-29.838881231055097,934.6232384044956,935.5049391846186,936.7570631063463,937.9727906228424,938.8280938381135
mango_rmse,medium,2007-09-30,2008Q1,3,GDP,937.4827678098267,966.1601069749734,-28.67733916514669,934.86697047466,935.9224093316845,937.4967031492906,939.0750221512474,940.0261052319524
mango_rmse,medium,2007-09-30,2008Q2,4,GDP,938.2307971676807,966.730770931016,-28.49997376333522,935.1726379311917,936.3975862021798,938.1841516673143,940.1465129372675,941.2161793051129
mango_rmse,medium,2007-09-30,2008Q3,5,GDP,938.9888139133852,966.2024850530005,-27.213671139615258,935.5813342642396,936.903756833444,938.9702145098315,941.1269864892366,942.35205383949
mango_rmse,medium,2007-09-30,2008Q4,6,GDP,939.7179361029442,963.9952057445751,-24.277269641630824,935.8338703377724,937.4216695179433,939.7146018600286,941.9688850996763,943.5069842708989
mango_rmse,medium,2007-09-30,2009Q1,7,GDP,940.4250538417012,962.8226353991014,-22.397581557400144,936.2436004101868,937.9018653046833,940.3826759980321,942.9632761048875,944.5391011518664
mango_rmse,medium,2007-09-30,2009Q2,8,GDP,941.1315451674086,962.6532538909199,-21.521708723511324,936.7145374651957,938.5324301971767,941.0861053811288,943.8173296529939,945.5867115724947
mango_rmse,medium,2007-09-30,2007Q3,1,HOURS,481.40789323114234,465.8900508409059,15.517842390236467,480.0034928171319,480.5393583935911,481.4035961353877,482.27128228273875,482.8223988168497
mango_rmse,medium,2007-09-30,2007Q4,2,HOURS,481.78828531770495,465.54069224148026,16.24759307622469,479.74579774086027,480.5803022912064,481.8111686672669,482.9976598651997,483.8125299733638
mango_rmse,medium,2007-09-30,2008Q1,3,HOURS,482.1773289185247,465.22350531644213,16.953823602082593,479.62733181757693,480.6462444367696,482.1819879852319,483.7512730161511,484.7300259538788
mango_rmse,medium,2007-09-30,2008Q2,4,HOURS,482.55532039138774,464.68014529590437,17.87517509548337,479.5784220821008,480.76367302228704,482.55051923521233,484.3877763643444,485.6712888239664
mango_rmse,medium,2007-09-30,2008Q3,5,HOURS,482.9317416883343,463.5291936540614,19.40254803427291,479.48978595186134,480.9046294326987,482.8869671463639,484.9815164685714,486.3837356803654
mango_rmse,medium,2007-09-30,2008Q4,6,HOURS,483.31225056835495,460.7158208561043,22.596429712250654,479.56450665879873,481.0421365471129,483.30904743065383,485.65411218026463,487.19933364210914
mango_rmse,medium,2007-09-30,2009Q1,7,HOURS,483.64851781249655,458.14920586335137,25.49931194914518,479.5839547784173,481.16692867015894,483.60589044407675,486.082357365959,487.9412296770743
mango_rmse,medium,2007-09-30,2009Q2,8,HOURS,483.98326308395826,455.7826974477571,28.20056563620119,479.7717540114535,481.3268982969441,483.94036713020586,486.569344870392,488.58746359785096
mango_rmse,medium,2007-09-30,2007Q3,1,INV,752.5791810261348,789.5847840191325,-37.00560299299764,743.9402677786799,747.4891942735438,752.5795049185672,757.5623777509483,760.9715706384319
mango_rmse,medium,2007-09-30,2007Q4,2,INV,753.6171898200632,788.3467462094385,-34.72955638937526,741.4938915493933,746.2928834941425,753.7516037158118,760.743922511137,765.4603474495505
mango_rmse,medium,2007-09-30,2008Q1,3,INV,754.692449710062,785.6804736421575,-30.98802393209553,739.6500903366291,745.6932244743596,754.9664486450552,763.3219188770404,769.0892420881858
mango_rmse,medium,2007-09-30,2008Q2,4,INV,755.7101959527871,783.8502214603918,-28.14002550760472,738.223223603026,745.1763094030964,755.7776118333636,766.0644056861912,772.7982504920452
mango_rmse,medium,2007-09-30,2008Q3,5,INV,756.7449899013235,781.8248839683592,-25.079894067035752,737.3133594384109,744.9364012793646,756.7784172681975,768.4385521262891,775.5340229680202
mango_rmse,medium,2007-09-30,2008Q4,6,INV,757.7441158573745,771.7102465089438,-13.966130651569301,737.3710579745537,745.1034342207944,758.0106858815266,769.9707295121078,778.1060621532104
mango_rmse,medium,2007-09-30,2009Q1,7,INV,758.4319406178345,759.4303232463312,-0.9983826284967563,736.0072145109413,744.5279723550449,758.5732244739218,771.7107050692795,781.4484254503718
mango_rmse,medium,2007-09-30,2009Q2,8,INV,759.3087545154018,753.4915957252271,5.817158790174744,735.2391776654567,744.750085432969,759.3075207380865,773.3399376776904,783.8667153175803
mango_rmse,medium,2007-09-30,2007Q3,1,WAGE,480.7706784548925,460.0519387772664,20.718739677626104,479.56919457887926,480.05510170272333,480.77572701709147,481.4807065315347,481.9552847715453
mango_rmse,medium,2007-09-30,2007Q4,2,WAGE,481.0261487087813,460.03184352570673,20.994305183074573,479.33431891522474,479.9903712252542,481.01603273413116,482.05437991363686,482.73883073424827
mango_rmse,medium,2007-09-30,2008Q1,3,WAGE,481.31286277026874,459.9262771523625,21.386585617906235,479.19734623937546,480.029225697722,481.3013487694285,482.6145795028957,483.4893085563181
mango_rmse,medium,2007-09-30,2008Q2,4,WAGE,481.5506835284561,458.7657734236793,22.78491010477677,479.1022161546714,480.05856575375293,481.5382291567789,483.0811156932151,484.08035048125686
mango_rmse,medium,2007-09-30,2008Q3,5,WAGE,481.8387014245439,458.23722773120875,23.60147369333515,479.01518862198236,480.17546619673016,481.8005478926448,483.5569979739712,484.7591508585094
mango_rmse,medium,2007-09-30,2008Q4,6,WAGE,482.1030652864533,461.8984329821462,20.204632304307097,478.904581897279,480.32729891394615,482.0902118598652,483.93662399651623,485.25597329379247
mango_rmse,medium,2007-09-30,2009Q1,7,WAGE,482.3149162601403,459.9192354301555,22.395680829984826,478.9375568117362,480.2853747945101,482.30097346711204,484.446876064459,485.73416800422183
mango_rmse,medium,2007-09-30,2009Q2,8,WAGE,482.55972800302465,461.94872065828844,20.61100734473621,478.9132234046978,480.4135200551957,482.51462505060124,484.78234454493975,486.2336418016168
mango_rmse,medium,2007-12-31,2007Q4,1,CONS,903.3119168999912,927.9171790430295,-24.605262143038317,902.0494970640867,902.5285491461682,903.3221797854478,904.073255081463,904.5548739131984
mango_rmse,medium,2007-12-31,2008Q1,2,CONS,904.207386581525,927.779965478359,-23.57257889683399,902.4286224278741,903.1129669456368,904.1914983790241,905.3080177644202,905.9940907717015
mango_rmse,medium,2007-12-31,2008Q2,3,CONS,905.0953696494381,928.0551554354275,-22.959785785989425,902.8618478988687,903.7473765701335,905.1106971906717,906.4493982413135,907.3532547215566
mango_rmse,medium,2007-12-31,2008Q3,4,CONS,906.002765051453,927.2814388489875,-21.278673797534452,903.2698555744222,904.3941379570633,906.0013043970845,907.5969807841421,908.798161250901
mango_rmse,medium,2007-12-31,2008Q4,5,CONS,906.8924801651074,926.3774213756642,-19.484941210556826,903.8262692847823,905.0867098232284,906.8552316585108,908.6946407217291,909.9679090290741
mango_rmse,medium,2007-12-31,2009Q1,6,CONS,907.804948985474,926.1231470493817,-18.318198063907744,904.35021068553,905.8024058017585,907.8221127479421,909.9184844743332,911.1102866286249
mango_rmse,medium,2007-12-31,2009Q2,7,CONS,908.685704146959,925.6303496212205,-16.944645474261506,904.9245657325226,906.4909132677187,908.7038437707304,910.9455103887805,912.3941922794743
mango_rmse,medium,2007-12-31,2009Q3,8,CONS,909.526967731026,926.3005779585693,-16.77361022754326,905.3348456113611,907.0659339815769,909.5548481052056,911.9527202802043,913.6384989382905
mango_rmse,medium,2007-12-31,2007Q4,1,DEFL,479.1540139179146,453.61094550558823,25.543068412326363,478.6806980999616,478.87522898947657,479.1480345610412,479.442095781807,479.6252724605302
mango_rmse,medium,2007-12-31,2008Q1,2,DEFL,479.70277045320205,453.9617817747856,25.740988678416443,478.88231901769603,479.215055745063,479.7005438121863,480.1983869713219,480.5270638846506
mango_rmse,medium,2007-12-31,2008Q2,3,DEFL,480.2313249269626,454.46768055591286,25.763644371049736,479.04781710892274,479.4898175706336,480.2520368332731,480.95183950236395,481.4299919766694
mango_rmse,medium,2007-12-31,2008Q3,4,DEFL,480.7702213329981,455.2191261197205,25.55109521327762,479.1232606279058,479.78492497010046,480.7801481225768,481.72855326737346,482.3656633781026
mango_rmse,medium,2007-12-31,2008Q4,5,DEFL,481.32884474397764,455.45608681615494,25.872757927822704,479.15101460471016,480.0478090433688,481.3329205924668,482.6106688823627,483.44487480754015
mango_rmse,medium,2007-12-31,2009Q1,6,DEFL,481.90327634053665,455.406634733688,26.49664160684864,479.2260045949275,480.33948868085133,481.87910510523255,483.5069452537289,484.60585716991017
mango_rmse,medium,2007-12-31,2009Q2,7,DEFL,482.48834618338213,455.2317782083863,27.256567974995846,479.1599808133308,480.60508581374626,482.43291275424787,484.43962546141006,485.8246015713375
mango_rmse,medium,2007-12-31,2009Q3,8,DEFL,483.0828984803989,455.33925638064517,27.743642099753743,479.17633303550485,480.8364022807783,483.04328089472904,485.3721586792203,487.00939941613234
mango_rmse,medium,2007-12-31,2007Q4,1,FFR,4.982779928003776,4.496666666666667,0.48611326133710886,3.46282393360803,4.0838186695519925,4.989206232413208,5.854390942171419,6.474468040746289
mango_rmse,medium,2007-12-31,2008Q1,2,FFR,4.864516986218134,3.1766666666666663,1.6878503195514676,2.681560517319439,3.542619014053329,4.893664297345298,6.221158722674499,6.933060169939843
mango_rmse,medium,2007-12-31,2008Q2,3,FFR,4.835905886807261,2.0866666666666664,2.7492392201405944,2.2158903416613795,3.221619016299576,4.844300714172297,6.443372646247339,7.3875716787919075
mango_rmse,medium,2007-12-31,2008Q3,4,FFR,4.859317636857484,1.9400000000000002,2.9193176368574836,1.8838888061085002,2.9835779384454475,4.902563275292053,6.704985608345041,7.781436699707633
mango_rmse,medium,2007-12-31,2008Q4,5,FFR,4.857387825101526,0.5066666666666667,4.350721158434859,1.5609208568249864,2.8534761517591987,4.868334742271005,6.880406377645304,8.101979360319215
mango_rmse,medium,2007-12-31,2009Q1,6,FFR,4.92441457187158,0.18333333333333335,4.741081238538246,1.3212529509460447,2.7571790747205585,4.953816581412866,7.079834573134269,8.586821440233635
mango_rmse,medium,2007-12-31,2009Q2,7,FFR,4.977318244636347,0.18000000000000002,4.797318244636347,1.2192412974147269,2.591831665716454,5.0111432313059145,7.244863619334071,8.949172269227473
mango_rmse,medium,2007-12-31,2009Q3,8,FFR,5.004274519317074,0.15666666666666665,4.847607852650408,0.9458266025740083,2.543724359688636,5.0679145915538735,7.355831040081434,9.06314165420506
mango_rmse,medium,2007-12-31,2007Q4,1,GDP,937.086214101456,966.5683687041123,-29.48215460265635,935.5627465269287,936.2030212624701,937.0843093304786,937.9973195418863,938.5589863588037
mango_rmse,medium,2007-12-31,2008Q1,2,GDP,937.8317618149766,966.1601069749734,-28.32834515999673,935.7193595099792,936.5505031368532,937.8250297098801,939.133902693332,939.9046990337696
mango_rmse,medium,2007-12-31,2008Q2,3,GDP,938.6578482338164,966.730770931016,-28.0729226971996,936.0670324587246,937.092340580618,938.6812002377072,940.2033024923729,941.190209254201
mango_rmse,medium,2007-12-31,2008Q3,4,GDP,939.5047866297106,966.2024850530005,-26.69769842328992,936.3729380996173,937.6643184715541,939.5214219746149,941.323127950818,942.5339523817175
mango_rmse,medium,2007-12-31,2008Q4,5,GDP,940.3261954702685,963.9952057445751,-23.669010274306515,936.6874541193544,938.2551657331438,940.3630155177725,942.4421678599874,943.6818138671437
mango_rmse,medium,2007-12-31,2009Q1,6,GDP,941.1587980771495,962.8226353991014,-21.66383732195186,937.1301273218629,938.8663908317776,941.2561787915687,943.442451069848,944.7984353392468
mango_rmse,medium,2007-12-31,2009Q2,7,GDP,941.9634509141467,962.6532538909199,-20.689802976773194,937.6095318135253,939.5188853733346,942.0447305101802,944.4415358416494,946.0393471252432
mango_rmse,medium,2007-12-31,2009Q3,8,GDP,942.733768991072,963.0145304911672,-20.280761500095196,938.1834104056278,940.044106109842,942.7318216896176,945.4180163329524,947.1599089631922
mango_rmse,medium,2007-12-31,2007Q4,1,HOURS,481.1510441092774,465.54069224148026,15.610351867797135,479.69208989371896,480.3041486579694,481.1377908279785,482.01828758026534,482.60105691224163
mango_rmse,medium,2007-12-31,2008Q1,2,HOURS,481.51712269053877,465.22350531644213,16.29361737409664,479.4673680489274,480.2872136361516,481.5021509565254,482.743326485784,483.5176184737577
mango_rmse,medium,2007-12-31,2008Q2,3,HOURS,481.9146507326998,464.68014529590437,17.234505436795416,479.2936031712644,480.40274823755215,481.9298826215171,483.4500418210218,484.4485208339808
mango_rmse,medium,2007-12-31,2008Q3,4,HOURS,482.3041281287068,463.5291936540614,18.77493447464542,479.1903721022056,480.522181927121,482.3257126341224,484.1020149668681,485.3685891828709
mango_rmse,medium,2007-12-31,2008Q4,5,HOURS,482.70205913157025,460.7158208561043,21.98623827546595,479.1895563207144,480.65317934799737,482.6883512523301,484.7801235655885,486.12026883578017
mango_rmse,medium,2007-12-31,2009Q1,6,HOURS,483.11629822606926,458.14920586335137,24.967092362717892,479.196700498584,480.78948658413105,483.1395030703185,485.42262323264794,486.9240704311179
mango_rmse,medium,2007-12-31,2009Q2,7,HOURS,483.52324429495746,455.7826974477571,27.74054684720039,479.21356473011474,480.9488222801006,483.5550740097731,486.08375882827016,487.79626729495016
mango_rmse,medium,2007-12-31,2009Q3,8,HOURS,483.91394418272927,454.67568674374314,29.238257438986125,479.3307276759522,481.122566218642,483.94022236950605,486.6903830386347,488.5178751538168
mango_rmse,medium,2007-12-31,2007Q4,1,INV,753.7713113499176,788.3467462094385,-34.5754348595209,745.0403188273705,748.7299456434134,753.6894231791615,758.89397285483,762.5695539384677
mango_rmse,medium,2007-12-31,2008Q1,2,INV,754.9357998398774,785.6804736421575,-30.74467380228009,742.6087371049534,747.4609309898003,755.0803233573358,762.1253905453764,767.2454131166458
mango_rmse,medium,2007-12-31,2008Q2,3,INV,756.0874178201258,783.8502214603918,-27.762803640266043,740.99106505565,747.1562936991415,756.0336424821465,764.9907948817247,770.8609733921878
mango_rmse,medium,2007-12-31,2008Q3,4,INV,757.3357457054577,781.8248839683592,-24.48913826290152,739.4613486079826,746.7115546761676,757.1992959689044,767.7946018659868,774.814555777287
mango_rmse,medium,2007-12-31,2008Q4,5,INV,758.5901577563736,771.7102465089438,-13.120088752570155,737.9107311252174,746.4073757587458,759.0462372469553,770.6644133520227,777.5906781900023
mango_rmse,medium,2007-12-31,2009Q1,6,INV,759.8956922392866,759.4303232463312,0.4653689929554048,736.9032978439022,746.4334744557347,760.4484604291977,772.5691567916555,781.5361515444934
mango_rmse,medium,2007-12-31,2009Q2,7,INV,761.0981524137258,753.4915957252271,7.606556688498699,736.9855950619211,746.9275305714215,761.643584716469,774.2738021713759,783.9346206598292
mango_rmse,medium,2007-12-31,2009Q3,8,INV,762.208536252362,753.2630578079347,8.945478444427295,737.4838849770839,747.0390709437753,763.0659886895678,776.463028731474,787.0233120390724
mango_rmse,medium,2007-12-31,2007Q4,1,WAGE,480.6484930041784,460.03184352570673,20.616649478471686,479.4730758994382,479.9240221892795,480.66138280917664,481.3410029784926,481.8144836724774
mango_rmse,medium,2007-12-31,2008Q1,2,WAGE,480.94940110608906,459.9262771523625,21.023123953726554,479.26537553025844,479.93470267877234,480.9611913751228,481.967159699926,482.60366701919344
mango_rmse,medium,2007-12-31,2008Q2,3,WAGE,481.259394143178,458.7657734236793,22.493620719498665,479.1335021756922,479.99621104512147,481.25042909935246,482.51531101963633,483.3316147251665
mango_rmse,medium,2007-12-31,2008Q3,4,WAGE,481.57115000601203,458.23722773120875,23.333922274803285,479.00075921087006,480.03596837658904,481.55293555016783,483.10274436628947,484.21896673830463
mango_rmse,medium,2007-12-31,2008Q4,5,WAGE,481.85185598437465,461.8984329821462,19.953423002228476,478.9583638547901,480.1265796330519,481.87931682935175,483.51482858600656,484.82837981988047
mango_rmse,medium,2007-12-31,2009Q1,6,WAGE,482.1681051405961,459.9192354301555,22.2488697104406,478.9551184403685,480.26360686423175,482.2162081726183,484.08433838320735,485.3591386601199
mango_rmse,medium,2007-12-31,2009Q2,7,WAGE,482.4466066216692,461.94872065828844,20.49788596338078,478.90119239058953,480.331203311461,482.4861437739173,484.5689436107358,486.02292125013366
mango_rmse,medium,2007-12-31,2009Q3,8,WAGE,482.6994726153356,461.7928452086754,20.90662740666022,478.91469780845216,480.41051220198506,482.7151751024412,485.01411442781244,486.45811399783867
mango_rmse,medium,2008-03-31,2008Q1,1,CONS,903.8916772387425,927.779965478359,-23.888288239616486,902.6002435888633,903.1251704220216,903.9250538341796,904.6342581746151,905.0932678420426
mango_rmse,medium,2008-03-31,2008Q2,2,CONS,904.7962611053151,928.0551554354275,-23.258894330112412,903.0300907276697,903.7065604483076,904.7777187862091,905.902252547018,906.6279561384032
mango_rmse,medium,2008-03-31,2008Q3,3,CONS,905.7225915663432,927.2814388489875,-21.55884728264425,903.384159226113,904.2812988454377,905.7341019266121,907.0999148869619,908.0468924829378
mango_rmse,medium,2008-03-31,2008Q4,4,CONS,906.6263057654643,926.3774213756642,-19.751115610199918,904.063817822071,905.0232905153596,906.565256447738,908.3076234314904,909.3019120616698
mango_rmse,medium,2008-03-31,2009Q1,5,CONS,907.5230199243819,926.1231470493817,-18.600127124999858,904.42689271946,905.7123039698497,907.507388003069,909.3255576327384,910.6327466086682
mango_rmse,medium,2008-03-31,2009Q2,6,CONS,908.4043154445417,925.6303496212205,-17.22603417667881,905.0349391868359,906.4184175758076,908.4133559781422,910.4400943520021,911.8453990287255
mango_rmse,medium,2008-03-31,2009Q3,7,CONS,909.2805532140732,926.3005779585693,-17.02002474449614,905.6532694344838,907.0680563402703,909.2892344035643,911.5164458097208,913.1355031751132
mango_rmse,medium,2008-03-31,2009Q4,8,CONS,910.1283378050998,926.1903449968864,-16.06200719178662,906.2058386366152,907.7063523128859,910.1248257547229,912.5630353299607,914.1221508004849
mango_rmse,medium,2008-03-31,2008Q1,1,DEFL,479.75103165674864,453.9617817747856,25.78924988196303,479.2906637126788,479.46813967988487,479.7564406075728,480.02252146151005,480.22237456662333
mango_rmse,medium,2008-03-31,2008Q2,2,DEFL,480.28539844520077,454.46768055591286,25.817717889287906,479.5094676886574,479.7870820406248,480.27795013552253,480.78068265378863,481.0900492336459
mango_rmse,medium,2008-03-31,2008Q3,3,DEFL,480.8152640495331,455.2191261197205,25.596137929812585,479.65878800611193,480.09757869909646,480.8162891278258,481.53429091557086,481.9984854050136
mango_rmse,medium,2008-03-31,2008Q4,4,DEFL,481.36842369935437,455.45608681615494,25.91233688319943,479.75935427508614,480.387058894324,481.3588143201298,482.32522097428154,482.9768090995269
mango_rmse,medium,2008-03-31,2009Q1,5,DEFL,481.9269178436529,455.406634733688,26.520283109964907,479.8472948754993,480.6844872360491,481.90208059620784,483.1427384125862,484.0067517663705
mango_rmse,medium,2008-03-31,2009Q2,6,DEFL,482.5014621377697,455.2317782083863,27.269683929383405,479.9271554437977,480.97026781497067,482.46281197696567,484.0427930318158,485.1487900716794
mango_rmse,medium,2008-03-31,2009Q3,7,DEFL,483.0777519743251,455.33925638064517,27.738495593679943,479.95055089069876,481.2925718758694,483.0563009585094,484.93882721091467,486.24355547628716
mango_rmse,medium,2008-03-31,2009Q4,8,DEFL,483.66848101883863,455.6683475771851,28.00013344165353,479.9813104755073,481.4817066618843,483.6064607775612,485.82571577590977,487.3966864772576
mango_rmse,medium,2008-03-31,2008Q1,1,FFR,4.331740465855211,3.1766666666666663,1.155073799188545,2.8923448953766204,3.4566443794302946,4.332897217461351,5.200550215473416,5.726146905034285
mango_rmse,medium,2008-03-31,2008Q2,2,FFR,4.314520852416626,2.0866666666666664,2.2278541857499596,2.2037811478845235,3.0891362278971948,4.335358391459334,5.574725952862416,6.353942205228774
mango_rmse,medium,2008-03-31,2008Q3,3,FFR,4.367682794293467,1.9400000000000002,2.4276827942934665,1.8348455586612473,2.855563989512944,4.388774499181387,5.916633139798232,6.836908232888592
mango_rmse,medium,2008-03-31,2008Q4,4,FFR,4.391708821227187,0.5066666666666667,3.8850421545605203,1.4202361582350904,2.599662943406961,4.423314966469154,6.141575868775483,7.275840034762505
mango_rmse,medium,2008-03-31,2009Q1,5,FFR,4.410111969089653,0.18333333333333335,4.226778635756319,1.2094717628508986,2.4715518993535905,4.445246925382169,6.342718616079086,7.665834109645302
mango_rmse,medium,2008-03-31,2009Q2,6,FFR,4.462262872847914,0.18000000000000002,4.282262872847914,0.8629649901493718,2.29820599347454,4.463234680919149,6.601776723072904,8.051364887945901
mango_rmse,medium,2008-03-31,2009Q3,7,FFR,4.515637631803032,0.15666666666666665,4.358970965136366,0.7423995355703787,2.1646863629070645,4.55301276293458,6.817110228174308,8.444726502655726
mango_rmse,medium,2008-03-31,2009Q4,8,FFR,4.562110212094558,0.12,4.4421102120945575,0.32303106050240954,2.0538528690994524,4.588823902103663,7.065883884979432,8.639404605823911
mango_rmse,medium,2008-03-31,2008Q1,1,GDP,937.2954515283566,966.1601069749734,-28.86465544661678,935.8393581162416,936.4157897720406,937.2689993402989,938.2030725923349,938.7679883970898
mango_rmse,medium,2008-03-31,2008Q2,2,GDP,938.1508749987593,966.730770931016,-28.579895932256704,936.0846887956154,936.9229567698379,938.1348887364945,939.4230903921464,940.3019537704452
mango_rmse,medium,2008-03-31,2008Q3,3,GDP,939.0140905073449,966.2024850530005,-27.18839454565557,936.3815352556596,937.4387475751297,939.0017529183269,940.5840893440845,941.6121887599827
mango_rmse,medium,2008-03-31,2008Q4,4,GDP,939.8592377179247,963.9952057445751,-24.135968026650403,936.9044195727315,938.0398076594222,939.8777722374807,941.7011115366538,942.810101505109
mango_rmse,medium,2008-03-31,2009Q1,5,GDP,940.7175280309865,962.8226353991014,-22.105107368114886,937.3346783161326,938.608504345331,940.721822254355,942.7903813700887,944.0678461326037
mango_rmse,medium,2008-03-31,2009Q2,6,GDP,941.5280845935636,962.6532538909199,-21.125169297356365,937.7606632763135,939.2373829342363,941.5077156668412,943.7610335913864,945.2951324420103
mango_rmse,medium,2008-03-31,2009Q3,7,GDP,942.344295521725,963.0145304911672,-20.670234969442163,938.252027441983,939.773065033925,942.3267399064488,944.8380559450069,946.4461558649708
mango_rmse,medium,2008-03-31,2009Q4,8,GDP,943.1771834330084,964.0768300067851,-20.89964657377675,938.6756982615747,940.4783214315382,943.2514799629396,945.7956487751094,947.5087284270272
mango_rmse,medium,2008-03-31,2008Q1,1,HOURS,480.4624174786158,465.22350531644213,15.238912162173676,479.06665646331476,479.6589209417431,480.45247263988426,481.29283051706494,481.8664428909136
mango_rmse,medium,2008-03-31,2008Q2,2,HOURS,480.82898341902995,464.68014529590437,16.148838123125586,478.6445282167335,479.6060330706161,480.8065240041942,482.11124662375676,482.9243801286241
mango_rmse,medium,2008-03-31,2008Q3,3,HOURS,481.2004808516859,463.5291936540614,17.67128719762451,478.603505432691,479.6529963762283,481.19707082571796,482.7485248910147,483.84653132123714
mango_rmse,medium,2008-03-31,2008Q4,4,HOURS,481.62061207151487,460.7158208561043,20.90479121541057,478.4827884897046,479.76891630781677,481.58308902199076,483.531491819319,484.72786247611964
mango_rmse,medium,2008-03-31,2009Q1,5,HOURS,482.05011144454704,458.14920586335137,23.900905581195673,478.499644970899,479.9637958987467,482.01963005113646,484.19137123047756,485.598449663768
mango_rmse,medium,2008-03-31,2009Q2,6,HOURS,482.46848595211236,455.7826974477571,26.685788504355287,478.66883535057093,480.12445619441667,482.52218767963825,484.8232633150079,486.2281739886536
mango_rmse,medium,2008-03-31,2009Q3,7,HOURS,482.8763353824023,454.67568674374314,28.200648638659175,478.7557618001216,480.3321288633132,482.9282150983811,485.4994019840023,487.06627394354535
mango_rmse,medium,2008-03-31,2009Q4,8,HOURS,483.27354180347925,454.55581763068915,28.7177241727901,478.69490298522464,480.5824831132983,483.31112466799937,486.0066029145522,487.62660420109927
mango_rmse,medium,2008-03-31,2008Q1,1,INV,750.017631957364,785.6804736421575,-35.662841684793534,741.8224452489322,744.8255501448621,749.9958959190536,755.170617940882,758.7257004851575
mango_rmse,medium,2008-03-31,2008Q2,2,INV,751.5433510683735,783.8502214603918,-32.30687039201837,738.984761451062,744.110764555409,751.4239343644174,758.8821713923626,764.0598186494548
mango_rmse,medium,2008-03-31,2008Q3,3,INV,753.0186912048393,781.8248839683592,-28.806192763519903,737.8052417345363,744.0908936472781,753.1586226875884,761.8649336621725,767.5109613302989
mango_rmse,medium,2008-03-31,2008Q4,4,INV,754.5261798672083,771.7102465089438,-17.184066641735512,736.9700769833707,744.0006638547393,754.4738095093307,765.0938539438525,772.0706983869823
mango_rmse,medium,2008-03-31,2009Q1,5,INV,755.9108810694929,759.4303232463312,-3.519442176838311,736.4690389855306,744.1846388568493,755.7070988259657,767.6245632602772,776.3555933476159
mango_rmse,medium,2008-03-31,2009Q2,6,INV,757.2538844743508,753.4915957252271,3.7622887491237407,736.0071803392468,744.3930361555308,757.0556679639692,770.5454166322372,779.0483599776946
mango_rmse,medium,2008-03-31,2009Q3,7,INV,758.3942192203712,753.2630578079347,5.131161412436427,734.9507221571515,744.1822322237695,758.4999898987398,772.6302582957491,781.2933371141419
mango_rmse,medium,2008-03-31,2009Q4,8,INV,759.7626659984513,762.1065806084977,-2.3439146100463404,735.3683458890822,744.8988424454001,760.163031422995,774.5898776622406,783.3002324882431
mango_rmse,medium,2008-03-31,2008Q1,1,WAGE,480.8838874737666,459.9262771523625,20.957610321404104,479.68136196593593,480.16148618679813,480.8797361764986,481.5964164299707,482.0511794403647
mango_rmse,medium,2008-03-31,2008Q2,2,WAGE,481.22449592833595,458.7657734236793,22.458722504656635,479.5686919012385,480.1778341912277,481.2655489815504,482.2485801555467,482.88039273166635
mango_rmse,medium,2008-03-31,2008Q3,3,WAGE,481.5119733306603,458.23722773120875,23.274745599451535,479.4048332351773,480.273391598203,481.4896137333071,482.77094127322545,483.5581853728584
mango_rmse,medium,2008-03-31,2008Q4,4,WAGE,481.81427850504184,461.8984329821462,19.915845522895665,479.30415601445304,480.31769098403277,481.7979310007684,483.32751045211427,484.34552237458996
mango_rmse,medium,2008-03-31,2009Q1,5,WAGE,482.1372410434046,459.9192354301555,22.21800561324909,479.2404423518075,480.4610413400459,482.11086982314157,483.8498591379728,484.99300758472566
mango_rmse,medium,2008-03-31,2009Q2,6,WAGE,482.41484907420516,461.94872065828844,20.466128415916728,479.3002595383493,480.55380908601194,482.35909280756357,484.3229676125274,485.62957230521346
mango_rmse,medium,2008-03-31,2009Q3,7,WAGE,482.7213863273058,461.7928452086754,20.92854111863045,479.28646570760947,480.6210172899658,482.7198134340799,484.89210425591415,486.24166168812434
mango_rmse,medium,2008-03-31,2009Q4,8,WAGE,483.0336445917654,461.5922175624994,21.44142702926598,479.28269713837136,480.7312677259578,482.9914978251512,485.42028759018785,486.8337313576931
mango_rmse,medium,2008-06-30,2008Q2,1,CONS,904.236240037311,928.0551554354275,-23.818915398116587,903.0659810430151,903.4910738929403,904.2092249717225,904.9933189591577,905.4817747998269
mango_rmse,medium,2008-06-30,2008Q3,2,CONS,905.1764455934251,927.2814388489875,-22.104993255562363,903.4820537722547,904.1099656320937,905.1600082531115,906.2701707489883,906.976475227714
mango_rmse,medium,2008-06-30,2008Q4,3,CONS,906.1037127690541,926.3774213756642,-20.273708606610057,903.8559226366517,904.6864064783284,906.0710911089539,907.4840904219635,908.3741850409289
mango_rmse,medium,2008-06-30,2009Q1,4,CONS,906.9776137187579,926.1231470493817,-19.145533330623834,904.3116401951987,905.3676732875224,906.9507819379858,908.650354557259,909.6666892372908
mango_rmse,medium,2008-06-30,2009Q2,5,CONS,907.9087784198089,925.6303496212205,-17.72157120141162,904.8764448657449,906.0207943677717,907.9165507824032,909.7794655970562,910.9321130699964
mango_rmse,medium,2008-06-30,2009Q3,6,CONS,908.7780439807933,926.3005779585693,-17.522533977775993,905.3734862931225,906.6948850599078,908.7656080914126,910.8621524646276,912.1017996898686
mango_rmse,medium,2008-06-30,2009Q4,7,CONS,909.6537289584476,926.1903449968864,-16.536616038438865,905.9844745703682,907.3451750073739,909.6425859177497,911.9096216786266,913.2795586071717
mango_rmse,medium,2008-06-30,2010Q1,8,CONS,910.5097653841881,926.7682152336796,-16.258449849491512,906.5407152630884,908.0756108457988,910.4990615003203,912.9133108709011,914.4009098970558
mango_rmse,medium,2008-06-30,2008Q2,1,DEFL,480.3984206243148,454.46768055591286,25.930740068401917,479.9347560249831,480.11904276959325,480.39631493629963,480.6801143046743,480.8639010804049
mango_rmse,medium,2008-06-30,2008Q3,2,DEFL,480.92945380858185,455.2191261197205,25.710327688861355,480.1528583898555,480.4338466677412,480.93133116662864,481.4038203084289,481.7470671317064
mango_rmse,medium,2008-06-30,2008Q4,3,DEFL,481.4871713217539,455.45608681615494,26.031084505598983,480.285122859306,480.7683837840465,481.49481241556185,482.2122587016231,482.6891895950516
mango_rmse,medium,2008-06-30,2009Q1,4,DEFL,482.05494009485983,455.406634733688,26.648305361171822,480.4538833618428,481.076629549008,482.0505697171568,483.0308000717738,483.67056788356984
mango_rmse,medium,2008-06-30,2009Q2,5,DEFL,482.62055794638314,455.2317782083863,27.388779737996856,480.5526310596184,481.3526949111277,482.61729365668054,483.8711779972723,484.67131216914385
mango_rmse,medium,2008-06-30,2009Q3,6,DEFL,483.2008418500864,455.33925638064517,27.861585469441252,480.6668622689829,481.6404696234051,483.153321361899,484.7641388960195,485.78602058421563
mango_rmse,medium,2008-06-30,2009Q4,7,DEFL,483.78285517508954,455.6683475771851,28.114507597904435,480.79088400899775,481.8766253244972,483.75812409824846,485.64368976237404,486.90763286637326
mango_rmse,medium,2008-06-30,2010Q1,8,DEFL,484.3790168651587,455.93984617419227,28.43917069096642,480.8697937663262,482.07378325689416,484.36440471087656,486.55182868705117,488.07431560877404
mango_rmse,medium,2008-06-30,2008Q2,1,FFR,3.2013725482662996,2.0866666666666664,1.1147058815996331,1.712530986416625,2.282442584155402,3.2231298045481243,4.107705446149802,4.742311488800225
mango_rmse,medium,2008-06-30,2008Q3,2,FFR,3.3190977269573674,1.9400000000000002,1.3790977269573672,1.167061372192826,2.0167120631688613,3.2893751966813136,4.658141235082604,5.4416223611142405
mango_rmse,medium,2008-06-30,2008Q4,3,FFR,3.397242167360438,0.5066666666666667,2.890575500693771,0.8193911709819897,1.8391035710609678,3.3784138878643075,4.913777534071867,5.949246082020826
mango_rmse,medium,2008-06-30,2009Q1,4,FFR,3.4547470648264516,0.18333333333333335,3.2714137314931184,0.4321521744079692,1.658664336185083,3.439536947343929,5.353183644778946,6.549995675629761
mango_rmse,medium,2008-06-30,2009Q2,5,FFR,3.597896495128423,0.18000000000000002,3.417896495128423,0.2473411860787091,1.6125450646689283,3.5670757552158756,5.631337714646922,7.0719038464428365
mango_rmse,medium,2008-06-30,2009Q3,6,FFR,3.694256025318012,0.15666666666666665,3.537589358651345,0.14575509724465568,1.515090982814422,3.7041535833508936,5.800620205265112,7.284037881028493
mango_rmse,medium,2008-06-30,2009Q4,7,FFR,3.7682777844466107,0.12,3.6482777844466105,-0.11916538226492439,1.4401356097743918,3.7727114430645123,6.030977291815263,7.651991385227202
mango_rmse,medium,2008-06-30,2010Q1,8,FFR,3.873584168928528,0.13333333333333333,3.740250835595195,-0.2463969602687652,1.423524324923608,3.8516048107025593,6.2136461347241365,7.911643940231691
mango_rmse,medium,2008-06-30,2008Q2,1,GDP,937.6586740247621,966.730770931016,-29.07209690625382,936.199945787257,936.7965440857444,937.6260439287319,938.5205137767009,939.1629989000685
mango_rmse,medium,2008-06-30,2008Q3,2,GDP,938.5702692196854,966.2024850530005,-27.63221583331506,936.4657127916073,937.3503772553942,938.5631884453961,939.8240242868011,940.5517757527131
mango_rmse,medium,2008-06-30,2008Q4,3,GDP,939.4335210248505,963.9952057445751,-24.561684719724553,936.8813420308518,937.8545947269134,939.4486109081877,940.9385290122826,941.9794641201161
mango_rmse,medium,2008-06-30,2009Q1,4,GDP,940.2614268045787,962.8226353991014,-22.561208594522668,937.3941678468939,938.4111716512454,940.2543674617002,942.0364115821716,943.1305486074907
mango_rmse,medium,2008-06-30,2009Q2,5,GDP,941.1405308149914,962.6532538909199,-21.512723075928534,937.7954969236014,939.1496181206362,941.1009755531063,943.188191904431,944.3895369427473
mango_rmse,medium,2008-06-30,2009Q3,6,GDP,941.9936593734591,963.0145304911672,-21.02087111770811,938.1914550998681,939.7182056188645,942.0357563092293,944.2188039180369,945.5565261746693
mango_rmse,medium,2008-06-30,2009Q4,7,GDP,942.8355716323483,964.0768300067851,-21.241258374436825,938.775457585274,940.3748477751666,942.8409684359102,945.2895656448865,946.8015951306077
mango_rmse,medium,2008-06-30,2010Q1,8,GDP,943.6673093400748,964.5756373732798,-20.908328033205066,939.2629597869574,940.9216476466676,943.6399375717036,946.2674131198312,947.971008946011
mango_rmse,medium,2008-06-30,2008Q2,1,HOURS,480.0439372417817,464.68014529590437,15.363791945877324,478.67484723832916,479.19689613827256,480.0266603494682,480.91601054664625,481.47745079409117
mango_rmse,medium,2008-06-30,2008Q3,2,HOURS,480.3952854029367,463.5291936540614,16.866091748875306,478.3341696663899,479.08878596992673,480.4075896696145,481.66702241215506,482.46445151325725
mango_rmse,medium,2008-06-30,2008Q4,3,HOURS,480.796767482842,460.7158208561043,20.08094662673767,478.24068654106077,479.25319130334987,480.7714219004097,482.36595294274883,483.2895566959847
mango_rmse,medium,2008-06-30,2009Q1,4,HOURS,481.1715752590032,458.14920586335137,23.022369395651822,478.0953744293377,479.29274329823573,481.1536052945055,483.04998218335334,484.2164469915677
mango_rmse,medium,2008-06-30,2009Q2,5,HOURS,481.598693683411,455.7826974477571,25.815996235653927,478.21737003704817,479.5053761761591,481.60106891919827,483.7493074996648,484.99854702665976
mango_rmse,medium,2008-06-30,2009Q3,6,HOURS,482.02723695383935,454.67568674374314,27.351550210096207,478.17645306761943,479.6452209524038,482.0719349177736,484.4700507101066,485.77946734764265
mango_rmse,medium,2008-06-30,2009Q4,7,HOURS,482.4409688654905,454.55581763068915,27.885151234801356,478.1132057764264,479.8425794000537,482.471020155265,485.04904665140094,486.6864770619299
mango_rmse,medium,2008-06-30,2010Q1,8,HOURS,482.84309797291314,454.84940087945347,27.993697093459673,478.17348269548324,479.9883418960489,482.87390690929914,485.7149379539729,487.33092638742664
mango_rmse,medium,2008-06-30,2008Q2,1,INV,748.3207880355012,783.8502214603918,-35.52943342489061,739.9329600879831,743.3168891967383,748.1944253198882,753.3242190322468,757.0294408501882
mango_rmse,medium,2008-06-30,2008Q3,2,INV,750.025681656362,781.8248839683592,-31.799202311997192,738.2660565742027,742.8011392541526,750.053404776666,757.2117852598141,761.7298456304076
mango_rmse,medium,2008-06-30,2008Q4,3,INV,751.714328508916,771.7102465089438,-19.995918000027814,737.0553373505714,743.031638495302,751.6585549777502,760.3398114542798,765.9985093644239
mango_rmse,medium,2008-06-30,2009Q1,4,INV,753.200477869445,759.4303232463312,-6.22984537688626,736.2117257476876,743.0858209018388,753.33576525072,763.3099767028042,769.4521308537497
mango_rmse,medium,2008-06-30,2009Q2,5,INV,754.6660106983284,753.4915957252271,1.1744149731013067,735.6031694874724,743.3097223893019,754.7446460096237,766.218045959283,773.01899480469
mango_rmse,medium,2008-06-30,2009Q3,6,INV,756.1090240838203,753.2630578079347,2.84596627588553,735.3430420360589,743.4036813940694,756.4729491457203,768.3040411457333,776.8562011948119
mango_rmse,medium,2008-06-30,2009Q4,7,INV,757.4248029744637,762.1065806084977,-4.681777634034006,734.5429902177673,743.9809935524866,757.2920019677135,770.9006424280255,779.8286792586464
mango_rmse,medium,2008-06-30,2010Q1,8,INV,758.7595446661948,764.3564839513651,-5.596939285170379,735.8839678409659,744.1672453060695,758.5458410901705,773.0474385084295,783.271185200048
mango_rmse,medium,2008-06-30,2008Q2,1,WAGE,481.31319584742215,458.7657734236793,22.54742242374283,480.16514693433066,480.61713224029813,481.31007535340257,481.9837548773633,482.4787898619663
mango_rmse,medium,2008-06-30,2008Q3,2,WAGE,481.62815185906635,458.23722773120875,23.390924127857602,479.966459028207,480.6610876679726,481.62759272971755,482.5991180231699,483.29401360139065
mango_rmse,medium,2008-06-30,2008Q4,3,WAGE,481.9117001143946,461.8984329821462,20.013267132248416,479.85312209261895,480.64672402637876,481.90714526449733,483.1645187783445,483.9863772432284
mango_rmse,medium,2008-06-30,2009Q1,4,WAGE,482.2115766265621,459.9192354301555,22.292341196406596,479.8497829027639,480.7245274837456,482.18464407804737,483.747030928358,484.6327626761627
mango_rmse,medium,2008-06-30,2009Q2,5,WAGE,482.47969354320793,461.94872065828844,20.530972884919493,479.8222195441658,480.80078734775464,482.4662854207543,484.13700752817294,485.2650747513454
mango_rmse,medium,2008-06-30,2009Q3,6,WAGE,482.7471240712533,461.7928452086754,20.95427886257795,479.72790115864035,480.8136833241252,482.7292150415996,484.61150590554456,485.89092869933154
mango_rmse,medium,2008-06-30,2009Q4,7,WAGE,483.05279897705844,461.5922175624994,21.460581414559044,479.76707819137323,481.02746315481505,483.0277967018162,485.11661042750177,486.5209534118586
mango_rmse,medium,2008-06-30,2010Q1,8,WAGE,483.33329763760673,460.4900149531529,22.84328268445381,479.76905161595585,481.0734366579177,483.29836787718136,485.5546864560599,487.08448209891884
mango_rmse,medium,2008-09-30,2008Q3,1,CONS,903.8959772660942,927.2814388489875,-23.3854615828933,902.64369849926,903.0942173618342,903.8905994378465,904.6701700289576,905.2039870288705
mango_rmse,medium,2008-09-30,2008Q4,2,CONS,904.8672000311421,926.3774213756642,-21.51022134452205,903.0855617072715,903.7574815740767,904.8776218143004,905.981048093154,906.6873909814914
mango_rmse,medium,2008-09-30,2009Q1,3,CONS,905.8424305304763,926.1231470493817,-20.280716518905365,903.6282484378535,904.4330046252306,905.8682422172895,907.2125527194314,908.101816253371
mango_rmse,medium,2008-09-30,2009Q2,4,CONS,906.7849626346747,925.6303496212205,-18.845386986545805,904.1051788111025,905.144144855274,906.7792472303362,908.3971985005985,909.375865247407
mango_rmse,medium,2008-09-30,2009Q3,5,CONS,907.6681299184092,926.3005779585693,-18.632448040160057,904.60600788886,905.8284267106861,907.6123504051964,909.5587037692204,910.8301603231503
mango_rmse,medium,2008-09-30,2009Q4,6,CONS,908.5497492073811,926.1903449968864,-17.64059578950537,905.1512872499861,906.4483926206123,908.5124427265526,910.638380982348,912.0759229146989
mango_rmse,medium,2008-09-30,2010Q1,7,CONS,909.4233697446101,926.7682152336796,-17.344845489069485,905.5261990872034,907.0714536936274,909.4184301404032,911.7424040414498,913.2597416097478
mango_rmse,medium,2008-09-30,2010Q2,8,CONS,910.2717303835677,927.6609738087002,-17.389243425132463,906.1710625004429,907.7960172789849,910.2682930483118,912.8399472571534,914.3595039452234
mango_rmse,medium,2008-09-30,2008Q3,1,DEFL,480.73901994254754,455.2191261197205,25.519893822827044,480.2638053900757,480.4483774083559,480.75049398134945,481.0272318449728,481.1963659635596
mango_rmse,medium,2008-09-30,2008Q4,2,DEFL,481.1658885410473,455.45608681615494,25.709801724892372,480.341735003855,480.68398878246785,481.18167727217246,481.6621186528101,481.9583603899426
mango_rmse,medium,2008-09-30,2009Q1,3,DEFL,481.5919204250614,455.406634733688,26.185285691373394,480.3529132628063,480.87504248580115,481.6062937594677,482.27463950335226,482.77652095821776
mango_rmse,medium,2008-09-30,2009Q2,4,DEFL,482.01896970045453,455.2317782083863,26.787191492068246,480.3577612166518,481.06380078555526,482.0368397218347,482.9701466688473,483.609157930721
mango_rmse,medium,2008-09-30,2009Q3,5,DEFL,482.46590691045037,455.33925638064517,27.126650529805204,480.2956207231385,481.20275919476796,482.4946037091837,483.7352106708344,484.5756032808851
mango_rmse,medium,2008-09-30,2009Q4,6,DEFL,482.9229165116534,455.6683475771851,27.254568934468296,480.2057864573046,481.28692404041465,482.95785196569824,484.5182488233165,485.5757696301113
mango_rmse,medium,2008-09-30,2010Q1,7,DEFL,483.3945468333097,455.93984617419227,27.454700659117407,480.13641143594015,481.43817644247093,483.43569026532657,485.27740446022125,486.57855306887467
mango_rmse,medium,2008-09-30,2010Q2,8,DEFL,483.87081501085146,456.42648546620876,27.4443295446427,480.06008645136814,481.55075779650946,483.89394826910075,486.14236667820853,487.62836515806066
mango_rmse,medium,2008-09-30,2008Q3,1,FFR,2.050442417735877,1.9400000000000002,0.11044241773587671,0.6222611642941326,1.1738941534834946,2.04447282231947,2.953632902698416,3.4494630634300436
mango_rmse,medium,2008-09-30,2008Q4,2,FFR,2.086534363378015,0.5066666666666667,1.5798676967113483,-0.13715494552807095,0.759696949339589,2.1016817459274333,3.3850086176724954,4.258346558199413
mango_rmse,medium,2008-09-30,2009Q1,3,FFR,2.172246282860739,0.18333333333333335,1.9889129495274058,-0.5302413433085059,0.5649419595373556,2.2001892359599307,3.74719460491191,4.839716726672349
mango_rmse,medium,2008-09-30,2009Q2,4,FFR,2.3362150252212355,0.18000000000000002,2.1562150252212353,-0.7681235388567629,0.518070569770373,2.381027273977976,4.08257104932968,5.422771450371108
mango_rmse,medium,2008-09-30,2009Q3,5,FFR,2.4941787360351895,0.15666666666666665,2.3375120693685227,-0.95250361059333,0.4721135812343242,2.531603104314133,4.462333464367083,5.948679187342406
mango_rmse,medium,2008-09-30,2009Q4,6,FFR,2.6678254943415727,0.12,2.5478254943415726,-1.0624127998826967,0.5006744571328094,2.709809470197106,4.842029463023611,6.378048086006717
mango_rmse,medium,2008-09-30,2010Q1,7,FFR,2.8067420441937263,0.13333333333333333,2.673408710860393,-1.0626574616102356,0.49199287608442477,2.7833112079270217,5.15134105283395,6.680959452119155
mango_rmse,medium,2008-09-30,2010Q2,8,FFR,2.937644494790332,0.19333333333333336,2.7443111614569986,-1.282688534181843,0.4953548199889256,2.968216419266364,5.369134045851636,6.913866772184487
mango_rmse,medium,2008-09-30,2008Q3,1,GDP,937.8633321773425,966.2024850530005,-28.339152875657987,936.3899578186672,936.9939787601172,937.8687353292844,938.7702732557623,939.2968868495262
mango_rmse,medium,2008-09-30,2008Q4,2,GDP,938.8163475516714,963.9952057445751,-25.178858192903704,936.7192379994566,937.5758808963367,938.8115096198719,940.0826555350558,940.9329740991922
mango_rmse,medium,2008-09-30,2009Q1,3,GDP,939.7566512900636,962.8226353991014,-23.0659841090378,937.1311822022435,938.1618414912554,939.7618866411317,941.3527453130492,942.3729222765777
mango_rmse,medium,2008-09-30,2009Q2,4,GDP,940.712767816746,962.6532538909199,-21.94048607417392,937.4842237029054,938.8700236225459,940.7331144999182,942.5769573768056,943.7830633765528
mango_rmse,medium,2008-09-30,2009Q3,5,GDP,941.6324877332362,963.0145304911672,-21.382042757931004,938.12541155399,939.5207634787242,941.6047163762493,943.6866481999305,945.2648920572993
mango_rmse,medium,2008-09-30,2009Q4,6,GDP,942.5508030849705,964.0768300067851,-21.526026921814605,938.6312605775108,940.21833111073,942.5555482148477,944.9228238581934,946.4667371240688
mango_rmse,medium,2008-09-30,2010Q1,7,GDP,943.4542783925052,964.5756373732798,-21.12135898077463,939.1508102292848,940.8618933961244,943.4715765169608,945.9501429299363,947.7231817002983
mango_rmse,medium,2008-09-30,2010Q2,8,GDP,944.3201036831701,965.5386897406826,-21.218586057512425,939.7108928759046,941.5061070699136,944.3468996947234,947.0273563228037,948.9606243558098
mango_rmse,medium,2008-09-30,2008Q3,1,HOURS,479.94330706950797,463.5291936540614,16.414113415446593,478.5260897672341,479.08600148762,479.94441203030357,480.80740168249577,481.3638787331452
mango_rmse,medium,2008-09-30,2008Q4,2,HOURS,480.333655834319,460.7158208561043,19.617834978214717,478.206150744624,479.0391609928555,480.33895071512774,481.5941713333405,482.38925222697117
mango_rmse,medium,2008-09-30,2009Q1,3,HOURS,480.7912527544675,458.14920586335137,22.642046891116138,478.1282777889185,479.1856822878251,480.7947173087475,482.38495384094335,483.3712599340177
mango_rmse,medium,2008-09-30,2009Q2,4,HOURS,481.2880606493302,455.7826974477571,25.505363201573118,478.11503934434194,479.3790200563999,481.34179730890185,483.14715298776554,484.49140823433953
mango_rmse,medium,2008-09-30,2009Q3,5,HOURS,481.7953405947625,454.67568674374314,27.119653851019336,478.1981136105409,479.49478288850315,481.84038654460176,483.9753120331297,485.4777587246803
mango_rmse,medium,2008-09-30,2009Q4,6,HOURS,482.29057847415226,454.55581763068915,27.734760843463107,478.22448007452806,479.88294411503784,482.3297440675661,484.7065809640098,486.1974825370519
mango_rmse,medium,2008-09-30,2010Q1,7,HOURS,482.7620161845879,454.84940087945347,27.91261530513441,478.33074777914845,480.01916144723344,482.9139280370298,485.3439063427134,487.0972249387442
mango_rmse,medium,2008-09-30,2010Q2,8,HOURS,483.19296474683205,455.69038845785997,27.50257628897208,478.39890803817894,480.334297921566,483.29536376246364,485.99798258184154,487.84313433450336
mango_rmse,medium,2008-09-30,2008Q3,1,INV,745.5188323083337,781.8248839683592,-36.30605166002556,737.0274248109439,740.3320890852274,745.5110057124305,750.6607083905395,754.006050696848
mango_rmse,medium,2008-09-30,2008Q4,2,INV,747.4514734856409,771.7102465089438,-24.258773023302865,735.7471783861531,740.0308243447555,747.2890385352481,754.8900521196275,759.1885400744035
mango_rmse,medium,2008-09-30,2009Q1,3,INV,749.3491855458981,759.4303232463312,-10.081137700433146,735.0343943038512,740.5907195708228,749.0831675423838,758.6170643118193,764.2267238304444
mango_rmse,medium,2008-09-30,2009Q2,4,INV,751.1820846815092,753.4915957252271,-2.309511043717862,734.640712681726,740.9704432410941,750.9639614445452,761.3412987294224,768.5458767578828
mango_rmse,medium,2008-09-30,2009Q3,5,INV,753.017829733169,753.2630578079347,-0.24522807476569142,734.0506841893157,741.2663818812086,752.8279195810409,764.8695957878614,772.2118372743531
mango_rmse,medium,2008-09-30,2009Q4,6,INV,754.834833178396,762.1065806084977,-7.271747430101641,733.9016826354859,741.841038621054,754.7654169370878,767.6821417385397,776.5395426466562
mango_rmse,medium,2008-09-30,2010Q1,7,INV,756.5283922153017,764.3564839513651,-7.82809173606347,734.0802890478694,742.1581307511399,756.646222498236,770.1537441065855,780.1105428754277
mango_rmse,medium,2008-09-30,2010Q2,8,INV,758.0256881995148,769.4714244586191,-11.445736259104365,733.0514631095914,742.8755343050391,758.3510911150225,773.0109686520353,783.028789613422
mango_rmse,medium,2008-09-30,2008Q3,1,WAGE,479.43796722267234,458.23722773120875,21.200739491463594,478.30272735669246,478.74190978780433,479.44518116954595,480.13519495334936,480.6062059253042
mango_rmse,medium,2008-09-30,2008Q4,2,WAGE,479.7662392939005,461.8984329821462,17.86780631175435,478.1029460659869,478.78424561568244,479.7782536689314,480.71279344510924,481.4237142222591
mango_rmse,medium,2008-09-30,2009Q1,3,WAGE,480.10347200847093,459.9192354301555,20.18423657831545,478.0373721217037,478.8933918927324,480.1028508722833,481.3193109828261,482.2543905057437
mango_rmse,medium,2008-09-30,2009Q2,4,WAGE,480.4011806564946,461.94872065828844,18.452459998206166,478.0339446537573,478.96090279524753,480.373351570979,481.85491767624745,482.91944810858325
mango_rmse,medium,2008-09-30,2009Q3,5,WAGE,480.70229009815057,461.7928452086754,18.909444889475196,478.0767505486209,479.0794958623924,480.68374188210146,482.3046348070066,483.4173317371055
mango_rmse,medium,2008-09-30,2009Q4,6,WAGE,480.98413475683765,461.5922175624994,19.391917194338248,477.9089675824635,479.2019674373072,480.9611816817925,482.8063555650804,484.07529873243567
mango_rmse,medium,2008-09-30,2010Q1,7,WAGE,481.270772128737,460.4900149531529,20.780757175584085,477.942582826349,479.25704332212473,481.2359810143858,483.20497338211663,484.5334522187717
mango_rmse,medium,2008-09-30,2010Q2,8,WAGE,481.5370235485456,461.6337597679988,19.90326378054681,477.88884119019207,479.3316522681484,481.54312647016604,483.6866141194711,485.1004234081412
mango_rmse,medium,2008-12-31,2008Q4,1,CONS,902.8151312291092,926.3774213756642,-23.56229014655503,901.5206362689472,902.0359784398994,902.8131191252683,903.6049992367597,904.1005061324398
mango_rmse,medium,2008-12-31,2009Q1,2,CONS,903.6955031939154,926.1231470493817,-22.427643855466272,901.8411377190602,902.5724150359349,903.6919176331246,904.8073157352919,905.5901527462322
mango_rmse,medium,2008-12-31,2009Q2,3,CONS,904.5153730171482,925.6303496212205,-21.11497660407224,902.1502755346929,903.096066574153,904.5163496953317,905.9405298504861,906.9260644799439
mango_rmse,medium,2008-12-31,2009Q3,4,CONS,905.3640865860781,926.3005779585693,-20.93649137249122,902.657054998227,903.6989664292822,905.3486172025735,907.0429450348469,908.1309210645234
mango_rmse,medium,2008-12-31,2009Q4,5,CONS,906.1824298891818,926.1903449968864,-20.00791510770466,903.031467745165,904.2965881556087,906.137016307292,908.1452203068073,909.4425408631797
mango_rmse,medium,2008-12-31,2010Q1,6,CONS,907.0064401674751,926.7682152336796,-19.76177506620445,903.4898175807945,904.9092549104838,906.976589045272,909.1505067998731,910.6988643436722
mango_rmse,medium,2008-12-31,2010Q2,7,CONS,907.821842671654,927.6609738087002,-19.839131137046138,904.0300338404581,905.5298639963853,907.805005504479,910.1929811354174,911.7666581296062
mango_rmse,medium,2008-12-31,2010Q3,8,CONS,908.6007478573285,928.3718706580585,-19.771122800729927,904.4858895205791,906.0791908678774,908.5947138961919,911.1898212101186,912.850613520709
mango_rmse,medium,2008-12-31,2008Q4,1,DEFL,481.88466759609406,455.45608681615494,26.428580779939125,481.40101904736713,481.6027282679615,481.88411745113063,482.17082920397957,482.35102124664434
mango_rmse,medium,2008-12-31,2009Q1,2,DEFL,482.51673073732917,455.406634733688,27.11009600364116,481.71234934250907,482.0349683907649,482.5149322939104,483.00943580821973,483.34413003569483
mango_rmse,medium,2008-12-31,2009Q2,3,DEFL,483.15413736127704,455.2317782083863,27.92235915289075,481.9676999969999,482.43556612309925,483.1403658664826,483.8826481322368,484.383612864594
mango_rmse,medium,2008-12-31,2009Q3,4,DEFL,483.81622731615465,455.33925638064517,28.476970935509485,482.20377898754856,482.82941236517945,483.81148158691474,484.80773188832694,485.4505572736725
mango_rmse,medium,2008-12-31,2009Q4,5,DEFL,484.461439609312,455.6683475771851,28.79309203212688,482.4071270082189,483.1970727874383,484.4254058381431,485.73410935565914,486.55292934971436
mango_rmse,medium,2008-12-31,2010Q1,6,DEFL,485.11359982076846,455.93984617419227,29.173753646576188,482.57033494731843,483.58806045435466,485.0886024909824,486.6770787949476,487.6394353718665
mango_rmse,medium,2008-12-31,2010Q2,7,DEFL,485.7596138426646,456.42648546620876,29.333128376455818,482.7159929390319,483.8763613877849,485.77517396284145,487.68046792108595,488.9342159564751
mango_rmse,medium,2008-12-31,2010Q3,8,DEFL,486.41357534437265,456.7281385445278,29.685436799844865,482.79158678948437,484.2239616826901,486.3927475812644,488.6279099834639,490.13197966865624
mango_rmse,medium,2008-12-31,2008Q4,1,FFR,2.0451941268106464,0.5066666666666667,1.5385274601439796,0.5872992234310423,1.1360076453109775,2.052591344750798,2.95732269837785,3.4991526256569476
mango_rmse,medium,2008-12-31,2009Q1,2,FFR,2.252732006425806,0.18333333333333335,2.069398673092473,0.12624960435678376,0.9743663638102138,2.2193486038304755,3.531988652657592,4.4321309800778845
mango_rmse,medium,2008-12-31,2009Q2,3,FFR,2.4498897339986354,0.18000000000000002,2.2698897339986353,-0.1614193504647111,0.8392496253500223,2.431285611649395,4.055054273692204,5.059378175916726
mango_rmse,medium,2008-12-31,2009Q3,4,FFR,2.646357500550931,0.15666666666666665,2.4896908338842643,-0.46234632126193437,0.8255349017032803,2.6346839846636056,4.600343352642514,5.732404428983676
mango_rmse,medium,2008-12-31,2009Q4,5,FFR,2.87349226656009,0.12,2.75349226656009,-0.5487904593400087,0.8435551029956958,2.8863089696119113,4.965251338092385,6.238158091912498
mango_rmse,medium,2008-12-31,2010Q1,6,FFR,3.0545755288407523,0.13333333333333333,2.921242195507419,-0.5209243214178738,0.8725263088983178,3.0311227117507835,5.243133985939219,6.708985422335087
mango_rmse,medium,2008-12-31,2010Q2,7,FFR,3.263910479642394,0.19333333333333336,3.0705771463090605,-0.752923760470561,0.9127072481064477,3.28980642606904,5.595088554603962,7.253303329534099
mango_rmse,medium,2008-12-31,2010Q3,8,FFR,3.4102480044904935,0.18666666666666668,3.223581337823827,-0.8539967447140654,0.9824318877001762,3.418498254853526,5.874153582772961,7.552525260796666
mango_rmse,medium,2008-12-31,2008Q4,1,GDP,937.8073423417704,963.9952057445751,-26.187863402804624,936.3841745750829,936.9103850104535,937.7926096952829,938.6945260720853,939.3220022909312
mango_rmse,medium,2008-12-31,2009Q1,2,GDP,938.7761796963146,962.8226353991014,-24.04645570278683,936.7020043521246,937.5055212890726,938.7695603646291,940.0334357878772,940.8855234012985
mango_rmse,medium,2008-12-31,2009Q2,3,GDP,939.6227562610875,962.6532538909199,-23.03049762983244,937.0274086218168,938.0020870185691,939.6251029791761,941.240753658833,942.2875893209218
mango_rmse,medium,2008-12-31,2009Q3,4,GDP,940.4817451122672,963.0145304911672,-22.53278537890003,937.2785278994352,938.6406304648033,940.4558811262068,942.3251548335871,943.6549085689687
mango_rmse,medium,2008-12-31,2009Q4,5,GDP,941.3289051478789,964.0768300067851,-22.74792485890623,937.7513222016626,939.1496529526612,941.303968376527,943.4444236149792,944.861385818703
mango_rmse,medium,2008-12-31,2010Q1,6,GDP,942.1839471853848,964.5756373732798,-22.39169018789505,938.3015989292854,939.8112507283644,942.2220062769649,944.5098345838995,945.9540652015996
mango_rmse,medium,2008-12-31,2010Q2,7,GDP,943.040963667778,965.5386897406826,-22.497726072904584,938.673535970923,940.4596028554096,943.1757783437583,945.5888020794257,947.1234254911685
mango_rmse,medium,2008-12-31,2010Q3,8,GDP,943.8482129708484,966.3088604477673,-22.460647476918894,939.0270710847917,941.046915277401,943.8476173981046,946.6625002292967,948.307562785732
mango_rmse,medium,2008-12-31,2008Q4,1,HOURS,479.1979083706712,460.7158208561043,18.4820875145669,477.77419115968115,478.3592666453586,479.19268466144945,480.0568887159304,480.65951077165766
mango_rmse,medium,2008-12-31,2009Q1,2,HOURS,479.58452321996623,458.14920586335137,21.43531735661486,477.4512848067202,478.35624847546103,479.5625336415459,480.8206304410652,481.6463039285597
mango_rmse,medium,2008-12-31,2009Q2,3,HOURS,479.9769417127825,455.7826974477571,24.194244265025418,477.3339014436357,478.39220502775487,479.99183344313985,481.5001608096839,482.6838888861287
mango_rmse,medium,2008-12-31,2009Q3,4,HOURS,480.43956486670265,454.67568674374314,25.76387812295951,477.2047881739367,478.6212411744623,480.44097335033945,482.3419378079651,483.6549064152481
mango_rmse,medium,2008-12-31,2009Q4,5,HOURS,480.9031916838647,454.55581763068915,26.347374053175542,477.28434204825464,478.74141014491164,480.9043755966155,483.0321397499305,484.4613476070627
mango_rmse,medium,2008-12-31,2010Q1,6,HOURS,481.3441778071789,454.84940087945347,26.49477692772541,477.3944280707452,478.95509198437065,481.37025205925096,483.7322070923193,485.24570392745403
mango_rmse,medium,2008-12-31,2010Q2,7,HOURS,481.8107051317234,455.69038845785997,26.120316673863442,477.50573512527916,479.1157187638144,481.8617515103275,484.40229028200815,486.06588964422554
mango_rmse,medium,2008-12-31,2010Q3,8,HOURS,482.23426368382474,456.0883864276619,26.145877256162862,477.56166110691703,479.3656056430423,482.2840021201792,485.0541574151417,486.6546447145002
mango_rmse,medium,2008-12-31,2008Q4,1,INV,746.135797511752,771.7102465089438,-25.57444899719178,738.0488185820285,740.9489002444725,746.0156232840964,751.2113466837201,754.9052816116904
mango_rmse,medium,2008-12-31,2009Q1,2,INV,748.0624125956651,759.4303232463312,-11.36791065066609,735.6812436277403,740.7426907637021,748.0003327066561,755.3449096610952,760.2746026978829
mango_rmse,medium,2008-12-31,2009Q2,3,INV,749.6076496156277,753.4915957252271,-3.8839461095993784,734.4879972133949,740.475490253724,749.7424150747315,758.6887766541699,765.1166403274412
mango_rmse,medium,2008-12-31,2009Q3,4,INV,751.383692871178,753.2630578079347,-1.8793649367567014,733.7230182818844,740.4674181011658,751.6465601192201,761.6385384242242,768.8820604655762
mango_rmse,medium,2008-12-31,2009Q4,5,INV,753.0632709356106,762.1065806084977,-9.043309672887062,732.9459842758638,741.2309437355574,753.129894377196,764.7141285369829,773.2235236105892
mango_rmse,medium,2008-12-31,2010Q1,6,INV,754.5614048977407,764.3564839513651,-9.795079053624477,732.2887717528256,741.6867100267052,754.7965007052331,767.1625968202542,775.8662589336988
mango_rmse,medium,2008-12-31,2010Q2,7,INV,756.1127146517474,769.4714244586191,-13.35870980687173,731.8926669008323,742.580424491089,756.5136522283643,770.0375207593991,778.3735190645233
mango_rmse,medium,2008-12-31,2010Q3,8,INV,757.4596165723655,773.8345192890719,-16.3749027167064,731.2069662276857,742.6477457635277,758.0106507076796,772.3664095898209,781.2438393047044
mango_rmse,medium,2008-12-31,2008Q4,1,WAGE,478.05927627158076,461.8984329821462,16.16084328943458,476.90788265822437,477.3726864070807,478.06482435863967,478.7171009428722,479.2162497231468
mango_rmse,medium,2008-12-31,2009Q1,2,WAGE,478.3361170931355,459.9192354301555,18.416881662980018,476.7319597460422,477.34662692006856,478.3226126242522,479.3479716658502,479.96653539568007
mango_rmse,medium,2008-12-31,2009Q2,3,WAGE,478.5366251030639,461.94872065828844,16.58790444477546,476.48120993938534,477.28400344400507,478.5211572940048,479.8219264767936,480.6843470527744
mango_rmse,medium,2008-12-31,2009Q3,4,WAGE,478.75651888454917,461.7928452086754,16.963673675873792,476.37487805159003,477.323472886807,478.73532902449404,480.25621658124726,481.17783180606864
mango_rmse,medium,2008-12-31,2009Q4,5,WAGE,479.0007796295405,461.5922175624994,17.40856206704109,476.2131413548439,477.327566682478,478.9986649790586,480.69330712805987,481.6739696722514
mango_rmse,medium,2008-12-31,2010Q1,6,WAGE,479.1812508438813,460.4900149531529,18.691235890728365,476.11531544539145,477.3406127090131,479.18852658954177,481.06522852620367,482.23692125610864
mango_rmse,medium,2008-12-31,2010Q2,7,WAGE,479.3860632065408,461.6337597679988,17.752303438542015,476.02565990343066,477.34786199184595,479.3839158987552,481.42875271628276,482.81771650323793
mango_rmse,medium,2008-12-31,2010Q3,8,WAGE,479.59407135339177,461.92505901960953,17.669012333782234,475.98662505078914,477.45140654212156,479.5206320442977,481.76104013326375,483.3300107527888
mango_rmse,medium,2009-03-31,2009Q1,1,CONS,901.7242835367326,926.1231470493817,-24.398863512649086,900.3963076135445,900.9130002389405,901.7244601329571,902.533517085016,903.0313669258652
mango_rmse,medium,2009-03-31,2009Q2,2,CONS,902.5724999663414,925.6303496212205,-23.057849654879078,900.6463881412224,901.418506985533,902.6258984215731,903.6718944337543,904.4306342858334
mango_rmse,medium,2009-03-31,2009Q3,3,CONS,903.4767431678134,926.3005779585693,-22.823834790755882,901.0793849418466,902.0073917791082,903.5353418056175,904.9366591983589,905.843789703442
mango_rmse,medium,2009-03-31,2009Q4,4,CONS,904.3356503406441,926.1903449968864,-21.854694656242373,901.423306622373,902.6294538723683,904.3801991447508,906.0409716568753,907.1088991653226
mango_rmse,medium,2009-03-31,2010Q1,5,CONS,905.1815810889868,926.7682152336796,-21.586634144692766,901.8783990844114,903.2368370418295,905.1751481848494,907.1781367953216,908.32974783701
mango_rmse,medium,2009-03-31,2010Q2,6,CONS,906.0448639008316,927.6609738087002,-21.616109907868577,902.3993950958537,903.7538701670102,906.0708574582272,908.310594929754,909.6954673298516
mango_rmse,medium,2009-03-31,2010Q3,7,CONS,906.8790145862973,928.3718706580585,-21.49285607176114,902.7760645570808,904.3875188431088,906.9118116847546,909.3177026536987,910.8922786586231
mango_rmse,medium,2009-03-31,2010Q4,8,CONS,907.7124550726925,928.9828956921305,-21.270440619437977,903.2362316533984,905.0324373878559,907.7454215521203,910.3069125843529,912.0114014957772
mango_rmse,medium,2009-03-31,2009Q1,1,DEFL,481.80926104154975,455.406634733688,26.402626307861738,481.3462902265989,481.5284535021483,481.80219514988846,482.0909328449814,482.28210517144635
mango_rmse,medium,2009-03-31,2009Q2,2,DEFL,482.18188305140535,455.2317782083863,26.950104843019062,481.37816382383846,481.67989210094504,482.17414621963496,482.680670828661,483.01383092166395
mango_rmse,medium,2009-03-31,2009Q3,3,DEFL,482.5529892153693,455.33925638064517,27.213732834724112,481.36731377301373,481.80195657602536,482.5503181084089,483.2978447017629,483.76981174680225
mango_rmse,medium,2009-03-31,2009Q4,4,DEFL,482.8923567026384,455.6683475771851,27.22400912545328,481.26199399607384,481.8962608736481,482.88325767648996,483.93426763831224,484.5286192977013
mango_rmse,medium,2009-03-31,2010Q1,5,DEFL,483.27164434018493,455.93984617419227,27.331798165992666,481.17351392846984,481.9534396485315,483.2639490089457,484.6041355094041,485.4431459734784
mango_rmse,medium,2009-03-31,2010Q2,6,DEFL,483.6466214132057,456.42648546620876,27.220135946996947,481.07538440870945,482.0797932391644,483.6184309262724,485.3301579833536,486.410458973803
mango_rmse,medium,2009-03-31,2010Q3,7,DEFL,484.0339250258608,456.7281385445278,27.30578648133303,480.93920235844274,482.13420014109465,483.98443506046,485.9956513708458,487.401436049815
mango_rmse,medium,2009-03-31,2010Q4,8,DEFL,484.43841915428624,457.3122088019198,27.126210352366456,480.81094579498546,482.22418329953433,484.3828095219165,486.7642583212955,488.3771595548109
mango_rmse,medium,2009-03-31,2009Q1,1,FFR,0.4381184987117649,0.18333333333333335,0.25478516537843154,-1.0703481058100195,-0.4623296061834092,0.46009894584012,1.3552128337905018,1.9182028957367454
mango_rmse,medium,2009-03-31,2009Q2,2,FFR,0.4378242913241345,0.18000000000000002,0.2578242913241344,-1.750799911876461,-0.8750420752341042,0.4430413957269953,1.7927896734172641,2.6785336728751923
mango_rmse,medium,2009-03-31,2009Q3,3,FFR,0.5547345065615106,0.15666666666666665,0.39806783989484396,-2.1715984418846914,-1.118817415877141,0.5968329128507648,2.180161289126446,3.3208645268423154
mango_rmse,medium,2009-03-31,2009Q4,4,FFR,0.7323281903481184,0.12,0.6123281903481184,-2.4226225681713913,-1.2026279112094882,0.7520426954414363,2.5666999235605754,3.943368446091618
mango_rmse,medium,2009-03-31,2010Q1,5,FFR,0.9317437350521665,0.13333333333333333,0.7984104017188332,-2.721893626007312,-1.2129911266313338,0.9641224053379426,3.0602204720016717,4.390875486122069
mango_rmse,medium,2009-03-31,2010Q2,6,FFR,1.1572638982438033,0.19333333333333336,0.9639305649104699,-2.7499133036580488,-1.1414941576859363,1.1878688375598925,3.4770297706355495,4.928099174486001
mango_rmse,medium,2009-03-31,2010Q3,7,FFR,1.3274690128061268,0.18666666666666668,1.14080234613946,-2.780171556643081,-1.1274541842656005,1.339000642946847,3.752301546054155,5.521410769565406
mango_rmse,medium,2009-03-31,2010Q4,8,FFR,1.5101619146158705,0.18666666666666668,1.3234952479492037,-2.9207838341717043,-1.02945450520974,1.5316438599211009,4.110637121849536,5.838912219934783
mango_rmse,medium,2009-03-31,2009Q1,1,GDP,935.9694136448337,962.8226353991014,-26.85322175426768,934.4795355409668,935.088547554171,935.9777894062968,936.831353893434,937.4385605948588
mango_rmse,medium,2009-03-31,2009Q2,2,GDP,936.8114068846498,962.6532538909199,-25.841847006270086,934.7247329165556,935.5182660782615,936.8313714665074,938.0686138453215,938.9107483192375
mango_rmse,medium,2009-03-31,2009Q3,3,GDP,937.7206314694345,963.0145304911672,-25.293899021732727,934.8889846468938,936.0964133481626,937.7494346355838,939.3655245028623,940.4965553204689
mango_rmse,medium,2009-03-31,2009Q4,4,GDP,938.6631708499756,964.0768300067851,-25.41365915680956,935.430171127299,936.742977059916,938.6333730498304,940.627709357794,941.940191950164
mango_rmse,medium,2009-03-31,2010Q1,5,GDP,939.5749280268823,964.5756373732798,-25.00070934639757,935.8981216455364,937.4119475032472,939.6190073939624,941.7732060136859,943.138079601943
mango_rmse,medium,2009-03-31,2010Q2,6,GDP,940.4993016359554,965.5386897406826,-25.03938810472721,936.4739240266825,938.0709759581514,940.533020308713,942.8616059547327,944.4455660184825
mango_rmse,medium,2009-03-31,2010Q3,7,GDP,941.3563337332421,966.3088604477673,-24.95252671452522,936.8721713025423,938.6603981775141,941.4669008800729,943.9409901116748,945.64456347984
mango_rmse,medium,2009-03-31,2010Q4,8,GDP,942.231826126415,966.8271103692053,-24.5952842427904,937.5726795538856,939.2157793567326,942.3225171192278,945.0936172193216,946.8495923437546
mango_rmse,medium,2009-03-31,2009Q1,1,HOURS,476.36894193246036,458.14920586335137,18.21973606910899,474.92222248294195,475.4928603996237,476.3643637757036,477.26284820972796,477.7978428856529
mango_rmse,medium,2009-03-31,2009Q2,2,HOURS,476.55550490401396,455.7826974477571,20.772807456256885,474.4524475072154,475.2253130657058,476.5402081669531,477.89339112625066,478.6561652829764
mango_rmse,medium,2009-03-31,2009Q3,3,HOURS,476.90136162519195,454.67568674374314,22.22567488144881,474.16905144548656,475.3015123494265,476.8822202037487,478.5530348845068,479.7521908842717
mango_rmse,medium,2009-03-31,2009Q4,4,HOURS,477.2838177827856,454.55581763068915,22.728000152096456,474.06650269302037,475.28802705354485,477.2917115487382,479.24694829663457,480.6456825338936
mango_rmse,medium,2009-03-31,2010Q1,5,HOURS,477.7521856238864,454.84940087945347,22.90278474443295,473.982404384379,475.46987189778156,477.7705010208464,480.03377341059337,481.56976036328075
mango_rmse,medium,2009-03-31,2010Q2,6,HOURS,478.20234163568006,455.69038845785997,22.51195317782009,474.02971019265857,475.6512622569966,478.2141512418205,480.6174666110682,482.65285085383215
mango_rmse,medium,2009-03-31,2010Q3,7,HOURS,478.616377429067,456.0883864276619,22.5279910014051,474.06447746445673,475.8521934317052,478.63278485933256,481.32007948668917,483.2264412451124
mango_rmse,medium,2009-03-31,2010Q4,8,HOURS,479.0401044373828,456.58366664724116,22.45643779014165,474.1069496183175,476.0135285565654,479.09476636345414,482.0429617798179,483.94997184267146
mango_rmse,medium,2009-03-31,2009Q1,1,INV,738.4714151204362,759.4303232463312,-20.95890812589505,730.408077518114,733.406087720878,738.2690925959145,743.7293052317698,747.2974137399718
mango_rmse,medium,2009-03-31,2009Q2,2,INV,740.2807125902962,753.4915957252271,-13.210883134930896,727.814557811548,732.561984436601,740.3017715235201,747.8825983818756,752.8614082852399
mango_rmse,medium,2009-03-31,2009Q3,3,INV,742.419590508172,753.2630578079347,-10.843467299762779,726.8914168873682,732.9171312594339,742.3468772357622,751.8180694731133,758.1955700798227
mango_rmse,medium,2009-03-31,2009Q4,4,INV,744.4583835018789,762.1065806084977,-17.648197106618795,727.2186275583608,733.2545625643621,744.2700777103729,755.7346660009272,762.8311529808796
mango_rmse,medium,2009-03-31,2010Q1,5,INV,746.4812780870972,764.3564839513651,-17.87520586426797,727.1322728277463,734.3839346488033,746.4190869330804,758.4431449461867,766.188529643666
mango_rmse,medium,2009-03-31,2010Q2,6,INV,748.4413496259369,769.4714244586191,-21.030074832682203,726.1779067922356,735.0040942761046,748.6939048455004,762.0304909532927,769.4226754759147
mango_rmse,medium,2009-03-31,2010Q3,7,INV,750.0788193584837,773.8345192890719,-23.755699930588207,726.279297316679,735.3692829629724,750.3584912652937,764.4919094800911,773.8059744499556
mango_rmse,medium,2009-03-31,2010Q4,8,INV,751.7417942476054,773.5154467461025,-21.773652498497086,726.0349972339163,736.2939852282796,752.1097765397026,767.4452274505044,777.226880045724
mango_rmse,medium,2009-03-31,2009Q1,1,WAGE,482.47204206485964,459.9192354301555,22.552806634704154,481.211335717915,481.6907447705604,482.4746856841214,483.22590676038465,483.6933176963556
mango_rmse,medium,2009-03-31,2009Q2,2,WAGE,482.9238993776918,461.94872065828844,20.975178719403345,481.13355860276033,481.78161423624374,482.9206559081907,484.02787913783595,484.6969564028532
mango_rmse,medium,2009-03-31,2009Q3,3,WAGE,483.38113258427774,461.7928452086754,21.588287375602363,481.18735920589035,482.08320080674287,483.3459065688837,484.7265393751243,485.606214001075
mango_rmse,medium,2009-03-31,2009Q4,4,WAGE,483.7769338361851,461.5922175624994,22.184716273685694,481.22753150655524,482.2418942417389,483.78982425698877,485.29107797092144,486.39506037477366
mango_rmse,medium,2009-03-31,2010Q1,5,WAGE,484.1448445233034,460.4900149531529,23.65482957015047,481.2026833877788,482.3962201581457,484.1697085056689,485.82583689193825,487.1487759776944
mango_rmse,medium,2009-03-31,2010Q2,6,WAGE,484.5205841963956,461.6337597679988,22.88682442839678,481.2623377532295,482.54822236209185,484.48978426895576,486.47784956172615,487.8785100732392
mango_rmse,medium,2009-03-31,2010Q3,7,WAGE,484.9317937544748,461.92505901960953,23.00673473486529,481.532651065334,482.6960886595447,484.90067194950973,487.0581562215209,488.4523185457023
mango_rmse,medium,2009-03-31,2010Q4,8,WAGE,485.29025617244906,461.51106158021446,23.779194592234603,481.477866309553,482.92231315178657,485.2877142699427,487.66143254408667,489.21607169542847
mango_rmse,medium,2009-06-30,2009Q2,1,CONS,901.9192288882338,925.6303496212205,-23.71112073298673,900.6142786324995,901.0885246681403,901.9236904621976,902.7274639564888,903.2309568470727
mango_rmse,medium,2009-06-30,2009Q3,2,CONS,902.6837292389924,926.3005779585693,-23.616848719576865,900.6907172207568,901.5306068012962,902.6929264217783,903.8568865126899,904.5919037264954
mango_rmse,medium,2009-06-30,2009Q4,3,CONS,903.503322392507,926.1903449968864,-22.687022604379422,901.071938391491,901.9983968199475,903.5668730322093,904.9166967922492,905.9391744887326
mango_rmse,medium,2009-06-30,2010Q1,4,CONS,904.3330539738347,926.7682152336796,-22.435161259844904,901.5267622543062,902.6214870327494,904.3249630398859,906.0457162085585,907.2495621932018
mango_rmse,medium,2009-06-30,2010Q2,5,CONS,905.1729572130814,927.6609738087002,-22.488016595618774,901.9094270036935,903.2245814985799,905.1573728043903,907.1765666340292,908.4598915593157
mango_rmse,medium,2009-06-30,2010Q3,6,CONS,905.9916575636211,928.3718706580585,-22.38021309443741,902.3890276353934,903.7794976088044,905.9653870846882,908.1679616139609,909.6785437963641
mango_rmse,medium,2009-06-30,2010Q4,7,CONS,906.813388475048,928.9828956921305,-22.16950721708247,902.6901526563407,904.454177592071,906.8222003873002,909.2250831475453,910.6932097370812
mango_rmse,medium,2009-06-30,2011Q1,8,CONS,907.6073316590255,929.3641365665912,-21.756804907565765,903.2631995706852,905.0064693745833,907.588624977479,910.1843552775796,911.9171342950343
mango_rmse,medium,2009-06-30,2009Q2,1,DEFL,482.5578998927249,455.2317782083863,27.326121684338602,482.05834770061807,482.266260672401,482.55278425832614,482.8642645557292,483.0407341029688
mango_rmse,medium,2009-06-30,2009Q3,2,DEFL,483.02527215006864,455.33925638064517,27.686015769423477,482.19053326982936,482.5236910044238,483.019770369648,483.52172414192086,483.8616361780286
mango_rmse,medium,2009-06-30,2009Q4,3,DEFL,483.4638137632409,455.6683475771851,27.79546618605582,482.25072287753727,482.7133259250225,483.4529525341396,484.19802155448247,484.663031236606
mango_rmse,medium,2009-06-30,2010Q1,4,DEFL,483.9241667643931,455.93984617419227,27.98432059020081,482.20769873483647,482.93770141210797,483.8982078151465,484.9279479405491,485.6215938837226
mango_rmse,medium,2009-06-30,2010Q2,5,DEFL,484.3682949819106,456.42648546620876,27.941809515701834,482.22042751108086,483.10848116050005,484.34320159320396,485.6590185570989,486.57233659422906
mango_rmse,medium,2009-06-30,2010Q3,6,DEFL,484.8223058945922,456.7281385445278,28.094167350064424,482.20078316817427,483.236025575062,484.77893846218365,486.4309050829895,487.5927000672612
mango_rmse,medium,2009-06-30,2010Q4,7,DEFL,485.2773309037826,457.3122088019198,27.965122101862846,482.12049074831725,483.32483101066805,485.23514818188136,487.2390886951193,488.6297686588835
mango_rmse,medium,2009-06-30,2011Q1,8,DEFL,485.7455594918914,457.8271642119391,27.918395279952335,481.91295488598956,483.45866394201585,485.71741048218513,488.05013435065104,489.7286525385384
mango_rmse,medium,2009-06-30,2009Q2,1,FFR,0.11472272181252247,0.18000000000000002,-0.06527727818747756,-1.337834837622084,-0.75501214163099,0.08245204802235903,1.0152927771056228,1.6125978290964806
mango_rmse,medium,2009-06-30,2009Q3,2,FFR,0.17572479072569344,0.15666666666666665,0.019058124059026793,-2.032529086601149,-1.1334028651364758,0.18189295126719157,1.4914409888695914,2.3391059286355667
mango_rmse,medium,2009-06-30,2009Q4,3,FFR,0.37986720650395384,0.12,0.25986720650395384,-2.4223829912329435,-1.3242425029096112,0.3980282319927452,2.073519073721221,3.149678713608753
mango_rmse,medium,2009-06-30,2010Q1,4,FFR,0.5818553185635726,0.13333333333333333,0.44852198523023934,-2.6274304215895476,-1.3482889390431305,0.6237323629553898,2.486769563020867,3.857408045966197
mango_rmse,medium,2009-06-30,2010Q2,5,FFR,0.8106736021542468,0.19333333333333336,0.6173402688209134,-2.865467117781203,-1.3180648224007052,0.7792830398667632,2.953446676075125,4.374223188050658
mango_rmse,medium,2009-06-30,2010Q3,6,FFR,1.0329036995959768,0.18666666666666668,0.8462370329293102,-2.850376877408082,-1.303738841835176,1.015612602529072,3.3679106114358723,5.0170611552945195
mango_rmse,medium,2009-06-30,2010Q4,7,FFR,1.2567797468610347,0.18666666666666668,1.070113080194368,-2.895907571403776,-1.2877524315887556,1.2466764877414187,3.78742746609174,5.553287152433309
mango_rmse,medium,2009-06-30,2011Q1,8,FFR,1.455751226851289,0.15666666666666668,1.2990845601846224,-3.0377057335478836,-1.249938464129123,1.4248253926177092,4.213837855603442,5.920711160712565
mango_rmse,medium,2009-06-30,2009Q2,1,GDP,934.4956350116895,962.6532538909199,-28.157618879230427,932.9836404177433,933.5683168655864,934.4957704747719,935.4431863685651,936.0097659655709
mango_rmse,medium,2009-06-30,2009Q3,2,GDP,935.2917894637328,963.0145304911672,-27.72274102743438,933.1159226384134,933.9172294726802,935.2845861616033,936.6391276544557,937.5186603057776
mango_rmse,medium,2009-06-30,2009Q4,3,GDP,936.1424912625579,964.0768300067851,-27.93433874422726,933.3285091657692,934.432764675822,936.1658285649787,937.8608090408177,938.8882279130194
mango_rmse,medium,2009-06-30,2010Q1,4,GDP,936.9625905092997,964.5756373732798,-27.613046863980117,933.5555499352313,935.0382754806188,936.9684708886449,938.9712730797827,940.1461558726767
mango_rmse,medium,2009-06-30,2010Q2,5,GDP,937.8146422861657,965.5386897406826,-27.724047454516835,934.0772348748114,935.6327998934596,937.8586507183533,940.0538957378003,941.5211361772303
mango_rmse,medium,2009-06-30,2010Q3,6,GDP,938.7048710475335,966.3088604477673,-27.603989400233786,934.635111776753,936.2175132400746,938.7122316394805,941.2090019251465,942.768154685958
mango_rmse,medium,2009-06-30,2010Q4,7,GDP,939.5577780287246,966.8271103692053,-27.269332340480787,934.882185850989,936.7994951737156,939.6003989747015,942.3191668917334,943.9405335274647
mango_rmse,medium,2009-06-30,2011Q1,8,GDP,940.3671270902878,966.5859036314018,-26.21877654111404,935.4848645470726,937.4003383545175,940.4059147288042,943.3395630358616,945.1759944151246
mango_rmse,medium,2009-06-30,2009Q2,1,HOURS,473.86731364406296,455.7826974477571,18.084616196305888,472.421164662167,473.01581192787415,473.8692179197855,474.7301863291623,475.2902975731963
mango_rmse,medium,2009-06-30,2009Q3,2,HOURS,473.96061253483873,454.67568674374314,19.28492579109559,471.76218984430324,472.7009179187282,473.979524138485,475.22552482929086,476.11064163455654
mango_rmse,medium,2009-06-30,2009Q4,3,HOURS,474.2128789977569,454.55581763068915,19.65706136706774,471.4427977208453,472.4827756142979,474.27672843241896,475.8924231522252,477.03306953018676
mango_rmse,medium,2009-06-30,2010Q1,4,HOURS,474.5394637032969,454.84940087945347,19.690062823843448,471.1169042121756,472.4316662214915,474.5297291592515,476.61442319697244,477.9344568989314
mango_rmse,medium,2009-06-30,2010Q2,5,HOURS,474.937072173966,455.69038845785997,19.24668371610602,471.0342832583745,472.58867806312276,474.92365783089264,477.25448385081074,478.8188547541311
mango_rmse,medium,2009-06-30,2010Q3,6,HOURS,475.3419051703418,456.0883864276619,19.253518742679944,471.0152434466508,472.7618061797668,475.412041924236,477.927021226575,479.5639722571583
mango_rmse,medium,2009-06-30,2010Q4,7,HOURS,475.71436179454474,456.58366664724116,19.130695147303584,470.84128826819483,472.913680984881,475.7789468755336,478.53867693354465,480.219732725101
mango_rmse,medium,2009-06-30,2011Q1,8,HOURS,476.0828017222525,456.76655994468166,19.316241777570838,471.03228535157064,473.00371819390097,476.1166029008036,479.1689580851755,481.0384933052591
mango_rmse,medium,2009-06-30,2009Q2,1,INV,721.6949611569561,753.4915957252271,-31.796634568270974,712.7722178831222,716.4989991803908,721.687316005567,727.0467474339896,730.4881812944423
mango_rmse,medium,2009-06-30,2009Q3,2,INV,723.0598610966412,753.2630578079347,-30.20319671129357,710.2928534433162,715.4701860736136,723.1294385865378,730.7776339343768,735.7146661819362
mango_rmse,medium,2009-06-30,2009Q4,3,INV,724.6771961688881,762.1065806084977,-37.42938443960952,708.5541063444524,715.1399295947473,724.8225358285154,734.13065953612,740.0459085792472
mango_rmse,medium,2009-06-30,2010Q1,4,INV,726.267233983042,764.3564839513651,-38.08924996832309,707.9574044421076,715.5104328336578,726.3171943617762,737.004178987312,744.0725226640864
mango_rmse,medium,2009-06-30,2010Q2,5,INV,727.8805810286012,769.4714244586191,-41.59084343001791,707.1457500638375,715.8966221231381,728.064983341309,740.1890797416219,747.8456331141884
mango_rmse,medium,2009-06-30,2010Q3,6,INV,729.7213412543504,773.8345192890719,-44.1131780347215,706.5670251419158,716.5602033957063,729.9674984545593,742.681676839249,751.3510594806753
mango_rmse,medium,2009-06-30,2010Q4,7,INV,731.3528330315002,773.5154467461025,-42.162613714602344,706.639025168875,716.7404127197339,731.9179131523017,745.89554451592,754.5870483884382
mango_rmse,medium,2009-06-30,2011Q1,8,INV,732.7728256421705,771.6122658380344,-38.83944019586397,706.6384559284598,716.9714746725524,733.0329061239116,748.1419898228129,757.810786772881
mango_rmse,medium,2009-06-30,2009Q2,1,WAGE,483.94580225872346,461.94872065828844,21.997081600435024,482.71007307086984,483.2142474469422,483.94314661094825,484.6914552688227,485.1308583148937
mango_rmse,medium,2009-06-30,2009Q3,2,WAGE,484.3953070265056,461.7928452086754,22.602461817830203,482.72201076501506,483.3565012328105,484.4003449218879,485.42943277676414,486.0998119205878
mango_rmse,medium,2009-06-30,2009Q4,3,WAGE,484.79904763402726,461.5922175624994,23.20683007152786,482.6250405343681,483.4664503459392,484.8263516464592,486.11876639192053,487.03185355521754
mango_rmse,medium,2009-06-30,2010Q1,4,WAGE,485.23006413140143,460.4900149531529,24.740049178248512,482.5870552206688,483.649418577787,485.26641829135104,486.729859586252,487.8273102328866
mango_rmse,medium,2009-06-30,2010Q2,5,WAGE,485.61373222846817,461.6337597679988,23.979972460469355,482.6601506333257,483.79239713262234,485.6635539036453,487.331014830623,488.5838160546749
mango_rmse,medium,2009-06-30,2010Q3,6,WAGE,486.01006623577524,461.92505901960953,24.085007216165707,482.6979146193369,483.9585472995497,486.04953788916976,487.9925331012781,489.4255529231872
mango_rmse,medium,2009-06-30,2010Q4,7,WAGE,486.3908197898779,461.51106158021446,24.879758209663464,482.63190512689715,484.1435685117524,486.43306882315176,488.5758147577516,490.08607028200464
mango_rmse,medium,2009-06-30,2011Q1,8,WAGE,486.772259415921,462.24696830661526,24.525291109305726,482.7975218056001,484.2698719394369,486.7702202087546,489.18843773486714,490.76941389204666
mango_rmse,medium,2009-09-30,2009Q3,1,CONS,913.3429814225365,926.3005779585693,-12.957596536032838,912.0219363172324,912.5329467517056,913.3440848097246,914.1532462338205,914.6768999277048
mango_rmse,medium,2009-09-30,2009Q4,2,CONS,914.1526335273298,926.1903449968864,-12.037711469556598,912.2554431443953,913.0242718289599,914.1191398695187,915.3686095600629,916.2291105426365
mango_rmse,medium,2009-09-30,2010Q1,3,CONS,914.9934136495372,926.7682152336796,-11.774801584142438,912.5665862541791,913.5095046913798,914.9890769962984,916.4720290491678,917.4528886718584
mango_rmse,medium,2009-09-30,2010Q2,4,CONS,915.9266776806331,927.6609738087002,-11.734296128067058,913.0260481804772,914.2179368790548,915.9268473191803,917.6164331828252,918.8584212763262
mango_rmse,medium,2009-09-30,2010Q3,5,CONS,916.797133093408,928.3718706580585,-11.57473756465049,913.4826488638869,914.8547161177625,916.7731748201902,918.7896361458802,920.0927354805666
mango_rmse,medium,2009-09-30,2010Q4,6,CONS,917.6557848739998,928.9828956921305,-11.327110818130677,913.9499245848165,915.5142703797413,917.6352485784525,919.849429979751,921.3612175028325
mango_rmse,medium,2009-09-30,2011Q1,7,CONS,918.5031055858042,929.3641365665912,-10.861030980787064,914.2492030471255,916.1025652558088,918.545352854351,920.9059850838437,922.5337008895406
mango_rmse,medium,2009-09-30,2011Q2,8,CONS,919.3640961386274,929.4669847547688,-10.1028886161414,914.6871652360499,916.70868213996,919.3824002408246,921.9664775806469,923.8286210914999
mango_rmse,medium,2009-09-30,2009Q3,1,DEFL,469.9504256931431,455.33925638064517,14.611169312497907,469.4642775571698,469.65570165411293,469.94765607046486,470.23968311782846,470.4170202830818
mango_rmse,medium,2009-09-30,2009Q4,2,DEFL,470.0790798612061,455.6683475771851,14.41073228402098,469.2726258805586,469.59827076948744,470.0714220071419,470.5596138308499,470.90200450861647
mango_rmse,medium,2009-09-30,2010Q1,3,DEFL,470.21691286207505,455.93984617419227,14.27706668788278,469.01325425040915,469.4750527189417,470.2183989792257,470.9288231108891,471.4282965610163
mango_rmse,medium,2009-09-30,2010Q2,4,DEFL,470.34315035507717,456.42648546620876,13.91666488886841,468.6823226215813,469.3142171667396,470.33449253849983,471.3627919535509,471.9893477861215
mango_rmse,medium,2009-09-30,2010Q3,5,DEFL,470.4993363774313,456.7281385445278,13.77119783290351,468.34157961488864,469.16049090312595,470.50021914646214,471.82458887979243,472.63876575998745
mango_rmse,medium,2009-09-30,2010Q4,6,DEFL,470.6612522478202,457.3122088019198,13.349043445900406,467.99912823428303,469.0031807690202,470.6545320148182,472.31811660019235,473.2762192804254
mango_rmse,medium,2009-09-30,2011Q1,7,DEFL,470.8345786239932,457.8271642119391,13.007414412054118,467.54760813462843,468.89801832737396,470.7987537124889,472.7994174584018,474.06662544261025
mango_rmse,medium,2009-09-30,2011Q2,8,DEFL,471.0185178968595,458.48552274726825,12.532995149591272,467.16483826192797,468.7289473469775,471.0424347407595,473.29663472123843,474.9002138034396
mango_rmse,medium,2009-09-30,2009Q3,1,FFR,-0.017952963211346595,0.15666666666666665,-0.17461962987801324,-1.4970748128001279,-0.9127681947942614,-0.0041997150239339864,0.8901446048166882,1.4432781737528122
mango_rmse,medium,2009-09-30,2009Q4,2,FFR,-0.07716579284615505,0.12,-0.19716579284615504,-2.1621432820978317,-1.4023046938507755,-0.06355414498998749,1.224555580036392,2.0582349297205336
mango_rmse,medium,2009-09-30,2010Q1,3,FFR,0.013066154139974591,0.13333333333333333,-0.12026717919335875,-2.7111685022893504,-1.5701618844399183,0.01479051571415338,1.6287037035131757,2.743613514184964
mango_rmse,medium,2009-09-30,2010Q2,4,FFR,0.1741786316280804,0.19333333333333336,-0.019154701705252963,-2.9420904776538612,-1.685574007774278,0.23866520294863475,2.056368437521898,3.299160645784504
mango_rmse,medium,2009-09-30,2010Q3,5,FFR,0.3271193055201518,0.18666666666666668,0.1404526388534851,-3.1492988510809083,-1.9092863503144253,0.36034140606314746,2.5377421003231304,3.7402929328582926
mango_rmse,medium,2009-09-30,2010Q4,6,FFR,0.4821073156633267,0.18666666666666668,0.29544064899666,-3.61479225498515,-1.8953598750022507,0.51394690086634,2.860484936075515,4.3893486666925385
mango_rmse,medium,2009-09-30,2011Q1,7,FFR,0.6317518340548536,0.15666666666666668,0.4750851673881869,-3.6237527087101267,-1.8843512382877248,0.6693826883648114,3.2211090491665435,4.827813623945604
mango_rmse,medium,2009-09-30,2011Q2,8,FFR,0.7348344207577224,0.09333333333333334,0.641501087424389,-3.637540642953428,-1.886646414617084,0.7663384316725851,3.336216968026239,5.321562452100163
mango_rmse,medium,2009-09-30,2009Q3,1,GDP,947.1674229522155,963.0145304911672,-15.847107538951718,945.7271571403276,946.2498588001854,947.1445677658604,948.0866190407902,948.6944234972993
mango_rmse,medium,2009-09-30,2009Q4,2,GDP,947.9677046413792,964.0768300067851,-16.10912536540593,945.712283559298,946.611437069341,947.9540995293153,949.3573527165546,950.1781442695927
mango_rmse,medium,2009-09-30,2010Q1,3,GDP,948.8568463557777,964.5756373732798,-15.718791017502099,945.9882943296092,947.1096197415504,948.8917655405226,950.5466857362876,951.683791026376
mango_rmse,medium,2009-09-30,2010Q2,4,GDP,949.8163934358189,965.5386897406826,-15.722296304863676,946.4819892610213,947.7654250625488,949.8138589760031,951.8856957306771,953.1526707048902
mango_rmse,medium,2009-09-30,2010Q3,5,GDP,950.7405986018504,966.3088604477673,-15.568261845916936,946.9262651243771,948.3785580354261,950.7549289781115,953.1299799428216,954.6475471354383
mango_rmse,medium,2009-09-30,2010Q4,6,GDP,951.6481906757474,966.8271103692053,-15.178919693457942,947.286434166309,948.9814987834569,951.727074773077,954.2569731191676,955.8168846695551
mango_rmse,medium,2009-09-30,2011Q1,7,GDP,952.5474111533351,966.5859036314018,-14.0384924780667,947.791726515134,949.7666461912087,952.6207703815414,955.2973267473735,957.1440314491134
mango_rmse,medium,2009-09-30,2011Q2,8,GDP,953.4353932552488,967.261665957135,-13.826272701886296,948.2655828689627,950.2906078731362,953.5234006998038,956.4346926172983,958.4904473152242
mango_rmse,medium,2009-09-30,2009Q3,1,HOURS,471.8054858239687,454.67568674374314,17.129799080225553,470.3422385729845,470.97789595171395,471.80880779596885,472.6997101176304,473.2378053904992
mango_rmse,medium,2009-09-30,2009Q4,2,HOURS,471.8459178474941,454.55581763068915,17.290100216804944,469.59807523680564,470.4693801486595,471.83902500675424,473.21504732799013,474.11594129763307
mango_rmse,medium,2009-09-30,2010Q1,3,HOURS,472.08790418367926,454.84940087945347,17.238503304225787,469.22645343687196,470.37130942655955,472.07790634146806,473.78713363407996,474.9024634150024
mango_rmse,medium,2009-09-30,2010Q2,4,HOURS,472.4360988568445,455.69038845785997,16.745710398984556,469.08497112949556,470.3897652689708,472.4375507786365,474.5087709756794,475.8614147377577
mango_rmse,medium,2009-09-30,2010Q3,5,HOURS,472.8069523853534,456.0883864276619,16.71856595769151,468.8371336493413,470.32155875348616,472.82219205180957,475.2751132871873,476.6705198896605
mango_rmse,medium,2009-09-30,2010Q4,6,HOURS,473.19187337017166,456.58366664724116,16.608206722930504,468.6726211607381,470.5091654850129,473.22993253200724,475.9043496882851,477.4955846868838
mango_rmse,medium,2009-09-30,2011Q1,7,HOURS,473.58438390989653,456.76655994468166,16.81782396521487,468.5438442475238,470.60903601739534,473.6883518297419,476.5024134456157,478.4847679329641
mango_rmse,medium,2009-09-30,2011Q2,8,HOURS,473.9530569252108,457.8251096636827,16.12794726152805,468.4920396405615,470.7042951389988,474.02154961088377,477.1621022420434,479.2607084932904
mango_rmse,medium,2009-09-30,2009Q3,1,INV,728.9810849727567,753.2630578079347,-24.281972835178067,720.6722518242406,723.7206028744847,728.9505115552893,734.2898154039337,737.2845946236515
mango_rmse,medium,2009-09-30,2009Q4,2,INV,729.9404744213152,762.1065806084977,-32.166106187182436,716.7413755435041,722.0056255210847,730.1060159365679,737.7182543555259,742.8342534979117
mango_rmse,medium,2009-09-30,2010Q1,3,INV,731.5668685797567,764.3564839513651,-32.78961537160842,715.4557296787946,722.1894266712369,731.6572449638916,741.2649250719468,747.9640927912632
mango_rmse,medium,2009-09-30,2010Q2,4,INV,733.2100138127878,769.4714244586191,-36.26141064583135,713.993050656859,721.6582912011309,733.1939172749237,744.5772589912016,751.8911294156754
mango_rmse,medium,2009-09-30,2010Q3,5,INV,734.9631311113733,773.8345192890719,-38.87138817769858,712.8091957587121,721.6763435603281,735.1499199476261,748.1439061825093,756.2845176172294
mango_rmse,medium,2009-09-30,2010Q4,6,INV,736.7004853175233,773.5154467461025,-36.81496142857918,713.1912005608266,722.317104117682,736.9841889618415,750.8832107309024,760.1198598450303
mango_rmse,medium,2009-09-30,2011Q1,7,INV,738.3725930335731,771.6122658380344,-33.23967280446129,712.4244781497943,722.8371549790285,738.5626835194806,753.4799781747812,763.5669328601007
mango_rmse,medium,2009-09-30,2011Q2,8,INV,740.0730225101798,775.6219744335358,-35.54895192335596,711.022166724987,723.4227453562441,740.3092824742665,757.4101567442783,767.3508488624464
mango_rmse,medium,2009-09-30,2009Q3,1,WAGE,480.3782383839928,461.7928452086754,18.58539317531745,479.1553223761564,479.66451396386805,480.3932243159393,481.0970871411145,481.62712115112225
mango_rmse,medium,2009-09-30,2009Q4,2,WAGE,480.7493281666438,461.5922175624994,19.157110604144407,478.99776601137853,479.69768747776214,480.7459917736801,481.8156380220975,482.4805790532221
mango_rmse,medium,2009-09-30,2010Q1,3,WAGE,481.0878990696339,460.4900149531529,20.597884116480998,478.9024620556912,479.7475178463222,481.0812457127362,482.370807048508,483.15755380133993
mango_rmse,medium,2009-09-30,2010Q2,4,WAGE,481.4487389025362,461.6337597679988,19.814979134537396,478.81378794262497,479.92062693094374,481.5043580013755,482.93739219435406,483.92242217992236
mango_rmse,medium,2009-09-30,2010Q3,5,WAGE,481.81561047099456,461.92505901960953,19.890551451385022,478.87052634610905,480.0946204186954,481.87144030280325,483.4750232188968,484.64861046352735
mango_rmse,medium,2009-09-30,2010Q4,6,WAGE,482.18598067002574,461.51106158021446,20.674919089811283,478.8177865009993,480.2947871594021,482.22256377909275,484.0654178931068,485.3307558827714
mango_rmse,medium,2009-09-30,2011Q1,7,WAGE,482.5116514609046,462.24696830661526,20.264683154289344,478.88961910967583,480.3968907230874,482.5647985850008,484.6072035998946,485.9915976330045
mango_rmse,medium,2009-09-30,2011Q2,8,WAGE,482.86284377193056,460.24464800664947,22.618195765281087,478.9004003340546,480.49372101299593,482.91213689517247,485.2066159597587,486.6094481492071
mango_rmse,medium,2009-12-31,2009Q4,1,CONS,914.0564590984551,926.1903449968864,-12.133885898431345,912.7336877659477,913.2914181240312,914.033580084432,914.8459582849999,915.4027836855398
mango_rmse,medium,2009-12-31,2010Q1,2,CONS,914.9002494604622,926.7682152336796,-11.867965773217406,913.0171646692917,913.731211371332,914.8794643956088,916.028371834128,916.8420620279184
mango_rmse,medium,2009-12-31,2010Q2,3,CONS,915.7866630813501,927.6609738087002,-11.874310727350121,913.3378120873097,914.3089109309763,915.809378991895,917.2596572956629,918.1927467068379
mango_rmse,medium,2009-12-31,2010Q3,4,CONS,916.6793060367702,928.3718706580585,-11.692564621288284,913.8431463276751,914.9257956428444,916.6834404740737,918.4219116720591,919.4908971049879
mango_rmse,medium,2009-12-31,2010Q4,5,CONS,917.5655841760341,928.9828956921305,-11.417311516096333,914.2894650388221,915.6195849670083,917.5425717055318,919.5983204083801,920.7714347898942
mango_rmse,medium,2009-12-31,2011Q1,6,CONS,918.4123635263569,929.3641365665912,-10.951773040234343,914.7773774947013,916.1850090167505,918.4676699134612,920.6189933805492,922.0133058365524
mango_rmse,medium,2009-12-31,2011Q2,7,CONS,919.257828192425,929.4669847547688,-10.209156562343765,915.1527249940286,916.8266610772761,919.2917682560862,921.6583820343318,923.1726566205776
mango_rmse,medium,2009-12-31,2011Q3,8,CONS,920.1499517311606,929.7709193408268,-9.620967609666195,915.8547701122499,917.5077500269698,920.164898777494,922.671210867428,924.311016594251
mango_rmse,medium,2009-12-31,2009Q4,1,DEFL,469.94098852569425,455.6683475771851,14.27264094850915,469.47419261870664,469.6529506751166,469.94611954258636,470.22496621774127,470.405423019002
mango_rmse,medium,2009-12-31,2010Q1,2,DEFL,470.0262420274701,455.93984617419227,14.08639585327785,469.2360084912436,469.5448960446866,470.0078991014972,470.5026555012659,470.8242774842601
mango_rmse,medium,2009-12-31,2010Q2,3,DEFL,470.0982823977302,456.42648546620876,13.671796931521442,468.91063351175234,469.3706246607884,470.10883990315756,470.7929255281872,471.28776920725346
mango_rmse,medium,2009-12-31,2010Q3,4,DEFL,470.1864266342024,456.7281385445278,13.458288089674625,468.5639021933951,469.1971449797305,470.19547237255733,471.1444404701252,471.86238194845356
mango_rmse,medium,2009-12-31,2010Q4,5,DEFL,470.29332073299923,457.3122088019198,12.981111931079454,468.20280367698746,469.0059319941539,470.2824904767348,471.5619189682492,472.44879482969947
mango_rmse,medium,2009-12-31,2011Q1,6,DEFL,470.4024464140326,457.8271642119391,12.575282202093547,467.7394766859902,468.81026027500843,470.3730932595299,472.0343766147078,473.14906708305307
mango_rmse,medium,2009-12-31,2011Q2,7,DEFL,470.525447889262,458.48552274726825,12.039925141993763,467.2892700371176,468.58705317955173,470.51796849387244,472.5119130917033,473.83103438692706
mango_rmse,medium,2009-12-31,2011Q3,8,DEFL,470.659050090134,459.10205503836494,11.556995051769036,466.89496926600475,468.38853955240523,470.6588764992937,472.98093430867,474.49474831910675
mango_rmse,medium,2009-12-31,2009Q4,1,FFR,0.0616401659733372,0.12,-0.058359834026662796,-1.4549625046408465,-0.8043394415587715,0.04754946402470819,0.9421015883243032,1.524543143975638
mango_rmse,medium,2009-12-31,2010Q1,2,FFR,0.10239603211758753,0.13333333333333333,-0.030937301215745797,-2.0781319193044716,-1.1924441416544578,0.10496151104268586,1.4021977803326022,2.2484379418320066
mango_rmse,medium,2009-12-31,2010Q2,3,FFR,0.21491128502459353,0.19333333333333336,0.021577951691260172,-2.532671585926132,-1.4251232467389001,0.22944678944167549,1.8642844107460075,2.897903753707691
mango_rmse,medium,2009-12-31,2010Q3,4,FFR,0.3375330492550741,0.18666666666666668,0.15086638258840743,-2.8196102097217897,-1.4637665828726487,0.31858636339878654,2.179530497868955,3.5379563239352247
mango_rmse,medium,2009-12-31,2010Q4,5,FFR,0.4771348743081478,0.18666666666666668,0.2904682076414812,-3.005001108268348,-1.5925137969178629,0.4722603772107928,2.5987371542393642,4.007654412731127
mango_rmse,medium,2009-12-31,2011Q1,6,FFR,0.6226664415152255,0.15666666666666668,0.46599977484855887,-3.378219220032716,-1.6893795600407977,0.6316638093922219,2.94798754047046,4.469788893649853
mango_rmse,medium,2009-12-31,2011Q2,7,FFR,0.7828223091997377,0.09333333333333334,0.6894889758664043,-3.6679942027706405,-1.7645986556382642,0.833751603195615,3.3469748574961704,4.905533727143963
mango_rmse,medium,2009-12-31,2011Q3,8,FFR,0.9102805637038929,0.08333333333333333,0.8269472303705595,-3.70912976802364,-1.8295517950966353,0.9323634830431649,3.6449736602964706,5.245065970092591
mango_rmse,medium,2009-12-31,2009Q4,1,GDP,947.8394801312159,964.0768300067851,-16.237349875569294,946.3425826652874,946.9321082553253,947.8081424976202,948.7666505995641,949.3554912914608
mango_rmse,medium,2009-12-31,2010Q1,2,GDP,948.6605363844754,964.5756373732798,-15.915100988804397,946.5453692033482,947.3555062018614,948.6662015399713,949.9394157935523,950.756296077728
mango_rmse,medium,2009-12-31,2010Q2,3,GDP,949.5576982814606,965.5386897406826,-15.980991459221968,946.8516028963209,947.8416011085022,949.5255425691453,951.2828658533019,952.2115073590875
mango_rmse,medium,2009-12-31,2010Q3,4,GDP,950.4495002274604,966.3088604477673,-15.85936022030694,947.1193770619153,948.4364736450123,950.4643435756595,952.4788670707586,953.7535447490517
mango_rmse,medium,2009-12-31,2010Q4,5,GDP,951.3759464531198,966.8271103692053,-15.451163916085534,947.7009384041531,949.135976899798,951.4366215109642,953.6007329937623,955.0735764006207
mango_rmse,medium,2009-12-31,2011Q1,6,GDP,952.2741387309233,966.5859036314018,-14.311764900478579,948.1062055454411,949.7351741388891,952.3138982830834,954.7171711509235,956.3234096117774
mango_rmse,medium,2009-12-31,2011Q2,7,GDP,953.1742053974311,967.261665957135,-14.087460559703914,948.5632315325781,950.503396851208,953.1385414167228,955.9069409215721,957.6060315967895
mango_rmse,medium,2009-12-31,2011Q3,8,GDP,954.0812836506913,967.2228912780705,-13.141607627379244,949.1692275822529,951.2032145160364,954.0297931591226,957.0283400222461,958.9076914196048
mango_rmse,medium,2009-12-31,2009Q4,1,HOURS,470.72724061285726,454.55581763068915,16.17142298216811,469.2621295412264,469.8423856660307,470.732224981354,471.6238128297604,472.1300483985445
mango_rmse,medium,2009-12-31,2010Q1,2,HOURS,470.8887913995153,454.84940087945347,16.03939052006183,468.6788128571592,469.55706667988085,470.87533715864055,472.2566083840956,473.01953768009537
mango_rmse,medium,2009-12-31,2010Q2,3,HOURS,471.1665156248534,455.69038845785997,15.476127166993422,468.24261688805734,469.43958017210076,471.16323469965016,472.9580466350423,474.1327743842804
mango_rmse,medium,2009-12-31,2010Q3,4,HOURS,471.4765835182586,456.0883864276619,15.388197090596748,467.9675619561283,469.3633171425229,471.4685738585827,473.5817683583568,474.7851745673835
mango_rmse,medium,2009-12-31,2010Q4,5,HOURS,471.8376157764258,456.58366664724116,15.253949129184662,467.92365082960004,469.41447444868277,471.8975503373181,474.2197709863935,475.69615504770707
mango_rmse,medium,2009-12-31,2011Q1,6,HOURS,472.1920790487369,456.76655994468166,15.42551910405524,467.6567655755824,469.49191944470454,472.2321220695575,474.89447752912116,476.51114613190805
mango_rmse,medium,2009-12-31,2011Q2,7,HOURS,472.54286007470347,457.8251096636827,14.717750411020745,467.67274345803787,469.6451774140537,472.5700800058145,475.4027570529056,477.27842448278136
mango_rmse,medium,2009-12-31,2011Q3,8,HOURS,472.89592306387675,458.13691758021395,14.759005483662804,467.6401647227169,469.79457094223056,473.0185360936083,475.9760762407466,477.90746238552794
mango_rmse,medium,2009-12-31,2009Q4,1,INV,730.6262770915012,762.1065806084977,-31.480303516996514,722.0061416128278,725.4964260834539,730.6223910745105,735.7758319620045,739.0106953460875
mango_rmse,medium,2009-12-31,2010Q1,2,INV,731.9286048787945,764.3564839513651,-32.42787907257059,719.8740830193773,724.7482515089789,732.0365523945094,739.2125237022997,743.9310687858716
mango_rmse,medium,2009-12-31,2010Q2,3,INV,733.4248691112737,769.4714244586191,-36.046555347345475,717.751636025667,724.0669958454313,733.0334387326163,742.9367906390511,749.1874163262886
mango_rmse,medium,2009-12-31,2010Q3,4,INV,734.8844467776793,773.8345192890719,-38.95007251139259,716.4725675943608,723.4418362201825,734.9766502304652,746.3000228825888,752.9604539713346
mango_rmse,medium,2009-12-31,2010Q4,5,INV,736.4812564116313,773.5154467461025,-37.03419033447119,715.4545948982293,723.683616903823,736.5791117234664,748.8761554973584,757.3196450457057
mango_rmse,medium,2009-12-31,2011Q1,6,INV,738.1117725663385,771.6122658380344,-33.50049327169597,714.4028134820694,724.3760579726132,738.380725187088,752.1212237682757,760.7811817239348
mango_rmse,medium,2009-12-31,2011Q2,7,INV,739.7443102784056,775.6219744335358,-35.87766415513022,714.1049616015708,724.1696907553072,740.1681166827404,755.2979505175796,764.1426493126091
mango_rmse,medium,2009-12-31,2011Q3,8,INV,741.3227197411132,775.9522849600758,-34.62956521896251,713.8424564752518,724.3021084310991,741.5507976434118,757.8334079850937,768.3820217280262
mango_rmse,medium,2009-12-31,2009Q4,1,WAGE,482.45967812903206,461.5922175624994,20.867460566532657,481.21689932627123,481.72291764649555,482.44815700986965,483.22262348773313,483.68567494995784
mango_rmse,medium,2009-12-31,2010Q1,2,WAGE,482.87127155750056,460.4900149531529,22.38125660434764,481.14818004789186,481.8227857589565,482.8841815028456,483.8872509541531,484.581502148446
mango_rmse,medium,2009-12-31,2010Q2,3,WAGE,483.2892959263733,461.6337597679988,21.655536158374503,481.0442166000406,481.9927391877737,483.27190248671,484.6219499436923,485.4521008984072
mango_rmse,medium,2009-12-31,2010Q3,4,WAGE,483.67849388062746,461.92505901960953,21.753434861017922,481.00890446999824,482.13313910768363,483.6958934962612,485.29587260926314,486.3316065520653
mango_rmse,medium,2009-12-31,2010Q4,5,WAGE,484.06879717586395,461.51106158021446,22.55773559564949,481.0703698876826,482.2655674355889,484.0780300782819,485.9014876494922,487.04189541561726
mango_rmse,medium,2009-12-31,2011Q1,6,WAGE,484.4553680166469,462.24696830661526,22.208399710031642,481.16677312777136,482.441412178526,484.46752710417184,486.4336322868404,487.8140946190649
mango_rmse,medium,2009-12-31,2011Q2,7,WAGE,484.8463383223403,460.24464800664947,24.601690315690803,481.26726846452,482.6888303222768,484.7724670429268,487.04977409292263,488.58508362188644
mango_rmse,medium,2009-12-31,2011Q3,8,WAGE,485.20852169374854,460.38693402550433,24.821587668244206,481.2404379859241,482.8788785729082,485.1380939834986,487.6807288938515,489.25201814693276
mango_rmse,medium,2010-03-31,2010Q1,1,CONS,914.511527064861,926.7682152336796,-12.256688168818641,913.2123026296534,913.7347120964538,914.5075311137174,915.2672530659721,915.8219368059799
mango_rmse,medium,2010-03-31,2010Q2,2,CONS,915.3382210991455,927.6609738087002,-12.32275270955472,913.472932435288,914.1859603599669,915.3207187095782,916.4824952066612,917.2030225832241
mango_rmse,medium,2010-03-31,2010Q3,3,CONS,916.1981654354327,928.3718706580585,-12.173705222625813,913.7649757337617,914.7602180429069,916.2076373567772,917.6658424218007,918.5236100820562
mango_rmse,medium,2010-03-31,2010Q4,4,CONS,917.0385686554489,928.9828956921305,-11.944327036681557,914.2290384048994,915.3474944911754,917.0544245821299,918.7151957825971,919.8500776103067
mango_rmse,medium,2010-03-31,2011Q1,5,CONS,917.884145607126,929.3641365665912,-11.479990959465226,914.6696698357354,915.9053596853026,917.9010289402627,919.7900484576809,921.0144887837881
mango_rmse,medium,2010-03-31,2011Q2,6,CONS,918.7214851692098,929.4669847547688,-10.745499585558946,915.1536572354247,916.5548137477875,918.7933573277171,920.8396452776227,922.2969471318384
mango_rmse,medium,2010-03-31,2011Q3,7,CONS,919.5750131722609,929.7709193408268,-10.195906168565898,915.6059321225747,917.2037068845772,919.563932973892,921.963792757267,923.4341685922145
mango_rmse,medium,2010-03-31,2011Q4,8,CONS,920.3884107417499,929.9433813298132,-9.55497058806327,915.9891976579023,917.8378255259513,920.3922199393768,923.0080612146741,924.6570555435924
mango_rmse,medium,2010-03-31,2010Q1,1,DEFL,470.08967547913215,455.93984617419227,14.149829304939885,469.6286759981586,469.81078994890885,470.0946730724274,470.3642983219203,470.55841324129585
mango_rmse,medium,2010-03-31,2010Q2,2,DEFL,470.1977030999423,456.42648546620876,13.771217633733556,469.40589385656017,469.71555186698305,470.1854237409034,470.6741680357536,471.01469966142247
mango_rmse,medium,2010-03-31,2010Q3,3,DEFL,470.3230287693541,456.7281385445278,13.594890224826315,469.157438502764,469.61772854195846,470.31491512748755,471.0130080201894,471.51526603620044
mango_rmse,medium,2010-03-31,2010Q4,4,DEFL,470.46043990026453,457.3122088019198,13.148231098344752,468.84743630480733,469.4952603774424,470.4476034540643,471.43204088059986,472.1119982111689
mango_rmse,medium,2010-03-31,2011Q1,5,DEFL,470.61328315826285,457.8271642119391,12.786118946323768,468.56962641945205,469.34306393219964,470.61188678691906,471.8675514558502,472.7019016186374
mango_rmse,medium,2010-03-31,2011Q2,6,DEFL,470.76790126204287,458.48552274726825,12.28237851477462,468.1313581468709,469.1865757194259,470.7504797586489,472.3562663835272,473.40670884170964
mango_rmse,medium,2010-03-31,2011Q3,7,DEFL,470.9450353995686,459.10205503836494,11.842980361203672,467.8242557320537,469.0644787086112,470.93167971593545,472.85393756383536,474.1029496465069
mango_rmse,medium,2010-03-31,2011Q4,8,DEFL,471.13839451041923,459.2226780352162,11.915716475203055,467.44311214056313,468.89023666228894,471.1347235388416,473.3669399090857,474.88433312179814
mango_rmse,medium,2010-03-31,2010Q1,1,FFR,0.14554158701576791,0.13333333333333333,0.012208253682434583,-1.2632268911664606,-0.7431682923793288,0.12200460265081298,1.0450422374953217,1.6052026470086131
mango_rmse,medium,2010-03-31,2010Q2,2,FFR,0.2955875827297395,0.19333333333333336,0.10225424939640615,-1.8608281798357222,-0.9207700059566685,0.30264455185827976,1.5722230773979122,2.3893135793304277
mango_rmse,medium,2010-03-31,2010Q3,3,FFR,0.48221777650373093,0.18666666666666668,0.29555110983706423,-2.098962058171534,-1.1254883383583563,0.4388903008744805,2.118944890284278,3.111075775524496
mango_rmse,medium,2010-03-31,2010Q4,4,FFR,0.6171271821865403,0.18666666666666668,0.43046051551987363,-2.4913995651458687,-1.2431026421332658,0.5990153317267385,2.504774801150546,3.8212840913864308
mango_rmse,medium,2010-03-31,2011Q1,5,FFR,0.7853370952768534,0.15666666666666668,0.6286704286101867,-2.640084408006692,-1.3550529687863988,0.7795966066568332,2.8490382857242014,4.230192682121685
mango_rmse,medium,2010-03-31,2011Q2,6,FFR,0.9457721609894288,0.09333333333333334,0.8524388276560955,-2.7316568373313483,-1.4217091196994345,0.9768375073609007,3.2267264711506334,4.690997047475076
mango_rmse,medium,2010-03-31,2011Q3,7,FFR,1.0458662689972127,0.08333333333333333,0.9625329356638793,-2.984175832723288,-1.526285685614517,1.1097626972747145,3.532861993428967,5.071310065821226
mango_rmse,medium,2010-03-31,2011Q4,8,FFR,1.170390661480823,0.07333333333333335,1.0970573281474898,-2.9792760840395265,-1.5309118746782442,1.2455339638427967,3.7693666120362854,5.383670164422212
mango_rmse,medium,2010-03-31,2010Q1,1,GDP,949.3249378464055,964.5756373732798,-15.250699526874314,947.8753359201843,948.4239641965584,949.3371174799233,950.2082849942865,950.8226916602822
mango_rmse,medium,2010-03-31,2010Q2,2,GDP,950.229860307387,965.5386897406826,-15.308829433295614,948.0610892976364,948.8832292091762,950.248790242701,951.6011070759725,952.425836647561
mango_rmse,medium,2010-03-31,2010Q3,3,GDP,951.1467092089919,966.3088604477673,-15.162151238775436,948.3782154137903,949.4693683110175,951.2037322438091,952.7968054437318,953.8759309142804
mango_rmse,medium,2010-03-31,2010Q4,4,GDP,952.0704414707766,966.8271103692053,-14.756668898428757,948.8373899751907,950.0962601932016,952.0791190185446,953.9909858410904,955.2993850653361
mango_rmse,medium,2010-03-31,2011Q1,5,GDP,952.9666997294179,966.5859036314018,-13.619203901983951,949.2172583558271,950.6638104618252,953.0113818207888,955.2408145640443,956.6070032843265
mango_rmse,medium,2010-03-31,2011Q2,6,GDP,953.8583387059182,967.261665957135,-13.403327251216865,949.6895461542022,951.3678713613116,953.8319524299197,956.3560914522418,957.9820600735123
mango_rmse,medium,2010-03-31,2011Q3,7,GDP,954.7884498004141,967.2228912780705,-12.434441477656378,950.1729086626353,951.9879207599075,954.798115804499,957.5507101675693,959.2453883838932
mango_rmse,medium,2010-03-31,2011Q4,8,GDP,955.6565681561203,968.3383253013681,-12.68175714524773,950.6838628604688,952.7105036143242,955.6768431117732,958.6275613613393,960.4776358760905
mango_rmse,medium,2010-03-31,2010Q1,1,HOURS,470.0115766508899,454.84940087945347,15.16217577143641,468.5701921383683,469.1091442453873,470.02062785588805,470.89106817711786,471.48765216387307
mango_rmse,medium,2010-03-31,2010Q2,2,HOURS,470.2818560789014,455.69038845785997,14.591467621041431,468.1821251861882,468.9683008705716,470.2683344710281,471.69067998839273,472.4626263256828
mango_rmse,medium,2010-03-31,2010Q3,3,HOURS,470.5957310690689,456.0883864276619,14.50734464140703,467.86275737144234,468.939698549945,470.54052779904987,472.2914138752895,473.4571985258575
mango_rmse,medium,2010-03-31,2010Q4,4,HOURS,470.9117342016258,456.58366664724116,14.328067554384631,467.6844689196165,468.8953365693108,470.85579108352516,472.98591743068755,474.36630829543776
mango_rmse,medium,2010-03-31,2011Q1,5,HOURS,471.2206279651834,456.76655994468166,14.454068020501722,467.29684994299953,468.8549500958066,471.16835301993297,473.6249256165616,475.1101437594189
mango_rmse,medium,2010-03-31,2011Q2,6,HOURS,471.53017333125666,457.8251096636827,13.705063667573938,467.2692921247267,468.86266162786126,471.60134588181967,474.0972991363968,475.9428276273872
mango_rmse,medium,2010-03-31,2011Q3,7,HOURS,471.83896200279867,458.13691758021395,13.70204442258472,467.05028393084103,468.90862676588205,471.855320337843,474.73239287229063,476.707522120495
mango_rmse,medium,2010-03-31,2011Q4,8,HOURS,472.1208054120961,458.99550201816106,13.125303393935042,467.0859205037556,468.95530588934463,472.0829242414168,475.3175520829563,477.40281821646045
mango_rmse,medium,2010-03-31,2010Q1,1,INV,741.1173388074168,764.3564839513651,-23.23914514394835,732.0964024438977,735.7631704655837,741.2216961968463,746.5159242821015,749.495539268192
mango_rmse,medium,2010-03-31,2010Q2,2,INV,742.9269392588747,769.4714244586191,-26.544485199744486,730.6054769620773,735.17966993821,742.8295556035496,750.4814120156547,755.9189412728186
mango_rmse,medium,2010-03-31,2010Q3,3,INV,744.7824671637753,773.8345192890719,-29.05205212529654,729.1676554123994,735.336765080949,744.8852303971993,754.2806152448097,760.609116833291
mango_rmse,medium,2010-03-31,2010Q4,4,INV,746.6188848173356,773.5154467461025,-26.896561928766914,728.5765741011228,735.7613518037994,746.307578603667,757.5824017345325,765.4132804049342
mango_rmse,medium,2010-03-31,2011Q1,5,INV,748.3557470649391,771.6122658380344,-23.25651877309531,728.1926618492266,735.8490809550477,747.8795187705293,760.8222696701755,769.0882488846562
mango_rmse,medium,2010-03-31,2011Q2,6,INV,750.0457476331029,775.6219744335358,-25.57622680043289,727.70585906932,736.2348274700508,749.9284503532501,763.8435841455401,773.1648041735326
mango_rmse,medium,2010-03-31,2011Q3,7,INV,751.8921899864793,775.9522849600758,-24.060094973596506,727.7433939487438,736.8347601657216,751.8526607331537,767.0113092482298,776.7108309020371
mango_rmse,medium,2010-03-31,2011Q4,8,INV,753.4644061905636,783.3770177522407,-29.912611561677068,727.5269229018361,737.6199870593543,753.5908975610209,769.3136534722393,779.6939777360899
mango_rmse,medium,2010-03-31,2010Q1,1,WAGE,481.3492174435422,460.4900149531529,20.859202490389293,480.14138882122955,480.62004107845723,481.3438714122302,482.0597901457843,482.5832055484998
mango_rmse,medium,2010-03-31,2010Q2,2,WAGE,481.70925946718444,461.6337597679988,20.075499699185627,479.9454272790505,480.6127322804931,481.71441371574133,482.8075517897388,483.5180217111284
mango_rmse,medium,2010-03-31,2010Q3,3,WAGE,482.080059207891,461.92505901960953,20.155000188281463,479.759290198833,480.7237877174222,482.05203389829364,483.5074113485282,484.39416671608376
mango_rmse,medium,2010-03-31,2010Q4,4,WAGE,482.43305924641743,461.51106158021446,20.92199766620297,479.77241449120277,480.7774431198461,482.38854073044683,484.1178622123453,485.1454254170694
mango_rmse,medium,2010-03-31,2011Q1,5,WAGE,482.75106168602105,462.24696830661526,20.504093379405788,479.69323435350253,480.90177063975153,482.70871201071236,484.6362087549507,485.83213415590365
mango_rmse,medium,2010-03-31,2011Q2,6,WAGE,483.1044922476868,460.24464800664947,22.859844241037308,479.72277700806586,481.077872762226,483.09068054123634,485.1610000727387,486.44740631490384
mango_rmse,medium,2010-03-31,2011Q3,7,WAGE,483.44137792912437,460.38693402550433,23.05444390362004,479.61867689436235,481.13022853725806,483.44906254222235,485.6836673981906,487.1430907991244
mango_rmse,medium,2010-03-31,2011Q4,8,WAGE,483.7783549078574,458.46408947355985,25.314265434297567,479.6140224585403,481.2636341813732,483.77510694002603,486.15517263240395,487.85517449514464
mango_rmse,medium,2010-06-30,2010Q2,1,CONS,915.2847483460956,927.6609738087002,-12.376225462604566,914.0152652013019,914.4998212540097,915.2947223678211,916.0508693829316,916.5397091465845
mango_rmse,medium,2010-06-30,2010Q3,2,CONS,916.1306699250454,928.3718706580585,-12.241200733013102,914.1851844079191,914.9565827752073,916.1438630426869,917.2698735142221,918.1136928362191
mango_rmse,medium,2010-06-30,2010Q4,3,CONS,916.9741102417951,928.9828956921305,-12.008785450335381,914.5256171538405,915.5278267366854,916.9930759454251,918.4361710893704,919.394044252069
mango_rmse,medium,2010-06-30,2011Q1,4,CONS,917.8087159012432,929.3641365665912,-11.555420665348038,914.9087205505616,916.0607241704216,917.8802872875374,919.5316346008755,920.5007514673083
mango_rmse,medium,2010-06-30,2011Q2,5,CONS,918.6550082582029,929.4669847547688,-10.811976496565876,915.4150556991428,916.7487318636385,918.6998721022819,920.5594321720156,921.6873695192953
mango_rmse,medium,2010-06-30,2011Q3,6,CONS,919.4329249794987,929.7709193408268,-10.337994361328128,915.8089229245794,917.2320375094033,919.4809124497222,921.6359149979376,922.8902509579191
mango_rmse,medium,2010-06-30,2011Q4,7,CONS,920.2490269143245,929.9433813298132,-9.694354415488647,916.1001814559227,917.7641620413904,920.3204014979439,922.5890112483717,924.129254556545
mango_rmse,medium,2010-06-30,2012Q1,8,CONS,921.0645583925138,930.6622261336005,-9.597667741086639,916.6272347166911,918.4165284378893,921.0793338755598,923.6894283781085,925.3946096296054
mango_rmse,medium,2010-06-30,2010Q2,1,DEFL,470.4287102181766,456.42648546620876,14.002224751967844,469.9426320459128,470.1423212813975,470.42713814239454,470.70866487760253,470.9051420675166
mango_rmse,medium,2010-06-30,2010Q3,2,DEFL,470.6283914232347,456.7281385445278,13.900252878706908,469.82616974689626,470.1320203465502,470.63869357623093,471.0948869456865,471.4258398919306
mango_rmse,medium,2010-06-30,2010Q4,3,DEFL,470.84517617267215,457.3122088019198,13.532967370752374,469.65406631377465,470.1182900448537,470.8553912196768,471.5499874161873,472.03090325203254
mango_rmse,medium,2010-06-30,2011Q1,4,DEFL,471.06510604484987,457.8271642119391,13.237941832910792,469.4286068123519,470.0766502133553,471.0660754982212,472.01815589959847,472.65888304669863
mango_rmse,medium,2010-06-30,2011Q2,5,DEFL,471.2984950302305,458.48552274726825,12.812972282962278,469.17197042868116,470.02107976489384,471.3111763453566,472.54526218518953,473.4106761599217
mango_rmse,medium,2010-06-30,2011Q3,6,DEFL,471.55114901467476,459.10205503836494,12.449093976309825,468.89107860505084,470.0019888561706,471.53825701666244,473.11161647013506,474.20967801317084
mango_rmse,medium,2010-06-30,2011Q4,7,DEFL,471.81406848296166,459.2226780352162,12.591390447745482,468.6491865332087,469.92682913272745,471.7809553997072,473.6847927256997,475.04090420953463
mango_rmse,medium,2010-06-30,2012Q1,8,DEFL,472.0829297766493,459.8276478897225,12.255281886926753,468.43192731373665,469.85487253056465,472.04724144007065,474.3000814083574,475.8110942526704
mango_rmse,medium,2010-06-30,2010Q2,1,FFR,0.35253793352703744,0.19333333333333336,0.15920460019370408,-1.1055696325815096,-0.5726863794541297,0.3631765792523425,1.2514208635930144,1.8850745257391242
mango_rmse,medium,2010-06-30,2010Q3,2,FFR,0.5520915085067547,0.18666666666666668,0.36542484184008805,-1.619813157368124,-0.7471549345676405,0.5770132658500686,1.8400451074199906,2.613402791879699
mango_rmse,medium,2010-06-30,2010Q4,3,FFR,0.7563920897943701,0.18666666666666668,0.5697254231277035,-1.949697622339362,-0.8545977818967935,0.7839236871667092,2.35536752358976,3.417539536648343
mango_rmse,medium,2010-06-30,2011Q1,4,FFR,0.902417649436453,0.15666666666666668,0.7457509827697864,-2.196369106119091,-0.8979602281931426,0.8895342887555842,2.737871631171351,3.9404013979357244
mango_rmse,medium,2010-06-30,2011Q2,5,FFR,1.0453388155899843,0.09333333333333334,0.9520054822566509,-2.4506291149574677,-1.0463493005720745,1.0241949356325872,3.1472270367718966,4.613048595366421
mango_rmse,medium,2010-06-30,2011Q3,6,FFR,1.1785969466835382,0.08333333333333333,1.095263613350205,-2.6996798677223057,-1.0796853130446131,1.158435694539585,3.492391101378107,4.943388623814748
mango_rmse,medium,2010-06-30,2011Q4,7,FFR,1.3137709766196104,0.07333333333333335,1.2404376432862771,-2.7001149590285403,-1.074664065933859,1.3202667565074269,3.7924507308892594,5.1267467080214795
mango_rmse,medium,2010-06-30,2012Q1,8,FFR,1.443757969697492,0.10333333333333333,1.3404246363641588,-2.901153246401639,-1.0873237796833988,1.4348159701340357,3.979358479890156,5.573791408272004
mango_rmse,medium,2010-06-30,2010Q2,1,GDP,950.0242937326212,965.5386897406826,-15.51439600806134,948.5180475073571,949.1090821711184,950.04583678625,950.9206782739668,951.519654879396
mango_rmse,medium,2010-06-30,2010Q3,2,GDP,950.9542300327156,966.3088604477673,-15.354630415051702,948.7294386740081,949.625819086981,950.9599811221058,952.3003680667589,953.2012167185048
mango_rmse,medium,2010-06-30,2010Q4,3,GDP,951.8303190955186,966.8271103692053,-14.996791273686767,949.116401949501,950.2059956398223,951.8506927153946,953.4435160156752,954.5918342134538
mango_rmse,medium,2010-06-30,2011Q1,4,GDP,952.7022363393104,966.5859036314018,-13.883667292091445,949.4695753070903,950.7486807806639,952.7384527618767,954.6368740778429,955.9197868634533
mango_rmse,medium,2010-06-30,2011Q2,5,GDP,953.5735576132282,967.261665957135,-13.688108343906833,950.0073489737084,951.4130290138896,953.6013021646106,955.7714698070615,957.1090638820666
mango_rmse,medium,2010-06-30,2011Q3,6,GDP,954.4484502994407,967.2228912780705,-12.774440978629855,950.3256362921787,951.9678759026708,954.4588531895282,956.8453598031866,958.4624054581496
mango_rmse,medium,2010-06-30,2011Q4,7,GDP,955.3094436098283,968.3383253013681,-13.02888169153971,950.726441033175,952.6411461509439,955.2984665802416,958.0063351317661,959.8353060331705
mango_rmse,medium,2010-06-30,2012Q1,8,GDP,956.1542768422584,969.1529212860218,-12.998644443763396,951.1372030084602,953.2136157485731,956.2212887599927,959.0686801224651,961.0247280832455
mango_rmse,medium,2010-06-30,2010Q2,1,HOURS,470.39698468777686,455.69038845785997,14.706596229916897,468.9009061152987,469.50744759379734,470.4023681279908,471.30725387697635,471.859564405698
mango_rmse,medium,2010-06-30,2010Q3,2,HOURS,470.7275005743966,456.0883864276619,14.639114146734698,468.61699666399704,469.3815403178509,470.73401747207686,472.07890035073285,472.9123554432968
mango_rmse,medium,2010-06-30,2010Q4,3,HOURS,471.03642016058524,456.58366664724116,14.452753513344078,468.2833411854077,469.34365274059695,471.0165741760054,472.78610913672964,473.7901418571748
mango_rmse,medium,2010-06-30,2011Q1,4,HOURS,471.3759184159939,456.76655994468166,14.609358471312248,468.1171943438042,469.3751322401799,471.29897066618753,473.4503988640095,474.84359793735246
mango_rmse,medium,2010-06-30,2011Q2,5,HOURS,471.6518442585024,457.8251096636827,13.826734594819698,467.9842031336243,469.40728821690874,471.57741528234635,474.01628528033586,475.58065476393716
mango_rmse,medium,2010-06-30,2011Q3,6,HOURS,471.97066470216856,458.13691758021395,13.833747121954616,467.82520318859537,469.37377976663015,471.954219976845,474.6150551072745,476.4524503645536
mango_rmse,medium,2010-06-30,2011Q4,7,HOURS,472.2844453331793,458.99550201816106,13.28894331501823,467.36061598580653,469.4692307557085,472.23323652293226,475.18300219402033,477.2469420447899
mango_rmse,medium,2010-06-30,2012Q1,8,HOURS,472.5635901431027,459.8326823506083,12.730907792494406,467.4455356652786,469.5503104534345,472.52419436942216,475.7622594010635,477.7651935039847
mango_rmse,medium,2010-06-30,2010Q2,1,INV,744.8389733673869,769.4714244586191,-24.63245109123227,736.4213315740753,739.5668921326439,744.9389009024237,750.0973585598446,753.1692520786638
mango_rmse,medium,2010-06-30,2010Q3,2,INV,746.7685394373076,773.8345192890719,-27.06597985176427,734.3333320933359,739.0519375282674,746.7186307530244,754.4875288393496,759.9332182461776
mango_rmse,medium,2010-06-30,2010Q4,3,INV,748.4871422125635,773.5154467461025,-25.02830453353897,733.0755205838203,738.9853152638411,748.5696911671391,757.8303202317363,763.6537220094588
mango_rmse,medium,2010-06-30,2011Q1,4,INV,750.1086071145203,771.6122658380344,-21.50365872351415,731.8946387893229,739.0250410828428,750.0330439282385,761.4549984747387,767.6554395313119
mango_rmse,medium,2010-06-30,2011Q2,5,INV,751.7072064677569,775.6219744335358,-23.91476796577888,730.2847564549637,738.9311179458225,752.1430216010965,764.0706154169135,771.5049289671558
mango_rmse,medium,2010-06-30,2011Q3,6,INV,753.3318414383634,775.9522849600758,-22.620443521712332,729.9423116744549,739.4253525701407,753.5025845446598,767.1291071419924,775.5090888469264
mango_rmse,medium,2010-06-30,2011Q4,7,INV,754.8745607581735,783.3770177522407,-28.502456994067188,729.3342348593555,739.1726534058259,755.1094098489427,770.0471534115666,779.6661038873924
mango_rmse,medium,2010-06-30,2012Q1,8,INV,756.3979819800708,785.4442132351122,-29.046231255041448,729.3502906662272,739.9809486473328,756.8413813773636,772.2210199355592,782.9127534310637
mango_rmse,medium,2010-06-30,2010Q2,1,WAGE,480.7909899709899,461.6337597679988,19.157230202991116,479.57612439748533,480.0299453918993,480.7793974376416,481.5276228750091,482.0126606929047
mango_rmse,medium,2010-06-30,2010Q3,2,WAGE,481.12629878866323,461.92505901960953,19.2012397690537,479.2776405668711,480.0721635181784,481.1151405551515,482.20226164405454,482.96646051007457
mango_rmse,medium,2010-06-30,2010Q4,3,WAGE,481.4396242140788,461.51106158021446,19.928562633864317,479.304485546224,480.0924768336819,481.4415611495691,482.73438468178813,483.6208187587945
mango_rmse,medium,2010-06-30,2011Q1,4,WAGE,481.7643927339264,462.24696830661526,19.51742442731114,479.24973476383485,480.1591812784785,481.7543720665709,483.31574762425146,484.37533348951456
mango_rmse,medium,2010-06-30,2011Q2,5,WAGE,482.0454121700591,460.24464800664947,21.80076416340961,479.1427788530959,480.2390444150954,482.0254340377047,483.7833098716564,484.918360136898
mango_rmse,medium,2010-06-30,2011Q3,6,WAGE,482.3134598028995,460.38693402550433,21.92652577739517,478.9406916349573,480.3213141864385,482.2774612607496,484.27546557020366,485.53873170228155
mango_rmse,medium,2010-06-30,2011Q4,7,WAGE,482.6174295991409,458.46408947355985,24.153340125581053,478.92335523215064,480.41070760129605,482.64199947606653,484.8523426688161,486.201078732841
mango_rmse,medium,2010-06-30,2012Q1,8,WAGE,482.91962023107317,460.1924925823062,22.727127648766952,478.9563597698296,480.5375742345381,482.9371793100437,485.31647442411065,486.8364412065159
mango_rmse,medium,2010-09-30,2010Q3,1,CONS,914.2886021828544,928.3718706580585,-14.083268475204022,912.9218235823605,913.5127776809047,914.2843336463272,915.1120678888157,915.5748439672266
mango_rmse,medium,2010-09-30,2010Q4,2,CONS,915.0894645215772,928.9828956921305,-13.8934311705533,913.1433295030108,913.9470378811322,915.1264360553686,916.2683338327025,916.9914979747482
mango_rmse,medium,2010-09-30,2011Q1,3,CONS,915.85584326984,929.3641365665912,-13.508293296751276,913.4995029064305,914.4309207177644,915.8566129710036,917.2955116256647,918.2519815244212
mango_rmse,medium,2010-09-30,2011Q2,4,CONS,916.5901377356673,929.4669847547688,-12.876847019101433,913.7868108632147,914.8361337220374,916.6330380619188,918.3504827465907,919.3779982365139
mango_rmse,medium,2010-09-30,2011Q3,5,CONS,917.3172388574081,929.7709193408268,-12.45368048341868,914.1543456948015,915.3169552545193,917.3541783601969,919.2446839643849,920.402805808394
mango_rmse,medium,2010-09-30,2011Q4,6,CONS,918.0275842297601,929.9433813298132,-11.915797100053055,914.4760169990736,915.8385653969992,918.046797552135,920.2429929818925,921.5935698143734
mango_rmse,medium,2010-09-30,2012Q1,7,CONS,918.7849076679706,930.6622261336005,-11.877318465629855,914.8731498614712,916.387391989763,918.7756916193812,921.1951777593214,922.8536361163358
mango_rmse,medium,2010-09-30,2012Q2,8,CONS,919.5366381204237,930.8376469452386,-11.301008824814858,915.2729346417616,916.8495948323076,919.5202635353983,922.1793705012715,923.9832906352021
mango_rmse,medium,2010-09-30,2010Q3,1,DEFL,470.78295746654635,456.7281385445278,14.054818922018569,470.3280347489406,470.4922510786211,470.78221633908333,471.0791234500795,471.265912916045
mango_rmse,medium,2010-09-30,2010Q4,2,DEFL,471.0940075014968,457.3122088019198,13.781798699576996,470.245775508027,470.5782749440559,471.109782466661,471.59743953850057,471.9231913872539
mango_rmse,medium,2010-09-30,2011Q1,3,DEFL,471.446013484997,457.8271642119391,13.618849273057947,470.19839408115985,470.6808190009158,471.4722670534268,472.1763138667027,472.6753852775176
mango_rmse,medium,2010-09-30,2011Q2,4,DEFL,471.8023640129665,458.48552274726825,13.316841265698258,470.10218064535786,470.7798913763974,471.807040176187,472.8365106370605,473.4776988260009
mango_rmse,medium,2010-09-30,2011Q3,5,DEFL,472.16943917724313,459.10205503836494,13.067384138878197,470.0244754056634,470.8347861675286,472.1565771339853,473.5337281769307,474.352478194121
mango_rmse,medium,2010-09-30,2011Q4,6,DEFL,472.5436786836183,459.2226780352162,13.321000648402105,469.85138550510464,470.8482145537428,472.49723396659374,474.1913574396097,475.30256006681645
mango_rmse,medium,2010-09-30,2012Q1,7,DEFL,472.9369813427057,459.8276478897225,13.109333452983151,469.7374138062691,470.9459726839454,472.8803600970574,474.9341163742736,476.27210443389293
mango_rmse,medium,2010-09-30,2012Q2,8,DEFL,473.3246525925205,460.2296059641123,13.095046628408227,469.63431688643334,470.89907755107697,473.29686333973416,475.7245546900551,477.2360006398321
mango_rmse,medium,2010-09-30,2010Q3,1,FFR,0.4869183293776014,0.18666666666666668,0.30025166271093473,-0.9781297378493787,-0.4188963652516092,0.4793533233388563,1.3560865291103554,1.9992354465222322
mango_rmse,medium,2010-09-30,2010Q4,2,FFR,0.7734813832689332,0.18666666666666668,0.5868147166022666,-1.3671853265962992,-0.5204504117384003,0.7939221404888597,2.0678506290059104,2.8856208216734953
mango_rmse,medium,2010-09-30,2011Q1,3,FFR,0.9831466256432664,0.15666666666666668,0.8264799589765996,-1.7401436919493938,-0.6139808886570489,0.9850429295018979,2.6428725115758205,3.7416775071242947
mango_rmse,medium,2010-09-30,2011Q2,4,FFR,1.1957794149006546,0.09333333333333334,1.1024460815673214,-2.126202430240644,-0.6511176614156826,1.18768115319122,3.0216289093135527,4.416959661619518
mango_rmse,medium,2010-09-30,2011Q3,5,FFR,1.363209487956327,0.08333333333333333,1.2798761546229938,-2.3186950028119613,-0.6806203975252626,1.335754564730661,3.536227212135435,4.910288825133609
mango_rmse,medium,2010-09-30,2011Q4,6,FFR,1.5223574490776046,0.07333333333333335,1.4490241157442714,-2.3886696365783773,-0.7958331643467712,1.510673927497673,3.930436945713679,5.353122353615447
mango_rmse,medium,2010-09-30,2012Q1,7,FFR,1.7102928990002235,0.10333333333333333,1.6069595656668902,-2.4802557063749755,-0.7718272752237663,1.7428291112407983,4.158807622027606,5.877687147521981
mango_rmse,medium,2010-09-30,2012Q2,8,FFR,1.851554556758086,0.15333333333333335,1.6982212234247527,-2.696575895340131,-0.7233053931744264,1.8649721843342815,4.521658798509743,6.186789957434444
mango_rmse,medium,2010-09-30,2010Q3,1,GDP,949.689567526878,966.3088604477673,-16.61929292088928,948.2478592295415,948.7903041252466,949.6837817224107,950.580720011788,951.1752285984084
mango_rmse,medium,2010-09-30,2010Q4,2,GDP,950.5707688692158,966.8271103692053,-16.256341499989503,948.4221143267996,949.2616054927553,950.5607044971094,951.9140440210662,952.6863762530678
mango_rmse,medium,2010-09-30,2011Q1,3,GDP,951.3703112040848,966.5859036314018,-15.215592427317006,948.6361903239565,949.6839137105625,951.4492623118547,953.0028663389076,954.0737385567767
mango_rmse,medium,2010-09-30,2011Q2,4,GDP,952.1744891841887,967.261665957135,-15.08717677294635,948.8959449606472,950.1494448907367,952.2009227550635,954.128540448648,955.5137889415893
mango_rmse,medium,2010-09-30,2011Q3,5,GDP,952.943868166282,967.2228912780705,-14.279023111788547,949.1472477889598,950.6363662391211,953.0078868572051,955.1307298643987,956.537254352104
mango_rmse,medium,2010-09-30,2011Q4,6,GDP,953.6905729864927,968.3383253013681,-14.647752314875333,949.621243489713,951.1731770336221,953.7551981527301,956.2328537707663,957.8422039791624
mango_rmse,medium,2010-09-30,2012Q1,7,GDP,954.4871522841103,969.1529212860218,-14.665769001911485,949.879352098938,951.6534917971812,954.600591270472,957.2984495510646,958.9162763865801
mango_rmse,medium,2010-09-30,2012Q2,8,GDP,955.2669177112545,969.6077453782113,-14.340827666956898,950.1900059608915,952.3126914892264,955.4115240683657,958.2630268142234,960.0351806155131
mango_rmse,medium,2010-09-30,2010Q3,1,HOURS,454.29284236544373,456.0883864276619,-1.7955440622181413,452.81630244769843,453.4284211694677,454.3143890133484,455.1784317905104,455.746333298603
mango_rmse,medium,2010-09-30,2010Q4,2,HOURS,454.6509170824858,456.58366664724116,-1.9327495647553405,452.30029654640197,453.2914118258174,454.63988369808624,456.01320142528556,456.8733040891922
mango_rmse,medium,2010-09-30,2011Q1,3,HOURS,454.98369642297934,456.76655994468166,-1.7828635217023248,451.97096492411225,453.23564524233007,455.0012418776246,456.7732224825836,457.8017184796658
mango_rmse,medium,2010-09-30,2011Q2,4,HOURS,455.294781930789,457.8251096636827,-2.5303277328937384,451.7985877532695,453.19114379812737,455.35725814610777,457.4711657539222,458.70039016930207
mango_rmse,medium,2010-09-30,2011Q3,5,HOURS,455.56489997181177,458.13691758021395,-2.5720176084021773,451.48734106279505,453.1405162452207,455.6347189967888,457.9962207606243,459.4996667044782
mango_rmse,medium,2010-09-30,2011Q4,6,HOURS,455.84056229293924,458.99550201816106,-3.1549397252218228,451.23901165216125,453.06557424609946,455.86283978396466,458.5099355579294,460.35974153691404
mango_rmse,medium,2010-09-30,2012Q1,7,HOURS,456.13276200792006,459.8326823506083,-3.6999203426882445,451.0753540795839,453.0633143992191,456.2834043770722,459.03433223706264,461.0141491053943
mango_rmse,medium,2010-09-30,2012Q2,8,HOURS,456.412031055977,460.00571366012684,-3.5936826041498193,451.045009366682,453.1174030280279,456.495931757,459.6066420464164,461.5759317852455
mango_rmse,medium,2010-09-30,2010Q3,1,INV,751.2848237231391,773.8345192890719,-22.54969556593278,742.6722272767936,745.9636825044383,751.369793438636,756.4273188807725,759.9370429151983
mango_rmse,medium,2010-09-30,2010Q4,2,INV,753.0514573895165,773.5154467461025,-20.463989356586012,740.2897559928232,745.3665201294472,753.2399046891892,760.7177785602508,765.1540701810708
mango_rmse,medium,2010-09-30,2011Q1,3,INV,754.6982825973539,771.6122658380344,-16.913983240680523,738.7718116003504,745.133669935974,754.5904192842298,764.0039865211152,770.8192313282063
mango_rmse,medium,2010-09-30,2011Q2,4,INV,756.4427310867436,775.6219744335358,-19.17924334679219,737.2874941598992,744.9541211450887,756.5294607190898,767.8902923316264,775.225448112802
mango_rmse,medium,2010-09-30,2011Q3,5,INV,758.033041773152,775.9522849600758,-17.919243186923723,736.5650740084336,745.1916497074129,758.0837764100133,770.8851653723005,778.5743565344966
mango_rmse,medium,2010-09-30,2011Q4,6,INV,759.552105676782,783.3770177522407,-23.824912075458656,736.0169008815095,745.5638474378462,759.9531307651753,773.3257401508664,782.6284585412047
mango_rmse,medium,2010-09-30,2012Q1,7,INV,761.1035897029969,785.4442132351122,-24.340623532115274,735.350040495267,745.8818205912322,761.5300260949076,776.0850461509084,786.1502907546603
mango_rmse,medium,2010-09-30,2012Q2,8,INV,762.7190734404228,787.7205662515095,-25.001492811086678,735.5844735282355,746.3448779266686,763.0260829632994,778.489142737055,789.6829304252674
mango_rmse,medium,2010-09-30,2010Q3,1,WAGE,463.69732278782186,461.92505901960953,1.7722637682123263,462.45132851045145,462.93753008304066,463.70509507571194,464.45091700893687,464.90297024127176
mango_rmse,medium,2010-09-30,2010Q4,2,WAGE,464.01168899537856,461.51106158021446,2.5006274151641037,462.23547552848135,462.941872878974,464.0129021299274,465.1012173011382,465.7376384694903
mango_rmse,medium,2010-09-30,2011Q1,3,WAGE,464.2768211532471,462.24696830661526,2.0298528466318544,462.15268782308095,462.9363035346328,464.25302464487595,465.60622477910164,466.48223928479206
mango_rmse,medium,2010-09-30,2011Q2,4,WAGE,464.56855732229735,460.24464800664947,4.323909315647882,461.99723961642854,462.9797691381502,464.57929575802103,466.1691946880458,467.2248133916625
mango_rmse,medium,2010-09-30,2011Q3,5,WAGE,464.84273501342574,460.38693402550433,4.455800987921407,461.90121339688767,462.97492843223114,464.8469548619695,466.66607549641213,467.84489074149917
mango_rmse,medium,2010-09-30,2011Q4,6,WAGE,465.1156497112706,458.46408947355985,6.651560237710726,461.71757816535273,463.0870541970981,465.1400980357439,467.09833014482604,468.4407907177913
mango_rmse,medium,2010-09-30,2012Q1,7,WAGE,465.4062405356618,460.1924925823062,5.2137479533556075,461.75711997505,463.15714122175723,465.43118385159465,467.55310046365724,469.1749601964562
mango_rmse,medium,2010-09-30,2012Q2,8,WAGE,465.6970154170557,460.5460143946219,5.151001022433775,461.7528478669571,463.22363495785265,465.74103156384274,468.01469556936576,469.74190370126655
mango_rmse,medium,2010-12-31,2010Q4,1,CONS,914.8601054608974,928.9828956921305,-14.122790231233012,913.5983770370029,914.0860606964252,914.8509940873482,915.6595250850348,916.1726652522298
mango_rmse,medium,2010-12-31,2011Q1,2,CONS,915.6010775075555,929.3641365665912,-13.763059059035754,913.7390862663565,914.483659024445,915.6146604476313,916.7057109674585,917.4467017119254
mango_rmse,medium,2010-12-31,2011Q2,3,CONS,916.3533214888522,929.4669847547688,-13.113663265916557,914.0564148863691,914.9638467807746,916.3647222051438,917.7610244617542,918.63806834537
mango_rmse,medium,2010-12-31,2011Q3,4,CONS,917.0640073488307,929.7709193408268,-12.706911991996094,914.3862494695612,915.418305926089,917.0486776998313,918.7050526863948,919.8014625363139
mango_rmse,medium,2010-12-31,2011Q4,5,CONS,917.7721361283883,929.9433813298132,-12.171245201424881,914.6515965425447,915.8759828222986,917.7345246818549,919.6636440724233,921.0220919128682
mango_rmse,medium,2010-12-31,2012Q1,6,CONS,918.4753860889983,930.6622261336005,-12.18684004460215,914.9834153323728,916.3966456189229,918.4483324849806,920.5445053446921,921.9784115000607
mango_rmse,medium,2010-12-31,2012Q2,7,CONS,919.1704548178582,930.8376469452386,-11.667192127380417,915.2222406397972,916.9256613138679,919.1489174469939,921.4823288948468,923.1164414854973
mango_rmse,medium,2010-12-31,2012Q3,8,CONS,919.8696461973321,931.0399982629759,-11.170352065643783,915.7180913828863,917.2963338335063,919.8525839155332,922.4432925261343,924.0832852970083
mango_rmse,medium,2010-12-31,2010Q4,1,DEFL,471.38102170516817,457.3122088019198,14.068812903248386,470.90281956464867,471.0949951821133,471.38381972518323,471.67087026555646,471.8623876990321
mango_rmse,medium,2010-12-31,2011Q1,2,DEFL,471.80987732249736,457.8271642119391,13.98271311055828,470.9715759287688,471.31169845333864,471.80555836693594,472.30551534010164,472.6550280750291
mango_rmse,medium,2010-12-31,2011Q2,3,DEFL,472.2482109471552,458.48552274726825,13.762688199886952,470.9858338968648,471.5289657263994,472.24069827859796,472.9598308120663,473.48669121588597
mango_rmse,medium,2010-12-31,2011Q3,4,DEFL,472.6823825148268,459.10205503836494,13.580327476461889,471.0442719916259,471.70464340382705,472.65704609987915,473.7009718181475,474.3480260630684
mango_rmse,medium,2010-12-31,2011Q4,5,DEFL,473.13808008448547,459.2226780352162,13.91540204926929,471.1019693901409,471.8524511114326,473.1247954032349,474.4542454650788,475.35221119737815
mango_rmse,medium,2010-12-31,2012Q1,6,DEFL,473.5992567726311,459.8276478897225,13.771608882908595,471.02398112149916,471.9735112599296,473.55759411477476,475.22185899541313,476.372856168216
mango_rmse,medium,2010-12-31,2012Q2,7,DEFL,474.07129920475643,460.2296059641123,13.841693240644133,470.9747330030334,472.1623981520721,474.0425915593397,476.03461827530947,477.3116594088032
mango_rmse,medium,2010-12-31,2012Q3,8,DEFL,474.5510108728409,460.74675450367744,13.804256369163454,470.8888819627647,472.30603836733144,474.5158952104856,476.8373888420178,478.38678441283787
mango_rmse,medium,2010-12-31,2010Q4,1,FFR,0.5022392321003339,0.18666666666666668,0.3155725654336673,-1.0489044418165019,-0.3693149279425076,0.4805569976858419,1.4303926484043994,1.9911665129471159
mango_rmse,medium,2010-12-31,2011Q1,2,FFR,0.8300880914779611,0.15666666666666668,0.6734214248112944,-1.3927514349495318,-0.4958757200985567,0.8739268405918494,2.122832316133992,2.9363891535383653
mango_rmse,medium,2010-12-31,2011Q2,3,FFR,1.0882865350709086,0.09333333333333334,0.9949532017375752,-1.5940478021008673,-0.5782876461806816,1.1050829370653088,2.650485000155,3.708022502511497
mango_rmse,medium,2010-12-31,2011Q3,4,FFR,1.3185229171180988,0.08333333333333333,1.2351895837847655,-1.7849071682541395,-0.5884373070547244,1.3430338795510495,3.2161803711278334,4.391836587385721
mango_rmse,medium,2010-12-31,2011Q4,5,FFR,1.5063117627182172,0.07333333333333335,1.432978429384884,-2.023845779245649,-0.6073470979885787,1.5834598209441646,3.4884533134378946,4.897572023791028
mango_rmse,medium,2010-12-31,2012Q1,6,FFR,1.6856600009053717,0.10333333333333333,1.5823266675720384,-1.958953666869021,-0.6216619978620613,1.6988160035720785,3.880248714223636,5.375672629471854
mango_rmse,medium,2010-12-31,2012Q2,7,FFR,1.839554053392565,0.15333333333333335,1.6862207200592316,-2.0458051276368376,-0.5162354929087186,1.8597632904305186,4.196812728018897,5.731870034301502
mango_rmse,medium,2010-12-31,2012Q3,8,FFR,1.9851206846893215,0.14333333333333334,1.8417873513559881,-2.191038623542186,-0.6181650795708695,2.010037602720196,4.485267674800114,6.009410146685245
mango_rmse,medium,2010-12-31,2010Q4,1,GDP,950.2558741750003,966.8271103692053,-16.571236194205085,948.7238232476496,949.3039614795389,950.246960034608,951.181122511078,951.8119025077818
mango_rmse,medium,2010-12-31,2011Q1,2,GDP,951.0345401678143,966.5859036314018,-15.551363463587563,948.8045540027467,949.6975402857407,951.0635410053968,952.3890211851184,953.1815436336541
mango_rmse,medium,2010-12-31,2011Q2,3,GDP,951.848491889574,967.261665957135,-15.413174067561044,949.2325470870162,950.2285961046367,951.8729786438985,953.471206269811,954.6076961086629
mango_rmse,medium,2010-12-31,2011Q3,4,GDP,952.6194682052012,967.2228912780705,-14.603423072869305,949.3265210003245,950.7686655207563,952.6278280239869,954.5151040789864,955.8038234688325
mango_rmse,medium,2010-12-31,2011Q4,5,GDP,953.3616916852709,968.3383253013681,-14.97663361609716,949.5459188885972,951.2181549804088,953.3717520812974,955.5384537187637,956.8960061836252
mango_rmse,medium,2010-12-31,2012Q1,6,GDP,954.0997351194412,969.1529212860218,-15.05318616658053,950.0070715121494,951.6806367905443,954.1164830239978,956.503115870458,958.0216304696817
mango_rmse,medium,2010-12-31,2012Q2,7,GDP,954.8459122182068,969.6077453782113,-14.761833160004585,950.4858037099066,952.2639769137229,954.8187974582941,957.4802485096969,959.1265768802219
mango_rmse,medium,2010-12-31,2012Q3,8,GDP,955.5579498247972,969.7824756135876,-14.224525788790402,951.0347408579377,952.7136183674193,955.5348765556357,958.4767172382451,960.194747380157
mango_rmse,medium,2010-12-31,2010Q4,1,HOURS,454.59070540502154,456.58366664724116,-1.9929612422196215,453.11350227626184,453.68788330984694,454.59570527972085,455.47267382645157,456.07528064998667
mango_rmse,medium,2010-12-31,2011Q1,2,HOURS,454.90736563327124,456.76655994468166,-1.8591943114104197,452.6048373623512,453.53670984399275,454.9237321251027,456.24392273064586,457.0758002761256
mango_rmse,medium,2010-12-31,2011Q2,3,HOURS,455.22078858039384,457.8251096636827,-2.6043210832888803,452.3507748598151,453.5176599979281,455.2070612185414,456.97670566821273,458.0017642953007
mango_rmse,medium,2010-12-31,2011Q3,4,HOURS,455.519765713482,458.13691758021395,-2.6171518667319447,451.92574934379627,453.42668132734735,455.56772646033846,457.5553739798521,458.72401974211255
mango_rmse,medium,2010-12-31,2011Q4,5,HOURS,455.7904248286959,458.99550201816106,-3.2050771894651575,451.8676192508528,453.50761149239065,455.75031143907097,458.15254773333675,459.5434282019251
mango_rmse,medium,2010-12-31,2012Q1,6,HOURS,456.0316194522876,459.8326823506083,-3.8010628983207084,451.69017444292126,453.4519978238967,455.9699386564919,458.67154821712995,460.28350217945314
mango_rmse,medium,2010-12-31,2012Q2,7,HOURS,456.2751679225947,460.00571366012684,-3.730545737532168,451.4492529934013,453.42476128492314,456.2961519404092,459.0901000066223,460.8845962717587
mango_rmse,medium,2010-12-31,2012Q3,8,HOURS,456.5272438641194,460.5260181938334,-3.998774329714024,451.2945762653422,453.3956825922991,456.5472246879583,459.58692405344425,461.5530054385269
mango_rmse,medium,2010-12-31,2010Q4,1,INV,754.5126622842879,773.5154467461025,-19.0027844618146,745.9085858240485,749.3617290879754,754.538923914103,759.5414877731766,763.1570595212455
mango_rmse,medium,2010-12-31,2011Q1,2,INV,756.1931375513607,771.6122658380344,-15.419128286673754,743.3604741156382,748.8775542756388,756.2699260159619,763.6412367688531,768.5100139455628
mango_rmse,medium,2010-12-31,2011Q2,3,INV,757.9084924789964,775.6219744335358,-17.71348195453936,742.7712334715346,748.9414337517528,757.8193211340924,767.0159953696724,773.5886279883252
mango_rmse,medium,2010-12-31,2011Q3,4,INV,759.728111433381,775.9522849600758,-16.224173526694813,741.4114774504242,748.6883865959014,759.8779705893362,770.5859133589255,777.8885087363574
mango_rmse,medium,2010-12-31,2011Q4,5,INV,761.3140923934999,783.3770177522407,-22.062925358740813,740.8746060875201,749.2591658045714,761.0621111237085,774.1000300714836,782.1924583842869
mango_rmse,medium,2010-12-31,2012Q1,6,INV,762.7320516560542,785.4442132351122,-22.712161579058034,739.9651165480668,749.1798508213923,762.8352066454783,776.0002794962468,785.844389732081
mango_rmse,medium,2010-12-31,2012Q2,7,INV,764.0852802296661,787.7205662515095,-23.6352860218434,739.2345372251048,749.8700750626261,764.0570113785247,778.3767767781635,788.4789111096259
mango_rmse,medium,2010-12-31,2012Q3,8,INV,765.4708202578807,788.1733240404119,-22.702503782531153,739.150278158079,750.0998696192943,765.4885725758257,780.8392015723388,791.4433308167523
mango_rmse,medium,2010-12-31,2010Q4,1,WAGE,464.8198214368478,461.51106158021446,3.308759856633344,463.53872608140114,464.05689280993823,464.8089116958961,465.5724863951646,466.10254453603886
mango_rmse,medium,2010-12-31,2011Q1,2,WAGE,465.14106403377076,462.24696830661526,2.894095727155502,463.3320952571461,464.0818761959614,465.13735294377886,466.2511279961594,466.9040673332083
mango_rmse,medium,2010-12-31,2011Q2,3,WAGE,465.4532164780547,460.24464800664947,5.208568471405215,463.178526292833,464.1457739571842,465.4701748688135,466.7980117908929,467.6606965030234
mango_rmse,medium,2010-12-31,2011Q3,4,WAGE,465.78120464188453,460.38693402550433,5.394270616380197,463.1313568712804,464.31498894705413,465.75861079755293,467.3148314391428,468.443330634577
mango_rmse,medium,2010-12-31,2011Q4,5,WAGE,466.0630231959363,458.46408947355985,7.598933722376444,462.9853066534996,464.25450948797067,466.0375726057139,467.8341117757517,469.0532387804632
mango_rmse,medium,2010-12-31,2012Q1,6,WAGE,466.34783865039753,460.1924925823062,6.155346068091319,462.9677364635065,464.4070246741755,466.33366237776613,468.33384893360363,469.5978912164866
mango_rmse,medium,2010-12-31,2012Q2,7,WAGE,466.6326838949025,460.5460143946219,6.086669500280607,463.0113265017001,464.4147157638519,466.60372135866805,468.76165726225486,470.3012144913616
mango_rmse,medium,2010-12-31,2012Q3,8,WAGE,466.9213576522247,460.04490589855556,6.87645175366913,463.00526740167703,464.58153346431357,466.96259471162364,469.1661979321991,470.8214432994416
mango_rmse,medium,2011-03-31,2011Q1,1,CONS,915.8822390183302,929.3641365665912,-13.481897548261031,914.5730399851551,915.0734123482436,915.8935644278351,916.6915817968732,917.2054125103709
mango_rmse,medium,2011-03-31,2011Q2,2,CONS,916.6666939649791,929.4669847547688,-12.800290789789642,914.7200052774006,915.4996142546801,916.6817377571838,917.8127210411416,918.5863722930969
mango_rmse,medium,2011-03-31,2011Q3,3,CONS,917.4407107383029,929.7709193408268,-12.330208602523953,914.9954493956186,916.0769860085538,917.4314434503206,918.8804704560569,919.8163238384625
mango_rmse,medium,2011-03-31,2011Q4,4,CONS,918.1939486124168,929.9433813298132,-11.749432717396417,915.3548830780236,916.5627362884748,918.1845682708622,919.8981171622534,921.0423755810209
mango_rmse,medium,2011-03-31,2012Q1,5,CONS,918.9633036552311,930.6622261336005,-11.698922478369354,915.6517854024706,917.0805780975517,918.9521299124813,920.9476236563804,922.2076605551881
mango_rmse,medium,2011-03-31,2012Q2,6,CONS,919.7493028086519,930.8376469452386,-11.08834413658667,916.2188942749209,917.6276362138394,919.710799529,921.9086630107635,923.3083958506895
mango_rmse,medium,2011-03-31,2012Q3,7,CONS,920.5167265204752,931.0399982629759,-10.523271742500697,916.6829310886533,918.2302644601486,920.4727843620676,922.8849184887786,924.514673084638
mango_rmse,medium,2011-03-31,2012Q4,8,CONS,921.2697840036367,931.437285619049,-10.167501615412334,917.0382197728105,918.7803307279797,921.2418426081339,923.8420034387206,925.6294791169736
mango_rmse,medium,2011-03-31,2011Q1,1,DEFL,471.3695125900402,457.8271642119391,13.54234837810111,470.9005020126353,471.08363269156655,471.3698481787775,471.6548060318016,471.84252794378443
mango_rmse,medium,2011-03-31,2011Q2,2,DEFL,471.67306930618173,458.48552274726825,13.187546558913482,470.83424796925004,471.1819271178341,471.68167494724116,472.1710863603954,472.4766621480052
mango_rmse,medium,2011-03-31,2011Q3,3,DEFL,471.96798575603833,459.10205503836494,12.865930717673393,470.73143445136213,471.2525078903361,471.97400424957857,472.70959709238997,473.1188410087322
mango_rmse,medium,2011-03-31,2011Q4,4,DEFL,472.25693978113395,459.2226780352162,13.034261745917775,470.57238152989447,471.2809611755366,472.2690648972816,473.255012514619,473.8529704865734
mango_rmse,medium,2011-03-31,2012Q1,5,DEFL,472.5627377288934,459.8276478897225,12.735089839170882,470.4039074678777,471.2884336582443,472.56351339156345,473.8747498852505,474.66881501917254
mango_rmse,medium,2011-03-31,2012Q2,6,DEFL,472.8781438772867,460.2296059641123,12.64853791317438,470.2514082194142,471.3033759496852,472.88968842381587,474.5028060601337,475.5012073776706
mango_rmse,medium,2011-03-31,2012Q3,7,DEFL,473.1945103019068,460.74675450367744,12.447755798229366,470.0006494254595,471.30015481499765,473.17264932863566,475.17381660254637,476.3894120697002
mango_rmse,medium,2011-03-31,2012Q4,8,DEFL,473.53139458710507,461.25230870332746,12.279085883777611,469.6930508885444,471.26925897255444,473.48952030394923,475.86005583071596,477.3070240329045
mango_rmse,medium,2011-03-31,2011Q1,1,FFR,0.3586189884863748,0.15666666666666668,0.20195232181970812,-1.068627032065404,-0.518407658689496,0.3392989967394555,1.250671212903801,1.8357204896271129
mango_rmse,medium,2011-03-31,2011Q2,2,FFR,0.47888260710068375,0.09333333333333334,0.38554927376735043,-1.6456359750236167,-0.8102148809376644,0.477387368278715,1.7174509353506806,2.601091228402144
mango_rmse,medium,2011-03-31,2011Q3,3,FFR,0.6465046165707209,0.08333333333333333,0.5631712832373875,-1.9775761044197098,-0.9418305246393269,0.6701726504325543,2.254345043360313,3.2099179293413407
mango_rmse,medium,2011-03-31,2011Q4,4,FFR,0.8687240045249554,0.07333333333333335,0.795390671191622,-2.0797969054951375,-0.9821713222368108,0.8469164346577436,2.670066930513234,4.000105853454277
mango_rmse,medium,2011-03-31,2012Q1,5,FFR,1.0272531297010818,0.10333333333333333,0.9239197963677486,-2.3677577027692074,-1.0136355202680856,1.0442615130993715,3.069483277833833,4.361285206629431
mango_rmse,medium,2011-03-31,2012Q2,6,FFR,1.1934722090179348,0.15333333333333335,1.0401388756846015,-2.561966342297275,-1.041181964123934,1.1884973208767888,3.4025028961416695,4.700269870975291
mango_rmse,medium,2011-03-31,2012Q3,7,FFR,1.3499713632902435,0.14333333333333334,1.2066380299569102,-2.576242347391748,-0.9918875269552794,1.3550459541596416,3.7731527563080154,5.193040739223703
mango_rmse,medium,2011-03-31,2012Q4,8,FFR,1.4483259375201507,0.16,1.2883259375201508,-2.7917262718776423,-0.9827488877765124,1.449901321613864,3.9204694466875503,5.466603214811652
mango_rmse,medium,2011-03-31,2011Q1,1,GDP,950.9889222244501,966.5859036314018,-15.596981406951727,949.4433331930281,950.0621195334162,950.9714769690283,951.9092469475307,952.5168913146136
mango_rmse,medium,2011-03-31,2011Q2,2,GDP,951.8068878654786,967.261665957135,-15.454778091656408,949.585950345493,950.4635764399458,951.7649308513821,953.1181405531993,954.0093213099772
mango_rmse,medium,2011-03-31,2011Q3,3,GDP,952.6326832538606,967.2228912780705,-14.590208024209915,949.877408012413,950.9957376070352,952.5907231624853,954.3217438604248,955.4990779970021
mango_rmse,medium,2011-03-31,2011Q4,4,GDP,953.4419225067644,968.3383253013681,-14.89640279460366,950.1656921450402,951.4748545765542,953.4001846203248,955.4182301270628,956.8275895785015
mango_rmse,medium,2011-03-31,2012Q1,5,GDP,954.2368309408087,969.1529212860218,-14.916090345213092,950.4980787501152,952.0085174141216,954.1736450801191,956.4953425078187,958.0506993692946
mango_rmse,medium,2011-03-31,2012Q2,6,GDP,955.0664064635047,969.6077453782113,-14.541338914706671,951.0140864443977,952.576581070409,955.0472667341458,957.6054900148044,959.1835793611126
mango_rmse,medium,2011-03-31,2012Q3,7,GDP,955.8710911806992,969.7824756135876,-13.91138443288844,951.4148188948285,953.1459583244409,955.8126636914453,958.5950193389081,960.46913954903
mango_rmse,medium,2011-03-31,2012Q4,8,GDP,956.6638447649874,969.8922534031813,-13.228408638193855,951.7871429538527,953.7543045653633,956.6030881174424,959.6215411624269,961.7180261414123
mango_rmse,medium,2011-03-31,2011Q1,1,HOURS,454.4259433431489,456.76655994468166,-2.3406166015327585,452.97151908986797,453.51567252547693,454.40089447530136,455.3491511154123,455.97537799325005
mango_rmse,medium,2011-03-31,2011Q2,2,HOURS,454.70376096297076,457.8251096636827,-3.1213487007119625,452.4678641586092,453.3767534423564,454.676821246636,456.0549537404951,456.9781007577561
mango_rmse,medium,2011-03-31,2011Q3,3,HOURS,455.0118090471384,458.13691758021395,-3.1251085330755473,452.28217783634153,453.3148635300223,454.9961084292099,456.74538781316284,457.84988238916094
mango_rmse,medium,2011-03-31,2011Q4,4,HOURS,455.31367469877773,458.99550201816106,-3.6818273193833306,451.9693178173925,453.23646320121844,455.2449889989223,457.41340335920506,458.7097710571851
mango_rmse,medium,2011-03-31,2012Q1,5,HOURS,455.60033609684854,459.8326823506083,-4.232346253759772,451.7966322381361,453.2178760368976,455.5447701582059,458.01237207544085,459.4775584855351
mango_rmse,medium,2011-03-31,2012Q2,6,HOURS,455.90724938043246,460.00571366012684,-4.098464279694383,451.64602931327715,453.2882362622754,455.8526849118316,458.6434742911818,460.3315370030562
mango_rmse,medium,2011-03-31,2012Q3,7,HOURS,456.21339959465547,460.5260181938334,-4.312618599177938,451.6170637765653,453.29720763215204,456.0554316051498,459.17303387873056,461.1287917907748
mango_rmse,medium,2011-03-31,2012Q4,8,HOURS,456.48724296556315,461.10130829713495,-4.614065331571794,451.42248983358655,453.312217202701,456.4643996062147,459.6854905505727,461.7515686881847
mango_rmse,medium,2011-03-31,2011Q1,1,INV,749.0191243456304,771.6122658380344,-22.593141492404015,740.0272190213888,743.8814773780919,749.0439424006502,754.4218076552401,757.9666387816362
mango_rmse,medium,2011-03-31,2011Q2,2,INV,750.768706206827,775.6219744335358,-24.853268226708792,737.9350916193208,742.9244878979715,750.7799177036277,758.4049855685693,763.8385552816455
mango_rmse,medium,2011-03-31,2011Q3,3,INV,752.6539761236869,775.9522849600758,-23.298308836388856,737.4985061629769,743.12435334991,752.600156947716,762.3383220878866,768.4892897707965
mango_rmse,medium,2011-03-31,2011Q4,4,INV,754.2481194344628,783.3770177522407,-29.128898317777953,736.3947492978616,743.2728307616812,753.8500191438376,765.717870713206,772.4209090770457
mango_rmse,medium,2011-03-31,2012Q1,5,INV,755.7631612055848,785.4442132351122,-29.68105202952745,735.5015873490144,743.3561830972718,755.6705569374998,768.0688973332512,776.6944205554847
mango_rmse,medium,2011-03-31,2012Q2,6,INV,757.3270576730273,787.7205662515095,-30.39350857848217,734.4964561819393,743.5219737930873,757.5173246802212,770.8585046170069,780.1502343392874
mango_rmse,medium,2011-03-31,2012Q3,7,INV,758.8144763083836,788.1733240404119,-29.358847732028266,733.3988976393173,743.6460642014633,758.8802065487033,773.9544892590333,783.6358955276161
mango_rmse,medium,2011-03-31,2012Q4,8,INV,760.5534551785579,787.2799983894643,-26.726543210906357,733.8155507713499,744.7829021926581,760.3573301489215,776.6641527144541,787.4900135201054
mango_rmse,medium,2011-03-31,2011Q1,1,WAGE,465.19204273319,462.24696830661526,2.945074426574763,463.9758122431131,464.42992621096784,465.19815966734984,465.93481507244553,466.4076990325031
mango_rmse,medium,2011-03-31,2011Q2,2,WAGE,465.51324654581794,460.24464800664947,5.268598539168465,463.73189564265056,464.4681071330542,465.5345436178965,466.56035243424714,467.2079515473869
mango_rmse,medium,2011-03-31,2011Q3,3,WAGE,465.8498809897812,460.38693402550433,5.462946964276853,463.58448260716585,464.48007179832894,465.8572239211044,467.22254413987696,468.07286053792757
mango_rmse,medium,2011-03-31,2011Q4,4,WAGE,466.1795849788756,458.46408947355985,7.715495505315744,463.5786188559431,464.6131420398784,466.1902927491144,467.74121446921623,468.7877736348411
mango_rmse,medium,2011-03-31,2012Q1,5,WAGE,466.5149842730767,460.1924925823062,6.322491690770505,463.5800649932217,464.7246661861457,466.54628675910124,468.3337604645036,469.3870890385277
mango_rmse,medium,2011-03-31,2012Q2,6,WAGE,466.85016923569816,460.5460143946219,6.30415484107624,463.5484977800155,464.8243291278277,466.83407747479725,468.86582274319363,470.0422388482313
mango_rmse,medium,2011-03-31,2012Q3,7,WAGE,467.1613259990458,460.04490589855556,7.116420100490245,463.56224024618615,464.9256856442201,467.14475957361844,469.4370935409833,470.63353835757727
mango_rmse,medium,2011-03-31,2012Q4,8,WAGE,467.446675202899,461.94181992532924,5.504855277569732,463.7150930351012,465.00920081042784,467.42620477661137,469.88501113676546,471.3207762180524
mango_rmse,medium,2011-06-30,2011Q2,1,CONS,916.3370965922309,929.4669847547688,-13.129888162537895,915.0366218126507,915.5276165711546,916.3387397271074,917.1318284488366,917.6275602350951
mango_rmse,medium,2011-06-30,2011Q3,2,CONS,917.081440088685,929.7709193408268,-12.689479252141837,915.214744360666,915.9653267103141,917.0832826611031,918.2315529385606,918.9299669358916
mango_rmse,medium,2011-06-30,2011Q4,3,CONS,917.7914038345016,929.9433813298132,-12.151977495311598,915.3930507858651,916.3679812395422,917.8262079414852,919.1682326313352,920.0316747238244
mango_rmse,medium,2011-06-30,2012Q1,4,CONS,918.5181939863805,930.6622261336005,-12.144032147219946,915.7094068290855,916.838047830404,918.5413605939771,920.133798027401,921.2657046240886
mango_rmse,medium,2011-06-30,2012Q2,5,CONS,919.2040287038203,930.8376469452386,-11.633618241418276,916.0779857100227,917.2505236891462,919.230802204674,921.089311397568,922.397561326749
mango_rmse,medium,2011-06-30,2012Q3,6,CONS,919.929713225983,931.0399982629759,-11.110285036992877,916.3826639840063,917.8109095833832,919.8906435801063,922.02219306871,923.5789985345883
mango_rmse,medium,2011-06-30,2012Q4,7,CONS,920.6596041011692,931.437285619049,-10.777681517879842,916.7942972379993,918.3277641563205,920.6722857367645,923.0298196018316,924.6530396372816
mango_rmse,medium,2011-06-30,2013Q1,8,CONS,921.3748794884924,931.9686225614282,-10.593743072935808,917.1796687225025,918.8540657066205,921.3414676034718,924.0074244955307,925.6483821215191
mango_rmse,medium,2011-06-30,2011Q2,1,DEFL,471.95912327545204,458.48552274726825,13.473600528183795,471.4694320392771,471.6553313148537,471.95696604395573,472.25764630051816,472.46369994686927
mango_rmse,medium,2011-06-30,2011Q3,2,DEFL,472.32892272077237,459.10205503836494,13.22686768240743,471.5003070127135,471.8045100766174,472.3261969992343,472.85745354384,473.15142805924165
mango_rmse,medium,2011-06-30,2011Q4,3,DEFL,472.706582691891,459.2226780352162,13.483904656674838,471.49215668370704,471.9607525495703,472.7239099246554,473.45313417147185,473.92475628066717
mango_rmse,medium,2011-06-30,2012Q1,4,DEFL,473.1042793112595,459.8276478897225,13.27663142153699,471.419486523317,472.1164237602571,473.11557525535136,474.0963668588948,474.7596714363495
mango_rmse,medium,2011-06-30,2012Q2,5,DEFL,473.4944535916773,460.2296059641123,13.264847627565018,471.35933683100893,472.1976927413345,473.53304758822594,474.7706941501985,475.5973248790168
mango_rmse,medium,2011-06-30,2012Q3,6,DEFL,473.88677547856,460.74675450367744,13.140020974882589,471.19717532320976,472.26858706216143,473.9210302896606,475.4442261811387,476.4825764646546
mango_rmse,medium,2011-06-30,2012Q4,7,DEFL,474.3016602112058,461.25230870332746,13.049351507878328,471.0468794151455,472.3564538920321,474.3549874221634,476.2328963987474,477.4334457711223
mango_rmse,medium,2011-06-30,2013Q1,8,DEFL,474.7229525653473,461.651558288791,13.071394276556305,470.85821191130236,472.51640883880617,474.78336699104267,476.96259847073384,478.4917039496994
mango_rmse,medium,2011-06-30,2011Q2,1,FFR,0.3542952936384694,0.09333333333333334,0.2609619603051361,-1.0715830582439907,-0.5375924381925329,0.3577999441397425,1.2129916370980809,1.7966527934386693
mango_rmse,medium,2011-06-30,2011Q3,2,FFR,0.6016095511769616,0.08333333333333333,0.5182762178436282,-1.438225073927427,-0.6443986761727751,0.5785271543256236,1.8778208418131255,2.6888002840283294
mango_rmse,medium,2011-06-30,2011Q4,3,FFR,0.7970689799611737,0.07333333333333335,0.7237356466278403,-1.7929508476620941,-0.7702500681820846,0.8253680225895148,2.396120933086167,3.2641953663659855
mango_rmse,medium,2011-06-30,2012Q1,4,FFR,0.9860729000164826,0.10333333333333333,0.8827395666831492,-2.0689619326046618,-0.8959685762678532,1.0360657481218793,2.802967518232561,3.9076653372868138
mango_rmse,medium,2011-06-30,2012Q2,5,FFR,1.130852703889162,0.15333333333333335,0.9775193705558287,-2.300653156208013,-0.9592919297492172,1.1427315117524972,3.2005731625326925,4.510789933743934
mango_rmse,medium,2011-06-30,2012Q3,6,FFR,1.253269029965708,0.14333333333333334,1.1099356966323748,-2.3404066273815434,-1.0320381793704936,1.2688600179805065,3.454024088705816,5.046179339495102
mango_rmse,medium,2011-06-30,2012Q4,7,FFR,1.4104397929478942,0.16,1.2504397929478943,-2.614520806894869,-1.0120308402815184,1.481787181498147,3.751563187234339,5.274211089488173
mango_rmse,medium,2011-06-30,2013Q1,8,FFR,1.5175142921439282,0.14333333333333334,1.3741809588105949,-2.6868598453972456,-0.9470477529493366,1.5704244980780642,3.987564678946312,5.657818638235758
mango_rmse,medium,2011-06-30,2011Q2,1,GDP,951.4190966338008,967.261665957135,-15.84256932333426,949.9099993992553,950.5364702823213,951.4466206846143,952.3286501273966,952.8291200065236
mango_rmse,medium,2011-06-30,2011Q3,2,GDP,952.2087508919351,967.2228912780705,-15.01414038613541,950.0959196451244,950.9131282148744,952.1831366396528,953.5080834215782,954.3824587743701
mango_rmse,medium,2011-06-30,2011Q4,3,GDP,952.9983756270038,968.3383253013681,-15.33994967436422,950.3487956708592,951.3069149957943,952.9979665262994,954.6440582437099,955.7055464986505
mango_rmse,medium,2011-06-30,2012Q1,4,GDP,953.7804785673945,969.1529212860218,-15.372442718627212,950.4639066094837,951.7924996277036,953.8116623567221,955.7156240368026,956.9439490481735
mango_rmse,medium,2011-06-30,2012Q2,5,GDP,954.5199481270243,969.6077453782113,-15.087797251186998,950.66702962317,952.3351444922616,954.5554549432696,956.7057758868775,958.1588414970408
mango_rmse,medium,2011-06-30,2012Q3,6,GDP,955.2715355426662,969.7824756135876,-14.510940070921379,951.183991773474,952.9023634302996,955.2657855223363,957.6351553491693,959.2732290397655
mango_rmse,medium,2011-06-30,2012Q4,7,GDP,956.0196503585591,969.8922534031813,-13.87260304462211,951.6283891367964,953.4664227032903,956.015571427897,958.5899599709936,960.3769559697976
mango_rmse,medium,2011-06-30,2013Q1,8,GDP,956.7351608423555,970.7562992997954,-14.02113845743986,951.865438870573,953.8898689790988,956.7225032435452,959.6003943986524,961.5885562869361
mango_rmse,medium,2011-06-30,2011Q2,1,HOURS,454.82631640192596,457.8251096636827,-2.9987932617567594,453.33623155553215,453.9579252291558,454.8512276906814,455.7098198328682,456.28512841794355
mango_rmse,medium,2011-06-30,2011Q3,2,HOURS,455.1043971068977,458.13691758021395,-3.0325204733162536,452.84300853110955,453.848819068046,455.1182299442111,456.4047325480692,457.2506149241321
mango_rmse,medium,2011-06-30,2011Q4,3,HOURS,455.37361037167545,458.99550201816106,-3.621891646485608,452.5762712561949,453.65554085284367,455.38440529427294,457.01643708565786,458.2173218984745
mango_rmse,medium,2011-06-30,2012Q1,4,HOURS,455.6697443123924,459.8326823506083,-4.162938038215884,452.2221645825903,453.62230700970275,455.74820246031067,457.6561542279203,459.0501702720638
mango_rmse,medium,2011-06-30,2012Q2,5,HOURS,455.93731111680484,460.00571366012684,-4.068402543322009,452.00428974649736,453.6138600587237,455.98541049360676,458.22025993058213,459.77957746343355
mango_rmse,medium,2011-06-30,2012Q3,6,HOURS,456.18816328463095,460.5260181938334,-4.337854909202463,451.81718715614625,453.5464466923395,456.23837299691206,458.7566853751884,460.4755999224829
mango_rmse,medium,2011-06-30,2012Q4,7,HOURS,456.4220393905068,461.10130829713495,-4.679268906628124,451.5054325794668,453.59487043252113,456.4704036069562,459.239405809736,461.1426899741872
mango_rmse,medium,2011-06-30,2013Q1,8,HOURS,456.64828442570257,461.53185170399064,-4.883567278288069,451.39243987583984,453.6166806641256,456.644578798453,459.79474376819917,461.6946007896938
mango_rmse,medium,2011-06-30,2011Q2,1,INV,752.1149417448377,775.6219744335358,-23.507032688698132,743.7955527797251,747.0480585508669,752.1722076666592,757.0436383879562,760.1155175731166
mango_rmse,medium,2011-06-30,2011Q3,2,INV,753.7897177636968,775.9522849600758,-22.162567196378973,741.4852794302318,746.374659311806,753.8996714127568,761.0114599827463,766.4051979152939
mango_rmse,medium,2011-06-30,2011Q4,3,INV,755.3748671833706,783.3770177522407,-28.002150568870093,739.4444877806669,746.2447801559738,755.5460208095977,764.6695354667594,770.8887358844688
mango_rmse,medium,2011-06-30,2012Q1,4,INV,757.0205452016586,785.4442132351122,-28.423668033453623,738.4721075993542,746.0177893542808,757.3651727049834,768.0421391012267,775.412772573219
mango_rmse,medium,2011-06-30,2012Q2,5,INV,758.387347707704,787.7205662515095,-29.333218543805515,737.1897714581136,745.8653718186123,758.2249715458004,770.8315397507425,779.0645690766804
mango_rmse,medium,2011-06-30,2012Q3,6,INV,759.5978963730402,788.1733240404119,-28.57542766737174,736.6283618748497,745.4713799266437,759.4928383031622,773.5957756600426,781.4892296489718
mango_rmse,medium,2011-06-30,2012Q4,7,INV,760.996628797699,787.2799983894643,-26.283369591765222,735.6333829925669,745.497254550554,760.8490978112909,775.9066256680699,785.5484261275046
mango_rmse,medium,2011-06-30,2013Q1,8,INV,762.3008357913787,790.9407961623422,-28.639960370963422,734.9815101038703,745.5323994482704,762.6573575975265,778.8758709115997,788.6199724125148
mango_rmse,medium,2011-06-30,2011Q2,1,WAGE,463.98933451014256,460.24464800664947,3.744686503493085,462.76909255520917,463.2531399225461,463.9991233394717,464.709355438816,465.22023192900974
mango_rmse,medium,2011-06-30,2011Q3,2,WAGE,464.2985420819082,460.38693402550433,3.91160805640385,462.53435488118055,463.2492063214379,464.26879504706443,465.3784801382898,466.0755725004962
mango_rmse,medium,2011-06-30,2011Q4,3,WAGE,464.60643729369946,458.46408947355985,6.142347820139605,462.4155135018331,463.3010711041583,464.56743725547915,465.9242941729178,466.74715327778756
mango_rmse,medium,2011-06-30,2012Q1,4,WAGE,464.86441430124296,460.1924925823062,4.671921718936744,462.3002485748039,463.3912257188285,464.846045791723,466.4097923850975,467.392782320018
mango_rmse,medium,2011-06-30,2012Q2,5,WAGE,465.1333755815212,460.5460143946219,4.5873611868992725,462.2609373447306,463.3964339222622,465.1110132862826,466.83381134008397,468.01845972215096
mango_rmse,medium,2011-06-30,2012Q3,6,WAGE,465.4178097221473,460.04490589855556,5.3729038235917415,462.2161922916084,463.5120969907312,465.41469805530016,467.35327538766546,468.62332069136096
mango_rmse,medium,2011-06-30,2012Q4,7,WAGE,465.67192245660476,461.94181992532924,3.73010253127552,462.16894805067875,463.60431179339474,465.6169348554677,467.74422065517933,469.1780042279372
mango_rmse,medium,2011-06-30,2013Q1,8,WAGE,465.9461921783483,460.02983377843236,5.916358399915964,461.9458971307806,463.6803309006298,465.9220898024462,468.2815857462411,469.87794716072966
mango_rmse,medium,2011-09-30,2011Q3,1,CONS,915.4351890812751,929.7709193408268,-14.335730259551724,914.1393024644702,914.6739038264024,915.426869399494,916.1969378000902,916.7851254343421
mango_rmse,medium,2011-09-30,2011Q4,2,CONS,916.1150119459647,929.9433813298132,-13.82836938384844,914.22199537534,914.971392194461,916.1474380172983,917.2026799112836,917.955498731163
mango_rmse,medium,2011-09-30,2012Q1,3,CONS,916.768051597605,930.6622261336005,-13.89417453599549,914.339206717415,915.310799942225,916.8268397499312,918.1146446907895,919.1714400428943
mango_rmse,medium,2011-09-30,2012Q2,4,CONS,917.3844311580831,930.8376469452386,-13.4532157871555,914.5623880418781,915.7008208858664,917.3549774279544,919.0574037622796,920.2571973785241
mango_rmse,medium,2011-09-30,2012Q3,5,CONS,918.0226140052112,931.0399982629759,-13.017384257764775,914.6679022923233,916.0563533554695,918.05459253958,919.9464012317115,921.3505460422831
mango_rmse,medium,2011-09-30,2012Q4,6,CONS,918.6453291148795,931.437285619049,-12.791956504169548,915.0255656156547,916.4051278943313,918.6322478220366,920.8157494882395,922.3123438419377
mango_rmse,medium,2011-09-30,2013Q1,7,CONS,919.2965035874603,931.9686225614282,-12.67211897396794,915.1305156433812,916.7904451590465,919.3371345720611,921.7544618580151,923.1951747861693
mango_rmse,medium,2011-09-30,2013Q2,8,CONS,919.9220590255246,932.1223838026934,-12.200324777168817,915.3966628751623,917.2207540072411,919.9137335614791,922.5567470982088,924.3141663523432
mango_rmse,medium,2011-09-30,2011Q3,1,DEFL,473.3896896558401,459.10205503836494,14.287634617475135,472.91217580777356,473.10527394348867,473.3878048913176,473.6762826833236,473.856297667326
mango_rmse,medium,2011-09-30,2011Q4,2,DEFL,473.96462633482645,459.2226780352162,14.741948299610272,473.1690003739781,473.4593526871366,473.97341730727794,474.4646755213438,474.75813113909976
mango_rmse,medium,2011-09-30,2012Q1,3,DEFL,474.5546465350102,459.8276478897225,14.726998645287665,473.32297685162,473.8095660533549,474.5804840368182,475.2764220425733,475.7647181503025
mango_rmse,medium,2011-09-30,2012Q2,4,DEFL,475.1367810112365,460.2296059641123,14.907175047124213,473.5098368836921,474.1311980121423,475.14653204329534,476.12376545329414,476.7529330042632
mango_rmse,medium,2011-09-30,2012Q3,5,DEFL,475.7146648391824,460.74675450367744,14.96791033550494,473.59910363549926,474.4039563212513,475.7148941506666,476.9805201754365,477.78444449151306
mango_rmse,medium,2011-09-30,2012Q4,6,DEFL,476.2906494917977,461.25230870332746,15.038340788470236,473.6449018142486,474.68231579634346,476.268344923864,477.91580986316785,478.8108252897749
mango_rmse,medium,2011-09-30,2013Q1,7,DEFL,476.8655395963475,461.651558288791,15.21398130755648,473.6560788166827,474.90424755358583,476.8418987339584,478.8571084368541,479.9896258140014
mango_rmse,medium,2011-09-30,2013Q2,8,DEFL,477.4382343741601,461.93491871613605,15.503315658024064,473.6455607312565,475.0914589057658,477.4182841974264,479.7919508318743,481.14528387780314
mango_rmse,medium,2011-09-30,2011Q3,1,FFR,0.39784199648936075,0.08333333333333333,0.31450866315602743,-1.0539033824116442,-0.47924918278513323,0.3889075625769677,1.2886627776594455,1.900308485710501
mango_rmse,medium,2011-09-30,2011Q4,2,FFR,0.6839422737901578,0.07333333333333335,0.6106089404568245,-1.459367997269048,-0.6158038343343522,0.6860397814142869,1.9428180456019886,2.789872966924155
mango_rmse,medium,2011-09-30,2012Q1,3,FFR,0.8935423670662228,0.10333333333333333,0.7902090337328895,-1.8153529356945415,-0.6884128713869521,0.9140545727125685,2.4451028251799674,3.484865184951565
mango_rmse,medium,2011-09-30,2012Q2,4,FFR,1.1137622330745034,0.15333333333333335,0.9604288997411701,-2.0395446710422247,-0.7200228886283558,1.205767350936474,2.8922260488928404,4.139762129113571
mango_rmse,medium,2011-09-30,2012Q3,5,FFR,1.329970950169033,0.14333333333333334,1.1866376168356998,-2.08716408932556,-0.7408541797983026,1.3962370745594086,3.373615245764169,4.652969777653458
mango_rmse,medium,2011-09-30,2012Q4,6,FFR,1.5127433910450334,0.16,1.3527433910450335,-2.154940217394735,-0.7592605990195859,1.5728922355758477,3.7496835620300057,5.066373729602145
mango_rmse,medium,2011-09-30,2013Q1,7,FFR,1.6444520828010232,0.14333333333333334,1.5011187494676899,-2.470598753665151,-0.7468480582496834,1.6896300008109575,4.080855476937158,5.441584382180664
mango_rmse,medium,2011-09-30,2013Q2,8,FFR,1.8107535557463164,0.11666666666666665,1.6940868890796497,-2.5988038600010905,-0.6851476187579117,1.8672638390090155,4.367251611556804,5.869840980256093
mango_rmse,medium,2011-09-30,2011Q3,1,GDP,950.0885639639861,967.2228912780705,-17.13432731408443,948.6372104999862,949.1637337457926,950.0787241647847,950.9692875150917,951.5542912402859
mango_rmse,medium,2011-09-30,2011Q4,2,GDP,950.7987010462833,968.3383253013681,-17.539624255084732,948.6237723229962,949.5299431636794,950.7898779705597,952.1137798478287,953.0304954541292
mango_rmse,medium,2011-09-30,2012Q1,3,GDP,951.4947381841921,969.1529212860218,-17.65818310182965,948.7203667611778,949.8651074064804,951.4815448322761,953.157626887968,954.2639955996387
mango_rmse,medium,2011-09-30,2012Q2,4,GDP,952.1560048236963,969.6077453782113,-17.451740554515027,948.9393064023832,950.1994197448223,952.1431990667584,954.159164915499,955.4142097282721
mango_rmse,medium,2011-09-30,2012Q3,5,GDP,952.8328652631882,969.7824756135876,-16.94961035039944,949.059818822329,950.602665699677,952.8391252071204,955.1211819935758,956.5131019514951
mango_rmse,medium,2011-09-30,2012Q4,6,GDP,953.4832287064995,969.8922534031813,-16.40902469668174,949.3642801839551,951.0051290406007,953.4886325844443,955.9442854933986,957.5863922945395
mango_rmse,medium,2011-09-30,2013Q1,7,GDP,954.1388082028298,970.7562992997954,-16.617491096965637,949.6927050828571,951.4338153967367,954.1275557707191,956.8319455013717,958.6060728384358
mango_rmse,medium,2011-09-30,2013Q2,8,GDP,954.7648649658585,970.8955874685364,-16.13072250267794,949.8554415213674,951.8164467352366,954.7638703315127,957.7332325067309,959.5728594668217
mango_rmse,medium,2011-09-30,2011Q3,1,HOURS,455.2325624102264,458.13691758021395,-2.904355169987525,453.826289944719,454.3748803781964,455.2010080272855,456.09402191252974,456.6700791228375
mango_rmse,medium,2011-09-30,2011Q4,2,HOURS,455.5095498818478,458.99550201816106,-3.4859521363132444,453.43641015343434,454.2656093538233,455.4988306067091,456.77311288204083,457.6943046539003
mango_rmse,medium,2011-09-30,2012Q1,3,HOURS,455.7974470379337,459.8326823506083,-4.035235312674615,453.1588893435674,454.18798170429324,455.78443780469297,457.39292766698696,458.52442863369225
mango_rmse,medium,2011-09-30,2012Q2,4,HOURS,456.0373604544003,460.00571366012684,-3.968353205726544,452.88196514998464,454.0926514264769,456.0115063595044,457.97249309988496,459.3331957400511
mango_rmse,medium,2011-09-30,2012Q3,5,HOURS,456.3018693942582,460.5260181938334,-4.224148799575232,452.6089319502048,454.0518619188905,456.2703818548292,458.5327004116938,460.02410412180694
mango_rmse,medium,2011-09-30,2012Q4,6,HOURS,456.5163206170642,461.10130829713495,-4.584987680070753,452.290450434557,453.9767504393758,456.54719746009914,459.03614167793364,460.6217493898004
mango_rmse,medium,2011-09-30,2013Q1,7,HOURS,456.7498153544084,461.53185170399064,-4.782036349582256,452.10668902583546,454.00011421027494,456.7203845949321,459.54023681400685,461.30502839413776
mango_rmse,medium,2011-09-30,2013Q2,8,HOURS,456.963511090232,461.94181992532924,-4.978308835097266,451.97375071493434,453.9199974812809,456.9224886041317,460.1036432435978,461.8249019680249
mango_rmse,medium,2011-09-30,2011Q3,1,INV,749.9651787427913,775.9522849600758,-25.987106217284463,741.665383049158,744.7098186422736,749.8422349154064,755.317291124902,758.6629603579636
mango_rmse,medium,2011-09-30,2011Q4,2,INV,751.5285648247491,783.3770177522407,-31.84845292749162,739.3175932061037,743.8627485674494,751.3291741219792,759.2665872811731,763.9566853966115
mango_rmse,medium,2011-09-30,2012Q1,3,INV,753.1096833165363,785.4442132351122,-32.33452991857587,737.1821246423086,743.9857204861989,753.136770828115,762.4110600301179,768.4336030995955
mango_rmse,medium,2011-09-30,2012Q2,4,INV,754.3281947075411,787.7205662515095,-33.39237154396835,736.664867596052,743.7476506330688,754.6185809412141,764.8518487419019,771.855875898562
mango_rmse,medium,2011-09-30,2012Q3,5,INV,755.4406605254089,788.1733240404119,-32.73266351500297,734.9865702722948,743.2357509449967,755.5971859244296,767.4541471636724,775.0128967847656
mango_rmse,medium,2011-09-30,2012Q4,6,INV,756.5037307828056,787.2799983894643,-30.77626760665862,734.3274698359992,742.5480920622506,756.6879553941849,769.9554306712394,778.2320017018332
mango_rmse,medium,2011-09-30,2013Q1,7,INV,757.656938163495,790.9407961623422,-33.28385799884711,733.0615352619526,743.0247210815103,757.770262815889,772.0229374696921,782.2365274745189
mango_rmse,medium,2011-09-30,2013Q2,8,INV,758.7673814303199,792.0532589341361,-33.28587750381621,733.1890587693428,742.4529722236446,759.0179482231953,774.5474568304154,785.0178128598455
mango_rmse,medium,2011-09-30,2011Q3,1,WAGE,463.9362795097978,460.38693402550433,3.5493454842934966,462.7187366241064,463.2009697388705,463.91977715894996,464.69073283755745,465.15388039831106
mango_rmse,medium,2011-09-30,2011Q4,2,WAGE,464.1607537581402,458.46408947355985,5.696664284580322,462.36957313493116,463.1027182945916,464.1178248839341,465.24570136801196,466.038830609186
mango_rmse,medium,2011-09-30,2012Q1,3,WAGE,464.38843550883837,460.1924925823062,4.195942926532155,462.27211546871877,463.04854968354454,464.327702582544,465.750418107863,466.6692775942752
mango_rmse,medium,2011-09-30,2012Q2,4,WAGE,464.6224113743846,460.5460143946219,4.0763969797627055,461.96018055529703,463.04624079825015,464.62431694136694,466.2913817466735,467.29752085519164
mango_rmse,medium,2011-09-30,2012Q3,5,WAGE,464.86443369673793,460.04490589855556,4.819527798182378,461.8494543146741,463.0401632561328,464.8432509123379,466.7618179447563,467.80327860201817
mango_rmse,medium,2011-09-30,2012Q4,6,WAGE,465.0960830655981,461.94181992532924,3.154263140268881,461.77746974385093,463.0826282857133,465.0840742047374,467.17475684027585,468.43589122078515
mango_rmse,medium,2011-09-30,2013Q1,7,WAGE,465.3250104525598,460.02983377843236,5.295176674127447,461.75196326905194,463.1154260734504,465.3082754773478,467.62864033093797,468.95387668587074
mango_rmse,medium,2011-09-30,2013Q2,8,WAGE,465.55062010064563,460.8375044937003,4.713115606945337,461.51398384312887,463.2155832681784,465.52641988446715,467.9930475524334,469.5746677164847
mango_rmse,medium,2011-12-31,2011Q4,1,CONS,915.861940240678,929.9433813298132,-14.081441089135183,914.5709871834932,915.0746272528867,915.8470950850417,916.6640474710449,917.146590895704
mango_rmse,medium,2011-12-31,2012Q1,2,CONS,916.5020812610695,930.6622261336005,-14.160144872530964,914.5371593411594,915.3865490712086,916.4830765574482,917.6617002047657,918.406179639249
mango_rmse,medium,2011-12-31,2012Q2,3,CONS,917.1473384692817,930.8376469452386,-13.69030847595684,914.719668455887,915.7422745820998,917.1462806613549,918.5470160245308,919.5800901469433
mango_rmse,medium,2011-12-31,2012Q3,4,CONS,917.8079284286831,931.0399982629759,-13.232069834292815,914.9622416772805,916.0662094789893,917.8030337093592,919.5498832686002,920.7115482855529
mango_rmse,medium,2011-12-31,2012Q4,5,CONS,918.4556392549205,931.437285619049,-12.98164636412855,915.2437750502276,916.4931994856995,918.3847829740087,920.4719090796735,921.7682037990321
mango_rmse,medium,2011-12-31,2013Q1,6,CONS,919.1316307743647,931.9686225614282,-12.836991787063539,915.4866837460718,916.8773726069788,919.1296750919882,921.3407907616224,922.8553566973923
mango_rmse,medium,2011-12-31,2013Q2,7,CONS,919.7430599761362,932.1223838026934,-12.379323826557197,915.7373768627662,917.2872298396366,919.7611162228991,922.1754248903018,923.7293001189854
mango_rmse,medium,2011-12-31,2013Q3,8,CONS,920.388350356874,932.4955461653029,-12.107195808428969,916.0126786305192,917.7824140518501,920.3714793225107,923.0277588245868,924.7938799212665
mango_rmse,medium,2011-12-31,2011Q4,1,DEFL,474.06715837389487,459.2226780352162,14.844480338678693,473.600233042798,473.78642736707104,474.07070931134376,474.34029541909973,474.52654680929555
mango_rmse,medium,2011-12-31,2012Q1,2,DEFL,474.66478864415546,459.8276478897225,14.837140754432937,473.82076995432976,474.16842733997174,474.666628889091,475.1573577157316,475.4783001700432
mango_rmse,medium,2011-12-31,2012Q2,3,DEFL,475.2564090335742,460.2296059641123,15.026803069461891,474.03519383720175,474.55180345201524,475.25778229641855,475.98527658449,476.4498664953448
mango_rmse,medium,2011-12-31,2012Q3,4,DEFL,475.8379076050843,460.74675450367744,15.09115310140686,474.2119519079512,474.84656824241426,475.8590664471763,476.82751890056596,477.4873253490344
mango_rmse,medium,2011-12-31,2012Q4,5,DEFL,476.40392923424594,461.25230870332746,15.151620530918478,474.2933517360403,475.07895909544715,476.385839996172,477.69257061502964,478.54620252717064
mango_rmse,medium,2011-12-31,2013Q1,6,DEFL,476.97684272753537,461.651558288791,15.325284438744347,474.3974651789652,475.3253726280161,476.96814615156757,478.55625962654364,479.6028935255037
mango_rmse,medium,2011-12-31,2013Q2,7,DEFL,477.55942957393205,461.93491871613605,15.624510857795997,474.4634416499299,475.60693727937996,477.586970709707,479.4445212167765,480.70794353875726
mango_rmse,medium,2011-12-31,2013Q3,8,DEFL,478.1365981226091,462.40508197513793,15.731516147471154,474.5260070056309,475.7928185199538,478.125711215116,480.42042157511503,481.8412027132378
mango_rmse,medium,2011-12-31,2011Q4,1,FFR,0.3559060489150269,0.07333333333333335,0.28257271558169356,-1.0611836319363035,-0.5406825983120963,0.38553891910562793,1.2363595945650583,1.8419719774275227
mango_rmse,medium,2011-12-31,2012Q1,2,FFR,0.5861371138617529,0.10333333333333333,0.4828037805284196,-1.4869458755461147,-0.65913644496473,0.5885540994917806,1.8242099414864619,2.6436064062351456
mango_rmse,medium,2011-12-31,2012Q2,3,FFR,0.8397424251343502,0.15333333333333335,0.6864090918010168,-1.7950630557792464,-0.794146884125896,0.8398493523224609,2.4014045168528635,3.4774425254918127
mango_rmse,medium,2011-12-31,2012Q3,4,FFR,1.0923700720218728,0.14333333333333334,0.9490367386885394,-1.955941326566283,-0.7787154273425226,1.0887192681903874,2.930333619984812,4.151149615579919
mango_rmse,medium,2011-12-31,2012Q4,5,FFR,1.3005311152053893,0.16,1.1405311152053894,-2.0853117605552693,-0.8520265090081232,1.2852120657227526,3.403316443024883,4.797556158842711
mango_rmse,medium,2011-12-31,2013Q1,6,FFR,1.5281023890951435,0.14333333333333334,1.3847690557618102,-2.2137485055101442,-0.7532575092631855,1.485494128797742,3.791416039867434,5.236496207378152
mango_rmse,medium,2011-12-31,2013Q2,7,FFR,1.6658223642438026,0.11666666666666665,1.549155697577136,-2.431421134930634,-0.6097665946538746,1.6665806513357397,4.041943847572059,5.607486043462126
mango_rmse,medium,2011-12-31,2013Q3,8,FFR,1.8158199770508923,0.08333333333333333,1.732486643717559,-2.5227813963499868,-0.8371606583724354,1.859712770861572,4.422967579575996,6.049170276115318
mango_rmse,medium,2011-12-31,2011Q4,1,GDP,950.5076569025018,968.3383253013681,-17.830668398866237,949.0334630801198,949.5924934459478,950.5068175822057,951.4185288240094,952.0175655139576
mango_rmse,medium,2011-12-31,2012Q1,2,GDP,951.171453104542,969.1529212860218,-17.981468181479727,949.0171553006459,949.8784410557311,951.1760545265086,952.5035334528416,953.331708944251
mango_rmse,medium,2011-12-31,2012Q2,3,GDP,951.8676074190553,969.6077453782113,-17.740137959156073,949.0286580167597,950.1531946411532,951.8845602356814,953.5821889699772,954.582681888868
mango_rmse,medium,2011-12-31,2012Q3,4,GDP,952.5923938445724,969.7824756135876,-17.19008176901525,949.1910017779684,950.5305559646715,952.5825413825798,954.669670463754,955.9846207361685
mango_rmse,medium,2011-12-31,2012Q4,5,GDP,953.2963753827852,969.8922534031813,-16.59587802039607,949.408905635487,950.9093357804481,953.352663294872,955.586088845996,957.2180192444217
mango_rmse,medium,2011-12-31,2013Q1,6,GDP,954.0016414107512,970.7562992997954,-16.75465788904421,949.6700940480816,951.350076147072,954.0204350578483,956.5129821916702,958.3561369290593
mango_rmse,medium,2011-12-31,2013Q2,7,GDP,954.6296737227065,970.8955874685364,-16.26591374582995,950.0348367238515,951.7778723105091,954.7175648465927,957.4060225336555,959.0859782454777
mango_rmse,medium,2011-12-31,2013Q3,8,GDP,955.2845974658815,971.6841237441809,-16.39952627829939,950.1678137034052,952.1858394161591,955.3493982574707,958.328134037166,960.1462519936622
mango_rmse,medium,2011-12-31,2011Q4,1,HOURS,455.3997478006243,458.99550201816106,-3.5957542175367507,453.97367770630177,454.52567420433235,455.4001172738032,456.28942156384807,456.8378506253924
mango_rmse,medium,2011-12-31,2012Q1,2,HOURS,455.6311105304222,459.8326823506083,-4.201571820186132,453.53649150052746,454.3825102081098,455.63086593893934,456.88915296008554,457.7627722102228
mango_rmse,medium,2011-12-31,2012Q2,3,HOURS,455.8918573046304,460.00571366012684,-4.113856355496466,453.11523392615317,454.1850048736228,455.85682732991836,457.5821454057207,458.63809177165854
mango_rmse,medium,2011-12-31,2012Q3,4,HOURS,456.1808394447224,460.5260181938334,-4.345178749111028,452.75963966981317,454.11650721753335,456.12091386026555,458.2139356165322,459.61508452512913
mango_rmse,medium,2011-12-31,2012Q4,5,HOURS,456.4646689128037,461.10130829713495,-4.636639384331261,452.55321928076836,454.10966004281346,456.43492343648325,458.8174335627399,460.4768341171305
mango_rmse,medium,2011-12-31,2013Q1,6,HOURS,456.777834087328,461.53185170399064,-4.7540176166626225,452.44302165559105,454.1426368388811,456.74145181473415,459.4581519319102,461.2233283243265
mango_rmse,medium,2011-12-31,2013Q2,7,HOURS,457.01199417049787,461.94181992532924,-4.92982575483137,452.19888395910476,454.1530127867569,456.96591547656647,459.9476154719511,461.8073044341662
mango_rmse,medium,2011-12-31,2013Q3,8,HOURS,457.25293399129606,462.46198098094044,-5.209046989644378,452.2119137442935,454.10634015068865,457.2029575979543,460.4413152692442,462.463343439938
mango_rmse,medium,2011-12-31,2011Q4,1,INV,750.1724739837082,783.3770177522407,-33.20454376853252,741.7107200854174,745.110477838461,750.3324376264352,755.0421068254543,758.521407294798
mango_rmse,medium,2011-12-31,2012Q1,2,INV,751.5772900074508,785.4442132351122,-33.86692322766146,739.2773726781197,744.0805259197209,751.6416412822699,758.9818546150304,763.9250128752697
mango_rmse,medium,2011-12-31,2012Q2,3,INV,753.0613656144044,787.7205662515095,-34.65920063710507,737.199519213638,743.7918280462891,753.086409323258,762.4023597968858,768.7610585837747
mango_rmse,medium,2011-12-31,2012Q3,4,INV,754.6849667085755,788.1733240404119,-33.48835733183637,735.6265202955461,743.5941845182414,754.5550840355604,766.1233545181979,773.8643736611028
mango_rmse,medium,2011-12-31,2012Q4,5,INV,756.1150125596454,787.2799983894643,-31.164985829818875,734.6905602150416,743.7320882880363,755.9351782696459,768.958736334442,777.4406512188657
mango_rmse,medium,2011-12-31,2013Q1,6,INV,757.5637357161074,790.9407961623422,-33.377060446234736,734.7829693929948,743.6283618169647,757.3141935378162,771.726381349434,781.183641950357
mango_rmse,medium,2011-12-31,2013Q2,7,INV,758.8514854691019,792.0532589341361,-33.201773465034194,734.6324243481167,744.0165515150425,758.3836588556683,774.0873101083208,785.1203394986977
mango_rmse,medium,2011-12-31,2013Q3,8,INV,760.0332794442041,795.8489837086637,-35.815704264459555,733.5907229049536,744.195572862019,759.650837072971,776.7287493414328,786.6469764082188
mango_rmse,medium,2011-12-31,2011Q4,1,WAGE,462.35003623791437,458.46408947355985,3.8859467643545145,461.1518530308242,461.6055528498554,462.35111308925127,463.0717280063483,463.5448438841218
mango_rmse,medium,2011-12-31,2012Q1,2,WAGE,462.5321174319815,460.1924925823062,2.3396248496752605,460.80340284657245,461.45523707034334,462.49557414112206,463.6713920034997,464.29567974222863
mango_rmse,medium,2011-12-31,2012Q2,3,WAGE,462.7161433661093,460.5460143946219,2.1701289714873724,460.52101380983885,461.28553172640557,462.682734949527,464.16658538731514,465.03467823425274
mango_rmse,medium,2011-12-31,2012Q3,4,WAGE,462.8735127365889,460.04490589855556,2.828606838033352,460.1915656776924,461.263810119723,462.88408634477014,464.4790640532449,465.5406437464227
mango_rmse,medium,2011-12-31,2012Q4,5,WAGE,463.0621168427486,461.94181992532924,1.1202969174193527,460.0294382463267,461.2326402096737,463.0377740003721,464.8537789830636,466.17007714665914
mango_rmse,medium,2011-12-31,2013Q1,6,WAGE,463.22454440838663,460.02983377843236,3.1947106299542725,459.8504656536997,461.17895698193763,463.23058179371003,465.1649518916017,466.6630512319267
mango_rmse,medium,2011-12-31,2013Q2,7,WAGE,463.3844235580465,460.8375044937003,2.5469190643461843,459.782687000324,461.1225854157324,463.38182727637474,465.6459172057945,467.11942634738716
mango_rmse,medium,2011-12-31,2013Q3,8,WAGE,463.5721600678523,460.07403889087055,3.4981211769817264,459.69367958793794,461.1738926265899,463.54749114577544,466.0607753009713,467.5767136923095
mango_rmse,medium,2012-03-31,2012Q1,1,CONS,916.428844891075,930.6622261336005,-14.233381242525525,915.1222871749547,915.6144324555258,916.4189752233999,917.217978485869,917.7471145188241
mango_rmse,medium,2012-03-31,2012Q2,2,CONS,917.1590943907831,930.8376469452386,-13.67855255445545,915.2912149259735,916.0292495385435,917.1415511127852,918.3190450063892,919.1102309742867
mango_rmse,medium,2012-03-31,2012Q3,3,CONS,917.8694873378917,931.0399982629759,-13.170510925084272,915.4975982717231,916.4253977671134,917.8557837076164,919.3217712511884,920.2955085523387
mango_rmse,medium,2012-03-31,2012Q4,4,CONS,918.5635199826907,931.437285619049,-12.873765636358371,915.7088505560139,916.8474685447599,918.5638761913743,920.2545098260566,921.3589260576672
mango_rmse,medium,2012-03-31,2013Q1,5,CONS,919.2744154126069,931.9686225614282,-12.694207148821306,916.1267581628789,917.3822039826929,919.253456527915,921.2322248282251,922.4120105746786
mango_rmse,medium,2012-03-31,2013Q2,6,CONS,919.9493606645267,932.1223838026934,-12.17302313816674,916.4703719267368,917.7889345990762,919.9686088559856,922.1288589292769,923.359182303489
mango_rmse,medium,2012-03-31,2013Q3,7,CONS,920.6400241373298,932.4955461653029,-11.855522027973166,916.7483859582577,918.1626186921956,920.6379117560177,923.0234564461832,924.5180332781405
mango_rmse,medium,2012-03-31,2013Q4,8,CONS,921.3273205079253,933.2938463290335,-11.966525821108235,916.9991115019797,918.7033367837963,921.3547345609227,924.0366753137944,925.5283307676716
mango_rmse,medium,2012-03-31,2012Q1,1,DEFL,474.1251997732575,459.8276478897225,14.297551883534993,473.6487640003116,473.840406129242,474.1255095055839,474.4038219827545,474.58225268046493
mango_rmse,medium,2012-03-31,2012Q2,2,DEFL,474.5517003728479,460.2296059641123,14.322094408735609,473.7735407394898,474.06365409013415,474.54762126753445,475.0262880284185,475.3408268593705
mango_rmse,medium,2012-03-31,2012Q3,3,DEFL,474.9697582046905,460.74675450367744,14.223003701013056,473.74670943205814,474.24712507608496,474.9611964671892,475.69059462639115,476.1932764357967
mango_rmse,medium,2012-03-31,2012Q4,4,DEFL,475.3845652960836,461.25230870332746,14.132256592756164,473.7593702457883,474.41879007638204,475.37462173503474,476.37017959454295,477.02715736111713
mango_rmse,medium,2012-03-31,2013Q1,5,DEFL,475.81177894643974,461.651558288791,14.160220657648722,473.71054739871545,474.53853890614664,475.78408845094503,477.1236427826898,477.9897933238335
mango_rmse,medium,2012-03-31,2013Q2,6,DEFL,476.2408237706237,461.93491871613605,14.305905054487653,473.51382115741467,474.652297191534,476.1843829157369,477.8498664289082,478.95401020712296
mango_rmse,medium,2012-03-31,2013Q3,7,DEFL,476.6726251823188,462.40508197513793,14.267543207180893,473.3998027788164,474.76328042685947,476.6120657196739,478.58094502813344,480.03125315652653
mango_rmse,medium,2012-03-31,2013Q4,8,DEFL,477.11582292284174,463.00091293350107,14.114909989340674,473.2886813691781,474.8643897228659,477.0822749573573,479.3688266136566,480.96937333362314
mango_rmse,medium,2012-03-31,2012Q1,1,FFR,0.24282576010644466,0.10333333333333333,0.13949242677311133,-1.1642480439364111,-0.6027749880218332,0.24023636835590262,1.0820729094723147,1.6905227780784937
mango_rmse,medium,2012-03-31,2012Q2,2,FFR,0.3863425250661505,0.15333333333333335,0.23300919173281717,-1.6771620507413718,-0.8591206248164079,0.3705442929910362,1.6276520925402678,2.4843193754424804
mango_rmse,medium,2012-03-31,2012Q3,3,FFR,0.6027719112509009,0.14333333333333334,0.4594385779175676,-1.9023614562305171,-0.9277005490055658,0.5586115951797719,2.137668725229375,3.1957277899654604
mango_rmse,medium,2012-03-31,2012Q4,4,FFR,0.8132027350021761,0.16,0.6532027350021761,-2.212007986681208,-0.9702030290373981,0.8061909170237274,2.631707443369831,3.948038560096042
mango_rmse,medium,2012-03-31,2013Q1,5,FFR,0.9794478395871399,0.14333333333333334,0.8361145062538066,-2.4769977426719154,-1.0991333897045403,0.9565466779981616,3.0751794366777916,4.351282192393342
mango_rmse,medium,2012-03-31,2013Q2,6,FFR,1.17001216598651,0.11666666666666665,1.0533454993198432,-2.4971268672651163,-1.083955336763903,1.1712668077738186,3.4221031410876264,4.839004885748073
mango_rmse,medium,2012-03-31,2013Q3,7,FFR,1.314513012345096,0.08333333333333333,1.2311796790117628,-2.6830309041085507,-1.1248879926822912,1.32169797459572,3.761031356574377,5.274842246667748
mango_rmse,medium,2012-03-31,2013Q4,8,FFR,1.4406244175778757,0.08666666666666667,1.353957750911209,-2.853030755130885,-1.1628092596159336,1.4326770924082441,4.010023905366386,5.57168950370711
mango_rmse,medium,2012-03-31,2012Q1,1,GDP,951.1706929158499,969.1529212860218,-17.98222837017181,949.6260516455071,950.2350193779466,951.182538227835,952.0965881130152,952.6579931786888
mango_rmse,medium,2012-03-31,2012Q2,2,GDP,951.9071330709143,969.6077453782113,-17.700612307297092,949.7807785962952,950.5500579732067,951.8714848650559,953.2680651355072,954.1444488390048
mango_rmse,medium,2012-03-31,2012Q3,3,GDP,952.6481151213113,969.7824756135876,-17.1343604922763,949.8071650065101,950.9079954327901,952.6790311639135,954.3681239164681,955.541460422814
mango_rmse,medium,2012-03-31,2012Q4,4,GDP,953.353781336336,969.8922534031813,-16.538472066845202,949.985215317408,951.350212738609,953.3256239323823,955.4163541623169,956.6851905057978
mango_rmse,medium,2012-03-31,2013Q1,5,GDP,954.0801761742024,970.7562992997954,-16.676123125592994,950.2133813969776,951.7424304919801,954.1011938181255,956.4436070951217,957.8456256274302
mango_rmse,medium,2012-03-31,2013Q2,6,GDP,954.794481779421,970.8955874685364,-16.101105689115457,950.5000036464555,952.3009832416201,954.7895726720367,957.3798258671724,958.872103598679
mango_rmse,medium,2012-03-31,2013Q3,7,GDP,955.5085056820927,971.6841237441809,-16.17561806208812,950.8594173439158,952.6342536420958,955.5873085232897,958.3947758672738,960.0833617114174
mango_rmse,medium,2012-03-31,2013Q4,8,GDP,956.2100066528093,972.3927778506837,-16.182771197874445,951.142819359282,953.1261380512589,956.2745422712233,959.279236246691,961.0124150953629
mango_rmse,medium,2012-03-31,2012Q1,1,HOURS,456.51404182443446,459.8326823506083,-3.3186405261738514,455.1190569469382,455.67074186032255,456.5162904838513,457.3752757911767,457.8888945152695
mango_rmse,medium,2012-03-31,2012Q2,2,HOURS,456.84409237105837,460.00571366012684,-3.161621289068478,454.6990099795631,455.52948887056345,456.8816869687795,458.09907842188665,458.90062927305047
mango_rmse,medium,2012-03-31,2012Q3,3,HOURS,457.20775956329305,460.5260181938334,-3.318258630540356,454.4378277471303,455.51207996051494,457.232892126314,458.87287508861374,459.8642287092578
mango_rmse,medium,2012-03-31,2012Q4,4,HOURS,457.4908539747215,461.10130829713495,-3.610454322413432,454.1103007200352,455.48500424638553,457.52997911663283,459.4532407124898,460.83996512108314
mango_rmse,medium,2012-03-31,2013Q1,5,HOURS,457.81461827152526,461.53185170399064,-3.7172334324653775,453.8749005643489,455.4766953483047,457.85948811527015,460.0594058011529,461.589022853306
mango_rmse,medium,2012-03-31,2013Q2,6,HOURS,458.11818560058356,461.94181992532924,-3.823634324745683,453.8928081166432,455.614560171332,458.1487530748219,460.6203505822349,462.25059730219215
mango_rmse,medium,2012-03-31,2013Q3,7,HOURS,458.40192290029626,462.46198098094044,-4.060058080644183,453.6705848271035,455.5945239344697,458.44961939624284,461.2495058846076,462.9910012620613
mango_rmse,medium,2012-03-31,2013Q4,8,HOURS,458.7158815694229,462.7313209673723,-4.015439397949422,453.46818878926473,455.7019439149582,458.7659952187873,461.73731635602263,463.72156679821063
mango_rmse,medium,2012-03-31,2012Q1,1,INV,754.9952717943228,785.4442132351122,-30.44894144078944,746.2979324498557,749.9047996375643,754.9026733513655,760.1228907096729,763.7890285405335
mango_rmse,medium,2012-03-31,2012Q2,2,INV,756.750756486899,787.7205662515095,-30.96980976461043,744.9447302735587,749.1251731533641,756.8923710289389,764.2939750315664,768.9562438643378
mango_rmse,medium,2012-03-31,2012Q3,3,INV,758.4528991640012,788.1733240404119,-29.720424876410675,743.7777578607087,749.5207040724572,758.4145494356244,767.6480033404473,773.1716120135907
mango_rmse,medium,2012-03-31,2012Q4,4,INV,759.8773096481564,787.2799983894643,-27.402688741307884,742.1751972382557,749.1062610320267,759.9218314156262,770.4864847383403,777.8123043056829
mango_rmse,medium,2012-03-31,2013Q1,5,INV,761.3939876852423,790.9407961623422,-29.54680847709983,741.4338771214362,749.4765670973438,761.3965851795613,773.4200584395002,781.7396524026095
mango_rmse,medium,2012-03-31,2013Q2,6,INV,762.9311677314646,792.0532589341361,-29.122091202671527,740.8129245240998,749.8166390975715,762.8128309186061,776.3220402532622,784.83776407766
mango_rmse,medium,2012-03-31,2013Q3,7,INV,764.4546111422095,795.8489837086637,-31.394372566454194,739.9114088085914,749.8072235541364,764.1026253732416,778.820407124751,788.4879119186286
mango_rmse,medium,2012-03-31,2013Q4,8,INV,765.9725926494654,796.2111558645706,-30.238563215105273,740.285524077712,750.3363188705133,766.0995971865184,781.5151178895551,792.3614826827761
mango_rmse,medium,2012-03-31,2012Q1,1,WAGE,464.14962221675734,460.1924925823062,3.957129634451121,462.8897781242138,463.3905820101521,464.1506259253812,464.9048882878597,465.3674004761055
mango_rmse,medium,2012-03-31,2012Q2,2,WAGE,464.40597684751026,460.5460143946219,3.8599624528883396,462.5858833687423,463.3221909283568,464.41973629579,465.50167067608635,466.2085588012466
mango_rmse,medium,2012-03-31,2012Q3,3,WAGE,464.6498921078675,460.04490589855556,4.60498620931196,462.3969602048873,463.2963439444822,464.66236445323756,466.0179329729166,466.8468263051286
mango_rmse,medium,2012-03-31,2012Q4,4,WAGE,464.9278335843237,461.94181992532924,2.986013658994466,462.22233247704725,463.3573774833309,464.95466391412356,466.493643748628,467.4819498053369
mango_rmse,medium,2012-03-31,2013Q1,5,WAGE,465.18051839311767,460.02983377843236,5.150684614685304,462.1591593583332,463.3730217133993,465.20779948263385,466.9767731635424,468.10646178107146
mango_rmse,medium,2012-03-31,2013Q2,6,WAGE,465.44280905609816,460.8375044937003,4.605304562397862,462.0335748758842,463.4010249771121,465.4569305320248,467.5181719557352,468.7155301935057
mango_rmse,medium,2012-03-31,2013Q3,7,WAGE,465.6977016248917,460.07403889087055,5.6236627340211385,461.90801896502614,463.4686305142351,465.72863269658245,467.93621778189464,469.22074232266306
mango_rmse,medium,2012-03-31,2013Q4,8,WAGE,465.94068232219485,460.4549993708612,5.485682951333672,461.78770289572697,463.4614604776816,466.00516234601525,468.28737617652934,469.71252540105417
mango_rmse,medium,2012-06-30,2012Q2,1,CONS,916.9849506972649,930.8376469452386,-13.852696247973654,915.749944653259,916.2406461763334,916.9599616323326,917.7693087582787,918.2614003281328
mango_rmse,medium,2012-06-30,2012Q3,2,CONS,917.6572509234148,931.0399982629759,-13.382747339561092,915.7319140478636,916.5109853103859,917.6461016965504,918.8151520603433,919.6033151706757
mango_rmse,medium,2012-06-30,2012Q4,3,CONS,918.3126802893581,931.437285619049,-13.124605329690894,915.9694356860402,916.9058484468084,918.2811817839167,919.743397378253,920.7338469354269
mango_rmse,medium,2012-06-30,2013Q1,4,CONS,918.996973548545,931.9686225614282,-12.971649012883177,916.1835556141614,917.3034422333526,919.0309768325301,920.6909342720695,921.7075068772259
mango_rmse,medium,2012-06-30,2013Q2,5,CONS,919.6706692853447,932.1223838026934,-12.451714517348705,916.5343559697576,917.6827196538964,919.6763298740292,921.6162243081288,922.9374888053421
mango_rmse,medium,2012-06-30,2013Q3,6,CONS,920.3404550121757,932.4955461653029,-12.155091153127273,916.7276153030878,918.1236229178531,920.3256927715777,922.5375515886166,923.9109379699528
mango_rmse,medium,2012-06-30,2013Q4,7,CONS,921.0260150230953,933.2938463290335,-12.267831305938216,917.1195245829957,918.6451167600828,920.9900039739089,923.391902698891,924.9388648203867
mango_rmse,medium,2012-06-30,2014Q1,8,CONS,921.7171880444382,933.6764719277527,-11.95928388331447,917.3818173219622,919.148314884466,921.7445152620276,924.2546147445861,925.9264164068829
mango_rmse,medium,2012-06-30,2012Q2,1,DEFL,474.61955408514063,460.2296059641123,14.38994812102834,474.15915604891023,474.34432674916354,474.6255221728676,474.89126049330577,475.0683551944234
mango_rmse,medium,2012-06-30,2012Q3,2,DEFL,475.0525172274645,460.74675450367744,14.30576272378704,474.28006839063113,474.5791495111096,475.0597203291755,475.5180068505324,475.83872770722076
mango_rmse,medium,2012-06-30,2012Q4,3,DEFL,475.47279312552706,461.25230870332746,14.220484422199604,474.34864451084644,474.76716282578434,475.4614723418261,476.1858862073329,476.61696856003596
mango_rmse,medium,2012-06-30,2013Q1,4,DEFL,475.9260958905032,461.651558288791,14.274537601712154,474.38037818292855,474.97464034380977,475.9212747119145,476.867910967991,477.4852348764318
mango_rmse,medium,2012-06-30,2013Q2,5,DEFL,476.37962525217756,461.93491871613605,14.444706536041508,474.3872429949298,475.12975418317217,476.3555657987856,477.5930700160688,478.46199262645547
mango_rmse,medium,2012-06-30,2013Q3,6,DEFL,476.82768952998384,462.40508197513793,14.42260755484591,474.3963351573805,475.31281851967753,476.80481994255035,478.35078126276534,479.4246508253639
mango_rmse,medium,2012-06-30,2013Q4,7,DEFL,477.2905599494133,463.00091293350107,14.289647015912237,474.3308329247238,475.4139196639558,477.25178384367075,479.16311806096803,480.4381547261207
mango_rmse,medium,2012-06-30,2014Q1,8,DEFL,477.76173671225575,463.41657228293434,14.345164429321414,474.2406957984386,475.58120404065426,477.6688947287273,479.94063244433414,481.4650912516438
mango_rmse,medium,2012-06-30,2012Q2,1,FFR,0.2790029660631893,0.15333333333333335,0.12566963272985596,-1.1422510421805208,-0.5956557157408454,0.2844398163166661,1.156680884416973,1.7166595810543948
mango_rmse,medium,2012-06-30,2012Q3,2,FFR,0.5324188542193722,0.14333333333333334,0.38908552088603887,-1.5714774690006008,-0.728818610160571,0.5281797954206553,1.8143423296824581,2.6986880321048226
mango_rmse,medium,2012-06-30,2012Q4,3,FFR,0.741351210166328,0.16,0.581351210166328,-1.8379033030796461,-0.8235896580906763,0.7234933718137087,2.3216715341793996,3.3814440404269734
mango_rmse,medium,2012-06-30,2013Q1,4,FFR,0.9429566504717771,0.14333333333333334,0.7996233171384438,-1.9894622443814678,-0.8494298753925176,0.8639175398475872,2.718273091461522,3.954946695352955
mango_rmse,medium,2012-06-30,2013Q2,5,FFR,1.1212771366630765,0.11666666666666665,1.0046104699964098,-2.1475136068189626,-0.9233785940913277,1.0812942916615587,3.1124191373938634,4.6549033060857905
mango_rmse,medium,2012-06-30,2013Q3,6,FFR,1.2585078162470758,0.08333333333333333,1.1751744829137425,-2.4266086903258715,-0.9283956721133588,1.2718559567916934,3.4728535554336863,4.954999281040215
mango_rmse,medium,2012-06-30,2013Q4,7,FFR,1.399257737084656,0.08666666666666667,1.3125910704179893,-2.526851453541111,-0.9005218047123993,1.4167970135879915,3.6942756835052117,5.285289404614577
mango_rmse,medium,2012-06-30,2014Q1,8,FFR,1.523598424375101,0.07333333333333335,1.4502650910417678,-2.778428045929762,-0.9230568362675878,1.5776884876116493,3.9669571956670175,5.606337921553254
mango_rmse,medium,2012-06-30,2012Q2,1,GDP,951.670219364038,969.6077453782113,-17.937526014173386,950.1654333193421,950.7432850829235,951.6456375181995,952.6307936607294,953.1546341801904
mango_rmse,medium,2012-06-30,2012Q3,2,GDP,952.4079858296985,969.7824756135876,-17.37448978388909,950.1731628830227,951.0437495677713,952.4341221121274,953.7610687612975,954.6250276405925
mango_rmse,medium,2012-06-30,2012Q4,3,GDP,953.138509268332,969.8922534031813,-16.753744134849285,950.3248060937475,951.4370527368055,953.1256834318817,954.8284034883264,955.9028758044883
mango_rmse,medium,2012-06-30,2013Q1,4,GDP,953.8447991819597,970.7562992997954,-16.911500117835658,950.5398189538253,951.8446465533027,953.8957180156548,955.8141088180479,957.0413808791809
mango_rmse,medium,2012-06-30,2013Q2,5,GDP,954.5366330023417,970.8955874685364,-16.358954466194746,950.8199007955457,952.2458777271073,954.5482386907689,956.7065714162344,958.2541205765173
mango_rmse,medium,2012-06-30,2013Q3,6,GDP,955.23380651997,971.6841237441809,-16.450317224210835,951.0326873562817,952.6598253154516,955.2589933564273,957.6959524696734,959.2817590928177
mango_rmse,medium,2012-06-30,2013Q4,7,GDP,955.9262262547707,972.3927778506837,-16.466551595913074,951.3207406152278,953.1578044992344,955.9676548889815,958.6455795260534,960.414159908807
mango_rmse,medium,2012-06-30,2014Q1,8,GDP,956.6211606835054,972.0420537957549,-15.420893112249473,951.754166661747,953.6207341772543,956.6777982113413,959.5281944214952,961.3651043299488
mango_rmse,medium,2012-06-30,2012Q2,1,HOURS,457.28638064614466,460.00571366012684,-2.7193330139821796,455.8672976223878,456.44484375249334,457.2757064021829,458.140494276576,458.71280006932227
mango_rmse,medium,2012-06-30,2012Q3,2,HOURS,457.6307736957551,460.5260181938334,-2.8952444980782843,455.45234006853997,456.3564495882678,457.62075774207096,458.94895115557995,459.8718231697589
mango_rmse,medium,2012-06-30,2012Q4,3,HOURS,457.92217869777,461.10130829713495,-3.1791295993649555,455.01946165173575,456.1609013621203,457.9081485228304,459.66415356747086,460.77879363163623
mango_rmse,medium,2012-06-30,2013Q1,4,HOURS,458.2361373862426,461.53185170399064,-3.295714317748036,454.9080353246791,456.1521691718298,458.29268748944503,460.2755307598063,461.55413134218287
mango_rmse,medium,2012-06-30,2013Q2,5,HOURS,458.55026468141364,461.94181992532924,-3.3915552439156045,454.63751437899015,456.1661584966001,458.616582653032,460.90334328828607,462.4752672237864
mango_rmse,medium,2012-06-30,2013Q3,6,HOURS,458.85435547210153,462.46198098094044,-3.6076255088389075,454.54091244495913,456.18573964418687,458.86622303952686,461.4351915588993,463.26600679841005
mango_rmse,medium,2012-06-30,2013Q4,7,HOURS,459.15185550073085,462.7313209673723,-3.579465466641466,454.3560931032599,456.21374424059263,459.1491096465576,461.94880802473625,463.9844772819386
mango_rmse,medium,2012-06-30,2014Q1,8,HOURS,459.4344646366215,463.23280500304094,-3.7983403664194384,454.3743375314707,456.27645669968484,459.459867373205,462.51541282995004,464.5728044944512
mango_rmse,medium,2012-06-30,2012Q2,1,INV,756.8798390683747,787.7205662515095,-30.84072718313473,747.9549860296488,751.7289296858668,756.8453783681764,762.0494451332809,765.2604092467433
mango_rmse,medium,2012-06-30,2012Q3,2,INV,758.6272429243783,788.1733240404119,-29.546081116033633,746.2651362049908,751.0512188901062,758.7300662794197,765.7731648663572,770.9998045760226
mango_rmse,medium,2012-06-30,2012Q4,3,INV,760.2028396574866,787.2799983894643,-27.077158731977647,745.5183804252306,751.0335224689748,760.3540017385787,768.8556558434643,775.447169523228
mango_rmse,medium,2012-06-30,2013Q1,4,INV,761.7225801119838,790.9407961623422,-29.218216050358365,744.27232934794,751.1225660901824,761.6224228200813,772.3578158815893,779.0390947381767
mango_rmse,medium,2012-06-30,2013Q2,5,INV,763.1678713588215,792.0532589341361,-28.885387575314667,743.3983523728468,751.3250688806697,763.1862986701685,775.0222629570643,782.9234119046048
mango_rmse,medium,2012-06-30,2013Q3,6,INV,764.5620679757742,795.8489837086637,-31.286915732889497,742.1569081865256,750.9796186478329,764.9585848065421,777.3756365690172,786.365182376094
mango_rmse,medium,2012-06-30,2013Q4,7,INV,766.0164664051123,796.2111558645706,-30.194689459458345,741.9111131002722,751.114030052561,766.4265522886085,780.0465287060209,789.4476648510062
mango_rmse,medium,2012-06-30,2014Q1,8,INV,767.3459495293413,795.0955980161558,-27.74964848681452,741.4800105659743,751.8417113696322,767.6909077703962,782.6004425722116,793.2072964955852
mango_rmse,medium,2012-06-30,2012Q2,1,WAGE,462.5351680494458,460.5460143946219,1.9891536548238946,461.33654382167265,461.79247690616205,462.51654243629775,463.2866900587784,463.7970231621323
mango_rmse,medium,2012-06-30,2012Q3,2,WAGE,462.7566867243852,460.04490589855556,2.711780825829635,460.91202318006026,461.64636100618986,462.7491347606915,463.8421048126799,464.58511843321185
mango_rmse,medium,2012-06-30,2012Q4,3,WAGE,462.93468494563035,461.94181992532924,0.9928650203011102,460.6547127682224,461.51829024807574,462.9500810162052,464.2759207515361,465.1318466775872
mango_rmse,medium,2012-06-30,2013Q1,4,WAGE,463.1067612156064,460.02983377843236,3.0769274371740494,460.42973700690465,461.50117214588903,463.12436123349363,464.69151427227877,465.76549815432725
mango_rmse,medium,2012-06-30,2013Q2,5,WAGE,463.2937444857169,460.8375044937003,2.456239992016606,460.29678982306814,461.499094121825,463.2742408396655,465.142620615948,466.21716085230497
mango_rmse,medium,2012-06-30,2013Q3,6,WAGE,463.48208988015557,460.07403889087055,3.408050989285016,460.15754953829855,461.50987779106845,463.55306336014803,465.45467833482536,466.7264270835293
mango_rmse,medium,2012-06-30,2013Q4,7,WAGE,463.68712523216135,460.4549993708612,3.232125861300176,460.10724697148777,461.50011729389485,463.7252246485026,465.80604008924803,467.28384669006584
mango_rmse,medium,2012-06-30,2014Q1,8,WAGE,463.8929590807406,461.71778051123687,2.1751785695037142,459.97069509962955,461.49633000424626,463.90394354899547,466.25744903932207,467.7110700059293
mango_rmse,medium,2012-09-30,2012Q3,1,CONS,917.4476318873946,931.0399982629759,-13.592366375581378,916.1642643957774,916.6379665757744,917.4217711960644,918.2488196692655,918.7843951793288
mango_rmse,medium,2012-09-30,2012Q4,2,CONS,918.1197391896934,931.437285619049,-13.317546429355616,916.2450566335376,916.9732951001687,918.1103287074884,919.2621273720314,919.9405560144576
mango_rmse,medium,2012-09-30,2013Q1,3,CONS,918.794071587509,931.9686225614282,-13.174550973919168,916.3654246294456,917.417308437592,918.8185504481064,920.2122707442587,921.0794853375457
mango_rmse,medium,2012-09-30,2013Q2,4,CONS,919.4790556176168,932.1223838026934,-12.643328185076598,916.6968020939483,917.8727126694944,919.4362794529159,921.1579927452708,922.2814483325161
mango_rmse,medium,2012-09-30,2013Q3,5,CONS,920.1637446531399,932.4955461653029,-12.331801512162997,917.0137750249526,918.2502839880366,920.1636418924716,922.0456189368415,923.2501408755903
mango_rmse,medium,2012-09-30,2013Q4,6,CONS,920.8225958333328,933.2938463290335,-12.471250495700701,917.3255198320049,918.7514070969871,920.7711428128888,922.92289462796,924.2565092975364
mango_rmse,medium,2012-09-30,2014Q1,7,CONS,921.4817527520088,933.6764719277527,-12.194719175743899,917.6460568030637,919.2774587979662,921.4076943080024,923.7711012418092,925.307979906962
mango_rmse,medium,2012-09-30,2014Q2,8,CONS,922.1618389810338,934.6008205784117,-12.438981597377847,917.9737622943769,919.6653223772058,922.0612956129212,924.7209425885269,926.3389594983458
mango_rmse,medium,2012-09-30,2012Q3,1,DEFL,474.9213374130585,460.74675450367744,14.174582909381058,474.46262486040564,474.6415011131798,474.9232435646164,475.2019012517142,475.37329390368853
mango_rmse,medium,2012-09-30,2012Q4,2,DEFL,475.3034521223537,461.25230870332746,14.051143419026232,474.53050079924725,474.8329138049833,475.3029168998901,475.76625710060836,476.10500611007984
mango_rmse,medium,2012-09-30,2013Q1,3,DEFL,475.7256668149187,461.651558288791,14.074108526127702,474.58674949917173,475.06191607832733,475.71696573728826,476.41288640862683,476.86187960803176
mango_rmse,medium,2012-09-30,2013Q2,4,DEFL,476.14145414732286,461.93491871613605,14.206535431186808,474.5631044550224,475.2239210336903,476.138547389149,477.0869689847042,477.6982916273663
mango_rmse,medium,2012-09-30,2013Q3,5,DEFL,476.56214608829686,462.40508197513793,14.157064113158924,474.5528421747601,475.3805373352819,476.5717527927417,477.77737075776196,478.60243649625886
mango_rmse,medium,2012-09-30,2013Q4,6,DEFL,476.98794719306903,463.00091293350107,13.987034259567963,474.4750180334951,475.5120336950983,476.98372254425294,478.54348723618745,479.41511014357
mango_rmse,medium,2012-09-30,2014Q1,7,DEFL,477.41996864716157,463.41657228293434,14.003396364227228,474.36815170503496,475.590067807971,477.4046891540555,479.3299009080047,480.3752308706475
mango_rmse,medium,2012-09-30,2014Q2,8,DEFL,477.8651162404081,463.9813129431631,13.883803297244981,474.1003422984354,475.73409194106483,477.84951227448573,480.08837374248105,481.3643867826708
mango_rmse,medium,2012-09-30,2012Q3,1,FFR,0.36379219370926946,0.14333333333333334,0.22045886037593612,-1.0373460266774273,-0.5162021818553365,0.34437195057123104,1.2669163217190125,1.8327116177857665
mango_rmse,medium,2012-09-30,2012Q4,2,FFR,0.5800349550018712,0.16,0.42003495500187116,-1.4732551357742951,-0.6898069382859794,0.5898236018494636,1.852049774120877,2.7126335499770717
mango_rmse,medium,2012-09-30,2013Q1,3,FFR,0.743181135779061,0.14333333333333334,0.5998478024457277,-1.827032648007548,-0.8360028791535187,0.7289650660428926,2.2869503592858575,3.39467743623341
mango_rmse,medium,2012-09-30,2013Q2,4,FFR,0.8923001789060918,0.11666666666666665,0.7756335122394251,-2.1168180956970524,-0.9037952926867613,0.8721845018199956,2.725091446066948,4.056141496426728
mango_rmse,medium,2012-09-30,2013Q3,5,FFR,1.0732375556960987,0.08333333333333333,0.9899042223627653,-2.2626508251760944,-1.025055854314105,1.0800629547310634,3.1364522796246086,4.468542123850298
mango_rmse,medium,2012-09-30,2013Q4,6,FFR,1.22647358044987,0.08666666666666667,1.1398069137832034,-2.537354141662566,-1.0339070313002439,1.2402509528577013,3.500197926077635,4.893744537547305
mango_rmse,medium,2012-09-30,2014Q1,7,FFR,1.3603699112460457,0.07333333333333335,1.2870365779127124,-2.65307738464196,-1.0798884143783098,1.3510456931295416,3.87617378506075,5.410365209140813
mango_rmse,medium,2012-09-30,2014Q2,8,FFR,1.493334652568316,0.09333333333333334,1.4000013192349827,-2.8658783928100107,-1.0480797480088146,1.4255463919498892,4.0772336230625905,5.865910570682113
mango_rmse,medium,2012-09-30,2012Q3,1,GDP,952.1378237811646,969.7824756135876,-17.64465183242305,950.64409876822,951.2273594591983,952.1007505127619,953.0758299392763,953.7222093372665
mango_rmse,medium,2012-09-30,2012Q4,2,GDP,952.8384340859366,969.8922534031813,-17.053819317244688,950.7538602053932,951.5687143538593,952.7871387234519,954.1471011719298,955.037048253102
mango_rmse,medium,2012-09-30,2013Q1,3,GDP,953.5336963679415,970.7562992997954,-17.222602931853885,950.9369634681257,951.9680522153448,953.4875615788604,955.1298333070398,956.2698850297993
mango_rmse,medium,2012-09-30,2013Q2,4,GDP,954.2466788227246,970.8955874685364,-16.648908645811844,951.1632048120852,952.3910735102186,954.2188198894974,956.1509276111827,957.478243533321
mango_rmse,medium,2012-09-30,2013Q3,5,GDP,954.9379076423602,971.6841237441809,-16.746216101820664,951.4378214110912,952.7415564798541,954.9283113347828,957.0577808372876,958.5020619362914
mango_rmse,medium,2012-09-30,2013Q4,6,GDP,955.6306998441167,972.3927778506837,-16.76207800656698,951.700625681173,953.2397389247584,955.7017055949586,957.9707591536682,959.5590530795017
mango_rmse,medium,2012-09-30,2014Q1,7,GDP,956.3101173093579,972.0420537957549,-15.73193648639699,952.0278898845856,953.7957895454141,956.3429026568516,958.8513280726651,960.59387822398
mango_rmse,medium,2012-09-30,2014Q2,8,GDP,956.9925870760899,973.318007678534,-16.32542060244407,952.4282496239383,954.2877560190233,956.9542341186511,959.6682357835101,961.6041612912223
mango_rmse,medium,2012-09-30,2012Q3,1,HOURS,457.31538848165974,460.5260181938334,-3.21062971217367,455.8489205096864,456.4014054674404,457.3209153649243,458.2352782384525,458.7844402098539
mango_rmse,medium,2012-09-30,2012Q4,2,HOURS,457.61515147744944,461.10130829713495,-3.4861568196855046,455.4655811499055,456.29118655877284,457.62258517258704,458.894158980947,459.7771865838744
mango_rmse,medium,2012-09-30,2013Q1,3,HOURS,457.9369598222221,461.53185170399064,-3.5948918817685467,455.1991696347947,456.29917810273696,457.90654922169347,459.62823119456687,460.7035325730269
mango_rmse,medium,2012-09-30,2013Q2,4,HOURS,458.2295558260395,461.94181992532924,-3.7122640992897686,454.95805823407744,456.23515805738157,458.1957999898344,460.2652524093801,461.7102632504483
mango_rmse,medium,2012-09-30,2013Q3,5,HOURS,458.5320601838259,462.46198098094044,-3.929920797114562,454.77041476817953,456.2246706894523,458.46269899130846,460.8343534050294,462.3800343043722
mango_rmse,medium,2012-09-30,2013Q4,6,HOURS,458.8320075078646,462.7313209673723,-3.8993134595077095,454.67506429238415,456.2733311139453,458.83132688736623,461.3791416325975,462.97741378535704
mango_rmse,medium,2012-09-30,2014Q1,7,HOURS,459.12163829586916,463.23280500304094,-4.111166707171776,454.6835931584701,456.40305792854065,459.0953389556628,461.9235104076554,463.6700530192673
mango_rmse,medium,2012-09-30,2014Q2,8,HOURS,459.41872612009126,464.0228401803155,-4.604114060224219,454.55722943603166,456.40054823062,459.3324266825862,462.5660330407994,464.3271884530046
mango_rmse,medium,2012-09-30,2012Q3,1,INV,756.4788319207445,788.1733240404119,-31.694492119667416,748.2708069636018,751.3227187354605,756.3531500888985,761.6546840671684,764.8586848608167
mango_rmse,medium,2012-09-30,2012Q4,2,INV,758.0346878211631,787.2799983894643,-29.245310568301193,745.7058501537433,750.5913073444711,757.7620591675379,765.6496894746379,770.5768542615785
mango_rmse,medium,2012-09-30,2013Q1,3,INV,759.5137490360858,790.9407961623422,-31.42704712625641,744.6842412275405,750.3595563626368,759.218459384341,768.9790324697256,774.5166225251737
mango_rmse,medium,2012-09-30,2013Q2,4,INV,761.0196656570138,792.0532589341361,-31.03359327712235,743.544209888064,750.4480314521825,760.936099676383,771.5431422402872,778.4363226731748
mango_rmse,medium,2012-09-30,2013Q3,5,INV,762.337562919327,795.8489837086637,-33.51142078933674,742.3996498375407,750.8372098969824,761.9382621265761,774.3958074221415,782.1756187681214
mango_rmse,medium,2012-09-30,2013Q4,6,INV,763.8258727809019,796.2111558645706,-32.385283083668696,742.3708171305898,750.8498092850577,763.6362416850664,776.8575994748622,784.7656945395055
mango_rmse,medium,2012-09-30,2014Q1,7,INV,765.1043886679989,795.0955980161558,-29.991209348156872,743.1957783489188,751.5542677959103,764.6281860217307,779.0273187103647,788.1751952508398
mango_rmse,medium,2012-09-30,2014Q2,8,INV,766.4604371465836,799.2291631512261,-32.76872600464253,742.8189794208869,751.8647070328894,766.0503949636843,781.3127888607978,791.9584024145066
mango_rmse,medium,2012-09-30,2012Q3,1,WAGE,464.0493165996745,460.04490589855556,4.004410701118957,462.7717458620115,463.3229400211676,464.06609553906844,464.78418257105136,465.22798099388183
mango_rmse,medium,2012-09-30,2012Q4,2,WAGE,464.2824005712909,461.94181992532924,2.3405806459616656,462.53882222009764,463.248625631729,464.2924095542738,465.3751461157818,465.94587756128635
mango_rmse,medium,2012-09-30,2013Q1,3,WAGE,464.5023055231226,460.02983377843236,4.4724717446902105,462.2852342591477,463.1754907076417,464.4722240980393,465.8349276823897,466.76667662369533
mango_rmse,medium,2012-09-30,2013Q2,4,WAGE,464.7276025288931,460.8375044937003,3.890098035192807,462.1726401789846,463.1473743861,464.7159229067388,466.33945847000604,467.34426303676105
mango_rmse,medium,2012-09-30,2013Q3,5,WAGE,464.981782626402,460.07403889087055,4.907743735531426,462.0574470345647,463.19193202932973,464.9143071233116,466.82306597023677,467.966537808412
mango_rmse,medium,2012-09-30,2013Q4,6,WAGE,465.2195742828908,460.4549993708612,4.764574912029616,461.96194381354195,463.18647180606223,465.17339849771264,467.2603306446605,468.634851083672
mango_rmse,medium,2012-09-30,2014Q1,7,WAGE,465.4166264019728,461.71778051123687,3.6988458907359245,461.8482580062064,463.2402524375962,465.373810825576,467.6560153981791,469.08138192756047
mango_rmse,medium,2012-09-30,2014Q2,8,WAGE,465.64545981708204,460.65692069017985,4.988539126902197,461.8404684965494,463.28951888832677,465.5906300700402,468.09959607741985,469.60378058565254
mango_rmse,medium,2012-12-31,2012Q4,1,CONS,917.8365455828927,931.437285619049,-13.600740036156367,916.5325499533725,917.0616470460986,917.8542353918294,918.6117868950572,919.0911408281481
mango_rmse,medium,2012-12-31,2013Q1,2,CONS,918.4677314587848,931.9686225614282,-13.500891102643436,916.5273432570804,917.2959662756002,918.469797257847,919.6216412927209,920.4141612721616
mango_rmse,medium,2012-12-31,2013Q2,3,CONS,919.1086607864507,932.1223838026934,-13.013723016242693,916.5635515472995,917.6704667732621,919.1062163153707,920.5506955556436,921.5426844049006
mango_rmse,medium,2012-12-31,2013Q3,4,CONS,919.7366771079639,932.4955461653029,-12.758869057338984,916.7884398840586,917.90718535775,919.7680693170074,921.468269232598,922.5782728970062
mango_rmse,medium,2012-12-31,2013Q4,5,CONS,920.3773670666723,933.2938463290335,-12.916479262361236,917.0147551589557,918.3182079693273,920.3794062370828,922.4055881795576,923.6893483480518
mango_rmse,medium,2012-12-31,2014Q1,6,CONS,920.9804769945123,933.6764719277527,-12.6959949332404,917.149130819625,918.7721272372274,921.0377828253704,923.2022228377277,924.7218338243854
mango_rmse,medium,2012-12-31,2014Q2,7,CONS,921.6119275079539,934.6008205784117,-12.988893070457834,917.6053770676838,919.1502029190865,921.6113581852283,924.1044428549394,925.7778263027844
mango_rmse,medium,2012-12-31,2014Q3,8,CONS,922.2582166602696,935.5797543960106,-13.321537735741003,917.9491983405751,919.6436181453277,922.2125490509752,924.8744016525137,926.677689945336
mango_rmse,medium,2012-12-31,2012Q4,1,DEFL,475.67971741584176,461.25230870332746,14.427408712514307,475.1733019332221,475.3875184646851,475.6857264277735,475.9709262580373,476.1504331519828
mango_rmse,medium,2012-12-31,2013Q1,2,DEFL,476.19705544658075,461.651558288791,14.545497157789725,475.37472482856384,475.70597601505466,476.21252056643476,476.6982290572165,476.9834729349536
mango_rmse,medium,2012-12-31,2013Q2,3,DEFL,476.7094175729481,461.93491871613605,14.774498856812045,475.47360087456724,475.99295831382574,476.7027708870512,477.463883426982,477.8852524979776
mango_rmse,medium,2012-12-31,2013Q3,4,DEFL,477.22415283861034,462.40508197513793,14.819070863472405,475.5570419891689,476.2499918551526,477.2205904149821,478.23425541882256,478.84451188328256
mango_rmse,medium,2012-12-31,2013Q4,5,DEFL,477.74147271116914,463.00091293350107,14.740559777668068,475.6249107692622,476.48833251190524,477.74917318461075,479.0316531971388,479.8488547609512
mango_rmse,medium,2012-12-31,2014Q1,6,DEFL,478.26695077918237,463.41657228293434,14.850378496248027,475.6511149946632,476.7132949355944,478.2655815870536,479.86254075232443,480.94717771441674
mango_rmse,medium,2012-12-31,2014Q2,7,DEFL,478.78749500651656,463.9813129431631,14.806182063353447,475.6075013800875,476.89244817255025,478.772430781513,480.69988009959474,481.97559512036526
mango_rmse,medium,2012-12-31,2014Q3,8,DEFL,479.3098276200895,464.4169720837101,14.892855536379386,475.59649801970204,477.04765547431316,479.3088716104602,481.5432201965035,483.0085685382205
mango_rmse,medium,2012-12-31,2012Q4,1,FFR,0.4123863379878207,0.16,0.25238633798782073,-0.9362743715570979,-0.42829575566756495,0.41011432029537476,1.2385857482031406,1.8243628307181339
mango_rmse,medium,2012-12-31,2013Q1,2,FFR,0.6712747640670663,0.14333333333333334,0.527941430733733,-1.4903702806843564,-0.5767938396091664,0.6495571945080875,1.946250680173383,2.863012890395642
mango_rmse,medium,2012-12-31,2013Q2,3,FFR,0.8898919275901777,0.11666666666666665,0.773225260923511,-1.7623662966932425,-0.7062339515733538,0.8730007193942677,2.4726088157731643,3.5362661542663747
mango_rmse,medium,2012-12-31,2013Q3,4,FFR,1.0772415271756726,0.08333333333333333,0.9939081938423392,-2.046810191993403,-0.7423767851264836,1.0665055892416,2.9505688174438967,4.114832347264886
mango_rmse,medium,2012-12-31,2013Q4,5,FFR,1.2991636807391558,0.08666666666666667,1.212497014072489,-2.1106761956790168,-0.7783572074567248,1.2924161050547407,3.421717160752628,4.726406513223108
mango_rmse,medium,2012-12-31,2014Q1,6,FFR,1.4262416832573037,0.07333333333333335,1.3529083499239705,-2.218651191079321,-0.8707232604585375,1.4002339286812011,3.7921894376667837,5.118911886335563
mango_rmse,medium,2012-12-31,2014Q2,7,FFR,1.5780205241631424,0.09333333333333334,1.4846871908298092,-2.4489500788866283,-0.8348866142524292,1.577051670719685,4.073052630941552,5.627753080856198
mango_rmse,medium,2012-12-31,2014Q3,8,FFR,1.7153568512626176,0.09000000000000001,1.6253568512626175,-2.5537267704240287,-0.7881532265880107,1.7055012120503705,4.277421551279091,5.753209824525808
mango_rmse,medium,2012-12-31,2012Q4,1,GDP,952.9445155875983,969.8922534031813,-16.94773781558297,951.4929450034854,952.0282147784957,952.96135675925,953.8559472380849,954.4167339489155
mango_rmse,medium,2012-12-31,2013Q1,2,GDP,953.6518900329861,970.7562992997954,-17.104409266809284,951.4775587332196,952.2900324538966,953.6408348945744,954.9297712227058,955.8008009101284
mango_rmse,medium,2012-12-31,2013Q2,3,GDP,954.3031686318287,970.8955874685364,-16.59241883670768,951.5743707454457,952.630260917949,954.2992254291748,955.929188692028,957.0927832146843
mango_rmse,medium,2012-12-31,2013Q3,4,GDP,954.9514038686962,971.6841237441809,-16.73271987548469,951.7517332221906,953.0309747031035,954.8873543929703,956.9563654077175,958.2474276029552
mango_rmse,medium,2012-12-31,2013Q4,5,GDP,955.6452372843034,972.3927778506837,-16.74754056638028,951.9304400285038,953.4206130156864,955.5825249521032,957.8819408268325,959.3385535494474
mango_rmse,medium,2012-12-31,2014Q1,6,GDP,956.2732748982532,972.0420537957549,-15.768778897501647,952.3210004025148,953.7522078709789,956.2255307723092,958.8298393997256,960.4630890975131
mango_rmse,medium,2012-12-31,2014Q2,7,GDP,956.9448313251872,973.318007678534,-16.373176353346707,952.4797106205775,954.2478908815672,956.9314000773281,959.5809095297321,961.40033378904
mango_rmse,medium,2012-12-31,2014Q3,8,GDP,957.6122948923883,974.4762358890149,-16.86394099662664,952.8813366192618,954.7545359551709,957.5777811151601,960.5280725203685,962.3828727333912
mango_rmse,medium,2012-12-31,2012Q4,1,HOURS,457.6684163850717,461.10130829713495,-3.432891912063269,456.30121324643255,456.7983079587171,457.6695341640436,458.5313908146994,459.10826745582153
mango_rmse,medium,2012-12-31,2013Q1,2,HOURS,457.9700257660752,461.53185170399064,-3.5618259379154438,455.78544774374683,456.66357493268686,457.9818258226044,459.26217897323323,460.1645004192134
mango_rmse,medium,2012-12-31,2013Q2,3,HOURS,458.25463641123645,461.94181992532924,-3.687183514092794,455.37635690184317,456.53183124839995,458.2404458164617,459.9569928210306,461.08961330759286
mango_rmse,medium,2012-12-31,2013Q3,4,HOURS,458.5293820940164,462.46198098094044,-3.9325988869240405,455.29317063884974,456.4690857808527,458.47532196649223,460.58512728850496,461.9450090737316
mango_rmse,medium,2012-12-31,2013Q4,5,HOURS,458.850782164815,462.7313209673723,-3.8805388025573393,455.034776633744,456.5181342127009,458.8162349843675,461.2016502190682,462.8102049481439
mango_rmse,medium,2012-12-31,2014Q1,6,HOURS,459.09482188137093,463.23280500304094,-4.137983121670004,454.7265082981562,456.4784918284597,459.0173390015472,461.7932507759672,463.5438559482076
mango_rmse,medium,2012-12-31,2014Q2,7,HOURS,459.37480714830724,464.0228401803155,-4.648033032008243,454.5769771091171,456.4621274004187,459.323831143756,462.27215352108675,464.1061369581215
mango_rmse,medium,2012-12-31,2014Q3,8,HOURS,459.648161996975,464.76260450244837,-5.1144425054733915,454.4898515818914,456.6058835463292,459.58672627433793,462.7907310969369,464.7968183574179
mango_rmse,medium,2012-12-31,2012Q4,1,INV,758.2720275153487,787.2799983894643,-29.007970874115586,749.9082243803857,753.1166085286519,758.2157676455003,763.2466571210313,766.7938100268537
mango_rmse,medium,2012-12-31,2013Q1,2,INV,759.8718910140855,790.9407961623422,-31.068905148256704,747.5948300603849,752.5285958031403,759.793440753339,767.1943119547116,772.4943286058061
mango_rmse,medium,2012-12-31,2013Q2,3,INV,761.1429090478362,792.0532589341361,-30.91034988629997,745.7362559003427,751.5724959776065,760.9734431630267,770.2490488978875,776.7662409917617
mango_rmse,medium,2012-12-31,2013Q3,4,INV,762.4052690730206,795.8489837086637,-33.44371463564312,744.0577651902066,751.3034620745555,762.056096915954,773.4496762779384,781.2558960121124
mango_rmse,medium,2012-12-31,2013Q4,5,INV,763.9720008202625,796.2111558645706,-32.23915504430818,743.1113200013224,751.1675746820553,764.0957300013241,776.6139050675066,784.8569180599652
mango_rmse,medium,2012-12-31,2014Q1,6,INV,765.1956191103446,795.0955980161558,-29.899978905811167,742.7503815274674,751.1193312156777,765.4473049783046,778.9753771725004,787.8544798568269
mango_rmse,medium,2012-12-31,2014Q2,7,INV,766.5890459817745,799.2291631512261,-32.64011716945163,742.2773078336423,751.6178363553333,766.7048830242525,781.094245862886,791.4434622101036
mango_rmse,medium,2012-12-31,2014Q3,8,INV,767.9997294786536,801.2542463678329,-33.254516889179285,741.835601230272,752.5711797516342,767.8387244764094,784.0164483908516,793.5621167426746
mango_rmse,medium,2012-12-31,2012Q4,1,WAGE,463.07332937939856,461.94181992532924,1.1315094540693167,461.8052828270771,462.34732621082577,463.0804468541186,463.81145764172635,464.2980361390628
mango_rmse,medium,2012-12-31,2013Q1,2,WAGE,463.2426223212816,460.02983377843236,3.212788542849239,461.44711161511896,462.1510537409749,463.2784396756015,464.28110823798596,464.9987403283946
mango_rmse,medium,2012-12-31,2013Q2,3,WAGE,463.4345062362664,460.8375044937003,2.5970017425660785,461.1380572299798,462.0652505079298,463.4836755891527,464.7348277847428,465.5952872655746
mango_rmse,medium,2012-12-31,2013Q3,4,WAGE,463.61968881955056,460.07403889087055,3.5456499286800067,460.8414774551761,462.0618530508285,463.6119554809818,465.1806026748866,466.3720591406768
mango_rmse,medium,2012-12-31,2013Q4,5,WAGE,463.75747111618523,460.4549993708612,3.3024717453240555,460.6590127795186,461.9632665739463,463.75223376828524,465.57780103407185,466.7727568947574
mango_rmse,medium,2012-12-31,2014Q1,6,WAGE,463.90103054048734,461.71778051123687,2.1832500292504733,460.5081700126798,461.9207216438255,463.8656782695159,465.9346784133533,467.28911497061375
mango_rmse,medium,2012-12-31,2014Q2,7,WAGE,464.0938945385297,460.65692069017985,3.436973848349851,460.4039988011444,461.93018294260105,464.0765367752325,466.3261615551209,467.73686374932083
mango_rmse,medium,2012-12-31,2014Q3,8,WAGE,464.27175915912335,460.9759638321899,3.295795326933444,460.24897848048505,461.9615033250904,464.2968503502283,466.61105028408014,468.33660904854077
mango_rmse,medium,2013-03-31,2013Q1,1,CONS,918.2437803569752,931.9686225614282,-13.724842204453012,916.9875937054148,917.4668308142396,918.2526432310431,919.0257605235771,919.527474526783
mango_rmse,medium,2013-03-31,2013Q2,2,CONS,918.920798717766,932.1223838026934,-13.201585084927387,917.0690452799561,917.7944654701815,918.9290973623035,920.0210941079952,920.8053001703772
mango_rmse,medium,2013-03-31,2013Q3,3,CONS,919.6146696758052,932.4955461653029,-12.880876489497723,917.3111461213826,918.1934158721788,919.6289898737023,921.001773880242,922.0338046424724
mango_rmse,medium,2013-03-31,2013Q4,4,CONS,920.3002740179865,933.2938463290335,-12.993572311047046,917.5974252943479,918.6443902835179,920.2757833720341,921.9803752642831,923.126014265773
mango_rmse,medium,2013-03-31,2014Q1,5,CONS,920.9676960551728,933.6764719277527,-12.70877587257985,917.75733430789,919.0501943001912,920.9172364911899,922.9338273665808,924.1468818797529
mango_rmse,medium,2013-03-31,2014Q2,6,CONS,921.639621606033,934.6008205784117,-12.961198972378725,918.1028102175568,919.4444544617212,921.665968885769,923.854208547803,925.1687052359547
mango_rmse,medium,2013-03-31,2014Q3,7,CONS,922.3166062402652,935.5797543960106,-13.263148155745398,918.4788018659052,919.8964821497599,922.333688311913,924.5894336171316,926.1321597202704
mango_rmse,medium,2013-03-31,2014Q4,8,CONS,922.9789710751056,936.6909581943073,-13.711987119201694,918.7425820759117,920.3864635912253,922.9762796144328,925.513837839651,927.2294273536859
mango_rmse,medium,2013-03-31,2013Q1,1,DEFL,475.85107406379865,461.651558288791,14.199515775007626,475.38645676323705,475.5709777556383,475.85645897013774,476.1226207275316,476.30738557481425
mango_rmse,medium,2013-03-31,2013Q2,2,DEFL,476.24554755220515,461.93491871613605,14.3106288360691,475.43536866345784,475.76138929679433,476.2508478379247,476.7283584832441,477.0430949725538
mango_rmse,medium,2013-03-31,2013Q3,3,DEFL,476.64525110374643,462.40508197513793,14.2401691286085,475.446012041043,475.9159288958887,476.66120619917785,477.3570678861686,477.8004167516375
mango_rmse,medium,2013-03-31,2013Q4,4,DEFL,477.04416814584926,463.00091293350107,14.043255212348186,475.4190971605319,476.0735802388657,477.0588554605073,478.0103357240957,478.64097252017666
mango_rmse,medium,2013-03-31,2014Q1,5,DEFL,477.4525802866015,463.41657228293434,14.036008003667177,475.2683635639615,476.2392011446032,477.4433708650697,478.72817164191633,479.45897291631263
mango_rmse,medium,2013-03-31,2014Q2,6,DEFL,477.8802845662173,463.9813129431631,13.898971623054194,475.20227377419405,476.35982358290073,477.8437086701816,479.5278605153169,480.4168953184255
mango_rmse,medium,2013-03-31,2014Q3,7,DEFL,478.30362841588317,464.4169720837101,13.886656332173061,475.1842587111472,476.475400762942,478.253987647491,480.2496674296093,481.4019984783079
mango_rmse,medium,2013-03-31,2014Q4,8,DEFL,478.7328515049368,464.58321677069813,14.149634734238646,475.0193125620125,476.57072869185015,478.66141666747615,481.0460088849517,482.4198852629841
mango_rmse,medium,2013-03-31,2013Q1,1,FFR,0.29678361026605377,0.14333333333333334,0.15345027693272043,-1.1181247060021686,-0.5656038046674523,0.29652514970188837,1.1649934236234811,1.7423837192147094
mango_rmse,medium,2013-03-31,2013Q2,2,FFR,0.394812854035643,0.11666666666666665,0.27814618736897634,-1.7275753679688752,-0.9118524783156653,0.43234191729688765,1.731468973585768,2.56394294844673
mango_rmse,medium,2013-03-31,2013Q3,3,FFR,0.554417439188594,0.08333333333333333,0.47108410585526067,-2.1205563889910892,-1.0586378763451314,0.5937382038863362,2.158281516466937,3.2084836812405237
mango_rmse,medium,2013-03-31,2013Q4,4,FFR,0.7352734103476471,0.08666666666666667,0.6486067436809805,-2.364586642115946,-1.1244098996681915,0.7036426161151419,2.5857123413100984,3.765399737465089
mango_rmse,medium,2013-03-31,2014Q1,5,FFR,0.8881077650182623,0.07333333333333335,0.8147744316849289,-2.4014173262654412,-1.2133122905580265,0.8804575437751925,2.9434748500011807,4.3337858642936755
mango_rmse,medium,2013-03-31,2014Q2,6,FFR,1.0275154691227426,0.09333333333333334,0.9341821357894092,-2.8173503334351495,-1.2120461999929304,1.0390126525518084,3.1893323130318874,4.83061588639627
mango_rmse,medium,2013-03-31,2014Q3,7,FFR,1.1361328032745461,0.09000000000000001,1.046132803274546,-2.8332441200722456,-1.2019050108077922,1.2081391420393743,3.4580610178509974,5.0579559162552306
mango_rmse,medium,2013-03-31,2014Q4,8,FFR,1.2880660997565647,0.09999999999999999,1.1880660997565646,-3.0214011247162285,-1.2640175903931672,1.3629736747286278,3.7655642045813593,5.499234483155021
mango_rmse,medium,2013-03-31,2013Q1,1,GDP,952.9091628714791,970.7562992997954,-17.847136428316276,951.4657756335788,952.0403572470748,952.9000740445421,953.7744634362477,954.4263970878271
mango_rmse,medium,2013-03-31,2013Q2,2,GDP,953.5585376380295,970.8955874685364,-17.337049830506885,951.5087051514204,952.2897840364824,953.5476061815384,954.7917561314654,955.7308142581248
mango_rmse,medium,2013-03-31,2013Q3,3,GDP,954.291201826866,971.6841237441809,-17.39292191731488,951.6504252472919,952.6646314222319,954.2425156623458,955.9592086734424,957.0192289461869
mango_rmse,medium,2013-03-31,2013Q4,4,GDP,955.0222620864334,972.3927778506837,-17.370515764250285,951.9205460577307,953.121073618898,954.9911866604892,956.9408499324121,958.2744540170925
mango_rmse,medium,2013-03-31,2014Q1,5,GDP,955.7065878588594,972.0420537957549,-16.335465936895503,952.0589623467685,953.5200765180126,955.6644706446855,957.9055297879711,959.4711113507311
mango_rmse,medium,2013-03-31,2014Q2,6,GDP,956.351708633951,973.318007678534,-16.96629904458291,952.4761269419414,953.9979444313012,956.3058318478197,958.7934115559705,960.365877327116
mango_rmse,medium,2013-03-31,2014Q3,7,GDP,957.0258413834965,974.4762358890149,-17.450394505518375,952.847140413289,954.4319884420321,956.9352300357884,959.6855977120836,961.4512607726268
mango_rmse,medium,2013-03-31,2014Q4,8,GDP,957.6847329922131,974.9242243231641,-17.23949133095107,953.0572899789543,954.8259421230007,957.6764418857972,960.6085427450075,962.5216863561418
mango_rmse,medium,2013-03-31,2013Q1,1,HOURS,458.67039633594624,461.53185170399064,-2.8614553680444033,457.22439447504973,457.8259023020932,458.667260555034,459.55047352778826,460.09893482484694
mango_rmse,medium,2013-03-31,2013Q2,2,HOURS,458.93364508311527,461.94181992532924,-3.0081748422139754,456.794601341268,457.6936338444931,458.92419950471765,460.188525866627,461.02962679090024
mango_rmse,medium,2013-03-31,2013Q3,3,HOURS,459.26574658854895,462.46198098094044,-3.1962343923914887,456.557671042217,457.6332676731988,459.21988622722137,460.9411495297484,462.0414985164364
mango_rmse,medium,2013-03-31,2013Q4,4,HOURS,459.60924459084845,462.7313209673723,-3.1220763765238644,456.38735390764185,457.6315272342842,459.56977628099696,461.63621111498105,462.9133116522465
mango_rmse,medium,2013-03-31,2014Q1,5,HOURS,459.92508662716034,463.23280500304094,-3.3077183758805973,456.215192780254,457.5680261222615,459.8915580361379,462.15925496538006,463.7642492370562
mango_rmse,medium,2013-03-31,2014Q2,6,HOURS,460.2276318433715,464.0228401803155,-3.795208336943972,455.9140443090869,457.6190785657807,460.2540738616434,462.7659739548326,464.4330131972183
mango_rmse,medium,2013-03-31,2014Q3,7,HOURS,460.53532167214996,464.76260450244837,-4.227282830298407,455.71745017811725,457.70587223723544,460.6155828956417,463.2836846748743,465.10104114554844
mango_rmse,medium,2013-03-31,2014Q4,8,HOURS,460.8440192379315,465.875834515802,-5.031815277870521,455.7162002391506,457.76327234459416,460.8779221660459,463.8654272640199,465.8122335013478
mango_rmse,medium,2013-03-31,2013Q1,1,INV,758.0073771383436,790.9407961623422,-32.93341902399857,749.6288201945091,752.8372939218364,757.949189849601,763.2034150746967,766.5533218659798
mango_rmse,medium,2013-03-31,2013Q2,2,INV,759.3104949411298,792.0532589341361,-32.74276399300629,747.0859035517653,751.8472287716937,759.2935919843303,766.808860129214,771.2198799980068
mango_rmse,medium,2013-03-31,2013Q3,3,INV,761.0426361595428,795.8489837086637,-34.806347549120915,745.7597524790407,751.9184554680414,761.0332459610963,770.3024705333526,776.023924972532
mango_rmse,medium,2013-03-31,2013Q4,4,INV,762.6951971593088,796.2111558645706,-33.51595870526182,745.551441704904,752.2484475626501,762.5914305198423,773.6356603013841,780.3486981017487
mango_rmse,medium,2013-03-31,2014Q1,5,INV,764.2723236611693,795.0955980161558,-30.82327435498655,744.1704951615701,752.2634386960414,764.3494117983723,776.1543324429717,784.5724863778223
mango_rmse,medium,2013-03-31,2014Q2,6,INV,765.490760500816,799.2291631512261,-33.73840265041008,743.8681932956069,752.3028037996608,765.3676848616315,778.779725373327,787.8137690123687
mango_rmse,medium,2013-03-31,2014Q3,7,INV,766.9040119015391,801.2542463678329,-34.35023446629384,743.0860633190804,752.8735161856662,766.6842738414518,781.8552170452537,791.4970696091882
mango_rmse,medium,2013-03-31,2014Q4,8,INV,768.2037361586827,801.3626822057217,-33.15894604703908,741.87490780271,753.1777796775287,767.9310637818705,783.6745202284193,794.6762436020466
mango_rmse,medium,2013-03-31,2013Q1,1,WAGE,462.857863744667,460.02983377843236,2.8280299662346238,461.56597553832876,462.112836584968,462.84603272683785,463.6191639032824,464.135617406033
mango_rmse,medium,2013-03-31,2013Q2,2,WAGE,463.06052211169526,460.8375044937003,2.2230176179949694,461.238002159378,461.93337755610395,463.0888499626365,464.14205341933757,464.8839569646636
mango_rmse,medium,2013-03-31,2013Q3,3,WAGE,463.2997196263556,460.07403889087055,3.2256807354850707,461.04703511194793,461.91280036792875,463.3056750110454,464.7103821406055,465.5220471157861
mango_rmse,medium,2013-03-31,2013Q4,4,WAGE,463.5234597060487,460.4549993708612,3.068460335187524,460.88601831234814,461.89243944857304,463.54088663144773,465.12024648329196,466.16777161754834
mango_rmse,medium,2013-03-31,2014Q1,5,WAGE,463.7342714802817,461.71778051123687,2.01649096904481,460.58518356415675,461.92217655964487,463.7575646210532,465.5438341209778,466.7570844751653
mango_rmse,medium,2013-03-31,2014Q2,6,WAGE,463.92631970111097,460.65692069017985,3.2693990109311244,460.42772416661643,461.8975483093349,463.87169198632387,465.9531453817937,467.3582462743056
mango_rmse,medium,2013-03-31,2014Q3,7,WAGE,464.12877400274226,460.9759638321899,3.152810170552357,460.3048138216812,461.8808231168311,464.12643929905164,466.3365090375545,467.7033158038848
mango_rmse,medium,2013-03-31,2014Q4,8,WAGE,464.35024671678764,462.26465802893273,2.0855886878549086,460.3799492980367,461.89940365279324,464.3950872931197,466.67681760058633,468.3270241026686
mango_rmse,medium,2013-06-30,2013Q2,1,CONS,918.9092943787933,932.1223838026934,-13.2130894239001,917.6435903816279,918.1073569048941,918.9031452771869,919.7091287769241,920.2258713993637
mango_rmse,medium,2013-06-30,2013Q3,2,CONS,919.595946324333,932.4955461653029,-12.899599840969927,917.7135505449406,918.4809618332104,919.5759931571242,920.7348212896824,921.4964370092866
mango_rmse,medium,2013-06-30,2013Q4,3,CONS,920.2630371066145,933.2938463290335,-13.030809222418952,917.9046697827426,918.8646292246816,920.2566321635773,921.6906450495269,922.5552781703894
mango_rmse,medium,2013-06-30,2014Q1,4,CONS,920.9393113047897,933.6764719277527,-12.73716062296296,918.2024466984674,919.288385787009,920.9455910090286,922.6270559770089,923.7409855128869
mango_rmse,medium,2013-06-30,2014Q2,5,CONS,921.6006709695081,934.6008205784117,-13.000149608903598,918.4011212909347,919.6770655353325,921.6105595480008,923.533659310324,924.7709160231707
mango_rmse,medium,2013-06-30,2014Q3,6,CONS,922.2984198155195,935.5797543960106,-13.281334580491034,918.8460379284229,920.2047041976192,922.262694206036,924.3638839994779,925.8065074526257
mango_rmse,medium,2013-06-30,2014Q4,7,CONS,922.94557750155,936.6909581943073,-13.745380692757294,919.0207631049764,920.613396942997,922.9605918074385,925.3815590937354,926.797425785646
mango_rmse,medium,2013-06-30,2015Q1,8,CONS,923.6065032025056,937.3559721122837,-13.749468909778102,919.4270763642427,921.0439037715021,923.5715199195876,926.1415884574967,927.8379366588049
mango_rmse,medium,2013-06-30,2013Q2,1,DEFL,476.1018757865906,461.93491871613605,14.166957070454544,475.63685660273165,475.8242384453187,476.1010612825195,476.3826814373888,476.5838238308694
mango_rmse,medium,2013-06-30,2013Q3,2,DEFL,476.46011154946564,462.40508197513793,14.055029574327705,475.67051648619315,475.97006230920476,476.46485713339945,476.93874435315854,477.24788638428055
mango_rmse,medium,2013-06-30,2013Q4,3,DEFL,476.81462245837054,463.00091293350107,13.813709524869466,475.6451949040524,476.10878229432,476.8095885398376,477.5182194616331,477.99196465870494
mango_rmse,medium,2013-06-30,2014Q1,4,DEFL,477.17740418748167,463.41657228293434,13.76083190454733,475.5468391483099,476.22082743703174,477.1916435385185,478.1251396329054,478.74313159308866
mango_rmse,medium,2013-06-30,2014Q2,5,DEFL,477.5557472674155,463.9813129431631,13.574434324252366,475.4629803343745,476.35306772997683,477.55551929293847,478.74929255905636,479.5680056783423
mango_rmse,medium,2013-06-30,2014Q3,6,DEFL,477.9340704177963,464.4169720837101,13.5170983340862,475.3039902251023,476.41895314944566,477.9473083490128,479.4833559519003,480.46279391720486
mango_rmse,medium,2013-06-30,2014Q4,7,DEFL,478.3268168007876,464.58321677069813,13.743600030089453,475.2134707423958,476.4852116747877,478.3639634603203,480.2394031129707,481.39270620912663
mango_rmse,medium,2013-06-30,2015Q1,8,DEFL,478.7304426400519,464.5476847747226,14.182757865329279,475.10177925024084,476.54349331314836,478.71510529876196,481.03312761433,482.3497219146775
mango_rmse,medium,2013-06-30,2013Q2,1,FFR,0.24519175354491307,0.11666666666666665,0.12852508687824643,-1.1323391048324967,-0.6065312290325159,0.2331144313278189,1.0950071154264487,1.6578595578895277
mango_rmse,medium,2013-06-30,2013Q3,2,FFR,0.3530151700142661,0.08333333333333333,0.26968183668093276,-1.6452895064692168,-0.8826625985424077,0.3472758292074065,1.5466773823832134,2.3861844159569374
mango_rmse,medium,2013-06-30,2013Q4,3,FFR,0.5318764106407752,0.08666666666666667,0.4452097439741085,-2.005481348564032,-1.0288712426848279,0.5428539157741807,2.103441369393289,3.0924123851755216
mango_rmse,medium,2013-06-30,2014Q1,4,FFR,0.6719006189145933,0.07333333333333335,0.5985672855812599,-2.3371451222681108,-1.131055293281388,0.6536522093422278,2.495270115457394,3.5928036020943113
mango_rmse,medium,2013-06-30,2014Q2,5,FFR,0.808085262533242,0.09333333333333334,0.7147519291999086,-2.582069792487038,-1.2504543961756065,0.8580993770057703,2.8309926942880814,4.090294002660585
mango_rmse,medium,2013-06-30,2014Q3,6,FFR,0.9110259431804821,0.09000000000000001,0.8210259431804822,-2.8313996076244035,-1.3099568836877369,0.9215297289400921,3.1168176598613444,4.507633285497669
mango_rmse,medium,2013-06-30,2014Q4,7,FFR,1.0364200060108164,0.09999999999999999,0.9364200060108164,-2.995286521315955,-1.345277278716062,1.0246623289402441,3.41143425368516,4.959349087293159
mango_rmse,medium,2013-06-30,2015Q1,8,FFR,1.1918045885184914,0.11,1.0818045885184913,-3.0013194090405197,-1.268053733754697,1.179987017082794,3.7034128779937174,5.369313996916479
mango_rmse,medium,2013-06-30,2013Q2,1,GDP,953.3884636107163,970.8955874685364,-17.507123857820147,951.8355465466605,952.4703113412801,953.4195969123409,954.2987691834201,954.844816380229
mango_rmse,medium,2013-06-30,2013Q3,2,GDP,954.101912286403,971.6841237441809,-17.582211457777817,951.8685405369631,952.8684929466189,954.0971788014149,955.3905022823939,956.2916876793997
mango_rmse,medium,2013-06-30,2013Q4,3,GDP,954.8131405458461,972.3927778506837,-17.57963730483766,952.0952482083973,953.1917617770981,954.8200231792631,956.4154575314119,957.5600062368771
mango_rmse,medium,2013-06-30,2014Q1,4,GDP,955.5224158006783,972.0420537957549,-16.51963799507655,952.3152419153835,953.559285746888,955.4725251348939,957.4846359676336,958.8309261666743
mango_rmse,medium,2013-06-30,2014Q2,5,GDP,956.2198862507956,973.318007678534,-17.098121427738306,952.5652775858335,953.9957374443104,956.1505702300509,958.5711480942326,959.9384438057829
mango_rmse,medium,2013-06-30,2014Q3,6,GDP,956.9149471565515,974.4762358890149,-17.561288732463368,952.8102523373515,954.4494181081168,956.8785479372802,959.4522674775645,961.1652598387925
mango_rmse,medium,2013-06-30,2014Q4,7,GDP,957.5790927337815,974.9242243231641,-17.345131589382618,953.0564935757485,954.8500547816841,957.5550927700255,960.3849655201118,962.2422245843932
mango_rmse,medium,2013-06-30,2015Q1,8,GDP,958.2523254729025,975.7342483786737,-17.48192290577117,953.4554167568226,955.2934704160716,958.2483357027813,961.2684867576455,963.1161036259209
mango_rmse,medium,2013-06-30,2013Q2,1,HOURS,459.0855169968297,461.94181992532924,-2.856302928499531,457.6759560795524,458.2041878728453,459.0813324408158,459.9718332021983,460.5222287439557
mango_rmse,medium,2013-06-30,2013Q3,2,HOURS,459.4026094879877,462.46198098094044,-3.059371492952721,457.2449531289009,458.05102898160095,459.43356148275916,460.7004066482246,461.5803116861089
mango_rmse,medium,2013-06-30,2013Q4,3,HOURS,459.7265954512777,462.7313209673723,-3.004725516094595,456.997528509402,458.04166545146694,459.7530230447086,461.40193893781276,462.52648318538087
mango_rmse,medium,2013-06-30,2014Q1,4,HOURS,460.0265607514308,463.23280500304094,-3.206244251610144,456.68366960562014,458.0175238154422,460.0674697786377,462.05471079510505,463.3201902645837
mango_rmse,medium,2013-06-30,2014Q2,5,HOURS,460.3562981674251,464.0228401803155,-3.6665420128903747,456.6115177235792,457.9982959519327,460.3143958317417,462.7144072849757,464.172817048258
mango_rmse,medium,2013-06-30,2014Q3,6,HOURS,460.68080037201446,464.76260450244837,-4.081804130433909,456.48240386631227,458.06235565695715,460.6771494712083,463.34348354408144,465.13509901491454
mango_rmse,medium,2013-06-30,2014Q4,7,HOURS,461.02698508342354,465.875834515802,-4.848849432378472,456.2850538941621,458.16351372674507,461.00842369871816,463.9283303528185,465.7366682555991
mango_rmse,medium,2013-06-30,2015Q1,8,HOURS,461.36529471678864,466.15694228372104,-4.791647566932397,456.22589316877185,458.33158164800176,461.3703467554671,464.5203342693499,466.31368182228493
mango_rmse,medium,2013-06-30,2013Q2,1,INV,760.1288619906871,792.0532589341361,-31.924396943448983,751.4850288954356,755.148109700103,760.0683705331749,765.1210470253939,768.6482937204493
mango_rmse,medium,2013-06-30,2013Q3,2,INV,761.9184465092014,795.8489837086637,-33.930537199462265,749.9027294373984,754.6071394082732,761.9291353012861,769.2173412163085,774.1641499712413
mango_rmse,medium,2013-06-30,2013Q4,3,INV,763.4348856024429,796.2111558645706,-32.776270262127696,747.98691734683,754.1253209838288,763.6855840965659,772.5031522339359,778.2355436907789
mango_rmse,medium,2013-06-30,2014Q1,4,INV,764.8939030731156,795.0955980161558,-30.201694943040252,746.790851507987,754.4328814478351,764.5035296989863,775.9756287002223,782.8009150481728
mango_rmse,medium,2013-06-30,2014Q2,5,INV,766.4987557916018,799.2291631512261,-32.73040735962434,746.0064761579823,754.0501295112882,766.6271759435444,778.705891526128,787.3400725471298
mango_rmse,medium,2013-06-30,2014Q3,6,INV,767.8779665902933,801.2542463678329,-33.376279777539594,744.9543809603722,754.4639342516248,768.0109426878215,781.472700692699,789.4666540641865
mango_rmse,medium,2013-06-30,2014Q4,7,INV,769.2519116462092,801.3626822057217,-32.1107705595125,744.8458067796136,754.7410548263642,769.4370304715692,784.2985955087291,793.032305050293
mango_rmse,medium,2013-06-30,2015Q1,8,INV,770.5480796370329,804.7916977539779,-34.24361811694507,744.6897054197731,754.6046626588256,770.998148653231,786.0910177266331,795.7290378307963
mango_rmse,medium,2013-06-30,2013Q2,1,WAGE,463.2242137581499,460.8375044937003,2.386709264449621,461.96663264247616,462.4848386806128,463.2154677946155,463.98437680267733,464.47218447761657
mango_rmse,medium,2013-06-30,2013Q3,2,WAGE,463.46313231733893,460.07403889087055,3.389093426468378,461.6108567681164,462.3330755426926,463.46882116011477,464.5529543084277,465.3333789724138
mango_rmse,medium,2013-06-30,2013Q4,3,WAGE,463.66812830613253,460.4549993708612,3.2131289352713566,461.39979536197825,462.2608063010872,463.68709885650713,465.03137966001714,465.873717469456
mango_rmse,medium,2013-06-30,2014Q1,4,WAGE,463.9002055607708,461.71778051123687,2.182425049533947,461.29731190421734,462.24392589378937,463.93637105675987,465.5044441795095,466.51542641154134
mango_rmse,medium,2013-06-30,2014Q2,5,WAGE,464.099661510887,460.65692069017985,3.442740820707172,461.1362417581669,462.2979482279994,464.1021842922637,465.9248093343841,467.0424125970301
mango_rmse,medium,2013-06-30,2014Q3,6,WAGE,464.3278293467449,460.9759638321899,3.3518655145550156,460.8786839819571,462.33402246844986,464.32929078964224,466.34715294749145,467.6014975646511
mango_rmse,medium,2013-06-30,2014Q4,7,WAGE,464.53429006434664,462.26465802893273,2.269632035413906,460.8144229350481,462.314058615199,464.51750261733844,466.78073767076654,468.21776532942386
mango_rmse,medium,2013-06-30,2015Q1,8,WAGE,464.7568090138554,464.0489066112446,0.7079024026107845,460.66788419213105,462.373279787173,464.7737172573185,467.196059188318,468.8929005740022
mango_rmse,medium,2013-09-30,2013Q3,1,CONS,928.469167863986,932.4955461653029,-4.026378301316981,927.1869008921677,927.7059430548586,928.4697619157811,929.2599957644969,929.7496884012752
mango_rmse,medium,2013-09-30,2013Q4,2,CONS,929.1761316491857,933.2938463290335,-4.117714679847836,927.3348349673257,927.9883400504814,929.1982116525727,930.3093058458458,931.0676182554932
mango_rmse,medium,2013-09-30,2014Q1,3,CONS,929.9201305429992,933.6764719277527,-3.756341384753455,927.5753476129796,928.5287016301281,929.8769422713475,931.3510076637548,932.3220345546957
mango_rmse,medium,2013-09-30,2014Q2,4,CONS,930.667732492719,934.6008205784117,-3.9330880856927024,927.8944470176664,929.0292181011703,930.6544833406683,932.3440683056307,933.4349697708338
mango_rmse,medium,2013-09-30,2014Q3,5,CONS,931.4154531977239,935.5797543960106,-4.164301198286694,928.2942053184888,929.4913274324766,931.4024483706394,933.3825718748203,934.5459644763151
mango_rmse,medium,2013-09-30,2014Q4,6,CONS,932.1359494714866,936.6909581943073,-4.55500872282073,928.6742780012875,930.0063142909414,932.1157046408418,934.2213104895359,935.6457458683592
mango_rmse,medium,2013-09-30,2015Q1,7,CONS,932.8292441812947,937.3559721122837,-4.5267279309889545,928.97638617572,930.4896464160322,932.8091276186751,935.1175464274608,936.6341800219667
mango_rmse,medium,2013-09-30,2015Q2,8,CONS,933.5254582004242,938.0306918992713,-4.505233698847178,929.3566858487463,930.9834135173514,933.5065557527485,936.0508033895392,937.6903270844177
mango_rmse,medium,2013-09-30,2013Q3,1,DEFL,466.8803477705847,462.40508197513793,4.475265795446774,466.44281080863516,466.6203753704023,466.868152702424,467.1474172626747,467.31831905164535
mango_rmse,medium,2013-09-30,2013Q4,2,DEFL,467.1806748828248,463.00091293350107,4.1797619493237335,466.4111543128594,466.7291840373062,467.17339509664157,467.6328892871633,467.9346733709008
mango_rmse,medium,2013-09-30,2014Q1,3,DEFL,467.4800254413748,463.41657228293434,4.0634531584404385,466.31873936611123,466.783548700406,467.4884644042964,468.16142782270646,468.6236915826774
mango_rmse,medium,2013-09-30,2014Q2,4,DEFL,467.7767103364032,463.9813129431631,3.79539739324008,466.18960084325295,466.80824069564363,467.79282743059906,468.7194580778425,469.2914661275085
mango_rmse,medium,2013-09-30,2014Q3,5,DEFL,468.0932986028962,464.4169720837101,3.676326519186091,466.00351640465607,466.8677575570441,468.0934786899982,469.2925606819705,470.14402218092926
mango_rmse,medium,2013-09-30,2014Q4,6,DEFL,468.42205379472125,464.58321677069813,3.838837024023121,465.8950874560661,466.92840199208604,468.4084156396653,469.96643380653876,470.9184211321658
mango_rmse,medium,2013-09-30,2015Q1,7,DEFL,468.75224637165957,464.5476847747226,4.204561596936969,465.7420802058515,466.9721346620166,468.7369128210771,470.603828317929,471.8034489789904
mango_rmse,medium,2013-09-30,2015Q2,8,DEFL,469.1025834655521,465.0879418481692,4.0146416173828925,465.6120840504329,466.97081081486374,469.094027065025,471.28311752769207,472.6997892817552
mango_rmse,medium,2013-09-30,2013Q3,1,FFR,0.22706080546181634,0.08333333333333333,0.14372747212848302,-1.205349120788387,-0.6440534544943903,0.22660639938617544,1.0803203279792053,1.6958269749004247
mango_rmse,medium,2013-09-30,2013Q4,2,FFR,0.31116078377797857,0.08666666666666667,0.2244941171113119,-1.8013689425971129,-0.9445085965100541,0.32250582408621603,1.5560664123242725,2.3084650593305303
mango_rmse,medium,2013-09-30,2014Q1,3,FFR,0.4149468197919774,0.07333333333333335,0.34161348645864403,-2.20666877258396,-1.218235457251146,0.45676880535080955,1.9577102223941694,2.983314918825196
mango_rmse,medium,2013-09-30,2014Q2,4,FFR,0.5886399179751017,0.09333333333333334,0.4953065846417684,-2.491500522348083,-1.1996438845293096,0.5947719664739736,2.385470548500788,3.601104077811085
mango_rmse,medium,2013-09-30,2014Q3,5,FFR,0.7269735972414204,0.09000000000000001,0.6369735972414204,-2.71032705058118,-1.3185911097135892,0.7650004407658055,2.718895878105259,3.895881781210625
mango_rmse,medium,2013-09-30,2014Q4,6,FFR,0.8760288457510336,0.09999999999999999,0.7760288457510336,-2.681534745241134,-1.3205821041828552,0.9048605857728599,3.0581348002736273,4.410040019975648
mango_rmse,medium,2013-09-30,2015Q1,7,FFR,1.0060484883115839,0.11,0.8960484883115839,-2.7811900575611763,-1.4293789684025497,1.0507312748739657,3.341291897221014,4.721563811574335
mango_rmse,medium,2013-09-30,2015Q2,8,FFR,1.1201541527175696,0.12333333333333334,0.9968208193842363,-3.0001791439569145,-1.3844963132848218,1.0919280854203737,3.592147911572484,5.257140394987974
mango_rmse,medium,2013-09-30,2013Q3,1,GDP,966.7016458389592,971.6841237441809,-4.982477905221685,965.2551522646228,965.815162991503,966.692378179969,967.5963899542396,968.122197623232
mango_rmse,medium,2013-09-30,2013Q4,2,GDP,967.4043978108265,972.3927778506837,-4.9883800398572475,965.3015664572674,966.1346744976249,967.4135642479423,968.6638227798807,969.4893393289982
mango_rmse,medium,2013-09-30,2014Q1,3,GDP,968.1551997523835,972.0420537957549,-3.886854043371386,965.494735080444,966.5044443807843,968.1416342442263,969.8094116918232,970.8181244431139
mango_rmse,medium,2013-09-30,2014Q2,4,GDP,968.8896776696868,973.318007678534,-4.428330008847183,965.7825608225302,966.9198986357593,968.878021171759,970.778384052387,972.1100618789693
mango_rmse,medium,2013-09-30,2014Q3,5,GDP,969.6391383967045,974.4762358890149,-4.837097492310363,966.0988834053651,967.4630577130812,969.6228577938888,971.8004924159067,973.201863141974
mango_rmse,medium,2013-09-30,2014Q4,6,GDP,970.3886129497442,974.9242243231641,-4.535611373419897,966.3278049172353,967.9757482937459,970.4354777426481,972.8632165678443,974.3202887268145
mango_rmse,medium,2013-09-30,2015Q1,7,GDP,971.0555610667366,975.7342483786737,-4.678687311937097,966.5864514669423,968.4332944364893,971.1003997676808,973.7142145778826,975.2957669526677
mango_rmse,medium,2013-09-30,2015Q2,8,GDP,971.7743210519535,976.31257427765,-4.538253225696508,966.8572273786152,968.8793132713843,971.9333641317571,974.5990960531127,976.3463680115373
mango_rmse,medium,2013-09-30,2013Q3,1,HOURS,466.2181957093128,462.46198098094044,3.756214728372356,464.89230517546656,465.40092430396123,466.2061359961114,467.0567893910019,467.60126046305214
mango_rmse,medium,2013-09-30,2013Q4,2,HOURS,466.532612790825,462.7313209673723,3.8012918234526865,464.512330290594,465.21135317825735,466.54236809639156,467.78732918300926,468.73738286107863
mango_rmse,medium,2013-09-30,2014Q1,3,HOURS,466.8778533967148,463.23280500304094,3.6450483936738465,464.1258459819974,465.21105152452265,466.85910270962404,468.50590847738374,469.8194191107715
mango_rmse,medium,2013-09-30,2014Q2,4,HOURS,467.2363633421741,464.0228401803155,3.2135231618586317,463.86367173356143,465.28144169733696,467.21250575287894,469.21047145424194,470.7414291310105
mango_rmse,medium,2013-09-30,2014Q3,5,HOURS,467.596552480164,464.76260450244837,2.8339479777156384,463.8064147330615,465.28017901674843,467.55411379877535,469.8549560692507,471.6358477417025
mango_rmse,medium,2013-09-30,2014Q4,6,HOURS,467.94964510081235,465.875834515802,2.073810585010335,463.79087585556476,465.3482003619526,467.891036772701,470.5221604305121,472.4607754847872
mango_rmse,medium,2013-09-30,2015Q1,7,HOURS,468.23838612555517,466.15694228372104,2.0814438418341297,463.4969092510451,465.46641984370063,468.2231103886352,471.0379792153134,473.25030674530313
mango_rmse,medium,2013-09-30,2015Q2,8,HOURS,468.5286374476155,466.5408850979831,1.9877523496323874,463.57503086273,465.46684917474266,468.5405546759316,471.61077638912644,473.81009117408286
mango_rmse,medium,2013-09-30,2013Q3,1,INV,784.6916189511071,795.8489837086637,-11.157364757556593,777.0487347725204,780.0341350857916,784.7211588673015,789.3416499419598,792.4386538541956
mango_rmse,medium,2013-09-30,2013Q4,2,INV,786.2099717119828,796.2111558645706,-10.001184152587825,775.0886746533873,779.5062685757927,786.170547645238,793.1018225200359,797.3821994620341
mango_rmse,medium,2013-09-30,2014Q1,3,INV,787.7414929435841,795.0955980161558,-7.354105072571656,773.9542676855212,779.3143000548467,787.650139770231,796.1724350963672,802.1027835380688
mango_rmse,medium,2013-09-30,2014Q2,4,INV,789.2477242415335,799.2291631512261,-9.981438909692542,773.4081275523391,779.1568788981238,789.1805070170838,798.9924559051013,806.0766061947404
mango_rmse,medium,2013-09-30,2014Q3,5,INV,790.8789302351424,801.2542463678329,-10.3753161326905,772.8032118673597,779.7718491353585,790.6332156824606,801.9630750786317,810.1656274179238
mango_rmse,medium,2013-09-30,2014Q4,6,INV,792.466643116525,801.3626822057217,-8.896039089196734,772.3250317747653,779.9268369847263,792.3549397577536,804.8927949508181,813.1541050390266
mango_rmse,medium,2013-09-30,2015Q1,7,INV,793.4967485960343,804.7916977539779,-11.29494915794362,771.0577435803981,780.000987469385,793.2906237969112,807.0808518455823,815.8586828558032
mango_rmse,medium,2013-09-30,2015Q2,8,INV,794.7466081566195,805.0922745163426,-10.345666359723168,770.4977898312982,780.2759503797031,794.7774267261756,809.3697271276168,818.433971762563
mango_rmse,medium,2013-09-30,2013Q3,1,WAGE,461.14863761894605,460.07403889087055,1.0745987280755003,459.8153503528508,460.3021639242686,461.1500752151695,461.97871621749414,462.53499943432973
mango_rmse,medium,2013-09-30,2013Q4,2,WAGE,461.32938488799897,460.4549993708612,0.8743855171377959,459.373747144719,460.11690582168796,461.3117054438767,462.51364369695006,463.2681497262217
mango_rmse,medium,2013-09-30,2014Q1,3,WAGE,461.55712503907193,461.71778051123687,-0.16065547216493314,459.134611859373,460.09596094847416,461.57220630575455,462.99032704249913,463.91798885836226
mango_rmse,medium,2013-09-30,2014Q2,4,WAGE,461.78731224449575,460.65692069017985,1.1303915543159064,458.9584062689877,460.13498844357304,461.77710647837,463.54607148353796,464.54204394136514
mango_rmse,medium,2013-09-30,2014Q3,5,WAGE,462.02343788427544,460.9759638321899,1.0474740520855335,458.75106752173707,460.07610399546417,462.0743221482667,463.9528197936976,465.1017216478014
mango_rmse,medium,2013-09-30,2014Q4,6,WAGE,462.21251879572947,462.26465802893273,-0.0521392332032633,458.65266820496936,460.06121362306266,462.30500912777075,464.34836808235883,465.7635808383287
mango_rmse,medium,2013-09-30,2015Q1,7,WAGE,462.43501905140033,464.0489066112446,-1.6138875598442723,458.4237172879815,460.1276292748716,462.4707985942378,464.80304037835816,466.22179168211846
mango_rmse,medium,2013-09-30,2015Q2,8,WAGE,462.60185297317076,464.2369626977198,-1.635109724549011,458.2412393355579,460.13504098025686,462.66840278630445,465.09837122201526,466.6049129359153
mango_rmse,medium,2013-12-31,2013Q4,1,CONS,928.8959129969195,933.2938463290335,-4.3979333321140075,927.6505593491906,928.1310007826163,928.8781809236118,929.6575217296944,930.1488777149101
mango_rmse,medium,2013-12-31,2014Q1,2,CONS,929.6240567955034,933.6764719277527,-4.05241513224928,927.76321231045,928.5289470054465,929.6286061113476,930.7152975516196,931.4722019735676
mango_rmse,medium,2013-12-31,2014Q2,3,CONS,930.3098506730446,934.6008205784117,-4.290969905367092,927.9999638343307,928.9471672642624,930.301672886774,931.6967564556151,932.5978869180809
mango_rmse,medium,2013-12-31,2014Q3,4,CONS,931.0087900637761,935.5797543960106,-4.570964332234439,928.2678289301742,929.404140567708,930.9862171857402,932.6303233124464,933.718049346967
mango_rmse,medium,2013-12-31,2014Q4,5,CONS,931.7037307095787,936.6909581943073,-4.987227484728578,928.5432010745114,929.8793163478891,931.7375487271665,933.5163661454066,934.7520031298835
mango_rmse,medium,2013-12-31,2015Q1,6,CONS,932.3626739204468,937.3559721122837,-4.993298191836857,928.8473366801724,930.3893717172693,932.4083579345607,934.3391339487745,935.7551448776775
mango_rmse,medium,2013-12-31,2015Q2,7,CONS,933.0414721787185,938.0306918992713,-4.989219720552796,929.1777357787579,930.8589941030731,933.0595777864817,935.249302909585,936.7816688907835
mango_rmse,medium,2013-12-31,2015Q3,8,CONS,933.7398495299842,938.7904212097346,-5.050571679750419,929.5379797346586,931.4059306361379,933.748150671109,936.1465459113348,937.8486653011524
mango_rmse,medium,2013-12-31,2013Q4,1,DEFL,467.4315595774865,463.00091293350107,4.430646643985426,467.0011195901313,467.17288378038546,467.42769425793836,467.6946265396211,467.87090849974624
mango_rmse,medium,2013-12-31,2014Q1,2,DEFL,467.7937707571647,463.41657228293434,4.37719847423034,467.0718615679003,467.37028962509794,467.77748917521603,468.2484534541315,468.55662675746237
mango_rmse,medium,2013-12-31,2014Q2,3,DEFL,468.1691776981458,463.9813129431631,4.187864754982684,467.0273224035511,467.49235465801956,468.15859514476887,468.85362941944396,469.2838006174271
mango_rmse,medium,2013-12-31,2014Q3,4,DEFL,468.5593110006468,464.4169720837101,4.142338916936694,467.03282013113585,467.62377854914274,468.5520071029704,469.46977823858447,470.0606309295109
mango_rmse,medium,2013-12-31,2014Q4,5,DEFL,468.9507313191501,464.58321677069813,4.367514548451993,466.9251063761121,467.71543642440696,468.9516084027314,470.1308820952355,470.86119071398645
mango_rmse,medium,2013-12-31,2015Q1,6,DEFL,469.35024491830666,464.5476847747226,4.80256014358406,466.7999947385706,467.87285485058777,469.3658165965945,470.8194904076703,471.75480512440294
mango_rmse,medium,2013-12-31,2015Q2,7,DEFL,469.7571613670882,465.0879418481692,4.6692195189190215,466.67218786492833,467.91392949982804,469.779892443549,471.55118452303094,472.65178250295196
mango_rmse,medium,2013-12-31,2015Q3,8,DEFL,470.1602790977402,465.38555827648497,4.774720821255244,466.54638956469785,467.95498689846795,470.1717534489386,472.27912084997104,473.66409684882046
mango_rmse,medium,2013-12-31,2013Q4,1,FFR,0.25089266096253,0.08666666666666667,0.16422599429586332,-1.1595799451595685,-0.5892631241793739,0.2764022418778578,1.0759723242531474,1.627883910748751
mango_rmse,medium,2013-12-31,2014Q1,2,FFR,0.45293971823761425,0.07333333333333335,0.3796063849042809,-1.6569314366896117,-0.8004924850016835,0.5056830662755167,1.7005617212295832,2.4175177778431034
mango_rmse,medium,2013-12-31,2014Q2,3,FFR,0.6482618467962514,0.09333333333333334,0.554928513462918,-1.925519196264921,-0.8873061498138345,0.6392931591031976,2.213954391433268,3.167825909866126
mango_rmse,medium,2013-12-31,2014Q3,4,FFR,0.782557799867405,0.09000000000000001,0.6925577998674051,-2.2284733450173757,-1.0399330629723176,0.7972339585952086,2.6143457905854772,3.7014268035259486
mango_rmse,medium,2013-12-31,2014Q4,5,FFR,0.9163092759720911,0.09999999999999999,0.8163092759720911,-2.3494458081115726,-1.0355123130683737,0.943595322425234,2.9523481950081263,4.165130657782898
mango_rmse,medium,2013-12-31,2015Q1,6,FFR,1.0447046863352674,0.11,0.9347046863352674,-2.519599724124832,-1.2602841182325808,1.0354181469118657,3.220388210975592,4.545793220970746
mango_rmse,medium,2013-12-31,2015Q2,7,FFR,1.1278158854512297,0.12333333333333334,1.0044825521178964,-2.733844989161706,-1.2356402669931223,1.1018038123558993,3.509811553093051,4.89347344304828
mango_rmse,medium,2013-12-31,2015Q3,8,FFR,1.234586058607953,0.1366666666666667,1.0979193919412862,-2.746800999316272,-1.2858274551477473,1.184812243526304,3.7499569913989483,5.238044159766324
mango_rmse,medium,2013-12-31,2013Q4,1,GDP,967.729886013974,972.3927778506837,-4.6628918367097185,966.2465486417693,966.8227353918327,967.7399477817385,968.625432248214,969.1542531532886
mango_rmse,medium,2013-12-31,2014Q1,2,GDP,968.4809194265093,972.0420537957549,-3.561134369245565,966.2602922548991,967.1752070662345,968.4778030091026,969.8317759489423,970.6876959176913
mango_rmse,medium,2013-12-31,2014Q2,3,GDP,969.2028006532242,973.318007678534,-4.115207025309701,966.4939619395882,967.6258849529487,969.2321733857715,970.843100705692,971.8344760759215
mango_rmse,medium,2013-12-31,2014Q3,4,GDP,969.9004551718683,974.4762358890149,-4.575780717146586,966.7258955170603,967.9906500249857,969.8944920741233,971.7882110317468,973.0451676207671
mango_rmse,medium,2013-12-31,2014Q4,5,GDP,970.6085455074334,974.9242243231641,-4.315678815730735,966.9437717133119,968.4253759756984,970.6147914442333,972.7324317534981,974.1346287703035
mango_rmse,medium,2013-12-31,2015Q1,6,GDP,971.2867205985459,975.7342483786737,-4.447527780127757,967.2739225537988,968.9373513359707,971.3587696594268,973.6642400640677,975.1801604838537
mango_rmse,medium,2013-12-31,2015Q2,7,GDP,971.9674474493429,976.31257427765,-4.345126828307116,967.6135464586398,969.3193725388767,972.0264165183243,974.4909247753556,976.2502742218938
mango_rmse,medium,2013-12-31,2015Q3,8,GDP,972.6355549913468,976.6354252252142,-3.9998702338674548,967.9745545328067,969.8399399301052,972.7027522858727,975.4284532226005,977.1613514581383
mango_rmse,medium,2013-12-31,2013Q4,1,HOURS,466.69653962156724,462.7313209673723,3.9652186541949277,465.2615341564219,465.8667548739835,466.70364210303296,467.5413637602324,468.1279261116966
mango_rmse,medium,2013-12-31,2014Q1,2,HOURS,467.04717480213975,463.23280500304094,3.814369799098813,464.90050417378126,465.743958858518,467.0480641528703,468.3354065715375,469.0935505338697
mango_rmse,medium,2013-12-31,2014Q2,3,HOURS,467.37012063718106,464.0228401803155,3.347280456865576,464.59611547153435,465.7134562964508,467.3724577359211,468.99534804410507,470.0744171958582
mango_rmse,medium,2013-12-31,2014Q3,4,HOURS,467.67567204887825,464.76260450244837,2.913067546429886,464.3974847498616,465.7355011400301,467.6638371936156,469.6918593899281,470.9058011706529
mango_rmse,medium,2013-12-31,2014Q4,5,HOURS,467.97966017498953,465.875834515802,2.103825659187521,464.2675406401214,465.72607430986716,467.9728536336097,470.1898255956898,471.70298825293105
mango_rmse,medium,2013-12-31,2015Q1,6,HOURS,468.2542999362965,466.15694228372104,2.097357652575454,464.16049244348153,465.7604324192735,468.2591500646771,470.7534855771894,472.3200448996304
mango_rmse,medium,2013-12-31,2015Q2,7,HOURS,468.5465294606164,466.5408850979831,2.0056443626332907,463.97639395074907,465.86775117339664,468.5661098233735,471.2605838229354,473.0747314149047
mango_rmse,medium,2013-12-31,2015Q3,8,HOURS,468.84110136246545,466.55500719768037,2.2860941647850836,463.9938960187132,465.8890707780605,468.9218797806444,471.8322828541938,473.6907089551423
mango_rmse,medium,2013-12-31,2013Q4,1,INV,788.7483654561353,796.2111558645706,-7.462790408435353,780.8355605383988,783.9457131259604,788.869877668634,793.598051930871,796.304871176392
mango_rmse,medium,2013-12-31,2014Q1,2,INV,790.2718252585687,795.0955980161558,-4.823772757587108,779.201007262824,783.3311956394729,790.1472854006806,796.7885064785473,801.717272411003
mango_rmse,medium,2013-12-31,2014Q2,3,INV,791.7946369609676,799.2291631512261,-7.4345261902584525,778.1137345760562,783.2576380619035,791.7705285060911,800.3849277594423,805.4190576265327
mango_rmse,medium,2013-12-31,2014Q3,4,INV,793.1273773510273,801.2542463678329,-8.126869016805585,776.4055523248647,783.5916400987154,793.1305506763431,803.3112291578724,809.9425530438475
mango_rmse,medium,2013-12-31,2014Q4,5,INV,794.4387708135213,801.3626822057217,-6.923911392200466,776.0371446218975,783.7642493556269,794.2882731342229,805.467684688497,812.3986030372524
mango_rmse,medium,2013-12-31,2015Q1,6,INV,795.7756191706446,804.7916977539779,-9.016078583333297,775.7722439596033,783.4484331674587,795.883537304376,807.9670998115746,816.6849690733402
mango_rmse,medium,2013-12-31,2015Q2,7,INV,797.0562906653704,805.0922745163426,-8.03598385097223,775.8218976891276,783.4615996504718,797.0585498042116,810.3125470036268,819.984845242475
mango_rmse,medium,2013-12-31,2015Q3,8,INV,798.1919928400282,804.8901376180519,-6.698144778023675,775.0473596378583,783.7780158380176,798.1404298875218,812.7618130186188,821.8195788972564
mango_rmse,medium,2013-12-31,2013Q4,1,WAGE,461.2240105543035,460.4549993708612,0.7690111834423305,459.87716026284517,460.4221518466898,461.2267101331438,462.03507414408057,462.6421756914007
mango_rmse,medium,2013-12-31,2014Q1,2,WAGE,461.42320370376524,461.71778051123687,-0.2945768074716284,459.4759255759433,460.29988582926336,461.4090710279533,462.59458961535665,463.38554984988326
mango_rmse,medium,2013-12-31,2014Q2,3,WAGE,461.6374425083499,460.65692069017985,0.9805218181700752,459.2920030833932,460.20682698149403,461.6430780252829,463.0976559059644,463.98898872029076
mango_rmse,medium,2013-12-31,2014Q3,4,WAGE,461.7981355656603,460.9759638321899,0.822171733470384,458.92312145797143,460.13624065774326,461.82672400717456,463.4802763293492,464.5726375839298
mango_rmse,medium,2013-12-31,2014Q4,5,WAGE,461.9916542407026,462.26465802893273,-0.2730037882301417,458.86362920617034,460.08583694784755,461.99113416260434,463.87401553293245,465.0579683040889
mango_rmse,medium,2013-12-31,2015Q1,6,WAGE,462.16937602800385,464.0489066112446,-1.8795305832407507,458.63683698200856,460.04788688712887,462.19917628728024,464.32362504314494,465.56649148965715
mango_rmse,medium,2013-12-31,2015Q2,7,WAGE,462.340402000848,464.2369626977198,-1.896560696871802,458.47999687868895,460.01343537768076,462.3757393081464,464.6950146255475,466.20295987718384
mango_rmse,medium,2013-12-31,2015Q3,8,WAGE,462.5078400286914,464.55344757775157,-2.0456075490601506,458.397185113837,459.8787782580815,462.53819309679176,465.07881885897814,466.72047117403554
mango_rmse,medium,2014-03-31,2014Q1,1,CONS,929.7280099773492,933.6764719277527,-3.948461950403498,928.3836537651538,928.960037977884,929.7320422006505,930.5300720287541,931.0216179401621
mango_rmse,medium,2014-03-31,2014Q2,2,CONS,930.4117709953827,934.6008205784117,-4.189049583029032,928.5034157834071,929.3270386740918,930.4167742780595,931.525615224479,932.2982092028747
mango_rmse,medium,2014-03-31,2014Q3,3,CONS,931.119359497663,935.5797543960106,-4.460394898347545,928.7538535017925,929.694517956828,931.1405577096518,932.4779303367224,933.5016423542563
mango_rmse,medium,2014-03-31,2014Q4,4,CONS,931.8506286968558,936.6909581943073,-4.840329497451535,929.076770458043,930.2141133613876,931.8425958901687,933.4626669489891,934.5554310877241
mango_rmse,medium,2014-03-31,2015Q1,5,CONS,932.5028977567828,937.3559721122837,-4.853074355500894,929.3123601843387,930.5743512966225,932.506892300019,934.4085672422756,935.7022219777796
mango_rmse,medium,2014-03-31,2015Q2,6,CONS,933.1844647945762,938.0306918992713,-4.846227104695117,929.6068126982983,931.0440721522559,933.1538722098774,935.2980785969804,936.7928874931025
mango_rmse,medium,2014-03-31,2015Q3,7,CONS,933.855676084556,938.7904212097346,-4.934745125178665,929.9049827829618,931.5493686428692,933.8787050087512,936.1926416461935,937.7032017895287
mango_rmse,medium,2014-03-31,2015Q4,8,CONS,934.5284377842119,939.2924061077128,-4.76396832350099,930.2481522379737,932.0958907048175,934.5230371099155,937.0182907642516,938.8228467737999
mango_rmse,medium,2014-03-31,2014Q1,1,DEFL,467.8487609335611,463.41657228293434,4.432188650626756,467.4173723333934,467.5757473991398,467.85268210184756,468.11719387096747,468.2737084646175
mango_rmse,medium,2014-03-31,2014Q2,2,DEFL,468.23576069403964,463.9813129431631,4.254447750876523,467.47648379244146,467.7836609586546,468.2336997924284,468.6962329244585,468.98724584122306
mango_rmse,medium,2014-03-31,2014Q3,3,DEFL,468.64003186732594,464.4169720837101,4.223059783615838,467.5191568850126,467.96095883120176,468.6533493640135,469.3098980106865,469.7465027705012
mango_rmse,medium,2014-03-31,2014Q4,4,DEFL,469.0393217637699,464.58321677069813,4.45610499307179,467.5229634765039,468.1192122744008,469.02783002236146,469.9819945363988,470.5747127573281
mango_rmse,medium,2014-03-31,2015Q1,5,DEFL,469.4549657701198,464.5476847747226,4.90728099539723,467.50505625524477,468.26535028423723,469.4693104916574,470.65892460044324,471.4318580937817
mango_rmse,medium,2014-03-31,2015Q2,6,DEFL,469.8849473794615,465.0879418481692,4.797005531292314,467.4588117389683,468.40100939884616,469.88947528154273,471.3746821602543,472.2965465462539
mango_rmse,medium,2014-03-31,2015Q3,7,DEFL,470.3193600532496,465.38555827648497,4.933801776764653,467.4101550155295,468.53275803512105,470.3212371762785,472.09354048996255,473.3034581452657
mango_rmse,medium,2014-03-31,2015Q4,8,DEFL,470.76972731249907,465.37603301548563,5.39369429701344,467.3350996647139,468.6504213637876,470.73844825444326,472.8657115484553,474.2746426748295
mango_rmse,medium,2014-03-31,2014Q1,1,FFR,0.299004856066099,0.07333333333333335,0.22567152273276564,-1.1399528313688267,-0.521485779302179,0.2843413278193093,1.1651051230175882,1.7134685425670644
mango_rmse,medium,2014-03-31,2014Q2,2,FFR,0.5079889715336154,0.09333333333333334,0.4146556382002821,-1.6127116254880445,-0.6910669288342802,0.5007865287023161,1.745306576223126,2.5838654951660214
mango_rmse,medium,2014-03-31,2014Q3,3,FFR,0.6732790872349679,0.09000000000000001,0.5832790872349679,-1.8714832914466895,-0.9090328503882694,0.657139622270936,2.1992619847698522,3.2812808966451357
mango_rmse,medium,2014-03-31,2014Q4,4,FFR,0.8444855642651813,0.09999999999999999,0.7444855642651813,-2.144456203647006,-0.9486774699740393,0.8794984403849722,2.622358879542205,3.7929223900075884
mango_rmse,medium,2014-03-31,2015Q1,5,FFR,1.008555718194754,0.11,0.898555718194754,-2.3759003821524827,-0.9614896466595124,0.9884782965072407,3.061429059573415,4.194210236022324
mango_rmse,medium,2014-03-31,2015Q2,6,FFR,1.1548962685645159,0.12333333333333334,1.0315629352311826,-2.5300713479654817,-0.9965371910464991,1.1530838225924873,3.390055726104483,4.6530398536281385
mango_rmse,medium,2014-03-31,2015Q3,7,FFR,1.2881404507029501,0.1366666666666667,1.1514737840362834,-2.5951583828559155,-0.9540519491056063,1.2959629555805519,3.6298237733439076,5.097055953133357
mango_rmse,medium,2014-03-31,2015Q4,8,FFR,1.4120514782941793,0.16,1.2520514782941794,-2.8703764988172535,-0.9734722204244853,1.4817932848209396,3.883951066537044,5.280794896050338
mango_rmse,medium,2014-03-31,2014Q1,1,GDP,968.4134986602725,972.0420537957549,-3.6285551354824293,966.9354943865455,967.5372694688883,968.4185315425943,969.31716571223,969.8620073728923
mango_rmse,medium,2014-03-31,2014Q2,2,GDP,969.1761299988381,973.318007678534,-4.141877679695881,967.0758755848648,967.8761387296207,969.1672161223511,970.4400370779206,971.3569920357309
mango_rmse,medium,2014-03-31,2014Q3,3,GDP,969.8893655837691,974.4762358890149,-4.586870305245839,967.1590870401564,968.2443407590894,969.8785309695113,971.5417170277341,972.6488800947849
mango_rmse,medium,2014-03-31,2014Q4,4,GDP,970.6335509052623,974.9242243231641,-4.290673417901871,967.4667388079088,968.7321707457087,970.6295913039176,972.5691072256091,973.7527733732497
mango_rmse,medium,2014-03-31,2015Q1,5,GDP,971.3010647817761,975.7342483786737,-4.4331835968976065,967.6559937941373,969.145017158263,971.2915157823544,973.4979396308452,975.023439906384
mango_rmse,medium,2014-03-31,2015Q2,6,GDP,971.9788803262678,976.31257427765,-4.333693951382202,967.8480738892208,969.6248594887942,971.9493880504754,974.4232850563122,976.0185569727645
mango_rmse,medium,2014-03-31,2015Q3,7,GDP,972.642655582325,976.6354252252142,-3.992769642889243,968.1782072839569,969.9810804458409,972.66274522245,975.2364189766924,977.0315193076357
mango_rmse,medium,2014-03-31,2015Q4,8,GDP,973.3331007697301,976.7815527534941,-3.4484519837640164,968.5888643558736,970.4616418360664,973.3719342288467,976.1761722290604,978.1660720989954
mango_rmse,medium,2014-03-31,2014Q1,1,HOURS,467.2166156669037,463.23280500304094,3.983810663862755,465.77139210183253,466.357184817007,467.21735145412526,468.09358740244494,468.6029189295536
mango_rmse,medium,2014-03-31,2014Q2,2,HOURS,467.57208666075326,464.0228401803155,3.5492464804377732,465.34935095541033,466.24043788830056,467.5985973568281,468.8630846706429,469.6736272134954
mango_rmse,medium,2014-03-31,2014Q3,3,HOURS,467.90387309568143,464.76260450244837,3.1412685932330646,465.134660971773,466.2664443797135,467.8833179591229,469.5518587956902,470.5219566421331
mango_rmse,medium,2014-03-31,2014Q4,4,HOURS,468.25130354166527,465.875834515802,2.3754690258632536,465.01675019894776,466.2523403439553,468.33355426950794,470.13891411342837,471.31423435507077
mango_rmse,medium,2014-03-31,2015Q1,5,HOURS,468.5278148114595,466.15694228372104,2.37087252773847,464.8228924409382,466.2925445510756,468.53653155181644,470.74481716849743,472.15167664252067
mango_rmse,medium,2014-03-31,2015Q2,6,HOURS,468.8417060486544,466.5408850979831,2.300820950671266,464.662985700126,466.38447653144226,468.8599637094536,471.3649570226218,472.93119469382685
mango_rmse,medium,2014-03-31,2015Q3,7,HOURS,469.1474816754593,466.55500719768037,2.5924744777789215,464.55177954089044,466.4054417157876,469.1333145203871,472.0002863900901,473.6529875376458
mango_rmse,medium,2014-03-31,2015Q4,8,HOURS,469.43509301781825,467.1978005319704,2.2372924858478314,464.5309905871098,466.40094288814197,469.4487030281605,472.3904670172965,474.23204203911297
mango_rmse,medium,2014-03-31,2014Q1,1,INV,789.4863573362086,795.0955980161558,-5.60924067994722,782.1321150063568,784.9714024794514,789.5122618176572,794.0860287368483,797.3291632988924
mango_rmse,medium,2014-03-31,2014Q2,2,INV,791.0567909687724,799.2291631512261,-8.172372182453728,779.771176016836,784.5376984857409,790.9789758553295,797.7878485014661,802.0544867559661
mango_rmse,medium,2014-03-31,2014Q3,3,INV,792.4690384487689,801.2542463678329,-8.785207919064078,777.960998954335,784.3587756618005,792.5375784195969,800.6085372068237,806.8089639382899
mango_rmse,medium,2014-03-31,2014Q4,4,INV,793.9109836989403,801.3626822057217,-7.45169850678144,776.8995894791019,783.861372482004,794.39751553311,803.7021933346576,810.2874760059228
mango_rmse,medium,2014-03-31,2015Q1,5,INV,795.013243858074,804.7916977539779,-9.778453895903908,775.7017252715075,783.5317096871826,795.0487467684299,806.2113323506743,813.8697594003125
mango_rmse,medium,2014-03-31,2015Q2,6,INV,796.2104457633807,805.0922745163426,-8.881828752961951,775.5343210520718,783.2772092630147,796.1823478219908,809.0800942523191,816.9077174473639
mango_rmse,medium,2014-03-31,2015Q3,7,INV,797.3269732316805,804.8901376180519,-7.563164386371341,774.9211485661264,783.6481366672734,797.1786733585482,811.2499158806121,819.4465955506391
mango_rmse,medium,2014-03-31,2015Q4,8,INV,798.7354117599931,803.6802038162332,-4.9447920562400896,775.2332267406949,783.7412260395472,798.998543753595,813.1066465280055,822.5886983770839
mango_rmse,medium,2014-03-31,2014Q1,1,WAGE,461.33713716751663,461.71778051123687,-0.3806433437202372,459.99187606152407,460.54115058271384,461.3311157827313,462.1355694153951,462.68460316538057
mango_rmse,medium,2014-03-31,2014Q2,2,WAGE,461.5280825806311,460.65692069017985,0.8711618904512761,459.5941519549005,460.37586711969624,461.57459441907855,462.66781300247857,463.45096145024763
mango_rmse,medium,2014-03-31,2014Q3,3,WAGE,461.71943038516173,460.9759638321899,0.7434665529718245,459.3329755150274,460.2410330490897,461.72563133889423,463.16810184573336,464.0859813830591
mango_rmse,medium,2014-03-31,2014Q4,4,WAGE,461.924854634356,462.26465802893273,-0.3398033945767338,459.1602955233468,460.2277961637866,461.899838742552,463.6022462497392,464.7328990823492
mango_rmse,medium,2014-03-31,2015Q1,5,WAGE,462.09098456277786,464.0489066112446,-1.9579220484667417,459.0425450734064,460.32793060946597,462.06468607548857,463.95387742713575,465.203573324616
mango_rmse,medium,2014-03-31,2015Q2,6,WAGE,462.2711864948772,464.2369626977198,-1.9657762028425623,458.93388580850035,460.249918588692,462.3311264122449,464.2790903480946,465.85103160862474
mango_rmse,medium,2014-03-31,2015Q3,7,WAGE,462.43142150672026,464.55344757775157,-2.122026071031314,458.72511646091516,460.19935939561316,462.4618916292977,464.75408230489387,466.2320039886627
mango_rmse,medium,2014-03-31,2015Q4,8,WAGE,462.59806987357916,464.340964864176,-1.7428949905968238,458.5130011287762,460.10979471829324,462.63212310973114,465.05297058393614,466.78340727013256
mango_rmse,medium,2014-06-30,2014Q2,1,CONS,929.9646474568889,934.6008205784117,-4.636173121522802,928.6522433634921,929.1612353510935,929.9894424265492,930.7574021161066,931.2396314071779
mango_rmse,medium,2014-06-30,2014Q3,2,CONS,930.6548278828682,935.5797543960106,-4.924926513142395,928.8402733260627,929.5191611803455,930.6481238459653,931.7730038762509,932.4571465271233
mango_rmse,medium,2014-06-30,2014Q4,3,CONS,931.361565280612,936.6909581943073,-5.329392913695301,929.0084965349456,929.9568699013444,931.3587307896194,932.7639653475798,933.6723557881121
mango_rmse,medium,2014-06-30,2015Q1,4,CONS,932.0290195930957,937.3559721122837,-5.326952519188012,929.2594662119845,930.377920244599,932.0703716344542,933.632567319124,934.7403050245589
mango_rmse,medium,2014-06-30,2015Q2,5,CONS,932.6968617595343,938.0306918992713,-5.333830139737074,929.5232698604478,930.856138487446,932.7484110274922,934.5442910365211,935.6798466008614
mango_rmse,medium,2014-06-30,2015Q3,6,CONS,933.378894538087,938.7904212097346,-5.411526671647607,929.8083784274146,931.2474584373336,933.4164519785277,935.4762357528083,936.7585675588248
mango_rmse,medium,2014-06-30,2015Q4,7,CONS,934.0570608035217,939.2924061077128,-5.235345304191128,930.164587015257,931.7115182975033,934.0506158770436,936.4053750632518,937.817359773255
mango_rmse,medium,2014-06-30,2016Q1,8,CONS,934.7434858575057,940.0231374759705,-5.279651618464868,930.5565133865099,932.1913851082361,934.7492838923904,937.2646665152918,938.9220013011344
mango_rmse,medium,2014-06-30,2014Q2,1,DEFL,468.1299392547608,463.9813129431631,4.148626311597695,467.7001988446167,467.8644495982483,468.1218361136121,468.40040269608943,468.57630792133614
mango_rmse,medium,2014-06-30,2014Q3,2,DEFL,468.48550997204467,464.4169720837101,4.068537888334561,467.7279792719689,468.0207932261435,468.4881371255793,468.9497191180529,469.2451091023609
mango_rmse,medium,2014-06-30,2014Q4,3,DEFL,468.8352525159021,464.58321677069813,4.252035745203955,467.70519185039797,468.16856506525755,468.8343610466235,469.4951096109773,469.9494396597014
mango_rmse,medium,2014-06-30,2015Q1,4,DEFL,469.1952735762128,464.5476847747226,4.647588801490201,467.68433347418494,468.29314290831036,469.18191526651026,470.10638229211384,470.73644813204214
mango_rmse,medium,2014-06-30,2015Q2,5,DEFL,469.5598303191992,465.0879418481692,4.471888471030013,467.5638188139287,468.3697568977038,469.54476151036425,470.7561603057101,471.48383593094985
mango_rmse,medium,2014-06-30,2015Q3,6,DEFL,469.93554106669006,465.38555827648497,4.549982790205092,467.502066126889,468.4660780495961,469.9122695488189,471.38166852242057,472.3882349643765
mango_rmse,medium,2014-06-30,2015Q4,7,DEFL,470.3241102629601,465.37603301548563,4.948077247474487,467.40613611610223,468.5293860305017,470.2934116190662,472.08323453922463,473.25435835122187
mango_rmse,medium,2014-06-30,2016Q1,8,DEFL,470.71853870308934,465.29598498239403,5.422553720695305,467.2487775097333,468.5920944697558,470.69640976941616,472.7712778944741,474.1958026014968
mango_rmse,medium,2014-06-30,2014Q2,1,FFR,0.21567647313613222,0.09333333333333334,0.12234313980279889,-1.1498019955122716,-0.6369182716624281,0.2207918201736137,1.0509320263262945,1.640935797549146
mango_rmse,medium,2014-06-30,2014Q3,2,FFR,0.32574594824786846,0.09000000000000001,0.23574594824786843,-1.6728514031594652,-0.8986791382606587,0.301406156567678,1.5674758255126526,2.3655351710977155
mango_rmse,medium,2014-06-30,2014Q4,3,FFR,0.46320590932242584,0.09999999999999999,0.36320590932242586,-1.9882711506858783,-1.071580638932392,0.42309868177722076,2.0175218742888834,3.0438059615438178
mango_rmse,medium,2014-06-30,2015Q1,4,FFR,0.6007540138435306,0.11,0.49075401384353057,-2.2709788117682965,-1.1195449573979461,0.5729997477914783,2.357621130395988,3.6492784207086406
mango_rmse,medium,2014-06-30,2015Q2,5,FFR,0.7218810139853439,0.12333333333333334,0.5985476806520106,-2.42226220602718,-1.2188545739888197,0.6433003567021398,2.6969480137441684,4.1075549729005205
mango_rmse,medium,2014-06-30,2015Q3,6,FFR,0.8703329394931114,0.1366666666666667,0.7336662728264447,-2.6506039628083244,-1.2326022684238778,0.8029652419318645,3.025612964560918,4.300960108408864
mango_rmse,medium,2014-06-30,2015Q4,7,FFR,0.9842356152579638,0.16,0.8242356152579637,-2.791398369457461,-1.2773481264686888,0.9364689159091895,3.3023299774651846,4.699171621261317
mango_rmse,medium,2014-06-30,2016Q1,8,FFR,1.0866471927599182,0.36000000000000004,0.7266471927599181,-2.9152547580893766,-1.318244128925277,1.1012147393279812,3.558028945870574,5.083124525633899
mango_rmse,medium,2014-06-30,2014Q2,1,GDP,967.5989501415162,973.318007678534,-5.719057537017761,966.1702046835488,966.6755904919881,967.6081029793579,968.4765804951993,969.0877434090191
mango_rmse,medium,2014-06-30,2014Q3,2,GDP,968.247854988256,974.4762358890149,-6.228380900758907,966.1909629074619,966.9494478590599,968.2203071461149,969.5327691552728,970.3740193854375
mango_rmse,medium,2014-06-30,2014Q4,3,GDP,968.9561785290136,974.9242243231641,-5.968045794150498,966.414739874806,967.3684824903781,968.9088407787204,970.6019457033301,971.6570281787208
mango_rmse,medium,2014-06-30,2015Q1,4,GDP,969.588824332554,975.7342483786737,-6.145424046119615,966.4416906694363,967.6888977511837,969.5877582836166,971.4570163421782,972.6913902788693
mango_rmse,medium,2014-06-30,2015Q2,5,GDP,970.2556442495973,976.31257427765,-6.056930028052761,966.6796060192585,968.0957265624069,970.282464042378,972.4143941403677,973.8051646477138
mango_rmse,medium,2014-06-30,2015Q3,6,GDP,970.9211238961104,976.6354252252142,-5.714301329103819,966.905219876844,968.4968897856345,970.9428449644028,973.3845622418855,974.9849403032615
mango_rmse,medium,2014-06-30,2015Q4,7,GDP,971.5737641591601,976.7815527534941,-5.207788594334033,967.2376528327778,968.8668741697221,971.5772455428146,974.2772027838768,975.8997671642989
mango_rmse,medium,2014-06-30,2016Q1,8,GDP,972.2345982811925,977.3690037449436,-5.134405463751136,967.4321141823384,969.3368294271388,972.2942165354362,975.1183405121901,976.8568483766243
mango_rmse,medium,2014-06-30,2014Q2,1,HOURS,467.5978573452057,464.0228401803155,3.5750171648901983,466.1220554961427,466.7482514017727,467.6009822275213,468.443020145677,469.0388785305956
mango_rmse,medium,2014-06-30,2014Q3,2,HOURS,467.89429064441737,464.76260450244837,3.1316861419689985,465.77812064133576,466.5965078949896,467.8965304137986,469.1406278964042,469.988936433887
mango_rmse,medium,2014-06-30,2014Q4,3,HOURS,468.21690222879045,465.875834515802,2.3410677129884334,465.5783998596795,466.51473899941794,468.229782989,469.8440600280936,470.9879916133753
mango_rmse,medium,2014-06-30,2015Q1,4,HOURS,468.5112899251563,466.15694228372104,2.354347641435254,465.1964326155407,466.51218003739245,468.49907759030464,470.55911903646324,471.80888133818877
mango_rmse,medium,2014-06-30,2015Q2,5,HOURS,468.850518896124,466.5408850979831,2.309633798140908,465.06295558279646,466.5423157226897,468.81721734573154,471.1359415535904,472.4973872064107
mango_rmse,medium,2014-06-30,2015Q3,6,HOURS,469.19226702330036,466.55500719768037,2.637259825619992,464.9712390675565,466.5887440683147,469.17487280198463,471.7391595665335,473.3010219678599
mango_rmse,medium,2014-06-30,2015Q4,7,HOURS,469.50655962749084,467.1978005319704,2.308759095520429,464.7841002109409,466.6461072990113,469.53305483143004,472.33664779542164,474.15826689025863
mango_rmse,medium,2014-06-30,2016Q1,8,HOURS,469.7682847119082,467.58522965736216,2.1830550545460596,464.57394892538684,466.6792584375065,469.79888676532937,472.8249021448493,474.6592930192978
mango_rmse,medium,2014-06-30,2014Q2,1,INV,786.0698969574129,799.2291631512261,-13.15926619381321,778.0247033714771,781.4185922761252,786.1869929177651,790.8707839216377,793.8646902221019
mango_rmse,medium,2014-06-30,2014Q3,2,INV,787.2965636672449,801.2542463678329,-13.957682700588066,776.0813799170196,780.4667750718894,787.2086025782035,794.2513777273631,798.6059834626565
mango_rmse,medium,2014-06-30,2014Q4,3,INV,788.6420960298988,801.3626822057217,-12.720586175822973,774.8636139235042,780.47359873855,788.4669530495079,797.125688802668,802.7384535946942
mango_rmse,medium,2014-06-30,2015Q1,4,INV,789.8028900599272,804.7916977539779,-14.988807694050706,773.4716168977302,780.079031442757,789.9636244712133,799.4727147585952,805.7585359774747
mango_rmse,medium,2014-06-30,2015Q2,5,INV,791.0992732243313,805.0922745163426,-13.993001292011286,772.6363237670126,779.6596775011261,791.4354718649213,802.2715566513835,809.147642729536
mango_rmse,medium,2014-06-30,2015Q3,6,INV,792.354863183302,804.8901376180519,-12.535274434749908,771.5419899382757,780.2050303636546,792.5293869549002,804.7368113248205,812.4365344402876
mango_rmse,medium,2014-06-30,2015Q4,7,INV,793.5107933230712,803.6802038162332,-10.16941049316199,771.9842856111494,780.108105760617,793.6127540206319,806.5937369182965,815.8186309340354
mango_rmse,medium,2014-06-30,2016Q1,8,INV,794.5913729271415,803.2505963859908,-8.659223458849283,771.12523465593,780.2525962136253,794.758605445357,808.541657495676,818.6492833944238
mango_rmse,medium,2014-06-30,2014Q2,1,WAGE,461.42213576634566,460.65692069017985,0.7652150761658163,460.075822517811,460.5869153914441,461.4126140858239,462.2297996061186,462.7727568552725
mango_rmse,medium,2014-06-30,2014Q3,2,WAGE,461.5949277549192,460.9759638321899,0.6189639227292787,459.67825594014204,460.4374378484691,461.56399845914893,462.77432890864867,463.61363533785885
mango_rmse,medium,2014-06-30,2014Q4,3,WAGE,461.7834820613333,462.26465802893273,-0.4811759675994267,459.4138606376089,460.347958188336,461.77018876079865,463.2268975436916,464.15630347558414
mango_rmse,medium,2014-06-30,2015Q1,4,WAGE,461.9917957102082,464.0489066112446,-2.057110901036424,459.19302797602427,460.314030816335,461.9991269291284,463.7007321799493,464.76982177259725
mango_rmse,medium,2014-06-30,2015Q2,5,WAGE,462.1613962702021,464.2369626977198,-2.0755664275176855,459.0447063607868,460.2577511197686,462.1135452460654,464.05222107370736,465.26099647173436
mango_rmse,medium,2014-06-30,2015Q3,6,WAGE,462.34761023201884,464.55344757775157,-2.205837345732732,458.9506862634651,460.24542882638934,462.2557506023297,464.53394482083814,465.8695588693544
mango_rmse,medium,2014-06-30,2015Q4,7,WAGE,462.53626513929413,464.340964864176,-1.804699724881857,458.7777949521985,460.2249201016709,462.5019640673122,464.83386086906745,466.36454494160154
mango_rmse,medium,2014-06-30,2016Q1,8,WAGE,462.7299108919638,464.4112014102709,-1.6812905183070939,458.6857276280812,460.1749390080998,462.755619368792,465.25969039032134,466.9413055344159
mango_rmse,medium,2014-09-30,2014Q3,1,CONS,930.4599856957012,935.5797543960106,-5.119768700309351,929.2442659263727,929.7237765891663,930.458452519115,931.2234641995334,931.7053675714972
mango_rmse,medium,2014-09-30,2014Q4,2,CONS,931.1455903427883,936.6909581943073,-5.545367851519018,929.3123706588525,930.006848379612,931.1501045619532,932.2377820078333,933.0146488103122
mango_rmse,medium,2014-09-30,2015Q1,3,CONS,931.827294862016,937.3559721122837,-5.5286772502677195,929.5298149811458,930.4020877237684,931.819037315031,933.2388807219014,934.2153709523704
mango_rmse,medium,2014-09-30,2015Q2,4,CONS,932.4866925456099,938.0306918992713,-5.543999353661434,929.8002813110834,930.7630699101946,932.490442629319,934.1916569778017,935.2474574825277
mango_rmse,medium,2014-09-30,2015Q3,5,CONS,933.1385614422734,938.7904212097346,-5.6518597674612465,930.1009406199286,931.2002402465184,933.168562333181,935.0002454163474,936.2608200594179
mango_rmse,medium,2014-09-30,2015Q4,6,CONS,933.7796355101345,939.2924061077128,-5.51277059757831,930.3709891711195,931.6222830630344,933.801552404634,935.9386503466117,937.2244057135297
mango_rmse,medium,2014-09-30,2016Q1,7,CONS,934.4106600995154,940.0231374759705,-5.612477376455104,930.5521462007208,931.9990068907242,934.415522715628,936.6623934044281,938.2739876287953
mango_rmse,medium,2014-09-30,2016Q2,8,CONS,935.0482257576016,940.5300639389587,-5.481838181357148,930.823694710347,932.488809135664,935.0077884647362,937.5644623226988,939.1998775542353
mango_rmse,medium,2014-09-30,2014Q3,1,DEFL,468.8613075419596,464.4169720837101,4.444335458249498,468.44799312265917,468.58325837681446,468.85809495116644,469.12685366002296,469.30330583453184
mango_rmse,medium,2014-09-30,2014Q4,2,DEFL,469.30684708900964,464.58321677069813,4.723630318311507,468.58816748400136,468.8474010557757,469.2947758170537,469.7774610252233,470.06983089651834
mango_rmse,medium,2014-09-30,2015Q1,3,DEFL,469.7743341952131,464.5476847747226,5.226649420490503,468.68424447840687,469.08247576875766,469.7553260893558,470.4693518472319,470.94382702109954
mango_rmse,medium,2014-09-30,2015Q2,4,DEFL,470.2561448827238,465.0879418481692,5.168203034554608,468.75516998188317,469.29843983802454,470.2518223680904,471.2017714962266,471.81638037991235
mango_rmse,medium,2014-09-30,2015Q3,5,DEFL,470.7220065989683,465.38555827648497,5.336448322483307,468.7801121849316,469.49895295701765,470.7087996877106,471.9189905369663,472.7248710031816
mango_rmse,medium,2014-09-30,2015Q4,6,DEFL,471.20717365902607,465.37603301548563,5.8311406435404365,468.79789297646926,469.7113199046539,471.1934910742491,472.7146757011311,473.6847926981622
mango_rmse,medium,2014-09-30,2016Q1,7,DEFL,471.693247472991,465.29598498239403,6.397262490596972,468.78018734186475,469.90196587588576,471.6741226434941,473.50314901280683,474.66031815780235
mango_rmse,medium,2014-09-30,2016Q2,8,DEFL,472.18518446531317,465.999922226677,6.185262238636199,468.7586587943675,470.0770266325319,472.1483293574212,474.3194161703153,475.76549549426574
mango_rmse,medium,2014-09-30,2014Q3,1,FFR,0.2813018283908211,0.09000000000000001,0.19130182839082105,-1.1313012200703458,-0.598032542780385,0.3002371566615516,1.1521234089123236,1.7065886338716607
mango_rmse,medium,2014-09-30,2014Q4,2,FFR,0.5062383668041694,0.09999999999999999,0.40623836680416947,-1.6021970312656064,-0.7395900883498783,0.5244636915033227,1.7488172065064804,2.5586364824488985
mango_rmse,medium,2014-09-30,2015Q1,3,FFR,0.7250968581451513,0.11,0.6150968581451514,-1.7932588445750361,-0.8290760360761459,0.7445850612241236,2.231539065724343,3.3002784286682796
mango_rmse,medium,2014-09-30,2015Q2,4,FFR,0.918082025245931,0.12333333333333334,0.7947486919125977,-2.0190169377736686,-0.908270802119579,0.9619129961176434,2.6694208674390922,3.847001309628987
mango_rmse,medium,2014-09-30,2015Q3,5,FFR,1.0971369901604833,0.1366666666666667,0.9604703234938166,-2.210999095901516,-0.8476378266340274,1.1286601005480446,2.9974930594698947,4.3703736657773575
mango_rmse,medium,2014-09-30,2015Q4,6,FFR,1.1956839671051482,0.16,1.0356839671051483,-2.4097123553753836,-0.8553115636748256,1.1724147689362319,3.348484650604398,4.813194767550682
mango_rmse,medium,2014-09-30,2016Q1,7,FFR,1.3342781351581525,0.36000000000000004,0.9742781351581524,-2.4979883634631572,-0.8498550001351691,1.2570874534164282,3.6845801602148516,5.215339026665894
mango_rmse,medium,2014-09-30,2016Q2,8,FFR,1.4362466071159838,0.37333333333333335,1.0629132737826505,-2.601783471684834,-0.8559355931903283,1.4476131969540948,3.871196048679145,5.517044302593339
mango_rmse,medium,2014-09-30,2014Q3,1,GDP,968.8041619343953,974.4762358890149,-5.672073954619577,967.3607745060643,967.9469323998192,968.8013818146749,969.6775987946118,970.2260746646679
mango_rmse,medium,2014-09-30,2014Q4,2,GDP,969.5192043205783,974.9242243231641,-5.405020002585843,967.4970056407898,968.2806873554522,969.5232068276789,970.7388142938502,971.6017592142996
mango_rmse,medium,2014-09-30,2015Q1,3,GDP,970.1973870319774,975.7342483786737,-5.5368613466962415,967.6061907084273,968.5787455216134,970.1970493214137,971.8051074723649,972.7445470417754
mango_rmse,medium,2014-09-30,2015Q2,4,GDP,970.8585860424823,976.31257427765,-5.453988235167685,967.7705439077145,968.9501930533681,970.8384733293581,972.7656659315842,974.0751652661202
mango_rmse,medium,2014-09-30,2015Q3,5,GDP,971.4906074302969,976.6354252252142,-5.144817794917344,968.0108408823102,969.3187184376404,971.5230657503157,973.6612547428108,975.1350761941832
mango_rmse,medium,2014-09-30,2015Q4,6,GDP,972.1270406969861,976.7815527534941,-4.654512056507997,968.176842479247,969.76153169202,972.1319798290217,974.5782783688138,976.2744167427076
mango_rmse,medium,2014-09-30,2016Q1,7,GDP,972.7552737827966,977.3690037449436,-4.6137299621469765,968.5637453578272,970.0927379685976,972.6831726620971,975.3777931041557,977.247565160599
mango_rmse,medium,2014-09-30,2016Q2,8,GDP,973.3664783969003,977.6709362762499,-4.30445787934957,968.8383269193882,970.612108858583,973.3104772248537,976.1703010402115,978.1066361595001
mango_rmse,medium,2014-09-30,2014Q3,1,HOURS,468.3795296690336,464.76260450244837,3.616925166585247,466.9790095352517,467.5479556221109,468.39059572923395,469.2015800835505,469.7387017987893
mango_rmse,medium,2014-09-30,2014Q4,2,HOURS,468.7130260421926,465.875834515802,2.8371915263905976,466.6838525933632,467.44789708201944,468.6806993041927,469.97153481048036,470.8191829696701
mango_rmse,medium,2014-09-30,2015Q1,3,HOURS,469.0586059719632,466.15694228372104,2.901663688242138,466.31459159508,467.435995089387,469.02009133659965,470.7074438401356,471.7044889784277
mango_rmse,medium,2014-09-30,2015Q2,4,HOURS,469.4380704795722,466.5408850979831,2.897185381589111,466.19455667324894,467.526246365244,469.4266844744468,471.38850787297963,472.75990522767637
mango_rmse,medium,2014-09-30,2015Q3,5,HOURS,469.7528295129433,466.55500719768037,3.197822315262954,466.0885619816953,467.52504109331136,469.78476528247114,472.00909921175656,473.5089834939664
mango_rmse,medium,2014-09-30,2015Q4,6,HOURS,470.05529541657705,467.1978005319704,2.8574948846066377,465.92907244283293,467.49936474348306,470.0889257295006,472.5674235006282,474.2461612201814
mango_rmse,medium,2014-09-30,2016Q1,7,HOURS,470.37324126975716,467.58522965736216,2.788011612394996,465.8328638968734,467.57288268717065,470.393309051139,473.1099195230814,474.9923795448844
mango_rmse,medium,2014-09-30,2016Q2,8,HOURS,470.6599975238937,467.88666449104284,2.7733330328508714,465.62575768381936,467.63515440424567,470.6942412800229,473.66138050264044,475.5978104677937
mango_rmse,medium,2014-09-30,2014Q3,1,INV,791.8634784328785,801.2542463678329,-9.390767934954397,784.0836618801166,787.2089765109392,791.90404904293,796.43450958627,799.7089328749938
mango_rmse,medium,2014-09-30,2014Q4,2,INV,793.4174891277661,801.3626822057217,-7.9451930779556506,782.1986530289021,786.6307515018743,793.3848418176716,800.2029573916859,804.4150725852619
mango_rmse,medium,2014-09-30,2015Q1,3,INV,794.7582599569081,804.7916977539779,-10.033437797069837,780.5420807927441,786.2142111410809,794.764481724769,803.6031787517932,808.7184098734961
mango_rmse,medium,2014-09-30,2015Q2,4,INV,796.2149401336442,805.0922745163426,-8.87733438269845,779.1820547585937,786.1442733227823,796.1629057607564,806.3873179326296,812.0415108764145
mango_rmse,medium,2014-09-30,2015Q3,5,INV,797.4580879177967,804.8901376180519,-7.43204970025522,778.4278998599038,785.8928392604236,797.4445897748383,808.9954298632489,815.6560737076941
mango_rmse,medium,2014-09-30,2015Q4,6,INV,798.6983687673744,803.6802038162332,-4.981835048858784,778.3492294421515,786.2662086799456,798.6402317949663,811.1110275858857,818.4876957476151
mango_rmse,medium,2014-09-30,2016Q1,7,INV,799.9067783620911,803.2505963859908,-3.3438180238996438,777.0824972610966,786.3887510484502,800.2422638073409,813.4728471773382,822.1555349738117
mango_rmse,medium,2014-09-30,2016Q2,8,INV,800.9844897073391,802.7258817867689,-1.7413920794298292,776.4822449733872,786.5039875589979,801.0653512954727,815.3163933155727,824.8526616251886
mango_rmse,medium,2014-09-30,2014Q3,1,WAGE,461.4623943084796,460.9759638321899,0.4864304762896836,460.0370671625212,460.6504504517441,461.4563263036496,462.2933920134692,462.8507585287109
mango_rmse,medium,2014-09-30,2014Q4,2,WAGE,461.6339761142854,462.26465802893273,-0.6306819146473117,459.69433371373003,460.4731134534042,461.61850453430463,462.8242000517588,463.52716399596426
mango_rmse,medium,2014-09-30,2015Q1,3,WAGE,461.82551553040594,464.0489066112446,-2.2233910808386668,459.3634229035352,460.407102520453,461.8419822262191,463.247713012874,464.21248771399604
mango_rmse,medium,2014-09-30,2015Q2,4,WAGE,461.99256882432957,464.2369626977198,-2.2443938733902087,459.1110934695173,460.2873680026005,461.976882403727,463.69301827469144,464.7620949665435
mango_rmse,medium,2014-09-30,2015Q3,5,WAGE,462.1603194951299,464.55344757775157,-2.393128082621672,458.8670120578744,460.27555239999884,462.1746131705456,464.1266601979342,465.33571237007794
mango_rmse,medium,2014-09-30,2015Q4,6,WAGE,462.321625863437,464.340964864176,-2.0193390007389667,458.82992443234275,460.1677244585955,462.32546765905397,464.50691901673343,465.84856603934384
mango_rmse,medium,2014-09-30,2016Q1,7,WAGE,462.42764202337213,464.4112014102709,-1.9835593868987758,458.63128765581706,459.99735864506533,462.47328318205086,464.74603807962706,466.4023909305024
mango_rmse,medium,2014-09-30,2016Q2,8,WAGE,462.59291017377296,463.97648307525907,-1.3835729014861045,458.42554766176073,459.9896887579745,462.586826017701,465.1563534201861,467.07111708826807
mango_rmse,medium,2014-12-31,2014Q4,1,CONS,931.2782588703659,936.6909581943073,-5.4126993239414105,930.0326657196623,930.5021151382869,931.2664518380748,932.0544573877214,932.5685843909349
mango_rmse,medium,2014-12-31,2015Q1,2,CONS,931.9953345952272,937.3559721122837,-5.360637517056489,930.2357359671701,930.8594706310136,931.9856140882642,933.0896921788772,933.7303154853538
mango_rmse,medium,2014-12-31,2015Q2,3,CONS,932.6731196210694,938.0306918992713,-5.357572278201928,930.4008469376456,931.3022747627703,932.6889715173621,933.9962610445042,934.8561912260042
mango_rmse,medium,2014-12-31,2015Q3,4,CONS,933.343530572796,938.7904212097346,-5.446890636938633,930.8284311817255,931.7232468786914,933.3440939896723,934.9323197750598,935.9546571356669
mango_rmse,medium,2014-12-31,2015Q4,5,CONS,934.0081970365092,939.2924061077128,-5.284209071203691,931.0534863476107,932.2402727187527,934.032523310438,935.8670323917232,937.099302398718
mango_rmse,medium,2014-12-31,2016Q1,6,CONS,934.6374823740969,940.0231374759705,-5.385655101873681,931.3187376116529,932.5530713310019,934.6271135120519,936.7072589489043,938.0218851675778
mango_rmse,medium,2014-12-31,2016Q2,7,CONS,935.2838217873502,940.5300639389587,-5.246242151608499,931.6398457051957,932.9350329531484,935.2530150433372,937.6203161951946,939.0408967474656
mango_rmse,medium,2014-12-31,2016Q3,8,CONS,935.9649732294247,941.1141949781957,-5.1492217487709695,931.9880583232142,933.4270674884133,935.9684404460413,938.4867953957498,940.1140881046473
mango_rmse,medium,2014-12-31,2014Q4,1,DEFL,469.1639685765611,464.58321677069813,4.580751805862974,468.73255314831056,468.90294937079585,469.1678311611431,469.4178027315955,469.59584987736343
mango_rmse,medium,2014-12-31,2015Q1,2,DEFL,469.57379193056505,464.5476847747226,5.026107155842453,468.82292271977144,469.1216012259289,469.57629569106143,470.0374122784362,470.3055050823162
mango_rmse,medium,2014-12-31,2015Q2,3,DEFL,469.9959175474861,465.0879418481692,4.907975699316921,468.8854824545623,469.3234187839799,469.9989443536049,470.69859167978257,471.1200370799474
mango_rmse,medium,2014-12-31,2015Q3,4,DEFL,470.4221277050261,465.38555827648497,5.036569428541156,468.8707908723282,469.49327959373414,470.4094168672397,471.3782912657121,471.9656889884832
mango_rmse,medium,2014-12-31,2015Q4,5,DEFL,470.86441329405903,465.37603301548563,5.488380278573402,468.8292371871948,469.6585459155615,470.85184328390187,472.12530048613115,472.8159615129833
mango_rmse,medium,2014-12-31,2016Q1,6,DEFL,471.30535094904087,465.29598498239403,6.00936596664684,468.77992349909135,469.77635221867126,471.26310230274873,472.87997221981766,473.7130390395997
mango_rmse,medium,2014-12-31,2016Q2,7,DEFL,471.7654027549504,465.999922226677,5.765480528273429,468.7730254087793,469.99366899288174,471.7422520027984,473.63499174143016,474.73194617490043
mango_rmse,medium,2014-12-31,2016Q3,8,DEFL,472.21868604719657,466.27690583674894,5.941780210447632,468.7730435410611,470.03740166345034,472.18732845165283,474.37862286625176,475.76290035942935
mango_rmse,medium,2014-12-31,2014Q4,1,FFR,0.3060048151742986,0.09999999999999999,0.20600481517429864,-1.0944934225905512,-0.5609799362543145,0.30239352970035005,1.1882052585144354,1.677654658399965
mango_rmse,medium,2014-12-31,2015Q1,2,FFR,0.5023336075488872,0.11,0.39233360754888724,-1.55583103856744,-0.7512834504243309,0.49567431734601486,1.757402154432644,2.518869210581351
mango_rmse,medium,2014-12-31,2015Q2,3,FFR,0.6396952893582107,0.12333333333333334,0.5163619560248774,-1.8428908605083867,-0.8600612513469598,0.627103376355501,2.1352528896631147,3.087201615300475
mango_rmse,medium,2014-12-31,2015Q3,4,FFR,0.821468882267823,0.1366666666666667,0.6848022156011563,-1.9770513422564506,-0.8729412709389316,0.7897990180159846,2.5730045300014472,3.767202407695594
mango_rmse,medium,2014-12-31,2015Q4,5,FFR,1.0060338415324683,0.16,0.8460338415324683,-2.1575913769681683,-1.0112064182149423,0.9897861326237638,3.0306714170185747,4.230686540387334
mango_rmse,medium,2014-12-31,2016Q1,6,FFR,1.1375516447855707,0.36000000000000004,0.7775516447855706,-2.337193702408434,-1.0111217651450337,1.0930178130398378,3.3413496801487237,4.75582424648673
mango_rmse,medium,2014-12-31,2016Q2,7,FFR,1.2429208373660945,0.37333333333333335,0.8695875040327612,-2.598850936944801,-1.098785468078706,1.2111490577919157,3.595755961674363,5.115247626950793
mango_rmse,medium,2014-12-31,2016Q3,8,FFR,1.368310868760522,0.39666666666666667,0.9716442020938554,-2.846207132684588,-1.0581800360393716,1.373197738020906,3.8282385587611,5.397445411299176
mango_rmse,medium,2014-12-31,2014Q4,1,GDP,970.0668825452825,974.9242243231641,-4.857341777881629,968.6359695180632,969.2010718886669,970.0685147763746,970.9321020256701,971.5406140137411
mango_rmse,medium,2014-12-31,2015Q1,2,GDP,970.7807592333481,975.7342483786737,-4.953489145325534,968.6464326587494,969.4837556607699,970.7810469258727,972.0579440696497,972.8594739250861
mango_rmse,medium,2014-12-31,2015Q2,3,GDP,971.45856193014,976.31257427765,-4.854012347509979,968.9416663864287,969.8771246152577,971.4830681386608,972.9659287113034,974.0379601143264
mango_rmse,medium,2014-12-31,2015Q3,4,GDP,972.1284042373475,976.6354252252142,-4.507020987866781,969.0769680694663,970.2053852416983,972.1614951436547,974.0023470724473,975.1809262172112
mango_rmse,medium,2014-12-31,2015Q4,5,GDP,972.7996144001747,976.7815527534941,-3.9819383533193786,969.1825479667549,970.6138264740695,972.8272599245136,974.9339863113529,976.3227981837044
mango_rmse,medium,2014-12-31,2016Q1,6,GDP,973.4582054296268,977.3690037449436,-3.9107983153168107,969.5216046932919,971.0063144513205,973.544403104135,975.7958990637084,977.2596969762707
mango_rmse,medium,2014-12-31,2016Q2,7,GDP,974.0873451871698,977.6709362762499,-3.5835910890800733,969.7064324447504,971.3161613308356,974.2221992496463,976.7094825496142,978.1802321853265
mango_rmse,medium,2014-12-31,2016Q3,8,GDP,974.7507012291367,978.270252164766,-3.519550935629354,970.1286534592559,971.8854225166725,974.8449671497036,977.5249683969998,979.2444661263205
mango_rmse,medium,2014-12-31,2014Q4,1,HOURS,469.00293808773694,465.875834515802,3.1271035719349243,467.588039458175,468.1606138643542,469.00926005715655,469.82346728707046,470.4333115688038
mango_rmse,medium,2014-12-31,2015Q1,2,HOURS,469.3917304634611,466.15694228372104,3.2347881797400646,467.2781798310888,468.0884600555567,469.3881691345416,470.6802768849861,471.5326018872174
mango_rmse,medium,2014-12-31,2015Q2,3,HOURS,469.7442791534051,466.5408850979831,3.2033940554219953,466.9859975687279,468.11449380960596,469.7461818698994,471.35468861905804,472.4673507700453
mango_rmse,medium,2014-12-31,2015Q3,4,HOURS,470.09886718571414,466.55500719768037,3.5438599880337733,466.78497824400375,468.10081273616595,470.09440377878275,472.092190474254,473.3323004127981
mango_rmse,medium,2014-12-31,2015Q4,5,HOURS,470.440682628819,467.1978005319704,3.242882096848575,466.6850534462326,468.1661881138036,470.46152955652786,472.6875726896627,474.0927875480788
mango_rmse,medium,2014-12-31,2016Q1,6,HOURS,470.74840092999136,467.58522965736216,3.1631712726291994,466.6363525975882,468.310378187101,470.7491166769489,473.18867588936826,474.81603460716724
mango_rmse,medium,2014-12-31,2016Q2,7,HOURS,471.0463114430446,467.88666449104284,3.159646952001765,466.6076405887892,468.3570984930263,471.0799233283127,473.7826543367603,475.5368818498979
mango_rmse,medium,2014-12-31,2016Q3,8,HOURS,471.354314361808,468.1371679481668,3.217146413641217,466.463570983646,468.5175120790939,471.37752131114485,474.2682532750156,476.1062894157282
mango_rmse,medium,2014-12-31,2014Q4,1,INV,793.5041781577219,801.3626822057217,-7.8585040479998725,785.8472969124692,788.7752404424498,793.52310157124,798.302513034749,801.2385452738977
mango_rmse,medium,2014-12-31,2015Q1,2,INV,795.1984767927825,804.7916977539779,-9.59322096119547,784.0486584691055,788.4021255870762,795.255944887257,802.0126996915948,806.2496960424456
mango_rmse,medium,2014-12-31,2015Q2,3,INV,796.5836174048351,805.0922745163426,-8.508657111507546,783.3546554650532,788.2741755141116,796.6794712617016,804.8751662761834,810.3797086995851
mango_rmse,medium,2014-12-31,2015Q3,4,INV,798.0365735351254,804.8901376180519,-6.853564082926482,782.3022767245136,788.1789845783043,797.8676365633793,808.0503992521274,814.4731435377699
mango_rmse,medium,2014-12-31,2015Q4,5,INV,799.2452139860396,803.6802038162332,-4.434989830193558,781.0526857248977,788.1319108152485,799.1944244667659,810.4254355369219,817.5645519689621
mango_rmse,medium,2014-12-31,2016Q1,6,INV,800.517780758969,803.2505963859908,-2.7328156270217505,780.0202274705863,788.3181174000356,800.3791953060384,812.4321332138323,821.3083278100563
mango_rmse,medium,2014-12-31,2016Q2,7,INV,801.6516963630125,802.7258817867689,-1.0741854237563757,778.7126022933958,788.4880966884206,801.3640190763656,815.1180043778835,823.9808138160911
mango_rmse,medium,2014-12-31,2016Q3,8,INV,802.807660052915,802.9204149938417,-0.11275494092672034,778.8730567513217,788.5433065455195,802.8617790659969,816.8063055864903,827.0233618931976
mango_rmse,medium,2014-12-31,2014Q4,1,WAGE,460.7427821130036,462.26465802893273,-1.5218759159291153,459.4279037291895,459.8919985134159,460.72131801844245,461.5854282746199,462.11938855202425
mango_rmse,medium,2014-12-31,2015Q1,2,WAGE,460.89627219251327,464.0489066112446,-3.1526344187313384,458.9030016813857,459.7206805321741,460.8994326341898,462.10002520129575,462.86749834731876
mango_rmse,medium,2014-12-31,2015Q2,3,WAGE,461.01381597803254,464.2369626977198,-3.223146719687236,458.5832065450719,459.49619334318135,461.0272316547579,462.4696177941796,463.34154462477477
mango_rmse,medium,2014-12-31,2015Q3,4,WAGE,461.10521642095017,464.55344757775157,-3.4482311568013984,458.39305982159925,459.4178202132842,461.1251637593231,462.73290881857037,463.836809666526
mango_rmse,medium,2014-12-31,2015Q4,5,WAGE,461.2690316849353,464.340964864176,-3.0719331792406592,458.04651900217294,459.2892558371581,461.31723915754225,463.1154298082177,464.3691903632548
mango_rmse,medium,2014-12-31,2016Q1,6,WAGE,461.4227619418883,464.4112014102709,-2.9884394683825803,457.8567848718125,459.19815592670636,461.471204515649,463.50912036073873,465.0109616688943
mango_rmse,medium,2014-12-31,2016Q2,7,WAGE,461.5173262458248,463.97648307525907,-2.459156829434278,457.53126470562876,459.1099800858998,461.5050812752167,463.82284838367497,465.45695278455014
mango_rmse,medium,2014-12-31,2016Q3,8,WAGE,461.6602525605699,464.00739019959724,-2.3471376390273235,457.342246701176,459.0711704473754,461.69760063657276,464.09500631725024,465.9050806597692
mango_rmse,medium,2015-03-31,2015Q1,1,CONS,932.4231705606504,937.3559721122837,-4.932801551633247,931.1615094176627,931.6592609085914,932.451322819619,933.1936470608742,933.6256769550246
mango_rmse,medium,2015-03-31,2015Q2,2,CONS,933.1743635618076,938.0306918992713,-4.856328337463765,931.4497110910768,932.102453898101,933.1383548008926,934.251965044817,935.0052362989876
mango_rmse,medium,2015-03-31,2015Q3,3,CONS,933.9174191018883,938.7904212097346,-4.873002107846332,931.7499064040093,932.5911631756397,933.9054352488398,935.2569252244557,936.1410104779038
mango_rmse,medium,2015-03-31,2015Q4,4,CONS,934.6489218722654,939.2924061077128,-4.643484235447431,932.0230696310336,933.0541169648491,934.6313193157634,936.242218240793,937.3439456957632
mango_rmse,medium,2015-03-31,2016Q1,5,CONS,935.3672141511473,940.0231374759705,-4.65592332482322,932.4143088381144,933.5835158915701,935.3651825181107,937.1789936553013,938.4051536781453
mango_rmse,medium,2015-03-31,2016Q2,6,CONS,936.095157693236,940.5300639389587,-4.434906245722686,932.8544728386521,934.0697323663786,936.0677283063526,938.0414153732187,939.4952701489754
mango_rmse,medium,2015-03-31,2016Q3,7,CONS,936.8345567867327,941.1141949781957,-4.2796381914629364,933.1972582576847,934.5999210369201,936.7982697448917,939.0702019787101,940.5943187358592
mango_rmse,medium,2015-03-31,2016Q4,8,CONS,937.5584214680706,941.597765893345,-4.0393444252744075,933.5964148899884,935.191597313321,937.5006384047837,940.0556046843536,941.5946327564632
mango_rmse,medium,2015-03-31,2015Q1,1,DEFL,469.0700361945415,464.5476847747226,4.522351419818904,468.6179688456031,468.7889399142984,469.07096707286246,469.348625327736,469.5110803034788
mango_rmse,medium,2015-03-31,2015Q2,2,DEFL,469.3285294782187,465.0879418481692,4.240587630049504,468.5356462616548,468.86049178552383,469.3270713272417,469.80963792457874,470.10287686056876
mango_rmse,medium,2015-03-31,2015Q3,3,DEFL,469.5784192074279,465.38555827648497,4.1928609309429135,468.3920247782433,468.87119523930323,469.5797130045915,470.2908019787373,470.73406070918816
mango_rmse,medium,2015-03-31,2015Q4,4,DEFL,469.8438916978143,465.37603301548563,4.467858682328654,468.23527231140247,468.88776971400864,469.8505858851049,470.8033163912118,471.39438417531863
mango_rmse,medium,2015-03-31,2016Q1,5,DEFL,470.1229460346753,465.29598498239403,4.826961052281263,468.04062301724724,468.87216455763206,470.15683106854567,471.3584375152177,472.1231273839644
mango_rmse,medium,2015-03-31,2016Q2,6,DEFL,470.41204426740944,465.999922226677,4.41212204073247,467.8261513261447,468.88308601584936,470.45323226043354,471.9435192458297,472.8694181604069
mango_rmse,medium,2015-03-31,2016Q3,7,DEFL,470.7250594024639,466.27690583674894,4.448153565714961,467.63116931070044,468.88875791271863,470.8013134967894,472.5590241620923,473.67078458962743
mango_rmse,medium,2015-03-31,2016Q4,8,DEFL,471.0593228958117,466.8022911971153,4.25703169869638,467.43082225926725,468.8543801618572,471.11848670046265,473.1869234672798,474.49791504777613
mango_rmse,medium,2015-03-31,2015Q1,1,FFR,0.17854977408379524,0.11,0.06854977408379524,-1.234368006624825,-0.648829477263661,0.18563431813192666,1.0243506197847287,1.5308743914507725
mango_rmse,medium,2015-03-31,2015Q2,2,FFR,0.281719781066422,0.12333333333333334,0.15838644773308863,-1.8282722065815866,-0.9774115835333104,0.3381641608083276,1.5303655051974534,2.378312722869479
mango_rmse,medium,2015-03-31,2015Q3,3,FFR,0.4392383878828026,0.1366666666666667,0.30257172121613596,-2.161749786616542,-1.1135919961913812,0.45453052693102125,2.0102238641611145,2.938215173463587
mango_rmse,medium,2015-03-31,2015Q4,4,FFR,0.5975310980999237,0.16,0.43753109809992363,-2.336872081467679,-1.221734244717148,0.6503375803108169,2.400051958778585,3.5354701191251965
mango_rmse,medium,2015-03-31,2016Q1,5,FFR,0.6933592784946174,0.36000000000000004,0.3333592784946174,-2.620544895417007,-1.3125290394014317,0.7043153541549564,2.739714145588132,4.0097629876146925
mango_rmse,medium,2015-03-31,2016Q2,6,FFR,0.8050207719914362,0.37333333333333335,0.43168743865810283,-2.7213733773859334,-1.3384426387835973,0.8002156236733102,2.974962380140494,4.342990917559838
mango_rmse,medium,2015-03-31,2016Q3,7,FFR,0.9001089427510266,0.39666666666666667,0.50344227608436,-2.887337179463966,-1.4452805767249766,0.932069217467373,3.2268805340474103,4.700384124893887
mango_rmse,medium,2015-03-31,2016Q4,8,FFR,1.0138987765752792,0.45,0.5638987765752792,-3.0762207524454817,-1.463762223161939,1.0396899413399325,3.415388203865669,5.040651752758824
mango_rmse,medium,2015-03-31,2015Q1,1,GDP,970.591318871971,975.7342483786737,-5.1429295067026715,969.1605130445212,969.7323898389667,970.5894685246146,971.4675282658352,972.0253305628639
mango_rmse,medium,2015-03-31,2015Q2,2,GDP,971.3275175531006,976.31257427765,-4.985056724549395,969.2605426592104,970.0076122257692,971.3089545848028,972.6171743027865,973.4845633231031
mango_rmse,medium,2015-03-31,2015Q3,3,GDP,972.0938453487212,976.6354252252142,-4.541579876493074,969.5605017521957,970.5182999351553,972.0691954456036,973.7024457608742,974.703018372281
mango_rmse,medium,2015-03-31,2015Q4,4,GDP,972.8099534802174,976.7815527534941,-3.9715992732767518,969.7020238323918,970.8962944101571,972.7924042365485,974.7007578638679,975.9925148687304
mango_rmse,medium,2015-03-31,2016Q1,5,GDP,973.5426519921444,977.3690037449436,-3.8263517527991553,970.0108658653658,971.4232185406377,973.5406578391915,975.7672225334899,977.1295220566398
mango_rmse,medium,2015-03-31,2016Q2,6,GDP,974.2355153220784,977.6709362762499,-3.435420954171491,970.336858557707,971.8249605365997,974.2576634542203,976.6632931417903,978.0939088719024
mango_rmse,medium,2015-03-31,2016Q3,7,GDP,974.9552139174629,978.270252164766,-3.315038247303164,970.5182833858134,972.3150146614161,974.9602738004912,977.6527873994592,979.2726755363295
mango_rmse,medium,2015-03-31,2016Q4,8,GDP,975.6450206771082,978.7659105426385,-3.12088986553033,970.9280029385999,972.8520725904013,975.6218512466444,978.5799665164592,980.241486650159
mango_rmse,medium,2015-03-31,2015Q1,1,HOURS,470.33543603716697,466.15694228372104,4.1784937534459345,468.9384535956695,469.49468504304764,470.3385885747409,471.15451533267134,471.7285889519532
mango_rmse,medium,2015-03-31,2015Q2,2,HOURS,470.74904687345304,466.5408850979831,4.208161775469932,468.61544016113584,469.4979012320858,470.7344454134451,472.0533872285359,472.9008071891026
mango_rmse,medium,2015-03-31,2015Q3,3,HOURS,471.1630030935644,466.55500719768037,4.607995895884017,468.44600487327904,469.5798201585328,471.1516854681979,472.73514598750177,473.80612043859657
mango_rmse,medium,2015-03-31,2015Q4,4,HOURS,471.57050882055444,467.1978005319704,4.372708288584022,468.27173730429206,469.73959479273316,471.5789154401633,473.4705780732285,474.75281375396423
mango_rmse,medium,2015-03-31,2016Q1,5,HOURS,471.9525485858535,467.58522965736216,4.367318928491329,468.3143697789441,469.7174344629563,471.93369741961203,474.2058916014086,475.7033727236368
mango_rmse,medium,2015-03-31,2016Q2,6,HOURS,472.3062884782321,467.88666449104284,4.419623987189254,468.27983390657243,469.8295636602803,472.2468540343619,474.8146899399034,476.47889728667997
mango_rmse,medium,2015-03-31,2016Q3,7,HOURS,472.67506368528285,468.1371679481668,4.5378957371160595,468.2619180567124,469.9642033510342,472.5696738999753,475.44925709363264,477.4215750558767
mango_rmse,medium,2015-03-31,2016Q4,8,HOURS,473.0486862481997,468.2260848352655,4.822601412934205,468.33138086771675,470.127447580042,472.9780252774334,476.11964858357373,478.0426912820182
mango_rmse,medium,2015-03-31,2015Q1,1,INV,794.4673424913258,804.7916977539779,-10.324355262652148,787.0172664318134,789.9848606187418,794.3916828920903,799.0181633673167,802.2545058364309
mango_rmse,medium,2015-03-31,2015Q2,2,INV,796.0942506043801,805.0922745163426,-8.998023911962491,785.0557266981668,789.298495979886,796.0436295053591,803.0211221855878,807.3578879606431
mango_rmse,medium,2015-03-31,2015Q3,3,INV,797.6876662995189,804.8901376180519,-7.202471318532957,784.357093015725,789.224705261379,797.7404517180821,805.837877915785,811.6085867674909
mango_rmse,medium,2015-03-31,2015Q4,4,INV,799.1834081225503,803.6802038162332,-4.496795693682884,783.4581285819476,789.4627947387906,799.2375317636591,808.5290508832383,815.2445748302079
mango_rmse,medium,2015-03-31,2016Q1,5,INV,800.714076425242,803.2505963859908,-2.5365199607488194,783.0073705010899,790.0364022202764,800.8910609697083,811.3179295656018,818.7465889124344
mango_rmse,medium,2015-03-31,2016Q2,6,INV,802.0072593543991,802.7258817867689,-0.7186224323697843,782.7412722022647,790.3754517559978,802.1169466808474,813.5945223114223,821.6369691167218
mango_rmse,medium,2015-03-31,2016Q3,7,INV,803.3466974857704,802.9204149938417,0.42628249192864587,781.5754818923136,789.9992460640611,803.4842646387838,816.215399745705,825.6973685238484
mango_rmse,medium,2015-03-31,2016Q4,8,INV,804.624095527347,805.4387911774725,-0.8146956501254863,781.1301809788617,790.5555674189558,804.8583418192777,818.1020746787552,829.1132093772147
mango_rmse,medium,2015-03-31,2015Q1,1,WAGE,461.76005534964867,464.0489066112446,-2.288851261595937,460.37351987607735,460.9346500758577,461.7691418723373,462.6048008143401,463.1178252044887
mango_rmse,medium,2015-03-31,2015Q2,2,WAGE,462.00186175209416,464.2369626977198,-2.235100945625618,459.9849088369645,460.7732465235347,461.99815003161035,463.1914379860071,463.961943734326
mango_rmse,medium,2015-03-31,2015Q3,3,WAGE,462.2283755507662,464.55344757775157,-2.3250720269853673,459.7037576087932,460.732661794816,462.2690224839811,463.7179304577988,464.79357426707884
mango_rmse,medium,2015-03-31,2015Q4,4,WAGE,462.4465170748331,464.340964864176,-1.8944477893429053,459.48378555205795,460.719787225069,462.4680457888838,464.13300365052766,465.23439892668165
mango_rmse,medium,2015-03-31,2016Q1,5,WAGE,462.65718417039307,464.4112014102709,-1.7540172398778395,459.4042393244341,460.7113484378027,462.7231993505053,464.54569893319075,465.76606392702496
mango_rmse,medium,2015-03-31,2016Q2,6,WAGE,462.86332511736254,463.97648307525907,-1.113157957896533,459.2715672987196,460.6800129802549,462.974545131157,465.0053277455236,466.2806524729174
mango_rmse,medium,2015-03-31,2016Q3,7,WAGE,463.0569265306649,464.00739019959724,-0.9504636689323434,459.06665316760245,460.70509382555315,463.0946652050234,465.3649653677643,466.91430316585024
mango_rmse,medium,2015-03-31,2016Q4,8,WAGE,463.2619909811754,464.46312548690054,-1.201134505725122,458.9334845880447,460.6700820217325,463.2667462056203,465.86010225019925,467.4810084872351
mango_rmse,medium,2015-06-30,2015Q2,1,CONS,932.9382134864728,938.0306918992713,-5.092478412798528,931.6720891756746,932.1767023393367,932.921123584638,933.7113420472809,934.2519752163614
mango_rmse,medium,2015-06-30,2015Q3,2,CONS,933.7252128838107,938.7904212097346,-5.065208325923891,931.9205347821165,932.6761334298891,933.7064812426452,934.7970660749348,935.5122853323755
mango_rmse,medium,2015-06-30,2015Q4,3,CONS,934.5045872747133,939.2924061077128,-4.7878188329995055,932.1621538973478,933.1339502775996,934.5355675038397,935.8759478619504,936.7573282226739
mango_rmse,medium,2015-06-30,2016Q1,4,CONS,935.2621872467446,940.0231374759705,-4.760950229225955,932.4318416098516,933.6156658243834,935.2584309397378,936.919187093388,937.9395214063558
mango_rmse,medium,2015-06-30,2016Q2,5,CONS,935.9989155209812,940.5300639389587,-4.531148417977533,932.9096113536995,934.1315833863614,935.9993299857148,937.8709986112638,938.9702899972655
mango_rmse,medium,2015-06-30,2016Q3,6,CONS,936.7473431788892,941.1141949781957,-4.36685179930646,933.3964285373986,934.5977479940434,936.7175754551747,938.8771333787505,940.1438832730332
mango_rmse,medium,2015-06-30,2016Q4,7,CONS,937.4854013441767,941.597765893345,-4.112364549168319,933.7389457914626,935.1836443661382,937.4592100068829,939.8754252738511,941.1397790867643
mango_rmse,medium,2015-06-30,2017Q1,8,CONS,938.1970207588894,942.3021947169104,-4.105173958021055,934.1337540542052,935.7240251106398,938.1738145924832,940.6905975889478,942.2011839792758
mango_rmse,medium,2015-06-30,2015Q2,1,DEFL,468.9335413625489,465.0879418481692,3.845599514379728,468.48691263431004,468.66442797276216,468.93918067641846,469.2038487338889,469.37504483572917
mango_rmse,medium,2015-06-30,2015Q3,2,DEFL,469.0527622925933,465.38555827648497,3.6672040161083146,468.26523026758815,468.5811829324792,469.0660223483771,469.53284071081134,469.81723798876055
mango_rmse,medium,2015-06-30,2015Q4,3,DEFL,469.19055836014417,465.37603301548563,3.8145253446585343,468.05942477165195,468.484693666893,469.1910586585157,469.8911909999403,470.3346824589802
mango_rmse,medium,2015-06-30,2016Q1,4,DEFL,469.34690445204274,465.29598498239403,4.050919469648704,467.7720572810129,468.40118343523613,469.3354613724773,470.30464056284467,470.93868665069834
mango_rmse,medium,2015-06-30,2016Q2,5,DEFL,469.5131720148664,465.999922226677,3.513249788189455,467.48056205052745,468.3209276913483,469.49275540118595,470.74567017905014,471.50482675454805
mango_rmse,medium,2015-06-30,2016Q3,6,DEFL,469.7016466681147,466.27690583674894,3.424740831365739,467.1666301756553,468.22736823061,469.6718800809575,471.2376959958481,472.1617690231302
mango_rmse,medium,2015-06-30,2016Q4,7,DEFL,469.89974587458977,466.8022911971153,3.0974546774744454,466.8547849188004,468.12563122711913,469.8820126031085,471.7362933388954,472.90278652697685
mango_rmse,medium,2015-06-30,2017Q1,8,DEFL,470.1200563429689,467.31839116014726,2.801665182821637,466.54167778359147,468.0577093691312,470.098188711265,472.29875368159003,473.7115411435893
mango_rmse,medium,2015-06-30,2015Q2,1,FFR,0.09811142615159775,0.12333333333333334,-0.025221907181735587,-1.3030392566511502,-0.7282868014827566,0.11715455599040356,0.9162771387631258,1.486404559686274
mango_rmse,medium,2015-06-30,2015Q3,2,FFR,0.13496661754001765,0.1366666666666667,-0.0017000491266490336,-1.963039446375099,-1.135327629049367,0.14870835301544688,1.4326699374108363,2.1128684797676947
mango_rmse,medium,2015-06-30,2015Q4,3,FFR,0.28004089681912864,0.16,0.12004089681912863,-2.3396284023567184,-1.3235497110126189,0.30259419319023384,1.8540096465498475,2.7739661213467546
mango_rmse,medium,2015-06-30,2016Q1,4,FFR,0.3899938628971246,0.36000000000000004,0.02999386289712458,-2.649783995320887,-1.445739456919197,0.48182381634205196,2.2031636984296306,3.2936280200559627
mango_rmse,medium,2015-06-30,2016Q2,5,FFR,0.47527660753226014,0.37333333333333335,0.10194327419892679,-2.9106280264114477,-1.507497573184833,0.5502999569115179,2.4735172592182733,3.731556571678179
mango_rmse,medium,2015-06-30,2016Q3,6,FFR,0.5656446181616055,0.39666666666666667,0.16897795149493883,-3.1849684975937405,-1.6855152060995318,0.6456855696462332,2.8586726983670045,4.194624936493692
mango_rmse,medium,2015-06-30,2016Q4,7,FFR,0.6253544698068194,0.45,0.1753544698068194,-3.229027445069377,-1.8483726381639831,0.6826161127185508,3.0189988627558444,4.603329592598334
mango_rmse,medium,2015-06-30,2017Q1,8,FFR,0.6899512425895946,0.7000000000000001,-0.010048757410405451,-3.5456965292882088,-1.8358631816263853,0.7027724653851424,3.287608892749402,4.747346491383855
mango_rmse,medium,2015-06-30,2015Q2,1,GDP,970.5422427129652,976.31257427765,-5.770331564684852,969.1207671353504,969.6695050349867,970.5301926784757,971.4293385206829,972.0243474431302
mango_rmse,medium,2015-06-30,2015Q3,2,GDP,971.3009900836248,976.6354252252142,-5.334435141589438,969.2253189644307,970.0723904376581,971.2863855782787,972.5912063326961,973.4259329009208
mango_rmse,medium,2015-06-30,2015Q4,3,GDP,972.0799809346775,976.7815527534941,-4.70157181881666,969.4825104744906,970.5347630330126,972.115088037042,973.643755778697,974.7870799429955
mango_rmse,medium,2015-06-30,2016Q1,4,GDP,972.8329853439046,977.3690037449436,-4.536018401038973,969.6823871848497,970.9479295005791,972.8620020693306,974.7426153469322,975.8045791524917
mango_rmse,medium,2015-06-30,2016Q2,5,GDP,973.5539836902536,977.6709362762499,-4.116952585996273,970.0026332129125,971.3767911672885,973.6628710777732,975.692288593797,976.9773056707062
mango_rmse,medium,2015-06-30,2016Q3,6,GDP,974.2601112968268,978.270252164766,-4.010140867939185,970.2641001133488,971.8382416057472,974.2922153909992,976.6582443825741,978.1329699656974
mango_rmse,medium,2015-06-30,2016Q4,7,GDP,974.9620392134522,978.7659105426385,-3.803871329186336,970.5746154797797,972.282469251299,975.0323825996326,977.6346471153529,979.1811518689507
mango_rmse,medium,2015-06-30,2017Q1,8,GDP,975.641689420646,979.1946532403157,-3.552963819669685,970.9210504704474,972.8717575000393,975.6700195717181,978.527806092389,980.193386269374
mango_rmse,medium,2015-06-30,2015Q2,1,HOURS,470.66831570392077,466.5408850979831,4.127430605937661,469.2321113949106,469.84994926637813,470.7048002618352,471.53220565444485,471.99279624370246
mango_rmse,medium,2015-06-30,2015Q3,2,HOURS,471.081894378728,466.55500719768037,4.526887181047641,468.9653936666547,469.80902651690604,471.11530834002787,472.3260679196682,473.1236582955026
mango_rmse,medium,2015-06-30,2015Q4,3,HOURS,471.4760014379241,467.1978005319704,4.278200905953668,468.7225888729125,469.82931048452696,471.50415622802626,473.09649175575856,474.24699395336586
mango_rmse,medium,2015-06-30,2016Q1,4,HOURS,471.8506288899392,467.58522965736216,4.2653992325770105,468.5207069020101,469.93579332448274,471.8472812406759,473.7730348242669,475.08015891182544
mango_rmse,medium,2015-06-30,2016Q2,5,HOURS,472.2501572357049,467.88666449104284,4.3634927446620395,468.50344615161515,470.0073713665551,472.3061748400837,474.4390305579114,476.0694900654782
mango_rmse,medium,2015-06-30,2016Q3,6,HOURS,472.61677508450504,468.1371679481668,4.479607136338245,468.50171867743916,470.1759083484059,472.6748477780285,475.0912456421417,476.8067850077865
mango_rmse,medium,2015-06-30,2016Q4,7,HOURS,472.9726730140479,468.2260848352655,4.746588178782417,468.3101950035016,470.2415941909091,473.05046497746537,475.72677606318126,477.4991683515527
mango_rmse,medium,2015-06-30,2017Q1,8,HOURS,473.32351647003566,468.5883438027266,4.73517266730903,468.2671746577965,470.3268912735635,473.3305636770035,476.3165844544846,478.17433412294633
mango_rmse,medium,2015-06-30,2015Q2,1,INV,795.0312643278622,805.0922745163426,-10.061010188480395,787.124911969569,790.399930183791,795.0070276949764,799.5559743072598,802.851340748424
mango_rmse,medium,2015-06-30,2015Q3,2,INV,796.5489441847014,804.8901376180519,-8.34119343335044,785.0459131998368,789.9936371864418,796.6118559439494,803.1513684848156,807.3334792317879
mango_rmse,medium,2015-06-30,2015Q4,3,INV,798.2087639075396,803.6802038162332,-5.471439908693583,784.0264755106812,789.8380009261825,798.545568696356,806.6011469352839,811.3246783472644
mango_rmse,medium,2015-06-30,2016Q1,4,INV,799.7064195032387,803.2505963859908,-3.5441768827520264,782.8289369568329,789.6572449416932,799.7096487309052,809.4478456315123,816.0134264151707
mango_rmse,medium,2015-06-30,2016Q2,5,INV,801.1845564798018,802.7258817867689,-1.54132530696711,782.3888815972939,790.1220387964424,801.1433364462973,812.2908728062981,819.6332612907518
mango_rmse,medium,2015-06-30,2016Q3,6,INV,802.5025455784299,802.9204149938417,-0.41786941541181477,781.5572947495489,790.0396010197435,802.7203802721699,814.6817085280263,823.1437900172739
mango_rmse,medium,2015-06-30,2016Q4,7,INV,803.7828044783519,805.4387911774725,-1.6559866991206036,781.3711856544728,790.2854961314771,803.9342810215801,817.0610138070431,826.4586790805974
mango_rmse,medium,2015-06-30,2017Q1,8,INV,805.0881303450474,804.9400556120976,0.14807473294979445,781.4177889637793,790.584185790397,805.613204082027,819.04346255149,828.6407269841704
mango_rmse,medium,2015-06-30,2015Q2,1,WAGE,463.7691891916235,464.2369626977198,-0.46777350609625046,462.36821529711057,462.9580560321687,463.7780014642238,464.6130127655219,465.1101517621524
mango_rmse,medium,2015-06-30,2015Q3,2,WAGE,464.0292785099251,464.55344757775157,-0.524169067826449,462.0511920854372,462.86024198301004,464.02701523876993,465.2368450795309,465.9492191629854
mango_rmse,medium,2015-06-30,2015Q4,3,WAGE,464.2758988747257,464.340964864176,-0.06506598945026099,461.81930591310265,462.804169022321,464.29667777861937,465.7959464110443,466.71826515927756
mango_rmse,medium,2015-06-30,2016Q1,4,WAGE,464.5364226011291,464.4112014102709,0.1252211908582126,461.59518461401865,462.8419990354924,464.5430405799503,466.3052391671178,467.4526426194557
mango_rmse,medium,2015-06-30,2016Q2,5,WAGE,464.7608119515089,463.97648307525907,0.7843288762498446,461.515611451444,462.7989621707803,464.79981216206994,466.72285617958005,468.0447336128903
mango_rmse,medium,2015-06-30,2016Q3,6,WAGE,465.00645688777263,464.00739019959724,0.9990666881753896,461.45629676434885,462.8773221286366,464.96302362419783,467.18881695995503,468.80815892642386
mango_rmse,medium,2015-06-30,2016Q4,7,WAGE,465.2555525435567,464.46312548690054,0.7924270566561518,461.3464018437817,462.93928538955544,465.18527866456606,467.6646602966816,469.2917478003258
mango_rmse,medium,2015-06-30,2017Q1,8,WAGE,465.50271029877507,464.76739655148157,0.7353137472935032,461.1555788079293,462.9717848194866,465.4715858690166,468.0246579025471,469.8295748951215
mango_rmse,medium,2015-09-30,2015Q3,1,CONS,932.9011476239803,938.7904212097346,-5.889273585754381,931.6112838551601,932.1200795018934,932.9048499871033,933.7042310906864,934.2049892424741
mango_rmse,medium,2015-09-30,2015Q4,2,CONS,933.5936592645066,939.2924061077128,-5.698746843206209,931.8466281019953,932.433956326713,933.5943389621458,934.6945067608714,935.3582922848285
mango_rmse,medium,2015-09-30,2016Q1,3,CONS,934.2792663118129,940.0231374759705,-5.743871164157667,932.0014983231787,932.8851008196643,934.3016156088537,935.6134667362106,936.5276728511674
mango_rmse,medium,2015-09-30,2016Q2,4,CONS,934.9626309520077,940.5300639389587,-5.567432986951076,932.3139660220723,933.3297908496651,934.9604608331347,936.5326442309963,937.5874864266223
mango_rmse,medium,2015-09-30,2016Q3,5,CONS,935.6365045824379,941.1141949781957,-5.477690395757804,932.7745857421443,933.782403072996,935.6402364701225,937.4332847307476,938.5661576545057
mango_rmse,medium,2015-09-30,2016Q4,6,CONS,936.2740870254697,941.597765893345,-5.323678867875287,932.920268258767,934.2863435940114,936.3004484119792,938.2874271748435,939.6143338975353
mango_rmse,medium,2015-09-30,2017Q1,7,CONS,936.9282726521401,942.3021947169104,-5.3739220647703405,933.3352884060736,934.7186973830834,936.9470829831768,939.0981201392183,940.6375225537408
mango_rmse,medium,2015-09-30,2017Q2,8,CONS,937.6026415067295,942.7015608775955,-5.098919370866042,933.6593607919618,935.2160118058318,937.5718201963236,940.0026772372429,941.5602336453337
mango_rmse,medium,2015-09-30,2015Q3,1,DEFL,470.0617902011091,465.38555827648497,4.676231924624119,469.6282510685245,469.7818043712054,470.0656049153056,470.3329472569485,470.50636567399346
mango_rmse,medium,2015-09-30,2015Q4,2,DEFL,470.3743816431648,465.37603301548563,4.99834862767915,469.6337906062413,469.9012495303111,470.3832168545704,470.8548557023324,471.14876726368055
mango_rmse,medium,2015-09-30,2016Q1,3,DEFL,470.7130023398788,465.29598498239403,5.417017357484781,469.61322499232875,470.00157403395986,470.7226126182803,471.3882743705358,471.8538901139048
mango_rmse,medium,2015-09-30,2016Q2,4,DEFL,471.0882822068327,465.999922226677,5.088359980155701,469.58241824595615,470.10381009946724,471.0908415554487,472.01048157241974,472.65725056059557
mango_rmse,medium,2015-09-30,2016Q3,5,DEFL,471.46048850113897,466.27690583674894,5.1835826643900305,469.4971645671258,470.20733914532195,471.47407856924053,472.6388601252058,473.4683436982905
mango_rmse,medium,2015-09-30,2016Q4,6,DEFL,471.8433979628184,466.8022911971153,5.041106765703091,469.38573681305627,470.3095818848789,471.87168333599703,473.3144541370688,474.31781339116253
mango_rmse,medium,2015-09-30,2017Q1,7,DEFL,472.22887816188387,467.31839116014726,4.9104870017366125,469.2611641640251,470.41104942914603,472.2585788920953,473.9624632064265,475.30280346987456
mango_rmse,medium,2015-09-30,2017Q2,8,DEFL,472.6319202137001,467.62901269911987,5.002907514580215,469.1876929505745,470.55317914756574,472.6351554162375,474.67229212977566,476.2679734981358
mango_rmse,medium,2015-09-30,2015Q3,1,FFR,0.2814280093688065,0.1366666666666667,0.14476134270213983,-1.1383728874546801,-0.55712726155583,0.2955803207128854,1.0801011812776522,1.6635495992060432
mango_rmse,medium,2015-09-30,2015Q4,2,FFR,0.48707836721990666,0.16,0.3270783672199067,-1.5025364114104969,-0.6966954240884335,0.4633903718209176,1.6891893746497397,2.56749435802892
mango_rmse,medium,2015-09-30,2016Q1,3,FFR,0.6468559507715564,0.36000000000000004,0.2868559507715564,-1.8903305082726691,-0.8555809558579944,0.6450102079085562,2.1399572547050076,3.1760228728400777
mango_rmse,medium,2015-09-30,2016Q2,4,FFR,0.7334035131204446,0.37333333333333335,0.36007017978711126,-2.134209420469002,-1.0388351957432223,0.7451579055191951,2.453017284447719,3.639482392762175
mango_rmse,medium,2015-09-30,2016Q3,5,FFR,0.8817576035202095,0.39666666666666667,0.4850909368535428,-2.4937212412558107,-1.1081268397021253,0.8425417856613401,2.8575236941426447,4.147513137066411
mango_rmse,medium,2015-09-30,2016Q4,6,FFR,0.9943670894381319,0.45,0.5443670894381318,-2.6711805876190358,-1.1353714721321537,1.055950631108026,3.0763233896103204,4.5475634803415055
mango_rmse,medium,2015-09-30,2017Q1,7,FFR,1.082935077756436,0.7000000000000001,0.38293507775643587,-2.9435137706255796,-1.2637079950016366,1.1028399036831715,3.416445615822784,4.8884988865873895
mango_rmse,medium,2015-09-30,2017Q2,8,FFR,1.1579387940358703,0.9500000000000001,0.20793879403587023,-3.102223719047591,-1.3118413302738225,1.1882730705149502,3.665768921178187,5.1852602518577795
mango_rmse,medium,2015-09-30,2015Q3,1,GDP,970.8592681598634,976.6354252252142,-5.776157065350844,969.4117334183145,970.0003399429938,970.8478317122922,971.7583645727315,972.315032636476
mango_rmse,medium,2015-09-30,2015Q4,2,GDP,971.6020993994912,976.7815527534941,-5.179453354002931,969.5046857888732,970.3436857693847,971.6151821309134,972.8242863903938,973.7697448492117
mango_rmse,medium,2015-09-30,2016Q1,3,GDP,972.2717958410105,977.3690037449436,-5.097207903933054,969.7011676426322,970.6625487037205,972.2935250809383,973.8930049636477,974.8771295926659
mango_rmse,medium,2015-09-30,2016Q2,4,GDP,972.9369027614339,977.6709362762499,-4.734033514816019,969.9289390645893,971.0865167223028,972.9206316568382,974.8004120585508,975.9778470871911
mango_rmse,medium,2015-09-30,2016Q3,5,GDP,973.6362649358035,978.270252164766,-4.633987228962496,970.0890857133369,971.4316204201867,973.6447192256719,975.6990875908042,977.2117477056192
mango_rmse,medium,2015-09-30,2016Q4,6,GDP,974.276125367931,978.7659105426385,-4.489785174707549,970.3972815983414,971.8691812318506,974.2832119343454,976.6150174503678,978.1486411924178
mango_rmse,medium,2015-09-30,2017Q1,7,GDP,974.890337650516,979.1946532403157,-4.304315589799671,970.744237205929,972.2825325848565,974.8526147253915,977.3675972183486,979.1573091538086
mango_rmse,medium,2015-09-30,2017Q2,8,GDP,975.5518224916563,979.6971814310028,-4.145358939346579,971.030561365932,972.7345346453038,975.5499228953583,978.2910971156705,980.1048445977308
mango_rmse,medium,2015-09-30,2015Q3,1,HOURS,471.0323553428424,466.55500719768037,4.477348145162011,469.6112099118103,470.18225526595666,471.00961926684863,471.8893411283725,472.45566189825297
mango_rmse,medium,2015-09-30,2015Q4,2,HOURS,471.42386023294966,467.1978005319704,4.226059700979249,469.27858962639493,470.1638039142287,471.40739171503463,472.66296149388114,473.6303300364797
mango_rmse,medium,2015-09-30,2016Q1,3,HOURS,471.8309844492145,467.58522965736216,4.245754791852335,469.19185212801915,470.29217729541284,471.8487384771275,473.36320793203714,474.5820942515571
mango_rmse,medium,2015-09-30,2016Q2,4,HOURS,472.19118619425285,467.88666449104284,4.304521703210014,468.9771309475126,470.349257603187,472.17717506104896,474.1291082668233,475.36308315331394
mango_rmse,medium,2015-09-30,2016Q3,5,HOURS,472.5509329114604,468.1371679481668,4.413764963293602,468.85702804325877,470.42447086940587,472.52431937402343,474.7738742444113,476.1818373244825
mango_rmse,medium,2015-09-30,2016Q4,6,HOURS,472.89689531747257,468.2260848352655,4.6708104822070595,468.77930844875317,470.5109346671382,472.9405545298348,475.3415077823086,476.97799856172657
mango_rmse,medium,2015-09-30,2017Q1,7,HOURS,473.2026610157693,468.5883438027266,4.614317213042682,468.7039042418886,470.5322750919271,473.2076569366557,475.7619087479001,477.5775809551555
mango_rmse,medium,2015-09-30,2017Q2,8,HOURS,473.5362329740339,469.2906300292178,4.245602944816085,468.66681920478874,470.64026979960056,473.499869770243,476.3734888099138,478.24996219276625
mango_rmse,medium,2015-09-30,2015Q3,1,INV,797.6829557246266,804.8901376180519,-7.207181893425286,790.1008589751166,793.1050715521645,797.7299462207723,802.2838322270698,805.5131580631946
mango_rmse,medium,2015-09-30,2015Q4,2,INV,799.3123673500428,803.6802038162332,-4.367836466190397,788.2040002195513,792.4326118573524,799.2282225393329,805.9802855602096,810.8691138617629
mango_rmse,medium,2015-09-30,2016Q1,3,INV,800.6917214335535,803.2505963859908,-2.558874952437236,786.9085590543007,792.3917118770912,800.5723736273071,809.1639351007419,815.2014353794224
mango_rmse,medium,2015-09-30,2016Q2,4,INV,801.9784168828891,802.7258817867689,-0.7474649038798589,786.1288285221603,792.4361704284371,801.9502593359391,811.5592295611941,818.2218401679771
mango_rmse,medium,2015-09-30,2016Q3,5,INV,803.4941572651157,802.9204149938417,0.5737422712739999,785.8284111468787,792.4765951110371,803.3473079994055,814.4898587092104,822.3923415937452
mango_rmse,medium,2015-09-30,2016Q4,6,INV,804.7465540925189,805.4387911774725,-0.6922370849536037,785.7590445459388,792.4708480662707,804.5862605393928,816.782135363066,825.6239239325705
mango_rmse,medium,2015-09-30,2017Q1,7,INV,805.8893169159,804.9400556120976,0.9492613038024729,785.0072112174618,793.2053721662246,805.7124028049091,819.0535880533423,828.3964651300367
mango_rmse,medium,2015-09-30,2017Q2,8,INV,807.1399919882125,806.708034244384,0.4319577438285478,785.1217970541057,793.8222353607047,807.2139157702865,820.9817833732861,830.3259929603091
mango_rmse,medium,2015-09-30,2015Q3,1,WAGE,463.1111841972122,464.55344757775157,-1.442263380539373,461.6991336565692,462.2558813470213,463.1293242003575,463.91314926071607,464.52616267762346
mango_rmse,medium,2015-09-30,2015Q4,2,WAGE,463.32457996055604,464.340964864176,-1.0163849036199508,461.36936912381015,462.14782941571553,463.3031480460334,464.51467677335097,465.335706713506
mango_rmse,medium,2015-09-30,2016Q1,3,WAGE,463.52129406095577,464.4112014102709,-0.8899073493151377,461.0387462154964,462.0357930308026,463.52438960512177,465.01973761379463,465.951266623732
mango_rmse,medium,2015-09-30,2016Q2,4,WAGE,463.70913475399936,463.97648307525907,-0.2673483212597034,460.84835185534445,461.9459887608959,463.7522119942314,465.40656421452576,466.440461719656
mango_rmse,medium,2015-09-30,2016Q3,5,WAGE,463.90928941777446,464.00739019959724,-0.09810078182277948,460.68578464838436,461.91652780520593,463.8477216741179,465.8914623937685,467.0532591231288
mango_rmse,medium,2015-09-30,2016Q4,6,WAGE,464.08420332940784,464.46312548690054,-0.37892215749269553,460.6590976364876,461.94832112417583,464.06038327423664,466.2330349321551,467.49894721228605
mango_rmse,medium,2015-09-30,2017Q1,7,WAGE,464.2967127431968,464.76739655148157,-0.4706838082847753,460.38807750689136,461.9940948397828,464.3115538514176,466.61014301407454,468.08032856407294
mango_rmse,medium,2015-09-30,2017Q2,8,WAGE,464.4656803280765,465.25402947368775,-0.7883491456112779,460.22747597601614,461.92765957709656,464.5010208042262,467.03136231861095,468.52475917607165
mango_rmse,medium,2015-12-31,2015Q4,1,CONS,933.6297467711864,939.2924061077128,-5.662659336526417,932.3594930609936,932.8366759208538,933.6441402912027,934.3837583554373,934.8703495567185
mango_rmse,medium,2015-12-31,2016Q1,2,CONS,934.2854601131595,940.0231374759705,-5.737677362811041,932.3786675286152,933.1941627490927,934.3115396877943,935.4026238208554,936.0662457162697
mango_rmse,medium,2015-12-31,2016Q2,3,CONS,934.9318069407385,940.5300639389587,-5.598256998220222,932.5276732497235,933.6007753732366,934.9423321931861,936.3468233960367,937.2147301542719
mango_rmse,medium,2015-12-31,2016Q3,4,CONS,935.6021647680657,941.1141949781957,-5.5120302101299785,932.8282266568282,933.9520589564066,935.6078394979406,937.2396285905883,938.3612758907577
mango_rmse,medium,2015-12-31,2016Q4,5,CONS,936.2536657862003,941.597765893345,-5.3441001071447545,933.0090042455548,934.4221833662709,936.29907899143,938.0725807895678,939.4343541765879
mango_rmse,medium,2015-12-31,2017Q1,6,CONS,936.9182532542989,942.3021947169104,-5.383941462611574,933.2965437555382,934.8024499461472,937.0027864529281,938.9651000672305,940.3650652694217
mango_rmse,medium,2015-12-31,2017Q2,7,CONS,937.5687608348761,942.7015608775955,-5.132800042719396,933.6653349476942,935.3046919930134,937.5895288773017,939.8919485498345,941.2841485998008
mango_rmse,medium,2015-12-31,2017Q3,8,CONS,938.2189003620745,943.2961066624665,-5.077206300392049,934.018173802906,935.7830083242252,938.2694131831695,940.641921716847,942.3679788623941
mango_rmse,medium,2015-12-31,2015Q4,1,DEFL,470.39000114815326,465.37603301548563,5.013968132667628,469.935855575467,470.1303217374193,470.38924414039764,470.6586315393732,470.84598380805096
mango_rmse,medium,2015-12-31,2016Q1,2,DEFL,470.7377218398893,465.29598498239403,5.441736857495243,469.9713013727837,470.27808102043633,470.72431632675693,471.1985703469574,471.5423504967277
mango_rmse,medium,2015-12-31,2016Q2,3,DEFL,471.11642227673735,465.999922226677,5.116500050060381,469.9822278034837,470.4388742432927,471.0951146863381,471.8112258654986,472.29609045651557
mango_rmse,medium,2015-12-31,2016Q3,4,DEFL,471.4912312467198,466.27690583674894,5.214325409970854,469.8937687239332,470.55698834888807,471.48057300881305,472.4412097553758,473.0368864269062
mango_rmse,medium,2015-12-31,2016Q4,5,DEFL,471.8801564912958,466.8022911971153,5.077865294180469,469.8310338386159,470.6931383043233,471.8795510626542,473.1092305929832,473.9344015950184
mango_rmse,medium,2015-12-31,2017Q1,6,DEFL,472.27211958711774,467.31839116014726,4.9537284269704855,469.78259158663064,470.80286730385984,472.25265001250875,473.7385796596215,474.7940108674731
mango_rmse,medium,2015-12-31,2017Q2,7,DEFL,472.67420827038404,467.62901269911987,5.045195571264173,469.63050668424256,470.852455237528,472.6737261518469,474.4866157749518,475.7420478163479
mango_rmse,medium,2015-12-31,2017Q3,8,DEFL,473.08844237642234,468.12975463756425,4.958687738858089,469.5258781593593,470.9628678771352,473.0870062897708,475.2350876199094,476.67349272867204
mango_rmse,medium,2015-12-31,2015Q4,1,FFR,0.3276281981548956,0.16,0.16762819815489557,-1.129742191330029,-0.5481536819946963,0.3454926634634635,1.2002135778845835,1.7385161504423103
mango_rmse,medium,2015-12-31,2016Q1,2,FFR,0.46444717464546204,0.36000000000000004,0.104447174645462,-1.6315550940583992,-0.7922661619819253,0.46554416941980875,1.7004898746966919,2.5485504195822366
mango_rmse,medium,2015-12-31,2016Q2,3,FFR,0.5542279080595907,0.37333333333333335,0.1808945747262573,-2.0636061686659875,-1.0290435363480053,0.5507983498789528,2.117207820227178,3.125987897997477
mango_rmse,medium,2015-12-31,2016Q3,4,FFR,0.6766854102151459,0.39666666666666667,0.2800187435484793,-2.2950103663794077,-1.0997551254610827,0.6971968831283808,2.454278451776645,3.555051752946522
mango_rmse,medium,2015-12-31,2016Q4,5,FFR,0.7853275442119267,0.45,0.33532754421192673,-2.6066494490802827,-1.252682197311243,0.8687885422224484,2.702047726675003,4.014945216460613
mango_rmse,medium,2015-12-31,2017Q1,6,FFR,0.9173463498527996,0.7000000000000001,0.21734634985279955,-2.655015451713039,-1.3065800945338142,0.9544534665990234,3.0122580984589193,4.516959200674965
mango_rmse,medium,2015-12-31,2017Q2,7,FFR,1.0202004905691444,0.9500000000000001,0.07020049056914435,-2.887736967614897,-1.3504851956534993,1.0562563265097906,3.3006094778064345,4.847713925081251
mango_rmse,medium,2015-12-31,2017Q3,8,FFR,1.1233191890920913,1.1533333333333333,-0.030014144241242047,-2.99436759848347,-1.3000773953497724,1.1559966941929778,3.5483007710840013,5.209055391035729
mango_rmse,medium,2015-12-31,2015Q4,1,GDP,971.2915919899704,976.7815527534941,-5.489960763523754,969.8656406837127,970.4064102948031,971.3218006102893,972.1744383528769,972.6984118042916
mango_rmse,medium,2015-12-31,2016Q1,2,GDP,971.9525576643141,977.3690037449436,-5.416446080629498,969.8540928345847,970.6623581985879,971.9822451486477,973.1971776211542,974.0196680670289
mango_rmse,medium,2015-12-31,2016Q2,3,GDP,972.5695487150704,977.6709362762499,-5.101387561179536,969.9483999555712,970.9195731332868,972.6189213641433,974.1353836648547,975.2748096432235
mango_rmse,medium,2015-12-31,2016Q3,4,GDP,973.2184575381225,978.270252164766,-5.051794626643527,969.9973000094851,971.3551669898884,973.2402190846932,975.0766981397567,976.3798966015362
mango_rmse,medium,2015-12-31,2016Q4,5,GDP,973.838895690076,978.7659105426385,-4.927014852562479,970.3230675802689,971.7094653321196,973.8677288088368,975.8755258168719,977.3670887392587
mango_rmse,medium,2015-12-31,2017Q1,6,GDP,974.4771926435066,979.1946532403157,-4.717460596809133,970.5147614892226,972.1037639029021,974.4567019322674,976.8197704105557,978.3863148079942
mango_rmse,medium,2015-12-31,2017Q2,7,GDP,975.1171219740472,979.6971814310028,-4.58005945695561,970.8383816037039,972.5001126253218,975.1187371583127,977.7080816743494,979.4608779612707
mango_rmse,medium,2015-12-31,2017Q3,8,GDP,975.777207183187,980.5212652288033,-4.744058045616271,971.0452896306583,972.8601267699572,975.7834357024899,978.5578467983871,980.503069166931
mango_rmse,medium,2015-12-31,2015Q4,1,HOURS,470.9084853267896,467.1978005319704,3.710684794819201,469.5455491023285,470.08325416478357,470.8829085742155,471.75261430026075,472.28727215264735
mango_rmse,medium,2015-12-31,2016Q1,2,HOURS,471.2122950969407,467.58522965736216,3.62706543957853,469.0909964378876,469.96023592936945,471.2004678744378,472.45385975364593,473.32627227401315
mango_rmse,medium,2015-12-31,2016Q2,3,HOURS,471.5176463654672,467.88666449104284,3.6309818744243785,468.7525451936912,469.84794638431924,471.5014662839517,473.1019487408279,474.3769229744732
mango_rmse,medium,2015-12-31,2016Q3,4,HOURS,471.84733136312184,468.1371679481668,3.7101634149550478,468.59507881203956,469.96344404785043,471.8121633866896,473.75883858159307,475.1017712601146
mango_rmse,medium,2015-12-31,2016Q4,5,HOURS,472.1769013846454,468.2260848352655,3.9508165493799083,468.57423483526907,469.9234063443598,472.121420296932,474.4022196280165,475.9391599531179
mango_rmse,medium,2015-12-31,2017Q1,6,HOURS,472.5043490989391,468.5883438027266,3.916005296212461,468.46900934302397,470.0395331499575,472.4837157661765,474.96975599735396,476.7199352902383
mango_rmse,medium,2015-12-31,2017Q2,7,HOURS,472.8316030117444,469.2906300292178,3.5409729825265686,468.2509415163066,470.1024719027163,472.8240184805243,475.62117348003244,477.41879348932684
mango_rmse,medium,2015-12-31,2017Q3,8,HOURS,473.1907402605506,469.390424497534,3.800315763016613,468.11392881097504,470.0763224306856,473.27847673598365,476.2053686615406,478.1052238274232
mango_rmse,medium,2015-12-31,2015Q4,1,INV,797.131300976999,803.6802038162332,-6.548902839234188,789.566355746023,792.7073850874475,797.269141843773,801.5138507606255,804.5621424904045
mango_rmse,medium,2015-12-31,2016Q1,2,INV,798.4905051583926,803.2505963859908,-4.7600912275981955,787.7017310684527,791.8532313336943,798.644671102491,804.9802238469874,809.1704926638416
mango_rmse,medium,2015-12-31,2016Q2,3,INV,799.7648977559212,802.7258817867689,-2.960984030847726,786.3190691658668,791.642419450205,799.7007478582511,807.8625574384492,812.9791830862093
mango_rmse,medium,2015-12-31,2016Q3,4,INV,801.0573028475474,802.9204149938417,-1.8631121462943838,785.5574266109866,791.1965495809452,801.4876488414493,810.4987162468492,816.3630026955575
mango_rmse,medium,2015-12-31,2016Q4,5,INV,802.2898433891282,805.4387911774725,-3.1489477883442305,784.5503641027509,791.1319258371674,802.4417625109962,813.1880118917488,819.652537254566
mango_rmse,medium,2015-12-31,2017Q1,6,INV,803.4164476466108,804.9400556120976,-1.5236079654868036,783.5912580958079,791.971237302639,803.4135373988317,815.2605258286925,822.9932630959237
mango_rmse,medium,2015-12-31,2017Q2,7,INV,804.7767628131108,806.708034244384,-1.9312714312731032,783.6038010297395,791.9281292298085,805.0597648013719,817.3585665179185,826.4124290240624
mango_rmse,medium,2015-12-31,2017Q3,8,INV,806.0683265403994,808.6664089264145,-2.5980823860151077,783.0876402979421,792.3622055717183,806.2772880334819,819.7553739644384,829.3514370405245
mango_rmse,medium,2015-12-31,2015Q4,1,WAGE,464.6005745806003,464.340964864176,0.25960971642433606,463.1992575665962,463.74503836534683,464.63787729910393,465.42580897951467,465.93012424752004
mango_rmse,medium,2015-12-31,2016Q1,2,WAGE,464.8271500228478,464.4112014102709,0.41594861257686944,462.8823364033662,463.6558658860834,464.7889484139986,466.0365906006566,466.773001858623
mango_rmse,medium,2015-12-31,2016Q2,3,WAGE,465.05442958385345,463.97648307525907,1.0779465085943798,462.56628890458137,463.57503520206353,465.03475013271094,466.592535890147,467.58751251857296
mango_rmse,medium,2015-12-31,2016Q3,4,WAGE,465.2791806141941,464.00739019959724,1.2717904145968646,462.4688009916317,463.53736050625645,465.22920290052446,467.0298400923545,468.17690457699626
mango_rmse,medium,2015-12-31,2016Q4,5,WAGE,465.4866257109106,464.46312548690054,1.0235002240100357,462.2354333781567,463.53991376519735,465.462434260856,467.51100437653054,468.7333028397782
mango_rmse,medium,2015-12-31,2017Q1,6,WAGE,465.6966132282711,464.76739655148157,0.9292166767895083,462.2011046305825,463.53610461683274,465.61607740937416,467.92890215034504,469.2775424590761
mango_rmse,medium,2015-12-31,2017Q2,7,WAGE,465.9344370192861,465.25402947368775,0.6804075455983707,462.04788260131687,463.542680295568,465.8976812256152,468.31822942385764,469.90924203056096
mango_rmse,medium,2015-12-31,2017Q3,8,WAGE,466.14750926095286,466.0595432093501,0.0879660516027343,461.9563157963266,463.577767310589,466.14835112188825,468.7496420983947,470.3945823931995
mango_rmse,medium,2016-03-31,2016Q1,1,CONS,934.2439522759835,940.0231374759705,-5.779185199987069,932.9956586098924,933.4896499551419,934.2256683778057,935.0254175529286,935.510263907317
mango_rmse,medium,2016-03-31,2016Q2,2,CONS,934.9088357343667,940.5300639389587,-5.621228204592057,933.0861465421053,933.8453714977629,934.917993627656,935.9827744476971,936.6977981501898
mango_rmse,medium,2016-03-31,2016Q3,3,CONS,935.6036433126957,941.1141949781957,-5.510551665499975,933.3622137847507,934.2401442228297,935.543599852459,936.9975489071101,937.9244539741396
mango_rmse,medium,2016-03-31,2016Q4,4,CONS,936.307830308136,941.597765893345,-5.289935585209037,933.606879538011,934.7110612646896,936.2779867954341,937.9528945350571,939.000794076368
mango_rmse,medium,2016-03-31,2017Q1,5,CONS,937.0121196194583,942.3021947169104,-5.290075097452132,934.0342800226852,935.1097107420832,937.0027078018514,938.9090726579416,940.0466594643921
mango_rmse,medium,2016-03-31,2017Q2,6,CONS,937.6933034893797,942.7015608775955,-5.0082573882158385,934.2351618318189,935.6258499873879,937.7211680388649,939.7216604185941,941.1752172553747
mango_rmse,medium,2016-03-31,2017Q3,7,CONS,938.3813193203439,943.2961066624665,-4.914787342122622,934.4898303799878,936.0850788920981,938.3921319668664,940.6321618500788,942.1125690404542
mango_rmse,medium,2016-03-31,2017Q4,8,CONS,939.0855386759323,944.3840666596335,-5.298527983701206,934.8553154023265,936.5453713739914,939.12186669419,941.5035068756416,943.0708950305774
mango_rmse,medium,2016-03-31,2016Q1,1,DEFL,470.60998183555785,465.29598498239403,5.313996853163815,470.17814699773055,470.3521695422583,470.6044990694075,470.876170497616,471.0450403856897
mango_rmse,medium,2016-03-31,2016Q2,2,DEFL,470.93210734355387,465.999922226677,4.932185116876894,470.1824621661294,470.48985263004835,470.9280023888729,471.4051935344255,471.6648095914274
mango_rmse,medium,2016-03-31,2016Q3,3,DEFL,471.2448028657923,466.27690583674894,4.967897029043343,470.13926428539196,470.5810542482865,471.22826923988714,471.9207231165411,472.3550919098277
mango_rmse,medium,2016-03-31,2016Q4,4,DEFL,471.56010224662924,466.8022911971153,4.7578110495139185,470.0598198374471,470.6399035312096,471.55901752256193,472.47600772766134,473.0517720478088
mango_rmse,medium,2016-03-31,2017Q1,5,DEFL,471.8806301914411,467.31839116014726,4.5622390312938705,469.9450288840204,470.69386866387043,471.8764026307998,473.0765588708589,473.82972918657805
mango_rmse,medium,2016-03-31,2017Q2,6,DEFL,472.220635656774,467.62901269911987,4.591622957654124,469.7639616758078,470.7742504728261,472.24791717636714,473.6930188045685,474.6334427125174
mango_rmse,medium,2016-03-31,2017Q3,7,DEFL,472.5586740772476,468.12975463756425,4.428919439683341,469.64795806502656,470.8112379568635,472.5997657643552,474.2940461562013,475.46564119719545
mango_rmse,medium,2016-03-31,2017Q4,8,DEFL,472.9094020130837,468.81593179181164,4.093470221272071,469.5573349533549,470.8172344352006,472.92557691548393,474.98254594911225,476.2790943569643
mango_rmse,medium,2016-03-31,2016Q1,1,FFR,0.2853452521658089,0.36000000000000004,-0.07465474783419113,-1.1210072281478836,-0.5714758822078007,0.3069494578828118,1.1405500909355277,1.6284635296695553
mango_rmse,medium,2016-03-31,2016Q2,2,FFR,0.3280826186428562,0.37333333333333335,-0.045250714690477145,-1.5897759698839855,-0.8710886324575249,0.31749429468215706,1.5170940749429402,2.3165613025075005
mango_rmse,medium,2016-03-31,2016Q3,3,FFR,0.4291821965066555,0.39666666666666667,0.032515529839988844,-2.0133875617008945,-1.0544393528600762,0.40382849556533895,1.9078909571364389,2.9106306390163064
mango_rmse,medium,2016-03-31,2016Q4,4,FFR,0.5333767743894527,0.45,0.08337677438945273,-2.3831544966525797,-1.1561177822721838,0.5139981557997757,2.2356080960496083,3.378937889571671
mango_rmse,medium,2016-03-31,2017Q1,5,FFR,0.6206597861848892,0.7000000000000001,-0.07934021381511092,-2.596907249285226,-1.3371639639811235,0.6334303643346799,2.609193784928286,3.948705844445712
mango_rmse,medium,2016-03-31,2017Q2,6,FFR,0.7001683489584406,0.9500000000000001,-0.24983165104155947,-2.8283344116625453,-1.3677033101549294,0.6907413853586062,2.822216139514934,4.157024264752112
mango_rmse,medium,2016-03-31,2017Q3,7,FFR,0.7985149117066928,1.1533333333333333,-0.35481842162664057,-3.088613560435918,-1.4024206707814229,0.778404231441332,3.099816763638692,4.4244859230468885
mango_rmse,medium,2016-03-31,2017Q4,8,FFR,0.9149225180597123,1.2033333333333334,-0.2884108152736211,-3.1529718748740323,-1.46067515538577,0.9198993759787697,3.366146467877482,4.835539663485161
mango_rmse,medium,2016-03-31,2016Q1,1,GDP,971.628928552408,977.3690037449436,-5.740075192535642,970.2064868242725,970.7353874342376,971.6190283715182,972.5093951138297,973.0930969713064
mango_rmse,medium,2016-03-31,2016Q2,2,GDP,972.2488415278108,977.6709362762499,-5.422094748439122,970.1817005109633,970.9784688703313,972.2742265700856,973.5011287309512,974.3345576912412
mango_rmse,medium,2016-03-31,2016Q3,3,GDP,972.8975404391484,978.270252164766,-5.372711725617592,970.3124964923312,971.2235603229528,972.9333108628355,974.4749731227832,975.523149805091
mango_rmse,medium,2016-03-31,2016Q4,4,GDP,973.5642421627246,978.7659105426385,-5.20166837991394,970.5890832424777,971.6978003790624,973.5579011907625,975.3773554600916,976.669486101673
mango_rmse,medium,2016-03-31,2017Q1,5,GDP,974.2435795289776,979.1946532403157,-4.95107371133804,970.9404863349706,972.0406647657575,974.2314018633745,976.2962502232225,977.7344362509309
mango_rmse,medium,2016-03-31,2017Q2,6,GDP,974.9026105177346,979.6971814310028,-4.794570913268217,971.1486953565473,972.5038888977086,974.8965516103353,977.2661800741733,978.7822065966124
mango_rmse,medium,2016-03-31,2017Q3,7,GDP,975.5544895519217,980.5212652288033,-4.966775676881525,971.2964625760645,973.0138896564416,975.570716598466,978.1607641181204,979.6395665247387
mango_rmse,medium,2016-03-31,2017Q4,8,GDP,976.2427413508863,981.5219022023681,-5.279160851481834,971.6040605692091,973.4437909309323,976.2321761671483,978.9984736749233,980.588964855724
mango_rmse,medium,2016-03-31,2016Q1,1,HOURS,471.5980897462239,467.58522965736216,4.012860088861714,470.25194054990095,470.7609794803436,471.5849667931105,472.42898890589476,472.9793082580532
mango_rmse,medium,2016-03-31,2016Q2,2,HOURS,471.90735146202974,467.88666449104284,4.020686970986901,469.8533507783894,470.6138995061368,471.87008234568077,473.1761868965026,473.9974917131744
mango_rmse,medium,2016-03-31,2016Q3,3,HOURS,472.2518637776359,468.1371679481668,4.114695829469099,469.6678395459633,470.62184486755405,472.2348593128378,473.8461088189492,474.92420752533627
mango_rmse,medium,2016-03-31,2016Q4,4,HOURS,472.6013407835514,468.2260848352655,4.375255948285883,469.42510028082484,470.65534770489523,472.61343503987166,474.51244095153885,475.77600652785503
mango_rmse,medium,2016-03-31,2017Q1,5,HOURS,472.9569317132007,468.5883438027266,4.368587910474048,469.382914939945,470.7286380487866,472.92466680134225,475.14477734850533,476.6480956107067
mango_rmse,medium,2016-03-31,2017Q2,6,HOURS,473.3023621943279,469.2906300292178,4.011732165110061,469.1828612384464,470.8368336666647,473.2886498142153,475.64379807705626,477.4378822136457
mango_rmse,medium,2016-03-31,2017Q3,7,HOURS,473.65720916735523,469.390424497534,4.26678466982122,469.1276418234066,471.0024901669145,473.6466544527372,476.2889290784533,478.07285965934165
mango_rmse,medium,2016-03-31,2017Q4,8,HOURS,474.0361289376425,470.1815837289622,3.8545452086802925,469.0069445364489,471.1879602382209,474.1262294511276,476.8541814935095,478.75658582991
mango_rmse,medium,2016-03-31,2016Q1,1,INV,797.0660495694194,803.2505963859908,-6.1845468165713555,789.5618807561902,792.4729416850776,797.1258292056547,801.6334115945073,804.6978019197921
mango_rmse,medium,2016-03-31,2016Q2,2,INV,798.4223089928794,802.7258817867689,-4.303572793889543,787.4166534517124,791.6366552154457,798.4926235642413,804.8723927001625,809.3920841064376
mango_rmse,medium,2016-03-31,2016Q3,3,INV,799.728429553529,802.9204149938417,-3.191985440312692,785.9995795827443,791.3349551429853,799.6097022725364,807.8510205505467,813.3580570797491
mango_rmse,medium,2016-03-31,2016Q4,4,INV,800.9439420554576,805.4387911774725,-4.494849122014898,785.0564058881079,791.1835497394171,800.9974339530694,810.5994977110583,817.0198906113083
mango_rmse,medium,2016-03-31,2017Q1,5,INV,802.3594082850527,804.9400556120976,-2.5806473270448578,784.4430775923048,791.5276309997299,802.277433845996,813.4756069363838,820.489364746276
mango_rmse,medium,2016-03-31,2017Q2,6,INV,803.5884006025282,806.708034244384,-3.119633641855785,784.2358514138322,792.1042103591692,803.4312297546068,815.9516087147507,823.6926315169279
mango_rmse,medium,2016-03-31,2017Q3,7,INV,804.8214853693075,808.6664089264145,-3.844923557106995,783.0821527253402,792.0282708434768,804.8581665081152,818.2566461518109,826.3092648778899
mango_rmse,medium,2016-03-31,2017Q4,8,INV,806.2143014798955,809.9688193847114,-3.7545179048158843,784.3747130121584,792.3874740660902,805.9260534271898,819.8088627924767,829.3403333348344
mango_rmse,medium,2016-03-31,2016Q1,1,WAGE,464.5455985021926,464.4112014102709,0.13439709192169857,463.1697807105593,463.74355860302086,464.5122875852277,465.37744389922443,465.98538036304484
mango_rmse,medium,2016-03-31,2016Q2,2,WAGE,464.78356872227266,463.97648307525907,0.8070856470135936,462.75254042768165,463.6096878955796,464.80563667228887,465.96267378870857,466.70885606295707
mango_rmse,medium,2016-03-31,2016Q3,3,WAGE,465.0118903046115,464.00739019959724,1.0045001050142446,462.5117333784065,463.54677680391467,465.0286926720337,466.437359779888,467.3842474621943
mango_rmse,medium,2016-03-31,2016Q4,4,WAGE,465.2254573145085,464.46312548690054,0.7623318276079658,462.4643545821245,463.5198977985778,465.2417934499047,466.89751912542056,468.0168589774166
mango_rmse,medium,2016-03-31,2017Q1,5,WAGE,465.4648355875299,464.76739655148157,0.6974390360483085,462.2590451196244,463.55933555071255,465.4743953472205,467.33042733611813,468.6355036522194
mango_rmse,medium,2016-03-31,2017Q2,6,WAGE,465.684767180406,465.25402947368775,0.4307377067182756,462.0218814491331,463.5765582900352,465.6473980505203,467.8519322430922,469.3047327333713
mango_rmse,medium,2016-03-31,2017Q3,7,WAGE,465.9208958170331,466.0595432093501,-0.1386473923170115,462.0449527755758,463.5571272744854,465.9207233750763,468.2491674051025,469.8493122089378
mango_rmse,medium,2016-03-31,2017Q4,8,WAGE,466.1663260797244,466.58700990877134,-0.42068382904693635,461.91990039372155,463.59957280934856,466.15258817803976,468.69231543202227,470.4526499895181
mango_rmse,medium,2016-06-30,2016Q2,1,CONS,934.5691465473813,940.5300639389587,-5.960917391577482,933.3344802830854,933.8118866448654,934.5695055124228,935.3297889984118,935.8196446318352
mango_rmse,medium,2016-06-30,2016Q3,2,CONS,935.2337914292173,941.1141949781957,-5.880403548978393,933.4747130685013,934.1075253720478,935.1890961533074,936.3472322866583,937.1142021984235
mango_rmse,medium,2016-06-30,2016Q4,3,CONS,935.9634584291277,941.597765893345,-5.634307464217272,933.6647678116856,934.5806059768231,935.9658526098639,937.3613734113646,938.3130424377811
mango_rmse,medium,2016-06-30,2017Q1,4,CONS,936.649422631878,942.3021947169104,-5.6527720850324386,933.9591330747409,934.9940284066369,936.6361112234507,938.3094496692579,939.429878725645
mango_rmse,medium,2016-06-30,2017Q2,5,CONS,937.325052986268,942.7015608775955,-5.376507891327492,934.2101973653573,935.4115743082725,937.3235972673476,939.2380446080558,940.5203558397841
mango_rmse,medium,2016-06-30,2017Q3,6,CONS,938.0201282852896,943.2961066624665,-5.275978377176898,934.6694295165443,935.9182235952334,937.9418742202773,940.1072144291805,941.5116818441795
mango_rmse,medium,2016-06-30,2017Q4,7,CONS,938.7115519993538,944.3840666596335,-5.672514660279717,935.0194632881706,936.4253399868569,938.666681945316,941.0974697977931,942.4470276449263
mango_rmse,medium,2016-06-30,2018Q1,8,CONS,939.3664874782885,945.0392641778635,-5.672776699575024,935.3482133344224,936.8992973248653,939.3130217075109,941.9173944154826,943.4522521580154
mango_rmse,medium,2016-06-30,2016Q2,1,DEFL,470.6368465358829,465.999922226677,4.636924309205938,470.19104940602546,470.3674327418979,470.63317828199774,470.89977496077455,471.09050326336416
mango_rmse,medium,2016-06-30,2016Q3,2,DEFL,470.8632150788699,466.27690583674894,4.58630924212099,470.10530627444325,470.41039898349567,470.85434065846596,471.33043301069864,471.64142758071335
mango_rmse,medium,2016-06-30,2016Q4,3,DEFL,471.10288962830424,466.8022911971153,4.3005984311889165,469.9837587978957,470.426663494822,471.10740216782654,471.7701390628058,472.22669406943913
mango_rmse,medium,2016-06-30,2017Q1,4,DEFL,471.3520637796868,467.31839116014726,4.033672619539516,469.84041205747826,470.45091671398853,471.36773454342676,472.2477874982122,472.86805517862814
mango_rmse,medium,2016-06-30,2017Q2,5,DEFL,471.61674042788394,467.62901269911987,3.987727728764071,469.6033977595535,470.42626010553556,471.6061208044689,472.7756910720329,473.6233955167295
mango_rmse,medium,2016-06-30,2017Q3,6,DEFL,471.8936561668096,468.12975463756425,3.763901529245345,469.41349375649514,470.4057554803073,471.8942535537491,473.33251713155636,474.3192709907731
mango_rmse,medium,2016-06-30,2017Q4,7,DEFL,472.1877072433947,468.81593179181164,3.371775451583062,469.2066981912916,470.4491946915894,472.21255515734833,473.90433671619024,475.0923465843999
mango_rmse,medium,2016-06-30,2018Q1,8,DEFL,472.490665232568,469.4279361059867,3.062729126581303,468.98709308117543,470.39923482250754,472.55653968578054,474.5546753132357,475.907237579016
mango_rmse,medium,2016-06-30,2016Q2,1,FFR,0.3546426891666128,0.37333333333333335,-0.01869064416672056,-1.1031766379869878,-0.520727400603705,0.37800893065373253,1.230105938902074,1.7896089861562041
mango_rmse,medium,2016-06-30,2016Q3,2,FFR,0.4075000456466978,0.39666666666666667,0.010833378980031116,-1.6332092039353177,-0.8381046012405158,0.4229291218367671,1.6398436566020045,2.3773474175985885
mango_rmse,medium,2016-06-30,2016Q4,3,FFR,0.5195412640257874,0.45,0.06954126402578736,-1.9686494405278265,-0.9471712438953216,0.5370967225257564,2.0169304114868236,2.9912861080053
mango_rmse,medium,2016-06-30,2017Q1,4,FFR,0.6208518690167865,0.7000000000000001,-0.0791481309832136,-2.258967468660685,-1.142776055782711,0.6270158121332896,2.3175770502992052,3.371106900493077
mango_rmse,medium,2016-06-30,2017Q2,5,FFR,0.6999825600759745,0.9500000000000001,-0.2500174399240256,-2.592906324436977,-1.254273007963599,0.7566500101196554,2.6289790285415706,3.7306456239179506
mango_rmse,medium,2016-06-30,2017Q3,6,FFR,0.7807936831871645,1.1533333333333333,-0.37253965014616885,-2.796591006084837,-1.303294018026384,0.8185216617100342,2.7991935909030135,4.243126195771394
mango_rmse,medium,2016-06-30,2017Q4,7,FFR,0.8410502025383099,1.2033333333333334,-0.3622831307950235,-2.9332058625084256,-1.4210116448214576,0.854051217829238,3.0876150464488537,4.6081660833362825
mango_rmse,medium,2016-06-30,2018Q1,8,FFR,0.904485854478578,1.4466666666666665,-0.5421808121880886,-3.1629197479066034,-1.5041200415090488,0.8914349440083655,3.2396949858394968,4.9919021396258625
mango_rmse,medium,2016-06-30,2016Q2,1,GDP,971.8238183660144,977.6709362762499,-5.847117910235511,970.3771100871437,970.9651124407804,971.8074857919559,972.6905394205373,973.3201359845311
mango_rmse,medium,2016-06-30,2016Q3,2,GDP,972.4535482376842,978.270252164766,-5.8167039270817895,970.3576144037168,971.1439290638646,972.4375928351503,973.7917337827344,974.6390335376194
mango_rmse,medium,2016-06-30,2016Q4,3,GDP,973.1760067977713,978.7659105426385,-5.589903744867229,970.5278270381805,971.56538788442,973.180496189779,974.8070599262422,975.7862271821043
mango_rmse,medium,2016-06-30,2017Q1,4,GDP,973.8614506713574,979.1946532403157,-5.333202568958313,970.7345225178193,971.9773968169466,973.8724365328932,975.6743136545319,976.8829963768839
mango_rmse,medium,2016-06-30,2017Q2,5,GDP,974.5133241660806,979.6971814310028,-5.183857264922267,970.8601349232931,972.4081797349439,974.5027053083386,976.6465247083972,977.9256721333912
mango_rmse,medium,2016-06-30,2017Q3,6,GDP,975.1744673234009,980.5212652288033,-5.3467979054023544,971.3205043143067,972.8270022999503,975.1940385966841,977.492047678648,978.8636438169304
mango_rmse,medium,2016-06-30,2017Q4,7,GDP,975.8285765176395,981.5219022023681,-5.69332568472862,971.491954354078,973.334382948829,975.8186377266031,978.3628235023189,980.0216990197106
mango_rmse,medium,2016-06-30,2018Q1,8,GDP,976.4590726530284,982.2121682369062,-5.75309558387778,971.8517941776714,973.7711168399778,976.4420527003117,979.3303027035423,980.9970758975361
mango_rmse,medium,2016-06-30,2016Q2,1,HOURS,471.94098691860796,467.88666449104284,4.0543224275651255,470.54561183284875,471.07590750309527,471.9251394763281,472.78617202880133,473.38724025965706
mango_rmse,medium,2016-06-30,2016Q3,2,HOURS,472.2591456143154,468.1371679481668,4.121977666148609,470.16191327179996,471.0501669914634,472.2367207301689,473.4690763674844,474.3594542224195
mango_rmse,medium,2016-06-30,2016Q4,3,HOURS,472.66246391010657,468.2260848352655,4.4363790748410565,470.0596148367483,471.0972960456858,472.6922510804633,474.2422785137762,475.21075677769636
mango_rmse,medium,2016-06-30,2017Q1,4,HOURS,473.02043549727887,468.5883438027266,4.432091694552241,469.9116983276791,471.15508664042164,473.05692628812056,474.83918716082667,476.1028218469795
mango_rmse,medium,2016-06-30,2017Q2,5,HOURS,473.3646752840183,469.2906300292178,4.074045254800467,469.6972048609597,471.2615637482093,473.40035557083854,475.52986654539956,476.90187530017124
mango_rmse,medium,2016-06-30,2017Q3,6,HOURS,473.7049494193639,469.390424497534,4.3145249218299,469.6721121117861,471.2946601609471,473.7031797772014,476.1888516306747,477.62610211086366
mango_rmse,medium,2016-06-30,2017Q4,7,HOURS,474.0361721423369,470.1815837289622,3.8545884133746995,469.5586644435443,471.42246579352536,474.09424437368114,476.6356803754139,478.40821067321025
mango_rmse,medium,2016-06-30,2018Q1,8,HOURS,474.3474699526641,470.6607014041582,3.6867685485058814,469.4401625394621,471.55204187363785,474.3185143337148,477.2501038927905,479.1808868705881
mango_rmse,medium,2016-06-30,2016Q2,1,INV,796.5739503176081,802.7258817867689,-6.151931469160786,788.8497263890018,791.7312283583627,796.5588357533053,801.2768713649459,804.7298667214365
mango_rmse,medium,2016-06-30,2016Q3,2,INV,797.6826805083326,802.9204149938417,-5.237734485509122,786.5933097822615,790.7102330973919,797.5309326159776,804.5089894006273,809.4679684330804
mango_rmse,medium,2016-06-30,2016Q4,3,INV,799.0903319442698,805.4387911774725,-6.348459233202675,785.3209946890839,790.5689369685626,799.1365265150766,807.5388985098722,813.192487039956
mango_rmse,medium,2016-06-30,2017Q1,4,INV,800.4357560164395,804.9400556120976,-4.50429959565804,784.728042573706,790.90305147106,800.3896417080787,809.9258445952727,816.7445670718273
mango_rmse,medium,2016-06-30,2017Q2,5,INV,801.6232377390386,806.708034244384,-5.084796505345366,784.3680787631101,790.9677104422906,801.4797582988183,812.3230693276669,819.8069223708375
mango_rmse,medium,2016-06-30,2017Q3,6,INV,802.7100551168578,808.6664089264145,-5.956353809556731,782.9615436286616,791.1163929053674,802.9166251624285,814.3796441930065,822.3737611154451
mango_rmse,medium,2016-06-30,2017Q4,7,INV,803.834961540981,809.9688193847114,-6.133857843730425,781.9411055443423,791.484683135939,803.7765126269164,816.7067661408714,825.2611530787589
mango_rmse,medium,2016-06-30,2018Q1,8,INV,804.865006775915,811.4589186446241,-6.593911868709029,782.2762688995107,791.0958323679228,805.0913088750463,818.4930132197879,827.181733564726
mango_rmse,medium,2016-06-30,2016Q2,1,WAGE,466.2171198800179,463.97648307525907,2.2406368047588217,464.8809598353968,465.39617960517825,466.2161943214348,467.008859751998,467.584266302964
mango_rmse,medium,2016-06-30,2016Q3,2,WAGE,466.49640736184796,464.00739019959724,2.4890171622507182,464.4528776181045,465.297348949584,466.5134868834248,467.6844292233968,468.45495390338607
mango_rmse,medium,2016-06-30,2016Q4,3,WAGE,466.7703227667441,464.46312548690054,2.3071972798435354,464.35541604273686,465.3442985625198,466.7619744550749,468.2491410710064,469.1258797251497
mango_rmse,medium,2016-06-30,2017Q1,4,WAGE,467.0864482281736,464.76739655148157,2.319051676692027,464.2972469135244,465.39701548391844,467.0639031353072,468.7930103293656,469.84332596538974
mango_rmse,medium,2016-06-30,2017Q2,5,WAGE,467.3654320335067,465.25402947368775,2.1114025598189414,464.13731576738803,465.42331945156656,467.34494884649826,469.3400692672936,470.5385759590475
mango_rmse,medium,2016-06-30,2017Q3,6,WAGE,467.63427011873085,466.0595432093501,1.574726909380729,464.09052826333954,465.5253072430558,467.60065942753226,469.834499017671,471.16908324629287
mango_rmse,medium,2016-06-30,2017Q4,7,WAGE,467.90326988802724,466.58700990877134,1.3162599792559035,463.9087292095305,465.60623354947336,467.9126805433137,470.32357635520884,471.7404623264946
mango_rmse,medium,2016-06-30,2018Q1,8,WAGE,468.1796441955102,466.4872029234135,1.692441272096687,463.9301957582523,465.5556166775341,468.2132717558384,470.7516640037269,472.4441041601131
mango_rmse,medium,2016-09-30,2016Q3,1,CONS,935.5633556673351,941.1141949781957,-5.5508393108605105,934.3430302656021,934.8201977785884,935.5630419646307,936.3025662529216,936.8246286433446
mango_rmse,medium,2016-09-30,2016Q4,2,CONS,936.206030881291,941.597765893345,-5.391735012054028,934.3890064900437,935.1298988777971,936.1980591991246,937.3032843823391,938.016463341888
mango_rmse,medium,2016-09-30,2017Q1,3,CONS,936.848771446209,942.3021947169104,-5.453423270701478,934.4070351504345,935.4720577286095,936.8426412419599,938.2586635704566,939.1559371401192
mango_rmse,medium,2016-09-30,2017Q2,4,CONS,937.5008122633916,942.7015608775955,-5.200748614203917,934.7440212090887,935.8315492352395,937.5412358129706,939.1349123588878,940.1354857387522
mango_rmse,medium,2016-09-30,2017Q3,5,CONS,938.1472657450088,943.2961066624665,-5.148840917457733,934.9830513342392,936.2381053385672,938.1910976125387,940.0248915120259,941.1722213410251
mango_rmse,medium,2016-09-30,2017Q4,6,CONS,938.8033742730031,944.3840666596335,-5.580692386630403,935.3865746902615,936.7210684276498,938.7893174108917,940.9049233317742,942.2459137648323
mango_rmse,medium,2016-09-30,2018Q1,7,CONS,939.4466264751222,945.0392641778635,-5.5926377027412855,935.6586605261457,937.1210693832726,939.4520107352691,941.7737525790352,943.180184712191
mango_rmse,medium,2016-09-30,2018Q2,8,CONS,940.103083636353,945.7638557049759,-5.660772068622919,935.9936172146597,937.6456168248925,940.1113190008246,942.6033349992713,943.9813608206425
mango_rmse,medium,2016-09-30,2016Q3,1,DEFL,471.5484106484708,466.27690583674894,5.271504811721854,471.12392857110297,471.28791809744274,471.54653039570394,471.8065046190041,471.99365046971826
mango_rmse,medium,2016-09-30,2016Q4,2,DEFL,471.9276894717446,466.8022911971153,5.125398274629276,471.174995515494,471.4805211434498,471.9169575855101,472.39247456738195,472.6991718975301
mango_rmse,medium,2016-09-30,2017Q1,3,DEFL,472.32260274471594,467.31839116014726,5.004211584568679,471.18902521652086,471.6407269725808,472.310602415253,473.0165936593651,473.4426012202598
mango_rmse,medium,2016-09-30,2017Q2,4,DEFL,472.7403475992899,467.62901269911987,5.11133490017005,471.2012346606155,471.8121775909417,472.73733617799473,473.70731468945996,474.2714210348676
mango_rmse,medium,2016-09-30,2017Q3,5,DEFL,473.14773140719814,468.12975463756425,5.01797676963389,471.1353849776787,471.97843997550444,473.1567259057042,474.3243155674491,475.15905690648265
mango_rmse,medium,2016-09-30,2017Q4,6,DEFL,473.57419619455123,468.81593179181164,4.758264402739599,471.0646933092621,472.0829422121792,473.5925400849696,475.06117192632036,476.03122661971514
mango_rmse,medium,2016-09-30,2018Q1,7,DEFL,474.00920429124403,469.4279361059867,4.581268185257329,471.03100708056985,472.203520577639,474.01311509739236,475.8219538258703,477.0228495499356
mango_rmse,medium,2016-09-30,2018Q2,8,DEFL,474.45573112080746,470.2823074052711,4.17342371553633,470.98641929674255,472.3169623543452,474.482520415387,476.5263499372078,478.0118768081399
mango_rmse,medium,2016-09-30,2016Q3,1,FFR,0.5672298529101392,0.39666666666666667,0.1705631862434725,-0.7762354797235846,-0.2846911144682705,0.5526953745855401,1.3936406377272805,1.9496870197619804
mango_rmse,medium,2016-09-30,2016Q4,2,FFR,0.7090416717087509,0.45,0.25904167170875086,-1.2187351188009383,-0.4692007811736591,0.712839610041334,1.873784134165701,2.661435305799401
mango_rmse,medium,2016-09-30,2017Q1,3,FFR,0.8462061403445715,0.7000000000000001,0.14620614034457147,-1.525809263385733,-0.6257404177363063,0.8155250897400859,2.2918453017514877,3.294255317853996
mango_rmse,medium,2016-09-30,2017Q2,4,FFR,0.9181682671226089,0.9500000000000001,-0.03183173287739116,-1.9049818106355316,-0.7943113532661428,0.9211313082475121,2.6533131995546557,3.7478697750599537
mango_rmse,medium,2016-09-30,2017Q3,5,FFR,1.0178103929801379,1.1533333333333333,-0.13552294035319545,-2.17328558405155,-0.8894817180730891,1.0736140972964574,2.9356633270792147,4.22890064209697
mango_rmse,medium,2016-09-30,2017Q4,6,FFR,1.1387419199139692,1.2033333333333334,-0.06459141341936414,-2.5125218684998365,-0.9284620093022411,1.2101794416294824,3.298970628530718,4.563803770861466
mango_rmse,medium,2016-09-30,2018Q1,7,FFR,1.2471449261056546,1.4466666666666665,-0.1995217405610119,-2.613177769647938,-1.048535559487485,1.2699589926084247,3.543529370239394,4.969023607424726
mango_rmse,medium,2016-09-30,2018Q2,8,FFR,1.334854421835933,1.7366666666666666,-0.4018122448307335,-2.8179343633926783,-1.140337717967236,1.3893804984772453,3.845676398146939,5.3642522578562035
mango_rmse,medium,2016-09-30,2016Q3,1,GDP,972.2999125428071,978.270252164766,-5.970339621958942,970.9868213726768,971.4663443907826,972.2621985624902,973.1697949640953,973.7185608154331
mango_rmse,medium,2016-09-30,2016Q4,2,GDP,972.9478338371529,978.7659105426385,-5.818076705485623,970.96341230121,971.7287576339891,972.9173298117349,974.1903630403455,975.0251004012921
mango_rmse,medium,2016-09-30,2017Q1,3,GDP,973.5860924639111,979.1946532403157,-5.608560776404602,971.000553015289,972.0315752508013,973.5923605671705,975.1288660307498,976.1818295813633
mango_rmse,medium,2016-09-30,2017Q2,4,GDP,974.1711774206805,979.6971814310028,-5.526004010322367,971.2240215457105,972.3235670357597,974.1672053147133,976.0067072645494,977.1838556831866
mango_rmse,medium,2016-09-30,2017Q3,5,GDP,974.7791385465981,980.5212652288033,-5.742126682205139,971.2034677209394,972.6571338288873,974.8302906330819,976.8714741555463,978.2003180719065
mango_rmse,medium,2016-09-30,2017Q4,6,GDP,975.4132683627558,981.5219022023681,-6.108633839612253,971.49934041408,973.1375401449914,975.3870945150277,977.7269850181453,979.3458830277632
mango_rmse,medium,2016-09-30,2018Q1,7,GDP,976.0220047680812,982.2121682369062,-6.190163468825062,971.7234366028114,973.4149774203958,976.040237773466,978.661587602819,980.3454140678806
mango_rmse,medium,2016-09-30,2018Q2,8,GDP,976.6607996979693,982.9070909671581,-6.2462912691887595,971.9213972909469,973.8408390633707,976.6925453246939,979.4265598702835,981.3824150599908
mango_rmse,medium,2016-09-30,2016Q3,1,HOURS,472.4627323467035,468.1371679481668,4.325564398536699,471.06536173877817,471.634827815676,472.4771022024706,473.304063440451,473.87872792543567
mango_rmse,medium,2016-09-30,2016Q4,2,HOURS,472.7814943571671,468.2260848352655,4.555409521901595,470.583344000695,471.55770870158716,472.78249339319484,474.02536440642535,474.83396676670327
mango_rmse,medium,2016-09-30,2017Q1,3,HOURS,473.11971087002354,468.5883438027266,4.531367067296912,470.4167724690025,471.49435894310335,473.13055723417665,474.68226393505404,475.7757776328374
mango_rmse,medium,2016-09-30,2017Q2,4,HOURS,473.42140558231773,469.2906300292178,4.130775553099909,470.2632612177633,471.5588755996416,473.42192634477533,475.3169895769375,476.6123538321026
mango_rmse,medium,2016-09-30,2017Q3,5,HOURS,473.7504184883601,469.390424497534,4.359993990826069,469.9457648222188,471.5352360882456,473.782353508352,475.9168504856126,477.3726979962357
mango_rmse,medium,2016-09-30,2017Q4,6,HOURS,474.07256699753003,470.1815837289622,3.8909832685678225,469.8244018544127,471.62465396628284,474.1089935754748,476.56130028914976,478.15946555517627
mango_rmse,medium,2016-09-30,2018Q1,7,HOURS,474.42495581445996,470.6607014041582,3.76425441030176,469.7481881855343,471.760380754695,474.4239095783073,477.1579235934078,478.82838760277406
mango_rmse,medium,2016-09-30,2018Q2,8,HOURS,474.7494795179704,471.1204474609927,3.629032056977735,469.7215628024118,471.7961740977058,474.74957101266864,477.64649733248166,479.5113183230934
mango_rmse,medium,2016-09-30,2016Q3,1,INV,794.6139828789684,802.9204149938417,-8.30643211487336,786.9501224468825,789.9915978511242,794.5185869013374,799.3903982851082,802.5033104194858
mango_rmse,medium,2016-09-30,2016Q4,2,INV,795.6891188936212,805.4387911774725,-9.749672283851282,784.8511348103235,789.1017418630529,795.5813826792231,802.6603228065501,806.949239681305
mango_rmse,medium,2016-09-30,2017Q1,3,INV,796.8279776678858,804.9400556120976,-8.11207794421182,782.8647723937067,788.3666607689448,796.5833846428013,805.3611015055701,810.6869965488585
mango_rmse,medium,2016-09-30,2017Q2,4,INV,797.9092169793305,806.708034244384,-8.798817265053458,781.4749203152329,788.4238621724119,797.8127860888596,807.9905387809482,813.7904529428359
mango_rmse,medium,2016-09-30,2017Q3,5,INV,798.9979622848873,808.6664089264145,-9.668446641527225,780.5456507105114,788.1564689583844,798.9453317201226,810.0851130550504,817.1063513365493
mango_rmse,medium,2016-09-30,2017Q4,6,INV,800.0743465392042,809.9688193847114,-9.894472845507266,779.9811444846132,787.2803775135125,800.4031504342652,812.184715814519,820.5835714618468
mango_rmse,medium,2016-09-30,2018Q1,7,INV,801.1039802869687,811.4589186446241,-10.354938357655328,779.1812986150499,787.3312662991618,801.148554727688,814.538531391374,822.9708000198254
mango_rmse,medium,2016-09-30,2018Q2,8,INV,802.321319741079,811.643110673574,-9.321790932494991,778.9550239721162,787.6973692691379,802.1444764726348,816.5512714979214,825.273389342109
mango_rmse,medium,2016-09-30,2016Q3,1,WAGE,465.1592833407073,464.00739019959724,1.1518931411100652,463.8094778225596,464.31679796656357,465.14883596715543,465.99677266208727,466.56055119336435
mango_rmse,medium,2016-09-30,2016Q4,2,WAGE,465.31857989830064,464.46312548690054,0.8554544114001033,463.34771767811384,464.1170866945783,465.31268439267126,466.5737681367792,467.32869843058
mango_rmse,medium,2016-09-30,2017Q1,3,WAGE,465.4980851492583,464.76739655148157,0.7306885977767479,463.01693284302814,464.00305022021433,465.4749201271877,467.03121595839656,468.0360481507765
mango_rmse,medium,2016-09-30,2017Q2,4,WAGE,465.7247435003499,465.25402947368775,0.470714026662165,462.74980307194807,463.9967422938013,465.7584571536258,467.41845562801643,468.6743174154679
mango_rmse,medium,2016-09-30,2017Q3,5,WAGE,465.92398896121097,466.0595432093501,-0.13555424813915806,462.6875907080384,463.97129364154364,465.93661737387725,467.91404103019545,469.22508610114755
mango_rmse,medium,2016-09-30,2017Q4,6,WAGE,466.1336032590397,466.58700990877134,-0.4534066497316189,462.51098309084796,463.92625125727153,466.12433568987683,468.37655549849495,469.88057841150015
mango_rmse,medium,2016-09-30,2018Q1,7,WAGE,466.29079440219726,466.4872029234135,-0.19640852121625585,462.136856301034,463.95484596357574,466.3184901653388,468.7146604748928,470.41448210217834
mango_rmse,medium,2016-09-30,2018Q2,8,WAGE,466.4572891096056,466.30050376590424,0.15678534370135822,462.0975499765447,463.9675638651367,466.43472288824637,468.9674914352606,470.8738462766855
mango_rmse,medium,2016-12-31,2016Q4,1,CONS,936.3121774279742,941.597765893345,-5.285588465370779,935.060726215934,935.5161009563238,936.325105720939,937.0983616050432,937.6021602018302
mango_rmse,medium,2016-12-31,2017Q1,2,CONS,936.9688522363556,942.3021947169104,-5.3333424805548475,935.0746748139669,935.7960996526884,937.0016313595756,938.1450336454898,938.8067964019082
mango_rmse,medium,2016-12-31,2017Q2,3,CONS,937.6524652371579,942.7015608775955,-5.049095640437599,935.3277935834344,936.2262780569276,937.6461697960449,939.034571223158,940.0111270402407
mango_rmse,medium,2016-12-31,2017Q3,4,CONS,938.3086416230254,943.2961066624665,-4.987465039441076,935.6387261041414,936.6918425817654,938.2899195752834,939.9928390737305,941.1319778394754
mango_rmse,medium,2016-12-31,2017Q4,5,CONS,938.9529705096279,944.3840666596335,-5.431096150005601,935.8911651858521,937.0942650430267,938.9243417017312,940.8377444887392,942.1455696570499
mango_rmse,medium,2016-12-31,2018Q1,6,CONS,939.6387790067895,945.0392641778635,-5.400485171074024,936.2565359979628,937.5689544358929,939.5850107238784,941.7156139542238,943.2486663278274
mango_rmse,medium,2016-12-31,2018Q2,7,CONS,940.3256063046271,945.7638557049759,-5.438249400348809,936.6346256810111,938.1006545936921,940.2493877637196,942.592997179963,944.173509656754
mango_rmse,medium,2016-12-31,2018Q3,8,CONS,941.0123303721381,946.3980072492748,-5.385676877136689,936.982656442813,938.5374248976659,940.9903460437862,943.3899325633886,945.1848480976569
mango_rmse,medium,2016-12-31,2016Q4,1,DEFL,471.905630633379,466.8022911971153,5.1033394362636955,471.46405433705473,471.6430896513373,471.9013439568857,472.1814532081353,472.3622235468399
mango_rmse,medium,2016-12-31,2017Q1,2,DEFL,472.2877932817421,467.31839116014726,4.96940212159484,471.51013823857653,471.82650789073944,472.28706474696185,472.7633849289351,473.048852994653
mango_rmse,medium,2016-12-31,2017Q2,3,DEFL,472.6778782978112,467.62901269911987,5.04886559869135,471.55128096679846,472.00460097328903,472.6768020880859,473.3397780584808,473.86741454764643
mango_rmse,medium,2016-12-31,2017Q3,4,DEFL,473.060970209326,468.12975463756425,4.931215571761754,471.49353371399474,472.16695810797376,473.02126113944587,473.98896329992834,474.6964756916944
mango_rmse,medium,2016-12-31,2017Q4,5,DEFL,473.4612231451306,468.81593179181164,4.645291353318953,471.47474505673875,472.28634848332706,473.46034284842017,474.67153137861766,475.49648888810674
mango_rmse,medium,2016-12-31,2018Q1,6,DEFL,473.8640607730026,469.4279361059867,4.436124667015918,471.3608039136552,472.37966166262663,473.84856644628724,475.30972294275165,476.4310098611212
mango_rmse,medium,2016-12-31,2018Q2,7,DEFL,474.2819440093843,470.2823074052711,3.9996366041131637,471.2781760737038,472.43371626472185,474.2602915928785,476.022868328026,477.3469481509143
mango_rmse,medium,2016-12-31,2018Q3,8,DEFL,474.6972613852491,470.6182260866492,4.079035298599877,471.16077455519974,472.56687979005903,474.701363006684,476.76544417208964,478.25869442562265
mango_rmse,medium,2016-12-31,2016Q4,1,FFR,0.5735381006835794,0.45,0.12353810068357934,-0.8031100553020715,-0.22516084022371682,0.5711038917610062,1.376278649235708,1.9634362464434134
mango_rmse,medium,2016-12-31,2017Q1,2,FFR,0.7153449870881234,0.7000000000000001,0.015344987088123374,-1.3286395856230258,-0.5205147113623639,0.6913938193808932,1.9463243006940685,2.8032573196118515
mango_rmse,medium,2016-12-31,2017Q2,3,FFR,0.8170299281789757,0.9500000000000001,-0.13297007182102438,-1.7772169052700464,-0.6292354579738209,0.8137187999471855,2.291825768015302,3.3538627503392076
mango_rmse,medium,2016-12-31,2017Q3,4,FFR,0.9338210853492175,1.1533333333333333,-0.21951224798411584,-2.0285657909722463,-0.8121636578599748,0.9619408153486124,2.6437009257513404,3.8100442104684835
mango_rmse,medium,2016-12-31,2017Q4,5,FFR,1.0427495879415645,1.2033333333333334,-0.1605837453917689,-2.244696471442244,-0.9219354581027106,1.0666504385729527,3.0218678139352724,4.340190108500826
mango_rmse,medium,2016-12-31,2018Q1,6,FFR,1.1335696980564023,1.4466666666666665,-0.31309696861026426,-2.488907879061206,-1.0177352740911283,1.1745684493219046,3.2987911168960578,4.69016421284889
mango_rmse,medium,2016-12-31,2018Q2,7,FFR,1.1863988812924686,1.7366666666666666,-0.550267785374198,-2.755297843715175,-1.0994849659590156,1.1674640894917503,3.538283201351222,5.125877926205218
mango_rmse,medium,2016-12-31,2018Q3,8,FFR,1.2513096187001753,1.9233333333333331,-0.6720237146331578,-2.7712728821980313,-1.2076801017626748,1.2746088269991231,3.659648168461784,5.475452735417932
mango_rmse,medium,2016-12-31,2016Q4,1,GDP,973.1529694945306,978.7659105426385,-5.612941048107928,971.712642825312,972.2614008620003,973.1692540985857,974.0118776701613,974.5567085375043
mango_rmse,medium,2016-12-31,2017Q1,2,GDP,973.7776375949325,979.1946532403157,-5.4170156453832305,971.6759085768741,972.4716179633853,973.8034736589551,975.0724761456565,975.8591361469324
mango_rmse,medium,2016-12-31,2017Q2,3,GDP,974.4288346774439,979.6971814310028,-5.268346753558944,971.7223410607016,972.832429403748,974.4638537230915,976.0064679370453,977.0675317242438
mango_rmse,medium,2016-12-31,2017Q3,4,GDP,975.0435889507683,980.5212652288033,-5.4776762780350055,971.9185433242429,973.1786338474873,975.0404600574564,976.9070449247588,978.1011932810327
mango_rmse,medium,2016-12-31,2017Q4,5,GDP,975.6599025872613,981.5219022023681,-5.861999615106811,972.272632547905,973.6365466057376,975.6934758667627,977.7748371229948,979.1211596802675
mango_rmse,medium,2016-12-31,2018Q1,6,GDP,976.3013924042112,982.2121682369062,-5.910775832694981,972.4525939900296,974.0199880904623,976.3561559889613,978.5168570609959,980.0727122607207
mango_rmse,medium,2016-12-31,2018Q2,7,GDP,976.924926261048,982.9070909671581,-5.9821647061100975,972.6590123697454,974.4315634672631,977.0225490983826,979.3313807858196,981.0278045227416
mango_rmse,medium,2016-12-31,2018Q3,8,GDP,977.5873764989585,983.6265326816047,-6.039156182646138,973.0477638773864,974.9077017627411,977.6340248257329,980.2727591784164,981.9413240753009
mango_rmse,medium,2016-12-31,2016Q4,1,HOURS,472.566246486188,468.2260848352655,4.340161650922482,471.1995741145316,471.77410541613966,472.5537321157712,473.3519541576176,473.9603346737052
mango_rmse,medium,2016-12-31,2017Q1,2,HOURS,472.88267338607415,468.5883438027266,4.294329583347519,470.72344251168283,471.65624515528805,472.8877360002773,474.1013878519862,475.0083095121304
mango_rmse,medium,2016-12-31,2017Q2,3,HOURS,473.24418343720885,469.2906300292178,3.9535534079910235,470.53906344988627,471.6703091507163,473.232986298513,474.813696114589,475.89844595133377
mango_rmse,medium,2016-12-31,2017Q3,4,HOURS,473.57020290596904,469.390424497534,4.179778408435027,470.4159899038523,471.63072523844323,473.58759366271823,475.4716492652268,476.7249551501538
mango_rmse,medium,2016-12-31,2017Q4,5,HOURS,473.9150445910147,470.1815837289622,3.733460862052482,470.3999257983399,471.6610668516289,473.9274462124397,476.1216848665057,477.5881175491854
mango_rmse,medium,2016-12-31,2018Q1,6,HOURS,474.2485291460574,470.6607014041582,3.5878277418992184,470.1431449704913,471.75623385175476,474.26867879931825,476.64036792172885,478.3500477149895
mango_rmse,medium,2016-12-31,2018Q2,7,HOURS,474.5866528814324,471.1204474609927,3.466205420439735,470.2390900694714,471.86030355226154,474.59017702096173,477.18955235674053,478.88536247826715
mango_rmse,medium,2016-12-31,2018Q3,8,HOURS,474.91778314688423,471.6165794644259,3.301203682458322,470.1616691391281,472.00224215138365,474.9352128307037,477.75761291079357,479.516204630446
mango_rmse,medium,2016-12-31,2016Q4,1,INV,795.1389068305826,805.4387911774725,-10.299884346889826,787.3241331180348,790.5240320417138,795.1099326548537,799.9980903253489,803.01897534236
mango_rmse,medium,2016-12-31,2017Q1,2,INV,796.3183205243176,804.9400556120976,-8.621735087779939,785.7231570735333,789.7242780180322,796.2040942912809,802.8199449594132,807.1663908368877
mango_rmse,medium,2016-12-31,2017Q2,3,INV,797.53687324686,806.708034244384,-9.171160997523998,784.0593307045142,789.0792098565078,797.3863626400052,806.0046830128387,811.4937560557461
mango_rmse,medium,2016-12-31,2017Q3,4,INV,798.5982738796521,808.6664089264145,-10.06813504676245,782.1981532558028,788.9359923352891,798.3926216860758,808.4143088043165,814.9003858597492
mango_rmse,medium,2016-12-31,2017Q4,5,INV,799.6515804227248,809.9688193847114,-10.317238961986618,781.49832378776,788.3602424680904,799.6821233858974,810.3544138737511,817.9491316834773
mango_rmse,medium,2016-12-31,2018Q1,6,INV,800.7167832846992,811.4589186446241,-10.742135359924873,780.3253966599433,788.3909365625501,801.015310119716,812.991378527452,820.5016327570361
mango_rmse,medium,2016-12-31,2018Q2,7,INV,801.7925877202503,811.643110673574,-9.850522953323775,780.1040142315544,788.647488332042,801.7354213702588,814.9841352777838,823.512944408606
mango_rmse,medium,2016-12-31,2018Q3,8,INV,802.9430136938707,814.7015783835387,-11.758564689667992,780.1124286093021,788.9653392553221,802.8017539591217,816.8923898813405,825.694971453244
mango_rmse,medium,2016-12-31,2016Q4,1,WAGE,466.2967913215103,464.46312548690054,1.8336658346097465,464.9209414301334,465.47145196710056,466.3173955645509,467.0935607077014,467.63926880995865
mango_rmse,medium,2016-12-31,2017Q1,2,WAGE,466.49155884806675,464.76739655148157,1.7241622965851775,464.5146108524253,465.33863860509274,466.4811303080062,467.6452790707791,468.40412625053335
mango_rmse,medium,2016-12-31,2017Q2,3,WAGE,466.700511040865,465.25402947368775,1.4464815671772726,464.22220348299794,465.27732424197404,466.7235093622024,468.09854378119536,469.07722669507393
mango_rmse,medium,2016-12-31,2017Q3,4,WAGE,466.9756698624536,466.0595432093501,0.9161266531035039,464.2491737773519,465.29022700641934,466.97267493557126,468.75570376920916,469.7238210361903
mango_rmse,medium,2016-12-31,2017Q4,5,WAGE,467.15751234218936,466.58700990877134,0.570502433418028,463.9406101968922,465.2232385493495,467.18494823820197,469.110764787948,470.27651355925445
mango_rmse,medium,2016-12-31,2018Q1,6,WAGE,467.41352474139387,466.4872029234135,0.9263218179803516,463.8203343423879,465.30695014123546,467.42393550041317,469.62773415302166,470.9045225795737
mango_rmse,medium,2016-12-31,2018Q2,7,WAGE,467.6104625960758,466.30050376590424,1.3099588301715812,463.574571128085,465.2290874991043,467.65036747394083,470.03713516569485,471.35400826543435
mango_rmse,medium,2016-12-31,2018Q3,8,WAGE,467.8275869401075,466.87269753847164,0.9548894016358531,463.55149719454914,465.28539826510735,467.7755292838888,470.34854247445946,471.9550218600434
mango_rmse,medium,2017-03-31,2017Q1,1,CONS,937.1342995441794,942.3021947169104,-5.1678951727310505,935.8801429385952,936.3480166081753,937.1546553882918,937.900681150942,938.3471856564875
mango_rmse,medium,2017-03-31,2017Q2,2,CONS,937.7989856255311,942.7015608775955,-4.902575252064366,936.0141051944852,936.7305307993947,937.786448509022,938.8966408587337,939.6320566107089
mango_rmse,medium,2017-03-31,2017Q3,3,CONS,938.453755560728,943.2961066624665,-4.842351101738473,936.1616680163767,937.0581973958269,938.442630861304,939.8306093167821,940.8067705331032
mango_rmse,medium,2017-03-31,2017Q4,4,CONS,939.0845962615188,944.3840666596335,-5.2994703981147495,936.438107818106,937.5011671911478,939.0964786582883,940.6471445518964,941.8353758115369
mango_rmse,medium,2017-03-31,2018Q1,5,CONS,939.7317196753878,945.0392641778635,-5.307544502475707,936.681174676397,937.8781605044127,939.7104254453976,941.5667338061486,942.8543003114377
mango_rmse,medium,2017-03-31,2018Q2,6,CONS,940.3853628862778,945.7638557049759,-5.378492818698078,937.0958493342633,938.3595875569235,940.3750484413306,942.3628173993003,943.7970841599112
mango_rmse,medium,2017-03-31,2018Q3,7,CONS,941.0367245642564,946.3980072492748,-5.361282685018409,937.3592783978652,938.841977216376,941.0226636860336,943.2316134678815,944.7101233129044
mango_rmse,medium,2017-03-31,2018Q4,8,CONS,941.7065115506895,946.8339353212865,-5.127423770597034,937.7190724977761,939.3372564820003,941.7165453796234,944.1011360852582,945.6657594676443
mango_rmse,medium,2017-03-31,2017Q1,1,DEFL,472.48709487232423,467.31839116014726,5.168703712176978,472.0429331090674,472.22337098015436,472.48871022634285,472.7567097369634,472.9162904725079
mango_rmse,medium,2017-03-31,2017Q2,2,DEFL,472.93699632542234,467.62901269911987,5.307983626302473,472.1874371598845,472.4678892476117,472.9371500974136,473.39899559897214,473.69778132713566
mango_rmse,medium,2017-03-31,2017Q3,3,DEFL,473.3854391906877,468.12975463756425,5.255684553123444,472.26690788823214,472.709759284914,473.38314921659867,474.0806956221252,474.48436608030977
mango_rmse,medium,2017-03-31,2017Q4,4,DEFL,473.847322244205,468.81593179181164,5.031390452393339,472.30947525073753,472.91326104597135,473.8597731133891,474.78164032652893,475.38417253696406
mango_rmse,medium,2017-03-31,2018Q1,5,DEFL,474.30821865018817,469.4279361059867,4.880282544201464,472.31750666049464,473.132745267977,474.3219235200586,475.5044868657833,476.2936111094986
mango_rmse,medium,2017-03-31,2018Q2,6,DEFL,474.76717551123147,470.2823074052711,4.484868105960345,472.29672446557504,473.31137855283964,474.75271750335787,476.2655070120479,477.2624874576184
mango_rmse,medium,2017-03-31,2018Q3,7,DEFL,475.24288832257525,470.6182260866492,4.624662235926053,472.3069248719787,473.46485697170596,475.2236841054494,477.02492994545764,478.257578981835
mango_rmse,medium,2017-03-31,2018Q4,8,DEFL,475.7152176291084,471.07186839761323,4.643349231495165,472.26645498973875,473.63421343024487,475.6961281099773,477.75583297749745,479.29422031076115
mango_rmse,medium,2017-03-31,2017Q1,1,FFR,0.6313021280722401,0.7000000000000001,-0.06869787192776,-0.730313413464601,-0.2133671749752151,0.613863599233192,1.4853208438368268,2.0219452380776124
mango_rmse,medium,2017-03-31,2017Q2,2,FFR,0.8044367898040999,0.9500000000000001,-0.14556321019590013,-1.207543400461586,-0.4319831784967116,0.8060949527728791,1.9889529168863929,2.8300088292159713
mango_rmse,medium,2017-03-31,2017Q3,3,FFR,0.9199718105469161,1.1533333333333333,-0.2333615227864172,-1.6218985035286984,-0.5783121368274688,0.8859692534342927,2.4884536988087476,3.4369458511100968
mango_rmse,medium,2017-03-31,2017Q4,4,FFR,1.0392291960860778,1.2033333333333334,-0.1641041372472556,-1.8140169994462683,-0.683238098349863,1.048743071617229,2.760087978167994,3.9263257144934776
mango_rmse,medium,2017-03-31,2018Q1,5,FFR,1.1431007531038813,1.4466666666666665,-0.3035659135627853,-2.1142200860994786,-0.7197210506336658,1.1442937044289465,3.0985395917901286,4.28362320772793
mango_rmse,medium,2017-03-31,2018Q2,6,FFR,1.25449374451142,1.7366666666666666,-0.48217292215524665,-2.403144901730175,-0.7988576216083572,1.2479939050320197,3.4100550941335595,4.724624518079327
mango_rmse,medium,2017-03-31,2018Q3,7,FFR,1.3346517789919337,1.9233333333333331,-0.5886815543413995,-2.422603765624902,-0.9112036294440328,1.3907632659572928,3.667841282394028,5.024120305545511
mango_rmse,medium,2017-03-31,2018Q4,8,FFR,1.4145927357056567,2.22,-0.8054072642943435,-2.6111930366117817,-1.0449466281946695,1.4222352961260851,3.78997181223697,5.372306040076709
mango_rmse,medium,2017-03-31,2017Q1,1,GDP,973.6627531756734,979.1946532403157,-5.5319000646422865,972.2623007894736,972.8034521139097,973.6501910947513,974.5297453643509,975.0522038791956
mango_rmse,medium,2017-03-31,2017Q2,2,GDP,974.2936830891065,979.6971814310028,-5.403498341896352,972.2789798006687,973.0798556178528,974.3140760497512,975.4859039706159,976.2867418751622
mango_rmse,medium,2017-03-31,2017Q3,3,GDP,974.9193243494095,980.5212652288033,-5.601940879393737,972.3800498137474,973.3638082795278,974.9293717989974,976.4260935407851,977.4103444208431
mango_rmse,medium,2017-03-31,2017Q4,4,GDP,975.510857516355,981.5219022023681,-6.011044686013065,972.3008193544397,973.6256331473305,975.5204278521779,977.3707907549536,978.5271525620536
mango_rmse,medium,2017-03-31,2018Q1,5,GDP,976.1214376597587,982.2121682369062,-6.090730577147497,972.5705244872869,973.9236178643871,976.1296114878588,978.3326599636417,979.6366629127555
mango_rmse,medium,2017-03-31,2018Q2,6,GDP,976.7226160818498,982.9070909671581,-6.184474885308305,972.7975400335451,974.3510098371454,976.7657710079767,979.1791951654924,980.6004016428959
mango_rmse,medium,2017-03-31,2018Q3,7,GDP,977.3044668600654,983.6265326816047,-6.3220658215392405,972.9962647563932,974.5934901574851,977.296325355747,979.948512147326,981.5283763167625
mango_rmse,medium,2017-03-31,2018Q4,8,GDP,977.8970506185107,983.8081508542731,-5.911100235762433,973.259622976004,975.1644191434495,977.8671583227293,980.8013401981797,982.4591715468699
mango_rmse,medium,2017-03-31,2017Q1,1,HOURS,472.87840440825204,468.5883438027266,4.290060605525412,471.5106073063303,472.01689919755404,472.8821971444287,473.71745775807824,474.23576159002045
mango_rmse,medium,2017-03-31,2017Q2,2,HOURS,473.2174275328914,469.2906300292178,3.9267975036735834,471.13649875022884,472.02013617120224,473.23796354953515,474.46172727435925,475.2481052606577
mango_rmse,medium,2017-03-31,2017Q3,3,HOURS,473.53712612201593,469.390424497534,4.146701624481921,470.9515805366622,471.97125730819954,473.5356787055292,475.07871308608776,476.1684606197999
mango_rmse,medium,2017-03-31,2017Q4,4,HOURS,473.8533245386945,470.1815837289622,3.6717408097322846,470.6296240966964,471.9918885482124,473.82117292117107,475.74396031244214,476.84686204838863
mango_rmse,medium,2017-03-31,2018Q1,5,HOURS,474.14625660029657,470.6607014041582,3.485555196138364,470.3520470195196,471.9770183160607,474.22868271952154,476.351213134299,477.7125798805336
mango_rmse,medium,2017-03-31,2018Q2,6,HOURS,474.4591751477277,471.1204474609927,3.3387276867350124,470.1845868040079,472.0789625419045,474.5526061978869,476.88240441850775,478.3821845706566
mango_rmse,medium,2017-03-31,2018Q3,7,HOURS,474.7626093807902,471.6165794644259,3.1460299163642844,470.09405350621876,472.14202458609446,474.77845193885855,477.52176835292113,479.1235563794751
mango_rmse,medium,2017-03-31,2018Q4,8,HOURS,475.0620975321414,471.8739913670619,3.188106165079546,470.1945502748777,472.2089714314167,475.11318469034,477.93378077042354,479.78086603311266
mango_rmse,medium,2017-03-31,2017Q1,1,INV,797.5863444956841,804.9400556120976,-7.3537111164134785,789.8155030266835,793.0181378745584,797.4424857916307,802.4200436456431,805.405928977687
mango_rmse,medium,2017-03-31,2017Q2,2,INV,798.7893428871166,806.708034244384,-7.918691357267335,787.5570759133647,791.9215341123662,798.7894383690946,805.7200785245641,809.6414334005603
mango_rmse,medium,2017-03-31,2017Q3,3,INV,799.9777392371383,808.6664089264145,-8.688669689276253,785.9530146375638,791.74474515549,800.0418010235222,808.0426073592107,813.6547006964507
mango_rmse,medium,2017-03-31,2017Q4,4,INV,801.0673093755278,809.9688193847114,-8.901510009183653,784.8988099553779,791.2702385857348,801.0817990356674,811.0398892334583,816.7945101378771
mango_rmse,medium,2017-03-31,2018Q1,5,INV,802.005623643249,811.4589186446241,-9.453295001375068,783.3837991522686,791.3560384496665,801.9073394089476,813.0826571505551,820.055781530862
mango_rmse,medium,2017-03-31,2018Q2,6,INV,803.0352861856163,811.643110673574,-8.607824487957714,781.8912033902067,791.1585587538161,803.1950575614187,814.7608115351303,822.1813887903832
mango_rmse,medium,2017-03-31,2018Q3,7,INV,803.9785359734832,814.7015783835387,-10.723042410055541,781.6503042049047,791.0848499526222,804.064777306638,817.0651808012326,825.1865771700598
mango_rmse,medium,2017-03-31,2018Q4,8,INV,804.8576935785542,814.6305726382449,-9.772879059690695,781.1562389176346,790.9757278224128,804.9368773148559,818.4559845070814,828.3116111930791
mango_rmse,medium,2017-03-31,2017Q1,1,WAGE,466.266837443418,464.76739655148157,1.4994408919364446,464.9003328117984,465.45748264783265,466.2675778617247,467.0851197377491,467.6312525458542
mango_rmse,medium,2017-03-31,2017Q2,2,WAGE,466.4910845330485,465.25402947368775,1.2370550593607277,464.4826270509243,465.3376993040556,466.4909677292925,467.6834693351817,468.4230124503085
mango_rmse,medium,2017-03-31,2017Q3,3,WAGE,466.69782138338905,466.0595432093501,0.6382781740389305,464.3767140419657,465.29784940860156,466.68980465084724,468.10512531100227,469.0290664446183
mango_rmse,medium,2017-03-31,2017Q4,4,WAGE,466.93020586791835,466.58700990877134,0.3431959591470104,464.15129911004584,465.2999555895422,466.9387625236793,468.6280753781642,469.6160108308137
mango_rmse,medium,2017-03-31,2018Q1,5,WAGE,467.1301743653914,466.4872029234135,0.6429714419778634,463.9108757866065,465.29952925769396,467.16537078596156,468.9526471423183,470.22467759172616
mango_rmse,medium,2017-03-31,2018Q2,6,WAGE,467.3178793572635,466.30050376590424,1.0173755913592686,463.8492596517674,465.2047835767727,467.3100857919599,469.4106419419038,470.6995323473867
mango_rmse,medium,2017-03-31,2018Q3,7,WAGE,467.51334151825273,466.87269753847164,0.640643979781089,463.6724692869615,465.23246275991636,467.53012593720985,469.80061678255925,471.18676142215037
mango_rmse,medium,2017-03-31,2018Q4,8,WAGE,467.7066789420546,466.9486807507763,0.7579981912783182,463.5720918567655,465.2440944477766,467.72504796998476,470.1047864607869,471.7675720856398
mango_rmse,medium,2017-06-30,2017Q2,1,CONS,937.3434673187629,942.7015608775955,-5.358093558832593,936.1368661370252,936.6002466348185,937.3487433916443,938.064174557869,938.5702845294439
mango_rmse,medium,2017-06-30,2017Q3,2,CONS,937.9768889913946,943.2961066624665,-5.319217671071897,936.2070583367574,936.9097737650565,937.977084415772,939.0718744093699,939.7623538863404
mango_rmse,medium,2017-06-30,2017Q4,3,CONS,938.6015932623988,944.3840666596335,-5.782473397234753,936.4091076235575,937.2601826988525,938.5663388628291,939.9771382605265,940.8766616866308
mango_rmse,medium,2017-06-30,2018Q1,4,CONS,939.2476847250723,945.0392641778635,-5.791579452791211,936.5730688565386,937.685899455258,939.2497752853557,940.8636791463275,941.8226643866914
mango_rmse,medium,2017-06-30,2018Q2,5,CONS,939.8662957390563,945.7638557049759,-5.897559965919527,936.7805234281955,937.9580486606939,939.8719331138905,941.6942704681,942.9337589096854
mango_rmse,medium,2017-06-30,2018Q3,6,CONS,940.5340630771815,946.3980072492748,-5.863944172093284,937.0126711101042,938.4267374224787,940.525410043107,942.6021587485764,943.931447156688
mango_rmse,medium,2017-06-30,2018Q4,7,CONS,941.1500118873631,946.8339353212865,-5.683923433923383,937.3618658099605,938.8991377797607,941.1731877158797,943.4237813491985,944.8347907172525
mango_rmse,medium,2017-06-30,2019Q1,8,CONS,941.7831558078566,946.9293208750909,-5.1461650672342785,937.6974789754656,939.3703592394422,941.7429062667868,944.2437672307564,945.7575268765802
mango_rmse,medium,2017-06-30,2017Q2,1,DEFL,473.0181249248697,467.62901269911987,5.389112225749841,472.58936012057706,472.74184398448955,473.0128489605746,473.28425426581407,473.4773826276533
mango_rmse,medium,2017-06-30,2017Q3,2,DEFL,473.49517462189647,468.12975463756425,5.36541998433222,472.7692376821246,473.03657139565007,473.4815117257539,473.94774239107664,474.27473983425165
mango_rmse,medium,2017-06-30,2017Q4,3,DEFL,473.98156762064366,468.81593179181164,5.165635828832023,472.9062170926364,473.3137714688584,473.9685613278934,474.6498231686007,475.080979756306
mango_rmse,medium,2017-06-30,2018Q1,4,DEFL,474.46661088401885,469.4279361059867,5.038674778032146,472.95144624689243,473.5514021953432,474.4595016284071,475.37120825169603,475.96733043039524
mango_rmse,medium,2017-06-30,2018Q2,5,DEFL,474.9555709115732,470.2823074052711,4.673263506302078,473.00235741673777,473.78672343830243,474.93198899705567,476.12250628853195,476.9242050302557
mango_rmse,medium,2017-06-30,2018Q3,6,DEFL,475.4477675753708,470.6182260866492,4.829541488721588,473.0107126296195,473.9883208953516,475.4161792104065,476.921067733414,477.89212296798485
mango_rmse,medium,2017-06-30,2018Q4,7,DEFL,475.952765334192,471.07186839761323,4.880896936578779,473.04447432233525,474.1573727501588,475.95495753236116,477.7178933471296,478.8632510587971
mango_rmse,medium,2017-06-30,2019Q1,8,DEFL,476.463840549694,471.4580490171198,5.0057915325742215,473.01832295019386,474.3745165520423,476.46160733601585,478.4855033965638,479.8395730802098
mango_rmse,medium,2017-06-30,2017Q2,1,FFR,0.8376039392870831,0.9500000000000001,-0.11239606071291697,-0.547083271556355,0.005978831733218308,0.842809420457707,1.6825290131994854,2.211656680145459
mango_rmse,medium,2017-06-30,2017Q3,2,FFR,0.97577319551355,1.1533333333333333,-0.1775601378197833,-0.9680480633524003,-0.23712218742181326,0.9563802863390996,2.1785663179956596,3.032575647324505
mango_rmse,medium,2017-06-30,2017Q4,3,FFR,1.0890716155505415,1.2033333333333334,-0.11426171778279182,-1.4304794526375653,-0.4086950081054524,1.0559544526212363,2.573763361077842,3.57021013983458
mango_rmse,medium,2017-06-30,2018Q1,4,FFR,1.2040196158576626,1.4466666666666665,-0.24264705080900395,-1.6554280639770609,-0.5816461370525794,1.2274543491277687,2.961886793134775,4.156432900705628
mango_rmse,medium,2017-06-30,2018Q2,5,FFR,1.3382371335010954,1.7366666666666666,-0.39842953316557117,-2.0236292109345806,-0.6866616507802425,1.3518849445732428,3.3301767684188763,4.705739139464781
mango_rmse,medium,2017-06-30,2018Q3,6,FFR,1.445522671255606,1.9233333333333331,-0.47781066207772716,-2.168798003114873,-0.7072318540394577,1.4527541397665247,3.603833369316668,5.054916198921064
mango_rmse,medium,2017-06-30,2018Q4,7,FFR,1.5592064040315181,2.22,-0.6607935959684821,-2.3983692664890675,-0.7902207766246162,1.6008425104288193,3.808185585182853,5.392861319949431
mango_rmse,medium,2017-06-30,2019Q1,8,FFR,1.6250225175864674,2.4033333333333333,-0.7783108157468659,-2.4697109743785015,-0.8037879358222071,1.6359683611036746,4.079881478737848,5.688194722897711
mango_rmse,medium,2017-06-30,2017Q2,1,GDP,973.9422792399797,979.6971814310028,-5.75490219102312,972.4931662621974,973.0875112046332,973.9403726408245,974.8126563858776,975.4238059705932
mango_rmse,medium,2017-06-30,2017Q3,2,GDP,974.5366074924975,980.5212652288033,-5.984657736305735,972.4560427085551,973.2993373893785,974.5457999646975,975.7901891221564,976.5660358948354
mango_rmse,medium,2017-06-30,2017Q4,3,GDP,975.1271768451248,981.5219022023681,-6.39472535724326,972.5406551729264,973.5239774865447,975.1236815480414,976.7716616475085,977.6244897962208
mango_rmse,medium,2017-06-30,2018Q1,4,GDP,975.7226479031223,982.2121682369062,-6.4895203337839575,972.6014271288904,973.8430570805907,975.7434720392328,977.6010460040866,978.8591317158404
mango_rmse,medium,2017-06-30,2018Q2,5,GDP,976.3185493983201,982.9070909671581,-6.588541568837968,972.8399484964309,974.1406932348846,976.3080981447445,978.4797623274468,979.7847440074745
mango_rmse,medium,2017-06-30,2018Q3,6,GDP,976.9252093865109,983.6265326816047,-6.701323295093744,973.0346031949026,974.5817971785926,976.9596944955861,979.3176224014398,980.832712845505
mango_rmse,medium,2017-06-30,2018Q4,7,GDP,977.482013627352,983.8081508542731,-6.326137226921105,973.3316711278196,974.8847632096706,977.4888017114408,979.9773220382108,981.7506535990058
mango_rmse,medium,2017-06-30,2019Q1,8,GDP,978.0656638956176,984.3493940965847,-6.283730200967057,973.4947531682317,975.2567989596763,978.1646535780835,980.6960061026355,982.6649374462147
mango_rmse,medium,2017-06-30,2017Q2,1,HOURS,473.2314678954393,469.2906300292178,3.9408378662215,471.87065672979196,472.3733255094973,473.22980793780096,474.06123538809936,474.6680332348657
mango_rmse,medium,2017-06-30,2017Q3,2,HOURS,473.5624863496849,469.390424497534,4.172061852150875,471.4775256218814,472.3033350537723,473.55465370185175,474.8210150223345,475.6715222317961
mango_rmse,medium,2017-06-30,2017Q4,3,HOURS,473.8779307058742,470.1815837289622,3.6963469769119683,471.1857644807139,472.2493358641658,473.88894788426325,475.4310157184407,476.5594941245816
mango_rmse,medium,2017-06-30,2018Q1,4,HOURS,474.2043281889219,470.6607014041582,3.543626784763717,470.8974044385802,472.2972560273443,474.205745220323,476.1084223373663,477.4911100848554
mango_rmse,medium,2017-06-30,2018Q2,5,HOURS,474.54093309511813,471.1204474609927,3.4204856341254413,470.8610962057242,472.2853298754686,474.5417887432091,476.7749958073197,478.2478755696247
mango_rmse,medium,2017-06-30,2018Q3,6,HOURS,474.85898146208893,471.6165794644259,3.2424019976630234,470.75370268236463,472.36921522374263,474.85275575567505,477.3596121799445,478.9204167046957
mango_rmse,medium,2017-06-30,2018Q4,7,HOURS,475.14979228840014,471.8739913670619,3.2758009213382593,470.65736536219987,472.314157462439,475.0973048605353,477.94915792014973,479.80115256198457
mango_rmse,medium,2017-06-30,2019Q1,8,HOURS,475.4634425368493,471.8427440172524,3.6206985195968855,470.6081048088802,472.3996158957314,475.4172993919197,478.4954128543177,480.54856701620866
mango_rmse,medium,2017-06-30,2017Q2,1,INV,798.1268411995538,806.708034244384,-8.581193044830115,790.3717624649848,793.4417033753067,798.2192571868527,802.6635256124781,805.9587376348059
mango_rmse,medium,2017-06-30,2017Q3,2,INV,799.2932305223579,808.6664089264145,-9.373178404056603,788.4230342503412,792.7384464785569,799.2333877545816,805.9878619689101,809.9793295016074
mango_rmse,medium,2017-06-30,2017Q4,3,INV,800.499182436483,809.9688193847114,-9.469636948228413,787.1322963622472,792.4847292131183,800.4576833155752,808.7650581436523,814.3034287868568
mango_rmse,medium,2017-06-30,2018Q1,4,INV,801.5397289725762,811.4589186446241,-9.919189672047878,785.7144485185039,791.800075027872,801.2481317804945,811.2221324479053,817.8208979253747
mango_rmse,medium,2017-06-30,2018Q2,5,INV,802.7360959056041,811.643110673574,-8.90701476796994,785.5210567923358,791.9656818133157,802.5655912506547,813.3854782502083,820.8998344108259
mango_rmse,medium,2017-06-30,2018Q3,6,INV,803.8435708329047,814.7015783835387,-10.858007550634056,785.1255825367936,792.189169597337,803.5473409678698,815.5814149002234,823.3753057998345
mango_rmse,medium,2017-06-30,2018Q4,7,INV,804.6608820742408,814.6305726382449,-9.969690564004054,783.6905060850191,791.9655704193044,804.5642295252421,817.4965981143141,825.68514255003
mango_rmse,medium,2017-06-30,2019Q1,8,INV,805.5645806544225,815.6036505171336,-10.03906986271113,782.8911133323732,791.4273830286515,805.6358818439476,818.7128144145875,829.1997791966676
mango_rmse,medium,2017-06-30,2017Q2,1,WAGE,464.53541334288343,465.25402947368775,-0.7186161308043211,463.1364476721417,463.7216544648773,464.53937133598276,465.35405010195814,465.8886215460387
mango_rmse,medium,2017-06-30,2017Q3,2,WAGE,464.6894558656379,466.0595432093501,-1.370087343712214,462.81083948716457,463.5193495295773,464.6809096062203,465.87985791261934,466.57530071856803
mango_rmse,medium,2017-06-30,2017Q4,3,WAGE,464.88905995347926,466.58700990877134,-1.6979499552920743,462.5178296600619,463.4677038542316,464.8916841549919,466.32097855283536,467.3237173040557
mango_rmse,medium,2017-06-30,2018Q1,4,WAGE,465.0717983972854,466.4872029234135,-1.4154045261280999,462.30539298757384,463.4164863551938,465.0463461866308,466.77046982429243,467.8229457497078
mango_rmse,medium,2017-06-30,2018Q2,5,WAGE,465.2358318327567,466.30050376590424,-1.0646719331475651,461.9977516290911,463.29184638308624,465.22216849827316,467.19459646125216,468.4794027175026
mango_rmse,medium,2017-06-30,2018Q3,6,WAGE,465.40831437754116,466.87269753847164,-1.4643831609304812,461.93303786801084,463.28160267093216,465.3464459902922,467.5927119322627,469.03454809094745
mango_rmse,medium,2017-06-30,2018Q4,7,WAGE,465.5511682457307,466.9486807507763,-1.3975125050455972,461.5716830722354,463.2082909507908,465.4835049046461,467.9117924596092,469.5462434613801
mango_rmse,medium,2017-06-30,2019Q1,8,WAGE,465.69161694405733,468.94837605122734,-3.256759107170012,461.45123597427846,463.1782914806253,465.66719122383336,468.21707202599407,470.03982764157644
mango_rmse,medium,2017-09-30,2017Q3,1,CONS,938.7020416647126,943.2961066624665,-4.59406499775389,937.4796349737056,937.9519563385227,938.7290764896561,939.42802790539,939.9256738726386
mango_rmse,medium,2017-09-30,2017Q4,2,CONS,939.3531764317639,944.3840666596335,-5.030890227869577,937.522555101232,938.282828991913,939.3218600089724,940.4575745797778,941.1379894715344
mango_rmse,medium,2017-09-30,2018Q1,3,CONS,940.0517033461716,945.0392641778635,-4.987560831691894,937.8216058717879,938.6922539095871,940.0212337570395,941.4607639315756,942.3290210281941
mango_rmse,medium,2017-09-30,2018Q2,4,CONS,940.7256709090998,945.7638557049759,-5.038184795876077,938.0343103995684,939.0518098576678,940.7357133416867,942.3376383021688,943.4556532234739
mango_rmse,medium,2017-09-30,2018Q3,5,CONS,941.3891602797635,946.3980072492748,-5.008846969511296,938.4052183491222,939.5334719895785,941.3939671910714,943.2501474631092,944.5096675834834
mango_rmse,medium,2017-09-30,2018Q4,6,CONS,942.0651513529957,946.8339353212865,-4.768783968290791,938.7666240005425,939.9759111045821,942.0188607015755,944.0896257837869,945.5747951686387
mango_rmse,medium,2017-09-30,2019Q1,7,CONS,942.7515070730562,946.9293208750909,-4.1778138020346205,939.0973945383782,940.5611296350984,942.7413655738476,945.0195196157601,946.5239017347222
mango_rmse,medium,2017-09-30,2019Q2,8,CONS,943.4235088490999,947.5688948183085,-4.145385969208633,939.4159818197894,941.0296083148847,943.3879935976856,945.9295403897531,947.447583036111
mango_rmse,medium,2017-09-30,2017Q3,1,DEFL,473.1592662259212,468.12975463756425,5.029511588356968,472.74367362166663,472.91120498308004,473.15684558921714,473.4062693857343,473.56349652375116
mango_rmse,medium,2017-09-30,2017Q4,2,DEFL,473.5465165153771,468.81593179181164,4.730584723565471,472.8121819835406,473.1023898408536,473.5395175679464,473.9902916571972,474.27020954060555
mango_rmse,medium,2017-09-30,2018Q1,3,DEFL,473.92703712338977,469.4279361059867,4.4991010174030635,472.8373944841495,473.2893410615162,473.91739691821135,474.58325721698594,474.9970520921102
mango_rmse,medium,2017-09-30,2018Q2,4,DEFL,474.31161326736424,470.2823074052711,4.029305862093111,472.85309195349197,473.41647386590216,474.31705447924605,475.2266599169708,475.81969980436486
mango_rmse,medium,2017-09-30,2018Q3,5,DEFL,474.70231305799,470.6182260866492,4.08408697134081,472.7947739649788,473.5284944973875,474.6934591850213,475.8891826201119,476.6260572877812
mango_rmse,medium,2017-09-30,2018Q4,6,DEFL,475.09833394121324,471.07186839761323,4.026465543600011,472.8306920204306,473.62044775198774,475.0739991035708,476.5600684497463,477.4786913492815
mango_rmse,medium,2017-09-30,2019Q1,7,DEFL,475.5047869637232,471.4580490171198,4.0467379466034,472.7479517435845,473.7357652772749,475.49737077054755,477.2536271546412,478.39777964139347
mango_rmse,medium,2017-09-30,2019Q2,8,DEFL,475.91083021765445,472.01403804243495,3.8967921752195025,472.6732313208769,473.80891462486625,475.90526639373405,478.00045682779904,479.35942370010093
mango_rmse,medium,2017-09-30,2017Q3,1,FFR,1.0576904467541097,1.1533333333333333,-0.0956428865792236,-0.3269669318745652,0.2407845567124425,1.0715300560605354,1.8764220642294736,2.396501911861605
mango_rmse,medium,2017-09-30,2017Q4,2,FFR,1.0751582847877181,1.2033333333333334,-0.12817504854561523,-0.8671954440112464,-0.09595104131146497,1.108021003568524,2.2113862555043613,2.989236707780587
mango_rmse,medium,2017-09-30,2018Q1,3,FFR,1.1378425319206549,1.4466666666666665,-0.30882413474601167,-1.351547772732766,-0.3525363757144158,1.1670943657043122,2.57590838669423,3.499423679707981
mango_rmse,medium,2017-09-30,2018Q2,4,FFR,1.213146056179074,1.7366666666666666,-0.5235206104875927,-1.5794006366425344,-0.45891272156142854,1.1790659109865809,2.9112268201301945,3.9710352410917666
mango_rmse,medium,2017-09-30,2018Q3,5,FFR,1.2619351945551538,1.9233333333333331,-0.6613981387781793,-1.766760301181957,-0.6830112470339007,1.2680701472071059,3.1409631373031335,4.332402573237929
mango_rmse,medium,2017-09-30,2018Q4,6,FFR,1.320662750218774,2.22,-0.8993372497812262,-2.0361900756347775,-0.6990682788608993,1.2953834630242387,3.3892173176956075,4.824373832430074
mango_rmse,medium,2017-09-30,2019Q1,7,FFR,1.3966347216958632,2.4033333333333333,-1.00669861163747,-2.2564374590433123,-0.8633414838383243,1.3702075565200529,3.651444301335456,5.122672140492815
mango_rmse,medium,2017-09-30,2019Q2,8,FFR,1.4786456660040532,2.3966666666666665,-0.9180210006626133,-2.3953969955758496,-0.911041295048064,1.4670269495038832,3.8875650409506686,5.534655324393324
mango_rmse,medium,2017-09-30,2017Q3,1,GDP,974.8980442159677,980.5212652288033,-5.623221012835529,973.4641260561128,974.0304716944917,974.8961023102712,975.7740333555813,976.346534239239
mango_rmse,medium,2017-09-30,2017Q4,2,GDP,975.4953390675954,981.5219022023681,-6.026563134772687,973.3752816184737,974.2416926737434,975.4953406950151,976.7479785201184,977.5225498004835
mango_rmse,medium,2017-09-30,2018Q1,3,GDP,976.1127206700517,982.2121682369062,-6.099447566854565,973.4617622862969,974.4702407048187,976.1368292982149,977.7176072404557,978.6011168896861
mango_rmse,medium,2017-09-30,2018Q2,4,GDP,976.7287175929084,982.9070909671581,-6.178373374249645,973.6107724807881,974.8657086808374,976.7624164487986,978.5593573516142,979.7398958291116
mango_rmse,medium,2017-09-30,2018Q3,5,GDP,977.3451347295027,983.6265326816047,-6.281397952101997,973.8599459403717,975.1957334271589,977.4043925649926,979.4062364407379,980.7447994034275
mango_rmse,medium,2017-09-30,2018Q4,6,GDP,977.957050566097,983.8081508542731,-5.851100288176099,974.0735061378327,975.6468264754407,978.0232324973064,980.1984652970066,981.7523851998345
mango_rmse,medium,2017-09-30,2019Q1,7,GDP,978.5636398982035,984.3493940965847,-5.785754198381142,974.2643843464521,976.0226895580209,978.6361086037728,981.1441382110713,982.7195775907688
mango_rmse,medium,2017-09-30,2019Q2,8,GDP,979.1683765847681,985.0201484419601,-5.851771857192034,974.5353772180139,976.4068679023304,979.2029596009594,981.799876099963,983.5167861847975
mango_rmse,medium,2017-09-30,2017Q3,1,HOURS,473.91900777577627,469.390424497534,4.528583278242252,472.5557509570109,473.07155988885546,473.9026945423276,474.7808932052125,475.30846000199415
mango_rmse,medium,2017-09-30,2017Q4,2,HOURS,474.2513662292095,470.1815837289622,4.0697825002473,472.1845438836311,473.00405194174937,474.24394220172815,475.4845991319259,476.3618461680367
mango_rmse,medium,2017-09-30,2018Q1,3,HOURS,474.582664389432,470.6607014041582,3.921962985273808,471.89788980555886,473.0191071804089,474.57397889900244,476.1772743446456,477.16108385277374
mango_rmse,medium,2017-09-30,2018Q2,4,HOURS,474.8989104341996,471.1204474609927,3.7784629732068993,471.6783041520762,473.02501652335854,474.9030136009297,476.7554614760091,478.09068772169564
mango_rmse,medium,2017-09-30,2018Q3,5,HOURS,475.1922848840172,471.6165794644259,3.5757054195913156,471.5690954640661,473.0374989710884,475.14192649419124,477.41528795006224,478.7000454033612
mango_rmse,medium,2017-09-30,2018Q4,6,HOURS,475.48857238907055,471.8739913670619,3.6145810220086787,471.4720733938755,472.95908883577334,475.50994156984336,477.89152802676665,479.5203095886289
mango_rmse,medium,2017-09-30,2019Q1,7,HOURS,475.8061618555073,471.8427440172524,3.963417838254884,471.3833852573512,473.1042196722103,475.8511905086342,478.43591715252126,480.4383006620326
mango_rmse,medium,2017-09-30,2019Q2,8,HOURS,476.1159108485911,471.99353390810563,4.122376940485481,471.2863048095321,473.0985672184772,476.09931909287843,479.01634908282705,480.9312251819654
mango_rmse,medium,2017-09-30,2017Q3,1,INV,799.2151048464552,808.6664089264145,-9.4513040799593,791.6863998374522,794.5564303182488,799.3542193994742,803.8419838396615,806.9482364635186
mango_rmse,medium,2017-09-30,2017Q4,2,INV,800.2761082366642,809.9688193847114,-9.692711148047238,788.9271065617048,793.628912498396,800.4127504709376,806.6193453717013,811.3067208643026
mango_rmse,medium,2017-09-30,2018Q1,3,INV,801.2626602773208,811.4589186446241,-10.196258367303244,786.9611379755954,792.7971381541536,801.3997319551909,809.5497445277614,815.1536456986337
mango_rmse,medium,2017-09-30,2018Q2,4,INV,802.144937978401,811.643110673574,-9.498172695173025,785.7660083886743,792.8573817277887,802.1180939768262,811.7992722481868,818.5678737312013
mango_rmse,medium,2017-09-30,2018Q3,5,INV,803.1221459281942,814.7015783835387,-11.579432455344545,785.0148610783298,792.2909016618385,803.3867176567259,813.8650037557862,821.1679384061378
mango_rmse,medium,2017-09-30,2018Q4,6,INV,803.9736561017879,814.6305726382449,-10.656916536456947,783.9848318958445,792.171301362754,803.7424603154952,816.3529923852204,823.8968715649019
mango_rmse,medium,2017-09-30,2019Q1,7,INV,804.9465695307632,815.6036505171336,-10.657080986370374,782.5067483144246,791.9073839647405,805.1008671705654,817.7676949665922,826.1099301812308
mango_rmse,medium,2017-09-30,2019Q2,8,INV,805.8453723780992,816.1904429140767,-10.34507053597747,782.3453463408432,792.2260650088176,806.0140445555282,819.5821742353851,828.1325615246872
mango_rmse,medium,2017-09-30,2017Q3,1,WAGE,464.06895030369503,466.0595432093501,-1.9905929056550917,462.7183635608417,463.2335350671739,464.0637678457548,464.91296525875566,465.51337015251227
mango_rmse,medium,2017-09-30,2017Q4,2,WAGE,464.24514775351605,466.58700990877134,-2.341862155255285,462.2431249889281,463.03871972425156,464.25795630709854,465.4072903169831,466.25411409164155
mango_rmse,medium,2017-09-30,2018Q1,3,WAGE,464.4006232420226,466.4872029234135,-2.0865796813909014,462.0193573120346,462.9583457762168,464.4285402015822,465.790874007261,466.844289891462
mango_rmse,medium,2017-09-30,2018Q2,4,WAGE,464.5668759701143,466.30050376590424,-1.7336277957899142,461.7573642214938,462.82948673235063,464.59444749836894,466.24372294884273,467.3621159496514
mango_rmse,medium,2017-09-30,2018Q3,5,WAGE,464.7622546565735,466.87269753847164,-2.110442881898166,461.5670508805175,462.82714402726106,464.7998451618761,466.6051082998649,467.93112225787434
mango_rmse,medium,2017-09-30,2018Q4,6,WAGE,464.9096985374139,466.9486807507763,-2.0389822133624307,461.37408358571577,462.7706622974367,464.91525851026597,467.0200989059553,468.48722990038755
mango_rmse,medium,2017-09-30,2019Q1,7,WAGE,465.1178160760496,468.94837605122734,-3.830559975177721,461.27676913332783,462.82099449535707,465.1120247876902,467.4149245756807,468.8732679183449
mango_rmse,medium,2017-09-30,2019Q2,8,WAGE,465.30901251264976,468.1779313357982,-2.8689188231484195,461.0853746123215,462.8314637940066,465.29450995089724,467.84457948293937,469.4633782781381
mango_rmse,medium,2017-12-31,2017Q4,1,CONS,939.231466594629,944.3840666596335,-5.152600065004549,937.9555409871416,938.4728529490836,939.2259799189248,940.0184936484379,940.4994968290437
mango_rmse,medium,2017-12-31,2018Q1,2,CONS,939.8996726231345,945.0392641778635,-5.139591554729009,938.0567917506916,938.8026184284109,939.89923613351,941.0248527858943,941.7440176298388
mango_rmse,medium,2017-12-31,2018Q2,3,CONS,940.573598359941,945.7638557049759,-5.1902573450348655,938.3383722219521,939.2158361575118,940.6021504604282,941.8592077561021,942.7104394825697
mango_rmse,medium,2017-12-31,2018Q3,4,CONS,941.2056551948101,946.3980072492748,-5.1923520544646635,938.5660632815813,939.6937628765756,941.2165572882302,942.7566488449129,943.6920920622325
mango_rmse,medium,2017-12-31,2018Q4,5,CONS,941.8497428565589,946.8339353212865,-4.984192464727585,938.7978368354917,940.0664307071597,941.9018288432128,943.595441166659,944.7476944472262
mango_rmse,medium,2017-12-31,2019Q1,6,CONS,942.5247812715248,946.9293208750909,-4.404539603566036,939.2502870747549,940.5017978331371,942.5874692407867,944.4733453172435,945.735503784252
mango_rmse,medium,2017-12-31,2019Q2,7,CONS,943.1560509987436,947.5688948183085,-4.412843819564955,939.5255103279369,940.8837621277395,943.2022638172602,945.302377884899,946.682644184255
mango_rmse,medium,2017-12-31,2019Q3,8,CONS,943.820436807536,948.4090113676044,-4.588574560068423,939.8165725717049,941.3351647609778,943.8945276101582,946.2090543519596,947.5885601940774
mango_rmse,medium,2017-12-31,2017Q4,1,DEFL,473.734181210835,468.81593179181164,4.918249419023368,473.30648299485875,473.4761140884634,473.72500179620414,474.0023431123699,474.158335689018
mango_rmse,medium,2017-12-31,2018Q1,2,DEFL,474.19086328280895,469.4279361059867,4.762927176822245,473.4227062317284,473.7453315395967,474.1859786724143,474.6350738364946,474.9531789346926
mango_rmse,medium,2017-12-31,2018Q2,3,DEFL,474.6397298265077,470.2823074052711,4.357422421236549,473.5203828572363,473.97539178399217,474.651210394038,475.30238946474304,475.7126016538728
mango_rmse,medium,2017-12-31,2018Q3,4,DEFL,475.1101829274858,470.6182260866492,4.491956840836622,473.64118856809455,474.217484966273,475.1313269928771,475.9990609702345,476.53705776430036
mango_rmse,medium,2017-12-31,2018Q4,5,DEFL,475.5783298069096,471.07186839761323,4.506461409296378,473.699854603947,474.3950149330915,475.5790940432812,476.7435677732476,477.48642291064874
mango_rmse,medium,2017-12-31,2019Q1,6,DEFL,476.0450749779943,471.4580490171198,4.587025960874541,473.6901691959506,474.5609390206932,476.03356206939486,477.5161431528758,478.39824630207556
mango_rmse,medium,2017-12-31,2019Q2,7,DEFL,476.52207813992516,472.01403804243495,4.508040097490209,473.67577299416894,474.75452545730013,476.5297449493922,478.2909394669073,479.4133896585344
mango_rmse,medium,2017-12-31,2019Q3,8,DEFL,476.99750929951995,472.33975673527414,4.657752564245811,473.6513021469538,474.90356575215395,476.98767859759016,479.09371024717944,480.40973886928396
mango_rmse,medium,2017-12-31,2017Q4,1,FFR,1.2606186712168916,1.2033333333333334,0.057285337883558274,-0.166960048906636,0.4224751094918529,1.2772635010979623,2.0886972615466575,2.6431165736928746
mango_rmse,medium,2017-12-31,2018Q1,2,FFR,1.404639389506207,1.4466666666666665,-0.04202727716045951,-0.5650740349197739,0.1921977986265312,1.4151956167103465,2.601485949234147,3.3999659824905764
mango_rmse,medium,2017-12-31,2018Q2,3,FFR,1.533202369855698,1.7366666666666666,-0.20346429681096856,-0.8508959430083108,0.07775797956359218,1.5723068664375786,2.955578479762613,3.885178004242025
mango_rmse,medium,2017-12-31,2018Q3,4,FFR,1.617976495426913,1.9233333333333331,-0.3053568379064202,-1.2416048351022841,-0.02471870656178939,1.6494711804635107,3.311526580818647,4.29960113269101
mango_rmse,medium,2017-12-31,2018Q4,5,FFR,1.7027726325216332,2.22,-0.517227367478367,-1.4612642555970936,-0.1568791698557228,1.7055375953705667,3.608035356075585,4.862131733876409
mango_rmse,medium,2017-12-31,2019Q1,6,FFR,1.791646468001124,2.4033333333333333,-0.6116868653322094,-1.6904217329033373,-0.23968182250247397,1.7637682742998222,3.914335304000634,5.136810946638664
mango_rmse,medium,2017-12-31,2019Q2,7,FFR,1.8228445524687913,2.3966666666666665,-0.5738221141978752,-1.8816325439089643,-0.31664778683580214,1.8174446366193575,4.037638031215097,5.6121350140102795
mango_rmse,medium,2017-12-31,2019Q3,8,FFR,1.8722509937492935,2.19,-0.31774900625070646,-2.085712215881579,-0.421290378533697,1.8595953503927185,4.290314982139416,5.771741485842303
mango_rmse,medium,2017-12-31,2017Q4,1,GDP,975.7002949183839,981.5219022023681,-5.821607283984235,974.3151056774452,974.840439843508,975.6966250457115,976.5441455703251,977.1017905959361
mango_rmse,medium,2017-12-31,2018Q1,2,GDP,976.3210444152901,982.2121682369062,-5.891123821616134,974.2373197399329,974.9930234537418,976.340136558066,977.5944549864396,978.4483494673324
mango_rmse,medium,2017-12-31,2018Q2,3,GDP,976.9523315651314,982.9070909671581,-5.954759402026639,974.3482045225072,975.3344406273563,976.9726722272276,978.4880784873574,979.5860608446399
mango_rmse,medium,2017-12-31,2018Q3,4,GDP,977.5509713540878,983.6265326816047,-6.07556132751688,974.4136960681728,975.7241330256729,977.5118930843139,979.4434120944969,980.597945170283
mango_rmse,medium,2017-12-31,2018Q4,5,GDP,978.175097837006,983.8081508542731,-5.633053017267116,974.7449624847291,976.109894884397,978.1451288281703,980.211715382622,981.5904828797992
mango_rmse,medium,2017-12-31,2019Q1,6,GDP,978.8148120353468,984.3493940965847,-5.53458206123787,975.0279975256516,976.554638661979,978.753500092987,981.087923009672,982.6392254417106
mango_rmse,medium,2017-12-31,2019Q2,7,GDP,979.4061607813918,985.0201484419601,-5.613987660568341,975.2746508273557,976.9698174383367,979.3804669772124,981.9138692957291,983.549973488969
mango_rmse,medium,2017-12-31,2019Q3,8,GDP,980.0020672894557,985.9061780536628,-5.904110764207076,975.4709442303306,977.3172447381954,979.9639755278841,982.801303667622,984.5549693456926
mango_rmse,medium,2017-12-31,2017Q4,1,HOURS,474.22142175133894,470.1815837289622,4.039838022376728,472.90895833761476,473.411700035768,474.19720093435967,475.02567781306215,475.6118662834164
mango_rmse,medium,2017-12-31,2018Q1,2,HOURS,474.55903045218383,470.6607014041582,3.89832904802563,472.5100065965004,473.3503626771501,474.5280239563221,475.78323855494733,476.64601274738226
mango_rmse,medium,2017-12-31,2018Q2,3,HOURS,474.8694757013156,471.1204474609927,3.7490282403229003,472.19515631994443,473.2594341392693,474.88936414565603,476.4398526174377,477.4674068097627
mango_rmse,medium,2017-12-31,2018Q3,4,HOURS,475.1838724809626,471.6165794644259,3.5672930165366665,472.080145693423,473.2235220743065,475.21294016426884,477.05052549619114,478.42578339300024
mango_rmse,medium,2017-12-31,2018Q4,5,HOURS,475.5029112737214,471.8739913670619,3.628919906659519,471.8926524535123,473.2802250731202,475.49533595491715,477.67228652775475,479.22641498155
mango_rmse,medium,2017-12-31,2019Q1,6,HOURS,475.8447125330585,471.8427440172524,4.001968515806084,471.793860947094,473.39011572088117,475.8693192237987,478.2548802064032,479.72619033390947
mango_rmse,medium,2017-12-31,2019Q2,7,HOURS,476.11528816212666,471.99353390810563,4.1217542540210275,471.8058853608142,473.46641226561417,476.22906572974665,478.6277380159855,480.3250241338801
mango_rmse,medium,2017-12-31,2019Q3,8,HOURS,476.4167223224897,472.47116746593383,3.945554856555873,471.60710832516605,473.46954710889696,476.46982830487696,479.13443037101314,480.9733625111106
mango_rmse,medium,2017-12-31,2017Q4,1,INV,801.1347352609097,809.9688193847114,-8.834084123801745,793.342461062982,796.567040909828,801.1068886694063,805.9340074965268,808.9385032871829
mango_rmse,medium,2017-12-31,2018Q1,2,INV,802.2110108997908,811.4589186446241,-9.247907744833242,791.485949118795,795.5347136965225,802.10166708353,808.9740675814695,813.3425027364073
mango_rmse,medium,2017-12-31,2018Q2,3,INV,803.4088349201202,811.643110673574,-8.234275753453858,789.5786446950707,795.0209557764117,803.4178599844762,811.7936436913508,817.2467380293396
mango_rmse,medium,2017-12-31,2018Q3,4,INV,804.4737706627488,814.7015783835387,-10.227807720789883,788.6616352388612,794.2055933275416,804.4608341696558,814.5090952427373,820.3651872687319
mango_rmse,medium,2017-12-31,2018Q4,5,INV,805.5430827596979,814.6305726382449,-9.08748987854699,787.3337545336792,794.5415492118531,805.6298520251042,816.2018279454127,823.6998161309308
mango_rmse,medium,2017-12-31,2019Q1,6,INV,806.6177135017467,815.6036505171336,-8.985937015386867,787.5855656063349,794.7232379373398,806.7777881147229,818.5336263274363,825.918069024257
mango_rmse,medium,2017-12-31,2019Q2,7,INV,807.4188761122901,816.1904429140767,-8.771566801786548,786.2409100174513,794.6386857259328,807.3981856100552,820.430678299521,828.4854006774623
mango_rmse,medium,2017-12-31,2019Q3,8,INV,808.3490470095466,816.8257649464756,-8.476717936929049,785.898525812085,793.8463766925818,808.5116815709505,822.4434077306718,831.0641446292437
mango_rmse,medium,2017-12-31,2017Q4,1,WAGE,463.8524022517701,466.58700990877134,-2.73460765700122,462.4331422192832,463.00134099208117,463.8682691253514,464.6786851809727,465.21156184659714
mango_rmse,medium,2017-12-31,2018Q1,2,WAGE,464.01129787269525,466.4872029234135,-2.475905050718268,462.1458224347924,462.84281640668746,464.03089596631605,465.18385076448504,465.8762493243494
mango_rmse,medium,2017-12-31,2018Q2,3,WAGE,464.16745378135226,466.30050376590424,-2.133049984551974,461.78511422512986,462.72294369145703,464.1727238972634,465.6219544449334,466.59301089823515
mango_rmse,medium,2017-12-31,2018Q3,4,WAGE,464.3266729100517,466.87269753847164,-2.546024628419957,461.47072270249225,462.6119158482561,464.27300409390796,466.0955349043173,467.1565037726721
mango_rmse,medium,2017-12-31,2018Q4,5,WAGE,464.45944845995916,466.9486807507763,-2.4892322908171423,461.27685652841353,462.49440076974287,464.4411929176206,466.44048210699304,467.8025710305843
mango_rmse,medium,2017-12-31,2019Q1,6,WAGE,464.6108194712247,468.94837605122734,-4.337556580002627,460.9685514589566,462.39425623504957,464.63612747595494,466.8571316308409,468.27463581252886
mango_rmse,medium,2017-12-31,2019Q2,7,WAGE,464.7875868658835,468.1779313357982,-3.3903444699146803,460.9973245819342,462.3044375655407,464.81717250361726,467.2407384934068,468.6965408252326
mango_rmse,medium,2017-12-31,2019Q3,8,WAGE,464.96510736560884,467.93031578293187,-2.9652084173230264,460.6465597744927,462.2820002999593,464.9886936284818,467.5392114619696,469.23840383627044
mango_rmse,medium,2018-03-31,2018Q1,1,CONS,940.2366877795992,945.0392641778635,-4.802576398264364,939.027672024393,939.5142327951231,940.2229873690267,940.96007386683,941.4655568433285
mango_rmse,medium,2018-03-31,2018Q2,2,CONS,940.8914002604413,945.7638557049759,-4.87245544453458,939.1601301184937,939.8050270442667,940.8708567790159,941.9902395351863,942.6420436793543
mango_rmse,medium,2018-03-31,2018Q3,3,CONS,941.5077297125428,946.3980072492748,-4.890277536732015,939.4454051502397,940.1770231464317,941.489340111513,942.8503324782209,943.6285462307218
mango_rmse,medium,2018-03-31,2018Q4,4,CONS,942.1515542431573,946.8339353212865,-4.682381078129197,939.6512086034583,940.6190025948496,942.1370629207263,943.7517016922699,944.6885914586952
mango_rmse,medium,2018-03-31,2019Q1,5,CONS,942.8068556233516,946.9293208750909,-4.1224652517393,939.8621048084217,941.0240563907457,942.7958090422396,944.5770557051022,945.7646845068416
mango_rmse,medium,2018-03-31,2019Q2,6,CONS,943.4175629036969,947.5688948183085,-4.15133191461166,940.2804959995849,941.4568256956645,943.4106270176864,945.3517287957661,946.6781852954042
mango_rmse,medium,2018-03-31,2019Q3,7,CONS,944.046252113544,948.4090113676044,-4.362759254060393,940.4955489728152,941.9038653547977,944.0590737254311,946.1179633383983,947.5944276574527
mango_rmse,medium,2018-03-31,2019Q4,8,CONS,944.6693549798783,948.991030481561,-4.321675501682648,940.89879521048,942.3438313207158,944.6445216724803,946.9861843092885,948.4831112817928
mango_rmse,medium,2018-03-31,2018Q1,1,DEFL,474.36534772985414,469.4279361059867,4.937411623867433,473.94089269787816,474.1102054320651,474.36060570912093,474.62254128641416,474.7862365277503
mango_rmse,medium,2018-03-31,2018Q2,2,DEFL,474.87501465075417,470.2823074052711,4.592707245483041,474.14155299666544,474.44099818521664,474.8764896308891,475.3067353117492,475.63838081899524
mango_rmse,medium,2018-03-31,2018Q3,3,DEFL,475.4068441938457,470.6182260866492,4.788618107196498,474.3208379121459,474.7687170389789,475.3986826377153,476.04914631357684,476.5437965034823
mango_rmse,medium,2018-03-31,2018Q4,4,DEFL,475.94629624380474,471.07186839761323,4.874427846191509,474.4521948939159,475.07924971827293,475.9228125640524,476.8291372841936,477.4076683961535
mango_rmse,medium,2018-03-31,2019Q1,5,DEFL,476.4761145883214,471.4580490171198,5.018065571201646,474.5235037153394,475.35068356410574,476.4535403746391,477.6043916140616,478.35365961785135
mango_rmse,medium,2018-03-31,2019Q2,6,DEFL,477.01881578111835,472.01403804243495,5.004777738683401,474.6138007547461,475.6347250247638,477.02345319702863,478.4019719110626,479.3821130723772
mango_rmse,medium,2018-03-31,2019Q3,7,DEFL,477.56500578591044,472.33975673527414,5.225249050636307,474.6406615507301,475.8696457343934,477.545187088759,479.2600660780107,480.4559521423916
mango_rmse,medium,2018-03-31,2019Q4,8,DEFL,478.11514980000516,472.70603314659263,5.409116653412525,474.7335144475808,476.1140716509844,478.0420047980731,480.1000456279423,481.4885087193527
mango_rmse,medium,2018-03-31,2018Q1,1,FFR,1.3752148463053782,1.4466666666666665,-0.07145182036128839,0.012013513828107792,0.5102909959494049,1.3633293992296285,2.252370771494987,2.7883449282997144
mango_rmse,medium,2018-03-31,2018Q2,2,FFR,1.577579926052694,1.7366666666666666,-0.15908674061397265,-0.48833305207720545,0.33984795703760873,1.5932948042950128,2.7913179482304926,3.5449752290945344
mango_rmse,medium,2018-03-31,2018Q3,3,FFR,1.671567777585702,1.9233333333333331,-0.25176555574763104,-0.9576473819290652,0.18359201226539204,1.6496461479609128,3.2082333429297334,4.259931149170952
mango_rmse,medium,2018-03-31,2018Q4,4,FFR,1.7706910069879052,2.22,-0.44930899301209504,-1.0726054558781846,-0.001522441835717723,1.7585026152566354,3.5197751284667564,4.6793700013822725
mango_rmse,medium,2018-03-31,2019Q1,5,FFR,1.8582180208874128,2.4033333333333333,-0.5451153124459205,-1.2986102007172777,-0.13854631123407268,1.8536681574715401,3.8573312536797513,5.094334395591229
mango_rmse,medium,2018-03-31,2019Q2,6,FFR,1.9224912254841262,2.3966666666666665,-0.4741754411825403,-1.5864816378580762,-0.2343897302851025,1.899501124507751,4.145859223203455,5.439030881250484
mango_rmse,medium,2018-03-31,2019Q3,7,FFR,2.0071273013498265,2.19,-0.18287269865017342,-1.7119362685335027,-0.27685588030907676,1.9912696251995732,4.299581033046469,5.852033877035294
mango_rmse,medium,2018-03-31,2019Q4,8,FFR,2.066080454040223,1.6433333333333333,0.4227471207068898,-1.8314442844437506,-0.3814185631920908,2.0702220836757057,4.511842213235741,5.970809208581333
mango_rmse,medium,2018-03-31,2018Q1,1,GDP,976.3938179009542,982.2121682369062,-5.818350335952005,974.9829919025408,975.528787558627,976.374749700266,977.2707884093833,977.800369105787
mango_rmse,medium,2018-03-31,2018Q2,2,GDP,977.0274280647706,982.9070909671581,-5.879662902387508,974.9927583134264,975.782376390902,977.0077430127499,978.2827397145244,979.1118812953564
mango_rmse,medium,2018-03-31,2018Q3,3,GDP,977.5910173390354,983.6265326816047,-6.035515342569283,975.0514289799887,976.0499370340556,977.5704764700113,979.1021886239866,980.1051471158398
mango_rmse,medium,2018-03-31,2018Q4,4,GDP,978.1816466166554,983.8081508542731,-5.6265042376177234,975.2356164124111,976.2781887654744,978.1913543159524,980.07884979874,981.1961162133855
mango_rmse,medium,2018-03-31,2019Q1,5,GDP,978.7553340171271,984.3493940965847,-5.594060079457563,975.3161098165535,976.6564318497313,978.7338662582004,980.8915552762064,982.1577486584201
mango_rmse,medium,2018-03-31,2019Q2,6,GDP,979.2933140857118,985.0201484419601,-5.726834356248332,975.3587234855742,976.9691134598901,979.2871907725291,981.6627990521498,983.1342215062957
mango_rmse,medium,2018-03-31,2019Q3,7,GDP,979.8810239720343,985.9061780536628,-6.025154081628443,975.6414781666602,977.389019477465,979.9117270368174,982.3435339207514,984.0998647786489
mango_rmse,medium,2018-03-31,2019Q4,8,GDP,980.4399172937651,986.3482463840766,-5.90832909031144,975.9147609857094,977.7008267353268,980.5063554747364,983.074280376217,984.8597979184394
mango_rmse,medium,2018-03-31,2018Q1,1,HOURS,475.0774730778188,470.6607014041582,4.416771673660605,473.69159119461915,474.2608270496864,475.07377836127273,475.8916166494764,476.4448198216598
mango_rmse,medium,2018-03-31,2018Q2,2,HOURS,475.4412662044088,471.1204474609927,4.320818743416112,473.4115226792314,474.18209387476367,475.4479295736344,476.669888134018,477.52174575934487
mango_rmse,medium,2018-03-31,2018Q3,3,HOURS,475.78227882669756,471.6165794644259,4.165699362271653,473.1419572152571,474.2524092223148,475.75065299521066,477.32889699473486,478.45232034307145
mango_rmse,medium,2018-03-31,2018Q4,4,HOURS,476.10507874875685,471.8739913670619,4.231087381694977,472.9013941729554,474.23558876856663,476.1107647782364,478.0428765935312,479.22425285415784
mango_rmse,medium,2018-03-31,2019Q1,5,HOURS,476.40711311041383,471.8427440172524,4.564369093161417,472.9095137698117,474.2565311302035,476.41517634301874,478.53742215975416,480.03542820707986
mango_rmse,medium,2018-03-31,2019Q2,6,HOURS,476.67654443009803,471.99353390810563,4.683010521992401,472.74081018081114,474.22661175120425,476.6355604622162,479.086553518911,480.77005391361274
mango_rmse,medium,2018-03-31,2019Q3,7,HOURS,476.97785826984125,472.47116746593383,4.506690803907418,472.64716857321827,474.30552926758384,476.94004788685146,479.6407357978603,481.4747819060618
mango_rmse,medium,2018-03-31,2019Q4,8,HOURS,477.28286438952307,472.26242786597743,5.020436523545641,472.70220165810383,474.4327393995726,477.2719864515492,480.07617244700606,481.95679481451475
mango_rmse,medium,2018-03-31,2018Q1,1,INV,802.0360112090758,811.4589186446241,-9.422907435548268,794.4193820454775,797.4754603486251,802.0465645318317,806.6196516826905,809.823283986404
mango_rmse,medium,2018-03-31,2018Q2,2,INV,803.3229336552424,811.643110673574,-8.320177018331606,792.0972125478315,797.0004939474405,803.1760136959972,809.9086168073385,814.080183324576
mango_rmse,medium,2018-03-31,2018Q3,3,INV,804.2068065700929,814.7015783835387,-10.494771813445823,791.2221618281089,796.2469187360281,804.169929438212,812.2156909388384,817.2971213272856
mango_rmse,medium,2018-03-31,2018Q4,4,INV,805.2856766597125,814.6305726382449,-9.34489597853235,790.4027314317487,795.8409122751614,805.063610291461,814.4930131075463,821.3307019392622
mango_rmse,medium,2018-03-31,2019Q1,5,INV,806.0110626495798,815.6036505171336,-9.592587867553789,788.5264748604263,795.6578118055091,805.7326496516862,816.4941903343991,824.1143929279198
mango_rmse,medium,2018-03-31,2019Q2,6,INV,806.7669364525874,816.1904429140767,-9.423506461489296,787.5207383031291,794.9555014805653,806.452234609144,818.8287465062313,825.8343056491512
mango_rmse,medium,2018-03-31,2019Q3,7,INV,807.7733942462766,816.8257649464756,-9.052370700199049,787.4967093338341,794.8571934794243,807.6161820369314,820.6160229734371,828.643016212687
mango_rmse,medium,2018-03-31,2019Q4,8,INV,808.7032971127401,814.7390743321716,-6.035777219431566,786.7350566538657,795.5354965951046,808.5782162843249,822.293080231598,830.4098526088613
mango_rmse,medium,2018-03-31,2018Q1,1,WAGE,463.7042922014352,466.4872029234135,-2.7829107219783396,462.2855290737561,462.88774937014233,463.71668426383985,464.5338056459215,465.0386505882009
mango_rmse,medium,2018-03-31,2018Q2,2,WAGE,463.8287598773807,466.30050376590424,-2.4717438885235197,461.84274836034365,462.6697660124342,463.82493914270225,464.9751342662998,465.77032555702345
mango_rmse,medium,2018-03-31,2018Q3,3,WAGE,463.9142112808959,466.87269753847164,-2.9584862575757143,461.4822012057595,462.51259943992363,463.89407149787087,465.3022846525398,466.28049752979
mango_rmse,medium,2018-03-31,2018Q4,4,WAGE,464.01418991119,466.9486807507763,-2.934490839586317,461.1753305681037,462.2907105546227,464.04932620825116,465.7000191590851,466.89305276016967
mango_rmse,medium,2018-03-31,2019Q1,5,WAGE,464.1455950327462,468.94837605122734,-4.8027810184811415,460.9564681368296,462.25058090147377,464.1458321078312,466.0142779569674,467.4192377949178
mango_rmse,medium,2018-03-31,2019Q2,6,WAGE,464.274418008755,468.1779313357982,-3.9035133270431857,460.6722018924471,462.03289256743204,464.26090312327545,466.4483338049362,467.8873450061092
mango_rmse,medium,2018-03-31,2019Q3,7,WAGE,464.4276912914035,467.93031578293187,-3.5026244915283655,460.39950625404293,462.00092772352866,464.48798940652205,466.81824398550344,468.50736768787806
mango_rmse,medium,2018-03-31,2019Q4,8,WAGE,464.54687757179175,468.9649192566031,-4.418041684811328,460.2087437095999,461.8601604588763,464.6321574367264,467.1309138741937,468.8676463337983
mango_rmse,medium,2018-06-30,2018Q2,1,CONS,940.4129162319191,945.7638557049759,-5.350939473056769,939.2107349907486,939.6625534722067,940.4147282583265,941.1698093277693,941.6505176445672
mango_rmse,medium,2018-06-30,2018Q3,2,CONS,941.0501166583144,946.3980072492748,-5.347890590960333,939.3221816513685,940.0428473927353,941.026010170445,942.1239286151814,942.8105534236212
mango_rmse,medium,2018-06-30,2018Q4,3,CONS,941.6596108588421,946.8339353212865,-5.1743244624443605,939.4423132630701,940.3402568209879,941.6427542059137,943.0385438630194,943.9160408846153
mango_rmse,medium,2018-06-30,2019Q1,4,CONS,942.292179405684,946.9293208750909,-4.637141469406856,939.7061611920803,940.6918505494083,942.271518861284,943.9036650114916,944.881348075367
mango_rmse,medium,2018-06-30,2019Q2,5,CONS,942.9023271425083,947.5688948183085,-4.666567675800252,940.0661189864157,941.1172972799707,942.9131302724775,944.6629115987494,945.777972994392
mango_rmse,medium,2018-06-30,2019Q3,6,CONS,943.5464896850515,948.4090113676044,-4.862521682552938,940.4283278736921,941.504686327688,943.5218031869026,945.5168599656771,946.8124043348042
mango_rmse,medium,2018-06-30,2019Q4,7,CONS,944.160815455444,948.991030481561,-4.830215026117003,940.6385197019288,941.9968040357298,944.1469993668873,946.3291889754784,947.7310484455242
mango_rmse,medium,2018-06-30,2020Q1,8,CONS,944.7733291330642,947.3992268627885,-2.625897729724329,940.9492604218223,942.4153693152173,944.7685543460996,947.1962842656488,948.6470080955404
mango_rmse,medium,2018-06-30,2018Q2,1,DEFL,474.925270704437,470.2823074052711,4.642963299165899,474.4813706265235,474.6591884828202,474.91957964789503,475.1895935748413,475.36926232363203
mango_rmse,medium,2018-06-30,2018Q3,2,DEFL,475.47107995679977,470.6182260866492,4.852853870150568,474.70884828045195,474.99940487391166,475.4680862554235,475.9380595603601,476.21891938146194
mango_rmse,medium,2018-06-30,2018Q4,3,DEFL,476.0180306055477,471.07186839761323,4.946162207934492,474.8993606724383,475.3227003158264,476.00825984235166,476.71539032175775,477.0965349802003
mango_rmse,medium,2018-06-30,2019Q1,4,DEFL,476.5619707088906,471.4580490171198,5.103921691770836,475.0450041863658,475.60975426637964,476.55328209736945,477.47883752915567,478.07921390937116
mango_rmse,medium,2018-06-30,2019Q2,5,DEFL,477.11140451098765,472.01403804243495,5.097366468552707,475.1651425513713,475.92299361022003,477.0844341950633,478.3020093345808,479.0566287413891
mango_rmse,medium,2018-06-30,2019Q3,6,DEFL,477.6656335151272,472.33975673527414,5.325876779853047,475.26876404294245,476.20269886379873,477.6548949683428,479.13515926536985,480.0538980721886
mango_rmse,medium,2018-06-30,2019Q4,7,DEFL,478.216756372999,472.70603314659263,5.5107232264063555,475.4109449676766,476.40718944836397,478.20913912096375,480.0077165579976,481.0694800144351
mango_rmse,medium,2018-06-30,2020Q1,8,DEFL,478.7792001849839,473.1080108856083,5.671189299375612,475.5183715720211,476.6652867952094,478.7791802738478,480.88423576800056,482.1908787827796
mango_rmse,medium,2018-06-30,2018Q2,1,FFR,1.6374622045536775,1.7366666666666666,-0.09920446211298906,0.2961014358485293,0.8089785958767965,1.6427971023744947,2.466635982876787,2.9669424107481905
mango_rmse,medium,2018-06-30,2018Q3,2,FFR,1.762385354179736,1.9233333333333331,-0.16094797915359704,-0.16130182340038962,0.6189276874376661,1.7717686008003222,2.9012671880539864,3.7878747386696476
mango_rmse,medium,2018-06-30,2018Q4,3,FFR,1.8290432406645762,2.22,-0.39095675933542395,-0.5793553674887494,0.42322953225151777,1.7895564928844427,3.2684478304152114,4.3067008979662935
mango_rmse,medium,2018-06-30,2019Q1,4,FFR,1.9110825119060841,2.4033333333333333,-0.4922508214272492,-0.9182302225447226,0.26466437025281353,1.884472144517257,3.553679452516667,4.793812660943085
mango_rmse,medium,2018-06-30,2019Q2,5,FFR,1.9932117318438423,2.3966666666666665,-0.40345493482282424,-1.0986148874738768,0.05602166393566114,1.9392186123086521,3.9352667162295285,5.245841280429687
mango_rmse,medium,2018-06-30,2019Q3,6,FFR,2.079971062373889,2.19,-0.11002893762611077,-1.2512100039836493,0.06457937660530083,2.067711587333503,4.0916242714394135,5.645667462658037
mango_rmse,medium,2018-06-30,2019Q4,7,FFR,2.103405470576072,1.6433333333333333,0.46007213724273854,-1.4737877527737837,-0.02604688533982696,2.094475276700021,4.369624943385528,5.775106840979462
mango_rmse,medium,2018-06-30,2020Q1,8,FFR,2.179141692275101,1.26,0.9191416922751008,-1.5712198319303363,-0.18043363711289298,2.1073021474902354,4.551092218231621,6.153609307701655
mango_rmse,medium,2018-06-30,2018Q2,1,GDP,976.8627104678137,982.9070909671581,-6.044380499344356,975.4673527388039,976.0294703700736,976.8692429107391,977.6983639075561,978.251905287618
mango_rmse,medium,2018-06-30,2018Q3,2,GDP,977.4508532865057,983.6265326816047,-6.175679395098996,975.4770975200904,976.2310984234701,977.4282931164946,978.685768666542,979.479524742663
mango_rmse,medium,2018-06-30,2018Q4,3,GDP,977.9928427764445,983.8081508542731,-5.815308077828604,975.5849488646935,976.4526457254037,977.9735788459361,979.4940959489911,980.58269580046
mango_rmse,medium,2018-06-30,2019Q1,4,GDP,978.5291581613321,984.3493940965847,-5.820235935252526,975.5503915422968,976.7251536615657,978.4739090719644,980.3494767074986,981.5753314911234
mango_rmse,medium,2018-06-30,2019Q2,5,GDP,979.0941283347584,985.0201484419601,-5.9260201072017935,975.6362671655559,977.0260450887581,979.1227793657663,981.1943639410595,982.5409008261079
mango_rmse,medium,2018-06-30,2019Q3,6,GDP,979.6735158146927,985.9061780536628,-6.232662238970079,975.9274036121999,977.3686843476055,979.6829676497232,981.8954189229639,983.541299692469
mango_rmse,medium,2018-06-30,2019Q4,7,GDP,980.1820078221085,986.3482463840766,-6.1662385619680435,976.0507958174486,977.6934111694576,980.1940588793777,982.6591633685398,984.2755564537048
mango_rmse,medium,2018-06-30,2020Q1,8,GDP,980.7254625473942,985.1661326692149,-4.4406701218207445,976.1166940513041,978.0730931822043,980.7102996310075,983.3871825675171,985.2577318285395
mango_rmse,medium,2018-06-30,2018Q2,1,HOURS,475.54895949458626,471.1204474609927,4.428512033593563,474.2092315310498,474.73005029855426,475.5552980006656,476.3736558196268,476.906910569471
mango_rmse,medium,2018-06-30,2018Q3,2,HOURS,475.88977588209286,471.6165794644259,4.273196417666952,473.85537495375485,474.67271938973784,475.8857665552871,477.1068177881881,477.9220758862084
mango_rmse,medium,2018-06-30,2018Q4,3,HOURS,476.16984131615743,471.8739913670619,4.295849949095555,473.5264937259956,474.5499558587201,476.1780020076542,477.728878323246,478.789414506035
mango_rmse,medium,2018-06-30,2019Q1,4,HOURS,476.4452980151798,471.8427440172524,4.602553997927373,473.3645926498344,474.48640723478263,476.3944917968002,478.3964013945946,479.56933387159756
mango_rmse,medium,2018-06-30,2019Q2,5,HOURS,476.7697072616076,471.99353390810563,4.776173353501974,473.1875460177468,474.5465269814316,476.7445701475525,479.0310675128325,480.2691914867819
mango_rmse,medium,2018-06-30,2019Q3,6,HOURS,477.0818075772561,472.47116746593383,4.610640111322255,473.1752411678705,474.6893407344409,477.08461397319866,479.54251026105175,481.01767604505136
mango_rmse,medium,2018-06-30,2019Q4,7,HOURS,477.34849915684686,472.26242786597743,5.086071290869427,473.17125444060514,474.67069366060895,477.3628212671906,479.98291808109445,481.6709921900062
mango_rmse,medium,2018-06-30,2020Q1,8,HOURS,477.6419738821876,470.871906161665,6.770067720522604,473.08752626899724,474.75851167984007,477.66492800212114,480.5172793784413,482.2188868406008
mango_rmse,medium,2018-06-30,2018Q2,1,INV,803.7432017339644,811.643110673574,-7.899908939609645,795.8324041876485,799.134083678023,803.9435849236645,808.1218913981394,811.0281242455821
mango_rmse,medium,2018-06-30,2018Q3,2,INV,804.9023703939246,814.7015783835387,-9.79920798961416,794.2450464233053,798.4626446913318,804.8053142232304,811.2712540661648,815.6446297458629
mango_rmse,medium,2018-06-30,2018Q4,3,INV,805.681403975866,814.6305726382449,-8.949168662378838,792.183316625614,797.748660922785,805.73632894566,813.5811223772882,818.9415876246052
mango_rmse,medium,2018-06-30,2019Q1,4,INV,806.5120962378064,815.6036505171336,-9.09155427932717,790.2482699234881,797.3557138078912,806.5647318261034,815.8880074382545,821.73380030768
mango_rmse,medium,2018-06-30,2019Q2,5,INV,807.375692258656,816.1904429140767,-8.814750655420653,789.8119267142109,796.8598735294215,807.4289335114065,817.9336301333664,824.6758080699246
mango_rmse,medium,2018-06-30,2019Q3,6,INV,808.3133544054912,816.8257649464756,-8.512410540984433,788.8357500777104,796.6193527758994,808.3268038330878,820.0452889488955,827.3166830886157
mango_rmse,medium,2018-06-30,2019Q4,7,INV,808.8183163249621,814.7390743321716,-5.9207580072095425,787.4321104752513,795.8105013671836,809.1754753674359,821.5634562721724,829.479055729376
mango_rmse,medium,2018-06-30,2020Q1,8,INV,809.6580743541056,813.4433258838492,-3.7852515297436184,787.009633670001,796.256144452793,809.8342157284734,823.3273440290943,832.0780485674181
mango_rmse,medium,2018-06-30,2018Q2,1,WAGE,463.6891672219785,466.30050376590424,-2.611336543925745,462.3492547961522,462.86015085766286,463.6799326759032,464.5174706594694,465.0482205521619
mango_rmse,medium,2018-06-30,2018Q3,2,WAGE,463.82615418786435,466.87269753847164,-3.046543350607294,461.8542356574587,462.65781206506864,463.85386897616297,465.0007026184701,465.793028338502
mango_rmse,medium,2018-06-30,2018Q4,3,WAGE,463.93716008442163,466.9486807507763,-3.01152066635467,461.50595743971616,462.4170652154809,463.97474770034904,465.38734447176995,466.3871629365299
mango_rmse,medium,2018-06-30,2019Q1,4,WAGE,464.0697248232242,468.94837605122734,-4.87865122800315,461.179077589324,462.37869801667426,464.1108135309455,465.7851726431926,466.8855029062601
mango_rmse,medium,2018-06-30,2019Q2,5,WAGE,464.18176322247825,468.1779313357982,-3.996168113319925,460.87981717938874,462.21664591143866,464.2207442185936,466.07407916303674,467.37717882750536
mango_rmse,medium,2018-06-30,2019Q3,6,WAGE,464.30372148234557,467.93031578293187,-3.626594300586305,460.6980080023919,462.1039633448643,464.3547276507386,466.5178493285519,467.81319779656064
mango_rmse,medium,2018-06-30,2019Q4,7,WAGE,464.452613351297,468.9649192566031,-4.512305905306107,460.5457331312125,462.08265652769,464.4448975872438,466.91165407525733,468.38481777187803
mango_rmse,medium,2018-06-30,2020Q1,8,WAGE,464.5528403951027,470.9746394157193,-6.421799020616618,460.3622206484018,462.00641597699524,464.5335785857631,467.1536037957132,468.87814644951254
mango_rmse,medium,2018-09-30,2018Q3,1,CONS,946.6348609964634,946.3980072492748,0.23685374718866115,945.4175101682375,945.8863783930615,946.6319570487804,947.3713455321204,947.9022601403667
mango_rmse,medium,2018-09-30,2018Q4,2,CONS,947.227700952116,946.8339353212865,0.39376563082953453,945.51598026162,946.1358269293902,947.226667224741,948.3091088234537,948.9899522454169
mango_rmse,medium,2018-09-30,2019Q1,3,CONS,947.8020196155362,946.9293208750909,0.8726987404453439,945.6543912261749,946.4312888214937,947.7937404450536,949.1660359157208,950.0300050534344
mango_rmse,medium,2018-09-30,2019Q2,4,CONS,948.3790672550799,947.5688948183085,0.8101724367713814,945.8384459052523,946.7668992221886,948.3769910445608,949.9341976671606,950.9874352407232
mango_rmse,medium,2018-09-30,2019Q3,5,CONS,948.9583745121732,948.4090113676044,0.5493631445688152,945.9020390428223,947.1737394051066,948.9481570761777,950.7115522584734,951.9957131784802
mango_rmse,medium,2018-09-30,2019Q4,6,CONS,949.5549418959453,948.991030481561,0.5639114143842789,946.1438840616698,947.5652478669612,949.5868527731793,951.5791179224012,952.898440689615
mango_rmse,medium,2018-09-30,2020Q1,7,CONS,950.1446940682957,947.3992268627885,2.745467205507225,946.373433479734,947.906250899301,950.1849329550073,952.3454365734145,953.7485145964325
mango_rmse,medium,2018-09-30,2020Q2,8,CONS,950.7313557142403,937.7306891267151,13.000666587525188,946.6395061260993,948.3996402187616,950.7463519661246,953.1135392969934,954.559720263738
mango_rmse,medium,2018-09-30,2018Q3,1,DEFL,470.95475704122424,470.6182260866492,0.33653095457503923,470.5229187413802,470.68346398590586,470.956919556378,471.21117498186874,471.38520990205916
mango_rmse,medium,2018-09-30,2018Q4,2,DEFL,471.6385090666885,471.07186839761323,0.5666406690752979,470.88412298848675,471.17587510627413,471.6328757790899,472.098305217476,472.404313973109
mango_rmse,medium,2018-09-30,2019Q1,3,DEFL,472.31969352385306,471.4580490171198,0.8616445067332847,471.23006744732885,471.6408510237524,472.3108576809054,472.9835369530215,473.43258319057514
mango_rmse,medium,2018-09-30,2019Q2,4,DEFL,473.007821641241,472.01403804243495,0.9937835988060328,471.52519017911305,472.0645158040702,472.9989394539531,473.93510641780233,474.5678293392011
mango_rmse,medium,2018-09-30,2019Q3,5,DEFL,473.6786596187695,472.33975673527414,1.3389028834953365,471.748009372351,472.48293621188054,473.664871405244,474.85467954370813,475.6728409002196
mango_rmse,medium,2018-09-30,2019Q4,6,DEFL,474.3450243057441,472.70603314659263,1.6389911591514874,471.9494853516089,472.82621282068385,474.33795850213187,475.77952533302886,476.83695640983905
mango_rmse,medium,2018-09-30,2020Q1,7,DEFL,475.0042004520425,473.1080108856083,1.8961895664342023,472.108845328131,473.1733221899182,474.9573109294845,476.75672586566054,478.0416764706449
mango_rmse,medium,2018-09-30,2020Q2,8,DEFL,475.6581059978938,472.73258698908967,2.9255190088041445,472.3034328255342,473.51392433525365,475.6077020740548,477.7095488447185,479.05260940582207
mango_rmse,medium,2018-09-30,2018Q3,1,FFR,1.9276686451498077,1.9233333333333331,0.0043353118164746185,0.5738499134355436,1.0985776079677405,1.9448203385023883,2.740848125778324,3.3233853652216476
mango_rmse,medium,2018-09-30,2018Q4,2,FFR,2.08309137272198,2.22,-0.13690862727802022,0.0929034208821106,0.8768351007143186,2.0897228079094914,3.3336037945558514,4.056914042499378
mango_rmse,medium,2018-09-30,2019Q1,3,FFR,2.2488091078976917,2.4033333333333333,-0.1545242254356416,-0.16269817850749746,0.7939109246655369,2.225819706521036,3.6899477141140173,4.64070282985732
mango_rmse,medium,2018-09-30,2019Q2,4,FFR,2.347653551031816,2.3966666666666665,-0.04901311563485056,-0.5190695203813276,0.6719788838451377,2.34920986322106,4.076683776067902,5.030602615627227
mango_rmse,medium,2018-09-30,2019Q3,5,FFR,2.431423735989483,2.19,0.24142373598948286,-0.8198520981945916,0.5195875581261902,2.4475391770212935,4.343355709381084,5.459615324307598
mango_rmse,medium,2018-09-30,2019Q4,6,FFR,2.535965645337636,1.6433333333333333,0.8926323120043025,-0.8538055341998751,0.4655282891886434,2.5383832645964404,4.550571986248293,5.908478989084871
mango_rmse,medium,2018-09-30,2020Q1,7,FFR,2.5939749256743885,1.26,1.3339749256743885,-1.0231119443172487,0.4026511868883744,2.605757544648891,4.767017909367238,6.132275030436618
mango_rmse,medium,2018-09-30,2020Q2,8,FFR,2.6573506568767944,0.06,2.5973506568767943,-1.0819983759460514,0.30344774292148485,2.6551425718438235,4.969720870379083,6.50386570772874
mango_rmse,medium,2018-09-30,2018Q3,1,GDP,983.1758458923599,983.6265326816047,-0.4506867892447417,981.7918521465201,982.3546204964324,983.1554074829269,984.057069268251,984.6375405389366
mango_rmse,medium,2018-09-30,2018Q4,2,GDP,983.7191178656137,983.8081508542731,-0.08903298865936904,981.7093226387767,982.5104584172961,983.7241407650222,984.9259398022349,985.82650602343
mango_rmse,medium,2018-09-30,2019Q1,3,GDP,984.2477135116981,984.3493940965847,-0.10168058488659426,981.6994006574404,982.7178323478312,984.2111165673098,985.7864995953345,986.866412325521
mango_rmse,medium,2018-09-30,2019Q2,4,GDP,984.7645991407804,985.0201484419601,-0.25554930117971253,981.758918277815,982.9554186552599,984.7215572237094,986.5660805050496,987.7988723861826
mango_rmse,medium,2018-09-30,2019Q3,5,GDP,985.2898364299988,985.9061780536628,-0.6163416236639705,981.829726392747,983.2022112016858,985.3002253774989,987.3192833635937,988.740374454024
mango_rmse,medium,2018-09-30,2019Q4,6,GDP,985.826382298803,986.3482463840766,-0.5218640852735916,981.9827090925465,983.5396200115287,985.8290813256006,988.0683555531547,989.7822771461732
mango_rmse,medium,2018-09-30,2020Q1,7,GDP,986.3551696134975,985.1661326692149,1.189036944282634,982.3114159959243,983.8941614799018,986.3788350179112,988.8226351547789,990.5480037307087
mango_rmse,medium,2018-09-30,2020Q2,8,GDP,986.891511358817,976.3001287902925,10.59138256852441,982.5068153632444,984.2649925956131,986.8705106712994,989.5559485834048,991.2935620805764
mango_rmse,medium,2018-09-30,2018Q3,1,HOURS,471.89268962428383,471.6165794644259,0.27611015985792164,470.54393210780194,471.04602864294236,471.8971741442118,472.71670443351604,473.2459402761931
mango_rmse,medium,2018-09-30,2018Q4,2,HOURS,472.19892097550246,471.8739913670619,0.32492960844058416,470.2430141131224,471.0142487302477,472.18498145554304,473.41119486317336,474.282463926453
mango_rmse,medium,2018-09-30,2019Q1,3,HOURS,472.4788041291244,471.8427440172524,0.6360601118719842,469.907526578763,470.8927631428603,472.45951424990454,474.0886643981007,475.0231528512643
mango_rmse,medium,2018-09-30,2019Q2,4,HOURS,472.7554456335838,471.99353390810563,0.7619117254781713,469.74636684974274,470.88502161964385,472.73911192572245,474.6670370853757,475.8621979157594
mango_rmse,medium,2018-09-30,2019Q3,5,HOURS,473.0173792816146,472.47116746593383,0.5462118156807492,469.471804067242,470.92217212376164,472.9719109004826,475.20325148220996,476.67512024643827
mango_rmse,medium,2018-09-30,2019Q4,6,HOURS,473.29982608967833,472.26242786597743,1.0373982237009045,469.2510445718043,470.86795723558845,473.27834574249766,475.75547329590404,477.33095397146064
mango_rmse,medium,2018-09-30,2020Q1,7,HOURS,473.5830452988345,470.871906161665,2.711139137169539,469.31737358597536,470.8863490576739,473.53859925583936,476.3269625911645,478.03423149867797
mango_rmse,medium,2018-09-30,2020Q2,8,HOURS,473.8436546529005,455.9806644236561,17.862990229244417,469.11870353085163,471.007039180946,473.86629942262795,476.7845158193434,478.4078589654104
mango_rmse,medium,2018-09-30,2018Q3,1,INV,811.6597258628657,814.7015783835387,-3.0418525206730465,804.0654385317672,806.9706844332533,811.6550137106902,816.2303388380201,819.5052560017295
mango_rmse,medium,2018-09-30,2018Q4,2,INV,812.543206614962,814.6305726382449,-2.087366023282925,801.9326954313873,805.9388925615518,812.4330407285606,819.0451419019925,823.6503848091442
mango_rmse,medium,2018-09-30,2019Q1,3,INV,813.2575905049365,815.6036505171336,-2.3460600121970856,799.2867183420692,804.9897045470675,813.1660564512424,821.8336461383112,826.894414874864
mango_rmse,medium,2018-09-30,2019Q2,4,INV,814.0099296608564,816.1904429140767,-2.1805132532202833,798.5759236699892,804.6620883527064,813.7837833847748,823.6046702884463,830.1039210892659
mango_rmse,medium,2018-09-30,2019Q3,5,INV,814.8938613851863,816.8257649464756,-1.9319035612893458,797.5349836721127,804.0919450225008,814.9120119701454,825.3757744702544,832.3668513844208
mango_rmse,medium,2018-09-30,2019Q4,6,INV,815.6091023271031,814.7390743321716,0.8700279949314336,797.044053673651,804.0058081806318,815.3333234902577,827.1550545252198,834.4542926508158
mango_rmse,medium,2018-09-30,2020Q1,7,INV,816.4513376344222,813.4433258838492,3.0080117505730186,796.249523339087,803.8009558088252,816.272977951518,829.1609749647087,837.5888540503544
mango_rmse,medium,2018-09-30,2020Q2,8,INV,817.2029221195871,796.7010818577833,20.501840261803864,796.1648562304882,804.3081036638323,817.0423382743159,830.4360843096476,839.5339792285528
mango_rmse,medium,2018-09-30,2018Q3,1,WAGE,465.6154149740126,466.87269753847164,-1.2572825644590466,464.25749852663324,464.7945984587033,465.63711349322375,466.4105310253857,466.9662502459469
mango_rmse,medium,2018-09-30,2018Q4,2,WAGE,465.7495639533051,466.9486807507763,-1.1991167974712198,463.90510922455826,464.5981783901209,465.7538499440464,466.8696564524487,467.64898420185705
mango_rmse,medium,2018-09-30,2019Q1,3,WAGE,465.8492797990562,468.94837605122734,-3.0990962521711367,463.54330834994,464.47545694955556,465.8586807737582,467.1998890876879,468.11069077064246
mango_rmse,medium,2018-09-30,2019Q2,4,WAGE,465.97769237191284,468.1779313357982,-2.20023896388534,463.28668937619125,464.35638097339677,465.9776418924932,467.5803981131497,468.62956152194715
mango_rmse,medium,2018-09-30,2019Q3,5,WAGE,466.08852620841924,467.93031578293187,-1.8417895745126316,462.9784867651817,464.16175651424635,466.09734100367734,467.93788682494403,469.20471345845846
mango_rmse,medium,2018-09-30,2019Q4,6,WAGE,466.24756610479704,468.9649192566031,-2.717353151806037,462.865978606657,464.09389122861774,466.27439015895317,468.27420390264876,469.6916084676585
mango_rmse,medium,2018-09-30,2020Q1,7,WAGE,466.3518256078886,470.9746394157193,-4.62281380783071,462.6208704284756,464.0396112622344,466.31725812354273,468.5993784571808,470.0472220748902
mango_rmse,medium,2018-09-30,2020Q2,8,WAGE,466.4782468140791,477.5537238247164,-11.075477010637314,462.5250411639551,464.0513588330639,466.4737347163922,468.95035758287764,470.4046473461113
mango_rmse,medium,2018-12-31,2018Q4,1,CONS,947.5636462755513,946.8339353212865,0.7297109542647604,946.3261065925526,946.8332009274461,947.5532382705999,948.2976943262678,948.780191763544
mango_rmse,medium,2018-12-31,2019Q1,2,CONS,948.1875301388005,946.9293208750909,1.2582092637096594,946.3862635328933,947.1104788002506,948.1953174389837,949.278687707424,949.8622471732273
mango_rmse,medium,2018-12-31,2019Q2,3,CONS,948.8371835531143,947.5688948183085,1.2682887348057648,946.6145864223798,947.5362263825369,948.8744810900926,950.1598774657157,951.0318353118951
mango_rmse,medium,2018-12-31,2019Q3,4,CONS,949.4923333452082,948.4090113676044,1.0833219776037595,946.8356747611917,947.9144897771168,949.5545682203674,951.0393160200658,952.0285812403355
mango_rmse,medium,2018-12-31,2019Q4,5,CONS,950.1276280115827,948.991030481561,1.1365975300217315,947.180021747638,948.3776483528076,950.1423613363183,951.8934830316495,953.0805340500061
mango_rmse,medium,2018-12-31,2020Q1,6,CONS,950.7722881436625,947.3992268627885,3.373061280874026,947.4629209280863,948.8042079382484,950.7454296730677,952.7937687771401,954.0914823483212
mango_rmse,medium,2018-12-31,2020Q2,7,CONS,951.3909202214461,937.7306891267151,13.660231094730989,947.8250159886728,949.208021369387,951.3482694597017,953.6199261813013,954.9827347728267
mango_rmse,medium,2018-12-31,2020Q3,8,CONS,952.0094826626332,946.6716048283356,5.337877834297615,948.0800084718641,949.6103688302106,952.0420033190871,954.331774769923,955.8826577633259
mango_rmse,medium,2018-12-31,2018Q4,1,DEFL,471.2257487926342,471.07186839761323,0.15388039502096262,470.7960445146881,470.96325849724775,471.225655693426,471.48339508364137,471.67317178646886
mango_rmse,medium,2018-12-31,2019Q1,2,DEFL,471.778629219292,471.4580490171198,0.3205802021722093,471.03665282928046,471.33255341614733,471.770241215473,472.22660777617045,472.51468828463766
mango_rmse,medium,2018-12-31,2019Q2,3,DEFL,472.3339652625239,472.01403804243495,0.3199272200889709,471.2765231002782,471.6904686082214,472.3362030314855,472.99316331064637,473.41792665732
mango_rmse,medium,2018-12-31,2019Q3,4,DEFL,472.87799846241523,472.33975673527414,0.5382417271410986,471.3854894249028,471.99570812760726,472.8780710879348,473.74649033972696,474.36906650988067
mango_rmse,medium,2018-12-31,2019Q4,5,DEFL,473.4305778485316,472.70603314659263,0.724544701938953,471.50305205273446,472.30401260465567,473.44337948054294,474.552992315729,475.36975964327553
mango_rmse,medium,2018-12-31,2020Q1,6,DEFL,473.9883597292332,473.1080108856083,0.8803488436249154,471.6355162142377,472.58318819939626,474.0017234701173,475.4181126801685,476.34609994569865
mango_rmse,medium,2018-12-31,2020Q2,7,DEFL,474.5510503917102,472.73258698908967,1.818463402620523,471.64826667899877,472.85404772470815,474.53458853892516,476.27148707110973,477.4534045114029
mango_rmse,medium,2018-12-31,2020Q3,8,DEFL,475.11015046745297,473.59440300679853,1.5157474606544383,471.7499931029011,473.11390987067426,475.0993627624822,477.20130842452454,478.54132925369254
mango_rmse,medium,2018-12-31,2018Q4,1,FFR,2.0332718808023684,2.22,-0.18672811919763177,0.7101906051519399,1.1877544372570596,2.0345529064560792,2.896497421711128,3.409417069670859
mango_rmse,medium,2018-12-31,2019Q1,2,FFR,2.0906727968933714,2.4033333333333333,-0.31266053643996194,0.10178208030871645,0.9335286058359344,2.0962267686176346,3.27958246990461,4.003814185734733
mango_rmse,medium,2018-12-31,2019Q2,3,FFR,2.1534125282242784,2.3966666666666665,-0.24325413844238808,-0.2645508412476708,0.6943635149432514,2.1471871946596375,3.554519931308746,4.580549132734184
mango_rmse,medium,2018-12-31,2019Q3,4,FFR,2.2429967652266667,2.19,0.05299676522666674,-0.47016588324041525,0.5515459244879867,2.2478861173493074,3.946560324895807,4.946654159425943
mango_rmse,medium,2018-12-31,2019Q4,5,FFR,2.2833771849175553,1.6433333333333333,0.640043851584222,-0.840377780805122,0.44168236737749633,2.2861308656768937,4.171352403819052,5.311290922901752
mango_rmse,medium,2018-12-31,2020Q1,6,FFR,2.3298928496070785,1.26,1.0698928496070785,-1.1308950290707767,0.33521249766407657,2.3347361634471895,4.373476717128834,5.840344584957834
mango_rmse,medium,2018-12-31,2020Q2,7,FFR,2.329206997404448,0.06,2.269206997404448,-1.3465542881734558,0.21286140860500066,2.2877893608864897,4.532869108306946,6.0411853555592145
mango_rmse,medium,2018-12-31,2020Q3,8,FFR,2.3894206267116362,0.09333333333333334,2.296087293378303,-1.5314936591417183,0.062196301410050704,2.419027636580988,4.707178989355561,6.323285825119722
mango_rmse,medium,2018-12-31,2018Q4,1,GDP,984.0179404797088,983.8081508542731,0.20978962543574653,982.5995971410204,983.1782612828324,984.0273162494307,984.860857367704,985.381272449913
mango_rmse,medium,2018-12-31,2019Q1,2,GDP,984.5877842778019,984.3493940965847,0.2383901812172553,982.4680907398204,983.3573724485549,984.6116532491505,985.8167655330537,986.6005489118468
mango_rmse,medium,2018-12-31,2019Q2,3,GDP,985.1791502843554,985.0201484419601,0.1590018423952415,982.5946915474885,983.648061037618,985.1742124762909,986.7148465285221,987.7211382580921
mango_rmse,medium,2018-12-31,2019Q3,4,GDP,985.7883486514394,985.9061780536628,-0.11782940222337857,982.7815519332399,984.0662842483478,985.7624091967234,987.5761894309962,988.821281655762
mango_rmse,medium,2018-12-31,2019Q4,5,GDP,986.3487106259504,986.3482463840766,0.00046424187382854143,982.9947495909629,984.3185083946352,986.3092268435456,988.4121070946446,989.6951998891838
mango_rmse,medium,2018-12-31,2020Q1,6,GDP,986.902322952605,985.1661326692149,1.7361902833901013,983.1732178591793,984.5980406636605,986.9150234190622,989.2183706114148,990.5368989498294
mango_rmse,medium,2018-12-31,2020Q2,7,GDP,987.456725128872,976.3001287902925,11.156596338579448,983.3248242615421,984.9832967495113,987.4562139934521,989.9410697770552,991.491849232002
mango_rmse,medium,2018-12-31,2020Q3,8,GDP,988.0282584465257,983.8614041962527,4.166854250272991,983.6957966081087,985.3045092169548,988.0072022979821,990.7054941392506,992.368090403672
mango_rmse,medium,2018-12-31,2018Q4,1,HOURS,472.3087849255144,471.8739913670619,0.43479355845249756,470.94372223111316,471.50944656610216,472.3082633878313,473.1296289830148,473.6774581080586
mango_rmse,medium,2018-12-31,2019Q1,2,HOURS,472.65344894474094,471.8427440172524,0.8107049274885298,470.59745236401284,471.48551481338984,472.628964098296,473.8803306830777,474.74552382849123
mango_rmse,medium,2018-12-31,2019Q2,3,HOURS,472.949717432933,471.99353390810563,0.9561835248273951,470.3357235540521,471.3659128167648,472.9565005803988,474.5129522654437,475.5140050418448
mango_rmse,medium,2018-12-31,2019Q3,4,HOURS,473.261132976922,472.47116746593383,0.7899655109881678,470.1225023309906,471.4001032882711,473.2393570050981,475.14028405963364,476.3600704403415
mango_rmse,medium,2018-12-31,2019Q4,5,HOURS,473.5499733410701,472.26242786597743,1.2875454750926565,469.94354238336786,471.41038963852645,473.5252332163159,475.67457956320015,477.1986539867626
mango_rmse,medium,2018-12-31,2020Q1,6,HOURS,473.7679962439684,470.871906161665,2.896090082303431,469.77711301531554,471.3360177041167,473.8341076984085,476.1525214526155,477.7588418065245
mango_rmse,medium,2018-12-31,2020Q2,7,HOURS,474.0066163147298,455.9806644236561,18.025951891073703,469.6089630154118,471.45567737691505,474.030019343502,476.554694763513,478.28908350741665
mango_rmse,medium,2018-12-31,2020Q3,8,HOURS,474.2778615973294,463.8914391952252,10.386422402104188,469.5547189786461,471.50246107537623,474.38829298445853,477.0502673623419,478.8947658794741
mango_rmse,medium,2018-12-31,2018Q4,1,INV,815.2868399632406,814.6305726382449,0.6562673249957243,808.0195991835909,810.7285732458822,815.170675948508,819.8563300801587,822.7050523034399
mango_rmse,medium,2018-12-31,2019Q1,2,INV,816.228367481825,815.6036505171336,0.6247169646914017,805.4649312551356,809.5302959281115,816.1851893799092,822.7860828689844,827.3995453846034
mango_rmse,medium,2018-12-31,2019Q2,3,INV,817.224176713306,816.1904429140767,1.0337337992292532,803.9553891901602,809.105990179541,817.3813725435548,825.2324845343959,830.706387736359
mango_rmse,medium,2018-12-31,2019Q3,4,INV,818.1262546607526,816.8257649464756,1.3004897142769778,802.9242232864995,808.8719653175542,818.0793864633454,827.6713641287604,833.5864440153376
mango_rmse,medium,2018-12-31,2019Q4,5,INV,818.8379922277977,814.7390743321716,4.098917895626073,800.9872094421305,808.1497295569167,819.1622845316333,829.0828679706897,836.0254162595153
mango_rmse,medium,2018-12-31,2020Q1,6,INV,819.5048636954078,813.4433258838492,6.061537811558651,801.0005622122943,808.001993185252,819.1696631327653,831.1049560078086,839.0374094162052
mango_rmse,medium,2018-12-31,2020Q2,7,INV,820.4187560940416,796.7010818577833,23.71767423625829,799.7013754830247,807.6011363012784,820.0318885541448,833.3494261709844,841.4798080930751
mango_rmse,medium,2018-12-31,2020Q3,8,INV,821.2497907902227,812.9806283457561,8.269162444466588,799.4790829144714,807.4433899793165,820.8731917569747,834.9912001141654,844.2466603118481
mango_rmse,medium,2018-12-31,2018Q4,1,WAGE,465.51831669495215,466.9486807507763,-1.4303640558241568,464.2246369704883,464.6894780344909,465.51813898769717,466.31560441888473,466.85931610189084
mango_rmse,medium,2018-12-31,2019Q1,2,WAGE,465.67402238444157,468.94837605122734,-3.274353666785771,463.81295364306186,464.52103416524136,465.67562966997514,466.8369825342239,467.61199036665244
mango_rmse,medium,2018-12-31,2019Q2,3,WAGE,465.8088734043806,468.1779313357982,-2.369057931417558,463.43543201357875,464.35352042779624,465.81523436344014,467.20782928625584,468.21587085280095
mango_rmse,medium,2018-12-31,2019Q3,4,WAGE,465.9703833840259,467.93031578293187,-1.9599323989059485,463.1908077027747,464.24455347858736,465.9945901203548,467.62418954529966,468.79376820913836
mango_rmse,medium,2018-12-31,2019Q4,5,WAGE,466.1075448988852,468.9649192566031,-2.8573743577179016,462.89513651963983,464.2608875033156,466.112333631448,467.9307996002932,469.33084665955994
mango_rmse,medium,2018-12-31,2020Q1,6,WAGE,466.2775257607338,470.9746394157193,-4.697113654985515,462.8177890803596,464.2243145733853,466.2659291768987,468.2434246396042,469.7360046573019
mango_rmse,medium,2018-12-31,2020Q2,7,WAGE,466.44555089079955,477.5537238247164,-11.108172933916876,462.5505499497736,464.20153023359603,466.47734988500497,468.6850908764366,470.2727403485651
mango_rmse,medium,2018-12-31,2020Q3,8,WAGE,466.605772362017,474.96600644730387,-8.36023408528689,462.49348560020155,464.1607406987494,466.6248568086417,468.9732786425707,470.6809816031618
mango_rmse,medium,2019-03-31,2019Q1,1,CONS,948.1231934088881,946.9293208750909,1.1938725337972755,946.8954852555639,947.3420889602176,948.1269539600938,948.8497424131897,949.3468388973118
mango_rmse,medium,2019-03-31,2019Q2,2,CONS,948.7683223227195,947.5688948183085,1.1994275044110054,947.0005706663094,947.6450358192459,948.7805748914341,949.8112811130668,950.5827298015781
mango_rmse,medium,2019-03-31,2019Q3,3,CONS,949.3897234938971,948.4090113676044,0.9807121262927012,947.1613313533554,947.9856228696634,949.3821338698908,950.7421638428218,951.6202062372483
mango_rmse,medium,2019-03-31,2019Q4,4,CONS,950.0340667280689,948.991030481561,1.0430362465078815,947.3190681758275,948.4213433705482,949.9899417597494,951.6818364835497,952.6959274393648
mango_rmse,medium,2019-03-31,2020Q1,5,CONS,950.6721501751022,947.3992268627885,3.272923312313651,947.6494479093835,948.8309648989602,950.6676913569556,952.5527298734717,953.6375331023628
mango_rmse,medium,2019-03-31,2020Q2,6,CONS,951.3043215399855,937.7306891267151,13.573632413270388,948.0582143842172,949.3336788640328,951.2939430981537,953.373715514037,954.692441465824
mango_rmse,medium,2019-03-31,2020Q3,7,CONS,951.9677644679457,946.6716048283356,5.296159639610096,948.4262725316457,949.7480315921028,951.9509059235936,954.2000717632534,955.6667716986228
mango_rmse,medium,2019-03-31,2020Q4,8,CONS,952.5845600096433,947.6283915482803,4.9561684613629495,948.7401996556068,950.1291153260848,952.5571284921739,955.0070154978011,956.6105003053453
mango_rmse,medium,2019-03-31,2019Q1,1,DEFL,471.64709216149294,471.4580490171198,0.1890431443731586,471.21549046277573,471.3902860688946,471.6477019629218,471.90932758857065,472.06849480255477
mango_rmse,medium,2019-03-31,2019Q2,2,DEFL,472.16858471367067,472.01403804243495,0.15454667123572108,471.4201109682801,471.7355055566094,472.1693512718619,472.61300560533994,472.9261494207863
mango_rmse,medium,2019-03-31,2019Q3,3,DEFL,472.6814245251438,472.33975673527414,0.34166778986968893,471.5724056493628,472.02342813771935,472.6812102783116,473.33331953207744,473.7625796045774
mango_rmse,medium,2019-03-31,2019Q4,4,DEFL,473.20823505286813,472.70603314659263,0.5022019062755021,471.68280778282116,472.3329553374876,473.2225925659455,474.0728825154466,474.6841712962597
mango_rmse,medium,2019-03-31,2020Q1,5,DEFL,473.73135451498575,473.1080108856083,0.623343629377473,471.7878690036103,472.58518602620524,473.736760722728,474.8539531889754,475.7010588739166
mango_rmse,medium,2019-03-31,2020Q2,6,DEFL,474.25059948177716,472.73258698908967,1.5180124926874896,471.85817738288546,472.8131602027838,474.2642124449652,475.68026919412307,476.61353820786576
mango_rmse,medium,2019-03-31,2020Q3,7,DEFL,474.78236241995626,473.59440300679853,1.1879594131577278,472.037754470567,473.05062923332946,474.7782461558013,476.5484050669627,477.5803269269042
mango_rmse,medium,2019-03-31,2020Q4,8,DEFL,475.31019973219196,474.2250274536357,1.0851722785562856,472.11203124804314,473.22193756003475,475.3104969665065,477.42478929047223,478.6000216375771
mango_rmse,medium,2019-03-31,2019Q1,1,FFR,2.272752133250645,2.4033333333333333,-0.13058120008268848,0.8389932589880776,1.4382629689899409,2.2932007552767395,3.1226388718892157,3.6273387323004176
mango_rmse,medium,2019-03-31,2019Q2,2,FFR,2.317263205706289,2.3966666666666665,-0.07940346096037754,0.3867890246220691,1.1342890863492818,2.3443606839947417,3.4883890355386837,4.263222753153064
mango_rmse,medium,2019-03-31,2019Q3,3,FFR,2.3923438384735665,2.19,0.20234383847356652,0.01827760856511268,0.9447148729176772,2.4011770685764926,3.8298768271951626,4.861068927800959
mango_rmse,medium,2019-03-31,2019Q4,4,FFR,2.4528985749856713,1.6433333333333333,0.809565241652338,-0.3119379811289196,0.7454087323890182,2.437580397412354,4.093625109987597,5.227512915955229
mango_rmse,medium,2019-03-31,2020Q1,5,FFR,2.4897877097195527,1.26,1.2297877097195526,-0.584456327534933,0.610971262657584,2.459159198197991,4.410558011434123,5.651167671028064
mango_rmse,medium,2019-03-31,2020Q2,6,FFR,2.491118574461423,0.06,2.431118574461423,-0.8881864075740167,0.3544090880237353,2.5071995301735854,4.565326310356456,5.9635614076657575
mango_rmse,medium,2019-03-31,2020Q3,7,FFR,2.5297316850267038,0.09333333333333334,2.4363983516933705,-1.0744491876012028,0.3332647252186961,2.488360494703765,4.795382672375395,6.249281442342097
mango_rmse,medium,2019-03-31,2020Q4,8,FFR,2.5305003641627906,0.09000000000000001,2.4405003641627907,-1.4097531447336522,0.18481021906891076,2.433000938956625,4.979079048546947,6.494921566779703
mango_rmse,medium,2019-03-31,2019Q1,1,GDP,984.5354557084386,984.3493940965847,0.18606161185391557,983.0588812571409,983.6645478580241,984.5321855463283,985.4099703976466,986.0103667605235
mango_rmse,medium,2019-03-31,2019Q2,2,GDP,985.1464936554057,985.0201484419601,0.1263452134455747,982.9919385475996,983.8808346920727,985.164861508403,986.4088917050301,987.1649540454218
mango_rmse,medium,2019-03-31,2019Q3,3,GDP,985.7435061330498,985.9061780536628,-0.1626719206129792,983.0613959071428,984.121178161968,985.768735834981,987.3149790664244,988.3630415269793
mango_rmse,medium,2019-03-31,2019Q4,4,GDP,986.3061881413674,986.3482463840766,-0.04205824270911762,983.2515372124586,984.4912997579075,986.3087035546577,988.11692482665,989.3892306680441
mango_rmse,medium,2019-03-31,2020Q1,5,GDP,986.8858579447589,985.1661326692149,1.719725275543965,983.4088767415705,984.8248422639052,986.8831653679272,988.9206581579684,990.4114336813426
mango_rmse,medium,2019-03-31,2020Q2,6,GDP,987.4494670645754,976.3001287902925,11.149338274282854,983.7219654480756,985.2552018434573,987.4281774057449,989.7429693249748,991.1413092852467
mango_rmse,medium,2019-03-31,2020Q3,7,GDP,988.041438127449,983.8614041962527,4.180033931196363,984.0135389577418,985.6329404167728,987.9726375744765,990.5826447226306,992.1608567273373
mango_rmse,medium,2019-03-31,2020Q4,8,GDP,988.5659058128656,984.8200081508296,3.7458976620359863,984.20806703881,985.9617023493195,988.4963998311839,991.2760395033491,993.0669286801879
mango_rmse,medium,2019-03-31,2019Q1,1,HOURS,472.6442727187287,471.8427440172524,0.8015287014762862,471.23586029780927,471.8154959738049,472.6497738062956,473.48674497296196,474.04341963414265
mango_rmse,medium,2019-03-31,2019Q2,2,HOURS,472.96509579086893,471.99353390810563,0.9715618827632966,470.91867772820075,471.7113313201366,473.00402251878097,474.20914109424314,474.97496408335894
mango_rmse,medium,2019-03-31,2019Q3,3,HOURS,473.2805593435057,472.47116746593383,0.8093918775718407,470.6729596301166,471.62682929834136,473.33481268490175,474.8822258710826,475.9910678077711
mango_rmse,medium,2019-03-31,2019Q4,4,HOURS,473.5661613992826,472.26242786597743,1.3037335333051487,470.3745620967595,471.6814544055377,473.54940326264955,475.44994095072343,476.82644439115455
mango_rmse,medium,2019-03-31,2020Q1,5,HOURS,473.8279211172228,470.871906161665,2.956014955557805,470.2293714928665,471.66352281125296,473.80924881527733,475.9656677766459,477.4983763689487
mango_rmse,medium,2019-03-31,2020Q2,6,HOURS,474.09076463429034,455.9806644236561,18.110100210634243,470.0785603503471,471.7941310577853,474.07113806664347,476.4512740947567,478.07463590856315
mango_rmse,medium,2019-03-31,2020Q3,7,HOURS,474.3692858825152,463.8914391952252,10.477846687290025,470.15882230148924,471.8922337614484,474.2953955151681,476.97332209147504,478.72901630800965
mango_rmse,medium,2019-03-31,2020Q4,8,HOURS,474.62082319484193,466.1711187045766,8.449704490265333,470.14785289002623,471.8799231562958,474.5856501970282,477.3989665931416,479.2079879801494
mango_rmse,medium,2019-03-31,2019Q1,1,INV,816.0362822890452,815.6036505171336,0.43263177191158775,808.4160337411241,811.3449210224387,816.184296866795,820.7261051472639,823.5249474694033
mango_rmse,medium,2019-03-31,2019Q2,2,INV,817.0953166197806,816.1904429140767,0.9048737057039489,805.9106648688947,810.4141249428933,817.1717706629172,823.7524558611337,828.2447425093924
mango_rmse,medium,2019-03-31,2019Q3,3,INV,818.025182708332,816.8257649464756,1.1994177618563526,804.3273767474391,810.0070674774446,818.0419827860471,826.2196288217966,831.3736246237439
mango_rmse,medium,2019-03-31,2019Q4,4,INV,818.8505159817763,814.7390743321716,4.1114416496046715,802.8594432536879,809.4088511428732,818.9975616230416,828.1435490615067,834.8807496054177
mango_rmse,medium,2019-03-31,2020Q1,5,INV,819.5998820053505,813.4433258838492,6.156556121501353,801.9903054424576,809.2383141588467,819.487512239084,829.9477510511975,836.49758305973
mango_rmse,medium,2019-03-31,2020Q2,6,INV,820.3555098259549,796.7010818577833,23.654427968171603,800.9627264138475,808.9326254129207,820.4181290462541,831.6166190991713,838.8238711682716
mango_rmse,medium,2019-03-31,2020Q3,7,INV,821.302124422089,812.9806283457561,8.321496076332892,801.1201968405312,809.3799947472306,821.256760947357,833.3051446994307,841.3684180765409
mango_rmse,medium,2019-03-31,2020Q4,8,INV,821.9351613605274,817.1216530510744,4.813508309453027,800.5297602751376,809.0655676764219,822.0560146869117,834.8446909241738,843.4451162726123
mango_rmse,medium,2019-03-31,2019Q1,1,WAGE,466.1106295838225,468.94837605122734,-2.837746467404827,464.77225682217295,465.3182926016129,466.092765281384,466.9541568166169,467.4299936496454
mango_rmse,medium,2019-03-31,2019Q2,2,WAGE,466.3056073898632,468.1779313357982,-1.8723239459349656,464.4520049941654,465.18332724672905,466.3169297394237,467.43273641899725,468.22325523346893
mango_rmse,medium,2019-03-31,2019Q3,3,WAGE,466.48032141306453,467.93031578293187,-1.4499943698673405,464.11429829139917,465.07320362983495,466.5084600037219,467.89949475485867,468.7590836801137
mango_rmse,medium,2019-03-31,2019Q4,4,WAGE,466.6499215191563,468.9649192566031,-2.314997737446788,463.9533676784981,464.9999519367501,466.69675768938714,468.2118252151121,469.25348283001165
mango_rmse,medium,2019-03-31,2020Q1,5,WAGE,466.7990984030207,470.9746394157193,-4.175541012698602,463.67013196906225,465.00557848196564,466.7832074473588,468.57099655092463,469.80558642928474
mango_rmse,medium,2019-03-31,2020Q2,6,WAGE,466.99810460384793,477.5537238247164,-10.555619220868493,463.6498019571239,464.91241226564483,467.0619270921247,468.9422672069456,470.33129696556
mango_rmse,medium,2019-03-31,2020Q3,7,WAGE,467.166341071463,474.96600644730387,-7.799665375840846,463.42677207499196,464.83782628073396,467.242302810643,469.35931648462537,470.76926271563235
mango_rmse,medium,2019-03-31,2020Q4,8,WAGE,467.32394764461407,476.6829746333951,-9.359026988781011,463.36162755873175,464.883693196536,467.33971304022486,469.67778303550125,471.2301495359268
mango_rmse,medium,2019-06-30,2019Q2,1,CONS,948.4024525776373,947.5688948183085,0.8335577593287553,947.1633574605928,947.6416022913404,948.4213070002668,949.1625878448742,949.6577716501776
mango_rmse,medium,2019-06-30,2019Q3,2,CONS,949.0548618715101,948.4090113676044,0.645850503905649,947.3444718020579,947.9960115185763,949.0700684344164,950.085061598711,950.7690405860644
mango_rmse,medium,2019-06-30,2019Q4,3,CONS,949.7072459602593,948.991030481561,0.7162154786983592,947.5544244188592,948.3913252635124,949.7265107116596,951.0004971127986,951.920960236221
mango_rmse,medium,2019-06-30,2020Q1,4,CONS,950.4015893591858,947.3992268627885,3.002362496397268,947.8105862725911,948.883080054591,950.4112884877352,951.9275516609226,952.9068245482442
mango_rmse,medium,2019-06-30,2020Q2,5,CONS,951.0781957661289,937.7306891267151,13.347506639413837,948.2579558527656,949.3078603016015,951.0772083556514,952.8156631783,953.8552790200174
mango_rmse,medium,2019-06-30,2020Q3,6,CONS,951.7328645829441,946.6716048283356,5.0612597546085,948.5598519950906,949.8081674919084,951.6858339341791,953.6692868073748,954.8090001917367
mango_rmse,medium,2019-06-30,2020Q4,7,CONS,952.36044015332,947.6283915482803,4.732048605039722,948.8762054235849,950.2360295266632,952.3530972115996,954.5378510823913,955.7909706700541
mango_rmse,medium,2019-06-30,2021Q1,8,CONS,953.0035813234765,950.2021661886747,2.8014151348018004,949.1872576669315,950.6674965518752,953.027805800241,955.3715721746669,956.7395709835821
mango_rmse,medium,2019-06-30,2019Q2,1,DEFL,471.6577479890938,472.01403804243495,-0.3562900533411266,471.22456236183757,471.39386588977374,471.6571537765775,471.92426565739794,472.0796493818553
mango_rmse,medium,2019-06-30,2019Q3,2,DEFL,472.0116200091527,472.33975673527414,-0.32813672612144273,471.2725612996775,471.5637902121681,472.0060772913637,472.4660050236687,472.7697042033714
mango_rmse,medium,2019-06-30,2019Q4,3,DEFL,472.36949706046863,472.70603314659263,-0.3365360861239992,471.2727134560777,471.70566271131935,472.37533353811773,473.01708651147294,473.52272518475553
mango_rmse,medium,2019-06-30,2020Q1,4,DEFL,472.74024396676236,473.1080108856083,-0.3677669188459163,471.19421254914096,471.8322990501719,472.77485462996685,473.6125722693239,474.26519869042266
mango_rmse,medium,2019-06-30,2020Q2,5,DEFL,473.12061120904565,472.73258698908967,0.38802421995598024,471.14898497026803,471.92521373277265,473.1331447865985,474.26995932269796,475.0704442088002
mango_rmse,medium,2019-06-30,2020Q3,6,DEFL,473.5059060493653,473.59440300679853,-0.08849695743322172,471.04184099778075,472.0239647246622,473.51534735192445,474.96337840428157,475.902685887907
mango_rmse,medium,2019-06-30,2020Q4,7,DEFL,473.90143340724603,474.2250274536357,-0.32359404638964406,470.91577948956785,472.1321042516495,473.9332878926178,475.62806227888035,476.845541843424
mango_rmse,medium,2019-06-30,2021Q1,8,DEFL,474.3109735817022,475.4624139156429,-1.151440333940684,470.8547322842257,472.24846252109364,474.3417245372822,476.36632370607884,477.7906834006306
mango_rmse,medium,2019-06-30,2019Q2,1,FFR,2.3500655116755396,2.3966666666666665,-0.046601154991126936,0.9997312670325713,1.5004435650903583,2.358207365993411,3.1638205521515017,3.697519230243353
mango_rmse,medium,2019-06-30,2019Q3,2,FFR,2.2933529360199763,2.19,0.1033529360199763,0.3174762942580447,1.088354002430939,2.311159223534403,3.484260698469922,4.234355679030227
mango_rmse,medium,2019-06-30,2019Q4,3,FFR,2.2632779517633526,1.6433333333333333,0.6199446184300192,-0.12490933742049895,0.7886134311085699,2.2926683569323925,3.6780188806260883,4.5724715926926915
mango_rmse,medium,2019-06-30,2020Q1,4,FFR,2.245121813913881,1.26,0.9851218139138809,-0.5680987662834766,0.4984938118646789,2.2391786484675054,3.957698404489742,5.034248040403377
mango_rmse,medium,2019-06-30,2020Q2,5,FFR,2.223725620345305,0.06,2.163725620345305,-0.8761858056159513,0.28656237763603565,2.2137424446068215,4.154620984388744,5.56781694650441
mango_rmse,medium,2019-06-30,2020Q3,6,FFR,2.208265492568973,0.09333333333333334,2.11493215923564,-1.143695362278504,0.12437586846955499,2.2174704254224666,4.293704169884487,5.593983985817187
mango_rmse,medium,2019-06-30,2020Q4,7,FFR,2.181779417436187,0.09000000000000001,2.0917794174361872,-1.3526399730844196,-0.05078512266358777,2.179489844777896,4.439453150280563,5.812686803967633
mango_rmse,medium,2019-06-30,2021Q1,8,FFR,2.1955205757084313,0.08,2.115520575708431,-1.640168193066704,-0.19669337824307687,2.16364225008199,4.584837521748759,6.077642920007241
mango_rmse,medium,2019-06-30,2019Q2,1,GDP,985.3388009806487,985.0201484419601,0.31865253868852506,983.9331972151449,984.4827882769281,985.3291908799151,986.1886048833129,986.7396307802009
mango_rmse,medium,2019-06-30,2019Q3,2,GDP,985.9344737460185,985.9061780536628,0.02829569235575491,983.861078391554,984.7238936567381,985.9418327753942,987.1158407932826,987.9821405011251
mango_rmse,medium,2019-06-30,2019Q4,3,GDP,986.5432099273208,986.3482463840766,0.19496354324428466,984.0226273334672,985.034929702859,986.5700268593572,988.0273597009797,989.0209793896308
mango_rmse,medium,2019-06-30,2020Q1,4,GDP,987.1676048355954,985.1661326692149,2.001472166380495,984.1983039370077,985.392398164349,987.1999503300415,988.8826055039017,990.1015339227147
mango_rmse,medium,2019-06-30,2020Q2,5,GDP,987.7567564223364,976.3001287902925,11.45662763204382,984.3131680263443,985.7733139278573,987.794998823261,989.7042731220181,991.0586207982258
mango_rmse,medium,2019-06-30,2020Q3,6,GDP,988.3456352717507,983.8614041962527,4.4842310754979735,984.5207896295527,986.0967737291876,988.3678118349015,990.5153013504913,991.9677920879318
mango_rmse,medium,2019-06-30,2020Q4,7,GDP,988.9046137606347,984.8200081508296,4.084605609805067,984.7537906302556,986.4923626315157,988.9402830563364,991.2874683387513,992.954884286237
mango_rmse,medium,2019-06-30,2021Q1,8,GDP,989.4960460831584,986.3510201204363,3.1450259627221158,985.0216428437445,986.8740286175529,989.5180532660082,992.1380413033584,993.6834660507035
mango_rmse,medium,2019-06-30,2019Q2,1,HOURS,472.64570072537924,471.99353390810563,0.6521668172736099,471.24791119094624,471.8203299515525,472.6424918409158,473.504493967819,474.0104304739107
mango_rmse,medium,2019-06-30,2019Q3,2,HOURS,472.9038128421421,472.47116746593383,0.4326453762082565,470.8292671981047,471.68210093969446,472.8900501657047,474.16004742604775,475.058348075357
mango_rmse,medium,2019-06-30,2019Q4,3,HOURS,473.15707935152267,472.26242786597743,0.8946514855452392,470.574340312295,471.56582525398545,473.15041429892926,474.729449158326,475.7665434443
mango_rmse,medium,2019-06-30,2020Q1,4,HOURS,473.4086825236111,470.871906161665,2.5367763619461243,470.254188445877,471.40767906257383,473.44590965915006,475.39869622301154,476.57323850684276
mango_rmse,medium,2019-06-30,2020Q2,5,HOURS,473.6451158733938,455.9806644236561,17.664451449737726,469.96925527572387,471.43763801538176,473.66229475936746,475.85176060347226,477.28205686470227
mango_rmse,medium,2019-06-30,2020Q3,6,HOURS,473.9100525082385,463.8914391952252,10.018613313013304,469.74822785200575,471.45901696361653,473.95694491681735,476.3139278493907,477.8923419007481
mango_rmse,medium,2019-06-30,2020Q4,7,HOURS,474.15841298176167,466.1711187045766,7.987294277185072,469.6512718130141,471.5098802192005,474.2175219003032,476.7361607926571,478.45349002486154
mango_rmse,medium,2019-06-30,2021Q1,8,HOURS,474.42964379501257,467.4565643093244,6.973079485688174,469.6784728497322,471.6306053940608,474.3741628836075,477.27990395601546,479.0532354200962
mango_rmse,medium,2019-06-30,2019Q2,1,INV,817.4598221750649,816.1904429140767,1.2693792609882166,809.7831653315452,812.7589416308243,817.4626009461975,822.0660651635264,825.2293124182232
mango_rmse,medium,2019-06-30,2019Q3,2,INV,818.23486488017,816.8257649464756,1.4090999336943923,807.0508560243906,811.6339933339881,818.2907022357035,825.1193981436148,828.9471616941335
mango_rmse,medium,2019-06-30,2019Q4,3,INV,819.0918781129352,814.7390743321716,4.3528037807635656,805.3543355528053,810.8349848575693,819.2486219351977,827.1643384937007,832.9959653532123
mango_rmse,medium,2019-06-30,2020Q1,4,INV,819.9900387620963,813.4433258838492,6.546712878247149,803.9686408171702,810.6148450689968,820.1641124533523,829.2482090778631,835.428149207508
mango_rmse,medium,2019-06-30,2020Q2,5,INV,820.8821398894752,796.7010818577833,24.18105803169192,802.521155695056,810.9511667862845,820.8522558132021,831.6735491929838,838.8135439268543
mango_rmse,medium,2019-06-30,2020Q3,6,INV,821.6423508515117,812.9806283457561,8.661722505755506,802.300794016406,810.2199095585166,821.6324717029171,833.2640483000519,840.5258189600439
mango_rmse,medium,2019-06-30,2020Q4,7,INV,822.4693128261601,817.1216530510744,5.347659775085731,801.5343643394142,810.2650160164101,822.4387634243153,834.932775168665,842.9049923772413
mango_rmse,medium,2019-06-30,2021Q1,8,INV,823.2547987744327,815.7454702469023,7.509328527530442,800.4394222167191,809.8275299864578,823.3568444712788,836.4687750957104,845.1138059553655
mango_rmse,medium,2019-06-30,2019Q2,1,WAGE,465.7932636661674,468.1779313357982,-2.384667669630801,464.4946652641008,465.02592353315293,465.7968262718621,466.5932902238994,467.1034754835774
mango_rmse,medium,2019-06-30,2019Q3,2,WAGE,465.971327155422,467.93031578293187,-1.958988627509882,464.0885256607669,464.829398405522,465.9647143270647,467.15338746324454,467.80870756735845
mango_rmse,medium,2019-06-30,2019Q4,3,WAGE,466.1536083645701,468.9649192566031,-2.8113108920329637,463.8127020546452,464.76100198486614,466.1544270079203,467.5877536482638,468.38407923846637
mango_rmse,medium,2019-06-30,2020Q1,4,WAGE,466.36871231952443,470.9746394157193,-4.6059270961948755,463.6591931884672,464.7649041784801,466.3209909706577,467.974032761739,469.1727698743283
mango_rmse,medium,2019-06-30,2020Q2,5,WAGE,466.54436334173676,477.5537238247164,-11.009360482979673,463.58939279113724,464.73299134466544,466.5340088101028,468.3952564966449,469.75016245773054
mango_rmse,medium,2019-06-30,2020Q3,6,WAGE,466.72664982979796,474.96600644730387,-8.239356617505905,463.4386056666023,464.7508541321977,466.70806353066257,468.7816046198584,470.12525030519646
mango_rmse,medium,2019-06-30,2020Q4,7,WAGE,466.93086828507444,476.6829746333951,-9.752106348320638,463.3673715781293,464.6979105962655,466.858018843679,469.2194749874245,470.7843740208196
mango_rmse,medium,2019-06-30,2021Q1,8,WAGE,467.0882295141537,475.34867374793606,-8.26044423378238,463.1972927597935,464.68738602880006,467.0682698498308,469.4745013845269,471.1697449640666
mango_rmse,medium,2019-09-30,2019Q3,1,CONS,949.818139382809,948.4090113676044,1.409128015204601,948.6482030724096,949.0705872559374,949.8214833855068,950.5722693705994,950.9927870312324
mango_rmse,medium,2019-09-30,2019Q4,2,CONS,950.4561331961726,948.991030481561,1.4651027146115894,948.6772875815029,949.4171895934011,950.4531815330081,951.525987266934,952.2099750476667
mango_rmse,medium,2019-09-30,2020Q1,3,CONS,951.1018092725698,947.3992268627885,3.7025824097812574,948.8931700510883,949.7686929292762,951.1109084051229,952.4646705665361,953.2900301796429
mango_rmse,medium,2019-09-30,2020Q2,4,CONS,951.7290514359308,937.7306891267151,13.998362309215736,949.1335515203405,950.1263491544642,951.7222628275968,953.3157522630172,954.4171994281045
mango_rmse,medium,2019-09-30,2020Q3,5,CONS,952.3995869595266,946.6716048283356,5.72798213119097,949.5245508050812,950.5097044504536,952.4101744692005,954.2587535016962,955.3916262330316
mango_rmse,medium,2019-09-30,2020Q4,6,CONS,953.022825570403,947.6283915482803,5.394434022122709,949.7750307074456,951.0751682898543,953.0399219634472,955.0649340840567,956.366652092574
mango_rmse,medium,2019-09-30,2021Q1,7,CONS,953.6568406478831,950.2021661886747,3.454674459208377,950.040752895406,951.5216937167479,953.6153376326147,955.8217575189119,957.2651877045707
mango_rmse,medium,2019-09-30,2021Q2,8,CONS,954.293684102615,953.0515384475948,1.242145655020181,950.5011404350406,951.9309644357961,954.3055738754679,956.567099578923,958.289156876622
mango_rmse,medium,2019-09-30,2019Q3,1,DEFL,472.4965027093727,472.33975673527414,0.1567459740985555,472.05947257606704,472.2346800492107,472.4975144165005,472.75726774693607,472.9082211638953
mango_rmse,medium,2019-09-30,2019Q4,2,DEFL,472.9829545448588,472.70603314659263,0.27692139826615403,472.2339115990689,472.52210551056857,472.97704224628876,473.4338263063624,473.7118404589081
mango_rmse,medium,2019-09-30,2020Q1,3,DEFL,473.4810329731208,473.1080108856083,0.3730220875125383,472.3994569370813,472.8092944452195,473.47839996653175,474.1532173576763,474.59130287675134
mango_rmse,medium,2019-09-30,2020Q2,4,DEFL,473.9918586690345,472.73258698908967,1.2592716799448453,472.522732786498,473.1069696817498,473.9648819040923,474.8988657339194,475.479793633194
mango_rmse,medium,2019-09-30,2020Q3,5,DEFL,474.502054190629,473.59440300679853,0.9076511838304668,472.63924681244913,473.3566800099496,474.4985602981062,475.6478242778127,476.4348380712635
mango_rmse,medium,2019-09-30,2020Q4,6,DEFL,475.0111046171605,474.2250274536357,0.7860771635248511,472.66233925015115,473.5678865980489,475.01676296217516,476.38648984782577,477.4092101308838
mango_rmse,medium,2019-09-30,2021Q1,7,DEFL,475.52782066210267,475.4624139156429,0.06540674645975741,472.7269567413336,473.79490687271624,475.52300891315235,477.1762249325123,478.4181814057967
mango_rmse,medium,2019-09-30,2021Q2,8,DEFL,476.05759290161006,477.0023388948485,-0.9447459932384277,472.79457226170985,474.074767334923,476.0605262145691,477.9931133733199,479.49874699598274
mango_rmse,medium,2019-09-30,2019Q3,1,FFR,2.4043263800921375,2.19,0.21432638009213756,1.0894601879612666,1.576953310880349,2.3913359071739144,3.232964521406675,3.8043606349535177
mango_rmse,medium,2019-09-30,2019Q4,2,FFR,2.4557091524019485,1.6433333333333333,0.8123758190686152,0.4885571115954459,1.2888159347964452,2.429218843168383,3.643579541614286,4.380646474848206
mango_rmse,medium,2019-09-30,2020Q1,3,FFR,2.514452577178781,1.26,1.2544525771787811,0.1019236239578201,1.0952110037975509,2.4767808499278723,3.983587379847591,4.931201744757226
mango_rmse,medium,2019-09-30,2020Q2,4,FFR,2.5236445491399615,0.06,2.4636445491399614,-0.4046537540553423,0.7881408611891543,2.5554779912809185,4.143258256859333,5.254822886477645
mango_rmse,medium,2019-09-30,2020Q3,5,FFR,2.550617625626639,0.09333333333333334,2.4572842922933056,-0.554802048793036,0.5901673212517707,2.5759712639771646,4.464057592621893,5.626102607627264
mango_rmse,medium,2019-09-30,2020Q4,6,FFR,2.543801076563274,0.09000000000000001,2.4538010765632743,-0.9019466076222272,0.44331113271817557,2.578036223020873,4.614825977747107,5.895059459849974
mango_rmse,medium,2019-09-30,2021Q1,7,FFR,2.5300961316829795,0.08,2.4500961316829795,-1.142476069775412,0.30334398600561796,2.564008154462491,4.734109639316874,6.171270951490547
mango_rmse,medium,2019-09-30,2021Q2,8,FFR,2.585148013773673,0.07,2.5151480137736733,-1.229687185584272,0.285046449207522,2.632406955232451,4.89871269736039,6.446372696715607
mango_rmse,medium,2019-09-30,2019Q3,1,GDP,985.9246413306429,985.9061780536628,0.018463276980128285,984.5760190623467,985.1068943069787,985.915071674103,986.769600416378,987.3471156607161
mango_rmse,medium,2019-09-30,2019Q4,2,GDP,986.5266325291436,986.3482463840766,0.17838614506706563,984.4973629382257,985.2679592326588,986.5180114332534,987.7550173315979,988.5500681013461
mango_rmse,medium,2019-09-30,2020Q1,3,GDP,987.127443353194,985.1661326692149,1.9613106839791499,984.4719171472432,985.552431548409,987.1243689718735,988.6946465933521,989.6983731049694
mango_rmse,medium,2019-09-30,2020Q2,4,GDP,987.7095081883042,976.3001287902925,11.409379398011652,984.49711699972,985.8873950855292,987.6670864092697,989.6050535971301,990.7817694084077
mango_rmse,medium,2019-09-30,2020Q3,5,GDP,988.2919900665224,983.8614041962527,4.430585870269738,984.8114446706832,986.1495046933798,988.2748588683619,990.4227948036028,991.747557598232
mango_rmse,medium,2019-09-30,2020Q4,6,GDP,988.8495488045006,984.8200081508296,4.029540653671006,985.0280354372104,986.5070590349671,988.7797570976164,991.2971775565637,992.6806317650719
mango_rmse,medium,2019-09-30,2021Q1,7,GDP,989.3986965105576,986.3510201204363,3.047676390121296,985.2823867298214,986.86528907767,989.3632353716239,991.9389810316255,993.636266112273
mango_rmse,medium,2019-09-30,2021Q2,8,GDP,989.9623185481398,988.0436302173482,1.9186883307916105,985.6619026632484,987.2473254208678,989.9115075570428,992.7083652136063,994.5504197676726
mango_rmse,medium,2019-09-30,2019Q3,1,HOURS,472.52611120927577,472.47116746593383,0.05494374334193708,471.1516405631773,471.6866591119484,472.52666196590735,473.3954861395638,473.9160246909663
mango_rmse,medium,2019-09-30,2019Q4,2,HOURS,472.79469951384567,472.26242786597743,0.5322716478682423,470.6873023489716,471.53989971930685,472.80824386237214,474.05013253375813,474.84984573375436
mango_rmse,medium,2019-09-30,2020Q1,3,HOURS,473.0594981727051,470.871906161665,2.187592011040124,470.27481811002303,471.46500572808327,473.1083883823856,474.6698827101771,475.70605811680906
mango_rmse,medium,2019-09-30,2020Q2,4,HOURS,473.32926941066904,455.9806644236561,17.348604987012948,470.1713450239393,471.4097014509976,473.37364065264336,475.21915398189714,476.3042761034373
mango_rmse,medium,2019-09-30,2020Q3,5,HOURS,473.5825991043069,463.8914391952252,9.691159909081705,469.8365400524394,471.36533889411504,473.5856338561972,475.757458974425,477.0981656662334
mango_rmse,medium,2019-09-30,2020Q4,6,HOURS,473.8110759632316,466.1711187045766,7.639957258654988,469.7904883193722,471.43939356676583,473.8135275633523,476.2662476120653,477.79013023606433
mango_rmse,medium,2019-09-30,2021Q1,7,HOURS,474.07299530386217,467.4565643093244,6.6164309945377795,469.82427854679753,471.43119249147793,474.0430769741886,476.8159593036234,478.3393513539704
mango_rmse,medium,2019-09-30,2021Q2,8,HOURS,474.30696852930424,468.9217173513706,5.38525117793364,469.6581004376596,471.52180905412695,474.22963302342384,477.2514896727809,479.0458404811454
mango_rmse,medium,2019-09-30,2019Q3,1,INV,814.7337425980908,816.8257649464756,-2.0920223483848304,807.1863317402741,809.9534977046854,814.7847921157672,819.268015375228,822.1811348980947
mango_rmse,medium,2019-09-30,2019Q4,2,INV,815.5791560785015,814.7390743321716,0.8400817463298154,804.8419301616863,809.0363281548299,815.6423902075761,822.1979450445101,826.2275647592778
mango_rmse,medium,2019-09-30,2020Q1,3,INV,816.434505431278,813.4433258838492,2.9911795474288283,802.4234791422023,808.4341993211044,816.6095034131249,824.5028516707664,829.6110880190028
mango_rmse,medium,2019-09-30,2020Q2,4,INV,817.329784630555,796.7010818577833,20.628702772771703,801.4564204184647,808.2857417239178,817.3999388006371,826.6067640156217,832.8179122731036
mango_rmse,medium,2019-09-30,2020Q3,5,INV,818.2438509151303,812.9806283457561,5.263222569374193,800.7935122625461,807.9768268979363,818.0515959506979,828.4399546908852,835.7385700258782
mango_rmse,medium,2019-09-30,2020Q4,6,INV,819.0946120182791,817.1216530510744,1.972958967204704,800.1515776640947,807.8632711190099,818.9792681313297,830.4800996262387,838.3198162226722
mango_rmse,medium,2019-09-30,2021Q1,7,INV,819.9246464955446,815.7454702469023,4.179176248642307,799.9239962565773,807.8047471356441,819.4084134073636,832.4481928250306,840.7526214069336
mango_rmse,medium,2019-09-30,2021Q2,8,INV,820.6294921799368,815.9622703740748,4.667221805862027,798.1562879856284,807.8506877611911,820.3328661864855,834.0511613717954,843.0082945180282
mango_rmse,medium,2019-09-30,2019Q3,1,WAGE,468.57501033533384,467.93031578293187,0.6446945524019725,467.219769341896,467.7543032509721,468.58251477479564,469.3823167448271,469.93387053302786
mango_rmse,medium,2019-09-30,2019Q4,2,WAGE,468.7898684812206,468.9649192566031,-0.1750507753824877,466.813282842048,467.6243329956212,468.7893535747776,469.9192323597425,470.7305285457398
mango_rmse,medium,2019-09-30,2020Q1,3,WAGE,469.00872284786425,470.9746394157193,-1.9659165678550607,466.6598868985938,467.5819000087078,469.03208305515903,470.4419900999816,471.3140248710498
mango_rmse,medium,2019-09-30,2020Q2,4,WAGE,469.2075861815982,477.5537238247164,-8.346137643118254,466.4867428777725,467.5620911849655,469.21415541282045,470.8972309832892,471.82824842437003
mango_rmse,medium,2019-09-30,2020Q3,5,WAGE,469.4075218026884,474.96600644730387,-5.558484644615476,466.3592015320095,467.57885194876627,469.4232962886232,471.30117702490605,472.475509755039
mango_rmse,medium,2019-09-30,2020Q4,6,WAGE,469.62496877019635,476.6829746333951,-7.05800586319873,466.219104113585,467.5659770630195,469.6298159714769,471.6807405437082,472.9305793814862
mango_rmse,medium,2019-09-30,2021Q1,7,WAGE,469.79678668308884,475.34867374793606,-5.551887064847222,466.04552006661135,467.51187411583777,469.8168521023843,472.0202745596661,473.5319379368272
mango_rmse,medium,2019-09-30,2021Q2,8,WAGE,469.9759678162127,475.1743659729958,-5.198398156783128,465.9909559646167,467.44083813331736,470.0351926140061,472.39516571735027,473.9593571682565
mango_rmse,medium,2019-12-31,2019Q4,1,CONS,950.6192061791868,948.991030481561,1.6281756976258066,949.330134853588,949.8523996249595,950.6426068307658,951.3728670884747,951.8735078370039
mango_rmse,medium,2019-12-31,2020Q1,2,CONS,951.2855089059774,947.3992268627885,3.886282043188885,949.4930685364616,950.2281595422071,951.3066766107135,952.3219282463346,953.0344933680757
mango_rmse,medium,2019-12-31,2020Q2,3,CONS,951.9365064151323,937.7306891267151,14.205817288417165,949.7318063686012,950.6549016444833,951.9692942402246,953.2454783745269,954.1185132767133
mango_rmse,medium,2019-12-31,2020Q3,4,CONS,952.596383710796,946.6716048283356,5.924778882460373,950.0861294986338,951.0807592045692,952.6050077039367,954.111539247723,955.0942017012236
mango_rmse,medium,2019-12-31,2020Q4,5,CONS,953.2584944416747,947.6283915482803,5.630102893394337,950.421828361718,951.5117504395351,953.2833197138834,954.9757888664569,956.1675420932565
mango_rmse,medium,2019-12-31,2021Q1,6,CONS,953.8958819984585,950.2021661886747,3.693715809783839,950.7259076170653,951.9435140626317,953.8472482821765,955.9110305628234,957.068333446943
mango_rmse,medium,2019-12-31,2021Q2,7,CONS,954.547946231356,953.0515384475948,1.4964077837612422,950.9399403585522,952.4524502968159,954.5571447315918,956.651158422336,958.046658840733
mango_rmse,medium,2019-12-31,2021Q3,8,CONS,955.2035005715995,953.780040613558,1.423459958041576,951.2831671119509,952.922678044356,955.2640544830526,957.5065284054741,959.0725709059889
mango_rmse,medium,2019-12-31,2019Q4,1,DEFL,472.8978649369192,472.70603314659263,0.19183179032654607,472.466220246997,472.64670600066705,472.8987662681634,473.1547913894599,473.32430090332883
mango_rmse,medium,2019-12-31,2020Q1,2,DEFL,473.36286199270273,473.1080108856083,0.2548511070944528,472.6293634453342,472.9236696505844,473.35802956819293,473.80656206630215,474.12327201726475
mango_rmse,medium,2019-12-31,2020Q2,3,DEFL,473.836187934514,472.73258698908967,1.1036009454243185,472.73933873158495,473.20304455613103,473.8335128917539,474.49628946535745,474.90848032811044
mango_rmse,medium,2019-12-31,2020Q3,4,DEFL,474.31288239505005,473.59440300679853,0.7184793882515237,472.85965083116906,473.44471501442706,474.3143318512392,475.20928090312697,475.7980137887956
mango_rmse,medium,2019-12-31,2020Q4,5,DEFL,474.80343508492194,474.2250274536357,0.578407631286268,472.8358229618036,473.6585546891348,474.79582844910027,475.9428389129969,476.70736251127244
mango_rmse,medium,2019-12-31,2021Q1,6,DEFL,475.29506798140346,475.4624139156429,-0.16734593423944943,472.9234094469891,473.92709835957584,475.26932235532627,476.7289591870512,477.60181816473204
mango_rmse,medium,2019-12-31,2021Q2,7,DEFL,475.78624783090896,477.0023388948485,-1.2160910639395297,472.9284203980485,474.0732143486398,475.7742388099736,477.488962749993,478.5897143271071
mango_rmse,medium,2019-12-31,2021Q3,8,DEFL,476.2889782974087,478.5088858165736,-2.219907519164906,472.90456352569316,474.3354260974864,476.26442441730615,478.3041256522062,479.55958310827043
mango_rmse,medium,2019-12-31,2019Q4,1,FFR,2.204664856160153,1.6433333333333333,0.5613315228268199,0.8157728236982564,1.3854094588796129,2.2099575988935265,3.0090328286274195,3.5511027270982876
mango_rmse,medium,2019-12-31,2020Q1,2,FFR,2.2740492743519516,1.26,1.0140492743519516,0.30266132623794295,1.0276477307264402,2.2739865315676617,3.4785702558489184,4.195193806923742
mango_rmse,medium,2019-12-31,2020Q2,3,FFR,2.2775523274856266,0.06,2.2175523274856266,-0.10942614887140237,0.7276928117880352,2.2679823069683813,3.806693715965487,4.735407462573323
mango_rmse,medium,2019-12-31,2020Q3,4,FFR,2.306178123006028,0.09333333333333334,2.212844789672695,-0.596908448959203,0.585491911389425,2.3383796041023253,4.054059948243173,5.092818742766186
mango_rmse,medium,2019-12-31,2020Q4,5,FFR,2.311122360643283,0.09000000000000001,2.221122360643283,-0.8179119812849334,0.3161611068205799,2.315546155045152,4.276205549623704,5.30621150083062
mango_rmse,medium,2019-12-31,2021Q1,6,FFR,2.32982358314607,0.08,2.24982358314607,-1.0771313079699096,0.22578925421008045,2.354322514814445,4.421341262704742,5.72997704199161
mango_rmse,medium,2019-12-31,2021Q2,7,FFR,2.3748542348238306,0.07,2.304854234823831,-1.2401416635098117,0.10913307993445426,2.399573396930806,4.614018249253126,5.963419468933676
mango_rmse,medium,2019-12-31,2021Q3,8,FFR,2.385881182166939,0.09000000000000001,2.295881182166939,-1.4429944692866252,0.005514845510905596,2.417039337869463,4.778558467063532,6.297493262485151
mango_rmse,medium,2019-12-31,2019Q4,1,GDP,986.4596716053941,986.3482463840766,0.11142522131751775,985.043449088488,985.5987806975003,986.4615569655491,987.3067887310058,987.8737892187859
mango_rmse,medium,2019-12-31,2020Q1,2,GDP,987.0713115740474,985.1661326692149,1.9051789048324963,985.040963247536,985.826384319593,987.0551821109898,988.2925297210137,989.1023059703159
mango_rmse,medium,2019-12-31,2020Q2,3,GDP,987.6641236594087,976.3001287902925,11.36399486911614,985.0898341674842,986.1222331818542,987.6700291122655,989.1785059944216,990.1930327227653
mango_rmse,medium,2019-12-31,2020Q3,4,GDP,988.2645555175104,983.8614041962527,4.403151321257724,985.1972140265481,986.5023115560908,988.2846116286388,990.0728386029656,991.1991148184953
mango_rmse,medium,2019-12-31,2020Q4,5,GDP,988.8434442094199,984.8200081508296,4.023436058590278,985.4858954374614,986.7745284919678,988.8613766227277,990.940196559169,992.1141373446103
mango_rmse,medium,2019-12-31,2021Q1,6,GDP,989.4320666752706,986.3510201204363,3.081046554834302,985.6401246373272,987.1309677092812,989.4786025321989,991.6050380308848,993.0173350923111
mango_rmse,medium,2019-12-31,2021Q2,7,GDP,990.019332956525,988.0436302173482,1.9757027391767679,985.9307751625686,987.562085820648,990.0661449443162,992.5036732555862,994.087834800328
mango_rmse,medium,2019-12-31,2021Q3,8,GDP,990.5914490681992,988.6981778641465,1.8932712040526667,986.2122592195502,987.9712288516679,990.6045582029124,993.2525816634147,994.9513247095316
mango_rmse,medium,2019-12-31,2019Q4,1,HOURS,473.0850256797705,472.26242786597743,0.8225978137930952,471.74740080425323,472.2602970725098,473.072125256057,473.8856280335012,474.4731259821237
mango_rmse,medium,2019-12-31,2020Q1,2,HOURS,473.35519299262734,470.871906161665,2.4832868309623564,471.3281567895099,472.1361775758535,473.3374072847904,474.594749112993,475.3802259532482
mango_rmse,medium,2019-12-31,2020Q2,3,HOURS,473.6171096057609,455.9806644236561,17.636445182104808,471.01428202156313,472.09373979281315,473.60308353517996,475.2044045968318,476.26986617013006
mango_rmse,medium,2019-12-31,2020Q3,4,HOURS,473.91847893341867,463.8914391952252,10.02703973819348,470.73491259557176,472.02069736128317,473.8964958433912,475.8363991780352,477.02602931587955
mango_rmse,medium,2019-12-31,2020Q4,5,HOURS,474.21782202100775,466.1711187045766,8.046703316431149,470.7536820854075,472.0793016081575,474.20266737260135,476.32953654858477,477.8076067930248
mango_rmse,medium,2019-12-31,2021Q1,6,HOURS,474.47165783205656,467.4565643093244,7.0150935227321725,470.6837262602903,472.1293832979743,474.4887485247672,476.87236350168774,478.5110781827469
mango_rmse,medium,2019-12-31,2021Q2,7,HOURS,474.7537325027117,468.9217173513706,5.832015151341125,470.5320461389189,472.15829464185,474.7599361501733,477.3354565524874,479.03754757418966
mango_rmse,medium,2019-12-31,2021Q3,8,HOURS,475.0394833031219,470.2088163501795,4.830666952942408,470.48023382042675,472.3186805950959,475.001407094476,477.8133787224334,479.6082645714084
mango_rmse,medium,2019-12-31,2019Q4,1,INV,814.4359766911697,814.7390743321716,-0.3030976410019548,806.9088257817093,809.8624992260168,814.4252753529402,819.0054754829048,821.9213834886864
mango_rmse,medium,2019-12-31,2020Q1,2,INV,815.2912205775988,813.4433258838492,1.8478946937495948,804.6775740674622,808.652016788169,815.2926172305633,822.0732754153761,826.0399412144023
mango_rmse,medium,2019-12-31,2020Q2,3,INV,816.2465121090096,796.7010818577833,19.54543025122632,803.3185228161271,808.3293588466225,816.166278678826,824.1799960218956,829.7320226701877
mango_rmse,medium,2019-12-31,2020Q3,4,INV,817.3131490552576,812.9806283457561,4.332520709501409,802.158231578155,808.156469634449,817.3727257338548,826.5182395389486,832.9311616867355
mango_rmse,medium,2019-12-31,2020Q4,5,INV,818.1324407860715,817.1216530510744,1.0107877349970522,801.1155180724999,808.3657618231865,817.8930467159468,828.2860705574379,835.0855693949381
mango_rmse,medium,2019-12-31,2021Q1,6,INV,818.9967377776138,815.7454702469023,3.251267530711516,800.1565506519438,808.1788789751287,818.8109557388743,830.0815836376124,837.6670160753063
mango_rmse,medium,2019-12-31,2021Q2,7,INV,819.9188862453598,815.9622703740748,3.956615871284953,799.5966407336192,807.6817774865522,819.9819929761823,832.0555995456863,839.5187149353823
mango_rmse,medium,2019-12-31,2021Q3,8,INV,820.6722747816593,818.4248724890365,2.247402292622837,798.8102091641183,807.4544716864334,820.6545056140247,834.0778242206028,841.9881948823613
mango_rmse,medium,2019-12-31,2019Q4,1,WAGE,468.1222863278303,468.9649192566031,-0.8426329287727867,466.7422915643716,467.3384910377731,468.1366424179178,468.90823217151785,469.4392357428847
mango_rmse,medium,2019-12-31,2020Q1,2,WAGE,468.36245246988017,470.9746394157193,-2.6121869458391416,466.50575542780064,467.26903801205725,468.3384657527725,469.50890186828826,470.2648007413104
mango_rmse,medium,2019-12-31,2020Q2,3,WAGE,468.5764775329532,477.5537238247164,-8.977246291763208,466.36014382449036,467.20068172092886,468.5452360592167,469.90834330278267,470.86843882633747
mango_rmse,medium,2019-12-31,2020Q3,4,WAGE,468.7286085332925,474.96600644730387,-6.237397914011353,466.0497827728545,467.1923979029905,468.70408725132245,470.266239844869,471.46385156322054
mango_rmse,medium,2019-12-31,2020Q4,5,WAGE,468.90321882995465,476.6829746333951,-7.779755803440423,465.942093206279,467.1706472192271,468.8835483351937,470.64958020650386,471.9187987222986
mango_rmse,medium,2019-12-31,2021Q1,6,WAGE,469.1142416130967,475.34867374793606,-6.2344321348393805,465.92229297137277,467.10106477816106,469.14473100761563,471.0778059281481,472.4403915244773
mango_rmse,medium,2019-12-31,2021Q2,7,WAGE,469.29249756610375,475.1743659729958,-5.8818684068920675,465.7830985715475,467.06402849551137,469.2890534512252,471.4550274211045,472.9483581177302
mango_rmse,medium,2019-12-31,2021Q3,8,WAGE,469.48257420909124,475.16313773309696,-5.68056352400572,465.59713344949256,466.98870288884154,469.48821861949864,471.84021535804527,473.54165656545484
