strategy,model_size,forecast_origin,target_quarter,horizon_quarters,variable,mean,actual,error,p05,p16,median,p84,p95
paper,medium,2000-03-31,2000Q1,1,CONS,872.5952053090225,905.3176373327199,-32.722432023697365,871.602307785211,871.9815177312821,872.5816392563272,873.2080260246812,873.6001359771776
paper,medium,2000-03-31,2000Q2,2,CONS,873.6627424282913,906.2470675410377,-32.584325112746455,872.2102103885805,872.7522466153995,873.6622769787061,874.5335899452662,875.1569540560008
paper,medium,2000-03-31,2000Q3,3,CONS,874.6702930873017,907.2005920251266,-32.53029893782491,872.7547326040183,873.4395464815315,874.6533872329308,875.8641386615701,876.6289127821848
paper,medium,2000-03-31,2000Q4,4,CONS,875.6564005359903,908.0704809313119,-32.41408039532155,873.2103048175627,874.129766610149,875.6698348465076,877.0892589266621,878.0952456993554
paper,medium,2000-03-31,2001Q1,5,CONS,876.6134426359941,908.4325119413213,-31.81906930532716,873.6362349759036,874.7660555910178,876.555963769129,878.4075829640966,879.5854130251722
paper,medium,2000-03-31,2001Q2,6,CONS,877.5766038164079,908.6332175148394,-31.056613698431534,874.1202838989802,875.463364290171,877.5746029588743,879.7005347315007,880.9257709316547
paper,medium,2000-03-31,2001Q3,7,CONS,878.4838960664016,908.9805866997402,-30.49669063333863,874.6106451811245,876.0788762913724,878.4459757782868,880.8896253817186,882.3678982466572
paper,medium,2000-03-31,2001Q4,8,CONS,879.4002800630448,910.5812176510452,-31.18093758800046,874.9802485834898,876.7642756036518,879.4038454749742,882.0198772227989,883.7232706041968
paper,medium,2000-03-31,2000Q1,1,DEFL,466.0120468240193,434.80173185711334,31.21031496690597,465.57593016595433,465.7631571269362,466.0152931511076,466.27270937725905,466.44802191531636
paper,medium,2000-03-31,2000Q2,2,DEFL,466.4413449828741,435.4231401429961,31.018204839878024,465.6438010300787,465.97518717676206,466.4462138190214,466.90545415453585,467.223682602305
paper,medium,2000-03-31,2000Q3,3,DEFL,466.9067431765706,436.0074949806811,30.899248195889527,465.730421315797,466.21085547226056,466.9111862473145,467.6112339631351,468.0514893021252
paper,medium,2000-03-31,2000Q4,4,DEFL,467.4031145349787,436.5490666033782,30.85404793160052,465.76999853544913,466.46637257832265,467.4201003790107,468.33470842034427,468.9645020761594
paper,medium,2000-03-31,2001Q1,5,DEFL,467.90548241562544,437.2026802595548,30.702802156070618,465.76391245990027,466.674472999153,467.9352768344428,469.1690982057125,469.9092577714839
paper,medium,2000-03-31,2001Q2,6,DEFL,468.42814807421445,437.8056263169986,30.62252175721585,465.7463282521666,466.8845696097648,468.4571336140673,470.0169213952319,470.9257801481569
paper,medium,2000-03-31,2001Q3,7,DEFL,468.97326795241713,438.197663342384,30.775604610033156,465.70916375882126,467.08417101458315,469.00231371212965,470.8519051994812,472.1009617021787
paper,medium,2000-03-31,2001Q4,8,DEFL,469.52154026844113,438.50844547731197,31.013094791129163,465.5988772097097,467.2874122397468,469.5349010388347,471.7396557128812,473.24025001693474
paper,medium,2000-03-31,2000Q1,1,FFR,5.199841066989459,5.676666666666667,-0.47682559967720817,3.638438610725619,4.277938838613403,5.2223461585687225,6.121667257962359,6.685712951128473
paper,medium,2000-03-31,2000Q2,2,FFR,5.130186934087346,6.273333333333333,-1.1431463992459872,2.855310778984157,3.737915034981556,5.109435149004477,6.539936465696539,7.448115948188881
paper,medium,2000-03-31,2000Q3,3,FFR,5.151688093122925,6.52,-1.3683119068770742,2.3371122892217158,3.4042393387162573,5.126328888420531,6.922937924457202,8.06887504656729
paper,medium,2000-03-31,2000Q4,4,FFR,5.182672812074373,6.473333333333334,-1.2906605212589604,1.8654095898844285,3.1978521559588793,5.210877207882948,7.11296767174979,8.535698820285543
paper,medium,2000-03-31,2001Q1,5,FFR,5.2510453750950115,5.593333333333334,-0.34228795823832225,1.553971702279361,2.973491668950951,5.2847421208201,7.454097195609635,8.939586775497899
paper,medium,2000-03-31,2001Q2,6,FFR,5.320955741301192,4.326666666666667,0.9942890746345245,1.3729789236082033,2.9003256137299553,5.325126273870646,7.775479211795923,9.295516863695685
paper,medium,2000-03-31,2001Q3,7,FFR,5.347359547751395,3.4966666666666666,1.8506928810847287,1.2525659999166696,2.6983808461687797,5.370317266208367,7.933689321686904,9.612874687735884
paper,medium,2000-03-31,2001Q4,8,FFR,5.362274442735569,2.1333333333333333,3.228941109402236,0.8334043167913028,2.6704850184597833,5.353089106091161,8.06047250873584,9.918922947823283
paper,medium,2000-03-31,2000Q1,1,GDP,911.9692259890372,946.771157645587,-34.801931656549755,910.7309806947964,911.1858079683982,911.9872143590455,912.7103573685075,913.229254859376
paper,medium,2000-03-31,2000Q2,2,GDP,913.0660499015573,948.5753664798251,-35.50931657826777,911.1510542723888,911.8760200013547,913.0823727571328,914.2412223394617,914.9460975266238
paper,medium,2000-03-31,2000Q3,3,GDP,914.0773641319305,948.6750908667843,-34.597726734853836,911.5146273536677,912.5435931291371,914.0997479688904,915.5946693448711,916.5643740384423
paper,medium,2000-03-31,2000Q4,4,GDP,915.1249527060652,949.2676932603196,-34.142740554254374,912.0361306568029,913.2735207634022,915.070293249852,917.0135223568101,918.1979660695782
paper,medium,2000-03-31,2001Q1,5,GDP,916.0950215896729,948.9429455219695,-32.84792393229657,912.5290146134829,913.9376123156021,916.0359031183625,918.2669167287285,919.8062091531765
paper,medium,2000-03-31,2001Q2,6,GDP,917.0717580021283,949.5624120747524,-32.490654072624125,912.9886909256799,914.6074106354343,917.0159149923165,919.5795299032357,921.4935035997305
paper,medium,2000-03-31,2001Q3,7,GDP,917.9855739021282,949.1612595166631,-31.175685614534927,913.3108553307227,915.2259946474056,917.9261256051809,920.7604258535911,922.8374669477698
paper,medium,2000-03-31,2001Q4,8,GDP,918.9100692807049,949.4381900682963,-30.528120787591433,913.8716589392178,915.732857829018,918.845380838442,921.963184054219,924.1510854183168
paper,medium,2000-03-31,2000Q1,1,HOURS,479.1263842571559,464.62929352770965,14.497090729446256,478.11353740304105,478.5203053010831,479.1229131914544,479.72276991065456,480.11359559639135
paper,medium,2000-03-31,2000Q2,2,HOURS,479.81503546389547,464.9158362858808,14.899199178014669,478.0351954608348,478.7686847483379,479.81551675470985,480.8368518607954,481.5823901062712
paper,medium,2000-03-31,2000Q3,3,HOURS,480.4905161840513,464.8794649920018,15.611051192049501,478.0928446949784,479.07997768789687,480.4818947132338,481.95694651205685,482.92632938468125
paper,medium,2000-03-31,2000Q4,4,HOURS,481.1339819609317,464.5390399474456,16.594942013486104,478.1201790855334,479.3452762664228,481.15950283724374,482.9093160569904,484.113590086569
paper,medium,2000-03-31,2001Q1,5,HOURS,481.726135790548,464.48138865926427,17.24474713128376,478.172140649998,479.5285447288638,481.7358932896482,483.86440139174914,485.2478114169728
paper,medium,2000-03-31,2001Q2,6,HOURS,482.30150950987746,463.52240113165556,18.779108378221906,478.21266802417796,479.8421805472358,482.3113812945001,484.7435833329087,486.3937738890434
paper,medium,2000-03-31,2001Q3,7,HOURS,482.8391480554934,462.2744843004602,20.564663755033223,478.2881627258857,480.12830720834296,482.7884779922729,485.58381631856565,487.38345776984625
paper,medium,2000-03-31,2001Q4,8,HOURS,483.3620394853552,461.1539856495769,22.208053835778287,478.464081444784,480.4182201534699,483.3798848690509,486.34741703422037,488.4950069560567
paper,medium,2000-03-31,2000Q1,1,INV,745.4662434597109,772.1840069847244,-26.717763525013538,739.1071880455268,741.5564900599392,745.5519153344984,749.1033479729142,751.7685509901266
paper,medium,2000-03-31,2000Q2,2,INV,747.3466313103914,777.9355292465062,-30.58889793611479,737.7640968190942,741.7199284028328,747.5489582448292,752.8744724446777,756.6001937136531
paper,medium,2000-03-31,2000Q3,3,INV,749.0765140624094,776.94943611584,-27.872922053430557,736.7479162192762,742.0939859583419,749.1264606805862,756.3318987252576,761.472566200941
paper,medium,2000-03-31,2000Q4,4,INV,751.1656439293417,777.1408234109886,-25.97517948164682,737.3717517881714,742.4635862333351,750.9767568293728,759.5272258430732,765.5577241950507
paper,medium,2000-03-31,2001Q1,5,INV,752.7367162508616,772.4977657957813,-19.76104954491973,736.9172035755518,743.0758806540879,752.7312814334003,762.3879597537156,768.7869626827238
paper,medium,2000-03-31,2001Q2,6,INV,754.2561268720217,772.6403633592433,-18.384236487221642,735.8918940133935,743.0202064157171,754.673525138327,764.9872825273902,772.3840812380801
paper,medium,2000-03-31,2001Q3,7,INV,755.7034890514302,770.4527970950121,-14.749308043581891,735.5499425153699,743.6432605153831,755.8716814684694,767.2075108195992,775.6540209591769
paper,medium,2000-03-31,2001Q4,8,INV,757.160724577128,765.3732073186615,-8.21248274153345,734.6234355682668,743.9191457804784,757.4372946126185,770.066070113988,779.1485560883002
paper,medium,2000-03-31,2000Q1,1,WAGE,468.35055063542467,452.8882917815972,15.46225885382745,467.50696496003985,467.85168861890094,468.3558430390499,468.8659726875247,469.20191611363134
paper,medium,2000-03-31,2000Q2,2,WAGE,468.7629729877278,452.3580448948137,16.404928092914076,467.4505892420278,467.9778422345459,468.78201909894085,469.5713369572369,470.04309466702574
paper,medium,2000-03-31,2000Q3,3,WAGE,469.1419623729373,453.3781589900438,15.763803382893514,467.4131932267274,468.05300756033614,469.1474144746983,470.1780450477893,470.8991621514176
paper,medium,2000-03-31,2000Q4,4,WAGE,469.4971354663437,453.23951712056794,16.257618345775768,467.3727758345278,468.23314278273693,469.47505111124815,470.75858504699573,471.61697687596677
paper,medium,2000-03-31,2001Q1,5,WAGE,469.83960436029645,454.5048562646711,15.334748095625343,467.3187519658745,468.32317837715874,469.81386404003285,471.35529650110493,472.4150546898496
paper,medium,2000-03-31,2001Q2,6,WAGE,470.165874567108,454.1708418276762,15.995032739431792,467.3806161388037,468.47158067160586,470.1015265572084,471.8810825258877,473.0257940349051
paper,medium,2000-03-31,2001Q3,7,WAGE,470.4873335858252,454.0471652049154,16.440168380909768,467.2618162771291,468.6127169746492,470.42404117400906,472.42433161774545,473.72160678803203
paper,medium,2000-03-31,2001Q4,8,WAGE,470.8127773170728,455.048166063729,15.764611253343787,467.298748078815,468.68850215549463,470.77005648592205,472.98220255173163,474.3759625646309
paper,medium,2000-06-30,2000Q2,1,CONS,874.5047512544229,906.2470675410377,-31.742316286614823,873.4719748020023,873.8769109600584,874.4969599400501,875.1393620021595,875.5163536784926
paper,medium,2000-06-30,2000Q3,2,CONS,875.5534431267848,907.2005920251266,-31.64714889834181,873.9845192460865,874.5772081819074,875.5395649879548,876.5428425125127,877.1773027021999
paper,medium,2000-06-30,2000Q4,3,CONS,876.5802231485178,908.0704809313119,-31.49025778279406,874.4763939001829,875.2679792316123,876.5666519724598,877.8586180290667,878.7766719349228
paper,medium,2000-06-30,2001Q1,4,CONS,877.5031113693311,908.4325119413213,-30.929400571990186,874.873535895151,875.8594387748428,877.5076386741362,879.0683562879827,880.2691919713475
paper,medium,2000-06-30,2001Q2,5,CONS,878.4013008986269,908.6332175148394,-30.231916616212516,875.1800733272634,876.4500391471333,878.3807728254214,880.273895881123,881.7644921303298
paper,medium,2000-06-30,2001Q3,6,CONS,879.2786065170151,908.9805866997402,-29.70198018272515,875.6201919163577,877.0216401769806,879.3290005082375,881.4631851856568,882.9868052357031
paper,medium,2000-06-30,2001Q4,7,CONS,880.1420240836675,910.5812176510452,-30.439193567377743,876.0226400069871,877.6990219972597,880.1684521008928,882.6043578764285,884.209883478012
paper,medium,2000-06-30,2002Q1,8,CONS,881.0243779462783,910.8036070224157,-29.779229076137426,876.4709328752444,878.3374854738702,881.0137687173237,883.6777436443608,885.4988176479035
paper,medium,2000-06-30,2000Q2,1,DEFL,466.95210393866927,435.4231401429961,31.528963795673178,466.4824865565174,466.6599477228244,466.9522102198119,467.2355371469264,467.43191887968555
paper,medium,2000-06-30,2000Q3,2,DEFL,467.59289823172935,436.0074949806811,31.585403251048263,466.7617285717475,467.09765684545664,467.5855934750366,468.08286447300327,468.40642699973034
paper,medium,2000-06-30,2000Q4,3,DEFL,468.2756710658664,436.5490666033782,31.726604462488183,467.05846126163965,467.56397521883633,468.2614923260535,469.00299686123134,469.5044862040108
paper,medium,2000-06-30,2001Q1,4,DEFL,468.99156464801274,437.2026802595548,31.788884388457916,467.32219883224377,468.0067383605528,468.9891459332794,469.9940918240125,470.62904241170946
paper,medium,2000-06-30,2001Q2,5,DEFL,469.7138774227962,437.8056263169986,31.908251105797603,467.4901533587212,468.40267835536275,469.7210560016277,471.0399492374176,471.93902791567757
paper,medium,2000-06-30,2001Q3,6,DEFL,470.4632604685371,438.197663342384,32.265597126153125,467.6403325890554,468.78748559710533,470.48286935922823,472.09700575699594,473.2442241271183
paper,medium,2000-06-30,2001Q4,7,DEFL,471.22009019599045,438.50844547731197,32.711644718678485,467.82084726052216,469.2150075433387,471.203269632352,473.2630029654542,474.551740578187
paper,medium,2000-06-30,2002Q1,8,DEFL,471.9906437318549,438.83068726310324,33.15995646875166,468.0370116978132,469.6201708196342,471.94835570846396,474.44352381088737,475.95291073720705
paper,medium,2000-06-30,2000Q2,1,FFR,5.901279560762891,6.273333333333333,-0.3720537725704425,4.4162883663533385,4.999163287559622,5.927326165752829,6.784900766161094,7.330100509049309
paper,medium,2000-06-30,2000Q3,2,FFR,6.021159347236721,6.52,-0.4988406527632785,3.902738347822726,4.7206260539221825,5.98841338380673,7.363498588512212,8.263977436504668
paper,medium,2000-06-30,2000Q4,3,FFR,6.169461967291235,6.473333333333334,-0.30387136604209886,3.541680633093154,4.533054085144542,6.1708883633043525,7.74005170753992,8.830419446656286
paper,medium,2000-06-30,2001Q1,4,FFR,6.2308186466876565,5.593333333333334,0.6374853133543228,3.1375083184337766,4.38103858481689,6.260308199952561,8.072751279749403,9.1995728815167
paper,medium,2000-06-30,2001Q2,5,FFR,6.292598741597436,4.326666666666667,1.9659320749307687,2.694147831711835,4.140233567076749,6.30970761746444,8.423875416095434,9.763782441448944
paper,medium,2000-06-30,2001Q3,6,FFR,6.330738282370813,3.4966666666666666,2.8340716157041466,2.365905200254569,4.013850886085036,6.33498355870733,8.653913903593859,10.114009057946307
paper,medium,2000-06-30,2001Q4,7,FFR,6.291101003274048,2.1333333333333333,4.157767669940714,2.172307752406074,3.7892685020176593,6.3767066966645825,8.707351976155483,10.23093898190545
paper,medium,2000-06-30,2002Q1,8,FFR,6.285320803599728,1.7333333333333334,4.551987470266394,1.9120092600193348,3.6464127910643134,6.3824916694874405,8.798592704986712,10.515623596255894
paper,medium,2000-06-30,2000Q2,1,GDP,913.5864051078719,948.5753664798251,-34.98896137195322,912.2277910048906,912.7930120539946,913.6031514107724,914.3902683826485,914.9016661795796
paper,medium,2000-06-30,2000Q3,2,GDP,914.7231349484128,948.6750908667843,-33.95195591837148,912.6060443485836,913.4849062492818,914.7216386782189,915.9600345073626,916.8551505386185
paper,medium,2000-06-30,2000Q4,3,GDP,915.7411286103365,949.2676932603196,-33.526564649983015,913.0331756349749,914.1366468249417,915.7097451977409,917.4026793082876,918.5547097864271
paper,medium,2000-06-30,2001Q1,4,GDP,916.6757673872941,948.9429455219695,-32.26717813467542,913.3490877259765,914.6909448135406,916.6683649916569,918.701199289089,920.2131457435856
paper,medium,2000-06-30,2001Q2,5,GDP,917.5271622807585,949.5624120747524,-32.0352497939939,913.5950338112174,915.1154912517248,917.5184995028244,919.8619397982407,921.5712199611595
paper,medium,2000-06-30,2001Q3,6,GDP,918.3846194186044,949.1612595166631,-30.776640098058692,913.8829335878543,915.7378175594282,918.3062360705198,921.1173154422091,922.9908271452637
paper,medium,2000-06-30,2001Q4,7,GDP,919.2058663072733,949.4381900682963,-30.232323761023054,914.3626812109035,916.2844860319747,919.0996349137765,922.1397576576938,924.3081445398959
paper,medium,2000-06-30,2002Q1,8,GDP,920.0576011660546,950.2630063031164,-30.205405137061803,914.8947744789272,916.9678852629442,920.0027830444062,923.1460400701627,925.4755583737312
paper,medium,2000-06-30,2000Q2,1,HOURS,480.2770011881516,464.9158362858808,15.361164902270787,479.19856808411106,479.6104551182617,480.2680405354886,480.93151471548225,481.3748188252067
paper,medium,2000-06-30,2000Q3,2,HOURS,481.0955675134825,464.8794649920018,16.216102521480707,479.20350793183616,479.9132019329069,481.1059727474791,482.2397739478009,483.06146114873087
paper,medium,2000-06-30,2000Q4,3,HOURS,481.79968421590615,464.5390399474456,17.260644268460567,479.21392179393956,480.1945714716878,481.7768446665447,483.3840017107872,484.52883114844764
paper,medium,2000-06-30,2001Q1,4,HOURS,482.4384446012601,464.48138865926427,17.957055941995804,479.15095572754393,480.3670552530848,482.40653624249387,484.53296686975176,485.8849208834947
paper,medium,2000-06-30,2001Q2,5,HOURS,482.95960676819175,463.52240113165556,19.43720563653619,479.0609879686351,480.5409298917057,482.8873386252477,485.45814224779144,487.1979202813997
paper,medium,2000-06-30,2001Q3,6,HOURS,483.4420720333156,462.2744843004602,21.167587732855395,478.97882125769183,480.67418516372436,483.43669209128836,486.21946929816175,488.1986253452636
paper,medium,2000-06-30,2001Q4,7,HOURS,483.90167720692267,461.1539856495769,22.747691557345775,479.02457174512983,480.9038344282195,483.83126052652295,486.95266273611855,489.1833113775856
paper,medium,2000-06-30,2002Q1,8,HOURS,484.34319010916215,460.304793560699,24.03839654846314,479.278240575495,481.1350457411248,484.2625035368692,487.5769872123402,489.8329390884928
paper,medium,2000-06-30,2000Q2,1,INV,749.4263787075714,777.9355292465062,-28.50915053893482,743.0271416708724,745.5818690316062,749.3537888156391,753.3417870011191,755.7435758493934
paper,medium,2000-06-30,2000Q3,2,INV,751.6455920064562,776.94943611584,-25.303844109383704,741.8882950631685,745.7044810947559,751.5863656094314,757.7742524610625,761.4744092530084
paper,medium,2000-06-30,2000Q4,3,INV,753.4672141900356,777.1408234109886,-23.673609220952926,741.1936312855003,745.8486553336118,753.4617951340635,761.0307071337918,766.0415831365126
paper,medium,2000-06-30,2001Q1,4,INV,755.182775622857,772.4977657957813,-17.314990172924354,740.4637762647407,746.1772258138591,755.0949522908923,764.4098665918583,770.1703552620697
paper,medium,2000-06-30,2001Q2,5,INV,756.223960173538,772.6403633592433,-16.41640318570535,740.1786427167224,745.9900093682243,756.1367778824977,766.481028039737,773.2167665666229
paper,medium,2000-06-30,2001Q3,6,INV,757.4638916364333,770.4527970950121,-12.988905458578756,739.364734271335,746.2202142196605,757.2512882183253,768.6146324499022,776.8531698159361
paper,medium,2000-06-30,2001Q4,7,INV,758.5476855006281,765.3732073186615,-6.825521818033394,738.9854789180971,746.4921331636599,758.4444355316368,770.4283948116299,778.5923981930009
paper,medium,2000-06-30,2002Q1,8,INV,759.6887464603816,768.2808199922722,-8.592073531890605,738.7759372872613,746.904269746274,759.2666070882335,772.6069154045637,781.4670647654801
paper,medium,2000-06-30,2000Q2,1,WAGE,468.54027473115167,452.3580448948137,16.182229836337967,467.66655236210266,468.018675373779,468.5388154882332,469.07081272960266,469.4246808160647
paper,medium,2000-06-30,2000Q3,2,WAGE,468.8253060064522,453.3781589900438,15.447147016408394,467.4993713814071,468.0269795416052,468.83219437894417,469.5853554070236,470.17469406221005
paper,medium,2000-06-30,2000Q4,3,WAGE,469.17393018091764,453.23951712056794,15.934413060349698,467.4463565477975,468.0955516130801,469.1561345239777,470.220938851527,470.9061318789712
paper,medium,2000-06-30,2001Q1,4,WAGE,469.49742378988304,454.5048562646711,14.992567525211939,467.3001511717536,468.1709567008635,469.513458183946,470.8082268511758,471.6345967402787
paper,medium,2000-06-30,2001Q2,5,WAGE,469.82511682371666,454.1708418276762,15.654274996040442,467.2847366374408,468.2372189563806,469.8976779649044,471.3531557783782,472.25196445560687
paper,medium,2000-06-30,2001Q3,6,WAGE,470.14846027297165,454.0471652049154,16.10129506805623,467.1552255377329,468.3814044461328,470.1639171043764,471.9315708913252,472.9900454878935
paper,medium,2000-06-30,2001Q4,7,WAGE,470.4630762806003,455.048166063729,15.414910216871306,467.18414477763605,468.46847092359116,470.5171519304059,472.4172836044791,473.6829400116239
paper,medium,2000-06-30,2002Q1,8,WAGE,470.7794247666259,455.1706116118767,15.608813154749157,467.14230050068255,468.5815600944701,470.84095942249587,472.9745383786291,474.30708488715095
paper,medium,2000-09-30,2000Q3,1,CONS,875.1767465114186,907.2005920251266,-32.02384551370801,874.1597671536946,874.5555521584258,875.1744817536328,875.8033681241147,876.2130972823077
paper,medium,2000-09-30,2000Q4,2,CONS,876.1245617818076,908.0704809313119,-31.94591914950422,874.4987092280883,875.1613103445345,876.1179468105738,877.073074998776,877.7316721478603
paper,medium,2000-09-30,2001Q1,3,CONS,877.0330871721912,908.4325119413213,-31.399424769130064,874.9701281448125,875.7587716664245,877.0051893685179,878.3070314945329,879.2119191765383
paper,medium,2000-09-30,2001Q2,4,CONS,877.969862298164,908.6332175148394,-30.663355216675427,875.3128265734522,876.3453044755844,877.9799478365785,879.5415705833649,880.6789667951281
paper,medium,2000-09-30,2001Q3,5,CONS,878.944064439234,908.9805866997402,-30.036522260506217,875.8081369898872,877.0342927816497,878.9706116898253,880.8284253970137,882.1069823287002
paper,medium,2000-09-30,2001Q4,6,CONS,879.8543048839442,910.5812176510452,-30.726912767101,876.2124153945113,877.6771270120648,879.912039517058,881.9538530191548,883.5494922548703
paper,medium,2000-09-30,2002Q1,7,CONS,880.7483865864558,910.8036070224157,-30.055220435959882,876.7209440754691,878.3061036340799,880.7467070944226,883.1594283253096,884.8006262859847
paper,medium,2000-09-30,2002Q2,8,CONS,881.6557081557924,911.3081614927729,-29.652453336980557,877.1523210064674,879.0458773396304,881.6672810027267,884.310604835244,886.2212717355419
paper,medium,2000-09-30,2000Q3,1,DEFL,467.623603747581,436.0074949806811,31.616108766899913,467.1556533365852,467.34517234817184,467.6144156333391,467.9090721463263,468.12030015735763
paper,medium,2000-09-30,2000Q4,2,DEFL,468.2807924184354,436.5490666033782,31.73172581505719,467.4403192669619,467.78774414662894,468.27457913763055,468.7952593272347,469.1429613689983
paper,medium,2000-09-30,2001Q1,3,DEFL,468.96990785897447,437.2026802595548,31.76722759941964,467.7665126122166,468.2501023184094,468.95743113333504,469.7176094231381,470.2106574438822
paper,medium,2000-09-30,2001Q2,4,DEFL,469.63866139148274,437.8056263169986,31.833035074484144,467.947193338706,468.63801243249435,469.61671878519985,470.6915825551821,471.3037097008346
paper,medium,2000-09-30,2001Q3,5,DEFL,470.315482268398,438.197663342384,32.117818926014024,468.18846639692316,468.9686812951257,470.2730306716554,471.6995416898831,472.50109492128973
paper,medium,2000-09-30,2001Q4,6,DEFL,471.0089283840356,438.50844547731197,32.50048290672362,468.3277161497842,469.3796400885638,470.9198549149936,472.75012945476163,473.7307053698404
paper,medium,2000-09-30,2002Q1,7,DEFL,471.7080922490207,438.83068726310324,32.87740498591745,468.520288951457,469.70665541657104,471.5992015157747,473.81069092658225,475.03497001246325
paper,medium,2000-09-30,2002Q2,8,DEFL,472.42700595521893,439.17665473510937,33.250351220109565,468.63409871961716,470.01999250672094,472.32866050370023,474.8811787677818,476.33120306526894
paper,medium,2000-09-30,2000Q3,1,FFR,6.057904955903055,6.52,-0.46209504409694446,4.589266304910737,5.196082962301708,6.036102414666894,6.960273940239041,7.543172627987304
paper,medium,2000-09-30,2000Q4,2,FFR,5.892705675565757,6.473333333333334,-0.5806276577675762,3.616924517432422,4.549941548228094,5.858955472031004,7.257499019492531,8.206478128827465
paper,medium,2000-09-30,2001Q1,3,FFR,5.809895112506249,5.593333333333334,0.21656177917291508,3.130482532889266,4.139357480689946,5.793029169860877,7.433794799309186,8.558991537848826
paper,medium,2000-09-30,2001Q2,4,FFR,5.799758193329705,4.326666666666667,1.4730915266630378,2.7259852985070645,3.883725357519246,5.781200525371258,7.72445266544228,9.035047526738136
paper,medium,2000-09-30,2001Q3,5,FFR,5.850484393873485,3.4966666666666666,2.353817727206818,2.4197140595675934,3.6869950378126797,5.783974663307571,7.995577597583344,9.36594589049823
paper,medium,2000-09-30,2001Q4,6,FFR,5.880930968829917,2.1333333333333333,3.7475976354965836,2.205971985657234,3.597215159258212,5.870392027304948,8.121268385893641,9.778337715594597
paper,medium,2000-09-30,2002Q1,7,FFR,5.8776870999070105,1.7333333333333334,4.144353766573677,1.9885784109658287,3.481913493737863,5.855101112919786,8.206400572652004,10.07583561687692
paper,medium,2000-09-30,2002Q2,8,FFR,5.8993206231666075,1.75,4.1493206231666075,1.7095179674140975,3.3762369726749846,5.857280244245896,8.467254662029033,10.232262715259706
paper,medium,2000-09-30,2000Q3,1,GDP,914.8646932719923,948.6750908667843,-33.81039759479199,913.4527896545366,914.0184626580825,914.8867897195679,915.7334633458464,916.1933510891425
paper,medium,2000-09-30,2000Q4,2,GDP,915.7382745555351,949.2676932603196,-33.52941870478446,913.5668795056853,914.4481813322803,915.7614996400994,917.0149462053967,917.8736184719924
paper,medium,2000-09-30,2001Q1,3,GDP,916.6276852831622,948.9429455219695,-32.31526023880724,913.8712032226501,914.8984041263477,916.6263925999783,918.3042154278544,919.47646982019
paper,medium,2000-09-30,2001Q2,4,GDP,917.5309156592058,949.5624120747524,-32.0314964155466,914.2079759863896,915.4836138797816,917.5683776663702,919.595508983408,920.9459085584024
paper,medium,2000-09-30,2001Q3,5,GDP,918.4758052437833,949.1612595166631,-30.685454272879838,914.5659197525385,916.0775352204638,918.4979094757198,920.8286730373056,922.470760361405
paper,medium,2000-09-30,2001Q4,6,GDP,919.3772716207765,949.4381900682963,-30.06091844751984,914.9693903994246,916.717505435309,919.2774826091397,922.0657606500777,924.0409150133423
paper,medium,2000-09-30,2002Q1,7,GDP,920.269885619653,950.2630063031164,-29.993120683463417,915.5147666046731,917.3399139932603,920.2694466134642,923.2689913752465,925.1514346932071
paper,medium,2000-09-30,2002Q2,8,GDP,921.1634146651683,950.8766222794621,-29.71320761429388,915.8825962665703,917.9653066288287,921.1410900343286,924.2788544411217,926.2593843086055
paper,medium,2000-09-30,2000Q3,1,HOURS,480.0530035159719,464.8794649920018,15.173538523970137,478.9577694610028,479.3978407447405,480.0718444542414,480.7051734471851,481.1233652289756
paper,medium,2000-09-30,2000Q4,2,HOURS,480.5199077865373,464.5390399474456,15.98086783909173,478.5695295212225,479.33965596063535,480.54662131245476,481.6684014109955,482.4440093601332
paper,medium,2000-09-30,2001Q1,3,HOURS,480.99944953712554,464.48138865926427,16.518060877861274,478.25297228234,479.36353288017324,481.002338867411,482.6492579274827,483.6895158469162
paper,medium,2000-09-30,2001Q2,4,HOURS,481.4898833001656,463.52240113165556,17.96748216851006,478.14936721679413,479.41004520180036,481.5340524235088,483.4607690793419,484.74938722246895
paper,medium,2000-09-30,2001Q3,5,HOURS,481.98652587428694,462.2744843004602,19.712041573826752,478.01157261294566,479.5758271849165,482.0772270953394,484.2001874990688,485.90565935389793
paper,medium,2000-09-30,2001Q4,6,HOURS,482.4535820860341,461.1539856495769,21.299596436457193,477.9904591348211,479.7383277228684,482.52367580652856,485.0345597562671,487.02280880174635
paper,medium,2000-09-30,2002Q1,7,HOURS,482.9254804478481,460.304793560699,22.620686887149077,477.8436706746568,479.87054405595245,482.927839916542,485.91168561290505,487.9406169363025
paper,medium,2000-09-30,2002Q2,8,HOURS,483.39063898692285,460.5650070824942,22.825631904428633,477.82455264365007,480.1110818258021,483.3426210818002,486.6058670123822,488.8426496743689
paper,medium,2000-09-30,2000Q3,1,INV,753.7378649790465,776.94943611584,-23.211571136793395,747.0685222734913,749.7591010626459,753.7528401386553,757.698316085023,760.5151876093372
paper,medium,2000-09-30,2000Q4,2,INV,755.0274455452153,777.1408234109886,-22.11337786577326,745.2041355236798,748.9535125497094,755.0172414024835,760.9192830891539,765.4419103686336
paper,medium,2000-09-30,2001Q1,3,INV,756.6411521952894,772.4977657957813,-15.856613600491983,743.9342133425178,749.0354100778184,756.6153473954928,764.2434534425213,769.2414272403887
paper,medium,2000-09-30,2001Q2,4,INV,758.0424564194101,772.6403633592433,-14.597906939833251,743.8053427510922,749.4757311420501,758.0068208831885,766.7731591319587,772.657576504139
paper,medium,2000-09-30,2001Q3,5,INV,759.608478406891,770.4527970950121,-10.84431868812112,742.8499663135274,749.6240411137242,759.6666108199344,769.5942869717592,776.2877779235148
paper,medium,2000-09-30,2001Q4,6,INV,761.1109711490167,765.3732073186615,-4.26223616964478,742.8334701981979,750.1420065165196,761.1043766880352,772.4341059804522,780.80408215737
paper,medium,2000-09-30,2002Q1,7,INV,762.527286491971,768.2808199922722,-5.75353350030116,742.8442901031334,750.5833964827544,762.5396365223874,774.5520907992709,783.4128972514992
paper,medium,2000-09-30,2002Q2,8,INV,763.9437801328758,769.9106176300443,-5.9668374971685125,742.9645491258138,751.0239024715372,763.6053411513969,777.1120378926549,786.1536232358665
paper,medium,2000-09-30,2000Q3,1,WAGE,468.2789506632124,453.3781589900438,14.900791673168612,467.3817696390431,467.73335075494685,468.28283440155144,468.8165697672157,469.17617507945556
paper,medium,2000-09-30,2000Q4,2,WAGE,468.6879494454218,453.23951712056794,15.448432324853854,467.3319996733547,467.86375959464806,468.67417618334,469.51173023708566,470.0687678456142
paper,medium,2000-09-30,2001Q1,3,WAGE,469.07154307084494,454.5048562646711,14.566686806173834,467.3223852307181,468.00060978377957,469.07733957079824,470.18016976346564,470.860792807999
paper,medium,2000-09-30,2001Q2,4,WAGE,469.41470513030407,454.1708418276762,15.243863302627858,467.2885726831741,468.07381323456116,469.42400563326856,470.73087724386926,471.5622205755268
paper,medium,2000-09-30,2001Q3,5,WAGE,469.7866707088026,454.0471652049154,15.739505503887187,467.253097177354,468.2916572842676,469.81532040295394,471.2566143172957,472.30896957848773
paper,medium,2000-09-30,2001Q4,6,WAGE,470.12530547909535,455.048166063729,15.077139415366332,467.2286122767723,468.411765424401,470.11193190827805,471.81743126199996,473.0190502084525
paper,medium,2000-09-30,2002Q1,7,WAGE,470.4739187143774,455.1706116118767,15.303307102500696,467.2269168030224,468.6087717629994,470.482622886161,472.3799294656121,473.64520636030323
paper,medium,2000-09-30,2002Q2,8,WAGE,470.82068073096667,455.23704943958904,15.583631291377628,467.30945972193456,468.7016326134688,470.8370204100277,472.9238355803151,474.30509523184975
paper,medium,2000-12-31,2000Q4,1,CONS,876.1453794176101,908.0704809313119,-31.925101513701748,875.0850488448633,875.5463794863396,876.1424909742229,876.7774619741224,877.2196149332342
paper,medium,2000-12-31,2001Q1,2,CONS,877.0440512621809,908.4325119413213,-31.388460679140394,875.3982763958903,876.0592889520376,877.0344147020535,878.0411896303226,878.6768021225276
paper,medium,2000-12-31,2001Q2,3,CONS,878.0194208084678,908.6332175148394,-30.61379670637166,875.8292457368996,876.7275516187436,878.0497341341395,879.3434220397464,880.2069122527596
paper,medium,2000-12-31,2001Q3,4,CONS,879.0322037261238,908.9805866997402,-29.94838297361639,876.3502597342939,877.3318781287225,879.0378587587065,880.7345694084472,881.8337823146818
paper,medium,2000-12-31,2001Q4,5,CONS,880.0590431967215,910.5812176510452,-30.522174454323704,876.8732517720423,878.097661424941,880.0850918633331,882.0466829171108,883.3604083498107
paper,medium,2000-12-31,2002Q1,6,CONS,881.0417621636816,910.8036070224157,-29.761844858734094,877.4985870707628,878.8247527187235,881.0161806911592,883.3266088787801,884.7031023923855
paper,medium,2000-12-31,2002Q2,7,CONS,882.0162278746319,911.3081614927729,-29.291933618141,878.0738538438721,879.4809103363154,881.943250816404,884.6094285597417,886.102962460131
paper,medium,2000-12-31,2002Q3,8,CONS,882.9569953895415,912.0055533963482,-29.04855800680673,878.4977329032323,880.1393689548912,882.9349137603529,885.6780007375693,887.6209397063182
paper,medium,2000-12-31,2000Q4,1,DEFL,468.00349049205545,436.5490666033782,31.45442388867724,467.53825700744125,467.7220029736651,468.0010620558801,468.28568115231445,468.4957379986887
paper,medium,2000-12-31,2001Q1,2,DEFL,468.6008172549959,437.2026802595548,31.398136995441064,467.78828698257684,468.09958294901736,468.59907104741063,469.1043963241443,469.43614673609716
paper,medium,2000-12-31,2001Q2,3,DEFL,469.15817124073334,437.8056263169986,31.35254492373474,467.93247826366087,468.4158629929373,469.16096674404344,469.90354166914057,470.3843877091654
paper,medium,2000-12-31,2001Q3,4,DEFL,469.7031999908361,438.197663342384,31.505536648452107,468.0827608549785,468.7132224559042,469.7115296366658,470.705406436207,471.3169022495966
paper,medium,2000-12-31,2001Q4,5,DEFL,470.2695082428335,438.50844547731197,31.761062765521558,468.14720819168144,468.9309587036645,470.27402403371246,471.6168044474061,472.37010283469203
paper,medium,2000-12-31,2002Q1,6,DEFL,470.8425931135501,438.83068726310324,32.01190585044685,468.2311637384373,469.1702886338307,470.8121585815315,472.53142163592133,473.4995378986905
paper,medium,2000-12-31,2002Q2,7,DEFL,471.4239357317332,439.17665473510937,32.24728099662383,468.2319174989185,469.4236233102747,471.3965914638704,473.4777409426296,474.68181165480127
paper,medium,2000-12-31,2002Q3,8,DEFL,472.02083815696255,439.65703601147226,32.3638021454903,468.13270861200033,469.63195683633694,472.0085912306631,474.4219186604682,475.8763487348731
paper,medium,2000-12-31,2000Q4,1,FFR,6.065216705600218,6.473333333333334,-0.40811662773311586,4.622993975469804,5.2175337824329855,6.041169814836406,6.915400565144721,7.519209229838985
paper,medium,2000-12-31,2001Q1,2,FFR,5.635775381418217,5.593333333333334,0.042442048084883055,3.4515272137249786,4.298461821933012,5.626209169252359,6.970638491928908,7.80780241385399
paper,medium,2000-12-31,2001Q2,3,FFR,5.446960137030755,4.326666666666667,1.1202934703640883,2.779242889069767,3.788073796102547,5.4846956135740665,7.083110490768867,8.061584538520554
paper,medium,2000-12-31,2001Q3,4,FFR,5.449986468808214,3.4966666666666666,1.953319802141547,2.2985490569644242,3.532459849739305,5.4865276105052505,7.377494257180088,8.479052198817659
paper,medium,2000-12-31,2001Q4,5,FFR,5.443461563344349,2.1333333333333333,3.3101282300110157,1.9998866988731654,3.2727620895042566,5.366605747543856,7.649664907418807,8.913338379733949
paper,medium,2000-12-31,2002Q1,6,FFR,5.42668800939745,1.7333333333333334,3.693354676064117,1.7005729406394408,3.15162050567575,5.473327652037346,7.751310311655503,9.171690576691951
paper,medium,2000-12-31,2002Q2,7,FFR,5.442564367125973,1.75,3.692564367125973,1.360849053783358,3.0251489645317413,5.49116345418418,7.956921642680707,9.343124800896977
paper,medium,2000-12-31,2002Q3,8,FFR,5.443141601488285,1.74,3.7031416014882845,1.1334284503431116,2.8243084789872857,5.459003281751924,7.978169020166464,9.702424002087321
paper,medium,2000-12-31,2000Q4,1,GDP,915.2094756635167,949.2676932603196,-34.05821759680282,913.8721716962416,914.40366355539,915.224595258619,916.0134808077697,916.537823031264
paper,medium,2000-12-31,2001Q1,2,GDP,916.0043285570482,948.9429455219695,-32.938616964921266,913.8883724377895,914.7364430271668,916.0020523980711,917.2980512646751,918.1364907359076
paper,medium,2000-12-31,2001Q2,3,GDP,916.946112971442,949.5624120747524,-32.61629910331044,914.0979893928368,915.2276176984458,916.956263175649,918.6812610985811,919.8000654721246
paper,medium,2000-12-31,2001Q3,4,GDP,917.979993583115,949.1612595166631,-31.18126593354816,914.3432823303316,915.8517429155681,918.0198564168704,920.1278932186265,921.4460881968668
paper,medium,2000-12-31,2001Q4,5,GDP,918.974092545903,949.4381900682963,-30.46409752239333,914.9345830434297,916.5824339151766,918.9860125946251,921.4283238332581,922.9397965732729
paper,medium,2000-12-31,2002Q1,6,GDP,919.9336496975145,950.2630063031164,-30.3293566056019,915.4735026425736,917.2204471469927,919.9241285505846,922.6923701796525,924.3881159834814
paper,medium,2000-12-31,2002Q2,7,GDP,920.8882253525627,950.8766222794621,-29.98839692689944,915.9673966214602,918.0715744225519,920.8884600145204,923.9087637067424,925.7460691899483
paper,medium,2000-12-31,2002Q3,8,GDP,921.836915474085,951.2793389900701,-29.44242351598507,916.5231839675503,918.7127901016212,921.87528794581,925.0579053873818,927.1749406230756
paper,medium,2000-12-31,2000Q4,1,HOURS,479.6708527453771,464.5390399474456,15.131812797931502,478.6061720171145,479.0323111044755,479.65705474806424,480.3063067656641,480.779647102043
paper,medium,2000-12-31,2001Q1,2,HOURS,479.9855604287491,464.48138865926427,15.504171769484856,478.03382860987165,478.86378984931093,480.0008596890328,481.1150973401858,481.8189546200669
paper,medium,2000-12-31,2001Q2,3,HOURS,480.3452213720204,463.52240113165556,16.82282024036482,477.617821943499,478.73389373023923,480.3662162905631,481.9224073249264,483.0029502303765
paper,medium,2000-12-31,2001Q3,4,HOURS,480.8366488199859,462.2744843004602,18.56216451952571,477.4196817650636,478.7808780666752,480.87720909269655,482.90121869327965,484.2446999331206
paper,medium,2000-12-31,2001Q4,5,HOURS,481.3501119869399,461.1539856495769,20.19612633736301,477.2601428880706,478.94653862595334,481.3584294572847,483.831846535675,485.3745212216033
paper,medium,2000-12-31,2002Q1,6,HOURS,481.86641483087243,460.304793560699,21.56162127017342,477.17839750668657,479.1533904479174,481.9263959834116,484.70512274999027,486.4869360635242
paper,medium,2000-12-31,2002Q2,7,HOURS,482.3770107294123,460.5650070824942,21.812003646918072,477.2683513241661,479.3196591096363,482.4286645716132,485.5009953995302,487.47860998104426
paper,medium,2000-12-31,2002Q3,8,HOURS,482.87263781106793,460.1985119043317,22.674125906736208,477.3512464065061,479.4945600100208,482.967351834718,486.2472713561238,488.2959936547616
paper,medium,2000-12-31,2000Q4,1,INV,753.9920926234222,777.1408234109886,-23.148730787566365,747.5281569928995,750.2623496993364,754.0075291644648,757.7515723946455,760.2037991013402
paper,medium,2000-12-31,2001Q1,2,INV,755.0607584093299,772.4977657957813,-17.437007386451455,745.391170537391,749.2480279818977,755.0741092069234,760.8691025168772,764.7762852276289
paper,medium,2000-12-31,2001Q2,3,INV,756.5021836533663,772.6403633592433,-16.138179705877064,744.0398097663443,748.9584314098906,756.4095611976695,764.162780079615,768.7105386467181
paper,medium,2000-12-31,2001Q3,4,INV,758.5803842520987,770.4527970950121,-11.872412842913377,742.9404313662202,749.8426795435213,758.5959129403411,767.6036840277949,773.5430549402088
paper,medium,2000-12-31,2001Q4,5,INV,760.4521608992502,765.3732073186615,-4.921046419411255,743.2444828870181,750.3698144241883,760.3908388417644,770.451534709667,777.6596671341779
paper,medium,2000-12-31,2002Q1,6,INV,762.0963443457467,768.2808199922722,-6.18447564652547,743.3085777313772,750.9871141390798,762.1406551661444,773.1095084490406,780.7078772133971
paper,medium,2000-12-31,2002Q2,7,INV,763.7088690493005,769.9106176300443,-6.201748580743811,743.3231793628387,752.075743257544,763.7831257893683,775.5852607640778,783.3546410549997
paper,medium,2000-12-31,2002Q3,8,INV,765.4415732662652,769.7624823562915,-4.320909090026248,743.582666176173,753.1374609382295,765.4836685584863,777.6978496609447,787.2361407619842
paper,medium,2000-12-31,2000Q4,1,WAGE,469.1025889855848,453.23951712056794,15.863071865016877,468.2139984399683,468.5655512498424,469.10728221677346,469.6268766376496,469.9689465301494
paper,medium,2000-12-31,2001Q1,2,WAGE,469.53433760593447,454.5048562646711,15.029481341263363,468.18215452635667,468.7157708353424,469.5425723602982,470.33601694936823,470.8827883157367
paper,medium,2000-12-31,2001Q2,3,WAGE,469.97033969551774,454.1708418276762,15.799497867841524,468.26120466096114,468.9392841195961,469.9458986648115,471.004074223336,471.8134642684549
paper,medium,2000-12-31,2001Q3,4,WAGE,470.38846125720164,454.0471652049154,16.341296052286225,468.2370798999656,469.0772947026237,470.36040127236964,471.73352520652986,472.70948371225444
paper,medium,2000-12-31,2001Q4,5,WAGE,470.78968244609945,455.048166063729,15.741516382370435,468.2772305797713,469.26424423487634,470.7594362059053,472.3362450480038,473.3942617553715
paper,medium,2000-12-31,2002Q1,6,WAGE,471.19896450089186,455.1706116118767,16.02835288901514,468.3770924610355,469.4783702172925,471.10988747484356,472.9743868894006,474.23148977725845
paper,medium,2000-12-31,2002Q2,7,WAGE,471.61068114810143,455.23704943958904,16.37363170851239,468.3294512889306,469.7093739347926,471.57567814247477,473.6363954449302,474.985979128448
paper,medium,2000-12-31,2002Q3,8,WAGE,472.0169431402436,455.20858148956364,16.808361650679956,468.45804253079393,469.8012704553066,472.00207454576366,474.20393855508746,475.78252129423856
paper,medium,2001-03-31,2001Q1,1,CONS,876.745429735485,908.4325119413213,-31.687082205836305,875.7060422851899,876.122902612052,876.7298058371136,877.3900895030229,877.772784963608
paper,medium,2001-03-31,2001Q2,2,CONS,877.6173198279797,908.6332175148394,-31.015897686859716,876.02420951297,876.6856044707397,877.6079571261985,878.5689163831596,879.2240020093325
paper,medium,2001-03-31,2001Q3,3,CONS,878.6088373915899,908.9805866997402,-30.371749308150356,876.4813720536164,877.3412412184524,878.6151030924246,879.9129140306143,880.6966341163316
paper,medium,2001-03-31,2001Q4,4,CONS,879.6338066658699,910.5812176510452,-30.94741098517534,877.0381937865244,878.0519709502294,879.6249537964045,881.257788158757,882.2651613404048
paper,medium,2001-03-31,2002Q1,5,CONS,880.6529755092104,910.8036070224157,-30.150631513205326,877.5988551570374,878.8119621161435,880.5841418581078,882.5740840937303,883.8528443082995
paper,medium,2001-03-31,2002Q2,6,CONS,881.6461536974372,911.3081614927729,-29.66200779533574,878.1313517134467,879.4503262888004,881.6216213144131,883.8074694671709,885.3407750710419
paper,medium,2001-03-31,2002Q3,7,CONS,882.6153290182591,912.0055533963482,-29.3902243780891,878.5689843970025,880.2457386316529,882.6198650722515,885.1037582583978,886.7367373089654
paper,medium,2001-03-31,2002Q4,8,CONS,883.5745630797906,912.5602082292284,-28.9856451494378,879.1535700495846,880.9344381170836,883.5828690603568,886.2651866310918,887.9367633474401
paper,medium,2001-03-31,2001Q1,1,DEFL,468.4743798639567,437.2026802595548,31.271699604401874,468.0013054235192,468.1846545985628,468.47696899122195,468.7566125354819,468.93488932570494
paper,medium,2001-03-31,2001Q2,2,DEFL,469.00725428192055,437.8056263169986,31.201627964921954,468.1682957702992,468.5169650718814,469.00476709159125,469.49568010780587,469.81749941701867
paper,medium,2001-03-31,2001Q3,3,DEFL,469.50242014154446,438.197663342384,31.304756799160486,468.28170160549445,468.7708683220078,469.4939534767758,470.2462063386725,470.7081392589891
paper,medium,2001-03-31,2001Q4,4,DEFL,470.00299671588243,438.50844547731197,31.494551238570466,468.31584561561687,469.00504773257785,469.9851609307961,471.02167054357074,471.6466068688747
paper,medium,2001-03-31,2002Q1,5,DEFL,470.516350445581,438.83068726310324,31.685663182477754,468.3323493690404,469.2251213772705,470.511932706381,471.8228697330438,472.65573349566625
paper,medium,2001-03-31,2002Q2,6,DEFL,471.0424080020777,439.17665473510937,31.86575326696834,468.33531375320047,469.36418133168246,471.04777397802536,472.6980608924157,473.7169499286139
paper,medium,2001-03-31,2002Q3,7,DEFL,471.5786509417841,439.65703601147226,31.92161493031182,468.2618608526779,469.5848959797779,471.58958935998453,473.56783987826566,474.8692080863418
paper,medium,2001-03-31,2002Q4,8,DEFL,472.13040339495075,440.229483984637,31.900919410313747,468.1128639218419,469.7687554910289,472.11940908620704,474.4512201441853,476.03112217342425
paper,medium,2001-03-31,2001Q1,1,FFR,5.726714337415783,5.593333333333334,0.13338100408244902,4.348178172458946,4.8475439651875005,5.7300593822012,6.570612743536761,7.154280639882691
paper,medium,2001-03-31,2001Q2,2,FFR,5.2974336980821155,4.326666666666667,0.9707670314154484,3.079184588024635,4.032282244589047,5.283492943071812,6.608480390101374,7.433887563220063
paper,medium,2001-03-31,2001Q3,3,FFR,5.174381383529073,3.4966666666666666,1.6777147168624063,2.49842604799829,3.4930353253533486,5.1519248968206215,6.835150016332236,7.943566568846617
paper,medium,2001-03-31,2001Q4,4,FFR,5.1260479089242805,2.1333333333333333,2.9927145755909472,1.8352525353716829,3.2355850774821433,5.127962602239175,7.08266015332347,8.296116962065001
paper,medium,2001-03-31,2002Q1,5,FFR,5.090403467815312,1.7333333333333334,3.3570701344819787,1.4947783063166,2.9768747466313035,5.073969452741652,7.1734070257912155,8.600830959883192
paper,medium,2001-03-31,2002Q2,6,FFR,5.108475714139942,1.75,3.358475714139942,1.2487971440982137,2.8467360307954497,5.154881831599239,7.387540629521154,8.843129822787557
paper,medium,2001-03-31,2002Q3,7,FFR,5.094321804239548,1.74,3.3543218042395475,0.9938396730426518,2.6137614979887727,5.079379700540518,7.524679380522132,9.076381239667146
paper,medium,2001-03-31,2002Q4,8,FFR,5.098340403453304,1.4433333333333334,3.6550070701199706,1.0028755748232805,2.5257716508850434,5.069609750149808,7.647652110472333,9.24425318466157
paper,medium,2001-03-31,2001Q1,1,GDP,915.3987777982834,948.9429455219695,-33.54416772368609,914.0255354716141,914.5973973886361,915.3949408993108,916.2340335989903,916.764055023528
paper,medium,2001-03-31,2001Q2,2,GDP,916.1222168990703,949.5624120747524,-33.440195175682106,914.0091526149733,914.8317703977983,916.0884756905194,917.4425899732679,918.2855806156064
paper,medium,2001-03-31,2001Q3,3,GDP,917.1064130817681,949.1612595166631,-32.05484643489501,914.2155360113708,915.4036005937971,917.1460459400332,918.7320082976354,919.9808545977785
paper,medium,2001-03-31,2001Q4,4,GDP,918.1051945268705,949.4381900682963,-31.332995541425817,914.7014968750714,916.0358044998083,918.1324024322023,920.1117401130105,921.478775110066
paper,medium,2001-03-31,2002Q1,5,GDP,919.0884827062757,950.2630063031164,-31.174523596840686,915.1228148024846,916.7060961016698,919.0745152551274,921.4489467564803,923.0984278746636
paper,medium,2001-03-31,2002Q2,6,GDP,920.0811885130807,950.8766222794621,-30.795433766381393,915.6121793804376,917.4458331536592,920.0726474003739,922.7375448702977,924.4926424866226
paper,medium,2001-03-31,2002Q3,7,GDP,921.0417692382534,951.2793389900701,-30.237569751816636,916.070497575576,918.038120415917,920.9941218623305,923.9791935571226,925.8972425052275
paper,medium,2001-03-31,2002Q4,8,GDP,921.981432167827,951.4099094767561,-29.42847730892902,916.6695606721541,918.8190686272991,921.9239698579051,925.1876707918002,927.2239901443637
paper,medium,2001-03-31,2001Q1,1,HOURS,479.2275997596033,464.48138865926427,14.746211100339053,478.15411722604284,478.55979890029704,479.22389545252736,479.87067994838844,480.3304473986858
paper,medium,2001-03-31,2001Q2,2,HOURS,479.3629564217845,463.52240113165556,15.840555290128918,477.3853429091949,478.23368446358734,479.3885059979301,480.5040223036065,481.33990156088134
paper,medium,2001-03-31,2001Q3,3,HOURS,479.70356857523626,462.2744843004602,17.429084274776073,476.89552959000974,478.08007519919596,479.7531111448536,481.2926027550645,482.41571649025155
paper,medium,2001-03-31,2001Q4,4,HOURS,480.1633814852256,461.1539856495769,19.009395835648718,476.735398276512,478.136658793399,480.17029616141184,482.2737962675442,483.5628700720764
paper,medium,2001-03-31,2002Q1,5,HOURS,480.6731223242436,460.304793560699,20.368328763544582,476.47238823185086,478.2832292072823,480.62605092998257,483.1906246752964,484.64560330316255
paper,medium,2001-03-31,2002Q2,6,HOURS,481.2011085682493,460.5650070824942,20.63610148575509,476.50724426646576,478.4897389783165,481.1129250396486,483.9962911466998,485.8430194286009
paper,medium,2001-03-31,2002Q3,7,HOURS,481.70533583756725,460.1985119043317,21.506823933235523,476.51995131315675,478.79378475138714,481.60232192435205,484.7419416489807,486.93190048018965
paper,medium,2001-03-31,2002Q4,8,HOURS,482.1950005191246,460.322830175075,21.872170344049607,476.5150545715161,478.9875465309935,482.09604929655643,485.4642031792106,487.7225237915975
paper,medium,2001-03-31,2001Q1,1,INV,752.8174706791787,772.4977657957813,-19.68029511660268,746.3542701958804,748.8840376515145,752.7976630662795,756.7697398195177,759.2455329431816
paper,medium,2001-03-31,2001Q2,2,INV,753.3261686630652,772.6403633592433,-19.314194696178106,743.3664150916356,747.2841411885616,753.3658917922767,759.2085139138167,763.1243292137394
paper,medium,2001-03-31,2001Q3,3,INV,755.0699310370105,770.4527970950121,-15.382866058001582,742.2067639640509,747.4044063568424,755.0942991874064,762.6228393721038,767.8226415586197
paper,medium,2001-03-31,2001Q4,4,INV,757.1092263153658,765.3732073186615,-8.263981003295612,742.311486878807,748.4330659059307,757.1163210377221,766.094380517325,771.80742450249
paper,medium,2001-03-31,2002Q1,5,INV,759.0428204139326,768.2808199922722,-9.237999578339554,742.4222164707203,749.0871058335231,759.1242797545391,769.147530695277,775.8154710053971
paper,medium,2001-03-31,2002Q2,6,INV,760.9915146320358,769.9106176300443,-8.919102998008498,742.1500820849529,750.068361500039,760.9982904161325,771.7276820522477,779.7629327397236
paper,medium,2001-03-31,2002Q3,7,INV,762.7369779920131,769.7624823562915,-7.02550436427839,742.5317449281382,750.931469620103,762.7313437137295,774.7226080529844,783.1797776299736
paper,medium,2001-03-31,2002Q4,8,INV,764.2557471822237,769.7007323501294,-5.44498516790577,743.1222862959801,751.1248288668775,764.0752050555991,777.3166600632563,785.8573609318464
paper,medium,2001-03-31,2001Q1,1,WAGE,469.9711690160782,454.5048562646711,15.466312751407088,469.0770672904814,469.4069698681903,469.9787046187368,470.5192433057747,470.84977516184057
paper,medium,2001-03-31,2001Q2,2,WAGE,470.4633388057673,454.1708418276762,16.292496978091094,469.13001124022037,469.6385410767518,470.457920892291,471.3021007998671,471.81090648261585
paper,medium,2001-03-31,2001Q3,3,WAGE,470.9084120964631,454.0471652049154,16.861246891547694,469.1856135065809,469.87725988837894,470.89515516158906,471.9743435136621,472.6324207417846
paper,medium,2001-03-31,2001Q4,4,WAGE,471.3456616629075,455.048166063729,16.29749559917849,469.1792118026455,470.0616677928314,471.3270391044547,472.66861317497614,473.49147391288324
paper,medium,2001-03-31,2002Q1,5,WAGE,471.76716212170925,455.1706116118767,16.596550509832525,469.24002098942293,470.23760772509263,471.7774081250411,473.31423743377167,474.2764680698557
paper,medium,2001-03-31,2002Q2,6,WAGE,472.1714429561993,455.23704943958904,16.93439351661027,469.3055245757082,470.4720172362322,472.1580888569935,473.9216889063328,475.09282529040627
paper,medium,2001-03-31,2002Q3,7,WAGE,472.589348598073,455.20858148956364,17.38076710850936,469.4131187216805,470.6428253189692,472.5635649757171,474.494526385817,475.8265974335192
paper,medium,2001-03-31,2002Q4,8,WAGE,472.9945273292117,454.88855079768575,18.105976531525926,469.5296445043188,470.81306964006365,472.96354212114306,475.1921957266168,476.5570114646157
paper,medium,2001-06-30,2001Q2,1,CONS,877.6322599765132,908.6332175148394,-31.000957538326247,876.6359909095406,877.0119750769901,877.6471235898097,878.2457441519538,878.6656589120475
paper,medium,2001-06-30,2001Q3,2,CONS,878.6234900780038,908.9805866997402,-30.357096621736446,877.090793537523,877.7197162859311,878.6127668431798,879.5537260847393,880.1687788427506
paper,medium,2001-06-30,2001Q4,3,CONS,879.6111690221676,910.5812176510452,-30.970048628877635,877.5493005310171,878.3671756209386,879.5851747113373,880.8982946099055,881.6531830048787
paper,medium,2001-06-30,2002Q1,4,CONS,880.553074320028,910.8036070224157,-30.25053270238766,877.9961541168433,878.9473082804021,880.5381800415441,882.1923934293643,883.2196710073484
paper,medium,2001-06-30,2002Q2,5,CONS,881.4715852375,911.3081614927729,-29.836576255272917,878.455085325065,879.5811800037314,881.4480246041783,883.3929092918829,884.5620766004175
paper,medium,2001-06-30,2002Q3,6,CONS,882.3829122442193,912.0055533963482,-29.62264115212895,878.8155068912773,880.2128168455213,882.3691519562929,884.5468627819428,886.0178951197336
paper,medium,2001-06-30,2002Q4,7,CONS,883.3129804206296,912.5602082292284,-29.247227808598723,879.3035912597212,880.9063228938417,883.2922399522031,885.7721743271861,887.3420227230965
paper,medium,2001-06-30,2003Q1,8,CONS,884.2037248131835,913.0515690533199,-28.847844240136396,879.7964108106459,881.5475594436596,884.2640008642259,886.8571216631141,888.7943600624029
paper,medium,2001-06-30,2001Q2,1,DEFL,469.3813569377317,437.8056263169986,31.57573062073311,468.8928515098019,469.0949269964373,469.3810522334544,469.6707880542601,469.86784427468274
paper,medium,2001-06-30,2001Q3,2,DEFL,470.0237807903601,438.197663342384,31.826117447976117,469.16240021847506,469.51268053203563,470.02240609979435,470.52411147375057,470.8447610546651
paper,medium,2001-06-30,2001Q4,3,DEFL,470.6682956409923,438.50844547731197,32.159850163680346,469.40055680367175,469.93508103125924,470.6783346843059,471.37704169638323,471.9117128474829
paper,medium,2001-06-30,2002Q1,4,DEFL,471.3401522301094,438.83068726310324,32.50946496700618,469.5811748201946,470.35737307015194,471.3666975531048,472.3597910091188,473.0181166052182
paper,medium,2001-06-30,2002Q2,5,DEFL,472.01357352400714,439.17665473510937,32.836918788897776,469.721219735563,470.72943745057336,472.0167990677046,473.32883020000276,474.2370087552622
paper,medium,2001-06-30,2002Q3,6,DEFL,472.69714449106783,439.65703601147226,33.040108479595574,469.902554729163,471.0990417677486,472.71389761074056,474.30430444528076,475.42879558757664
paper,medium,2001-06-30,2002Q4,7,DEFL,473.3901523842484,440.229483984637,33.16066839961138,469.971895264348,471.42859601169795,473.46528172146037,475.3528133748604,476.72690243614807
paper,medium,2001-06-30,2003Q1,8,DEFL,474.0933455077835,440.72678772271144,33.366557785072075,470.0624771480266,471.73109050799013,474.1625324968302,476.4151950852448,478.06581804331654
paper,medium,2001-06-30,2001Q2,1,FFR,5.3817194976129255,4.326666666666667,1.0550528309462583,3.9111787372266287,4.510465888382894,5.393852667401415,6.246936993511779,6.839772606710469
paper,medium,2001-06-30,2001Q3,2,FFR,5.474673422167682,3.4966666666666666,1.9780067555010157,3.2656373916023864,4.201702076190236,5.456656891706178,6.794390408606504,7.661837926029512
paper,medium,2001-06-30,2001Q4,3,FFR,5.608201617946535,2.1333333333333333,3.4748682846132017,2.8986160708422335,4.044811308269194,5.635077286124989,7.179933976150959,8.233234931580832
paper,medium,2001-06-30,2002Q1,4,FFR,5.6585843259957755,1.7333333333333334,3.925250992662442,2.5711587662356608,3.7926233040873147,5.6413658988179165,7.440171625931127,8.822230979269348
paper,medium,2001-06-30,2002Q2,5,FFR,5.6414185986266725,1.75,3.8914185986266725,2.2190391973863663,3.5760506590854853,5.731524702468145,7.579619885830379,8.99591764945211
paper,medium,2001-06-30,2002Q3,6,FFR,5.672122880912397,1.74,3.932122880912397,1.7730724821435226,3.4193747055791888,5.737479570530786,7.900139076960595,9.359209532644801
paper,medium,2001-06-30,2002Q4,7,FFR,5.688822969971211,1.4433333333333334,4.245489636637878,1.4866643177485737,3.3552995492174924,5.7272953371279955,8.048938535109395,9.734952603665203
paper,medium,2001-06-30,2003Q1,8,FFR,5.733636686669205,1.25,4.483636686669205,1.4204660623316154,3.241713249693581,5.7740421716461565,8.222604903089476,10.018166264398085
paper,medium,2001-06-30,2001Q2,1,GDP,915.9732044847367,949.5624120747524,-33.58920759001569,914.652127331531,915.173911344278,915.9617357282812,916.7539401487049,917.3226188683491
paper,medium,2001-06-30,2001Q3,2,GDP,917.0358104868827,949.1612595166631,-32.125449029780384,915.0543126397896,915.7734075209329,917.0230462037825,918.3099412099073,919.1225067870505
paper,medium,2001-06-30,2001Q4,3,GDP,918.0193510700404,949.4381900682963,-31.418838998255865,915.2898680941478,916.3759377041724,917.973893066305,919.7060659797992,920.8345047549021
paper,medium,2001-06-30,2002Q1,4,GDP,918.9448761848427,950.2630063031164,-31.318130118273757,915.6120308367837,917.0197194703458,918.9227092396352,920.9284328275771,922.2266243642232
paper,medium,2001-06-30,2002Q2,5,GDP,919.8610908157104,950.8766222794621,-31.0155314637517,915.9680463580032,917.6058787269561,919.8371616654626,922.1900722168209,923.6490002542737
paper,medium,2001-06-30,2002Q3,6,GDP,920.742501760135,951.2793389900701,-30.53683722993503,916.3847095667892,918.1288904243643,920.7262365460999,923.3829042671389,925.1161750535158
paper,medium,2001-06-30,2002Q4,7,GDP,921.6531875000034,951.4099094767561,-29.756721976752715,916.8096324665145,918.803595943802,921.5620465845769,924.5406030706738,926.4736886712591
paper,medium,2001-06-30,2003Q1,8,GDP,922.5210390638719,951.9253022305498,-29.404263166677993,917.3178787806175,919.4765301732161,922.5196996809339,925.7068621380315,927.7189003889092
paper,medium,2001-06-30,2001Q2,1,HOURS,480.06541259367185,463.52240113165556,16.543011462016295,478.96915249471164,479.40322809421605,480.0769240026817,480.71132728501124,481.1146828289409
paper,medium,2001-06-30,2001Q3,2,HOURS,480.54230208924935,462.2744843004602,18.26781778878916,478.6962993725561,479.41870771131113,480.5506752839757,481.66724484757924,482.3891638717953
paper,medium,2001-06-30,2001Q4,3,HOURS,481.02449393260775,461.1539856495769,19.87050828303086,478.4157931540223,479.5111662337646,481.01923304508995,482.59966414934706,483.5154598742851
paper,medium,2001-06-30,2002Q1,4,HOURS,481.5685447205299,460.304793560699,21.263751159830917,478.3868791547243,479.7154034911145,481.56874471685705,483.481569231197,484.7801559058149
paper,medium,2001-06-30,2002Q2,5,HOURS,482.08302223350535,460.5650070824942,21.518015151011127,478.15120728736525,479.8377615999574,482.1056915938446,484.36765154796814,486.0244591582748
paper,medium,2001-06-30,2002Q3,6,HOURS,482.570716136007,460.1985119043317,22.372204231675255,478.093511853503,479.95814626701883,482.5714072611571,485.2417358341721,487.0487968186785
paper,medium,2001-06-30,2002Q4,7,HOURS,483.07287315231974,460.322830175075,22.750042977244732,478.03025199880193,480.19035596986845,482.9945093732614,486.0744443705205,488.00438100608847
paper,medium,2001-06-30,2003Q1,8,HOURS,483.54413316191386,459.80045742031797,23.743675741595894,478.1791510781734,480.40525277819313,483.4370018486747,486.8850997112109,488.91384224050637
paper,medium,2001-06-30,2001Q2,1,INV,750.6043514581995,772.6403633592433,-22.03601190104382,744.019688789366,746.708666222314,750.6486852256885,754.5755376808169,757.082068671596
paper,medium,2001-06-30,2001Q3,2,INV,752.6603489531659,770.4527970950121,-17.792448141846194,743.0762519999462,746.7470439171516,752.6305241160131,758.71085370231,762.2834404509152
paper,medium,2001-06-30,2001Q4,3,INV,754.4940676240645,765.3732073186615,-10.879139694596915,742.0736555331066,747.1479616680238,754.5004069942634,761.8904527999794,767.1017934936598
paper,medium,2001-06-30,2002Q1,4,INV,756.190232547702,768.2808199922722,-12.090587444570247,742.0870641281502,747.938954782895,756.2427895508612,764.8175576126719,770.3755864266169
paper,medium,2001-06-30,2002Q2,5,INV,757.7218491997853,769.9106176300443,-12.18876843025896,741.5942133220124,747.9468121943096,757.6381305765221,767.4842685386288,774.0585510484899
paper,medium,2001-06-30,2002Q3,6,INV,759.068215241922,769.7624823562915,-10.694267114369495,740.5178581676547,748.5691518901516,759.0756845734088,770.1540302843214,777.0620668811266
paper,medium,2001-06-30,2002Q4,7,INV,760.5459604372045,769.7007323501294,-9.154771912924957,741.1946621196661,749.5360846331421,760.4076634533455,772.1324295678204,779.6062795855472
paper,medium,2001-06-30,2003Q1,8,INV,762.003061438708,770.4669957019948,-8.463934263286887,741.7738198308698,749.8945808063058,762.3104294124114,774.3216505503256,782.6649943534787
paper,medium,2001-06-30,2001Q2,1,WAGE,470.0925843985484,454.1708418276762,15.921742570872198,469.2229876095108,469.5786254577714,470.096489951952,470.6123103887059,470.9576848710009
paper,medium,2001-06-30,2001Q3,2,WAGE,470.43204436379096,454.0471652049154,16.38487915887555,469.1417300809105,469.65085779197517,470.431205285229,471.21454861238664,471.7029641938163
paper,medium,2001-06-30,2001Q4,3,WAGE,470.78958789440287,455.048166063729,15.741421830673858,469.1128447641179,469.7502665245978,470.7751816926965,471.8694373496649,472.4913909035035
paper,medium,2001-06-30,2002Q1,4,WAGE,471.14480624986913,455.1706116118767,15.974194637992412,469.0589943321298,469.87761472567496,471.14498741197633,472.4230304361526,473.2349037707084
paper,medium,2001-06-30,2002Q2,5,WAGE,471.5034871625387,455.23704943958904,16.26643772294966,469.0925521280399,470.03809179469783,471.5130999481954,473.00628594480946,473.98344077679775
paper,medium,2001-06-30,2002Q3,6,WAGE,471.8544910756064,455.20858148956364,16.645909586042762,469.22334930060225,470.18650710310067,471.82594306014096,473.5085167880898,474.67281944431556
paper,medium,2001-06-30,2002Q4,7,WAGE,472.20139050017264,454.88855079768575,17.312839702486883,469.1353967829018,470.34680303198684,472.2110773196689,474.0277901296314,475.3500417810341
paper,medium,2001-06-30,2003Q1,8,WAGE,472.53299828382114,454.48042807016486,18.05257021365628,469.13985442207735,470.4608480075062,472.50676516246506,474.5928016334666,475.93448065995904
paper,medium,2001-09-30,2001Q3,1,CONS,877.8718641159529,908.9805866997402,-31.108722583787312,876.8885845975623,877.2527530087326,877.8565539038746,878.4642961727116,878.8626448982984
paper,medium,2001-09-30,2001Q4,2,CONS,878.9304215049161,910.5812176510452,-31.650796146129096,877.3942428934847,878.0235703930041,878.9295369973881,879.8523310373306,880.4763943384241
paper,medium,2001-09-30,2002Q1,3,CONS,879.992122562261,910.8036070224157,-30.811484460154702,878.0098077929339,878.7477059534407,879.9793793367784,881.2499540093157,882.0922214044442
paper,medium,2001-09-30,2002Q2,4,CONS,881.0944782880011,911.3081614927729,-30.21368320477177,878.4921933072399,879.5399956681277,881.1054909195889,882.6760305185865,883.7487984644243
paper,medium,2001-09-30,2002Q3,5,CONS,882.147361774917,912.0055533963482,-29.85819162143116,879.0046739158806,880.2999905198577,882.0977454618472,884.0642592417298,885.2810800214604
paper,medium,2001-09-30,2002Q4,6,CONS,883.131702970185,912.5602082292284,-29.42850525904339,879.6374745916863,881.0018241075234,883.1096365955718,885.2595973901415,886.6452653358928
paper,medium,2001-09-30,2003Q1,7,CONS,884.0914185404151,913.0515690533199,-28.96015051290476,880.1405502746378,881.7269720569831,884.0955347194914,886.4285287420515,888.0162202316869
paper,medium,2001-09-30,2003Q2,8,CONS,885.034150665109,914.1900383335624,-29.155887668453374,880.6751377223655,882.4722411379684,885.0047191649857,887.6193536680247,889.233066748119
paper,medium,2001-09-30,2001Q3,1,DEFL,469.8399708974453,438.197663342384,31.642307555061336,469.3553649575088,469.55582765685887,469.8384288783999,470.1313201556272,470.3178953629722
paper,medium,2001-09-30,2001Q4,2,DEFL,470.38839022917773,438.50844547731197,31.879944751865764,469.5493753717109,469.876802244435,470.38870758164126,470.8972847144254,471.21611517164473
paper,medium,2001-09-30,2002Q1,3,DEFL,470.91386071070525,438.83068726310324,32.08317344760201,469.6835470481969,470.14275711932277,470.92454722616185,471.6809449029113,472.11154339993703
paper,medium,2001-09-30,2002Q2,4,DEFL,471.4227520486431,439.17665473510937,32.24609731353371,469.7877886936818,470.37870559215986,471.44320183341983,472.46424499174753,473.04943400793434
paper,medium,2001-09-30,2002Q3,5,DEFL,471.9647742113177,439.65703601147226,32.30773819984546,469.80237629325524,470.6310504506661,471.9434603697995,473.32821654740826,474.14233624680725
paper,medium,2001-09-30,2002Q4,6,DEFL,472.5298317068622,440.229483984637,32.30034772222518,469.823859914978,470.8893263501352,472.5280867858797,474.20458617471155,475.1749245603739
paper,medium,2001-09-30,2003Q1,7,DEFL,473.1156548181325,440.72678772271144,32.38886709542106,469.7800325517517,471.1439743993413,473.1149419446899,475.16242244242625,476.45201596904576
paper,medium,2001-09-30,2003Q2,8,DEFL,473.71661763423657,441.0711268533791,32.64549078085747,469.8325137911583,471.40592879440254,473.76284137717266,476.14150597076093,477.6870959267074
paper,medium,2001-09-30,2001Q3,1,FFR,4.080636391637668,3.4966666666666666,0.5839697249710016,2.5951368047832446,3.211076027714999,4.123087380512299,4.975874278255997,5.513048886721388
paper,medium,2001-09-30,2001Q4,2,FFR,4.100991854905918,2.1333333333333333,1.9676585215725848,1.8699478482710061,2.768139551426438,4.145393216894085,5.416518411464959,6.22246720722168
paper,medium,2001-09-30,2002Q1,3,FFR,4.089911247001945,1.7333333333333334,2.3565779136686116,1.375545475411516,2.4580334647840942,4.108714667459701,5.716700736694272,6.768415482236755
paper,medium,2001-09-30,2002Q2,4,FFR,4.15012327866038,1.75,2.40012327866038,0.987010309352061,2.2824842691396854,4.179680964317024,6.0173435205422185,7.290266077372912
paper,medium,2001-09-30,2002Q3,5,FFR,4.266413288228691,1.74,2.5264132882286905,0.5892600513616518,2.18785887676747,4.254937883795958,6.332421376682449,7.694453926563597
paper,medium,2001-09-30,2002Q4,6,FFR,4.358493302061175,1.4433333333333334,2.915159968727842,0.5535553496162866,2.0003919667701515,4.382727488428813,6.68739834199674,8.113155607945608
paper,medium,2001-09-30,2003Q1,7,FFR,4.4582304430748465,1.25,3.2082304430748465,0.2413019932396874,2.01071253638266,4.471075458770997,6.930448008604898,8.507247094957723
paper,medium,2001-09-30,2003Q2,8,FFR,4.545238711529794,1.2466666666666668,3.2985720448631266,0.19568951095438986,2.0043038670026654,4.558133988225107,7.123695007024219,8.743552527904225
paper,medium,2001-09-30,2001Q3,1,GDP,915.0747655560363,949.1612595166631,-34.08649396062685,913.7828659135644,914.2438749589984,915.0632805590998,915.9097156519775,916.3849980879885
paper,medium,2001-09-30,2001Q4,2,GDP,916.1866544975381,949.4381900682963,-33.251535570758165,914.0842519458423,914.938564943813,916.2199845735997,917.4185953543174,918.2404235058141
paper,medium,2001-09-30,2002Q1,3,GDP,917.3082647660235,950.2630063031164,-32.9547415370929,914.5716250242521,915.6504926472708,917.3696769052148,918.9932202091993,919.9695137009338
paper,medium,2001-09-30,2002Q2,4,GDP,918.4082312217149,950.8766222794621,-32.468391057747226,915.1354303652774,916.4184656413993,918.3975877141709,920.4033755474743,921.7406748249123
paper,medium,2001-09-30,2002Q3,5,GDP,919.4712545391366,951.2793389900701,-31.808084450933507,915.5754973794126,917.0702928716471,919.4867881528726,921.7907773368992,923.387940730472
paper,medium,2001-09-30,2002Q4,6,GDP,920.4625028561217,951.4099094767561,-30.94740662063441,916.1245352530285,917.9805621646757,920.4651866653649,923.0484032087446,924.7254169957641
paper,medium,2001-09-30,2003Q1,7,GDP,921.4075991698023,951.9253022305498,-30.51770306074752,916.6266555465716,918.5980634869728,921.3926976698697,924.266664207163,926.1157234170466
paper,medium,2001-09-30,2003Q2,8,GDP,922.3307091415813,952.8147130216528,-30.48400388007144,917.0233802978263,919.2082617806096,922.2414135225057,925.4091585115152,927.5024421132517
paper,medium,2001-09-30,2001Q3,1,HOURS,479.2719514766211,462.2744843004602,16.99746717616091,478.21571096341467,478.60133062623146,479.2637849205284,479.95532344392086,480.3676260119198
paper,medium,2001-09-30,2001Q4,2,HOURS,479.68674188604246,461.1539856495769,18.53275623646556,477.7233243397088,478.50562015599525,479.71021033541007,480.8473706025181,481.63787418469394
paper,medium,2001-09-30,2002Q1,3,HOURS,480.2448489352239,460.304793560699,19.94005537452489,477.48819054234,478.62674002281796,480.24058777198934,481.8410196228681,482.84919745024376
paper,medium,2001-09-30,2002Q2,4,HOURS,480.8484638415758,460.5650070824942,20.28345675908156,477.4309911118216,478.76170489353945,480.89903459868515,482.87551553200456,484.11919932973177
paper,medium,2001-09-30,2002Q3,5,HOURS,481.483101571927,460.1985119043317,21.2845896675953,477.460798356847,479.0508468175197,481.50785985626663,483.84048773916146,485.35479677208343
paper,medium,2001-09-30,2002Q4,6,HOURS,482.07246077043715,460.322830175075,21.749630595362134,477.5115477347997,479.35225067770443,482.2187791217349,484.7057503504684,486.39854790182693
paper,medium,2001-09-30,2003Q1,7,HOURS,482.59588904155044,459.80045742031797,22.795431621232467,477.61675381511213,479.6518074006661,482.6313461234854,485.5269617697494,487.4118827128348
paper,medium,2001-09-30,2003Q2,8,HOURS,483.1036919480764,459.5099647910325,23.59372715704393,477.80935246599483,479.9888640296311,483.1361044795823,486.25094555004836,488.31398258363305
paper,medium,2001-09-30,2001Q3,1,INV,742.3227076048975,770.4527970950121,-28.130089490114642,735.6420351775364,738.3360806514573,742.2784383513022,746.3858759264907,748.903783609035
paper,medium,2001-09-30,2001Q4,2,INV,745.051961084719,765.3732073186615,-20.321246233942475,735.2689455869187,739.3791975227178,745.1984916669276,750.6125229057329,754.4882343702305
paper,medium,2001-09-30,2002Q1,3,INV,747.7876780239224,768.2808199922722,-20.493141968349846,735.1551860221498,740.3668839229043,747.888337015237,755.1009294118253,759.395957828293
paper,medium,2001-09-30,2002Q2,4,INV,750.1119758439246,769.9106176300443,-19.798641786119674,735.5751042034243,741.0080787858085,750.2684616172356,758.782350236342,764.4570390188904
paper,medium,2001-09-30,2002Q3,5,INV,752.1898534811322,769.7624823562915,-17.57262887515924,735.756279182718,742.3377134391841,751.9896780447759,761.8803263488804,768.2334132106319
paper,medium,2001-09-30,2002Q4,6,INV,753.9751711502669,769.7007323501294,-15.725561199862568,736.1837913866875,743.1607423078465,753.8893415914413,764.7703542103926,771.4791365457754
paper,medium,2001-09-30,2003Q1,7,INV,755.462331579046,770.4669957019948,-15.004664122948839,735.7399964093106,743.894124641849,755.5251277190611,766.6491003791847,775.0438182588933
paper,medium,2001-09-30,2003Q2,8,INV,756.8203947009281,771.1547636745522,-14.334368973624123,736.1685218704097,744.7394071990426,756.8585080701323,769.1517005148298,777.8022110529866
paper,medium,2001-09-30,2001Q3,1,WAGE,472.4147702865164,454.0471652049154,18.36760508160097,471.5504315294857,471.88644782619696,472.4142747488155,472.9179529412759,473.2673877220168
paper,medium,2001-09-30,2001Q4,2,WAGE,472.8809843747524,455.048166063729,17.832818311023402,471.5425121952449,472.06431906764413,472.8620711953689,473.66797896354245,474.2750216442912
paper,medium,2001-09-30,2002Q1,3,WAGE,473.3219775468291,455.1706116118767,18.151365934952366,471.5703790310876,472.2583812477241,473.34977123525823,474.3646037327409,475.0904723358856
paper,medium,2001-09-30,2002Q2,4,WAGE,473.8175567698749,455.23704943958904,18.580507330285855,471.6790780419951,472.51441245353413,473.86578257118515,475.08567357417,475.9427015838191
paper,medium,2001-09-30,2002Q3,5,WAGE,474.29058650603355,455.20858148956364,19.082005016469907,471.77981520206487,472.78922418135863,474.27567800555124,475.81181771555805,476.79445381640767
paper,medium,2001-09-30,2002Q4,6,WAGE,474.7453214634093,454.88855079768575,19.85677066572356,471.9088798067839,473.05362781814625,474.74123726105427,476.50019839100923,477.68042619272916
paper,medium,2001-09-30,2003Q1,7,WAGE,475.2061907680331,454.48042807016486,20.72576269786822,472.0554702159934,473.27591689311436,475.23219821084774,477.1656472957513,478.5040842096251
paper,medium,2001-09-30,2003Q2,8,WAGE,475.62938353588027,456.34415305750383,19.285230478376434,472.1155671384439,473.4813523991842,475.61901221273183,477.7904877774715,479.3431477646356
paper,medium,2001-12-31,2001Q4,1,CONS,878.062490227437,910.5812176510452,-32.5187274236082,877.0198267422952,877.4410291559175,878.0744215117907,878.6688148724304,879.0642209933325
paper,medium,2001-12-31,2002Q1,2,CONS,879.0880548210829,910.8036070224157,-31.715552201332798,877.4961526803718,878.1609906542706,879.0908921065679,880.0756530180232,880.6147989638648
paper,medium,2001-12-31,2002Q2,3,CONS,880.1515573368167,911.3081614927729,-31.156604155956188,878.0549422285836,878.8835196057538,880.161000012702,881.4693960428029,882.2482649405285
paper,medium,2001-12-31,2002Q3,4,CONS,881.3026270848534,912.0055533963482,-30.70292631149482,878.6769710661462,879.7946105164134,881.2738252068125,882.9026684477905,883.8838549316201
paper,medium,2001-12-31,2002Q4,5,CONS,882.4121253338324,912.5602082292284,-30.148082895395987,879.249823031424,880.5447848104437,882.4136355197561,884.331319440927,885.6014926734439
paper,medium,2001-12-31,2003Q1,6,CONS,883.4546629067005,913.0515690533199,-29.596906146619403,879.9393091928041,881.2513063286829,883.4312488355652,885.67876421307,887.1155010519659
paper,medium,2001-12-31,2003Q2,7,CONS,884.4560582638773,914.1900383335624,-29.733980069685117,880.5039715643926,882.0804692660378,884.434096067047,886.9509059830376,888.5115395440888
paper,medium,2001-12-31,2003Q3,8,CONS,885.4082522981524,915.5941312320307,-30.185878933878257,880.9820413078337,882.7694919907731,885.4401188752297,888.0831969098315,889.8531647524176
paper,medium,2001-12-31,2001Q4,1,DEFL,470.38266666936136,438.50844547731197,31.87422119204939,469.91374007887964,470.0909415108359,470.3886419994624,470.6680308545085,470.84483562985866
paper,medium,2001-12-31,2002Q1,2,DEFL,470.9095050571157,438.83068726310324,32.07881779401248,470.11451303583067,470.400829415373,470.9139831030237,471.42423819618267,471.73769711999535
paper,medium,2001-12-31,2002Q2,3,DEFL,471.36926695338303,439.17665473510937,32.192612218273666,470.1702732244485,470.64216569751994,471.37128301407273,472.10516290257544,472.5697463764493
paper,medium,2001-12-31,2002Q3,4,DEFL,471.82233003330856,439.65703601147226,32.1652940218363,470.2020585705397,470.838208453918,471.8276500813806,472.81762033161607,473.4276192798886
paper,medium,2001-12-31,2002Q4,5,DEFL,472.2937571104772,440.229483984637,32.0642731258402,470.1353651878022,471.02974848560723,472.3117545099658,473.59545897703333,474.3509253571661
paper,medium,2001-12-31,2003Q1,6,DEFL,472.7987393908288,440.72678772271144,32.07195166811738,470.07287121279234,471.1808280284639,472.8013292977088,474.4705783108415,475.4280547343807
paper,medium,2001-12-31,2003Q2,7,DEFL,473.32800341442316,441.0711268533791,32.256876561044066,470.0417044236787,471.37961230225324,473.36964750038715,475.29899398950135,476.6093476081327
paper,medium,2001-12-31,2003Q3,8,DEFL,473.89619570922304,441.6379751045544,32.25822060466862,469.9360243828218,471.62735360319726,473.89918207352287,476.19524404004545,477.74848272096835
paper,medium,2001-12-31,2001Q4,1,FFR,3.103029442586194,2.1333333333333333,0.9696961092528609,1.6263203684577408,2.2186820112299643,3.099562555165308,3.9773120545974936,4.593341252799215
paper,medium,2001-12-31,2002Q1,2,FFR,2.948447976003971,1.7333333333333334,1.2151146426706374,0.6769659734725371,1.5874774138647212,2.9491693484153254,4.300687207780892,5.268379628006138
paper,medium,2001-12-31,2002Q2,3,FFR,2.8849633076987895,1.75,1.1349633076987895,0.15525901421324462,1.228906866678207,2.8630204661245515,4.569121181555229,5.686649054491954
paper,medium,2001-12-31,2002Q3,4,FFR,2.9342104741925175,1.74,1.1942104741925175,-0.31026138556575505,1.0222646246906881,2.9998740623379643,4.793433614324337,6.022303496868489
paper,medium,2001-12-31,2002Q4,5,FFR,3.0651849590444566,1.4433333333333334,1.6218516257111233,-0.47854991836247873,0.9814588091503228,3.1077238573164485,5.111520605519737,6.542182013000722
paper,medium,2001-12-31,2003Q1,6,FFR,3.2231067802923823,1.25,1.9731067802923823,-0.4840254403834974,0.9791653806002713,3.2063103951747998,5.474637611628187,7.0918477502562896
paper,medium,2001-12-31,2003Q2,7,FFR,3.378494788250225,1.2466666666666668,2.131828121583558,-0.7235208800331333,0.9859794395018411,3.334873302438713,5.883938778428949,7.471593683066886
paper,medium,2001-12-31,2003Q3,8,FFR,3.530618750490613,1.0166666666666666,2.513952083823946,-0.956288013506786,0.9314362808448562,3.5207546999071297,6.160298629217673,7.9520348735598425
paper,medium,2001-12-31,2001Q4,1,GDP,914.6689884772094,949.4381900682963,-34.769201591086926,913.263560198431,913.8690140046456,914.690027141761,915.4723648454489,916.0550287533713
paper,medium,2001-12-31,2002Q1,2,GDP,915.6727036698134,950.2630063031164,-34.590302633303054,913.565109581319,914.3610387629288,915.6851813533503,916.9584053322861,917.8220538263365
paper,medium,2001-12-31,2002Q2,3,GDP,916.8169452171826,950.8766222794621,-34.05967706227955,914.0616434917663,915.1330981633012,916.7938820801687,918.4893216098832,919.627400936261
paper,medium,2001-12-31,2002Q3,4,GDP,917.9701930269944,951.2793389900701,-33.30914596307571,914.6079187103895,915.9761534787981,917.9483350144342,920.0275979376261,921.3983054704289
paper,medium,2001-12-31,2002Q4,5,GDP,919.0885418788023,951.4099094767561,-32.32136759795378,915.1774655193001,916.7285192113569,919.057696386604,921.5429017752191,923.0826426020799
paper,medium,2001-12-31,2003Q1,6,GDP,920.1419167132372,951.9253022305498,-31.783385517312695,915.5554089917449,917.4209940121964,920.1011011273531,922.9548906927081,924.5663693176627
paper,medium,2001-12-31,2003Q2,7,GDP,921.1527818264855,952.8147130216528,-31.661931195167313,916.1548615632379,918.0456216392273,921.1488003622974,924.2112966996908,926.0593827950466
paper,medium,2001-12-31,2003Q3,8,GDP,922.1121841054991,954.4678690555788,-32.35568495007976,916.8025753092221,918.875472087868,922.1431582223123,925.3799551935225,927.2907500683991
paper,medium,2001-12-31,2001Q4,1,HOURS,477.97955557425155,461.1539856495769,16.825569924674653,476.88416196911766,477.33774744027835,477.9691038587464,478.6747477280872,479.0588487141818
paper,medium,2001-12-31,2002Q1,2,HOURS,478.26954619350187,460.304793560699,17.964752632802856,476.37964977625217,477.1189238317894,478.2409503342999,479.43044889351984,480.20633469469027
paper,medium,2001-12-31,2002Q2,3,HOURS,478.73817060107035,460.5650070824942,18.173163518576132,476.0821235814867,477.17196443761685,478.6983144412985,480.3525636556322,481.46093510848027
paper,medium,2001-12-31,2002Q3,4,HOURS,479.34719145397486,460.1985119043317,19.148679549643134,476.0855417329294,477.368548973101,479.3292676466057,481.33531913026144,482.82129804075146
paper,medium,2001-12-31,2002Q4,5,HOURS,479.9804185268172,460.322830175075,19.657588351742163,476.0145449823522,477.64686914749876,479.9604587848045,482.34277600776466,484.07378867074857
paper,medium,2001-12-31,2003Q1,6,HOURS,480.60608850057287,459.80045742031797,20.805631080254898,476.0170539985439,477.9195444165524,480.5753403969886,483.358674069946,485.2259703850176
paper,medium,2001-12-31,2003Q2,7,HOURS,481.19402602655765,459.5099647910325,21.684061235525178,476.09399545865494,478.2174636136056,481.24816882347625,484.2342701164588,486.258134682115
paper,medium,2001-12-31,2003Q3,8,HOURS,481.73975796670726,459.652290579554,22.087467387153254,476.1849309264382,478.4651472715386,481.7577964527442,484.9477306214804,487.240191908875
paper,medium,2001-12-31,2001Q4,1,INV,739.6942853485042,765.3732073186615,-25.678921970157262,733.1796083824262,735.7118517065857,739.6583370136157,743.7917241211169,746.2515135468327
paper,medium,2001-12-31,2002Q1,2,INV,741.9786629950554,768.2808199922722,-26.302156997216798,732.1199873294626,736.0187091108559,742.0235637282701,747.8055505140434,751.7496317032571
paper,medium,2001-12-31,2002Q2,3,INV,744.7842914480179,769.9106176300443,-25.126326182026332,732.3584117478945,737.1263363879293,744.5463126775667,752.4016600042436,757.2993683056333
paper,medium,2001-12-31,2002Q3,4,INV,747.3118020973037,769.7624823562915,-22.450680258987745,732.7682203567792,738.3868698729057,747.2342008741833,756.3042307664148,762.1850070064064
paper,medium,2001-12-31,2002Q4,5,INV,749.7207827898645,769.7007323501294,-19.979949560264913,733.3333196062486,739.8749331360445,749.3840010101326,759.8687153351138,766.1854864157341
paper,medium,2001-12-31,2003Q1,6,INV,751.7753388117819,770.4669957019948,-18.691656890212926,733.5375135834099,740.8280813922951,751.767157314436,763.1116895286096,770.5006422360465
paper,medium,2001-12-31,2003Q2,7,INV,753.5797294153066,771.1547636745522,-17.575034259245626,733.3241578249033,741.6750879357305,753.5976044532852,765.195796769793,774.1348439390914
paper,medium,2001-12-31,2003Q3,8,INV,755.125564041347,774.7337305880717,-19.608166546724647,733.9416710288401,742.5513594716118,755.0740540682962,767.3724785951176,776.4017257574038
paper,medium,2001-12-31,2001Q4,1,WAGE,473.559392910013,455.048166063729,18.51122684628399,472.7004034492001,473.0397728668471,473.5506146980431,474.0797498717954,474.421060073045
paper,medium,2001-12-31,2002Q1,2,WAGE,474.0629425387284,455.1706116118767,18.892330926851685,472.78393327028056,473.28658205080626,474.0763935430946,474.83721180004113,475.3611663358631
paper,medium,2001-12-31,2002Q2,3,WAGE,474.5817342764868,455.23704943958904,19.344684836897784,472.9193324541555,473.54485570805014,474.5832199977091,475.57497453273083,476.2896599440879
paper,medium,2001-12-31,2002Q3,4,WAGE,475.1328192770567,455.20858148956364,19.92423778749304,473.10672142076027,473.8950777139826,475.1151141345332,476.36538448050425,477.179767793139
paper,medium,2001-12-31,2002Q4,5,WAGE,475.6627763949428,454.88855079768575,20.774225597257043,473.215016967358,474.19634060970344,475.6329721222633,477.0931773873746,478.2195011259557
paper,medium,2001-12-31,2003Q1,6,WAGE,476.16487331112626,454.48042807016486,21.684445240961395,473.23558653037526,474.4771642999925,476.2021710743992,477.8080291461539,478.9465254322533
paper,medium,2001-12-31,2003Q2,7,WAGE,476.6650753092554,456.34415305750383,20.320922251751597,473.4297932702303,474.7546700627852,476.67438308435055,478.57494151714553,479.8289589273702
paper,medium,2001-12-31,2003Q3,8,WAGE,477.13604157758556,457.07961088967545,20.056430687910108,473.62154709060314,474.98651905279166,477.1287479514275,479.23997785979054,480.71444295022263
paper,medium,2002-03-31,2002Q1,1,CONS,879.6778057828737,910.8036070224157,-31.125801239541943,878.633168776039,879.0492124322373,879.6754224082665,880.284429049364,880.7316026400114
paper,medium,2002-03-31,2002Q2,2,CONS,880.938250915308,911.3081614927729,-30.369910577464907,879.3314452586459,879.9290606147664,880.9307198570687,881.9362673381897,882.6063862218675
paper,medium,2002-03-31,2002Q3,3,CONS,882.2946972726512,912.0055533963482,-29.710856123697,880.0564570273734,880.974119928539,882.3043243597538,883.6515905901471,884.4663180138889
paper,medium,2002-03-31,2002Q4,4,CONS,883.588848418515,912.5602082292284,-28.971359810713352,880.8425201815415,881.9328611688322,883.6151582558387,885.2729138637914,886.3360654832578
paper,medium,2002-03-31,2003Q1,5,CONS,884.7612273222857,913.0515690533199,-28.290341731034232,881.3624681279344,882.7783958370296,884.8120961952297,886.7467487332336,888.017130860629
paper,medium,2002-03-31,2003Q2,6,CONS,885.8399353626303,914.1900383335624,-28.350102970932085,882.0139845950313,883.6357845575297,885.8134135682849,888.200777861577,889.6233870219149
paper,medium,2002-03-31,2003Q3,7,CONS,886.8405630281052,915.5941312320307,-28.75356820392551,882.5796468508246,884.2784098139648,886.8313523599727,889.482332457599,891.0034252673864
paper,medium,2002-03-31,2003Q4,8,CONS,887.8019629686717,916.2802228701386,-28.478259901466913,883.267384123144,885.0409349299863,887.7708337370049,890.6371416831238,892.3904995868369
paper,medium,2002-03-31,2002Q1,1,DEFL,470.1166404520775,438.83068726310324,31.285953188974247,469.6557143189091,469.8253794356959,470.11811820162177,470.39686361150456,470.5741695985989
paper,medium,2002-03-31,2002Q2,2,DEFL,470.31526108840313,439.17665473510937,31.138606353293767,469.4624930140288,469.8069175911349,470.32635988619745,470.82457412646494,471.1249632180526
paper,medium,2002-03-31,2002Q3,3,DEFL,470.4724247738083,439.65703601147226,30.815388762336056,469.21579473107226,469.71916658189184,470.4838258022403,471.2225554854757,471.6814353701345
paper,medium,2002-03-31,2002Q4,4,DEFL,470.6372937658453,440.229483984637,30.4078097812083,468.9164802248848,469.60662744283246,470.67837317385056,471.66855073632604,472.29630702007444
paper,medium,2002-03-31,2003Q1,5,DEFL,470.8842590277286,440.72678772271144,30.157471305017168,468.61045761352835,469.5471286106619,470.92029865902725,472.2348561151938,473.0608722300579
paper,medium,2002-03-31,2003Q2,6,DEFL,471.1724464882023,441.0711268533791,30.1013196348232,468.30055157571314,469.4576772599502,471.2110653871132,472.87210114805924,473.9741616144155
paper,medium,2002-03-31,2003Q3,7,DEFL,471.50217765664036,441.6379751045544,29.864202552085942,467.9973247936281,469.4150133776047,471.5418557222241,473.57784492405966,474.8350879166521
paper,medium,2002-03-31,2003Q4,8,DEFL,471.8745677394756,442.25205753903714,29.622510200438455,467.75688988079105,469.42252683598355,471.90411197185756,474.33124426331915,475.8606705695192
paper,medium,2002-03-31,2002Q1,1,FFR,1.7508874237717367,1.7333333333333334,0.01755409043840328,0.32607413624521464,0.8383994198275022,1.769367655017879,2.6302823665579957,3.216730229042622
paper,medium,2002-03-31,2002Q2,2,FFR,1.5709017954430118,1.75,-0.17909820455698822,-0.6129136848439455,0.2419340936704738,1.5381769035496147,2.9735112327710924,3.7365680163015713
paper,medium,2002-03-31,2002Q3,3,FFR,1.68541702980194,1.74,-0.05458297019806002,-0.9471058397787142,0.004068747310655939,1.680805816512543,3.365585278908564,4.451705471337888
paper,medium,2002-03-31,2002Q4,4,FFR,1.9432365453416398,1.4433333333333334,0.49990321200830645,-1.2253824921207794,0.01903438822532384,1.8838787838685738,3.9370205901388764,5.211839666419214
paper,medium,2002-03-31,2003Q1,5,FFR,2.153652146015127,1.25,0.9036521460151268,-1.5205259970810814,-0.0003260709269068199,2.141172278938738,4.365216594257088,5.878283034390202
paper,medium,2002-03-31,2003Q2,6,FFR,2.360389696987515,1.2466666666666668,1.113723030320848,-1.777589261189216,-0.04340089123011898,2.36818697467318,4.72882836406705,6.2079155981368785
paper,medium,2002-03-31,2003Q3,7,FFR,2.5736489391064983,1.0166666666666666,1.5569822724398317,-1.692776309874749,-0.06894709162297516,2.577404551155429,5.195589191849058,6.857933131532585
paper,medium,2002-03-31,2003Q4,8,FFR,2.7157102898634564,0.9966666666666667,1.7190436231967898,-1.6553144001537883,-0.06767280782640452,2.748561536653355,5.453186214594951,7.227502535039722
paper,medium,2002-03-31,2002Q1,1,GDP,915.3744827549508,950.2630063031164,-34.88852354816561,914.0708123032683,914.5713201885817,915.3839506186953,916.1619034059622,916.6752055734827
paper,medium,2002-03-31,2002Q2,2,GDP,916.7895644597432,950.8766222794621,-34.08705781971889,914.6786449383244,915.5091023680022,916.7608725018054,918.0668308989789,918.9139407970398
paper,medium,2002-03-31,2002Q3,3,GDP,918.2222611940432,951.2793389900701,-33.057077796026874,915.3082000621445,916.5204260636112,918.1659274497986,919.9510522496097,921.1302127424052
paper,medium,2002-03-31,2002Q4,4,GDP,919.6144733889992,951.4099094767561,-31.79543608775691,916.0085023640886,917.5156068204661,919.645561845718,921.6450531323416,923.1297123224174
paper,medium,2002-03-31,2003Q1,5,GDP,920.8398763623858,951.9253022305498,-31.085425868164066,916.5835273556598,918.4613881281973,920.8615155857927,923.313182125531,924.8503385839904
paper,medium,2002-03-31,2003Q2,6,GDP,921.9496144869179,952.8147130216528,-30.865098534734898,917.1256050630951,919.1599607255052,922.0093702454835,924.7712688078258,926.5015253639687
paper,medium,2002-03-31,2003Q3,7,GDP,922.9777694653573,954.4678690555788,-31.490099590221575,917.7078562656658,919.8463151374071,923.0395946641813,926.1209833795713,928.1657524943427
paper,medium,2002-03-31,2003Q4,8,GDP,923.9537777297501,955.6153064688727,-31.661528739122673,918.2222659628428,920.6918677979698,924.0500904710832,927.2683493554581,929.6016844224706
paper,medium,2002-03-31,2002Q1,1,HOURS,477.2735569746846,460.304793560699,16.968763413985585,476.2137386407046,476.6043214649277,477.2583990044519,477.9412052183935,478.3756756063773
paper,medium,2002-03-31,2002Q2,2,HOURS,477.8071813832828,460.5650070824942,17.242174300788577,475.91291764966485,476.64505680515737,477.8054884166297,478.99848338359266,479.6871425435455
paper,medium,2002-03-31,2002Q3,3,HOURS,478.5797220392636,460.1985119043317,18.381210134931848,475.99318705485217,476.93790709348457,478.5656870641054,480.2306974204749,481.363914858027
paper,medium,2002-03-31,2002Q4,4,HOURS,479.42367973481083,460.322830175075,19.10084955973582,476.11739698968046,477.37134822678945,479.38685098066355,481.5102888451975,482.7559927666842
paper,medium,2002-03-31,2003Q1,5,HOURS,480.2714483599711,459.80045742031797,20.47099093965312,476.2063366626309,477.8019387192709,480.2732406844357,482.7310728551619,484.3849468077054
paper,medium,2002-03-31,2003Q2,6,HOURS,480.97702719030997,459.5099647910325,21.467062399277495,476.2531744451758,478.1588103901965,481.0316466324391,483.76085299210354,485.81237241801455
paper,medium,2002-03-31,2003Q3,7,HOURS,481.59911469005584,459.652290579554,21.946824110501836,476.3789516884901,478.29527413682297,481.6580131454042,484.76404835206523,486.8057418931557
paper,medium,2002-03-31,2003Q4,8,HOURS,482.13083057481816,460.1332832756836,21.997547299134567,476.28218344007223,478.6124590652705,482.1991094257455,485.56180199350257,487.6729385338931
paper,medium,2002-03-31,2002Q1,1,INV,735.1631677569037,768.2808199922722,-33.117652235368496,728.6167817445363,731.2195504553255,735.1076519652656,739.1712760570515,741.8096950240571
paper,medium,2002-03-31,2002Q2,2,INV,739.202829851519,769.9106176300443,-30.707787778525244,729.5229422301816,733.3070216768311,739.1733337983478,744.9313450643864,749.0755894769915
paper,medium,2002-03-31,2002Q3,3,INV,742.9619613382189,769.7624823562915,-26.800521018072573,730.6499474970786,735.4132714885438,742.9393007602647,750.8084761977888,755.8634626598794
paper,medium,2002-03-31,2002Q4,4,INV,746.6405731773895,769.7007323501294,-23.060159172739986,731.6928253751578,737.7130678954093,746.6870749694951,755.3881014582722,761.8817696213187
paper,medium,2002-03-31,2003Q1,5,INV,749.483611779469,770.4669957019948,-20.98338392252583,732.5327716327979,739.2316872693798,749.6545436273846,759.3388193526125,766.378177684341
paper,medium,2002-03-31,2003Q2,6,INV,751.5979589027847,771.1547636745522,-19.556804771767474,732.690633162507,739.9519861839163,751.5925003112123,762.8200065809635,770.2158945957669
paper,medium,2002-03-31,2003Q3,7,INV,753.2898003951094,774.7337305880717,-21.443930192962284,732.0279122346988,740.6924033570823,753.506563542344,766.1614343092881,774.2588024878263
paper,medium,2002-03-31,2003Q4,8,INV,754.8119634018507,778.0471063770386,-23.235142975187955,732.5454080573152,741.1705332485107,754.7512114565131,768.3061957919138,777.1078316101982
paper,medium,2002-03-31,2002Q1,1,WAGE,474.285112490223,455.1706116118767,19.11450087834629,473.38925676950726,473.75495296024786,474.27512646709846,474.8320116861167,475.1831673844943
paper,medium,2002-03-31,2002Q2,2,WAGE,474.83517241198655,455.23704943958904,19.598122972397505,473.4315415369924,474.0039060930328,474.8490366282133,475.66264552263146,476.2105040641054
paper,medium,2002-03-31,2002Q3,3,WAGE,475.46464388082956,455.20858148956364,20.256062391265914,473.6055329790389,474.3853755327231,475.4829939983862,476.5673814958698,477.25097429040324
paper,medium,2002-03-31,2002Q4,4,WAGE,476.102705737135,454.88855079768575,21.21415493944926,473.8665223941763,474.75006950930486,476.0762873873981,477.452145040579,478.3091564176395
paper,medium,2002-03-31,2003Q1,5,WAGE,476.65937984249354,454.48042807016486,22.178951772328674,474.0544011683521,475.0768786731752,476.6684127534493,478.23877651186035,479.13630523860695
paper,medium,2002-03-31,2003Q2,6,WAGE,477.2061860223891,456.34415305750383,20.86203296488526,474.23061046334374,475.36781311528784,477.1944560118775,479.0571627733517,480.11966958572356
paper,medium,2002-03-31,2003Q3,7,WAGE,477.7112454145114,457.07961088967545,20.63163452483593,474.46716909352637,475.7176095931104,477.6770253302925,479.84435470714584,481.0826731403293
paper,medium,2002-03-31,2003Q4,8,WAGE,478.20985935087214,458.0857001405808,20.12415921029134,474.49328625234955,475.96525193159147,478.22882482696696,480.52620805033604,481.94409414054456
paper,medium,2002-06-30,2002Q2,1,CONS,880.6878251285933,911.3081614927729,-30.620336364179593,879.6629522273392,880.0720913374712,880.7038145744548,881.3035526297183,881.75617810319
paper,medium,2002-06-30,2002Q3,2,CONS,882.0490966515692,912.0055533963482,-29.95645674477896,880.3961899450501,881.086734058715,882.0545830217978,883.0016382087572,883.6665282424531
paper,medium,2002-06-30,2002Q4,3,CONS,883.3859446870081,912.5602082292284,-29.174263542220274,881.214409139304,882.0634493387658,883.4110195894907,884.6779318717619,885.505050890876
paper,medium,2002-06-30,2003Q1,4,CONS,884.6308862017626,913.0515690533199,-28.42068285155733,881.9663821525564,883.0033039699375,884.6184769058902,886.2599095795415,887.3332239470302
paper,medium,2002-06-30,2003Q2,5,CONS,885.8561310843694,914.1900383335624,-28.333907249192976,882.7004884633795,883.9172979263619,885.8995953314052,887.7482864049887,889.0015049659415
paper,medium,2002-06-30,2003Q3,6,CONS,886.9807127796207,915.5941312320307,-28.613418452409974,883.2319043522981,884.7961273013447,886.9978599660151,889.1373606172912,890.6422737182282
paper,medium,2002-06-30,2003Q4,7,CONS,887.9918313197932,916.2802228701386,-28.28839155034541,883.7049651780654,885.4868400006164,888.0159610436224,890.494331173589,892.0198157672511
paper,medium,2002-06-30,2004Q1,8,CONS,888.9713840627077,917.2082690958562,-28.236885033148496,884.3708717670272,886.3216415543591,888.9929796412928,891.6662200989284,893.5601937346673
paper,medium,2002-06-30,2002Q2,1,DEFL,470.3203772200543,439.17665473510937,31.14372248494493,469.8513410191284,470.03071863666077,470.32103762256503,470.6161237012325,470.7918586220929
paper,medium,2002-06-30,2002Q3,2,DEFL,470.44680068551594,439.65703601147226,30.78976467404368,469.5905067374915,469.92099779541195,470.44263359089143,470.9745794025181,471.2908315634386
paper,medium,2002-06-30,2002Q4,3,DEFL,470.58246263264255,440.229483984637,30.352978648005546,469.32239468762583,469.8309636826107,470.5764974236338,471.3675962101391,471.8438205275672
paper,medium,2002-06-30,2003Q1,4,DEFL,470.76904378931454,440.72678772271144,30.0422560666031,469.0348732979929,469.7202865865887,470.7775215962331,471.850655257459,472.46521598435385
paper,medium,2002-06-30,2003Q2,5,DEFL,470.9849968216208,441.0711268533791,29.913869968241727,468.73677509800353,469.5588684749045,470.984107448279,472.4090950921223,473.2051748624698
paper,medium,2002-06-30,2003Q3,6,DEFL,471.2426186823134,441.6379751045544,29.604643577758964,468.32534589982953,469.46673248135664,471.2303151738947,472.9775353923617,474.0422791508868
paper,medium,2002-06-30,2003Q4,7,DEFL,471.5612371470195,442.25205753903714,29.309179607982344,468.0452852366734,469.35336864142783,471.57465928926393,473.72464651476787,475.0768816531178
paper,medium,2002-06-30,2004Q1,8,DEFL,471.9079325069604,442.95660169416607,28.95133081279431,467.7121400715549,469.34360648172833,471.9261574640851,474.45292162843737,476.02442323171283
paper,medium,2002-06-30,2002Q2,1,FFR,1.3631057319688107,1.75,-0.3868942680311893,-0.1099560051762094,0.4720691487012853,1.3733627985001002,2.257975610930039,2.8357033509935095
paper,medium,2002-06-30,2002Q3,2,FFR,1.3868844729953034,1.74,-0.3531155270046966,-0.8111632717271026,0.03535425124143331,1.3783569102845452,2.7433684781984864,3.6484979041078875
paper,medium,2002-06-30,2002Q4,3,FFR,1.5000305520725947,1.4433333333333334,0.05669721873926137,-1.2246506290010282,-0.2619289415873623,1.5361493597588818,3.2094331518793773,4.374834378322216
paper,medium,2002-06-30,2003Q1,4,FFR,1.619026879547648,1.25,0.3690268795476479,-1.6757868462966201,-0.4055210357419608,1.6072379593481383,3.6144875086688515,4.954049525596285
paper,medium,2002-06-30,2003Q2,5,FFR,1.9128780659017939,1.2466666666666668,0.6662113992351271,-1.8040897314498063,-0.3241360640724759,1.947882508192689,4.221908097856515,5.573044061976898
paper,medium,2002-06-30,2003Q3,6,FFR,2.214927135824829,1.0166666666666666,1.1982604691581624,-1.9022746825144916,-0.1428156061185999,2.180765600658302,4.639275921417396,6.197586969058291
paper,medium,2002-06-30,2003Q4,7,FFR,2.438999470966307,0.9966666666666667,1.4423328042996406,-1.9662475124859233,-0.0862197231006345,2.420392012951626,5.067511626125836,6.614025666602401
paper,medium,2002-06-30,2004Q1,8,FFR,2.6366685699078363,1.0033333333333332,1.633335236574503,-1.7836862475055746,-0.00602238529770508,2.5442922313898126,5.309545297096523,7.156445051885311
paper,medium,2002-06-30,2002Q2,1,GDP,916.9826702394213,950.8766222794621,-33.89395204004086,915.7076718487423,916.1842415687894,916.971609027652,917.7892875410096,918.3199933362653
paper,medium,2002-06-30,2002Q3,2,GDP,918.3960595027517,951.2793389900701,-32.88327948731842,916.2941618457505,917.0804189105448,918.3892167633624,919.7134473033616,920.5321371939725
paper,medium,2002-06-30,2002Q4,3,GDP,919.8951877356313,951.4099094767561,-31.51472174112473,916.9754508448834,918.1868329192282,919.884300706303,921.6969324188263,922.6895557080651
paper,medium,2002-06-30,2003Q1,4,GDP,921.2121674704517,951.9253022305498,-30.713134760098114,917.6893221465867,919.1034774163148,921.2672173444996,923.2936017275115,924.608958970464
paper,medium,2002-06-30,2003Q2,5,GDP,922.4926962294493,952.8147130216528,-30.3220167922035,918.5201985142838,920.0361960793701,922.5768266383973,924.818757838679,926.3400256559623
paper,medium,2002-06-30,2003Q3,6,GDP,923.6659496815196,954.4678690555788,-30.801919374059253,919.1049529278487,921.03238870374,923.6618035601898,926.3715123938057,928.106282366355
paper,medium,2002-06-30,2003Q4,7,GDP,924.7319709519685,955.6153064688727,-30.883335516904253,919.5007137403884,921.8026978914721,924.7321594621067,927.7004817679671,929.7155570293119
paper,medium,2002-06-30,2004Q1,8,GDP,925.7471469550615,956.1865880299732,-30.43944107491177,920.2146889304612,922.5799564447767,925.7463753842262,928.9729552177464,931.1227642655962
paper,medium,2002-06-30,2002Q2,1,HOURS,476.8508029428617,460.5650070824942,16.2857958603675,475.7333035518211,476.2220237997856,476.8280466301693,477.49665091263995,477.97086910805564
paper,medium,2002-06-30,2002Q3,2,HOURS,477.5398722056896,460.1985119043317,17.341360301357895,475.61987416526415,476.3729240326235,477.54236327534824,478.7471220653215,479.5008598325388
paper,medium,2002-06-30,2002Q4,3,HOURS,478.4452162939226,460.322830175075,18.1223861188476,475.6442248212324,476.7544049205575,478.4888390338546,480.0844618750706,481.21872042851777
paper,medium,2002-06-30,2003Q1,4,HOURS,479.3405073568936,459.80045742031797,19.540049936575656,475.64856575311694,477.252962909344,479.37906169109823,481.38535608549984,482.9130404772622
paper,medium,2002-06-30,2003Q2,5,HOURS,480.19552275988656,459.5099647910325,20.685557968854084,475.9019395877956,477.7870818747606,480.29133585083514,482.6617472071438,484.43942818045866
paper,medium,2002-06-30,2003Q3,6,HOURS,480.9669984672724,459.652290579554,21.314707887718384,476.1656183351371,478.2002954031591,480.9648932765569,483.8389508843812,485.58643974951957
paper,medium,2002-06-30,2003Q4,7,HOURS,481.62654724444064,460.1332832756836,21.49326396875705,476.1972579066705,478.56800887557574,481.65946025371846,484.85343666367817,486.9141335325805
paper,medium,2002-06-30,2004Q1,8,HOURS,482.15689523650707,460.55900978127795,21.597885455229118,476.29038978845625,478.7761108062527,482.19243806551714,485.65747138537944,487.6527757478358
paper,medium,2002-06-30,2002Q2,1,INV,740.2102269760861,769.9106176300443,-29.700390653958152,733.7674546020528,736.3386477241236,740.1758163638187,744.0465593493705,746.5214205653001
paper,medium,2002-06-30,2002Q3,2,INV,744.0866095275288,769.7624823562915,-25.675872828762635,734.4366319110919,738.1111226165004,744.0004361013519,749.9586803386414,754.5079491242876
paper,medium,2002-06-30,2002Q4,3,INV,748.5285223248218,769.7007323501294,-21.172210025307663,736.0076467439854,741.1235803853142,748.3792106912676,755.9789431878778,761.181443489969
paper,medium,2002-06-30,2003Q1,4,INV,751.8796019268167,770.4669957019948,-18.587393775178157,736.8003892765844,742.842013070704,752.0093939555393,760.8165494124621,766.8073649990341
paper,medium,2002-06-30,2003Q2,5,INV,754.7527466485745,771.1547636745522,-16.40201702597767,738.0564536685031,744.0232490924411,754.8986099246906,764.8409314227818,771.62717223977
paper,medium,2002-06-30,2003Q3,6,INV,757.0983473606167,774.7337305880717,-17.63538322745501,738.272183735711,745.6148131730824,757.1041196884958,768.2216624747956,776.1529844893935
paper,medium,2002-06-30,2003Q4,7,INV,759.0344509324062,778.0471063770386,-19.0126554446324,738.2848117493613,746.1995724855809,759.13816146835,771.543641291526,779.6773752987965
paper,medium,2002-06-30,2004Q1,8,INV,760.6227969315221,778.2453302745937,-17.62253334307161,738.2867474193828,747.2500654737192,760.6605808537065,774.3714695639909,783.088795899509
paper,medium,2002-06-30,2002Q2,1,WAGE,474.88488383237734,455.23704943958904,19.647834392788297,473.9385628984276,474.31449349103514,474.88978770060993,475.4391125817619,475.7722215968644
paper,medium,2002-06-30,2002Q3,2,WAGE,475.5463154573428,455.20858148956364,20.337733967779172,474.12155091302,474.68693247847034,475.5437727676807,476.3702413446034,476.97518671120116
paper,medium,2002-06-30,2002Q4,3,WAGE,476.14480151162087,454.88855079768575,21.256250713935117,474.34438431700545,475.04433172196667,476.1245502690438,477.2251967111544,477.9495211229609
paper,medium,2002-06-30,2003Q1,4,WAGE,476.72313102932026,454.48042807016486,22.242702959155395,474.5927407963289,475.358620047567,476.7296162629094,478.09579193829876,478.97044725029457
paper,medium,2002-06-30,2003Q2,5,WAGE,477.31000039845384,456.34415305750383,20.965847340950006,474.680304790318,475.70516006428966,477.28919927406326,478.92174650509554,479.950077535323
paper,medium,2002-06-30,2003Q3,6,WAGE,477.8598162495898,457.07961088967545,20.780205359914362,474.8173250829302,476.0323306422431,477.8417185896956,479.65431720898846,480.829019865015
paper,medium,2002-06-30,2003Q4,7,WAGE,478.36347693892077,458.0857001405808,20.27777679833997,475.0423371834366,476.40186238809605,478.3573688672664,480.3663531036179,481.7978348928336
paper,medium,2002-06-30,2004Q1,8,WAGE,478.8860192636812,457.05166274882123,21.834356514859962,475.2503942821336,476.62843815266666,478.87271951504977,481.0809145017514,482.602005771456
paper,medium,2002-09-30,2002Q3,1,CONS,879.7177051035801,912.0055533963482,-32.2878482927681,878.7281259552201,879.0969919899296,879.7249521148086,880.3229963062576,880.7302715769731
paper,medium,2002-09-30,2002Q4,2,CONS,880.8531061108662,912.5602082292284,-31.707102118362172,879.2957601011102,879.9358565632425,880.8469013814572,881.8104570785256,882.3983422067188
paper,medium,2002-09-30,2003Q1,3,CONS,881.9276358590608,913.0515690533199,-31.123933194259052,879.8617024277631,880.65146154517,881.9240125854328,883.1799751514501,883.9703435907866
paper,medium,2002-09-30,2003Q2,4,CONS,882.9883135023495,914.1900383335624,-31.201724831212914,880.4350744759657,881.4270400793476,883.0185762911963,884.5220246680232,885.6077006416493
paper,medium,2002-09-30,2003Q3,5,CONS,884.0271547559115,915.5941312320307,-31.56697647611918,880.947277503309,882.1136804808617,883.9948531046434,885.9141241964536,887.1218488252382
paper,medium,2002-09-30,2003Q4,6,CONS,884.9991447717491,916.2802228701386,-31.281078098389457,881.5347056375249,882.8131649488128,884.9477788834911,887.19674945541,888.5723974357414
paper,medium,2002-09-30,2004Q1,7,CONS,885.9515178850584,917.2082690958562,-31.256751210797802,882.0152516387765,883.5543065311789,885.967688117146,888.3668560278321,890.0218238034709
paper,medium,2002-09-30,2004Q2,8,CONS,886.8501632128218,917.752436881049,-30.902273668227167,882.3943093968803,884.2355443087636,886.8638446018667,889.5369533208423,891.389569325855
paper,medium,2002-09-30,2002Q3,1,DEFL,470.66933047566937,439.65703601147226,31.01229446419711,470.19460888607546,470.37583220247467,470.67166051246886,470.95605590923844,471.15648657400715
paper,medium,2002-09-30,2002Q4,2,DEFL,470.8608642032792,440.229483984637,30.63138021864222,470.0240327919905,470.34086654393633,470.86369973720207,471.3868167830783,471.7155140015778
paper,medium,2002-09-30,2003Q1,3,DEFL,471.0794090462269,440.72678772271144,30.35262132351545,469.8480165462931,470.30726215672246,471.07465218730647,471.83450718478537,472.34847262556957
paper,medium,2002-09-30,2003Q2,4,DEFL,471.3206042031972,441.0711268533791,30.249477349818108,469.5689547939846,470.29086837864475,471.33194075299065,472.3706934970792,473.0088404239511
paper,medium,2002-09-30,2003Q3,5,DEFL,471.59824759917103,441.6379751045544,29.960272494616618,469.2642838972057,470.241406715553,471.61271877266194,472.9340749777233,473.87720855144835
paper,medium,2002-09-30,2003Q4,6,DEFL,471.91713327615076,442.25205753903714,29.665075737113625,468.95131943824646,470.1795115884473,471.94293106704083,473.6396413396442,474.74294658132067
paper,medium,2002-09-30,2004Q1,7,DEFL,472.2641582119115,442.95660169416607,29.30755651774541,468.6428725207184,470.1773893404132,472.2639552799614,474.3415160972055,475.7273542870109
paper,medium,2002-09-30,2004Q2,8,DEFL,472.64111741488045,443.75677692001574,28.884340494864716,468.3445122873818,470.09819421803127,472.6635130858062,475.12239440809003,476.73806391867146
paper,medium,2002-09-30,2002Q3,1,FFR,1.4761637653642854,1.74,-0.2638362346357146,0.05053570145435019,0.58749425404824,1.4882062793118924,2.3589760552261083,2.932173362031957
paper,medium,2002-09-30,2002Q4,2,FFR,1.430692456002968,1.4433333333333334,-0.012640877330365452,-0.7096202031123465,0.10436463925098001,1.4212370857549201,2.7177197987059207,3.52056864095423
paper,medium,2002-09-30,2003Q1,3,FFR,1.5248538419966702,1.25,0.2748538419966702,-1.2722535741434229,-0.11282592546773021,1.5056143764289909,3.1773984310904195,4.191143051607468
paper,medium,2002-09-30,2003Q2,4,FFR,1.7323526755226295,1.2466666666666668,0.4856860088559627,-1.4301130776008308,-0.20358901178578767,1.7031542121176442,3.596216567957991,4.993877843628543
paper,medium,2002-09-30,2003Q3,5,FFR,1.9621924136709583,1.0166666666666666,0.9455257470042917,-1.6500209447037841,-0.18232825150182438,1.954206920758463,4.221594740644309,5.559033903228285
paper,medium,2002-09-30,2003Q4,6,FFR,2.162604762931795,0.9966666666666667,1.1659380962651285,-1.7459458058494268,-0.22707660361504556,2.158037616515114,4.511011523653363,6.173188129989404
paper,medium,2002-09-30,2004Q1,7,FFR,2.3456855161873182,1.0033333333333332,1.342352182853985,-1.9873345040349604,-0.14006748307946756,2.3683272227829497,4.826238884820988,6.457148541616209
paper,medium,2002-09-30,2004Q2,8,FFR,2.5134929802072046,1.01,1.5034929802072046,-1.973957316813463,-0.018023980470918098,2.4986980140645967,5.170954811070021,6.920573023457348
paper,medium,2002-09-30,2002Q3,1,GDP,915.7942154007077,951.2793389900701,-35.48512358936239,914.4828146081558,915.0353984416315,915.7758319346524,916.5948475794168,917.1121965294382
paper,medium,2002-09-30,2002Q4,2,GDP,916.9961304085415,951.4099094767561,-34.41377906821458,914.844173046537,915.7466494802031,916.9713060099311,918.2695787558649,919.1523690834331
paper,medium,2002-09-30,2003Q1,3,GDP,918.1444627931986,951.9253022305498,-33.78083943735123,915.3870425157447,916.4233329446225,918.1156321550676,919.7995288350063,921.089789762499
paper,medium,2002-09-30,2003Q2,4,GDP,919.2564816242323,952.8147130216528,-33.55823139742051,915.8792144411689,917.1827006932264,919.2142260419439,921.3785557105202,922.7548514891319
paper,medium,2002-09-30,2003Q3,5,GDP,920.3438728742811,954.4678690555788,-34.123996181297684,916.2260286450916,917.9034335303844,920.3712036942848,922.7827275698858,924.3850390835946
paper,medium,2002-09-30,2003Q4,6,GDP,921.3650492506558,955.6153064688727,-34.250257218216916,916.790065561314,918.6275675579669,921.3378985619095,924.1565661810209,925.9233504167377
paper,medium,2002-09-30,2004Q1,7,GDP,922.3673804885619,956.1865880299732,-33.81920754141129,917.2443568976689,919.3215763171819,922.3734120258166,925.406862726595,927.4186653699755
paper,medium,2002-09-30,2004Q2,8,GDP,923.301889387641,956.9623102681346,-33.660420880493575,917.7104933080856,920.1179385500665,923.2524701395278,926.6026885938428,929.0746640144228
paper,medium,2002-09-30,2002Q3,1,HOURS,476.35743919891775,460.1985119043317,16.15892729458602,475.26831092901153,475.7113271597688,476.35884101030445,477.0177664338279,477.42259024650735
paper,medium,2002-09-30,2002Q4,2,HOURS,476.9160635132488,460.322830175075,16.593233338173775,474.96682690044895,475.69874216446084,476.92484481977635,478.03627104951397,478.9034194315324
paper,medium,2002-09-30,2003Q1,3,HOURS,477.539094738862,459.80045742031797,17.738637318544022,474.76470267504925,475.85392126129534,477.5308781295148,479.21610780217367,480.3868383528679
paper,medium,2002-09-30,2003Q2,4,HOURS,478.21989360498617,459.5099647910325,18.709928813953695,474.7357093962911,476.16727621401856,478.19071369870903,480.37178353682975,481.8228727544706
paper,medium,2002-09-30,2003Q3,5,HOURS,478.88535331404677,459.652290579554,19.233062734492762,474.6846118431601,476.3751647218276,478.83474871290514,481.43604485904467,483.1332594169437
paper,medium,2002-09-30,2003Q4,6,HOURS,479.49940522351153,460.1332832756836,19.366121947827935,474.7222996034811,476.60754239915786,479.520273984673,482.39125536166415,484.2709356469598
paper,medium,2002-09-30,2004Q1,7,HOURS,480.0820670106249,460.55900978127795,19.523057229346932,474.8114584429223,476.8908802015226,480.06084871697885,483.32444021970605,485.44216449111264
paper,medium,2002-09-30,2004Q2,8,HOURS,480.57527322357294,460.6459354652963,19.92933775827663,474.7412275917844,477.12838314315724,480.56693525095386,483.96816135022937,486.4354177861028
paper,medium,2002-09-30,2002Q3,1,INV,738.9984508753993,769.7624823562915,-30.764031480892186,732.5023401959793,735.0965651064904,738.9045098399076,742.9988290183335,745.5281098018754
paper,medium,2002-09-30,2002Q4,2,INV,742.1611423052876,769.7007323501294,-27.539590044841816,732.4274933781895,736.2056477969701,742.0339213213717,748.2081080855183,752.2774368698725
paper,medium,2002-09-30,2003Q1,3,INV,745.1805746314033,770.4669957019948,-25.286421070591587,732.5860686153094,737.1143219098315,745.2723287476093,753.1161145431088,758.0983329888595
paper,medium,2002-09-30,2003Q2,4,INV,747.7752223332373,771.1547636745522,-23.37954134131496,732.3071528946863,738.2942471030035,747.6967801382043,757.2272541390798,762.9289391740281
paper,medium,2002-09-30,2003Q3,5,INV,750.0308753074163,774.7337305880717,-24.7028552806554,732.5222817428996,739.5775864190259,750.3157134924986,760.1832355708682,767.1813078488395
paper,medium,2002-09-30,2003Q4,6,INV,752.0055987298143,778.0471063770386,-26.041507647224307,732.9097756769761,740.1259046561721,752.158137509146,763.7182977734896,771.6403173272518
paper,medium,2002-09-30,2004Q1,7,INV,753.8752941969157,778.2453302745937,-24.370036077678037,732.7369453541185,741.0661363241825,753.7210608054131,766.4527963840404,774.6778140835958
paper,medium,2002-09-30,2004Q2,8,INV,755.4047379963232,782.1621073069788,-26.757369310655577,733.1369986329795,741.7736033704111,755.3221943527108,768.8385695737131,778.427620432715
paper,medium,2002-09-30,2002Q3,1,WAGE,471.7325813285595,455.20858148956364,16.52399983899585,470.7495416789536,471.1358777887476,471.7382827143318,472.3344935631727,472.7093839369686
paper,medium,2002-09-30,2002Q4,2,WAGE,472.2617481912286,454.88855079768575,17.373197393542853,470.7684264175591,471.38194860151145,472.2619161375687,473.13219993302425,473.6751087886354
paper,medium,2002-09-30,2003Q1,3,WAGE,472.74203731480935,454.48042807016486,18.26160924464449,470.87779712680646,471.62436375116334,472.76049532250715,473.83946653687485,474.58863024684734
paper,medium,2002-09-30,2003Q2,4,WAGE,473.2008383566387,456.34415305750383,16.85668529913488,470.95381883449,471.82104492582044,473.1858607545043,474.6006274413124,475.56025524856716
paper,medium,2002-09-30,2003Q3,5,WAGE,473.6731815228716,457.07961088967545,16.593570633196123,470.98434518990587,472.09498021405943,473.6653528893563,475.314709437188,476.391980623426
paper,medium,2002-09-30,2003Q4,6,WAGE,474.1459996871441,458.0857001405808,16.06029954656333,471.14910568165567,472.3965660993498,474.11048748148687,476.00530964445704,477.12758656209417
paper,medium,2002-09-30,2004Q1,7,WAGE,474.6001754943762,457.05166274882123,17.548512745554945,471.34256120737336,472.6084398039652,474.55528085470155,476.6772148615036,477.9013139680535
paper,medium,2002-09-30,2004Q2,8,WAGE,475.03479067744155,458.1881088010138,16.846681876427738,471.40822202558104,472.7220987070491,474.984143167912,477.3337119899173,478.76920925785373
paper,medium,2002-12-31,2002Q4,1,CONS,880.6610821074979,912.5602082292284,-31.899126121730433,879.6361210678631,880.046337063259,880.662228351012,881.2597554867181,881.6963116698169
paper,medium,2002-12-31,2003Q1,2,CONS,881.623499736954,913.0515690533199,-31.42806931636585,880.0829355985119,880.6953629814841,881.6348788272105,882.5497935860902,883.1611248973521
paper,medium,2002-12-31,2003Q2,3,CONS,882.6749270049388,914.1900383335624,-31.51511132862356,880.6064614082771,881.4490126767104,882.6596678102948,883.9283239317641,884.7563674097999
paper,medium,2002-12-31,2003Q3,4,CONS,883.7283627177391,915.5941312320307,-31.86576851429163,881.1637463223492,882.1627563307982,883.6988587127391,885.3516382273615,886.3034838977833
paper,medium,2002-12-31,2003Q4,5,CONS,884.7296516409456,916.2802228701386,-31.550571229192997,881.6345432822767,882.844488384396,884.6767861984711,886.583971776735,887.8297150877722
paper,medium,2002-12-31,2004Q1,6,CONS,885.7288683930534,917.2082690958562,-31.479400702802764,882.1600277275141,883.494827041728,885.7085790866877,887.9082344599736,889.2541381284221
paper,medium,2002-12-31,2004Q2,7,CONS,886.6865759482821,917.752436881049,-31.065860932766896,882.617458800013,884.1752415530555,886.7129445189195,889.1038581241305,890.7650357295462
paper,medium,2002-12-31,2004Q3,8,CONS,887.592440017186,918.9202125137185,-31.327772496532475,883.0414230772019,884.8614377275921,887.6195443601418,890.2592464768019,892.2511774563112
paper,medium,2002-12-31,2002Q4,1,DEFL,470.9704709068263,440.229483984637,30.74098692218928,470.5028392793374,470.6798100954771,470.96747753277407,471.2618101850743,471.4530091584115
paper,medium,2002-12-31,2003Q1,2,DEFL,471.23656521974686,440.72678772271144,30.50977749703543,470.36350370049263,470.725466909501,471.23694808335017,471.75059591615246,472.07755258758453
paper,medium,2002-12-31,2003Q2,3,DEFL,471.5003483247036,441.0711268533791,30.429221471324524,470.2509822677434,470.7527316266197,471.49702602599024,472.24088656545683,472.78493781898936
paper,medium,2002-12-31,2003Q3,4,DEFL,471.79686677636374,441.6379751045544,30.15889167180933,470.0807952414611,470.7379095786225,471.812477210821,472.82561268933006,473.5220499952391
paper,medium,2002-12-31,2003Q4,5,DEFL,472.1239067966375,442.25205753903714,29.87184925760039,469.90819541838886,470.75625098063733,472.14004840248094,473.5037273824495,474.3651706508328
paper,medium,2002-12-31,2004Q1,6,DEFL,472.47755737145127,442.95660169416607,29.5209556772852,469.7453751015446,470.7572283718614,472.5209185017633,474.1701449371865,475.242398339042
paper,medium,2002-12-31,2004Q2,7,DEFL,472.8754805974331,443.75677692001574,29.118703677417386,469.4950542393883,470.74418859975407,472.9538584761276,474.9268388781258,476.20748431042676
paper,medium,2002-12-31,2004Q3,8,DEFL,473.3022465446347,444.39680362140643,28.905442923228293,469.34360110628893,470.7796058936842,473.39710468193584,475.78586383743396,477.2340623446937
paper,medium,2002-12-31,2002Q4,1,FFR,1.628355318645637,1.4433333333333334,0.18502198531230363,0.22081229788743267,0.745674607895764,1.6029398382853954,2.5332522723380038,3.087564858599578
paper,medium,2002-12-31,2003Q1,2,FFR,1.5739170108300757,1.25,0.32391701083007574,-0.5987866376668896,0.2873438749814413,1.5768634608192813,2.7702540654830203,3.7743105335852034
paper,medium,2002-12-31,2003Q2,3,FFR,1.6774583606450815,1.2466666666666668,0.43079169397841466,-0.972343882593373,0.07864183469579601,1.6934181051827428,3.287514377007683,4.393987222372228
paper,medium,2002-12-31,2003Q3,4,FFR,1.8386307708939917,1.0166666666666666,0.8219641042273251,-1.3281475138422876,-0.0967029028383478,1.8317036387050567,3.7554203286242718,4.965249826419085
paper,medium,2002-12-31,2003Q4,5,FFR,2.034377735120911,0.9966666666666667,1.0377110684542443,-1.6394956384299513,-0.10329920447348033,2.0938098131305054,4.169918831769869,5.631443531453994
paper,medium,2002-12-31,2004Q1,6,FFR,2.2151850088408027,1.0033333333333332,1.2118516755074695,-1.761623145423169,-0.11486185730737822,2.248871316409658,4.56552730719296,6.01183657271216
paper,medium,2002-12-31,2004Q2,7,FFR,2.395561704571835,1.01,1.385561704571835,-1.9470963224625515,-0.1399986772997962,2.476535794833306,4.874006308668536,6.662869816478668
paper,medium,2002-12-31,2004Q3,8,FFR,2.587626444893492,1.4333333333333333,1.1542931115601587,-1.8813208214284936,-0.11854430205438438,2.625956647054598,5.286537864482178,7.067487215277569
paper,medium,2002-12-31,2002Q4,1,GDP,916.8138509551933,951.4099094767561,-34.59605852156278,915.4759169216744,916.0160205334361,916.8068779627806,917.6202539262866,918.1451978797448
paper,medium,2002-12-31,2003Q1,2,GDP,917.8115817283152,951.9253022305498,-34.11372050223463,915.7110039632961,916.4969447469118,917.8151619685843,919.1397159420542,919.9792784508725
paper,medium,2002-12-31,2003Q2,3,GDP,918.8842564958861,952.8147130216528,-33.93045652576666,916.181241020584,917.2481484226512,918.858014737288,920.4863718870806,921.6515224857009
paper,medium,2002-12-31,2003Q3,4,GDP,919.9773893160412,954.4678690555788,-34.49047973953759,916.4969107888513,917.9297527849051,919.9543904453424,922.0563025616229,923.5040275482295
paper,medium,2002-12-31,2003Q4,5,GDP,921.0134967967762,955.6153064688727,-34.60180967209658,916.8667639486223,918.5184450511989,921.018181605788,923.3861786288215,925.1448188529179
paper,medium,2002-12-31,2004Q1,6,GDP,922.0594609319501,956.1865880299732,-34.12712709802315,917.3371297939324,919.3367128167439,922.0950026985417,924.7770462438349,926.6502377950012
paper,medium,2002-12-31,2004Q2,7,GDP,923.0633348357536,956.9623102681346,-33.89897543238101,917.9178009738921,920.0510466242962,923.0703555219993,926.0784094849847,928.0547289791517
paper,medium,2002-12-31,2004Q3,8,GDP,924.0229656267553,957.8991553628297,-33.876189736074366,918.3766864683022,920.7482024599135,924.0642965576927,927.2199855338421,929.5294111285565
paper,medium,2002-12-31,2002Q4,1,HOURS,476.4332258128056,460.322830175075,16.110395637730562,475.28778062839183,475.77158154879584,476.43332888366416,477.09768602473014,477.5108547728508
paper,medium,2002-12-31,2003Q1,2,HOURS,476.8692556111856,459.80045742031797,17.068798190867653,474.91578622921503,475.67722074522277,476.8682220308639,478.02609728451387,478.777933280028
paper,medium,2002-12-31,2003Q2,3,HOURS,477.3867198703566,459.5099647910325,17.87675507932414,474.7523845719979,475.74731494857923,477.4485119180413,479.01440489922334,480.0339577747104
paper,medium,2002-12-31,2003Q3,4,HOURS,477.9575235426617,459.652290579554,18.3052329631077,474.5678878514549,475.86333030717583,477.9897884936243,479.954177370401,481.3361849378247
paper,medium,2002-12-31,2003Q4,5,HOURS,478.52130574398757,460.1332832756836,18.388022468303973,474.40953195411623,476.05116152470737,478.54618193339945,480.9120117624534,482.5500894753996
paper,medium,2002-12-31,2004Q1,6,HOURS,479.0712459619623,460.55900978127795,18.51223618068434,474.3651157122495,476.28807470506734,479.11182644988133,481.81594327051226,483.66828351282004
paper,medium,2002-12-31,2004Q2,7,HOURS,479.61922347795684,460.6459354652963,18.973288012660532,474.2728351520094,476.48226702637277,479.6241001806243,482.8000824887225,484.8992164867412
paper,medium,2002-12-31,2004Q3,8,HOURS,480.0942659166979,461.2721602140926,18.822105702605313,474.1600228902488,476.71733904552576,480.09871152832415,483.5209752660827,485.806916820273
paper,medium,2002-12-31,2002Q4,1,INV,740.2143594185328,769.7007323501294,-29.486372931596634,733.5122515107914,736.3032159607941,740.229805696255,744.1601836128585,746.7660006908071
paper,medium,2002-12-31,2003Q1,2,INV,742.497200859923,770.4669957019948,-27.969794842071792,732.5733826145054,736.5681584883795,742.2773176835992,748.8248827816029,752.2982745197331
paper,medium,2002-12-31,2003Q2,3,INV,744.604052759984,771.1547636745522,-26.550710914568185,732.0768419846894,737.0749949706578,744.5081873652523,751.8860912132419,757.4233867424032
paper,medium,2002-12-31,2003Q3,4,INV,746.7493385592799,774.7337305880717,-27.98439202879183,732.1036581020581,737.6624774130956,746.6276282430409,755.6132302358997,761.8049803728793
paper,medium,2002-12-31,2003Q4,5,INV,748.739258774802,778.0471063770386,-29.30784760223662,731.9620754201735,738.4733907854431,748.7011629316478,759.1327477773876,766.0209030510008
paper,medium,2002-12-31,2004Q1,6,INV,750.6343381094455,778.2453302745937,-27.610992165148218,730.9113176756084,739.2851430521491,750.5163797032131,762.3622684112454,769.6976705042975
paper,medium,2002-12-31,2004Q2,7,INV,752.4051849487532,782.1621073069788,-29.75692235822555,730.8844724831205,740.0538764953635,752.5975976479991,765.0418192613712,773.0220622286794
paper,medium,2002-12-31,2004Q3,8,INV,753.9728277592806,783.7015541710955,-29.728726411814932,731.0904052842035,740.7071644702257,754.4782124902631,766.9482967052011,775.9245630071857
paper,medium,2002-12-31,2002Q4,1,WAGE,472.4004410780803,454.88855079768575,17.51189028039454,471.4099021604636,471.8004243571612,472.4012088783445,473.0036609143996,473.41343403571676
paper,medium,2002-12-31,2003Q1,2,WAGE,472.91946647505443,454.48042807016486,18.439038404889573,471.54330138395886,472.03858870727066,472.90887668236104,473.7669474294705,474.359047210842
paper,medium,2002-12-31,2003Q2,3,WAGE,473.4424603778016,456.34415305750383,17.09830732029775,471.6679779833309,472.3137736742417,473.4269076885307,474.53228892660155,475.2441547811886
paper,medium,2002-12-31,2003Q3,4,WAGE,473.9625796635429,457.07961088967545,16.882968773867447,471.75193522254335,472.633984476497,473.9728648158697,475.28117197135333,476.17822305421004
paper,medium,2002-12-31,2003Q4,5,WAGE,474.4621852923509,458.0857001405808,16.37648515177011,471.75894851084354,472.8780068058599,474.42433823550067,476.01005790155546,477.1968505845089
paper,medium,2002-12-31,2004Q1,6,WAGE,474.9554291173296,457.05166274882123,17.903766368508343,472.06558171442555,473.1679106741625,474.97715366463194,476.6813420238822,478.014717816228
paper,medium,2002-12-31,2004Q2,7,WAGE,475.4081051695485,458.1881088010138,17.21999636853468,472.0469698501791,473.4289941604979,475.36772519071485,477.3363144560809,478.9139914113454
paper,medium,2002-12-31,2004Q3,8,WAGE,475.85142725449833,459.3380965413115,16.51333071318686,472.16794171728606,473.6334117372395,475.869234771745,478.01359550939395,479.5830954594908
paper,medium,2003-03-31,2003Q1,1,CONS,880.9660050798326,913.0515690533199,-32.0855639734873,879.9514799974165,880.3647854350004,880.9677023612828,881.5786803186302,881.9793568094597
paper,medium,2003-03-31,2003Q2,2,CONS,881.943072352252,914.1900383335624,-32.24696598131038,880.3561974404729,881.0270757752014,881.9425699021627,882.8854691728812,883.4787327330414
paper,medium,2003-03-31,2003Q3,3,CONS,882.8886005265765,915.5941312320307,-32.70553070545418,880.7938274644492,881.6251104532091,882.8688218449893,884.1718934396209,884.9594903026953
paper,medium,2003-03-31,2003Q4,4,CONS,883.8634128848965,916.2802228701386,-32.416809985242026,881.3054753549205,882.3273677063343,883.8405860418046,885.4522025287233,886.4431605478835
paper,medium,2003-03-31,2004Q1,5,CONS,884.8006193424003,917.2082690958562,-32.40764975345587,881.5273131443931,882.9417324089721,884.8161885394773,886.7175055751846,887.9701428666622
paper,medium,2003-03-31,2004Q2,6,CONS,885.7357909992473,917.752436881049,-32.01664588180165,882.0685430653009,883.6073169341141,885.7258334769576,887.9626730090276,889.3962628438263
paper,medium,2003-03-31,2004Q3,7,CONS,886.6384119692513,918.9202125137185,-32.28180054446727,882.6284158171777,884.1010766143357,886.6731588603427,889.169776710137,890.6466269014961
paper,medium,2003-03-31,2004Q4,8,CONS,887.5151735677099,920.0449619348196,-32.529788367109745,883.0418647853073,884.8105802470519,887.4960943454938,890.2762590766774,891.8922882152232
paper,medium,2003-03-31,2003Q1,1,DEFL,471.5189213492682,440.72678772271144,30.79213362655679,471.04753333025826,471.24449563205445,471.5277627823084,471.8008142892541,471.97127708038164
paper,medium,2003-03-31,2003Q2,2,DEFL,471.8725136592053,441.0711268533791,30.801386805826212,471.0589278868464,471.36797028614126,471.88081276445314,472.3601892605486,472.65771721819823
paper,medium,2003-03-31,2003Q3,3,DEFL,472.255219316237,441.6379751045544,30.61724421168259,471.0556930965338,471.52914077302376,472.2675396371259,472.97012299610145,473.45077641865885
paper,medium,2003-03-31,2003Q4,4,DEFL,472.6424785387138,442.25205753903714,30.390420999676678,470.9907448989826,471.64526357700095,472.63918101634545,473.62173525383685,474.3144578252806
paper,medium,2003-03-31,2004Q1,5,DEFL,473.0631214255644,442.95660169416607,30.10651973139835,470.92613488620833,471.7283683448208,473.060758425698,474.33687312231604,475.227449421471
paper,medium,2003-03-31,2004Q2,6,DEFL,473.51920126459265,443.75677692001574,29.762424344576914,470.8010337816638,471.8414714693444,473.5216539910763,475.1394190105359,476.18101548065005
paper,medium,2003-03-31,2004Q3,7,DEFL,473.9959747433039,444.39680362140643,29.599171121897484,470.6487719394179,471.982060823631,474.0304737694755,475.9894792572407,477.229400199427
paper,medium,2003-03-31,2004Q4,8,DEFL,474.4996360224919,445.166929500233,29.332706522258945,470.6233767787898,472.07492622909587,474.5478382232576,476.81617086853475,478.3019551626121
paper,medium,2003-03-31,2003Q1,1,FFR,1.2358026344728275,1.25,-0.014197365527172545,-0.2148409438313296,0.3699993538657948,1.2432514192196118,2.065897695510288,2.6516644733206047
paper,medium,2003-03-31,2003Q2,2,FFR,1.3458382427471705,1.2466666666666668,0.09917157608050364,-0.8558616271850897,0.03870293296631495,1.371563383950355,2.639749743257655,3.516762932541545
paper,medium,2003-03-31,2003Q3,3,FFR,1.4749325304249006,1.0166666666666666,0.45826586375823397,-1.158928164770058,-0.18718941461841368,1.537736779328886,3.1271542839101443,4.118857867912488
paper,medium,2003-03-31,2003Q4,4,FFR,1.6317718323272759,0.9966666666666667,0.6351051656606092,-1.593771599343913,-0.33066202758891133,1.6417018910525267,3.582408972294493,4.82281402549658
paper,medium,2003-03-31,2004Q1,5,FFR,1.8118065535969963,1.0033333333333332,0.8084732202636631,-1.6445974175595415,-0.29023015391372897,1.8223377712848103,3.9483915181818947,5.294518915275978
paper,medium,2003-03-31,2004Q2,6,FFR,1.9936796293991237,1.01,0.9836796293991237,-1.9070874995960194,-0.28187069738898357,1.9899703475577097,4.301363059226738,5.735259420112497
paper,medium,2003-03-31,2004Q3,7,FFR,2.141459952042756,1.4333333333333333,0.7081266187094226,-2.0578657532468734,-0.23705451623942855,2.1939848244597915,4.569411313783051,6.131588263039047
paper,medium,2003-03-31,2004Q4,8,FFR,2.330431105703424,1.95,0.3804311057034242,-2.1528671030068467,-0.1933266278872504,2.333582577062921,4.938953195383539,6.585209154173685
paper,medium,2003-03-31,2003Q1,1,GDP,916.946048035009,951.9253022305498,-34.979254195540875,915.6280862883133,916.1582036308703,916.9453410947929,917.7347650007866,918.2729856792856
paper,medium,2003-03-31,2003Q2,2,GDP,917.8931406091658,952.8147130216528,-34.92157241248697,915.8600681027056,916.6773997596384,917.8735514761853,919.1387923909112,919.9669022750021
paper,medium,2003-03-31,2003Q3,3,GDP,918.8856505298564,954.4678690555788,-35.582218525722396,916.1388631180287,917.2693929624454,918.858914482932,920.5576910852526,921.6380587464876
paper,medium,2003-03-31,2003Q4,4,GDP,919.889899177898,955.6153064688727,-35.72540729097477,916.5035113107197,917.9425307253813,919.8307671982486,921.9273244943109,923.261546994709
paper,medium,2003-03-31,2004Q1,5,GDP,920.89148239652,956.1865880299732,-35.295105633453204,916.8912198332994,918.6155039979686,920.8210090338081,923.3605762739785,924.8678007801208
paper,medium,2003-03-31,2004Q2,6,GDP,921.8508149319972,956.9623102681346,-35.11149533613741,917.4213925627331,919.2322039901958,921.7668844292566,924.7048856825826,926.2036685445606
paper,medium,2003-03-31,2004Q3,7,GDP,922.7877735046384,957.8991553628297,-35.111381858191294,917.8440389395153,919.745995052452,922.761918894923,925.8911245929166,927.7567128002287
paper,medium,2003-03-31,2004Q4,8,GDP,923.687708053986,958.9159953464796,-35.22828729249363,918.2354709018912,920.3398541001924,923.7229249831048,926.9688556651929,929.0240931121617
paper,medium,2003-03-31,2003Q1,1,HOURS,476.4495557868387,459.80045742031797,16.649098366520718,475.3819961454983,475.8497293484697,476.43430879249934,477.0930893070683,477.5065887276738
paper,medium,2003-03-31,2003Q2,2,HOURS,476.8154374269128,459.5099647910325,17.305472635880335,474.9360402951281,475.65494545743024,476.78797129214223,477.95472720125053,478.72704674727333
paper,medium,2003-03-31,2003Q3,3,HOURS,477.2285506123973,459.652290579554,17.576260032843322,474.5434111660016,475.58656951116194,477.2453383859141,478.8454141109594,479.9253138257224
paper,medium,2003-03-31,2003Q4,4,HOURS,477.7091242677168,460.1332832756836,17.575840992033193,474.2218462477768,475.6450638971816,477.72926361798125,479.7606678985818,481.10076962834927
paper,medium,2003-03-31,2004Q1,5,HOURS,478.20507688979467,460.55900978127795,17.646067108516718,473.9894170758685,475.74427545949703,478.29824626061645,480.66262041859244,482.30414532779156
paper,medium,2003-03-31,2004Q2,6,HOURS,478.6887768109211,460.6459354652963,18.042841345624822,473.96017492559224,475.87116861557803,478.7079093824513,481.54562915546836,483.3323323712353
paper,medium,2003-03-31,2004Q3,7,HOURS,479.1289274510342,461.2721602140926,17.856767236941607,473.90492900258147,476.0098355377058,479.14261223914605,482.39198046665035,484.21475935466526
paper,medium,2003-03-31,2004Q4,8,HOURS,479.5386154165123,461.7997562292878,17.738859187224477,473.82154913834745,476.1086423691656,479.5373084314953,483.0828495175971,485.147453252462
paper,medium,2003-03-31,2003Q1,1,INV,740.4288111062527,770.4669957019948,-30.03818459574211,734.1849008312988,736.4371475994236,740.4050942551967,744.4039387763436,746.8364426994973
paper,medium,2003-03-31,2003Q2,2,INV,741.9383233767795,771.1547636745522,-29.216440297772692,732.2324885594057,736.0116636685212,741.976032812355,747.8190313920046,751.365223008509
paper,medium,2003-03-31,2003Q3,3,INV,743.8905621754432,774.7337305880717,-30.84316841262853,730.8211644643823,736.1686237382495,744.1533863021461,751.5417303739005,756.1481815408995
paper,medium,2003-03-31,2003Q4,4,INV,745.750939764395,778.0471063770386,-32.296166612643674,730.6609894839642,736.8435420107634,745.7809025190757,754.8307426440102,760.0658649715439
paper,medium,2003-03-31,2004Q1,5,INV,747.5950406897156,778.2453302745937,-30.650289584878124,730.23592293219,737.2759046713408,747.8133579111534,757.7320152367632,764.5018857722999
paper,medium,2003-03-31,2004Q2,6,INV,749.2662217808085,782.1621073069788,-32.89588552617033,730.5572961605046,737.918261816837,749.1479083919842,760.8168405444511,768.0491947509335
paper,medium,2003-03-31,2004Q3,7,INV,750.835379448702,783.7015541710955,-32.86617472239345,729.273593283581,738.7435292879184,750.6298856093794,763.811977796464,771.3437338845425
paper,medium,2003-03-31,2004Q4,8,INV,752.1936229603944,785.7665296031867,-33.572906642792304,730.1644391440344,738.6396652903558,752.2228811127264,765.6533917199997,774.6391590876464
paper,medium,2003-03-31,2003Q1,1,WAGE,473.0713912151228,454.48042807016486,18.590963144957925,472.0873776595553,472.46533590534784,473.0882262008386,473.6523717508685,473.99212691242934
paper,medium,2003-03-31,2003Q2,2,WAGE,473.63034502944055,456.34415305750383,17.286191971936717,472.1138260121902,472.7540984234699,473.6469528432436,474.50542292828993,475.030098673798
paper,medium,2003-03-31,2003Q3,3,WAGE,474.15347703461856,457.07961088967545,17.07386614494311,472.25303334953384,473.0107028701767,474.1731913270812,475.2913761565808,476.0703680535964
paper,medium,2003-03-31,2003Q4,4,WAGE,474.6614984454384,458.0857001405808,16.575798304857585,472.4001556126127,473.27409276751933,474.68130134968305,476.0778468239589,476.863863912216
paper,medium,2003-03-31,2004Q1,5,WAGE,475.16585399647414,457.05166274882123,18.11419124765291,472.53789503309554,473.5386646616804,475.1608213694276,476.7733094339198,477.765966794642
paper,medium,2003-03-31,2004Q2,6,WAGE,475.64585134649724,458.1881088010138,17.457742545483427,472.6361013538607,473.85309006766164,475.63248399264114,477.4566159282229,478.5813155623767
paper,medium,2003-03-31,2004Q3,7,WAGE,476.13741556419103,459.3380965413115,16.79931902287956,472.817674054507,474.1795322848633,476.10440149890144,478.1792195428613,479.34486429143584
paper,medium,2003-03-31,2004Q4,8,WAGE,476.6088061985809,458.67923432042323,17.929571878157674,472.9442613117304,474.5047473791866,476.55417418855416,478.77396979289796,480.1905308479046
paper,medium,2003-06-30,2003Q2,1,CONS,881.3946911589331,914.1900383335624,-32.79534717462923,880.3979721000261,880.7731756798688,881.3882248225802,881.9995661623428,882.4338076567815
paper,medium,2003-06-30,2003Q3,2,CONS,882.2576546852715,915.5941312320307,-33.33647654675917,880.6703148689073,881.2993103455793,882.2840650457579,883.1832411461567,883.8697714019879
paper,medium,2003-06-30,2003Q4,3,CONS,883.1198694709642,916.2802228701386,-33.16035339917437,880.9578762928003,881.9064414563309,883.1437681805921,884.3326062826551,885.2266992063753
paper,medium,2003-06-30,2004Q1,4,CONS,884.0144188236144,917.2082690958562,-33.193850272241775,881.2252486123065,882.4535025783982,884.0614333814249,885.5596326304093,886.5672212397384
paper,medium,2003-06-30,2004Q2,5,CONS,884.9139554770265,917.752436881049,-32.838481404022446,881.651281797943,883.0324851577695,884.9784326626843,886.7687663066592,887.9929909946525
paper,medium,2003-06-30,2004Q3,6,CONS,885.7864047895985,918.9202125137185,-33.13380772412006,881.9657954141991,883.6840892955355,885.8839540282647,887.947014693092,889.2723935596154
paper,medium,2003-06-30,2004Q4,7,CONS,886.6799204233658,920.0449619348196,-33.365041511453796,882.4742704188058,884.2976481060992,886.7170226441481,889.1551020153287,890.6339035586116
paper,medium,2003-06-30,2005Q1,8,CONS,887.5584675429881,920.6783654348266,-33.11989789183849,882.9171276908869,884.8801807855779,887.6178178327618,890.2887066358683,891.9093516227118
paper,medium,2003-06-30,2003Q2,1,DEFL,472.19971234600723,441.0711268533791,31.128585492628133,471.74284534261113,471.9171534088202,472.1905005544062,472.4860761261945,472.66757245594715
paper,medium,2003-06-30,2003Q3,2,DEFL,472.67764285225655,441.6379751045544,31.03966774770214,471.8518547226178,472.1701453145524,472.67464749274956,473.19224249307484,473.4841053294502
paper,medium,2003-06-30,2003Q4,3,DEFL,473.161408080779,442.25205753903714,30.909350541741844,471.92804947006243,472.40557336699595,473.16041390288905,473.89768843787544,474.38413245338313
paper,medium,2003-06-30,2004Q1,4,DEFL,473.66920289307313,442.95660169416607,30.712601198907066,472.0354133451903,472.6280030819209,473.6701640310422,474.6684716041835,475.3137795470724
paper,medium,2003-06-30,2004Q2,5,DEFL,474.19476504660406,443.75677692001574,30.437988126588323,471.9951687190362,472.84694186300356,474.1775935194253,475.54983073819284,476.4242920832407
paper,medium,2003-06-30,2004Q3,6,DEFL,474.7404529660616,444.39680362140643,30.343649344655148,472.02883639326467,473.028993947168,474.71358744112473,476.43445297538153,477.5591608033501
paper,medium,2003-06-30,2004Q4,7,DEFL,475.296064690253,445.166929500233,30.12913519002001,472.03876250562035,473.2300635053339,475.27342752554927,477.35386162700064,478.77558557287216
paper,medium,2003-06-30,2005Q1,8,DEFL,475.8777615676155,445.960091366716,29.917670200899522,471.90192969811505,473.44830868297504,475.83669433767386,478.3581540419867,480.00639426755026
paper,medium,2003-06-30,2003Q2,1,FFR,1.2856377588395789,1.2466666666666668,0.03897109217291206,-0.17695349215616085,0.43810620784037085,1.2912059520185322,2.1281706039466437,2.7257598129847005
paper,medium,2003-06-30,2003Q3,2,FFR,1.4585547492887496,1.0166666666666666,0.441888082622083,-0.7329697042314598,0.1098563020555484,1.4319192838923276,2.799602093236786,3.6405559995737415
paper,medium,2003-06-30,2003Q4,3,FFR,1.6089124082781998,0.9966666666666667,0.6122457416115331,-1.0928323540729574,0.001205776307232728,1.603418163828969,3.2303275611852182,4.380922789411299
paper,medium,2003-06-30,2004Q1,4,FFR,1.7354793025229336,1.0033333333333332,0.7321459691896004,-1.4113570876927468,-0.18146977435461278,1.7153765358353654,3.708268717273333,4.954075227215827
paper,medium,2003-06-30,2004Q2,5,FFR,1.875449572807003,1.01,0.8654495728070031,-1.730305161292868,-0.21638296283894243,1.875593167365832,4.11093378798678,5.452220079882864
paper,medium,2003-06-30,2004Q3,6,FFR,2.0423792273115717,1.4333333333333333,0.6090458939782384,-1.925622613443898,-0.35138825170878174,2.0231532839906956,4.41976267454784,6.056153049537487
paper,medium,2003-06-30,2004Q4,7,FFR,2.237744697699171,1.95,0.2877446976991711,-2.1135664945241253,-0.38299943200930575,2.222103509122573,4.917347443769987,6.445667717081476
paper,medium,2003-06-30,2005Q1,8,FFR,2.439625256457295,2.47,-0.030374743542705307,-2.1336526943627456,-0.39054914550390213,2.500657083936636,5.312012284462456,6.951187108449173
paper,medium,2003-06-30,2003Q2,1,GDP,917.3304864078807,952.8147130216528,-35.48422661377208,916.0715191117908,916.5133369561363,917.3114144085714,918.1260564279004,918.6764396207197
paper,medium,2003-06-30,2003Q3,2,GDP,918.2800252507541,954.4678690555788,-36.18784380482475,916.2672773111841,916.9527093038021,918.2903492843486,919.5783004473222,920.3642321575483
paper,medium,2003-06-30,2003Q4,3,GDP,919.185072812096,955.6153064688727,-36.43023365677675,916.3664775129264,917.4824947283953,919.1719439720314,920.937228838191,922.076809167444
paper,medium,2003-06-30,2004Q1,4,GDP,920.0897098177052,956.1865880299732,-36.09687821226805,916.5756221119811,917.984692057288,920.0671890408828,922.1677278939022,923.6209615747831
paper,medium,2003-06-30,2004Q2,5,GDP,921.0163043470517,956.9623102681346,-35.94600592108293,916.804870564703,918.6328975563828,921.0518080318291,923.3412503408165,924.9616078864136
paper,medium,2003-06-30,2004Q3,6,GDP,921.9241538608856,957.8991553628297,-35.97500150194412,917.2633631814891,919.3120965358715,921.9067211077027,924.5611856527789,926.3938721965678
paper,medium,2003-06-30,2004Q4,7,GDP,922.8231174097562,958.9159953464796,-36.092877936723426,917.6989212828137,919.8784804559812,922.8587858683252,925.7182187508495,927.8336458797274
paper,medium,2003-06-30,2005Q1,8,GDP,923.7179231013638,960.0207528735932,-36.302829772229416,918.2396397099006,920.4833659861844,923.7146192914192,926.957221278154,929.0869966999288
paper,medium,2003-06-30,2003Q2,1,HOURS,476.419348287899,459.5099647910325,16.909383496866553,475.34140919438545,475.8002277262157,476.42347950320664,477.0577718738347,477.4536656401908
paper,medium,2003-06-30,2003Q3,2,HOURS,476.7337143884093,459.652290579554,17.081423808855277,474.82375394082555,475.5639825954015,476.7534265845085,477.8492231429068,478.6265889088844
paper,medium,2003-06-30,2003Q4,3,HOURS,477.09471427831056,460.1332832756836,16.961431002626966,474.3927328736819,475.46355509360285,477.09973484722354,478.6875974255015,479.8376979308865
paper,medium,2003-06-30,2004Q1,4,HOURS,477.4946523358412,460.55900978127795,16.93564255456323,473.9712378643955,475.46318909734254,477.51800704988915,479.55989019605175,481.03847154974846
paper,medium,2003-06-30,2004Q2,5,HOURS,477.92241000174204,460.6459354652963,17.276474536445733,473.8430127374202,475.3920794483357,477.98925170322985,480.37209734310323,482.0332461233617
paper,medium,2003-06-30,2004Q3,6,HOURS,478.35276241767474,461.2721602140926,17.080602203582146,473.68334793479585,475.43652585407324,478.42274839878786,481.1569725499599,482.88931365345707
paper,medium,2003-06-30,2004Q4,7,HOURS,478.75281737890504,461.7997562292878,16.953061149617213,473.4911836378182,475.55309569354307,478.7693258610138,481.93940912260894,483.8812682021498
paper,medium,2003-06-30,2005Q1,8,HOURS,479.1616899688874,462.0029241394789,17.15876582940848,473.41801144033224,475.62022817750255,479.1487647905012,482.6102007198421,484.88583227453654
paper,medium,2003-06-30,2003Q2,1,INV,739.1298311797808,771.1547636745522,-32.024932494771406,732.6965345138412,735.4221274930367,739.2067019499561,743.0374223286202,745.3875558060972
paper,medium,2003-06-30,2003Q3,2,INV,741.0489606176657,774.7337305880717,-33.68476997040602,731.5753993341369,735.1337206315171,741.0197689735901,747.1974083972,751.0720190379866
paper,medium,2003-06-30,2003Q4,3,INV,742.6968898173494,778.0471063770386,-35.350216559689216,730.0788880168424,735.0132629559178,742.503552547678,750.2985188812589,755.894588732307
paper,medium,2003-06-30,2004Q1,4,INV,744.2085518427385,778.2453302745937,-34.03677843185517,729.5249653877164,734.9244465907644,744.1477517047167,753.5452122280464,759.2505654178239
paper,medium,2003-06-30,2004Q2,5,INV,745.712944133767,782.1621073069788,-36.44916317321179,729.4843073551259,735.4465605857641,745.6620742146779,755.9129492892804,762.3441767594915
paper,medium,2003-06-30,2004Q3,6,INV,747.1886017437578,783.7015541710955,-36.51295242733772,728.5359458016674,735.6642978420552,747.2706583838224,758.3390151295557,766.1310187744788
paper,medium,2003-06-30,2004Q4,7,INV,748.4676899528478,785.7665296031867,-37.29883965033889,728.1088016411844,735.9171435137522,748.6339752646693,760.9070683621038,769.1144298209821
paper,medium,2003-06-30,2005Q1,8,INV,749.792713729341,788.539056169692,-38.746342440350986,727.8134079377056,736.3677936034046,749.7805596308649,763.3390466871514,771.360855015526
paper,medium,2003-06-30,2003Q2,1,WAGE,471.93597622466433,456.34415305750383,15.591823167160499,470.98482352748755,471.37368484399656,471.9322828098932,472.5062597729979,472.8948427555897
paper,medium,2003-06-30,2003Q3,2,WAGE,472.3663829442193,457.07961088967545,15.28677205454386,470.98079929314645,471.50876669124773,472.37701150324403,473.20813883845096,473.7122307589222
paper,medium,2003-06-30,2003Q4,3,WAGE,472.7910161633212,458.0857001405808,14.70531602274042,470.94196991689523,471.66715827900197,472.7955628335303,473.9218480938909,474.61438612724703
paper,medium,2003-06-30,2004Q1,4,WAGE,473.2275756908409,457.05166274882123,16.175912942019693,471.0715145818737,471.8537531326702,473.2066707671308,474.57585830805436,475.5381414656228
paper,medium,2003-06-30,2004Q2,5,WAGE,473.6839395936671,458.1881088010138,15.495830792653294,471.1001692275421,472.15195878026407,473.73665127168556,475.27969117442507,476.26403594763815
paper,medium,2003-06-30,2004Q3,6,WAGE,474.1291484877596,459.3380965413115,14.791051946448135,471.18708827229904,472.33233973982476,474.1230699474315,475.990703700388,477.17404154066367
paper,medium,2003-06-30,2004Q4,7,WAGE,474.5919554569022,458.67923432042323,15.912721136478979,471.29456444696166,472.55873915441845,474.5482634954194,476.59484941277674,477.98367118423386
paper,medium,2003-06-30,2005Q1,8,WAGE,475.04392156374286,458.8644384030756,16.179483160667246,471.4327921837129,472.88133822627475,474.96604975283094,477.1898972642835,478.7678487748965
paper,medium,2003-09-30,2003Q3,1,CONS,882.3094459125439,915.5941312320307,-33.28468531948681,881.2909644156659,881.6979747651393,882.3380785412153,882.9063923380027,883.3164789941617
paper,medium,2003-09-30,2003Q4,2,CONS,883.1927933118839,916.2802228701386,-33.08742955825471,881.6621451609758,882.2722149929052,883.1791994518828,884.1516574991757,884.7647236264385
paper,medium,2003-09-30,2004Q1,3,CONS,884.1742737201782,917.2082690958562,-33.03399537567793,881.9879595910871,882.902003573085,884.2013651591471,885.504992193994,886.3066646066786
paper,medium,2003-09-30,2004Q2,4,CONS,885.1588500804152,917.752436881049,-32.59358680063383,882.3437359909668,883.5495150336202,885.1934960581532,886.7564943714272,887.8425807009532
paper,medium,2003-09-30,2004Q3,5,CONS,886.1504570286417,918.9202125137185,-32.76975548507687,882.767740236368,884.1701299745777,886.2037266999358,888.1147867585191,889.284543322233
paper,medium,2003-09-30,2004Q4,6,CONS,887.1075396633828,920.0449619348196,-32.937422271436844,883.282324390426,884.9023008510698,887.172439309102,889.306216908916,890.772380808163
paper,medium,2003-09-30,2005Q1,7,CONS,888.0600294718598,920.6783654348266,-32.61833596296674,883.6510368969534,885.5343754351344,888.0530299613945,890.5136377825547,892.2586493277129
paper,medium,2003-09-30,2005Q2,8,CONS,888.985360182003,921.7804644849432,-32.79510430294022,884.1357867302322,886.224517892779,889.0087680041115,891.7106261162338,893.5929358040707
paper,medium,2003-09-30,2003Q3,1,DEFL,472.3848991831881,441.6379751045544,30.746924078633697,471.9124672659453,472.09154810387025,472.3741239470231,472.67869867072295,472.8666111676666
paper,medium,2003-09-30,2003Q4,2,DEFL,472.7594515914649,442.25205753903714,30.507394052427742,471.9385641164613,472.2523430683009,472.7484813593227,473.26457151298933,473.61319423240263
paper,medium,2003-09-30,2004Q1,3,DEFL,473.12960589063846,442.95660169416607,30.17300419647239,471.9267891699561,472.38723010822673,473.12088493994975,473.86724753556234,474.39719621368744
paper,medium,2003-09-30,2004Q2,4,DEFL,473.49553758394427,443.75677692001574,29.73876066392853,471.7988025012656,472.48223072718673,473.4752289205699,474.48680966420255,475.24137261869384
paper,medium,2003-09-30,2004Q3,5,DEFL,473.90160506613915,444.39680362140643,29.50480144473272,471.7375097146407,472.5644120034006,473.89084262948194,475.2089712238974,476.1352938227192
paper,medium,2003-09-30,2004Q4,6,DEFL,474.33359120132894,445.166929500233,29.16666170109596,471.5828601920806,472.6721150767468,474.3479002557717,475.9803179011393,477.07097802350864
paper,medium,2003-09-30,2005Q1,7,DEFL,474.7794691574978,445.960091366716,28.8193777907818,471.40370919344514,472.7213862653887,474.8022196789839,476.780173790574,478.1905736944651
paper,medium,2003-09-30,2005Q2,8,DEFL,475.260964665843,446.6850203488912,28.57594431695179,471.2831039816147,472.83719429526803,475.3017916389188,477.6348291880707,479.3325461483727
paper,medium,2003-09-30,2003Q3,1,FFR,1.156116647651661,1.0166666666666666,0.13944998098499428,-0.2862353355576798,0.2761310545673985,1.1283636391402694,2.0171252649209115,2.5822949241895428
paper,medium,2003-09-30,2003Q4,2,FFR,1.052810081227083,0.9966666666666667,0.05614341456041638,-1.1104601924259334,-0.30558311281687217,1.0677291455597957,2.334849465220892,3.1900213704953746
paper,medium,2003-09-30,2004Q1,3,FFR,1.0795092364269985,1.0033333333333332,0.07617590309366529,-1.6400281208428709,-0.577385894127884,1.076746666020231,2.710959231388365,3.859447032114256
paper,medium,2003-09-30,2004Q2,4,FFR,1.2024400875674937,1.01,0.19244008756749365,-1.966378228687826,-0.730147681771722,1.1471122479865754,3.141505042446268,4.407336814630508
paper,medium,2003-09-30,2004Q3,5,FFR,1.3673390551530435,1.4333333333333333,-0.0659942781802898,-2.383811979043133,-0.7927788526408438,1.3490289560581794,3.5351535208530893,4.98820670773828
paper,medium,2003-09-30,2004Q4,6,FFR,1.5205961186312842,1.95,-0.42940388136871577,-2.430520505742855,-0.9281638334775938,1.5369254617469792,3.911821998877867,5.579833464105237
paper,medium,2003-09-30,2005Q1,7,FFR,1.6888564454741752,2.47,-0.781143554525825,-2.5515592121039252,-0.8837785884087679,1.7291341827554718,4.261900115732285,6.039031364117495
paper,medium,2003-09-30,2005Q2,8,FFR,1.8426774699950974,2.9433333333333334,-1.100655863338236,-2.6985504456517795,-0.8779084330115609,1.8283558553992516,4.524532049960174,6.555009808326567
paper,medium,2003-09-30,2003Q3,1,GDP,918.0567868022545,954.4678690555788,-36.411082253324366,916.7146019429035,917.259586627327,918.0459558924173,918.8566456878365,919.3745721854501
paper,medium,2003-09-30,2003Q4,2,GDP,918.9316969719159,955.6153064688727,-36.68360949695682,916.8557947921877,917.7263132719422,918.9227927695517,920.1716469971675,921.0416989561005
paper,medium,2003-09-30,2004Q1,3,GDP,919.9055587419656,956.1865880299732,-36.28102928800763,917.1584032117315,918.2413846743411,919.914468525918,921.6088340421325,922.7183100595532
paper,medium,2003-09-30,2004Q2,4,GDP,920.9207574050849,956.9623102681346,-36.041552863049674,917.582752280333,918.8457075095957,920.8993387000487,922.971595195536,924.3644347837209
paper,medium,2003-09-30,2004Q3,5,GDP,921.9553595031028,957.8991553628297,-35.94379585972683,917.9115426369526,919.537065799525,921.9907094105708,924.3564169162628,925.9763380177271
paper,medium,2003-09-30,2004Q4,6,GDP,922.952098441047,958.9159953464796,-35.963896905432534,918.3010767626259,920.2025679765909,923.0261388294651,925.6640508604698,927.3616696138499
paper,medium,2003-09-30,2005Q1,7,GDP,923.9226307732546,960.0207528735932,-36.09812210033863,918.7452375489709,920.8542524631422,924.0230189743561,926.9523721899526,928.8348241897179
paper,medium,2003-09-30,2005Q2,8,GDP,924.8906486841319,960.5061772591148,-35.61552857498293,919.2234725007575,921.6381644190543,924.9454607754362,928.1276946297745,930.1930435465501
paper,medium,2003-09-30,2003Q3,1,HOURS,474.06339970549726,459.652290579554,14.411109125943256,472.9725901836715,473.4097066991983,474.08087540265285,474.70726221773805,475.110920038929
paper,medium,2003-09-30,2003Q4,2,HOURS,474.28045564030833,460.1332832756836,14.147172364624737,472.39194755600374,473.15075338963703,474.3301741786834,475.40312622763196,476.0986574180359
paper,medium,2003-09-30,2004Q1,3,HOURS,474.6267637140172,460.55900978127795,14.067753932739265,471.93102955311355,473.01736164889985,474.6363288408936,476.2025207460056,477.25111089945307
paper,medium,2003-09-30,2004Q2,4,HOURS,475.04678404739764,460.6459354652963,14.400848582101332,471.62070127814735,472.9809420678666,475.05694623967145,477.1460300511962,478.5010180008613
paper,medium,2003-09-30,2004Q3,5,HOURS,475.53014122699955,461.2721602140926,14.257981012906953,471.35324463180564,473.0661582396482,475.5552322634911,478.0813558385815,479.7119291120928
paper,medium,2003-09-30,2004Q4,6,HOURS,476.00540628277514,461.7997562292878,14.205650053487318,471.1739126349782,473.12593904567035,476.0219796138957,478.88928279986874,480.92374635757693
paper,medium,2003-09-30,2005Q1,7,HOURS,476.4709125270367,462.0029241394789,14.467988387557796,471.0174724880029,473.2489414746125,476.49832365000964,479.70716443751076,481.7854220623367
paper,medium,2003-09-30,2005Q2,8,HOURS,476.90487154091466,462.5854777180924,14.319393822822235,470.8717952307331,473.37446831861456,476.89364746029923,480.4873167491948,482.84819688287564
paper,medium,2003-09-30,2003Q3,1,INV,739.696977529764,774.7337305880717,-35.03675305830768,733.1280265809957,735.7673462127957,739.6952796119591,743.7243325983453,746.4904286020109
paper,medium,2003-09-30,2003Q4,2,INV,741.268458057212,778.0471063770386,-36.77864831982663,731.5759642001719,735.3838710968452,741.2717987915863,747.1974813320691,751.1597695074082
paper,medium,2003-09-30,2004Q1,3,INV,743.0976056698745,778.2453302745937,-35.1477246047192,730.6135706200901,735.560620184475,743.3145164427144,750.5066171903552,755.4290770558815
paper,medium,2003-09-30,2004Q2,4,INV,745.0992719283162,782.1621073069788,-37.06283537866261,730.056615970786,736.0618930662719,745.1703049838316,753.9351147423534,759.367734025062
paper,medium,2003-09-30,2004Q3,5,INV,747.1450141083609,783.7015541710955,-36.5565400627346,730.3231257251405,736.7054066622308,746.9476300813798,757.6917124072862,763.960055529992
paper,medium,2003-09-30,2004Q4,6,INV,748.9643444121427,785.7665296031867,-36.80218519104392,729.5659129125206,737.447845232571,748.9682889576655,760.3436648102279,767.4145041260031
paper,medium,2003-09-30,2005Q1,7,INV,750.5635099584623,788.539056169692,-37.9755462112297,729.2736375631713,738.257652558135,750.7810864056119,763.3468165776069,770.9722670727435
paper,medium,2003-09-30,2005Q2,8,INV,752.2579259171918,787.1995059482441,-34.941580031052354,729.6795565865223,738.9316440353375,752.5768276323188,765.9009234006809,773.6339659557119
paper,medium,2003-09-30,2003Q3,1,WAGE,473.8348058581145,457.07961088967545,16.75519496843907,472.9044238694427,473.29372580086715,473.8347671273756,474.37269603363524,474.75300824137855
paper,medium,2003-09-30,2003Q4,2,WAGE,474.2987122887163,458.0857001405808,16.213012148135476,472.8554700482779,473.4468146927426,474.3056484645243,475.1753651524657,475.7779157725019
paper,medium,2003-09-30,2004Q1,3,WAGE,474.807376491468,457.05166274882123,17.755713742646776,472.97015861048146,473.6701948295553,474.78431449421237,475.9730958041528,476.6954797317343
paper,medium,2003-09-30,2004Q2,4,WAGE,475.30102555579936,458.1881088010138,17.112916754785545,473.05987386534815,473.93221997537853,475.31508199672845,476.6515407707569,477.5680815567059
paper,medium,2003-09-30,2004Q3,5,WAGE,475.79770724523024,459.3380965413115,16.45961070391877,473.15274583269144,474.24925100870905,475.79899385901905,477.4015862332234,478.46750688271516
paper,medium,2003-09-30,2004Q4,6,WAGE,476.2795753959074,458.67923432042323,17.600341075484152,473.20048813287747,474.4736473047246,476.28679341297413,478.0704311050558,479.3117632871031
paper,medium,2003-09-30,2005Q1,7,WAGE,476.7692524305899,458.8644384030756,17.904814027514306,473.2539835665061,474.73259946318893,476.7811110219527,478.82947951607815,480.13012558295696
paper,medium,2003-09-30,2005Q2,8,WAGE,477.25971249968546,458.7637380695785,18.49597443010697,473.50910142473583,475.035070198218,477.23171415775306,479.4604615290824,480.94985788290194
paper,medium,2003-12-31,2003Q4,1,CONS,892.3701834275113,916.2802228701386,-23.910039442627294,891.3347753536794,891.7516478432804,892.372641700377,892.9894098944284,893.3640237813001
paper,medium,2003-12-31,2004Q1,2,CONS,893.534494155079,917.2082690958562,-23.673774940777207,892.0248543083712,892.6046258789394,893.5433946925909,894.4424327772748,895.038102643033
paper,medium,2003-12-31,2004Q2,3,CONS,894.6705861021591,917.752436881049,-23.08185077888993,892.6498151140056,893.4164510361525,894.7135737819087,895.9041743592843,896.6512513847166
paper,medium,2003-12-31,2004Q3,4,CONS,895.734302328021,918.9202125137185,-23.18591018569748,893.0801716327283,894.2277000816641,895.7858596913497,897.2369561137159,898.230539463217
paper,medium,2003-12-31,2004Q4,5,CONS,896.7308526270965,920.0449619348196,-23.31410930772313,893.7185780984626,894.9176585528336,896.7937672155438,898.5788581875591,899.6870210465029
paper,medium,2003-12-31,2005Q1,6,CONS,897.6773618851274,920.6783654348266,-23.001003549699135,894.2126573082262,895.569518896925,897.6848456817213,899.780262444173,901.0468888345202
paper,medium,2003-12-31,2005Q2,7,CONS,898.5898144941493,921.7804644849432,-23.190649990793872,894.6790311526892,896.3069627920473,898.5761996864585,900.9243046668706,902.3773401266416
paper,medium,2003-12-31,2005Q3,8,CONS,899.474775856791,922.606735215334,-23.131959358542986,895.3924597225513,897.0256356049242,899.4578530132785,902.0228377789733,903.7267685587148
paper,medium,2003-12-31,2003Q4,1,DEFL,466.59256566362285,442.25205753903714,24.34050812458571,466.11195218791624,466.3127532246135,466.5959416800024,466.87340345475207,467.0718893389517
paper,medium,2003-12-31,2004Q1,2,DEFL,466.98727865401537,442.95660169416607,24.030676959849302,466.15186513646836,466.4787902844472,466.9951828024117,467.5000131151678,467.7973097028757
paper,medium,2003-12-31,2004Q2,3,DEFL,467.395012795683,443.75677692001574,23.63823587566725,466.1670844303964,466.61220085921866,467.4086650583698,468.13442877180813,468.6110948247177
paper,medium,2003-12-31,2004Q3,4,DEFL,467.85809203642407,444.39680362140643,23.461288415017634,466.1662292580521,466.8031989811953,467.8564422414207,468.8815216775858,469.5197261202993
paper,medium,2003-12-31,2004Q4,5,DEFL,468.3444444241982,445.166929500233,23.17751492396519,466.06171947973587,466.99565921818885,468.34455261513483,469.718243065148,470.56849619288624
paper,medium,2003-12-31,2005Q1,6,DEFL,468.8657887319062,445.960091366716,22.905697365190235,466.06138312645777,467.1758239225124,468.8121339496031,470.6428849691961,471.66997674724536
paper,medium,2003-12-31,2005Q2,7,DEFL,469.41335258551754,446.6850203488912,22.72833223662633,465.9754758638728,467.3688746690001,469.3757019740832,471.52801477426124,472.81925645066303
paper,medium,2003-12-31,2005Q3,8,DEFL,469.9968176424425,447.5903970265225,22.406420615920013,466.0137453039081,467.5538900026674,469.9929253477535,472.52985690405376,474.07251712305157
paper,medium,2003-12-31,2003Q4,1,FFR,1.1666516559194546,0.9966666666666667,0.16998498925278793,-0.24209885201139453,0.31860705600053657,1.159097237726173,1.9911247679359387,2.598792280794495
paper,medium,2003-12-31,2004Q1,2,FFR,1.3336041898947075,1.0033333333333332,0.33027085656137434,-0.8164191949305318,0.05730831748384015,1.3385483411646906,2.6111263777695077,3.455971956691204
paper,medium,2003-12-31,2004Q2,3,FFR,1.5862687681140362,1.01,0.5762687681140362,-1.0844107673800925,0.005119951438696578,1.609144435002575,3.194761688579569,4.225005872253644
paper,medium,2003-12-31,2004Q3,4,FFR,1.8428664327957045,1.4333333333333333,0.40953309946237115,-1.244818967952747,-0.04555292260841386,1.9041621075924402,3.6723175133309183,4.845869283798431
paper,medium,2003-12-31,2004Q4,5,FFR,2.1016854691188818,1.95,0.1516854691188818,-1.3737335123961323,0.009001666238650195,2.1272082819340947,4.149676266066928,5.540833726957513
paper,medium,2003-12-31,2005Q1,6,FFR,2.349240975301572,2.47,-0.12075902469842825,-1.427256612277559,0.00962412778199547,2.4081855981972535,4.630025974583617,6.0303580410697855
paper,medium,2003-12-31,2005Q2,7,FFR,2.560468318609019,2.9433333333333334,-0.38286501472431445,-1.5446167575630858,0.11218165335122951,2.537319778759202,4.99962150058719,6.57040429198373
paper,medium,2003-12-31,2005Q3,8,FFR,2.7149341944717156,3.4599999999999995,-0.7450658055282839,-1.736892365985817,0.13883586676218357,2.7789728591944383,5.285711328587368,6.875466713961169
paper,medium,2003-12-31,2003Q4,1,GDP,927.0194744582576,955.6153064688727,-28.59583201061514,925.6434895516828,926.1875598236564,927.030151932212,927.8503024684132,928.3734003405154
paper,medium,2003-12-31,2004Q1,2,GDP,928.3085870586626,956.1865880299732,-27.8780009713106,926.269948340352,927.0244894809298,928.2584705664262,929.6170358125848,930.4464472195208
paper,medium,2003-12-31,2004Q2,3,GDP,929.4502329830606,956.9623102681346,-27.512077285074042,926.6049670590512,927.7742952502755,929.4433665883042,931.1485920398758,932.2555994365332
paper,medium,2003-12-31,2004Q3,4,GDP,930.5673699251718,957.8991553628297,-27.331785437657913,927.1559277360777,928.4762700266526,930.6139172176648,932.5742460264808,933.9380099665318
paper,medium,2003-12-31,2004Q4,5,GDP,931.5891263816832,958.9159953464796,-27.326868964796404,927.4906944348542,929.342046727302,931.6600029664595,933.901754725989,935.4444715755352
paper,medium,2003-12-31,2005Q1,6,GDP,932.5779269322808,960.0207528735932,-27.442825941312435,928.188609029697,929.962325369493,932.5899300545839,935.2706146618208,936.9338912310255
paper,medium,2003-12-31,2005Q2,7,GDP,933.5046527719818,960.5061772591148,-27.001524487132997,928.5909671783617,930.6110160673169,933.5431577370697,936.3941399915905,938.3206228348081
paper,medium,2003-12-31,2005Q3,8,GDP,934.40804609133,961.2887292981801,-26.880683206850108,929.0646011294162,931.299037488118,934.3825144795001,937.4862632558957,939.6242956127379
paper,medium,2003-12-31,2003Q4,1,HOURS,474.79302615237447,460.1332832756836,14.65974287669087,473.7160025149863,474.1276189064393,474.7847127774776,475.4857876533943,475.8901868381462
paper,medium,2003-12-31,2004Q1,2,HOURS,475.48291447791075,460.55900978127795,14.923904696632803,473.5246902748748,474.3378089406447,475.4648559586424,476.6578824162548,477.4555434237236
paper,medium,2003-12-31,2004Q2,3,HOURS,476.17825988492064,460.6459354652963,15.53232441962433,473.34574036478494,474.53038816816314,476.2231033722054,477.7974190637658,479.0100658481685
paper,medium,2003-12-31,2004Q3,4,HOURS,476.8429118626746,461.2721602140926,15.570751648582018,473.19860985100115,474.82061046896973,476.8849836832437,478.9057838882141,480.29405060676845
paper,medium,2003-12-31,2004Q4,5,HOURS,477.4127309681696,461.7997562292878,15.612974738881803,473.0139888483108,474.96339096752007,477.38506111185114,479.84077210571934,481.5811651878608
paper,medium,2003-12-31,2005Q1,6,HOURS,477.93425688727,462.0029241394789,15.931332747791089,472.9689424191375,475.1852329862112,477.9292435592082,480.72780442939234,482.67335855654636
paper,medium,2003-12-31,2005Q2,7,HOURS,478.3812184404605,462.5854777180924,15.795740722368066,473.0110764801456,475.23319133260384,478.4243925189823,481.61714877177934,483.706775467767
paper,medium,2003-12-31,2005Q3,8,HOURS,478.79631523315254,462.9023422010251,15.893973032127462,472.9783576999059,475.3472445446802,478.7765714637922,482.3022490448922,484.76937571619544
paper,medium,2003-12-31,2003Q4,1,INV,744.1901061083807,778.0471063770386,-33.857000268657885,737.3922971321016,740.1497340087274,744.1704698213266,748.2726862102412,750.9745424743595
paper,medium,2003-12-31,2004Q1,2,INV,747.3877126500751,778.2453302745937,-30.85761762451864,737.6608486392493,741.4293059317522,747.3432255780907,753.4581879468865,757.2197897064269
paper,medium,2003-12-31,2004Q2,3,INV,749.8227801769079,782.1621073069788,-32.33932713007084,736.3459274455813,742.1248958143088,749.764193320814,757.7616644113854,762.734218814275
paper,medium,2003-12-31,2004Q3,4,INV,752.1847115291639,783.7015541710955,-31.51684264193159,736.4817412360562,743.0034185478653,752.2489940514721,761.3252642707006,766.9610483776867
paper,medium,2003-12-31,2004Q4,5,INV,753.9309829898548,785.7665296031867,-31.83554661333187,736.269794566605,743.1864786979988,754.1068084288386,764.3275789470505,771.1900381613507
paper,medium,2003-12-31,2005Q1,6,INV,755.6065892235845,788.539056169692,-32.932466946107525,735.8389625037634,744.2856836762619,755.7345272967576,766.981309601023,774.3661995498236
paper,medium,2003-12-31,2005Q2,7,INV,756.979544348728,787.1995059482441,-30.21996159951607,735.7325581178269,744.7614817363232,756.912040769286,769.4070470003815,777.2620902273521
paper,medium,2003-12-31,2005Q3,8,INV,758.2777421972448,788.5125305763838,-30.23478837913899,735.146959871601,745.0560220142053,758.2547001925382,771.7684470908847,780.8050498696435
paper,medium,2003-12-31,2003Q4,1,WAGE,473.62191504465653,458.0857001405808,15.536214904075734,472.6562826775087,473.05014726190666,473.63119831582605,474.20092894992257,474.5686732651776
paper,medium,2003-12-31,2004Q1,2,WAGE,474.1109459152504,457.05166274882123,17.059283166429168,472.70863779728205,473.2620454736974,474.13016783978026,474.93557099285437,475.5254477990118
paper,medium,2003-12-31,2004Q2,3,WAGE,474.6253714258575,458.1881088010138,16.437262624843697,472.7652113065417,473.540911680009,474.61147457437323,475.73274965897485,476.5050176026435
paper,medium,2003-12-31,2004Q3,4,WAGE,475.1369855462821,459.3380965413115,15.798889004970647,473.011238658461,473.77688653199976,475.1108254771614,476.4584692921394,477.4027886825396
paper,medium,2003-12-31,2004Q4,5,WAGE,475.6226173699261,458.67923432042323,16.94338304950287,473.1238183857334,474.06064029992353,475.6257246215848,477.1562466844806,478.22955794094185
paper,medium,2003-12-31,2005Q1,6,WAGE,476.07245125074394,458.8644384030756,17.20801284766833,473.2594805399732,474.27918850286267,476.03663048951756,477.8414022670495,478.94246667918475
paper,medium,2003-12-31,2005Q2,7,WAGE,476.53151163257803,458.7637380695785,17.767773562999537,473.3214773026241,474.58823232902466,476.5541353342121,478.4538385949966,479.7665910607848
paper,medium,2003-12-31,2005Q3,8,WAGE,476.9754739986324,458.51919432724264,18.45627967138978,473.47081508217303,474.84217510527856,477.0110295640755,479.0751789020221,480.5173632593396
paper,medium,2004-03-31,2004Q1,1,CONS,893.2107775972685,917.2082690958562,-23.997491498587692,892.1818919816812,892.6084763657641,893.2063177827564,893.8249182990031,894.1944431917324
paper,medium,2004-03-31,2004Q2,2,CONS,894.2969152197649,917.752436881049,-23.455521661284138,892.7459062014109,893.3813326445279,894.2892912036036,895.2267385606284,895.8361004165083
paper,medium,2004-03-31,2004Q3,3,CONS,895.3207046851287,918.9202125137185,-23.59950782858982,893.2475887563596,894.0597811842723,895.3416396443813,896.5697022335819,897.363209752229
paper,medium,2004-03-31,2004Q4,4,CONS,896.3209927230148,920.0449619348196,-23.723969211804842,893.7779449877675,894.8231279067234,896.33192981211,897.8060280412687,898.8885574100472
paper,medium,2004-03-31,2005Q1,5,CONS,897.2963443703846,920.6783654348266,-23.382021064441915,894.2415424964623,895.4154214824824,897.3343560780513,899.0792016667293,900.2653579494844
paper,medium,2004-03-31,2005Q2,6,CONS,898.2072083764135,921.7804644849432,-23.573256108529677,894.7632872696232,896.1076011565922,898.1986733942808,900.2704257658265,901.5831275082572
paper,medium,2004-03-31,2005Q3,7,CONS,899.0860145094991,922.606735215334,-23.520720705834833,895.1124803355982,896.7821571022405,899.0537810936376,901.4144668702903,902.8601388707215
paper,medium,2004-03-31,2005Q4,8,CONS,899.9602969287065,922.7908936985102,-22.83059676980372,895.6451224679138,897.3988621668228,899.9301573118278,902.4952535573999,904.1965511256884
paper,medium,2004-03-31,2004Q1,1,DEFL,466.94736306871147,442.95660169416607,23.9907613745454,466.46938273114375,466.67100671735307,466.9508792151861,467.225315505572,467.4311602976059
paper,medium,2004-03-31,2004Q2,2,DEFL,467.33349859930706,443.75677692001574,23.576721679291325,466.54157080826354,466.84101008111395,467.33457845082467,467.83512616636517,468.1582896881268
paper,medium,2004-03-31,2004Q3,3,DEFL,467.7836683360648,444.39680362140643,23.386864714658373,466.5851987461126,467.0578305648525,467.7869611345361,468.5032006330672,469.0213038982856
paper,medium,2004-03-31,2004Q4,4,DEFL,468.2443701235716,445.166929500233,23.077440623338646,466.6467593980161,467.24168361116483,468.2496841745216,469.25458648429304,469.92245679999286
paper,medium,2004-03-31,2005Q1,5,DEFL,468.72413594082445,445.960091366716,22.764044574108482,466.518460142832,467.3968947763008,468.7374276127566,470.03484818516006,470.9033205526108
paper,medium,2004-03-31,2005Q2,6,DEFL,469.2470118963691,446.6850203488912,22.561991547477874,466.43482511035563,467.598879276728,469.2862045118012,470.8985538408838,471.927287225131
paper,medium,2004-03-31,2005Q3,7,DEFL,469.7969669291235,447.5903970265225,22.206569902601018,466.3787068848562,467.8083928476723,469.8294648660042,471.81526041737334,473.15784393837816
paper,medium,2004-03-31,2005Q4,8,DEFL,470.37787067070076,448.39625430524006,21.981616365460695,466.33573925200506,468.02947441909,470.4002723788294,472.7624628361559,474.35856125665975
paper,medium,2004-03-31,2004Q1,1,FFR,1.0431577609823608,1.0033333333333332,0.039824427649027605,-0.35280145683192693,0.1688226611402478,1.0464834040335886,1.8923845405328479,2.466783460706789
paper,medium,2004-03-31,2004Q2,2,FFR,1.2627800378008758,1.01,0.25278003780087577,-0.9272407408591372,-0.034407641940915286,1.2657492182298984,2.5763668744155233,3.3851306360610702
paper,medium,2004-03-31,2004Q3,3,FFR,1.447038592457539,1.4333333333333333,0.013705259124205726,-1.2511109048110105,-0.17787159128416716,1.5150700691148224,3.0132974737964826,4.04828050627952
paper,medium,2004-03-31,2004Q4,4,FFR,1.6632506306829764,1.95,-0.28674936931702355,-1.530058916206979,-0.23366193384666695,1.6701515595675829,3.5355136252308066,4.832603280796762
paper,medium,2004-03-31,2005Q1,5,FFR,1.9273430983385353,2.47,-0.5426569016614649,-1.6636132361437894,-0.2577206025432483,1.9649916391868327,4.081666254544487,5.49274514418169
paper,medium,2004-03-31,2005Q2,6,FFR,2.1660101256513515,2.9433333333333334,-0.7773232076819818,-1.7839941216584272,-0.18699077221876423,2.2294599387405407,4.4923587359062465,6.117683059328762
paper,medium,2004-03-31,2005Q3,7,FFR,2.366853867077058,3.4599999999999995,-1.0931461329229415,-1.9121901955535812,-0.16027996305832923,2.4125565253583745,4.783964434425635,6.513328511094399
paper,medium,2004-03-31,2005Q4,8,FFR,2.533400534001049,3.98,-1.446599465998951,-1.7747962550379983,-0.08814443847195115,2.6041745987580276,5.0662855191160405,6.910599219936927
paper,medium,2004-03-31,2004Q1,1,GDP,927.9721165376728,956.1865880299732,-28.21447149230039,926.6554761130828,927.1309188187824,927.970080012092,928.7902951025029,929.3077060289683
paper,medium,2004-03-31,2004Q2,2,GDP,929.0664249136286,956.9623102681346,-27.89588535450605,927.0456379026394,927.7689951881932,929.0497842582063,930.3291288761467,931.2051505269876
paper,medium,2004-03-31,2004Q3,3,GDP,930.1657472809661,957.8991553628297,-27.73340808186356,927.3707860126505,928.4909632809189,930.1375548085706,931.8746618582749,932.9578183467613
paper,medium,2004-03-31,2004Q4,4,GDP,931.1952352645933,958.9159953464796,-27.720760081886283,927.8251848589161,929.1253773000927,931.1982120061253,933.2718600538374,934.5458111525685
paper,medium,2004-03-31,2005Q1,5,GDP,932.215957956605,960.0207528735932,-27.804794916988158,928.2969208741152,929.8238044957666,932.1727061918507,934.5940837487306,936.1623765325571
paper,medium,2004-03-31,2005Q2,6,GDP,933.1470055853716,960.5061772591148,-27.359171673743163,928.7604799785922,930.4079565127169,933.1425744036555,935.8335275268475,937.6432762602383
paper,medium,2004-03-31,2005Q3,7,GDP,934.0415538730838,961.2887292981801,-27.247175425096316,929.2590153886403,931.0790223160061,934.0514859940777,936.9453252502157,938.9967982744029
paper,medium,2004-03-31,2005Q4,8,GDP,934.9311448558377,961.8550509042607,-26.923906048422964,929.6201074656266,931.6180302103974,934.903293873471,938.1160360717804,940.3573408410325
paper,medium,2004-03-31,2004Q1,1,HOURS,475.9523253563953,460.55900978127795,15.393315575117356,474.86718937647316,475.3101869808801,475.9518802495636,476.5978892405321,476.98451046931814
paper,medium,2004-03-31,2004Q2,2,HOURS,476.5648436415943,460.6459354652963,15.918908176297975,474.626645315231,475.38581237490746,476.55283888365625,477.77894300070136,478.4675399302998
paper,medium,2004-03-31,2004Q3,3,HOURS,477.1620770840085,461.2721602140926,15.889916869915908,474.39513685892257,475.429665904382,477.18423190888035,478.81319468450516,479.81865669457625
paper,medium,2004-03-31,2004Q4,4,HOURS,477.733679802113,461.7997562292878,15.933923572825165,474.17550647062933,475.57401683095924,477.76057395137826,479.85772501640525,481.18627590224804
paper,medium,2004-03-31,2005Q1,5,HOURS,478.2646940664131,462.0029241394789,16.261769926934164,474.08540780165725,475.6994327035524,478.2858129767176,480.82257158672843,482.465794171515
paper,medium,2004-03-31,2005Q2,6,HOURS,478.75594810954215,462.5854777180924,16.170470391449726,473.9740939288112,475.8017018325822,478.6889916774743,481.8205660559661,483.5983163188054
paper,medium,2004-03-31,2005Q3,7,HOURS,479.19559429005415,462.9023422010251,16.293252089029068,473.9316015883853,475.97845076118233,479.18815737387786,482.6432108636977,484.5353737070894
paper,medium,2004-03-31,2005Q4,8,HOURS,479.59263293533843,463.5020207956977,16.09061213964071,473.81329086840356,476.0235425292606,479.459371557297,483.2125014990725,485.6759543896357
paper,medium,2004-03-31,2004Q1,1,INV,746.7485627743501,778.2453302745937,-31.49676750024355,740.2204146490005,742.7653115363111,746.7832116320101,750.6335653660068,753.1855493800327
paper,medium,2004-03-31,2004Q2,2,INV,749.081907221645,782.1621073069788,-33.080200085333786,739.3772218655623,743.1384141672072,749.0295770144899,754.8667791766119,759.3839893794441
paper,medium,2004-03-31,2004Q3,3,INV,751.4755914161601,783.7015541710955,-32.22596275493538,739.4747688793075,743.6291919625776,751.2768830030559,759.1984139881527,764.410799850623
paper,medium,2004-03-31,2004Q4,4,INV,753.4449027095458,785.7665296031867,-32.32162689364088,738.7682312153319,744.3053317534955,753.4295019122992,762.456367556355,768.2151679507979
paper,medium,2004-03-31,2005Q1,5,INV,755.3320211487404,788.539056169692,-33.207035020951594,738.485388327837,745.2421153248881,755.3125309742513,765.7218439942636,772.5227300923902
paper,medium,2004-03-31,2005Q2,6,INV,756.8220958894073,787.1995059482441,-30.37741005883686,738.1711007133216,745.4467453574613,756.8167450880503,768.2414568086655,775.0571191251377
paper,medium,2004-03-31,2005Q3,7,INV,758.11318703286,788.5125305763838,-30.399343543523855,738.1342058504014,745.3635807533443,758.064608248115,770.7169689980384,778.0966366702779
paper,medium,2004-03-31,2005Q4,8,INV,759.3991714218922,791.7115864821873,-32.31241506029505,736.7516222889308,746.3364027733636,759.2181998855847,772.6064156310484,781.2127368482774
paper,medium,2004-03-31,2004Q1,1,WAGE,474.87163911760354,457.05166274882123,17.819976368782307,473.9611603283102,474.31665104545476,474.8678168446211,475.41502739445576,475.8072232257383
paper,medium,2004-03-31,2004Q2,2,WAGE,475.3669151452534,458.1881088010138,17.178806344239604,473.96802375286126,474.5301482743158,475.33917705448016,476.2316553381579,476.8187916011239
paper,medium,2004-03-31,2004Q3,3,WAGE,475.82934064613727,459.3380965413115,16.491244104825796,473.9889437262995,474.71981264559156,475.8359597194151,476.9449276109744,477.6380963136025
paper,medium,2004-03-31,2004Q4,4,WAGE,476.29968250502225,458.67923432042323,17.620448184599013,474.073746591072,474.9846597871355,476.29559577230737,477.6348598633052,478.60174161531245
paper,medium,2004-03-31,2005Q1,5,WAGE,476.7975548061943,458.8644384030756,17.933116403118674,474.2105137801649,475.2714072775753,476.8151203917863,478.2769101335223,479.5388395697297
paper,medium,2004-03-31,2005Q2,6,WAGE,477.245119777875,458.7637380695785,18.48138170829651,474.32584332558645,475.49920734108645,477.2248423973365,478.9724537573798,480.2541910115789
paper,medium,2004-03-31,2005Q3,7,WAGE,477.6794728293943,458.51919432724264,19.16027850215164,474.43991413567073,475.73513603350835,477.6616250421052,479.66315873820776,481.0879803033726
paper,medium,2004-03-31,2005Q4,8,WAGE,478.12433202007895,458.1983439012755,19.925988118803446,474.60471646000934,475.94782188881777,478.1000092153317,480.31339031684035,481.86814260403304
paper,medium,2004-06-30,2004Q2,1,CONS,894.0922083109413,917.752436881049,-23.660228570107734,893.1194879644153,893.5204520882861,894.0859956558729,894.7112221681409,895.0802869910418
paper,medium,2004-06-30,2004Q3,2,CONS,895.1106613515698,918.9202125137185,-23.80955116214875,893.5178293178666,894.1601848142261,895.0971258768726,896.0489504886598,896.6049430812387
paper,medium,2004-06-30,2004Q4,3,CONS,896.0595499014262,920.0449619348196,-23.98541203339346,894.0172029796006,894.8262001035903,896.0807713941165,897.2993020514755,898.1609390876299
paper,medium,2004-06-30,2005Q1,4,CONS,896.9875033239553,920.6783654348266,-23.690862110871308,894.491389864167,895.4241881650015,896.9575436207899,898.5687843170085,899.5368173905553
paper,medium,2004-06-30,2005Q2,5,CONS,897.883283442527,921.7804644849432,-23.89718104241615,894.8147449254764,896.0071086933403,897.8677650552902,899.7547171640163,900.9858585116629
paper,medium,2004-06-30,2005Q3,6,CONS,898.7588653524714,922.606735215334,-23.84786986286258,895.1649394730771,896.6071174320066,898.7643068005044,900.9535918440474,902.1829419263846
paper,medium,2004-06-30,2005Q4,7,CONS,899.6053770592907,922.7908936985102,-23.185516639219486,895.607761345484,897.2620538031551,899.5866265968548,902.0272812703353,903.4501645861045
paper,medium,2004-06-30,2006Q1,8,CONS,900.4577817980962,923.8754538789948,-23.41767208089857,896.1258142887674,897.9479030560192,900.518715489646,903.0895588815338,904.7049039529743
paper,medium,2004-06-30,2004Q2,1,DEFL,467.79759109789444,443.75677692001574,24.0408141778787,467.3274628769534,467.4979301201393,467.7959085093463,468.09251842421696,468.28307657046463
paper,medium,2004-06-30,2004Q3,2,DEFL,468.3831203138592,444.39680362140643,23.98631669245276,467.56256959752557,467.8897166487298,468.3813599436215,468.88268670212534,469.20021515061046
paper,medium,2004-06-30,2004Q4,3,DEFL,468.99064987645926,445.166929500233,23.823720376226277,467.75125323485435,468.25416547454415,468.99305173495316,469.7191628549977,470.2064318042935
paper,medium,2004-06-30,2005Q1,4,DEFL,469.65247287754886,445.960091366716,23.692381510832888,467.9480691897209,468.6546939105224,469.6643476289053,470.67195200596,471.3389650149189
paper,medium,2004-06-30,2005Q2,5,DEFL,470.3243709610976,446.6850203488912,23.639350612206385,468.0972372723593,469.00117361504914,470.31782904750327,471.63930889562073,472.5042955525768
paper,medium,2004-06-30,2005Q3,6,DEFL,471.0264845196261,447.5903970265225,23.43608749310357,468.22682767552544,469.3776376664533,471.0277898656195,472.6465871823404,473.7212410190353
paper,medium,2004-06-30,2005Q4,7,DEFL,471.74595935832065,448.39625430524006,23.349705053080584,468.3973278333179,469.74619917388105,471.7853457258507,473.7042919452711,475.0350239472532
paper,medium,2004-06-30,2006Q1,8,DEFL,472.5021062853343,449.0981931357204,23.403913149613913,468.5206896897476,470.1942226179337,472.5497146410478,474.81691674208685,476.41303762057777
paper,medium,2004-06-30,2004Q2,1,FFR,1.2127220162238577,1.01,0.20272201622385766,-0.20469551583933437,0.33161001906202847,1.1966518263645989,2.0729440994703383,2.660389482226676
paper,medium,2004-06-30,2004Q3,2,FFR,1.4444594660053776,1.4333333333333333,0.011126132672044209,-0.6884036317977759,0.11586311235301403,1.4580669976753948,2.7195780389347703,3.56914230524694
paper,medium,2004-06-30,2004Q4,3,FFR,1.6846869153256412,1.95,-0.26531308467435877,-1.001097130539068,0.06698117103953864,1.6715320600821792,3.352858422783438,4.256066063729664
paper,medium,2004-06-30,2005Q1,4,FFR,1.9105471392349267,2.47,-0.5594528607650735,-1.268202617155093,0.013806919648500914,1.957998675646654,3.7854572952710357,5.014675570432779
paper,medium,2004-06-30,2005Q2,5,FFR,2.173255413003657,2.9433333333333334,-0.7700779203296761,-1.5322320945456722,-0.020678902382778672,2.2968403210856643,4.211410832611522,5.581247833180702
paper,medium,2004-06-30,2005Q3,6,FFR,2.412987098257252,3.4599999999999995,-1.0470129017427476,-1.608788291452523,0.06562868139731463,2.482140275139992,4.6991346823060764,6.314848932623598
paper,medium,2004-06-30,2005Q4,7,FFR,2.65782350815829,3.98,-1.3221764918417098,-1.6581630056418704,0.13471558759972377,2.714509377719031,5.129583025152634,6.7640991895625975
paper,medium,2004-06-30,2006Q1,8,FFR,2.8577555752763115,4.456666666666667,-1.5989110913903555,-1.52403292860535,0.20616222789308655,2.9084964627579906,5.389158226164797,7.0787016815747705
paper,medium,2004-06-30,2004Q2,1,GDP,928.839416814307,956.9623102681346,-28.1228934538276,927.5172434074096,928.0442555416241,928.8367594171384,929.6267539568964,930.0886112027972
paper,medium,2004-06-30,2004Q3,2,GDP,929.9033212903968,957.8991553628297,-27.9958340724329,927.8203789899103,928.6568200830545,929.9067868660738,931.1600929458253,931.8411901871634
paper,medium,2004-06-30,2004Q4,3,GDP,930.8982689328494,958.9159953464796,-28.017726413630157,928.1282624170382,929.2243044402251,930.9212230091613,932.5958952510832,933.5882179440499
paper,medium,2004-06-30,2005Q1,4,GDP,931.850250009186,960.0207528735932,-28.17050286440724,928.4998352791924,929.8931500815254,931.8265595293171,933.8327625492464,935.0571766131852
paper,medium,2004-06-30,2005Q2,5,GDP,932.7988492685963,960.5061772591148,-27.70732799051848,928.8992964832282,930.5100472613142,932.7532698340208,935.1187366233808,936.6323192481835
paper,medium,2004-06-30,2005Q3,6,GDP,933.7186549262193,961.2887292981801,-27.5700743719608,929.4033175231665,931.1547692437236,933.6768482698901,936.3330142216013,938.0208284912289
paper,medium,2004-06-30,2005Q4,7,GDP,934.5910360573006,961.8550509042607,-27.264014846960094,929.7608463094926,931.7953611980671,934.5834897064499,937.4112001396747,939.2852453524727
paper,medium,2004-06-30,2006Q1,8,GDP,935.4595341508649,963.1947034740143,-27.73516932314942,930.1973620603914,932.3627659610416,935.4228813597051,938.5026762180867,940.5708765854818
paper,medium,2004-06-30,2004Q2,1,HOURS,476.3826080538477,460.6459354652963,15.736672588551414,475.3227772014662,475.7527439379242,476.3864110507658,477.0306670526692,477.40861700106336
paper,medium,2004-06-30,2004Q3,2,HOURS,476.9163338566099,461.2721602140926,15.64417364251733,475.07001120984563,475.7937628781932,476.9274975820766,478.0396314079228,478.7494940257663
paper,medium,2004-06-30,2004Q4,3,HOURS,477.4442743895932,461.7997562292878,15.644518160305381,474.767650750912,475.8245310357447,477.449302932136,479.10749963679604,480.00451939664146
paper,medium,2004-06-30,2005Q1,4,HOURS,477.9451368089361,462.0029241394789,15.942212669457206,474.6293849215474,475.9055226722905,477.9790702467248,480.03407064727645,481.11304848110416
paper,medium,2004-06-30,2005Q2,5,HOURS,478.4196241463457,462.5854777180924,15.834146428253291,474.4066603088504,475.99442669470903,478.4015031268388,480.88384381976465,482.3198851967853
paper,medium,2004-06-30,2005Q3,6,HOURS,478.8732650982838,462.9023422010251,15.970922897258731,474.2257849790223,476.12893797228503,478.91783717995463,481.6980386228214,483.3870233283345
paper,medium,2004-06-30,2005Q4,7,HOURS,479.27606637226404,463.5020207956977,15.774045576566323,474.02964492901356,476.28673690390605,479.2819161380598,482.38771001022894,484.2349437462813
paper,medium,2004-06-30,2006Q1,8,HOURS,479.66773262717794,464.4804275228165,15.187305104361428,473.96859101566514,476.28668961297615,479.66259606012886,483.05762458850074,485.2223935511867
paper,medium,2004-06-30,2004Q2,1,INV,748.5213169705856,782.1621073069788,-33.64079033639314,741.9117915304049,744.6550503095108,748.5794226444393,752.4593626473908,755.1318729343986
paper,medium,2004-06-30,2004Q3,2,INV,750.6326555439415,783.7015541710955,-33.068898627154,740.5179956671176,744.8690288881401,750.6677129063947,756.4448417230723,760.5713593983841
paper,medium,2004-06-30,2004Q4,3,INV,752.3181202276324,785.7665296031867,-33.448409375554206,739.4326625217066,744.7579307542433,752.4727482455467,759.9032945403496,764.421599596419
paper,medium,2004-06-30,2005Q1,4,INV,754.0083759942968,788.539056169692,-34.53068017539522,739.25407441112,745.0290359418913,754.2565540649898,762.8990649392055,768.2212968415845
paper,medium,2004-06-30,2005Q2,5,INV,755.629028272679,787.1995059482441,-31.570477675565144,738.956574992545,745.7712663857722,755.4342835871807,765.8313133117172,771.7987926553317
paper,medium,2004-06-30,2005Q3,6,INV,757.0229175030023,788.5125305763838,-31.48961307338152,739.1999992736943,746.1027576000336,756.9550241864497,767.9997317364797,775.1212026264662
paper,medium,2004-06-30,2005Q4,7,INV,758.4109053060806,791.7115864821873,-33.30068117610665,738.6547291107001,746.5481594063758,758.4875458435334,769.8789521763645,777.9710486160941
paper,medium,2004-06-30,2006Q1,8,INV,759.595699543779,793.1853410450444,-33.58964150126542,739.1433575977015,747.188765837847,759.7079690483512,772.2052347798842,780.1011848457048
paper,medium,2004-06-30,2004Q2,1,WAGE,476.01905415846943,458.1881088010138,17.83094535745562,475.09074907763784,475.43690496678204,476.01573704879075,476.5999916855725,476.9660294446139
paper,medium,2004-06-30,2004Q3,2,WAGE,476.5455176953564,459.3380965413115,17.207421154044937,475.1066869323675,475.67967013861335,476.5495500976716,477.38447198501837,478.0204331700509
paper,medium,2004-06-30,2004Q4,3,WAGE,476.9937431138117,458.67923432042323,18.314508793388484,475.16725018669337,475.89829526033475,476.99967574542677,478.1381641084128,478.814601258164
paper,medium,2004-06-30,2005Q1,4,WAGE,477.4646981543853,458.8644384030756,18.600259751309693,475.32608026722767,476.093044773027,477.46105591819344,478.8307069829495,479.69953073947494
paper,medium,2004-06-30,2005Q2,5,WAGE,477.9354827700749,458.7637380695785,19.17174470049639,475.3616026201257,476.33865207356996,477.9321705105708,479.5311998605333,480.5005089314111
paper,medium,2004-06-30,2005Q3,6,WAGE,478.3826993642221,458.51919432724264,19.86350503697946,475.5071127881937,476.58012480835185,478.34741675861676,480.16166615994865,481.360121083919
paper,medium,2004-06-30,2005Q4,7,WAGE,478.8242591127201,458.1983439012755,20.62591521144458,475.57052719840834,476.8363048312645,478.8097398461208,480.8171211788694,482.24299780214636
paper,medium,2004-06-30,2006Q1,8,WAGE,479.28683120493423,459.65430792875725,19.632523276176983,475.7122404444593,477.10708644052,479.30690039947365,481.4589054781026,483.04285792849066
paper,medium,2004-09-30,2004Q3,1,CONS,894.2465681632259,918.9202125137185,-24.673644350492623,893.155673807274,893.6314552686383,894.251086361854,894.8472156756202,895.288544099353
paper,medium,2004-09-30,2004Q4,2,CONS,895.15496937595,920.0449619348196,-24.889992558869608,893.5681240415305,894.2141179012074,895.1650106455486,896.0828047543733,896.726811269225
paper,medium,2004-09-30,2005Q1,3,CONS,895.9943841430186,920.6783654348266,-24.68398129180798,893.9030520857042,894.7062357567684,896.0071444970517,897.3166667044778,898.0810467939085
paper,medium,2004-09-30,2005Q2,4,CONS,896.8701335816276,921.7804644849432,-24.91033090331564,894.144612804708,895.2626692969126,896.908355340776,898.5169249083593,899.500291518129
paper,medium,2004-09-30,2005Q3,5,CONS,897.7196650281339,922.606735215334,-24.887070187200038,894.5302579041991,895.822943214952,897.7398788400988,899.6618461242109,900.9119988962098
paper,medium,2004-09-30,2005Q4,6,CONS,898.5541832779238,922.7908936985102,-24.236710420586405,894.8290285881282,896.3456486188454,898.5643735386459,900.7735126774894,902.2185337017412
paper,medium,2004-09-30,2006Q1,7,CONS,899.4001012812395,923.8754538789948,-24.475352597755318,895.3031455663827,896.9948652084158,899.4272333814058,901.7733554177129,903.2786068894408
paper,medium,2004-09-30,2006Q2,8,CONS,900.2263749338161,924.3925620299899,-24.166187096173758,895.7220243272818,897.5008153492096,900.3163803994144,902.7974225215147,904.4937567377895
paper,medium,2004-09-30,2004Q3,1,DEFL,468.90554352878485,444.39680362140643,24.508739907378413,468.4189707954092,468.6177031083486,468.9037875505643,469.1928013628708,469.381523274926
paper,medium,2004-09-30,2004Q4,2,DEFL,469.56630131320367,445.166929500233,24.399371812970685,468.73724238230795,469.05563410007926,469.5673725845369,470.077186975923,470.375754062501
paper,medium,2004-09-30,2005Q1,3,DEFL,470.27996485057974,445.960091366716,24.319873483863773,469.0403978484024,469.5135006153507,470.2868385792842,471.02245693956553,471.5201990836548
paper,medium,2004-09-30,2005Q2,4,DEFL,470.9966592256562,446.6850203488912,24.31163887676496,469.3350211848974,469.9742547124177,470.9967280922589,472.00002196755634,472.6523311043095
paper,medium,2004-09-30,2005Q3,5,DEFL,471.7298377803895,447.5903970265225,24.139440753867007,469.5426868143781,470.37353980440616,471.7107412152724,473.03392317861835,473.93928913331257
paper,medium,2004-09-30,2005Q4,6,DEFL,472.48750201281075,448.39625430524006,24.091247707570687,469.72271209160175,470.8260068567299,472.47939434947966,474.1010736118357,475.3173792030741
paper,medium,2004-09-30,2006Q1,7,DEFL,473.264374481919,449.0981931357204,24.166181346198584,469.8335521032788,471.23437600563915,473.26660367700543,475.2491091793556,476.6381016785625
paper,medium,2004-09-30,2006Q2,8,DEFL,474.0638590437617,449.9809670330265,24.08289201073518,469.98306774430586,471.60851679561017,474.07551681876646,476.47685333312756,478.0662114417673
paper,medium,2004-09-30,2004Q3,1,FFR,1.1893800663212117,1.4333333333333333,-0.2439532670121216,-0.21478602236139793,0.31629652363184424,1.1760304024290236,2.073375440848849,2.614420454912261
paper,medium,2004-09-30,2004Q4,2,FFR,1.4900570376772997,1.95,-0.45994296232270027,-0.6679470643839601,0.18897833639009062,1.4826885808991124,2.77489528304018,3.69293014845611
paper,medium,2004-09-30,2005Q1,3,FFR,1.6785299636438853,2.47,-0.7914700363561149,-0.9934666940390178,0.08937970029371278,1.6735577672406834,3.2972597797603966,4.368115184968842
paper,medium,2004-09-30,2005Q2,4,FFR,1.9088887236821694,2.9433333333333334,-1.034444609651164,-1.1875450899350233,0.023259513064580385,1.9192270325552743,3.743376751045485,5.07375614816527
paper,medium,2004-09-30,2005Q3,5,FFR,2.1946756829462557,3.4599999999999995,-1.2653243170537438,-1.2758961712080936,0.02049488901489754,2.2648104279449583,4.287040773726733,5.6476912494522065
paper,medium,2004-09-30,2005Q4,6,FFR,2.452614490169215,3.98,-1.527385509830785,-1.5100110911846794,0.12161904935186892,2.4857376831925198,4.791434937145969,6.288946255068719
paper,medium,2004-09-30,2006Q1,7,FFR,2.6880983930806894,4.456666666666667,-1.7685682735859776,-1.439281429072636,0.20127399516914846,2.660382496048787,5.193031869823123,6.894845369877115
paper,medium,2004-09-30,2006Q2,8,FFR,2.9039966378957476,4.906666666666667,-2.0026700287709196,-1.4258388498696675,0.3122047675763676,2.888575870168367,5.64747178297704,7.3353074615636755
paper,medium,2004-09-30,2004Q3,1,GDP,929.4536758971859,957.8991553628297,-28.445479465643757,928.0844196461356,928.6195803314821,929.4731563742118,930.2752910102026,930.8511288658617
paper,medium,2004-09-30,2004Q4,2,GDP,930.3726905089386,958.9159953464796,-28.543304837540973,928.2100575040475,929.0708987565805,930.3967617894593,931.6567828952626,932.5840259153415
paper,medium,2004-09-30,2005Q1,3,GDP,931.3031785537918,960.0207528735932,-28.71757431980143,928.3870238176065,929.5939334847483,931.2901826425899,933.027643811383,934.1155432990445
paper,medium,2004-09-30,2005Q2,4,GDP,932.2254738744566,960.5061772591148,-28.28070338465818,928.7369737891669,930.0849847219356,932.1976941595283,934.4183560946062,935.6467328064821
paper,medium,2004-09-30,2005Q3,5,GDP,933.1367500623567,961.2887292981801,-28.151979235823433,929.097318374557,930.7450820311776,933.1580648459176,935.5497215823411,937.111398291392
paper,medium,2004-09-30,2005Q4,6,GDP,934.0291713054376,961.8550509042607,-27.82587959882312,929.4597874754736,931.2225842843177,934.0635206366039,936.7475182996427,938.3805222702256
paper,medium,2004-09-30,2006Q1,7,GDP,934.8867726476745,963.1947034740143,-28.30793082633977,929.8419118766644,931.8802875665552,934.9114899556998,937.9119851186267,939.7652676347847
paper,medium,2004-09-30,2006Q2,8,GDP,935.7477374563374,963.4399861405379,-27.692248684200536,930.2406264028418,932.4362644418961,935.8309584013618,939.0084854407617,941.05649856852
paper,medium,2004-09-30,2004Q3,1,HOURS,476.4637773346079,461.2721602140926,15.191617120515332,475.3449268254362,475.7817792068353,476.4495592504268,477.17955768278415,477.5894014818691
paper,medium,2004-09-30,2004Q4,2,HOURS,476.8860046227459,461.7997562292878,15.08624839345805,474.8990556932953,475.6972799895899,476.89956884160404,478.06151789811383,478.9100577791937
paper,medium,2004-09-30,2005Q1,3,HOURS,477.3254849960561,462.0029241394789,15.322560856577184,474.55779745457494,475.6211034939826,477.3782807934266,478.99617084028154,480.02063886299516
paper,medium,2004-09-30,2005Q2,4,HOURS,477.7493703609931,462.5854777180924,15.163892642900691,474.12282817124964,475.59642361006127,477.81803756907357,479.87050191995,481.3126150463461
paper,medium,2004-09-30,2005Q3,5,HOURS,478.1786313044941,462.9023422010251,15.276289103469026,473.9400806677404,475.6423171446891,478.19056719626883,480.6252851580347,482.4121751718039
paper,medium,2004-09-30,2005Q4,6,HOURS,478.60097279620663,463.5020207956977,15.098952000508916,473.67132036576146,475.76426047045777,478.548768899174,481.4738202092294,483.5569021800294
paper,medium,2004-09-30,2006Q1,7,HOURS,479.0059159717987,464.4804275228165,14.525488448982173,473.7136560337693,475.7176761198335,478.95084638932235,482.266468803075,484.53526785611785
paper,medium,2004-09-30,2006Q2,8,HOURS,479.3753385538205,464.7913533526924,14.583985201128087,473.5274535304481,475.85361488862384,479.272304145897,483.0586379713853,485.2806801000316
paper,medium,2004-09-30,2004Q3,1,INV,752.5225811457384,783.7015541710955,-31.178973025357095,745.7001707477531,748.625569156563,752.5485957239675,756.6841810778029,759.2286012259555
paper,medium,2004-09-30,2004Q4,2,INV,754.2569782271217,785.7665296031867,-31.509551376064906,744.0362726176988,748.1997329678796,754.3579235636303,760.3958509568727,764.0099050131232
paper,medium,2004-09-30,2005Q1,3,INV,756.3062412805823,788.539056169692,-32.232814889109704,743.4119442650789,748.2909191580668,756.3917419097481,763.9105174234198,769.3572692820809
paper,medium,2004-09-30,2005Q2,4,INV,757.9136840876973,787.1995059482441,-29.285821860546775,742.4671652397602,748.5951773006532,757.855126535115,767.0368265454555,773.604869578012
paper,medium,2004-09-30,2005Q3,5,INV,759.5585386566788,788.5125305763838,-28.953991919705004,741.9927339040617,748.9638136936536,759.5864982673627,769.9128552900636,777.2375361755343
paper,medium,2004-09-30,2005Q4,6,INV,761.1136214471348,791.7115864821873,-30.597965035052425,740.987706133467,749.5207021452565,761.1321706171375,772.9536203542124,780.4272091172772
paper,medium,2004-09-30,2006Q1,7,INV,762.3807444978826,793.1853410450444,-30.80459654716185,740.4399521535402,749.7197862840796,762.433440339302,775.1462524033736,783.8420758457571
paper,medium,2004-09-30,2006Q2,8,INV,763.7100599085968,792.5384529115302,-28.828393002933353,740.9464129414079,749.9168973567384,763.8059904123417,777.4587365023268,787.2727007674348
paper,medium,2004-09-30,2004Q3,1,WAGE,477.1975641288231,459.3380965413115,17.85946758751163,476.2193978807839,476.61057411887515,477.2021383585636,477.7861754006701,478.1852573241034
paper,medium,2004-09-30,2004Q4,2,WAGE,477.6546774112918,458.67923432042323,18.975443090868566,476.21601668276355,476.7579683771421,477.6566575764566,478.51659866566246,479.14456435086913
paper,medium,2004-09-30,2005Q1,3,WAGE,478.0699573443475,458.8644384030756,19.205518941271862,476.1665703932349,476.93261698577294,478.05076853880615,479.1775375266866,479.99706210503405
paper,medium,2004-09-30,2005Q2,4,WAGE,478.5362340497254,458.7637380695785,19.772495980146914,476.3253691139337,477.2076579033269,478.521455439481,479.8730370823097,480.81377879026905
paper,medium,2004-09-30,2005Q3,5,WAGE,478.98329281498644,458.51919432724264,20.464098487743797,476.45219691534146,477.42949011848935,478.9397358209494,480.57650143434097,481.6333044742196
paper,medium,2004-09-30,2005Q4,6,WAGE,479.402792543742,458.1983439012755,21.204448642466502,476.48230170435465,477.6535614363182,479.39330852691546,481.2208274601452,482.443729006143
paper,medium,2004-09-30,2006Q1,7,WAGE,479.8319253438934,459.65430792875725,20.177617415136126,476.6513521645711,477.9305575996654,479.80454704184905,481.82727951839183,483.0627046724395
paper,medium,2004-09-30,2006Q2,8,WAGE,480.2639678388423,458.81867809476785,21.445289744074444,476.785240766428,478.1626782972202,480.2141169177205,482.4832070438884,483.85207334365583
paper,medium,2004-12-31,2004Q4,1,CONS,895.3497473510973,920.0449619348196,-24.695214583722304,894.3538231773671,894.7480331778506,895.3515409145581,895.9674874718539,896.3686756546612
paper,medium,2004-12-31,2005Q1,2,CONS,896.2311847155177,920.6783654348266,-24.447180719308903,894.7339888177884,895.3054692899224,896.2219634999963,897.1356730896619,897.7116594404066
paper,medium,2004-12-31,2005Q2,3,CONS,897.0906012948914,921.7804644849432,-24.689863190051824,894.9893660766107,895.8749619283806,897.1457131766276,898.2834181083749,899.1061874057629
paper,medium,2004-12-31,2005Q3,4,CONS,897.9823236687793,922.606735215334,-24.62441154655471,895.3419692721448,896.3848054771303,897.9728817924487,899.5682300930498,900.5548313810364
paper,medium,2004-12-31,2005Q4,5,CONS,898.8584221216303,922.7908936985102,-23.932471576879948,895.6787911236006,896.9902049173595,898.856670362843,900.7701919340132,902.0347751574305
paper,medium,2004-12-31,2006Q1,6,CONS,899.6832649448693,923.8754538789948,-24.19218893412551,896.0387267343611,897.5613671774231,899.6757033788826,901.858687453443,903.3396296999495
paper,medium,2004-12-31,2006Q2,7,CONS,900.5384350299291,924.3925620299899,-23.85412700006077,896.4690064576791,898.0937688904693,900.546519724274,902.9801850352345,904.6582210667827
paper,medium,2004-12-31,2006Q3,8,CONS,901.359825064263,925.0326753469096,-23.672850282646664,896.9309435152411,898.7225074198298,901.3607278128695,904.0093892854974,905.933334030099
paper,medium,2004-12-31,2004Q4,1,DEFL,469.24349249878276,445.166929500233,24.076562998549775,468.7776236017979,468.967043216883,469.2376871635595,469.52241156408536,469.7214047065769
paper,medium,2004-12-31,2005Q1,2,DEFL,469.84767042100776,445.960091366716,23.88757905429179,469.0269646705662,469.3373928535738,469.85101517012595,470.3349929218249,470.6482244423866
paper,medium,2004-12-31,2005Q2,3,DEFL,470.452290906548,446.6850203488912,23.767270557656786,469.25257801073803,469.70585707579204,470.4643830977225,471.1727549811862,471.6479902764158
paper,medium,2004-12-31,2005Q3,4,DEFL,471.0816901488871,447.5903970265225,23.491293122364596,469.4019613607467,470.0885504453426,471.0937912205561,472.08625666788936,472.7552763340996
paper,medium,2004-12-31,2005Q4,5,DEFL,471.7382765482726,448.39625430524006,23.342022243032545,469.49328988907234,470.4493091398642,471.72987623068514,473.0623668966283,473.94848232853207
paper,medium,2004-12-31,2006Q1,6,DEFL,472.417476942947,449.0981931357204,23.31928380722661,469.6428800989386,470.77879993000585,472.4138150495658,474.04712347255713,475.166080572047
paper,medium,2004-12-31,2006Q2,7,DEFL,473.114606029249,449.9809670330265,23.133638996222487,469.7272895514454,471.17159469478804,473.14524910251714,475.1004118854033,476.44273432633895
paper,medium,2004-12-31,2006Q3,8,DEFL,473.8206831881781,450.6763216075208,23.144361580657346,469.80421642141437,471.47785119015487,473.8491349155063,476.1289535521554,477.74747119738777
paper,medium,2004-12-31,2004Q4,1,FFR,1.6661657413821205,1.95,-0.2838342586178795,0.28937833655494327,0.8360393756014103,1.674108471979991,2.487800213656871,3.0470893002199997
paper,medium,2004-12-31,2005Q1,2,FFR,1.7607266428676553,2.47,-0.7092733571323449,-0.37564424026842835,0.5143974837659913,1.7658814954192152,3.019689751574677,3.7950601846657213
paper,medium,2004-12-31,2005Q2,3,FFR,1.9335422037100436,2.9433333333333334,-1.0097911296232898,-0.6355924747503562,0.39890096017205723,1.940715451147783,3.505931141262263,4.526255428294944
paper,medium,2004-12-31,2005Q3,4,FFR,2.2090956240985467,3.4599999999999995,-1.2509043759014529,-0.8025110091473402,0.37488822883638856,2.217037121220778,4.063850844227869,5.12532661586182
paper,medium,2004-12-31,2005Q4,5,FFR,2.392089794473779,3.98,-1.5879102055262209,-1.0407211860663137,0.31279514605819386,2.3568608853513826,4.430958093037138,5.8539109506004445
paper,medium,2004-12-31,2006Q1,6,FFR,2.5931614164911374,4.456666666666667,-1.8635052501755296,-1.1362317310557632,0.3298440349939574,2.53322295086178,4.921671247416129,6.305557445736735
paper,medium,2004-12-31,2006Q2,7,FFR,2.7785199348462926,4.906666666666667,-2.1281467318203746,-1.3113380398883665,0.31812361467467626,2.827222333595574,5.270836115019688,6.728122722213426
paper,medium,2004-12-31,2006Q3,8,FFR,2.894812325785659,5.246666666666667,-2.351854340881008,-1.3379429733431047,0.2775566598355341,2.8894560930466318,5.444054896451415,7.140790146505764
paper,medium,2004-12-31,2004Q4,1,GDP,930.5322079738838,958.9159953464796,-28.383787372595748,929.2363601201337,929.729608035565,930.5355797192135,931.3373373117428,931.8640886714377
paper,medium,2004-12-31,2005Q1,2,GDP,931.4694275949331,960.0207528735932,-28.5513252786601,929.4468718099174,930.1860316531798,931.4696193705299,932.7265154729441,933.5619179509978
paper,medium,2004-12-31,2005Q2,3,GDP,932.3355817934151,960.5061772591148,-28.17059546569965,929.550370014696,930.7070052383042,932.3486934687571,934.0324368800315,935.1067974196042
paper,medium,2004-12-31,2005Q3,4,GDP,933.2573390396825,961.2887292981801,-28.031390258497595,929.8710503008837,931.2232198502059,933.3446092654915,935.2796594035743,936.6222365019614
paper,medium,2004-12-31,2005Q4,5,GDP,934.1518216883271,961.8550509042607,-27.70322921593356,929.9427754766377,931.7348950108632,934.223045512407,936.4525658834501,938.0737336713248
paper,medium,2004-12-31,2006Q1,6,GDP,934.9994157265852,963.1947034740143,-28.19528774742912,930.4620934227501,932.3231422326792,935.0780941231524,937.6836968201369,939.5219698508974
paper,medium,2004-12-31,2006Q2,7,GDP,935.888662193861,963.4399861405379,-27.551323946676916,930.8604741813846,932.8830057612992,935.9273834790713,938.8791407947524,940.8798541703812
paper,medium,2004-12-31,2006Q3,8,GDP,936.7162273429435,963.5903292567261,-26.874101913782624,931.1663870067893,933.4738777052617,936.7556550974541,939.9954742830707,942.1744316428425
paper,medium,2004-12-31,2004Q4,1,HOURS,477.0358041596794,461.7997562292878,15.236047930391578,475.9459900774369,476.36826998293475,477.03754861180096,477.70136178578264,478.13593246666886
paper,medium,2004-12-31,2005Q1,2,HOURS,477.4978022727902,462.0029241394789,15.49487813331126,475.614222437467,476.33899062722105,477.51375265527827,478.6275975811836,479.4168250340573
paper,medium,2004-12-31,2005Q2,3,HOURS,477.90777350078287,462.5854777180924,15.322295782690446,475.1834136424505,476.28787174642446,477.88882227084287,479.53858543854506,480.58278560460354
paper,medium,2004-12-31,2005Q3,4,HOURS,478.3095041926416,462.9023422010251,15.407161991616533,474.8603621804599,476.2502693260304,478.34110368486586,480.3577217566972,481.7926412777078
paper,medium,2004-12-31,2005Q4,5,HOURS,478.7061373670239,463.5020207956977,15.20411657132621,474.6339634041655,476.19694874880906,478.7630942894599,481.15915764825996,482.9766517821367
paper,medium,2004-12-31,2006Q1,6,HOURS,479.07101688101756,464.4804275228165,14.590589358201044,474.2593303406063,476.1510043530942,479.10092161929384,481.93697916684624,483.78435827985385
paper,medium,2004-12-31,2006Q2,7,HOURS,479.43467831840826,464.7913533526924,14.643324965715863,473.90527708481847,476.2042563518494,479.4109481297516,482.7676266670657,484.6743650918607
paper,medium,2004-12-31,2006Q3,8,HOURS,479.78170626192826,465.20728556743103,14.574420694497235,473.7995731016604,476.24302112653174,479.8365001133501,483.4301350659987,485.7597050188362
paper,medium,2004-12-31,2004Q4,1,INV,754.7741868477588,785.7665296031867,-30.9923427554279,747.9832103288765,750.7933211268914,754.7014979620644,758.7862805668022,761.4387104894197
paper,medium,2004-12-31,2005Q1,2,INV,756.6827368588526,788.539056169692,-31.856319310839353,746.8115237065173,750.475234635752,756.7435488806037,762.5619495017594,766.6915352490373
paper,medium,2004-12-31,2005Q2,3,INV,757.991176523564,787.1995059482441,-29.208329424680073,745.2404264692364,750.398982935722,757.8801144040607,765.7010393445722,770.781934929697
paper,medium,2004-12-31,2005Q3,4,INV,759.4395835359715,788.5125305763838,-29.072947040412373,743.9416993982618,750.4368136764105,759.4992594779064,768.3819646773221,774.8084988179987
paper,medium,2004-12-31,2005Q4,5,INV,760.8313596204756,791.7115864821873,-30.880226861711662,743.1189294162427,750.6129833835217,760.7354945656944,771.331616847284,777.8644602331557
paper,medium,2004-12-31,2006Q1,6,INV,762.1211306774359,793.1853410450444,-31.064210367608553,742.5962333113963,750.2461832354556,762.1978689952946,773.6044619442567,781.6175755936341
paper,medium,2004-12-31,2006Q2,7,INV,763.4950478027864,792.5384529115302,-29.04340510874374,742.3851745287857,750.3858104897034,763.6186533557975,776.0273343389213,784.3888313808767
paper,medium,2004-12-31,2006Q3,8,INV,764.6442319775554,792.1518941137941,-27.507662136238764,742.350779260758,750.4066926042317,764.759388700907,777.9580326027581,787.6020751653947
paper,medium,2004-12-31,2004Q4,1,WAGE,477.94230038466236,458.67923432042323,19.263066064239126,476.9760753888769,477.3776241630432,477.9447295798593,478.5227071649191,478.89275770437024
paper,medium,2004-12-31,2005Q1,2,WAGE,478.3791864289286,458.8644384030756,19.51474802585301,476.914884235647,477.5011723405926,478.3893764535841,479.22768886732604,479.87759377245976
paper,medium,2004-12-31,2005Q2,3,WAGE,478.87322586549277,458.7637380695785,20.109487795914276,476.966315888789,477.7597650019849,478.87071210933595,480.0019450628222,480.82249673888373
paper,medium,2004-12-31,2005Q3,4,WAGE,479.34969319272346,458.51919432724264,20.83049886548082,476.98838911320365,477.98690347499706,479.3679928146155,480.74619833520234,481.5853998149713
paper,medium,2004-12-31,2005Q4,5,WAGE,479.7986958989295,458.1983439012755,21.600351997654002,477.197412173943,478.2036343063189,479.8052796415951,481.356086726378,482.4639430294576
paper,medium,2004-12-31,2006Q1,6,WAGE,480.22884022385773,459.65430792875725,20.574532295100482,477.2330247970488,478.4712921772328,480.22593758882323,481.97624324009627,483.18113886528187
paper,medium,2004-12-31,2006Q2,7,WAGE,480.69251779649915,458.81867809476785,21.8738397017313,477.38022788762436,478.73680030112604,480.7028629197682,482.63120905882334,483.9369376946516
paper,medium,2004-12-31,2006Q3,8,WAGE,481.11987147033363,458.137941661485,22.981929808848633,477.489711263809,478.9771347463818,481.1138386361119,483.2994946019152,484.77519759036466
paper,medium,2005-03-31,2005Q1,1,CONS,896.318680246871,920.6783654348266,-24.359685187955506,895.3328618548974,895.7366623735955,896.3151560179571,896.903384948483,897.2867000986465
paper,medium,2005-03-31,2005Q2,2,CONS,897.2078365422212,921.7804644849432,-24.572627942721965,895.6900865314955,896.2870762987579,897.2210994359014,898.1213088137838,898.7236013503885
paper,medium,2005-03-31,2005Q3,3,CONS,898.0810559552441,922.606735215334,-24.525679260089873,896.0785435694893,896.9580055063161,898.0900909521978,899.2318201774686,900.1377049333466
paper,medium,2005-03-31,2005Q4,4,CONS,898.968573295314,922.7908936985102,-23.822320403196272,896.4632807926803,897.5352173305182,898.9307216231639,900.4576748517986,901.4884320353244
paper,medium,2005-03-31,2006Q1,5,CONS,899.8443570382864,923.8754538789948,-24.031096840708415,896.8295724679202,898.0305744011165,899.8563482497357,901.6574520361394,902.9071888422301
paper,medium,2005-03-31,2006Q2,6,CONS,900.737547465496,924.3925620299899,-23.655014564493854,897.2916112078203,898.676828166035,900.7971858922904,902.782861463667,904.2390407224228
paper,medium,2005-03-31,2006Q3,7,CONS,901.5879396713583,925.0326753469096,-23.44473567555133,897.6425652497193,899.2049392797601,901.6501110773831,903.9042465789943,905.415642159465
paper,medium,2005-03-31,2006Q4,8,CONS,902.4465954763965,925.9820583722299,-23.535462895833348,898.1433214392001,899.8738743281656,902.5158961506257,904.9969187043408,906.6354869089754
paper,medium,2005-03-31,2005Q1,1,DEFL,469.83565166594786,445.960091366716,23.875560299231893,469.37073924046655,469.5549047576096,469.83735486347734,470.11433024301294,470.2946383018141
paper,medium,2005-03-31,2005Q2,2,DEFL,470.4263029466359,446.6850203488912,23.741282597744657,469.5905702391912,469.94890186957076,470.43648902332615,470.92708632172474,471.2399284889331
paper,medium,2005-03-31,2005Q3,3,DEFL,471.03361452156344,447.5903970265225,23.443217495040926,469.7646909024718,470.30590704935605,471.03366358310603,471.75464522333874,472.2412961722018
paper,medium,2005-03-31,2005Q4,4,DEFL,471.6794607462394,448.39625430524006,23.283206440999322,469.94930371812615,470.6616566863352,471.70449747034286,472.6635207762699,473.3676227999505
paper,medium,2005-03-31,2006Q1,5,DEFL,472.3385633153578,449.0981931357204,23.24037017963741,470.07396076279434,471.00449197224117,472.36689704940034,473.6229064188147,474.53078822133523
paper,medium,2005-03-31,2006Q2,6,DEFL,473.00657118560105,449.9809670330265,23.025604152574545,470.19897959438964,471.3539104540612,473.0363903804787,474.60706813191837,475.7075729890505
paper,medium,2005-03-31,2006Q3,7,DEFL,473.6933475116994,450.6763216075208,23.017025904178638,470.2225093873685,471.74051698788355,473.70950711862093,475.6753825196476,476.98108042916317
paper,medium,2005-03-31,2006Q4,8,DEFL,474.3892572674098,451.0496803385384,23.339576928871395,470.36652359920015,472.0735292774765,474.4048565151289,476.75076260144084,478.2687035004748
paper,medium,2005-03-31,2005Q1,1,FFR,1.9754052340895343,2.47,-0.4945947659104659,0.5431991411972906,1.113971566159354,1.9626390195838455,2.8377896946874426,3.4246208203465183
paper,medium,2005-03-31,2005Q2,2,FFR,2.0824268906594066,2.9433333333333334,-0.8609064426739268,-0.012121912189804818,0.7921975448869373,2.0875012723152895,3.3354006384757984,4.1858675941504675
paper,medium,2005-03-31,2005Q3,3,FFR,2.28798034728455,3.4599999999999995,-1.1720196527154494,-0.3045705383655122,0.7222202277719739,2.3229187273023273,3.7930317468482793,4.9020117343855345
paper,medium,2005-03-31,2005Q4,4,FFR,2.4639214213906944,3.98,-1.5160785786093056,-0.6306807985508829,0.6409501355951701,2.5043068647924764,4.263470566999576,5.5456755567582565
paper,medium,2005-03-31,2006Q1,5,FFR,2.6345458329283837,4.456666666666667,-1.8221208337382833,-0.8047529454070437,0.6077012561668997,2.647979769513966,4.740779035915898,6.013967192805377
paper,medium,2005-03-31,2006Q2,6,FFR,2.841727661340401,4.906666666666667,-2.0649390053262664,-0.9210755887389354,0.6304431998191615,2.8356860018671,5.124029381017335,6.519184971946493
paper,medium,2005-03-31,2006Q3,7,FFR,3.0022606559871394,5.246666666666667,-2.2444060106795276,-1.0888305411838908,0.6214738648509391,3.000414194996976,5.492818624302376,6.9484041119640745
paper,medium,2005-03-31,2006Q4,8,FFR,3.1373564861054444,5.246666666666667,-2.1093101805612227,-1.1484209452396925,0.5889517760675568,3.110913015633212,5.774986096366374,7.491248602413712
paper,medium,2005-03-31,2005Q1,1,GDP,931.3811967028436,960.0207528735932,-28.639556170749643,930.0990573132647,930.6131507053985,931.3866869059734,932.1485822433899,932.5924503779357
paper,medium,2005-03-31,2005Q2,2,GDP,932.2578707524573,960.5061772591148,-28.248306506657514,930.2610665358485,931.0732274132071,932.2447555600369,933.4910307776253,934.2921118983187
paper,medium,2005-03-31,2005Q3,3,GDP,933.1754148046539,961.2887292981801,-28.113314493526218,930.455726265132,931.5814977184865,933.1628941704383,934.8517395017743,935.8595005031535
paper,medium,2005-03-31,2005Q4,4,GDP,934.0885140369827,961.8550509042607,-27.766536867277978,930.713375681263,932.1364809480306,934.0710502105264,936.1496306952324,937.4127022268763
paper,medium,2005-03-31,2006Q1,5,GDP,934.9891090160118,963.1947034740143,-28.205594458002565,930.9556097492199,932.7209007144455,934.979195146611,937.343861005731,938.7875041727178
paper,medium,2005-03-31,2006Q2,6,GDP,935.9270786072693,963.4399861405379,-27.512907533268617,931.4174223048336,933.3658345006729,935.899320612456,938.6016386848116,940.1659993864475
paper,medium,2005-03-31,2006Q3,7,GDP,936.8061060632677,963.5903292567261,-26.784223193458388,931.8904716335414,933.933200236448,936.8900139576017,939.7348440237794,941.6679234153087
paper,medium,2005-03-31,2006Q4,8,GDP,937.6671188065083,964.4305015999738,-26.763382793465553,932.2304483211619,934.419498641487,937.7396838286343,940.8704652195254,942.9327668727566
paper,medium,2005-03-31,2005Q1,1,HOURS,477.60225982651525,462.0029241394789,15.59933568703633,476.4961685178982,476.9566069193801,477.6141658246224,478.2593567466421,478.6572817740449
paper,medium,2005-03-31,2005Q2,2,HOURS,477.9788329703103,462.5854777180924,15.393355252217873,476.11433246639723,476.8682249853837,477.9618639031237,479.16907311903117,479.8665260670429
paper,medium,2005-03-31,2005Q3,3,HOURS,478.39086472554874,462.9023422010251,15.48852252452366,475.68396877508764,476.7717749902589,478.4339282609845,480.0154997567731,481.00379974592727
paper,medium,2005-03-31,2005Q4,4,HOURS,478.7911045682395,463.5020207956977,15.289083772541801,475.25458834043513,476.69062738139013,478.88192099013395,480.870005886264,482.1623675531312
paper,medium,2005-03-31,2006Q1,5,HOURS,479.2032263919715,464.4804275228165,14.722798869154985,475.03755167348845,476.664591313166,479.30665903057593,481.6446759788174,483.17845997622
paper,medium,2005-03-31,2006Q2,6,HOURS,479.6235047192548,464.7913533526924,14.832151366562414,474.7668666063108,476.66931860891935,479.75146825254916,482.4735986186307,484.18551690446486
paper,medium,2005-03-31,2006Q3,7,HOURS,480.0068843255366,465.20728556743103,14.79959875810556,474.5838451384284,476.76635775696144,480.0929782933527,483.31609615001133,485.2283077515336
paper,medium,2005-03-31,2006Q4,8,HOURS,480.3412845775512,465.62909654958054,14.712188027970683,474.5570460803821,476.6206876803345,480.40045838289836,484.0429643622132,486.056204794626
paper,medium,2005-03-31,2005Q1,1,INV,757.4233103967383,788.539056169692,-31.115745772953687,751.1384522817482,753.648960164813,757.3919452061101,761.3708180296114,763.647295167155
paper,medium,2005-03-31,2005Q2,2,INV,758.6831645608083,787.1995059482441,-28.516341387435773,748.7851869189708,752.9272506114703,758.6156082825923,764.4028209378237,768.162086573623
paper,medium,2005-03-31,2005Q3,3,INV,760.246434970419,788.5125305763838,-28.26609560596478,747.4678787157778,752.6073595345597,760.3884148904465,767.7148047380145,772.4947776603283
paper,medium,2005-03-31,2005Q4,4,INV,761.7828541462837,791.7115864821873,-29.928732335903533,747.3727132567136,752.9534477874779,761.5860426209797,770.709253384449,776.252781618353
paper,medium,2005-03-31,2006Q1,5,INV,763.2924499876412,793.1853410450444,-29.892891057403176,746.600289370043,752.9471203033087,763.3067615820287,773.5087967636188,779.4186712165666
paper,medium,2005-03-31,2006Q2,6,INV,764.8882207941693,792.5384529115302,-27.650232117360815,746.1331580632358,753.5907881189346,764.8391921155887,776.1181933274768,783.0179887203165
paper,medium,2005-03-31,2006Q3,7,INV,766.2546857899196,792.1518941137941,-25.897208323874565,745.6556327563338,753.6715433284464,766.4452659011317,778.1052983244073,786.9752235488726
paper,medium,2005-03-31,2006Q4,8,INV,767.5240561059189,790.1927739141016,-22.66871780818269,745.0407560674365,754.0894571560297,767.7994933541995,780.6922096958021,789.8438641670089
paper,medium,2005-03-31,2005Q1,1,WAGE,478.3246022194238,458.8644384030756,19.4601638163482,477.40587722879957,477.75662853981777,478.3161397369224,478.88302061711767,479.25796775683006
paper,medium,2005-03-31,2005Q2,2,WAGE,478.79452309716925,458.7637380695785,20.030785027590753,477.361594397319,477.9232671317192,478.80204029886534,479.6569394537571,480.18413306100655
paper,medium,2005-03-31,2005Q3,3,WAGE,479.25521552802854,458.51919432724264,20.7360212007859,477.4468292932299,478.16636395266704,479.247991408365,480.3532866109322,481.05744301741174
paper,medium,2005-03-31,2005Q4,4,WAGE,479.69465509196544,458.1983439012755,21.496311190689937,477.4737437128253,478.3617769839748,479.67867330327704,481.02782506820915,481.94031123788557
paper,medium,2005-03-31,2006Q1,5,WAGE,480.1348377643001,459.65430792875725,20.480529835542825,477.52126348907603,478.55887379979185,480.10180079666,481.6912541488961,482.7660587471588
paper,medium,2005-03-31,2006Q2,6,WAGE,480.5810345543102,458.81867809476785,21.762356459542332,477.7128550166537,478.8080470874688,480.57572543175826,482.4135102772077,483.4700529924742
paper,medium,2005-03-31,2006Q3,7,WAGE,481.0330546429126,458.137941661485,22.895112981427587,477.8252492417438,479.10778182160874,480.976676329022,483.07106532509215,484.2485128429389
paper,medium,2005-03-31,2006Q4,8,WAGE,481.5025117480062,460.156369039398,21.346142708608227,477.9927512978614,479.3774740091181,481.49078905870647,483.697290485931,484.9957477654619
paper,medium,2005-06-30,2005Q2,1,CONS,897.1828261625014,921.7804644849432,-24.597638322441753,896.2008424164123,896.5935028725703,897.1815591198512,897.755282426134,898.1020263265447
paper,medium,2005-06-30,2005Q3,2,CONS,898.0366569792266,922.606735215334,-24.570078236107406,896.6086001172721,897.1578970283635,898.0566532147645,898.8912287347283,899.4765588666847
paper,medium,2005-06-30,2005Q4,3,CONS,898.8377257176033,922.7908936985102,-23.95316798090687,896.7649766368891,897.6400317440847,898.8501274491457,900.0624235300434,900.872995980106
paper,medium,2005-06-30,2006Q1,4,CONS,899.6643032236443,923.8754538789948,-24.21115065535048,897.1939393056361,898.1785766720299,899.6410542424825,901.1781811525335,902.2422082658173
paper,medium,2005-06-30,2006Q2,5,CONS,900.5151399796305,924.3925620299899,-23.877422050359428,897.4886456714929,898.7206205489347,900.4992168773044,902.3643741096422,903.5129563775577
paper,medium,2005-06-30,2006Q3,6,CONS,901.3524365225758,925.0326753469096,-23.680238824333856,897.9077263654266,899.3551315396921,901.3619368634612,903.3948401060616,904.7257315362634
paper,medium,2005-06-30,2006Q4,7,CONS,902.2030147992068,925.9820583722299,-23.779043573023046,898.3317393869648,899.9235415602324,902.1998911304577,904.4678116296838,905.9923105708693
paper,medium,2005-06-30,2007Q1,8,CONS,903.0276342895278,926.5969288954141,-23.569294605886284,898.7908358908257,900.4364432343467,902.9827666971958,905.504129744283,907.1533577988338
paper,medium,2005-06-30,2005Q2,1,DEFL,470.6065783448282,446.6850203488912,23.921557995937007,470.13970219280117,470.3244607238173,470.6053965061257,470.89299755050365,471.08717729598214
paper,medium,2005-06-30,2005Q3,2,DEFL,471.29812134283645,447.5903970265225,23.707724316313943,470.4783507343397,470.8085796121378,471.2868181541105,471.80510660066847,472.1111072181085
paper,medium,2005-06-30,2005Q4,3,DEFL,472.0319861908862,448.39625430524006,23.635731885646123,470.86453865144387,471.3049570093453,472.0193478407687,472.7528427031634,473.2613287536807
paper,medium,2005-06-30,2006Q1,4,DEFL,472.7660604243165,449.0981931357204,23.667867288596085,471.07744390908533,471.75531604391153,472.77643094374116,473.7416019124205,474.47646573442984
paper,medium,2005-06-30,2006Q2,5,DEFL,473.52246762646115,449.9809670330265,23.541500593434648,471.36037783554656,472.20185955605945,473.51960512826645,474.81435753430117,475.7217922595053
paper,medium,2005-06-30,2006Q3,6,DEFL,474.28375686437994,450.6763216075208,23.607435256859162,471.56250620280144,472.6018973504873,474.28608211100675,475.91084916088414,477.12105693795473
paper,medium,2005-06-30,2006Q4,7,DEFL,475.061805923222,451.0496803385384,24.012125584683588,471.78437876911687,473.0165286493252,475.062528010216,477.0180236895114,478.5153921765522
paper,medium,2005-06-30,2007Q1,8,DEFL,475.83191196284764,452.0037044010234,23.82820756182423,471.9205195175233,473.45371138382615,475.8118966000742,478.1662366087173,479.89437305339027
paper,medium,2005-06-30,2005Q2,1,FFR,2.5336758421825776,2.9433333333333334,-0.4096574911507558,1.1605957199118218,1.6714587893497592,2.547553544529454,3.3481048415889325,3.9285092460044733
paper,medium,2005-06-30,2005Q3,2,FFR,2.612785860605807,3.4599999999999995,-0.8472141393941923,0.4942216216119368,1.3571350207169888,2.6359827646551706,3.8505097077825376,4.626119859029268
paper,medium,2005-06-30,2005Q4,3,FFR,2.712195681877371,3.98,-1.267804318122629,0.07904574003680571,1.1633009421121911,2.7368951009098987,4.255500486519267,5.259019273360322
paper,medium,2005-06-30,2006Q1,4,FFR,2.835452709511265,4.456666666666667,-1.621213957155402,-0.32299310864749353,1.0054815343618175,2.8743503559892134,4.683384200994677,5.858155092449094
paper,medium,2005-06-30,2006Q2,5,FFR,2.9889872014545613,4.906666666666667,-1.9176794652121059,-0.5635690948590495,0.8876088548524224,3.030345779602772,5.075786025196923,6.283651673206656
paper,medium,2005-06-30,2006Q3,6,FFR,3.162980787999658,5.246666666666667,-2.083685878667009,-0.6859350461607916,0.8779455303719516,3.160148698645904,5.467652403221645,6.96721438204087
paper,medium,2005-06-30,2006Q4,7,FFR,3.2863397510001646,5.246666666666667,-1.9603269156665024,-0.891681000722928,0.7442088397282134,3.3233744553390316,5.763588548943073,7.374693644190649
paper,medium,2005-06-30,2007Q1,8,FFR,3.424634486547494,5.256666666666667,-1.8320321801191728,-1.042093101291426,0.7139851258507871,3.4502468396180768,6.036055603516621,7.947500316060587
paper,medium,2005-06-30,2005Q2,1,GDP,932.1494792635813,960.5061772591148,-28.356697995533523,930.8937167725761,931.355957286272,932.1415815158252,932.9250636247515,933.4610717952562
paper,medium,2005-06-30,2005Q3,2,GDP,932.9028412229609,961.2887292981801,-28.385888075219214,930.8572006244727,931.6511626094305,932.9044097018493,934.1504882337491,934.9137579827062
paper,medium,2005-06-30,2005Q4,3,GDP,933.6910472481521,961.8550509042607,-28.164003656108548,930.9756614298883,932.0197755452691,933.7396557846133,935.3086749027483,936.3468075849582
paper,medium,2005-06-30,2006Q1,4,GDP,934.5078171876851,963.1947034740143,-28.68688628632924,931.2536103403576,932.5564520138986,934.5481335130622,936.4071742012076,937.7921503455435
paper,medium,2005-06-30,2006Q2,5,GDP,935.3415110652323,963.4399861405379,-28.0984750753056,931.423464936501,933.0578466745159,935.3425217397162,937.6775101368927,939.2273863471403
paper,medium,2005-06-30,2006Q3,6,GDP,936.1965462649241,963.5903292567261,-27.393782991802027,931.7180898050768,933.68733848319,936.1280124082956,938.7843534696481,940.5117791892659
paper,medium,2005-06-30,2006Q4,7,GDP,937.0361294951606,964.4305015999738,-27.394372104813215,932.3697410005907,934.2359968449304,937.0106036179667,939.9114317390546,941.7038105818069
paper,medium,2005-06-30,2007Q1,8,GDP,937.8638571732677,964.7236703008948,-26.85981312762715,932.7148064743485,934.6614417885635,937.8563330150589,941.0438053679867,942.9040279496255
paper,medium,2005-06-30,2005Q2,1,HOURS,477.7115499850847,462.5854777180924,15.126072266992253,476.618866188255,477.03797897173274,477.7127506438703,478.37148035308627,478.76836607724044
paper,medium,2005-06-30,2005Q3,2,HOURS,477.96082636836104,462.9023422010251,15.058484167335962,476.0250536944892,476.78307393185526,477.9664393585541,479.13053479238596,479.91407998514455
paper,medium,2005-06-30,2005Q4,3,HOURS,478.22493544621005,463.5020207956977,14.722914650512337,475.5146722476998,476.58074910549414,478.22867574707897,479.84860293964147,480.92559988967975
paper,medium,2005-06-30,2006Q1,4,HOURS,478.51885378859174,464.4804275228165,14.038426265775229,475.06968981139823,476.4193083445186,478.52625140008774,480.5750787252548,481.92104375262267
paper,medium,2005-06-30,2006Q2,5,HOURS,478.83107458042406,464.7913533526924,14.039721227731661,474.8574741711929,476.3670629570109,478.8189489083457,481.3098491227685,482.9354087250475
paper,medium,2005-06-30,2006Q3,6,HOURS,479.15403025312173,465.20728556743103,13.946744685690703,474.50924459609547,476.3195879389326,479.1223315529146,481.9853340908651,484.0632739216489
paper,medium,2005-06-30,2006Q4,7,HOURS,479.4902622701563,465.62909654958054,13.861165720575741,474.32223814141247,476.3068597768534,479.4928222706439,482.6533812854131,485.0022146206297
paper,medium,2005-06-30,2007Q1,8,HOURS,479.82406020333394,465.77246847229804,14.051591731035899,473.99459186042236,476.2712034837646,479.78606470630746,483.36608182953637,485.66448096695797
paper,medium,2005-06-30,2005Q2,1,INV,758.5755916637736,787.1995059482441,-28.623914284470516,751.862030161647,754.6938832010838,758.5761632137442,762.4543497176836,765.0229450846954
paper,medium,2005-06-30,2005Q3,2,INV,758.8781610768173,788.5125305763838,-29.63436949956656,748.9916587922444,752.8027824488595,758.816887713969,764.9655869325678,768.5213862337816
paper,medium,2005-06-30,2005Q4,3,INV,759.7442861861306,791.7115864821873,-31.967300296056692,747.1177113104653,752.5482215035694,759.6784676842989,767.3379189425262,772.208201694795
paper,medium,2005-06-30,2006Q1,4,INV,760.8979711099712,793.1853410450444,-32.28736993507323,746.0575432919703,752.1983084863631,760.9250980099396,769.8233782369805,775.4656489543012
paper,medium,2005-06-30,2006Q2,5,INV,762.065436695689,792.5384529115302,-30.4730162158412,744.9920094810399,751.7966731010786,762.3487837548705,772.4021749009361,778.6316873745625
paper,medium,2005-06-30,2006Q3,6,INV,763.4578316517726,792.1518941137941,-28.69406246202152,744.5671205004554,752.129643932613,763.5198490928738,774.7114419009148,781.9849649820052
paper,medium,2005-06-30,2006Q4,7,INV,764.681344086373,790.1927739141016,-25.511429827728648,744.686556696783,752.5202008365732,764.5977022797977,777.0116242751633,784.2238394287041
paper,medium,2005-06-30,2007Q1,8,INV,765.8584251711902,789.5023631425074,-23.6439379713172,743.8656943027975,752.0799481191697,766.0005988833993,778.8180731020761,787.1494133994065
paper,medium,2005-06-30,2005Q2,1,WAGE,480.9477050519697,458.7637380695785,22.183966982391212,480.01027636415563,480.36141896809755,480.9484776478768,481.55839662816857,481.9066555715598
paper,medium,2005-06-30,2005Q3,2,WAGE,481.4689301214007,458.51919432724264,22.949735794158073,479.99476231932306,480.5817295923524,481.4675997950401,482.35072169239277,482.9832987281226
paper,medium,2005-06-30,2005Q4,3,WAGE,481.98710046556675,458.1983439012755,23.788756564291248,480.0860257891564,480.860736429481,481.95616926443006,483.1340950375372,483.8152112655942
paper,medium,2005-06-30,2006Q1,4,WAGE,482.4591561543905,459.65430792875725,22.804848225633236,480.2072057335447,481.06993364518917,482.4744565658299,483.8184821684594,484.6794160534163
paper,medium,2005-06-30,2006Q2,5,WAGE,482.91909156417734,458.81867809476785,24.10041346940949,480.31627222810346,481.4138328115906,482.89492929722667,484.50776558375696,485.56378350423404
paper,medium,2005-06-30,2006Q3,6,WAGE,483.3886419465417,458.137941661485,25.250700285056723,480.48986536809474,481.6229012614663,483.3735533396383,485.2109631869421,486.4078965679323
paper,medium,2005-06-30,2006Q4,7,WAGE,483.83955753831657,460.156369039398,23.683188498918582,480.63470125121967,481.89204275461094,483.7860346027529,485.82248836589196,487.13607869023616
paper,medium,2005-06-30,2007Q1,8,WAGE,484.28925275722764,461.45956266352465,22.829690093702993,480.74027183133603,482.1076789989477,484.19389067212865,486.57061022046724,487.9332514366766
paper,medium,2005-09-30,2005Q3,1,CONS,897.2660086139174,922.606735215334,-25.340726601416577,896.3067374933266,896.6944998966113,897.2619278042937,897.8431556418022,898.2069352772844
paper,medium,2005-09-30,2005Q4,2,CONS,897.98778694014,922.7908936985102,-24.803106758370177,896.5497356809719,897.1058438687317,897.9942897543206,898.8386998012751,899.44918031671
paper,medium,2005-09-30,2006Q1,3,CONS,898.7580170414096,923.8754538789948,-25.11743683758516,896.8336170848627,897.5788696091751,898.7439004222811,899.9508011964675,900.7360104746368
paper,medium,2005-09-30,2006Q2,4,CONS,899.549484204755,924.3925620299899,-24.8430778252349,897.1418524964795,898.0490750149204,899.5627426068024,901.0327390554861,902.0324394921433
paper,medium,2005-09-30,2006Q3,5,CONS,900.3364561966368,925.0326753469096,-24.696219150272782,897.4891922903007,898.5623119786188,900.3573682638618,902.0857536132638,903.2275210414912
paper,medium,2005-09-30,2006Q4,6,CONS,901.1319302206813,925.9820583722299,-24.850128151548574,897.8155973843652,899.1456105314595,901.1194196055123,903.1507604376625,904.4284096367064
paper,medium,2005-09-30,2007Q1,7,CONS,901.9638182576379,926.5969288954141,-24.633110637776213,898.12435685268,899.7596040836341,901.971935304734,904.2985683823924,905.5463524119657
paper,medium,2005-09-30,2007Q2,8,CONS,902.7676196808832,926.8589940290503,-24.091374348167164,898.6653419308676,900.3408535857524,902.8065634241591,905.2380004221158,906.8539505594242
paper,medium,2005-09-30,2005Q3,1,DEFL,472.2720621624186,447.5903970265225,24.681665135896083,471.79291871772483,471.98502809312544,472.2740678106583,472.5645679391626,472.7335615890625
paper,medium,2005-09-30,2005Q4,2,DEFL,473.04973175099383,448.39625430524006,24.653477445753765,472.2048716737531,472.5528337584726,473.044371100927,473.5702108574348,473.89361360643824
paper,medium,2005-09-30,2006Q1,3,DEFL,473.8206029593894,449.0981931357204,24.72240982366901,472.58267085847893,473.0734869329514,473.8271386674386,474.5934658143497,475.03330448004175
paper,medium,2005-09-30,2006Q2,4,DEFL,474.60281663587926,449.9809670330265,24.621849602852762,472.9211068785977,473.5986016175813,474.59875403437843,475.60818119783545,476.2543961959794
paper,medium,2005-09-30,2006Q3,5,DEFL,475.3967060563012,450.6763216075208,24.720384448780408,473.1597950060721,474.1212536598836,475.38873963665674,476.66131423475537,477.49484771022776
paper,medium,2005-09-30,2006Q4,6,DEFL,476.1992188103351,451.0496803385384,25.14953847179669,473.4096024064929,474.60217694898057,476.18416292002684,477.8527581824997,478.8950254891583
paper,medium,2005-09-30,2007Q1,7,DEFL,476.99710395685014,452.0037044010234,24.993399555826727,473.6796384945181,475.0590407002794,476.98298905069925,478.9814775690107,480.300484195586
paper,medium,2005-09-30,2007Q2,8,DEFL,477.8133774551353,452.67004072796027,25.14333672717504,474.0082420325225,475.49007135437984,477.7849360020291,480.12520871273057,481.7487260668572
paper,medium,2005-09-30,2005Q3,1,FFR,3.1615595040062656,3.4599999999999995,-0.2984404959937339,1.7451319841640813,2.298434155335296,3.186521783359636,3.9972255232366165,4.526674700791687
paper,medium,2005-09-30,2005Q4,2,FFR,3.2421509387700347,3.98,-0.7378490612299653,1.1204895215801254,1.9903054419790944,3.2565146663065905,4.4845302385033285,5.292359274493643
paper,medium,2005-09-30,2006Q1,3,FFR,3.4153407892373786,4.456666666666667,-1.0413258774292884,0.8128234542927397,1.8511985253469985,3.4331385005381048,4.980004628708143,5.9160107177108845
paper,medium,2005-09-30,2006Q2,4,FFR,3.576652629530069,4.906666666666667,-1.330014037136598,0.45387480591824764,1.7586659639866455,3.5766861787241773,5.4417785508888254,6.60073384440535
paper,medium,2005-09-30,2006Q3,5,FFR,3.6626506895278297,5.246666666666667,-1.5840159771388373,0.14141138113604007,1.7016974534768128,3.640583778904646,5.66514401704701,7.097252839960053
paper,medium,2005-09-30,2006Q4,6,FFR,3.7196201844931824,5.246666666666667,-1.5270464821734846,-0.1722895620792783,1.4584915598126542,3.7078532437344025,5.908813458309802,7.5100772505224365
paper,medium,2005-09-30,2007Q1,7,FFR,3.8359503597484013,5.256666666666667,-1.4207163069182656,-0.30527543878224217,1.4440812728212968,3.9025515541407287,6.211311656860113,7.86392803237413
paper,medium,2005-09-30,2007Q2,8,FFR,3.9422763692688787,5.25,-1.3077236307311213,-0.4537493244210371,1.4555670792194166,3.993467163384214,6.471266047186452,8.112726713889302
paper,medium,2005-09-30,2005Q3,1,GDP,932.1470851016513,961.2887292981801,-29.141644196528773,930.9499941327501,931.4193610670815,932.1473042218649,932.8701352892613,933.4080864649633
paper,medium,2005-09-30,2005Q4,2,GDP,932.8702423921932,961.8550509042607,-28.984808512067502,930.9256616905554,931.6596741622053,932.8905676705547,934.0129571719017,934.7700206798871
paper,medium,2005-09-30,2006Q1,3,GDP,933.6313127804095,963.1947034740143,-29.563390693604788,930.9627907758892,932.0423490057344,933.6346024939469,935.2477627594143,936.2796888759129
paper,medium,2005-09-30,2006Q2,4,GDP,934.412249150958,963.4399861405379,-29.02773698957992,931.2072795032706,932.3746533389556,934.4417600052955,936.3852477795206,937.6045322531385
paper,medium,2005-09-30,2006Q3,5,GDP,935.2023994871181,963.5903292567261,-28.387929769608036,931.5001791743474,932.8894887666966,935.2067035454706,937.4622843644,938.9095282166568
paper,medium,2005-09-30,2006Q4,6,GDP,935.9643483218638,964.4305015999738,-28.466153278110028,931.7242674714371,933.4220549401225,936.059395480949,938.4922710453337,940.0928184165695
paper,medium,2005-09-30,2007Q1,7,GDP,936.7807777159138,964.7236703008948,-27.942892584980996,932.0902054240217,933.9629123135151,936.7504849008485,939.6131661269386,941.3300235783403
paper,medium,2005-09-30,2007Q2,8,GDP,937.5884426292989,965.3600754705748,-27.771632841275846,932.5962100892401,934.49789731989,937.6032103882632,940.610902458765,942.682747660403
paper,medium,2005-09-30,2005Q3,1,HOURS,478.38936907928985,462.9023422010251,15.487026878264771,477.3412498546828,477.76007872819895,478.3690000019291,479.03504416211285,479.46564433094824
paper,medium,2005-09-30,2005Q4,2,HOURS,478.63946535636757,463.5020207956977,15.137444560669849,476.8034096602634,477.5817698564723,478.6445453245085,479.70029798888027,480.4377642301742
paper,medium,2005-09-30,2006Q1,3,HOURS,478.8863744059937,464.4804275228165,14.405946883177194,476.27238776134277,477.3420921412862,478.88490537008914,480.4211080974911,481.4298860019824
paper,medium,2005-09-30,2006Q2,4,HOURS,479.1338957480224,464.7913533526924,14.342542395329986,475.8731986574604,477.19800156079356,479.1409152279032,481.1281105001078,482.4490404128575
paper,medium,2005-09-30,2006Q3,5,HOURS,479.4288063265869,465.20728556743103,14.221520759155851,475.5544886628528,476.9840455848549,479.43765578710304,481.84263958300147,483.387176093307
paper,medium,2005-09-30,2006Q4,6,HOURS,479.71440074169755,465.62909654958054,14.085304192117007,475.21518904615226,476.8222137954953,479.7714873989411,482.5083321311006,484.2751764588641
paper,medium,2005-09-30,2007Q1,7,HOURS,480.0160895089506,465.77246847229804,14.243621036652542,474.8945894915235,476.85634939147883,479.99270136022426,483.10522082946005,485.0811886907842
paper,medium,2005-09-30,2007Q2,8,HOURS,480.3480818999352,466.2731296512623,14.0749522486729,474.6841510627402,476.87250615911887,480.2824406439994,483.8712532274202,486.0957352272288
paper,medium,2005-09-30,2005Q3,1,INV,755.0773735791397,788.5125305763838,-33.43515699724412,748.7763793026032,751.1522548104805,755.0807726118404,758.876799155427,761.5171949254778
paper,medium,2005-09-30,2005Q4,2,INV,755.8190966035003,791.7115864821873,-35.892489878687,746.4317673843819,750.1489288906213,755.8787482886655,761.3568257679791,765.041424978179
paper,medium,2005-09-30,2006Q1,3,INV,756.5767049605014,793.1853410450444,-36.608636084543036,744.2887495181853,749.1316401977929,756.7685797677892,763.8954373705031,768.8251799952127
paper,medium,2005-09-30,2006Q2,4,INV,757.457146664475,792.5384529115302,-35.08130624705518,742.9662489191463,748.8751617396005,757.3763046090293,766.2158252813981,772.0864929343633
paper,medium,2005-09-30,2006Q3,5,INV,758.5626503690171,792.1518941137941,-33.589243744777036,742.4925953841873,748.4596217438203,758.4345652472765,768.4918211971886,774.873723476465
paper,medium,2005-09-30,2006Q4,6,INV,759.4415342578958,790.1927739141016,-30.751239656205826,741.6428226141607,749.0711639953633,759.3276684864526,770.4151418580273,777.4606448246144
paper,medium,2005-09-30,2007Q1,7,INV,760.5442027673711,789.5023631425074,-28.958160375136345,741.5144432492212,749.125440511645,760.5536610003728,772.1133363361166,780.219006420673
paper,medium,2005-09-30,2007Q2,8,INV,761.6964037693464,790.5992750863104,-28.902871316964024,741.528189396197,748.7314593463328,761.6708566870726,774.1866097096448,783.2406686942702
paper,medium,2005-09-30,2005Q3,1,WAGE,480.58303175908304,458.51919432724264,22.063837431840398,479.6476342507781,480.0135606305438,480.5709511030114,481.15630649174403,481.5293302587286
paper,medium,2005-09-30,2005Q4,2,WAGE,481.03710054663077,458.1983439012755,22.83875664535526,479.59321850201445,480.18812049534404,481.04156523888344,481.88218512673257,482.4375942944471
paper,medium,2005-09-30,2006Q1,3,WAGE,481.4981606413965,459.65430792875725,21.84385271263926,479.66772425725105,480.414455473827,481.51478312816556,482.5971020936277,483.28279228336004
paper,medium,2005-09-30,2006Q2,4,WAGE,481.9337599585627,458.81867809476785,23.115081863794842,479.82460485638467,480.6565676946526,481.95693665755925,483.1802089961329,484.0401015501074
paper,medium,2005-09-30,2006Q3,5,WAGE,482.3429071895205,458.137941661485,24.204965528035473,479.8923565965505,480.90963239325265,482.33627640370185,483.7415123971778,484.831180938851
paper,medium,2005-09-30,2006Q4,6,WAGE,482.75609483207296,460.156369039398,22.599725792674974,479.9981222439475,481.16027540321767,482.7434790303763,484.3419381667204,485.5002272645795
paper,medium,2005-09-30,2007Q1,7,WAGE,483.1938900116619,461.45956266352465,21.734327348137242,480.1258938861787,481.4437126822363,483.2090496695645,484.9442460902756,486.2828990596122
paper,medium,2005-09-30,2007Q2,8,WAGE,483.59300911464584,460.2255943706066,23.36741474403925,480.2049755035763,481.6445588503705,483.6035607309142,485.60384032523166,486.96234897918424
paper,medium,2005-12-31,2005Q4,1,CONS,898.2330940339373,922.7908936985102,-24.55779966457294,897.2689827709328,897.6429244838248,898.2420257540696,898.8131178675384,899.2068690716961
paper,medium,2005-12-31,2006Q1,2,CONS,898.9636892952645,923.8754538789948,-24.911764583730246,897.4793045093297,898.0696475322021,898.962051895837,899.872471635619,900.4051583377064
paper,medium,2005-12-31,2006Q2,3,CONS,899.7646873476101,924.3925620299899,-24.627874682379797,897.7871560443025,898.5586688035723,899.7270992631888,900.9910684199242,901.8215551669969
paper,medium,2005-12-31,2006Q3,4,CONS,900.5733860375004,925.0326753469096,-24.4592893094092,898.0813017947652,899.033265545116,900.5084357078498,902.1670286695856,903.1105124798221
paper,medium,2005-12-31,2006Q4,5,CONS,901.3979601601737,925.9820583722299,-24.58409821205612,898.4804945897887,899.5870572055372,901.3539937620966,903.1671148207362,904.3965724967196
paper,medium,2005-12-31,2007Q1,6,CONS,902.2598697951775,926.5969288954141,-24.337059100236615,898.8072638279544,900.1696902933692,902.2693375841111,904.2685892303979,905.7259986520858
paper,medium,2005-12-31,2007Q2,7,CONS,903.1038993037557,926.8589940290503,-23.75509472529461,899.1600118376148,900.6896106634364,903.1281229032993,905.4364106597061,907.102598143311
paper,medium,2005-12-31,2007Q3,8,CONS,903.9226770326783,927.5238765851791,-23.601199552500816,899.592036440411,901.3029499078361,903.961572849456,906.5346338528701,908.1187894791155
paper,medium,2005-12-31,2005Q4,1,DEFL,473.10289968350503,448.39625430524006,24.706645378264966,472.6199719873525,472.8059568928078,473.1002086235377,473.39183782872414,473.5810228437275
paper,medium,2005-12-31,2006Q1,2,DEFL,473.88439764566976,449.0981931357204,24.786204509949357,473.0496138301546,473.3688952351035,473.88114335532373,474.3963135223152,474.7522692653425
paper,medium,2005-12-31,2006Q2,3,DEFL,474.6702855576583,449.9809670330265,24.6893185246318,473.4292980760695,473.8966403938439,474.65263572432036,475.43843010690927,475.9210166053683
paper,medium,2005-12-31,2006Q3,4,DEFL,475.47484186054925,450.6763216075208,24.79852025302847,473.7929691777167,474.45375688673965,475.4847612411228,476.53252195078767,477.1515329713875
paper,medium,2005-12-31,2006Q4,5,DEFL,476.2884334086877,451.0496803385384,25.2387530701493,474.0834017464569,474.94596651502985,476.2865700730372,477.63482962499245,478.4387612618232
paper,medium,2005-12-31,2007Q1,6,DEFL,477.09460838758105,452.0037044010234,25.090903986557635,474.30379245457596,475.4369111934363,477.1009482855628,478.7656301898698,479.7659657609282
paper,medium,2005-12-31,2007Q2,7,DEFL,477.9185276668534,452.67004072796027,25.24848693889311,474.5873097578169,475.9313347645437,477.90143107598846,479.92844259701036,481.27130796194405
paper,medium,2005-12-31,2007Q3,8,DEFL,478.7437915794966,453.18788034112526,25.555911238371323,474.804826077882,476.4516203358685,478.7383509347194,481.1296790172147,482.62918163562205
paper,medium,2005-12-31,2005Q4,1,FFR,3.5619082547051484,3.98,-0.4180917452948516,2.195901999921101,2.7432957975108274,3.567530467531596,4.406597118735905,4.921503461968879
paper,medium,2005-12-31,2006Q1,2,FFR,3.624290370376033,4.456666666666667,-0.8323762962906338,1.5537547622009236,2.3630724569788617,3.6142118375768293,4.848497661423277,5.6900965690742025
paper,medium,2005-12-31,2006Q2,3,FFR,3.724190114988782,4.906666666666667,-1.182476551677885,1.1479962819602116,2.143102957291174,3.690963244233151,5.330388368172607,6.302379875814998
paper,medium,2005-12-31,2006Q3,4,FFR,3.826850631076615,5.246666666666667,-1.4198160355900522,0.7722123893154131,2.054490749159898,3.8056587126052808,5.673177827423921,6.8141266674678755
paper,medium,2005-12-31,2006Q4,5,FFR,3.91428223830012,5.246666666666667,-1.332384428366547,0.5480579259909366,1.8607721221184488,3.8708734749367624,6.014898591793629,7.36015581424122
paper,medium,2005-12-31,2007Q1,6,FFR,4.0073842650184,5.256666666666667,-1.2492824016482666,0.20127658783388508,1.7640965295780666,3.9599952848588558,6.240293785584208,7.749384897392037
paper,medium,2005-12-31,2007Q2,7,FFR,4.1506694372088795,5.25,-1.0993305627911205,0.018107386500462383,1.7633599364018728,4.140930391110997,6.53183628486487,8.233125356547976
paper,medium,2005-12-31,2007Q3,8,FFR,4.259998324761579,5.073333333333333,-0.8133350085717543,-0.15639505474570561,1.649595177852957,4.302832003500519,6.844372237559566,8.641372822421884
paper,medium,2005-12-31,2005Q4,1,GDP,933.206272538231,961.8550509042607,-28.64877836602966,931.9290663785084,932.4439994935799,933.1921992004445,933.9532855713863,934.5046762675665
paper,medium,2005-12-31,2006Q1,2,GDP,933.998693131047,963.1947034740143,-29.19601034296727,931.9939528037728,932.7876969678181,933.97688182601,935.2254118646367,936.076901458407
paper,medium,2005-12-31,2006Q2,3,GDP,934.7779314554925,963.4399861405379,-28.662054685045405,932.1197942732331,933.2130399694147,934.7167416602467,936.4661988354411,937.5310457625134
paper,medium,2005-12-31,2006Q3,4,GDP,935.5866288669841,963.5903292567261,-28.003700389741994,932.2393689692456,933.6639085647236,935.5461428204164,937.559584032018,939.019055339007
paper,medium,2005-12-31,2006Q4,5,GDP,936.3782537885932,964.4305015999738,-28.052247811380653,932.605527392839,934.0745221995097,936.3431438802797,938.6766660434367,940.2998462885108
paper,medium,2005-12-31,2007Q1,6,GDP,937.206051381537,964.7236703008948,-27.5176189193578,932.9603285769031,934.5418119671912,937.1825101224715,939.7697836985595,941.6015347914317
paper,medium,2005-12-31,2007Q2,7,GDP,938.0227438773753,965.3600754705748,-27.33733159319945,933.4105292263546,935.168827444246,937.9856733161946,940.8481467249935,942.8912699682879
paper,medium,2005-12-31,2007Q3,8,GDP,938.8243949764449,965.9605755120938,-27.13618053564892,933.7865644763153,935.6675821527382,938.742747125074,942.0121152193765,944.2099401600083
paper,medium,2005-12-31,2005Q4,1,HOURS,478.3697953682318,463.5020207956977,14.867774572534074,477.28588138439306,477.7173773511079,478.3740981725357,479.0284615063099,479.40983229741005
paper,medium,2005-12-31,2006Q1,2,HOURS,478.6354900189926,464.4804275228165,14.155062496176072,476.6908321070563,477.5333197091692,478.6481735166417,479.75727256538147,480.5093845147968
paper,medium,2005-12-31,2006Q2,3,HOURS,478.91738201109615,464.7913533526924,14.126028658403754,476.13450362867803,477.3945281074959,478.89105785414495,480.5265317408567,481.63674756418663
paper,medium,2005-12-31,2006Q3,4,HOURS,479.22043787195787,465.20728556743103,14.013152304526841,475.8117036864748,477.22222973836637,479.17482338605373,481.2495917262658,482.55822628202856
paper,medium,2005-12-31,2006Q4,5,HOURS,479.5325682351761,465.62909654958054,13.903471685595548,475.4250863912902,477.1278606016104,479.4968679407199,481.985555870449,483.5971465857993
paper,medium,2005-12-31,2007Q1,6,HOURS,479.86517188090176,465.77246847229804,14.092703408603711,475.2360449629681,477.0460934813047,479.8382305481631,482.6347354056468,484.57063960447664
paper,medium,2005-12-31,2007Q2,7,HOURS,480.2193559123696,466.2731296512623,13.946226261107313,474.9519871979526,477.07057554471527,480.1564493229892,483.3806227625653,485.5340988063706
paper,medium,2005-12-31,2007Q3,8,HOURS,480.55093405682527,465.8900508409059,14.660883215919398,474.84047378318,477.07760690636843,480.47262868916073,484.0001085626616,486.5369562414214
paper,medium,2005-12-31,2005Q4,1,INV,757.0194188884108,791.7115864821873,-34.6921675937765,750.5825670743185,753.1248928749432,756.9932459811662,761.0603720206532,763.5069078054173
paper,medium,2005-12-31,2006Q1,2,INV,758.192200031206,793.1853410450444,-34.99314101383845,748.6889678746899,752.2554576501838,758.1167935444184,764.0218654605582,767.8395081019612
paper,medium,2005-12-31,2006Q2,3,INV,759.1454519986498,792.5384529115302,-33.393000912880325,746.8888100091668,751.6794536510474,759.0071676267244,766.6382144763933,771.6827413465107
paper,medium,2005-12-31,2006Q3,4,INV,760.4538731602823,792.1518941137941,-31.698020953511787,745.4395256788296,751.6635919512507,760.6332782978568,769.3395202288477,774.5568443961425
paper,medium,2005-12-31,2006Q4,5,INV,761.5048284546475,790.1927739141016,-28.687945459454113,745.26115378263,751.5354935035537,761.6255578527582,771.2988890562046,778.5619104110951
paper,medium,2005-12-31,2007Q1,6,INV,762.6667169047461,789.5023631425074,-26.835646237761352,744.1708600146022,751.7719688613753,762.6452241760901,773.2941862718326,781.0848314282827
paper,medium,2005-12-31,2007Q2,7,INV,763.7812822969561,790.5992750863104,-26.81799278935432,744.5652767743559,751.6231538953151,763.6924068134708,775.4748287666325,783.5181014466209
paper,medium,2005-12-31,2007Q3,8,INV,764.9778929239876,789.5847840191325,-24.606891095144874,743.8776336166036,752.0895417413533,765.2180321270914,777.872070029068,786.0108989897093
paper,medium,2005-12-31,2005Q4,1,WAGE,479.2792283812388,458.1983439012755,21.080884479963288,478.2484823183779,478.6914849338835,479.2752197479666,479.89097500261124,480.2856978788567
paper,medium,2005-12-31,2006Q1,2,WAGE,479.6339326697618,459.65430792875725,19.979624741004557,478.11616342930085,478.74375926671473,479.6348959781144,480.53925851577964,481.07369769368916
paper,medium,2005-12-31,2006Q2,3,WAGE,480.0403399576463,458.81867809476785,21.221661862878477,478.1102690656391,478.890762692243,480.0595874998817,481.1608047826135,481.8748265236086
paper,medium,2005-12-31,2006Q3,4,WAGE,480.4527887540079,458.137941661485,22.314847092522882,478.11600454410626,479.01042056383255,480.49411490120997,481.787768974536,482.71361131906326
paper,medium,2005-12-31,2006Q4,5,WAGE,480.8394311959561,460.156369039398,20.683062156558094,478.21481875272895,479.18302279620417,480.89014989268634,482.3700731443714,483.4883840394925
paper,medium,2005-12-31,2007Q1,6,WAGE,481.2466658649373,461.45956266352465,19.787103201412663,478.29849419879173,479.43169894633786,481.26400298238815,482.97388713848244,484.28057853357626
paper,medium,2005-12-31,2007Q2,7,WAGE,481.63362114857915,460.2255943706066,21.408026777972566,478.4452670118573,479.6522007343814,481.6031146411509,483.52557311881054,484.79549145947755
paper,medium,2005-12-31,2007Q3,8,WAGE,482.02270066836564,460.0519387772664,21.970761891099244,478.5640782152945,479.9620079741565,481.96886765993315,484.12315307958875,485.5303235942787
paper,medium,2006-03-31,2006Q1,1,CONS,898.4027457658194,923.8754538789948,-25.472708113175372,897.4091526853423,897.8250276014223,898.3959390034895,899.0114697622495,899.3688879159001
paper,medium,2006-03-31,2006Q2,2,CONS,899.0998265449799,924.3925620299899,-25.292735485009985,897.6002141987008,898.1828402032044,899.1147419279866,900.0164183217926,900.5809676269735
paper,medium,2006-03-31,2006Q3,3,CONS,899.807722115482,925.0326753469096,-25.224953231427662,897.7088324854122,898.6197999139748,899.8246445501716,901.0145778686831,901.8016563698052
paper,medium,2006-03-31,2006Q4,4,CONS,900.5365455867035,925.9820583722299,-25.445512785526375,898.0555064436516,898.9927401360615,900.524638527117,902.0830692048982,903.0658586982828
paper,medium,2006-03-31,2007Q1,5,CONS,901.3098236769978,926.5969288954141,-25.287105218416286,898.1624611863623,899.4968833963907,901.3093466281475,903.1301743821801,904.3101815523303
paper,medium,2006-03-31,2007Q2,6,CONS,902.0866314479256,926.8589940290503,-24.772362581124753,898.5514129469603,900.0171124355855,902.1077489916252,904.1443705935216,905.5642207450143
paper,medium,2006-03-31,2007Q3,7,CONS,902.9139465148286,927.5238765851791,-24.609930070350515,898.956156967416,900.5915815908471,902.9492391261936,905.2679877770111,906.9015598590478
paper,medium,2006-03-31,2007Q4,8,CONS,903.7383054888628,927.9171790430295,-24.17887355416667,899.3403622806161,901.2370663323603,903.7525045431906,906.3619143322074,908.0048637933472
paper,medium,2006-03-31,2006Q1,1,DEFL,473.99328401255036,449.0981931357204,24.895090876829954,473.52940653660244,473.70526811784924,473.9957289440926,474.2692744816166,474.4658880574755
paper,medium,2006-03-31,2006Q2,2,DEFL,474.81104746004763,449.9809670330265,24.83008042702113,474.01624363424173,474.3191371411571,474.7907182601845,475.3047516063984,475.6206310265645
paper,medium,2006-03-31,2006Q3,3,DEFL,475.6450223194186,450.6763216075208,24.96870071189784,474.44871527897266,474.8936332162836,475.641551411559,476.37327943767934,476.85805837746454
paper,medium,2006-03-31,2006Q4,4,DEFL,476.4865584673974,451.0496803385384,25.436878128859007,474.873181201932,475.4693164081263,476.47542682115704,477.49635882905716,478.2059842294564
paper,medium,2006-03-31,2007Q1,5,DEFL,477.31372430463824,452.0037044010234,25.31001990361483,475.1709443948548,476.00424504735076,477.2754767816511,478.63001796034433,479.54337089765477
paper,medium,2006-03-31,2007Q2,6,DEFL,478.1334237720394,452.67004072796027,25.463383044079137,475.4113029725938,476.4955975369307,478.06529592532786,479.77872820742067,480.88833893498645
paper,medium,2006-03-31,2007Q3,7,DEFL,478.9638091676947,453.18788034112526,25.77592882656944,475.6650138756555,476.9975963203038,478.8973155803292,480.95105764573685,482.32062964434635
paper,medium,2006-03-31,2007Q4,8,DEFL,479.79784364892663,453.61094550558823,26.186898143338396,475.9226713343864,477.5095686419011,479.7420037181869,482.16422248510065,483.7861227077829
paper,medium,2006-03-31,2006Q1,1,FFR,3.973521555849887,4.456666666666667,-0.48314511081678013,2.612450352714098,3.13657945246499,3.9816537618723604,4.776641320422814,5.352047055751267
paper,medium,2006-03-31,2006Q2,2,FFR,4.042629671467794,4.906666666666667,-0.8640369951988731,2.0116811956410414,2.789525202455801,4.036955288645643,5.305427318582411,6.171639366795455
paper,medium,2006-03-31,2006Q3,3,FFR,4.07099006687021,5.246666666666667,-1.1756765997964571,1.4778912572618832,2.5450612866852227,4.065525042843676,5.633551884103272,6.664249864284386
paper,medium,2006-03-31,2006Q4,4,FFR,4.103148631725555,5.246666666666667,-1.1435180349411116,1.1106565232338834,2.3396538823579216,4.064425897038575,5.876864993837495,7.050481508746178
paper,medium,2006-03-31,2007Q1,5,FFR,4.167693529444946,5.256666666666667,-1.0889731372217204,0.8594988141321412,2.140583407107046,4.141929642208892,6.232812379879754,7.502032121430662
paper,medium,2006-03-31,2007Q2,6,FFR,4.222683739773775,5.25,-1.0273162602262254,0.4978981345661698,2.0481491071666316,4.222448693282951,6.578748459925289,7.825066484379796
paper,medium,2006-03-31,2007Q3,7,FFR,4.29588071523444,5.073333333333333,-0.7774526180988932,0.17714060615519894,1.951577344167377,4.276146626041774,6.868262779053762,8.297961417531871
paper,medium,2006-03-31,2007Q4,8,FFR,4.369875154815242,4.496666666666667,-0.12679151185142512,0.16076069417788907,1.8344806540452905,4.34758363508084,7.031141108953456,8.628963082141187
paper,medium,2006-03-31,2006Q1,1,GDP,933.450490448902,963.1947034740143,-29.744213025112344,932.1632313307698,932.682697067282,933.4485859098695,934.2248419138015,934.7082045598969
paper,medium,2006-03-31,2006Q2,2,GDP,934.0985169066586,963.4399861405379,-29.341469233879366,932.1302286560084,932.8915373540104,934.089048701594,935.2846529295115,936.1282134177106
paper,medium,2006-03-31,2006Q3,3,GDP,934.7518533773494,963.5903292567261,-28.838475879376688,932.1562607676867,933.1337628779826,934.7573036164889,936.3654255323086,937.3844348819813
paper,medium,2006-03-31,2006Q4,4,GDP,935.4350371826619,964.4305015999738,-28.99546441731195,932.2923457818949,933.4277310903838,935.4400906353536,937.3541008709839,938.7660965823422
paper,medium,2006-03-31,2007Q1,5,GDP,936.1651832033058,964.7236703008948,-28.558487097589023,932.4415549635839,933.8249902214419,936.2232772528146,938.454211556566,940.0110473552378
paper,medium,2006-03-31,2007Q2,6,GDP,936.9442598599239,965.3600754705748,-28.41581561065084,932.7021211706642,934.3459816707674,936.9826357605355,939.5435789794242,941.296823896811
paper,medium,2006-03-31,2007Q3,7,GDP,937.7204961660688,965.9605755120938,-28.240079346025027,932.9985579618406,934.9111356094069,937.7689797627763,940.4863209136411,942.6228614366465
paper,medium,2006-03-31,2007Q4,8,GDP,938.5158562352058,966.5683687041123,-28.05251246890657,933.2327652283433,935.5346829014132,938.5301990247294,941.5654343240025,943.8004131372264
paper,medium,2006-03-31,2006Q1,1,HOURS,478.6594131757458,464.4804275228165,14.17898565292927,477.57984992347986,478.0412220963001,478.6569197837657,479.29197859833357,479.6926631117334
paper,medium,2006-03-31,2006Q2,2,HOURS,478.85734695734175,464.7913533526924,14.06599360464935,477.0414293783082,477.76765069595933,478.8605253975634,479.91576342803074,480.68310106496034
paper,medium,2006-03-31,2006Q3,3,HOURS,479.0265725569289,465.20728556743103,13.819286989497868,476.4324929732729,477.4479771733224,479.03970957731525,480.59421858368546,481.6278430789874
paper,medium,2006-03-31,2006Q4,4,HOURS,479.2621665988433,465.62909654958054,13.633070049262756,475.87382036420354,477.29348830481155,479.3026512147868,481.2609978201853,482.55723006591137
paper,medium,2006-03-31,2007Q1,5,HOURS,479.49417665466007,465.77246847229804,13.721708182362022,475.4810996949153,477.00405162857334,479.53315545536395,481.89805906879786,483.3426253025131
paper,medium,2006-03-31,2007Q2,6,HOURS,479.76934434972173,466.2731296512623,13.496214698459426,475.05195398134003,476.9955092520815,479.8246184568641,482.45987001278047,484.23797819531546
paper,medium,2006-03-31,2007Q3,7,HOURS,480.0547406981103,465.8900508409059,14.16468985720445,474.93212395528224,476.96569381695133,480.15125122974604,483.10926647477595,484.9584635251054
paper,medium,2006-03-31,2007Q4,8,HOURS,480.37194130206547,465.54069224148026,14.831249060585208,474.9324943650369,476.96369938253605,480.4908139134036,483.7004347542728,485.9135559754368
paper,medium,2006-03-31,2006Q1,1,INV,759.8254925533324,793.1853410450444,-33.359848491712,753.5746738367417,756.0217340920727,759.7449541302739,763.555402466726,766.3398878827576
paper,medium,2006-03-31,2006Q2,2,INV,760.4203705050352,792.5384529115302,-32.11808240649498,751.3115521542003,754.849469564405,760.4623230484844,766.1567495640057,769.6816724170147
paper,medium,2006-03-31,2006Q3,3,INV,761.1506076477904,792.1518941137941,-31.001286466003762,749.5140256366685,754.0073203675505,761.098247245854,768.2538782810028,773.2105097042949
paper,medium,2006-03-31,2006Q4,4,INV,761.8505069731956,790.1927739141016,-28.34226694090603,747.1680409527843,753.304012973235,761.6977056437854,770.6525520576783,775.719105069263
paper,medium,2006-03-31,2007Q1,5,INV,762.7458718114241,789.5023631425074,-26.75649133108334,746.1101786272503,753.1952117651489,762.8898727135495,772.7401653050091,778.7979434365267
paper,medium,2006-03-31,2007Q2,6,INV,763.9630346806972,790.5992750863104,-26.636240405613194,745.8650137027477,752.7258170602828,763.7903499859267,775.4120211960051,781.9023035107367
paper,medium,2006-03-31,2007Q3,7,INV,765.0561879026576,789.5847840191325,-24.528596116474887,745.0499266656618,753.030583337515,765.2024550166202,776.8315407040106,784.8581277966242
paper,medium,2006-03-31,2007Q4,8,INV,766.1404517615982,788.3467462094385,-22.206294447840264,744.6505894456092,753.4322620964875,766.22672419113,778.3820366193256,787.6845102872695
paper,medium,2006-03-31,2006Q1,1,WAGE,479.711013046232,459.65430792875725,20.056705117474735,478.69932239383127,479.09286092615133,479.7258834230362,480.31215579480846,480.71086675577413
paper,medium,2006-03-31,2006Q2,2,WAGE,480.0654481594691,458.81867809476785,21.246770064701252,478.62230325050587,479.2167700302292,480.06275424251476,480.93221117219855,481.5721129757212
paper,medium,2006-03-31,2006Q3,3,WAGE,480.4322569581553,458.137941661485,22.294315296670277,478.56381040010746,479.3339193237111,480.4311813187403,481.5515800484917,482.2265676118402
paper,medium,2006-03-31,2006Q4,4,WAGE,480.7879719259283,460.156369039398,20.63160288653029,478.4945115471105,479.4234126673953,480.8207273865281,482.1128508728658,482.99125659517233
paper,medium,2006-03-31,2007Q1,5,WAGE,481.1772684670276,461.45956266352465,19.71770580350295,478.512430359175,479.5719288799304,481.2267679479364,482.74911081004666,483.74080105463827
paper,medium,2006-03-31,2007Q2,6,WAGE,481.5494244162409,460.2255943706066,21.323830045634338,478.5579979094858,479.8348991268787,481.528114804922,483.29368247868797,484.39213320943924
paper,medium,2006-03-31,2007Q3,7,WAGE,481.9318326605565,460.0519387772664,21.879893883290094,478.6893776214092,480.030024254448,481.9467566562721,483.87165976935825,485.1344646027507
paper,medium,2006-03-31,2007Q4,8,WAGE,482.31194008581275,460.03184352570673,22.280096560106017,478.5836965553185,480.2262283774419,482.36263511280856,484.4387462647844,485.7751846205462
paper,medium,2006-06-30,2006Q2,1,CONS,899.7817818244038,924.3925620299899,-24.61078020558614,898.7440359650952,899.1983415478139,899.7698542864663,900.3893244808417,900.8007582817359
paper,medium,2006-06-30,2006Q3,2,CONS,900.5205704931984,925.0326753469096,-24.512104853711207,899.0523790960426,899.6214540936668,900.5163777085266,901.4196152446701,901.9974197198783
paper,medium,2006-06-30,2006Q4,3,CONS,901.3486100302097,925.9820583722299,-24.633448342020188,899.4223985766353,900.160753605903,901.3452628054682,902.5281453181447,903.2703181099873
paper,medium,2006-06-30,2007Q1,4,CONS,902.1561156949812,926.5969288954141,-24.4408132004329,899.7841295583518,900.7432284778567,902.1228785816295,903.6636161927166,904.5388848486328
paper,medium,2006-06-30,2007Q2,5,CONS,902.9754706608875,926.8589940290503,-23.883523368162855,900.0999351469019,901.2879526674441,902.9371405478585,904.7334865233178,905.7535167408652
paper,medium,2006-06-30,2007Q3,6,CONS,903.8132829338736,927.5238765851791,-23.710593651305544,900.643745035556,901.8358959348,903.8229772298987,905.7916193158751,906.9181001690196
paper,medium,2006-06-30,2007Q4,7,CONS,904.6227421679519,927.9171790430295,-23.294436875077622,900.9416815580969,902.4476343610006,904.670617664662,906.7889894155676,908.1263041477761
paper,medium,2006-06-30,2008Q1,8,CONS,905.4367703201804,927.779965478359,-22.343195158178673,901.2868044151859,903.1212532401527,905.3877581490783,907.806888513846,909.3290635012032
paper,medium,2006-06-30,2006Q2,1,DEFL,474.7667970954484,449.9809670330265,24.785830062421894,474.3114466006716,474.4892140241488,474.76901180000596,475.0559767714654,475.2517158409747
paper,medium,2006-06-30,2006Q3,2,DEFL,475.5996188826768,450.6763216075208,24.923297275156017,474.7940269211303,475.1135467008863,475.5899039809813,476.09614043406896,476.4177407302968
paper,medium,2006-06-30,2006Q4,3,DEFL,476.4446397450604,451.0496803385384,25.39495940652199,475.2779116750334,475.71600241593467,476.4542793505208,477.16259178982915,477.6368092344193
paper,medium,2006-06-30,2007Q1,4,DEFL,477.3089856948859,452.0037044010234,25.305281293862492,475.6896057879436,476.3122353308572,477.3294489131155,478.25933976447806,478.91768558034994
paper,medium,2006-06-30,2007Q2,5,DEFL,478.18175562375313,452.67004072796027,25.511714895792863,476.11345525537166,476.8681777686532,478.17890009868074,479.4409503959521,480.3555752135108
paper,medium,2006-06-30,2007Q3,6,DEFL,479.04951986199313,453.18788034112526,25.861639520867868,476.4171135229646,477.4662562577243,479.0574676400898,480.62473362330553,481.72205994759776
paper,medium,2006-06-30,2007Q4,7,DEFL,479.92278072582036,453.61094550558823,26.311835220232126,476.71569562173744,478.0238711010758,479.93085171583743,481.8039724415024,483.11577969483864
paper,medium,2006-06-30,2008Q1,8,DEFL,480.80789554743905,453.9617817747856,26.84611377265344,477.057400566086,478.54972029060997,480.79804570602937,483.02331482974614,484.59851213383314
paper,medium,2006-06-30,2006Q2,1,FFR,4.72346236951553,4.906666666666667,-0.1832042971511374,3.3131543259864364,3.8914172914157006,4.73025228533484,5.571034909657463,6.178888492597239
paper,medium,2006-06-30,2006Q3,2,FFR,4.812381451542923,5.246666666666667,-0.43428521512374374,2.732877114475845,3.5240119697179737,4.805160872972156,6.090690556238849,6.936987150226213
paper,medium,2006-06-30,2006Q4,3,FFR,4.8924031176466585,5.246666666666667,-0.35426354902000856,2.3455281504481946,3.2889187642699858,4.825966808476404,6.495729602706538,7.7308007722342325
paper,medium,2006-06-30,2007Q1,4,FFR,4.965361164343696,5.256666666666667,-0.29130550232297114,1.8530382457523846,3.127690450523063,4.943250121804499,6.87889570128922,8.067573701747977
paper,medium,2006-06-30,2007Q2,5,FFR,5.021500497739653,5.25,-0.22849950226034732,1.6633865142722872,2.96352833544615,4.931513088992558,7.066057154458013,8.544368951680159
paper,medium,2006-06-30,2007Q3,6,FFR,5.100602687022213,5.073333333333333,0.027269353688879505,1.3969790856102535,2.859626647996663,5.081891113222214,7.339758009756054,8.945003087593307
paper,medium,2006-06-30,2007Q4,7,FFR,5.162532491241642,4.496666666666667,0.6658658245749747,1.150729308105744,2.69945465373824,5.121695312017662,7.607345290492746,9.344226634945128
paper,medium,2006-06-30,2008Q1,8,FFR,5.1696666992108975,3.1766666666666663,1.9930000325442312,0.849591569670848,2.5910007690419956,5.163768726704685,7.733321127482851,9.62373128015043
paper,medium,2006-06-30,2006Q2,1,GDP,935.1025481594754,963.4399861405379,-28.33743798106252,933.8058729829058,934.3253232199655,935.0950917502518,935.8587749716596,936.3942901996545
paper,medium,2006-06-30,2006Q3,2,GDP,935.8771768838994,963.5903292567261,-27.7131523728267,933.9222170226426,934.6299194505626,935.8880320673557,937.0735866268013,937.895222399736
paper,medium,2006-06-30,2006Q4,3,GDP,936.6045276585928,964.4305015999738,-27.825973941380994,934.0829339282158,934.9878769223569,936.6380930154762,938.1698950354903,939.204822846536
paper,medium,2006-06-30,2007Q1,4,GDP,937.3758936188882,964.7236703008948,-27.34777668200661,934.3061796376601,935.4826557401042,937.3334255285665,939.2768685911389,940.5051089453884
paper,medium,2006-06-30,2007Q2,5,GDP,938.1664187702142,965.3600754705748,-27.19365670036052,934.5855512633742,935.9805384396507,938.1376236639903,940.4114634317706,941.8434343725454
paper,medium,2006-06-30,2007Q3,6,GDP,938.9601680000709,965.9605755120938,-27.00040751202289,934.9043738477109,936.4934656800691,938.9688629759214,941.4852284844528,943.019987700351
paper,medium,2006-06-30,2007Q4,7,GDP,939.7486917516683,966.5683687041123,-26.81967695244407,935.0875884835385,937.0710188532721,939.7525303564969,942.4949664327104,944.2847295081721
paper,medium,2006-06-30,2008Q1,8,GDP,940.5192703655214,966.1601069749734,-25.64083660945198,935.4004534584122,937.6282293250213,940.5078450493453,943.5449714161977,945.385805231124
paper,medium,2006-06-30,2006Q2,1,HOURS,479.5852985749811,464.7913533526924,14.793945222288698,478.54313875695067,478.9194242752341,479.5872871126169,480.2318835712346,480.6507131195163
paper,medium,2006-06-30,2006Q3,2,HOURS,479.9820687446111,465.20728556743103,14.774783177180097,478.1201995698668,478.8445783537603,479.97414624386647,481.1139505606188,481.84966392914055
paper,medium,2006-06-30,2006Q4,3,HOURS,480.30565217768844,465.62909654958054,14.676555628107906,477.67697733195234,478.6989344816202,480.3133554123043,481.89072842173533,482.91320466391426
paper,medium,2006-06-30,2007Q1,4,HOURS,480.62071836721066,465.77246847229804,14.848249894912612,477.31272867203666,478.6615011070597,480.64484280489376,482.6053157559885,483.9249590524923
paper,medium,2006-06-30,2007Q2,5,HOURS,480.9283829127333,466.2731296512623,14.655253261470989,476.9562123408786,478.6266849254459,480.9332170287261,483.1947705233163,484.843484320732
paper,medium,2006-06-30,2007Q3,6,HOURS,481.2528490116391,465.8900508409059,15.362798170733242,476.65149863323796,478.5161569011569,481.2578013912265,483.9690743835351,485.79249488287815
paper,medium,2006-06-30,2007Q4,7,HOURS,481.57121598825955,465.54069224148026,16.030523746779295,476.3723752239469,478.5532009136095,481.5717051749888,484.60083479789495,486.6191905097881
paper,medium,2006-06-30,2008Q1,8,HOURS,481.9086298120096,465.22350531644213,16.685124495567493,476.37680246144345,478.58198993081294,481.87987381589926,485.19979151355557,487.42210903745996
paper,medium,2006-06-30,2006Q2,1,INV,763.4786442766874,792.5384529115302,-29.05980863484274,757.1205785270829,759.6352234822673,763.4544936301988,767.2397751739366,770.0559051488729
paper,medium,2006-06-30,2006Q3,2,INV,764.6317948331672,792.1518941137941,-27.520099280626937,755.0462528157717,758.8290610483606,764.47166371246,770.5824524152259,774.426190863806
paper,medium,2006-06-30,2006Q4,3,INV,765.0281787933618,790.1927739141016,-25.16459512073982,752.8431878444017,757.4899879284245,765.0569116277916,772.3120821702179,777.1320120981169
paper,medium,2006-06-30,2007Q1,4,INV,765.9359063283863,789.5023631425074,-23.566456814121125,751.5695790044401,757.0120853603996,765.7056973062258,774.4089516642391,779.6301959450676
paper,medium,2006-06-30,2007Q2,5,INV,766.8254583482662,790.5992750863104,-23.77381673804416,750.2611547013862,757.0344522578062,767.0482625329153,776.5884379741292,782.7683538728006
paper,medium,2006-06-30,2007Q3,6,INV,767.8359282989121,789.5847840191325,-21.748855720220376,750.4185189149562,757.0750693671241,767.7602706392477,778.4797517334794,785.2803198762523
paper,medium,2006-06-30,2007Q4,7,INV,768.8966523152619,788.3467462094385,-19.450093894176575,749.5799801043614,757.4171273409906,768.805366817953,780.3842206843116,788.198896709206
paper,medium,2006-06-30,2008Q1,8,INV,769.8642177729218,785.6804736421575,-15.816255869235647,749.172812634658,757.7548251980731,769.6571722720803,782.2831201217629,791.0508209840899
paper,medium,2006-06-30,2006Q2,1,WAGE,479.62981376199576,458.81867809476785,20.811135667227916,478.68522806206647,479.0405318076018,479.6205990642452,480.2094220662863,480.6280730611504
paper,medium,2006-06-30,2006Q3,2,WAGE,479.9517092595867,458.137941661485,21.81376759810172,478.49120148290564,479.0946154636759,479.94357082597713,480.8401745223533,481.42082105556636
paper,medium,2006-06-30,2006Q4,3,WAGE,480.3268032801876,460.156369039398,20.170434240789632,478.5078442957994,479.1779997011037,480.3245382241495,481.49881472980576,482.24012345900815
paper,medium,2006-06-30,2007Q1,4,WAGE,480.71348320796875,461.45956266352465,19.2539205444441,478.4457373222671,479.40365857936104,480.7006910252977,482.079254975679,482.9453949296353
paper,medium,2006-06-30,2007Q2,5,WAGE,481.08790690521204,460.2255943706066,20.86231253460545,478.58699659205547,479.56405804283384,481.0697316577796,482.5645322306666,483.699374154951
paper,medium,2006-06-30,2007Q3,6,WAGE,481.4616129625887,460.0519387772664,21.409674185322274,478.65904160037286,479.7446397388479,481.457471160359,483.13644090301045,484.3350966839524
paper,medium,2006-06-30,2007Q4,7,WAGE,481.82209561141025,460.03184352570673,21.790252085703514,478.6120002576692,479.92132671578713,481.81520677757646,483.77467939612075,485.0270104900404
paper,medium,2006-06-30,2008Q1,8,WAGE,482.1624741998742,459.9262771523625,22.236197047511723,478.5970573027305,480.1102021241473,482.15059188475647,484.2010761545909,485.60228241256976
paper,medium,2006-09-30,2006Q3,1,CONS,900.0360472295815,925.0326753469096,-24.9966281173281,899.0745807673597,899.4542269377204,900.0221436527695,900.6458124598156,901.025288880969
paper,medium,2006-09-30,2006Q4,2,CONS,900.7820834053277,925.9820583722299,-25.19997496690212,899.2256929253743,899.8808298436635,900.7804110058876,901.6671356861021,902.2977883373791
paper,medium,2006-09-30,2007Q1,3,CONS,901.4743333032335,926.5969288954141,-25.122595592180573,899.4900122959647,900.2692353044544,901.4793514186512,902.667694417449,903.4653576105889
paper,medium,2006-09-30,2007Q2,4,CONS,902.2298726912015,926.8589940290503,-24.6291213378488,899.6650512577786,900.7664448698281,902.2659565720378,903.6935397013453,904.6512880149623
paper,medium,2006-09-30,2007Q3,5,CONS,903.0467657877807,927.5238765851791,-24.47711079739838,900.1438446333545,901.3212459755258,903.0970230975511,904.7657895081711,905.9196495460134
paper,medium,2006-09-30,2007Q4,6,CONS,903.8426389265702,927.9171790430295,-24.074540116459275,900.3941776908099,901.8752145946395,903.8929029923265,905.7927467118808,907.0917182326461
paper,medium,2006-09-30,2008Q1,7,CONS,904.6706219507386,927.779965478359,-23.109343527620467,900.8936553175753,902.4349906367285,904.6763187544873,906.8685943673306,908.3051917344425
paper,medium,2006-09-30,2008Q2,8,CONS,905.4905044157144,928.0551554354275,-22.564651019713097,901.4080691434556,903.0940319218965,905.5134067345889,907.8983072958581,909.5093064257076
paper,medium,2006-09-30,2006Q3,1,DEFL,476.1435505867406,450.6763216075208,25.46722897921984,475.654520981683,475.8539777438886,476.14370172355143,476.42370579760814,476.61990749037994
paper,medium,2006-09-30,2006Q4,2,DEFL,477.0328171304405,451.0496803385384,25.983136791902098,476.2200237001489,476.5475687153202,477.02503810732605,477.5273115498058,477.8935609598116
paper,medium,2006-09-30,2007Q1,3,DEFL,477.9234829817579,452.0037044010234,25.919778580734487,476.732710006493,477.2046359478511,477.90300388503533,478.6520487993772,479.16545989014156
paper,medium,2006-09-30,2007Q2,4,DEFL,478.8136180445192,452.67004072796027,26.143577316558947,477.1795241731503,477.81801851169985,478.7707555635159,479.8279902748509,480.5100203221903
paper,medium,2006-09-30,2007Q3,5,DEFL,479.70933388228633,453.18788034112526,26.521453541161065,477.54400299088735,478.43798687133705,479.6528904470988,480.9969939138625,481.93138073196945
paper,medium,2006-09-30,2007Q4,6,DEFL,480.60098360057975,453.61094550558823,26.99003809499152,477.88038989471494,479.0144936844362,480.53337586154584,482.2401273236836,483.402810214309
paper,medium,2006-09-30,2008Q1,7,DEFL,481.4890954358198,453.9617817747856,27.527313661034214,478.28936741442214,479.54010782361235,481.43797840475736,483.4352133402144,484.8958242659646
paper,medium,2006-09-30,2008Q2,8,DEFL,482.38084181240765,454.46768055591286,27.91316125649479,478.6334310844832,480.0824924863228,482.33923327917785,484.6536331351272,486.4020317539365
paper,medium,2006-09-30,2006Q3,1,FFR,4.928841897943443,5.246666666666667,-0.3178247687232236,3.5782296029352465,4.087032120585825,4.930005601542726,5.7717479780401515,6.340109328883937
paper,medium,2006-09-30,2006Q4,2,FFR,4.924137829247266,5.246666666666667,-0.32252883741940064,2.8138521501154825,3.6447755508286455,4.92837153607889,6.205345334752462,7.039022345766711
paper,medium,2006-09-30,2007Q1,3,FFR,4.935859734388621,5.256666666666667,-0.320806932278046,2.2578650557928017,3.3124657420523174,4.93487751893774,6.511128068863428,7.533064543658314
paper,medium,2006-09-30,2007Q2,4,FFR,4.953610159017149,5.25,-0.2963898409828509,1.967850814683295,3.2356050866801955,4.906687211726657,6.783710746140672,8.042030466498312
paper,medium,2006-09-30,2007Q3,5,FFR,4.999249167111087,5.073333333333333,-0.07408416622224667,1.5445462756440331,2.9598494544460774,5.024424642455083,7.017088107982372,8.491318096426658
paper,medium,2006-09-30,2007Q4,6,FFR,5.044565952544807,4.496666666666667,0.54789928587814,1.273517714989113,2.842600257176472,5.01605302773795,7.308427955240227,8.770813382169322
paper,medium,2006-09-30,2008Q1,7,FFR,5.090443391885077,3.1766666666666663,1.9137767252184106,1.0944586259521567,2.6019696106488333,5.094427897715672,7.439292759759881,9.12994878200017
paper,medium,2006-09-30,2008Q2,8,FFR,5.09944066542295,2.0866666666666664,3.0127739987562836,0.6885834121536601,2.5722803339382847,5.069550957865022,7.728970226532259,9.267945828933787
paper,medium,2006-09-30,2006Q3,1,GDP,934.5326073035228,963.5903292567261,-29.057721953203327,933.1477396551544,933.747680794435,934.549693050104,935.3103070915888,935.8228271124052
paper,medium,2006-09-30,2006Q4,2,GDP,935.099272914766,964.4305015999738,-29.33122868520786,933.0869390967545,933.8959747418604,935.113008435319,936.2948026261248,937.0794561918384
paper,medium,2006-09-30,2007Q1,3,GDP,935.7505466782018,964.7236703008948,-28.973123622693038,933.1822755192418,934.1941802675574,935.7205627843357,937.3441216214442,938.4541961682093
paper,medium,2006-09-30,2007Q2,4,GDP,936.4959624292777,965.3600754705748,-28.86411304129706,933.24157499186,934.5903487307219,936.4574897455768,938.4078140820045,939.776494473306
paper,medium,2006-09-30,2007Q3,5,GDP,937.2444133031324,965.9605755120938,-28.71616220896135,933.5185171425837,934.99965646617,937.2906621570626,939.4579960710661,940.8936466552352
paper,medium,2006-09-30,2007Q4,6,GDP,938.0246217391071,966.5683687041123,-28.543746965005198,933.789884907575,935.5009252870373,938.0628493525815,940.4940672308477,942.1501469248263
paper,medium,2006-09-30,2008Q1,7,GDP,938.788771435583,966.1601069749734,-27.371335539390316,934.1221521871988,935.9663537005412,938.7719055674349,941.5336181343422,943.4440916304379
paper,medium,2006-09-30,2008Q2,8,GDP,939.5503660402593,966.730770931016,-27.180404890756677,934.5667618092536,936.395871797423,939.5593347471836,942.6153934908881,944.5964648275414
paper,medium,2006-09-30,2006Q3,1,HOURS,479.27406518583905,465.20728556743103,14.06677961840802,478.1858740713865,478.5853539169424,479.2787096507148,479.93988849813474,480.39389706805025
paper,medium,2006-09-30,2006Q4,2,HOURS,479.41056841055337,465.62909654958054,13.781471860972829,477.5976187875625,478.27186040473873,479.4104952316783,480.55210485329343,481.2266342788661
paper,medium,2006-09-30,2007Q1,3,HOURS,479.54929660268397,465.77246847229804,13.776828130385923,476.9497918457052,477.9409783376419,479.5458502722731,481.12158228927956,482.25413768887216
paper,medium,2006-09-30,2007Q2,4,HOURS,479.75060313189283,466.2731296512623,13.477473480630522,476.3840080386215,477.76812988550506,479.78135201458105,481.8047148992111,483.0311415938981
paper,medium,2006-09-30,2007Q3,5,HOURS,479.99882956386176,465.8900508409059,14.10877872295589,475.9860349408413,477.58800856267874,480.000774200048,482.4276201036488,483.8948371818454
paper,medium,2006-09-30,2007Q4,6,HOURS,480.27767251039506,465.54069224148026,14.736980268914806,475.58810231703563,477.4584493746266,480.28097339343844,483.0245977726359,484.7819032398724
paper,medium,2006-09-30,2008Q1,7,HOURS,480.57406993003195,465.22350531644213,15.350564613589825,475.39580526041806,477.44301338577895,480.5949791200512,483.68088366058424,485.57682849867075
paper,medium,2006-09-30,2008Q2,8,HOURS,480.88771126777317,464.68014529590437,16.207565971868803,475.22271449291935,477.37759812636256,481.01766882885687,484.2796098484039,486.4346127936075
paper,medium,2006-09-30,2006Q3,1,INV,758.1005434902597,792.1518941137941,-34.051350623534404,751.5949910687386,754.1785336287313,758.1505345394567,761.9860968237816,764.4653223413144
paper,medium,2006-09-30,2006Q4,2,INV,757.596805608422,790.1927739141016,-32.59596830567966,748.1604824344479,751.9496586527027,757.7771181605206,763.086787170675,766.7906827251736
paper,medium,2006-09-30,2007Q1,3,INV,758.0210042693409,789.5023631425074,-31.481358873166528,746.1741563049458,750.5522841181829,757.8917448892353,765.3505056156971,769.7380787850581
paper,medium,2006-09-30,2007Q2,4,INV,758.858912378367,790.5992750863104,-31.740362707943405,744.7603384098886,750.2234186797743,758.8996638969677,767.5001414786201,772.945227523162
paper,medium,2006-09-30,2007Q3,5,INV,759.6955700559378,789.5847840191325,-29.88921396319472,743.855838258278,749.8694931979941,759.9041737007713,769.0586055767766,775.2796475252163
paper,medium,2006-09-30,2007Q4,6,INV,760.9065163861585,788.3467462094385,-27.440229823279992,743.1703784049488,750.3144481271218,761.1082666974633,771.5316186520994,778.689188008544
paper,medium,2006-09-30,2008Q1,7,INV,761.8073558612768,785.6804736421575,-23.873117780880648,742.5049770979664,750.3423765542252,762.106537648007,773.389448505437,780.9761131648307
paper,medium,2006-09-30,2008Q2,8,INV,762.8815770829739,783.8502214603918,-20.968644377417945,742.1951723374737,750.1981111854202,763.1867163299258,775.3456774675645,783.3005050298924
paper,medium,2006-09-30,2006Q3,1,WAGE,481.7263523347744,458.137941661485,23.58841067328939,480.67744553919385,481.11946806451215,481.7331967260993,482.34303988085355,482.7237470979957
paper,medium,2006-09-30,2006Q4,2,WAGE,482.13545711554855,460.156369039398,21.97908807615056,480.6201886453849,481.2262607745035,482.1339717194177,483.0392243656129,483.6395366182167
paper,medium,2006-09-30,2007Q1,3,WAGE,482.5452814925888,461.45956266352465,21.08571882906415,480.5749473374684,481.3939834361659,482.5552611178933,483.6816233485545,484.4124613091064
paper,medium,2006-09-30,2007Q2,4,WAGE,482.909083357088,460.2255943706066,22.683488986481393,480.6748628764449,481.5079645391893,482.9009805173638,484.2509506380137,485.2030156882291
paper,medium,2006-09-30,2007Q3,5,WAGE,483.30560267778725,460.0519387772664,23.25366390052085,480.7227380326923,481.7050004863244,483.33042210244344,484.8849198898054,485.96708571487875
paper,medium,2006-09-30,2007Q4,6,WAGE,483.6942367916717,460.03184352570673,23.662393265964965,480.7645489633006,481.88881478080935,483.6835010155804,485.44868087239337,486.66177830734347
paper,medium,2006-09-30,2008Q1,7,WAGE,484.06743085386813,459.9262771523625,24.14115370150563,480.7275604889466,482.0208321747275,484.0868631328698,486.0300100707158,487.3825107817091
paper,medium,2006-09-30,2008Q2,8,WAGE,484.46311793230456,458.7657734236793,25.697344508625235,480.92574634550766,482.2109855543012,484.46785236459056,486.6211902965609,488.06091657627695
paper,medium,2006-12-31,2006Q4,1,CONS,900.78510528057,925.9820583722299,-25.196953091659907,899.7993086841674,900.1859291762495,900.7810565328095,901.398300515417,901.7963577327373
paper,medium,2006-12-31,2007Q1,2,CONS,901.460156820246,926.5969288954141,-25.136772075168096,899.9333756643632,900.5174892231748,901.4834623361221,902.3841640237503,902.9598514815667
paper,medium,2006-12-31,2007Q2,3,CONS,902.285536168888,926.8589940290503,-24.573457860162307,900.248012544075,901.0566100921625,902.3046450583444,903.4840655327235,904.2968676187645
paper,medium,2006-12-31,2007Q3,4,CONS,903.126549968095,927.5238765851791,-24.397326617084104,900.567062099136,901.6068294116741,903.1336497934299,904.6275798698665,905.6867606823201
paper,medium,2006-12-31,2007Q4,5,CONS,903.9423203811104,927.9171790430295,-23.97485866191903,900.9447395816331,902.1318277464027,903.9142498996134,905.7406921233144,906.9239737236295
paper,medium,2006-12-31,2008Q1,6,CONS,904.8118918818136,927.779965478359,-22.968073596545423,901.3567149055729,902.8281810536536,904.7666277810068,906.8906446369124,908.2667899761506
paper,medium,2006-12-31,2008Q2,7,CONS,905.6825793999753,928.0551554354275,-22.372576035452198,901.9788152301886,903.4171311492901,905.7174760188411,907.9385831552354,909.4718620699032
paper,medium,2006-12-31,2008Q3,8,CONS,906.5560709084574,927.2814388489875,-20.725367940530077,902.4470379053523,904.0438760851333,906.6282695253415,909.0384612290047,910.5950980152647
paper,medium,2006-12-31,2006Q4,1,DEFL,476.44558124068527,451.0496803385384,25.395900902146877,475.9525374833629,476.15787652301657,476.44648131644124,476.7498179332741,476.931222150392
paper,medium,2006-12-31,2007Q1,2,DEFL,477.15010052489623,452.0037044010234,25.14639612387282,476.31328749610634,476.6419009628658,477.15476188202604,477.6600351919017,477.96344091702406
paper,medium,2006-12-31,2007Q2,3,DEFL,477.8325671876921,452.67004072796027,25.16252645973185,476.5868779188035,477.09435915029854,477.8462054307149,478.5677567680117,479.0385619182654
paper,medium,2006-12-31,2007Q3,4,DEFL,478.5158340325716,453.18788034112526,25.32795369144634,476.84511960548105,477.527850915523,478.5181350538405,479.53545827112464,480.1457182370179
paper,medium,2006-12-31,2007Q4,5,DEFL,479.2223964286205,453.61094550558823,25.611450923032294,477.02460882218725,477.9079858302377,479.2312711653658,480.5394987545442,481.3585712731468
paper,medium,2006-12-31,2008Q1,6,DEFL,479.9221478391699,453.9617817747856,25.96036606438429,477.24854820325817,478.30587157898657,479.93971733127444,481.55607479787665,482.664144848542
paper,medium,2006-12-31,2008Q2,7,DEFL,480.6336060678949,454.46768055591286,26.16592551198204,477.37688250371883,478.72782751237526,480.6488044163681,482.5828396765284,483.9432881770123
paper,medium,2006-12-31,2008Q3,8,DEFL,481.34428292598193,455.2191261197205,26.12515680626143,477.5053015775002,479.10821476733497,481.3066448130767,483.5999969685008,485.16564170487317
paper,medium,2006-12-31,2006Q4,1,FFR,5.202893125068061,5.246666666666667,-0.0437735415986058,3.72539512785013,4.378199415714223,5.205688791606218,6.057611821186594,6.632072049826821
paper,medium,2006-12-31,2007Q1,2,FFR,5.104430957389288,5.256666666666667,-0.15223570927737917,2.9107412108426494,3.804051660630677,5.144540029223478,6.361465818973088,7.181090021511824
paper,medium,2006-12-31,2007Q2,3,FFR,5.0965173185168124,5.25,-0.15348268148318756,2.4722970306411987,3.559839395671848,5.116760369617124,6.622353280675041,7.613685879629462
paper,medium,2006-12-31,2007Q3,4,FFR,5.114001645132766,5.073333333333333,0.040668311799432644,2.128247159652784,3.285614561784029,5.138980608230517,6.881745053898744,8.102458965469285
paper,medium,2006-12-31,2007Q4,5,FFR,5.054900402081178,4.496666666666667,0.558233735414511,1.6947377970370825,3.041218713745856,5.052527491128147,7.039264648960497,8.285666803786071
paper,medium,2006-12-31,2008Q1,6,FFR,5.027181004703254,3.1766666666666663,1.850514338036588,1.4305104882547177,2.829057009828566,5.000605648365333,7.199969884457703,8.589944527735742
paper,medium,2006-12-31,2008Q2,7,FFR,5.051322568429008,2.0866666666666664,2.9646559017623413,1.171127898557476,2.6560770269106597,5.015997314153385,7.465981675488999,9.024368037161937
paper,medium,2006-12-31,2008Q3,8,FFR,5.03701134194436,1.9400000000000002,3.0970113419443592,1.0284321779360086,2.5425813756502844,4.978646034477144,7.574553223675561,9.19616923369418
paper,medium,2006-12-31,2006Q4,1,GDP,935.1864799572105,964.4305015999738,-29.2440216427633,933.8564642302695,934.3824233105424,935.1769809209493,935.964993924278,936.4976409330188
paper,medium,2006-12-31,2007Q1,2,GDP,935.880795211835,964.7236703008948,-28.842875089059817,933.7719389157068,934.6058761524374,935.901203918309,937.1350833139699,937.884608515099
paper,medium,2006-12-31,2007Q2,3,GDP,936.6673041241402,965.3600754705748,-28.692771346434597,933.8793774971299,934.9791277803537,936.7246136805944,938.3117340949796,939.3117183315783
paper,medium,2006-12-31,2007Q3,4,GDP,937.4400561687164,965.9605755120938,-28.520519343377373,934.0229620977499,935.5334447436343,937.4620406272145,939.4049035718365,940.7240322199149
paper,medium,2006-12-31,2007Q4,5,GDP,938.2062741469842,966.5683687041123,-28.362094557128103,934.4005326141229,935.9400291481713,938.172020165418,940.5548697171062,942.0794899729104
paper,medium,2006-12-31,2008Q1,6,GDP,938.9794158330783,966.1601069749734,-27.180691141895068,934.6786268340109,936.3860258116352,938.9713142949241,941.6065762356972,943.3764169662624
paper,medium,2006-12-31,2008Q2,7,GDP,939.811153607686,966.730770931016,-26.91961732332993,935.172512950486,936.9911538828354,939.8185106876524,942.6471068542346,944.7287657421739
paper,medium,2006-12-31,2008Q3,8,GDP,940.6327509518759,966.2024850530005,-25.569734101124595,935.5313307931034,937.6255605899804,940.6359708827754,943.7465426617352,945.9096553457996
paper,medium,2006-12-31,2006Q4,1,HOURS,479.881662799563,465.62909654958054,14.252566249982465,478.81650704533615,479.2622279772451,479.89356958440027,480.5031730422168,480.9369810172591
paper,medium,2006-12-31,2007Q1,2,HOURS,480.1028539651291,465.77246847229804,14.330385492831056,478.2298986238456,478.9463662015301,480.12212089296565,481.2391706261714,481.8862098726281
paper,medium,2006-12-31,2007Q2,3,HOURS,480.33934366587823,466.2731296512623,14.066214014615923,477.58741751597734,478.750240483861,480.4131391954889,481.9464909298501,482.9226012221029
paper,medium,2006-12-31,2007Q3,4,HOURS,480.6068810343608,465.8900508409059,14.716830193454939,477.1581781705123,478.5700818008009,480.6589505863367,482.6284536383942,483.80665602530183
paper,medium,2006-12-31,2007Q4,5,HOURS,480.8891907035846,465.54069224148026,15.348498462104317,476.8329466533123,478.4368353554625,480.88680403646526,483.22297957201965,484.8879848910592
paper,medium,2006-12-31,2008Q1,6,HOURS,481.17891550048455,465.22350531644213,15.955410184042421,476.59757819132784,478.4704182397086,481.1560209318339,483.7917955890713,485.8742877864887
paper,medium,2006-12-31,2008Q2,7,HOURS,481.51293930718964,464.68014529590437,16.832794011285273,476.4158088279857,478.5046888845121,481.5168555741211,484.5394539506353,486.68609738282214
paper,medium,2006-12-31,2008Q3,8,HOURS,481.85014624616446,463.5291936540614,18.320952592103083,476.36164911747755,478.4684957079501,481.8279172576546,485.21249423580053,487.5014173294067
paper,medium,2006-12-31,2006Q4,1,INV,758.9184106670936,790.1927739141016,-31.27436324700807,752.5101186366174,754.964212030187,759.0126278145128,762.708858926215,765.1248633574686
paper,medium,2006-12-31,2007Q1,2,INV,759.8777186900314,789.5023631425074,-29.62464445247599,749.9469131964977,753.990261177086,759.8155004097396,765.8097853280708,769.3694668710266
paper,medium,2006-12-31,2007Q2,3,INV,760.7901982392594,790.5992750863104,-29.80907684705096,748.074414313504,753.2387276528925,760.9051014231484,768.282186928547,773.136648431558
paper,medium,2006-12-31,2007Q3,4,INV,761.6308381056716,789.5847840191325,-27.95394591346087,747.5824411738421,752.7313146234815,761.8594536061377,770.0023615296537,775.6207388374343
paper,medium,2006-12-31,2007Q4,5,INV,762.7138894319299,788.3467462094385,-25.63285677750855,746.692826610072,752.7754368943545,762.6848962042725,772.2071161964426,779.3360356190818
paper,medium,2006-12-31,2008Q1,6,INV,763.5543984751237,785.6804736421575,-22.126075167033832,746.3016722860416,752.6309227684625,763.3459592667281,774.2594466250757,781.4677690281641
paper,medium,2006-12-31,2008Q2,7,INV,764.8002506268515,783.8502214603918,-19.04997083354033,745.9002157889477,752.7663210847024,764.9715980334332,776.2297224355136,784.1326720056294
paper,medium,2006-12-31,2008Q3,8,INV,765.9315623894204,781.8248839683592,-15.893321578938867,745.8471894072528,753.7529475996793,765.9523639973904,778.2036127163409,787.3373470498813
paper,medium,2006-12-31,2006Q4,1,WAGE,479.58505968814274,460.156369039398,19.428690648744748,478.5084977089423,478.9627289718648,479.5743588252992,480.2313564192472,480.6188840652319
paper,medium,2006-12-31,2007Q1,2,WAGE,479.91440661370353,461.45956266352465,18.454843950178883,478.3713381960099,478.99893193132743,479.9310559620094,480.8211649809164,481.45638180926795
paper,medium,2006-12-31,2007Q2,3,WAGE,480.2817292728502,460.2255943706066,20.056134902243627,478.2355724277634,479.10305509362587,480.3063816405496,481.45480824309453,482.27840352175946
paper,medium,2006-12-31,2007Q3,4,WAGE,480.6406180367272,460.0519387772664,20.588679259460775,478.23348972298595,479.1972950014142,480.6831762140367,482.0745122223293,482.9582848900862
paper,medium,2006-12-31,2007Q4,5,WAGE,481.01807661025657,460.03184352570673,20.986233084549838,478.17392531570493,479.39723730009325,481.04373576926696,482.61857644029163,483.6962318139722
paper,medium,2006-12-31,2008Q1,6,WAGE,481.3898656076625,459.9262771523625,21.4635884553,478.32492281489317,479.52922726929495,481.438404274486,483.25364047512124,484.350482359232
paper,medium,2006-12-31,2008Q2,7,WAGE,481.7771126604197,458.7657734236793,23.011339236740355,478.418894009836,479.7839883518887,481.82902310945667,483.7572831455897,485.0248990882855
paper,medium,2006-12-31,2008Q3,8,WAGE,482.1822285668682,458.23722773120875,23.94500083565947,478.4210972058756,479.9805018810794,482.2328515225778,484.35752241566735,485.70165085395325
paper,medium,2007-03-31,2007Q1,1,CONS,901.7323100248143,926.5969288954141,-24.86461887059977,900.7319523660428,901.1085126370871,901.7322030399573,902.3566497464201,902.74797148305
paper,medium,2007-03-31,2007Q2,2,CONS,902.4676981156925,926.8589940290503,-24.391295913357794,900.926298862206,901.5213878389513,902.4701635910474,903.4005785424214,904.025683769367
paper,medium,2007-03-31,2007Q3,3,CONS,903.3508079887038,927.5238765851791,-24.173068596475332,901.3140613271203,902.1040379782204,903.3588470253019,904.5636185037027,905.3282020069016
paper,medium,2007-03-31,2007Q4,4,CONS,904.1852378529172,927.9171790430295,-23.731941190112252,901.6481239381374,902.6865237015512,904.1729435287264,905.6828057748646,906.7146425711829
paper,medium,2007-03-31,2008Q1,5,CONS,905.0411253228342,927.779965478359,-22.738840155524827,902.018598905064,903.2992039916462,905.0420501590137,906.808309985846,907.9741942034678
paper,medium,2007-03-31,2008Q2,6,CONS,905.9278569115427,928.0551554354275,-22.12729852388486,902.4935913253416,903.9332413602874,905.9593435003173,907.9794095288507,909.207554179608
paper,medium,2007-03-31,2008Q3,7,CONS,906.8098764470956,927.2814388489875,-20.4715624018919,902.8566421496497,904.5397881936232,906.8512379168659,909.0200514755023,910.5648183874273
paper,medium,2007-03-31,2008Q4,8,CONS,907.7042689771192,926.3774213756642,-18.67315239854497,903.4737648256064,905.2392568048743,907.6985927245554,910.2247777261525,911.86302771546
paper,medium,2007-03-31,2007Q1,1,DEFL,476.7723096853056,452.0037044010234,24.76860528428216,476.3146757844948,476.4819530618769,476.77198003687863,477.0554300175167,477.25750582868704
paper,medium,2007-03-31,2007Q2,2,DEFL,477.3753539138201,452.67004072796027,24.705313185859836,476.57774530613835,476.88055402605323,477.3708173079208,477.87756351982546,478.2022479606217
paper,medium,2007-03-31,2007Q3,3,DEFL,477.96180359218545,453.18788034112526,24.773923251060182,476.7728005275778,477.2604126395607,477.9515990818245,478.6784849333145,479.1742580973468
paper,medium,2007-03-31,2007Q4,4,DEFL,478.56221571906985,453.61094550558823,24.95127021348162,476.98719906151456,477.6001773212594,478.5393513939325,479.5180599178966,480.21327053326496
paper,medium,2007-03-31,2008Q1,5,DEFL,479.17671148973676,453.9617817747856,25.214929714951154,477.06184182392496,477.91968173479125,479.16467392117556,480.43222873806366,481.30909019070833
paper,medium,2007-03-31,2008Q2,6,DEFL,479.78115450871235,454.46768055591286,25.313473952799484,477.12244067155535,478.2063463708488,479.78851164073876,481.32698068073705,482.4475519271383
paper,medium,2007-03-31,2008Q3,7,DEFL,480.39341876500265,455.2191261197205,25.17429264528215,477.08729553173725,478.46429835291826,480.41782478294834,482.2570379971111,483.63151430934676
paper,medium,2007-03-31,2008Q4,8,DEFL,481.01359692124754,455.45608681615494,25.557510105092604,477.1404357033087,478.7643940726873,481.0503726387635,483.2734421867488,484.7432820542994
paper,medium,2007-03-31,2007Q1,1,FFR,5.151457331849268,5.256666666666667,-0.10520933481739903,3.795752524800041,4.314910106356532,5.159374866808574,6.006364528262525,6.548839154961201
paper,medium,2007-03-31,2007Q2,2,FFR,5.042830426506174,5.25,-0.20716957349382614,2.8869313791878666,3.760413038178794,5.037916540604047,6.332119954453826,7.226567326095236
paper,medium,2007-03-31,2007Q3,3,FFR,5.04062616378251,5.073333333333333,-0.03270716955082342,2.4882723634482833,3.479883468555801,5.037951561247869,6.614547723348776,7.699505285488735
paper,medium,2007-03-31,2007Q4,4,FFR,5.01131366262961,4.496666666666667,0.5146469959629432,2.0413561975436108,3.215539151115208,4.980131539973915,6.809110866875163,8.029786717556687
paper,medium,2007-03-31,2008Q1,5,FFR,4.8977758666831015,3.1766666666666663,1.7211092000164352,1.5024802164054212,2.910992504527737,4.905301206095434,6.916859414890593,8.182743940686683
paper,medium,2007-03-31,2008Q2,6,FFR,4.8504989085761325,2.0866666666666664,2.763832241909466,1.1412842595482795,2.7043912999918867,4.899774728552378,6.993966886206398,8.337343411305755
paper,medium,2007-03-31,2008Q3,7,FFR,4.836537020045718,1.9400000000000002,2.8965370200457174,0.8880219584518397,2.4571316646845665,4.872508830865943,7.197601379925943,8.59777401781003
paper,medium,2007-03-31,2008Q4,8,FFR,4.836834932844389,0.5066666666666667,4.330168266177722,0.6298618661237065,2.3477610460387663,4.902329753313406,7.334116673689996,8.905489594630819
paper,medium,2007-03-31,2007Q1,1,GDP,935.8510441465511,964.7236703008948,-28.87262615434372,934.4734245004552,935.0328393932533,935.8700273886136,936.646906396479,937.1841303698278
paper,medium,2007-03-31,2007Q2,2,GDP,936.5208182217608,965.3600754705748,-28.839257248813965,934.4742749687996,935.2525467332811,936.5353780162146,937.7838968939211,938.5491995400092
paper,medium,2007-03-31,2007Q3,3,GDP,937.2806041580379,965.9605755120938,-28.67997135405585,934.5816201388359,935.646094095382,937.2223176689495,938.8754941141551,939.9419035074527
paper,medium,2007-03-31,2007Q4,4,GDP,938.0700330182086,966.5683687041123,-28.498335685903726,934.7504652965304,936.121750294148,938.1253044663838,940.0258760795732,941.2925817500156
paper,medium,2007-03-31,2008Q1,5,GDP,938.8744574289817,966.1601069749734,-27.285649545991646,935.0893786185957,936.6522282514653,938.9191477870139,941.093511100836,942.5844557381524
paper,medium,2007-03-31,2008Q2,6,GDP,939.7027535181859,966.730770931016,-27.02801741283008,935.4539532884726,937.1880760469144,939.7094519540178,942.2627176857532,943.9832948663546
paper,medium,2007-03-31,2008Q3,7,GDP,940.5204857007592,966.2024850530005,-25.68199935224129,935.8017438123942,937.7199756657451,940.5476826586478,943.3323464171183,945.2306176158108
paper,medium,2007-03-31,2008Q4,8,GDP,941.3740710893848,963.9952057445751,-22.621134655190303,936.2495638963846,938.3951958369953,941.3853550586776,944.4528426684302,946.5820200727405
paper,medium,2007-03-31,2007Q1,1,HOURS,480.7574446523277,465.77246847229804,14.984976180029662,479.6725829855059,480.0922230227527,480.7617596998443,481.43637143216415,481.8396687677287
paper,medium,2007-03-31,2007Q2,2,HOURS,480.89522148910123,466.2731296512623,14.622091837838923,479.0026476385259,479.737189178967,480.9076535123078,481.98490927333205,482.76270129372585
paper,medium,2007-03-31,2007Q3,3,HOURS,481.04847994581485,465.8900508409059,15.158429104908976,478.5184076927517,479.44028250538247,481.0217745492173,482.6342062743471,483.7443946985355
paper,medium,2007-03-31,2007Q4,4,HOURS,481.2709797380302,465.54069224148026,15.73028749654992,478.0551196794051,479.29689496514874,481.2420717925551,483.2269800289725,484.65059266829985
paper,medium,2007-03-31,2008Q1,5,HOURS,481.55486845975327,465.22350531644213,16.331363143311137,477.6109298521543,479.1511147125995,481.54291386848524,483.9864538715021,485.5484718620061
paper,medium,2007-03-31,2008Q2,6,HOURS,481.85952273093795,464.68014529590437,17.179377435033587,477.269726620307,479.14917485321575,481.809564361603,484.66144004549955,486.40048857679864
paper,medium,2007-03-31,2008Q3,7,HOURS,482.19376452738436,463.5291936540614,18.664570873322987,476.9818438564079,479.10007812961635,482.19938763807073,485.24781759026644,487.30436050827643
paper,medium,2007-03-31,2008Q4,8,HOURS,482.55893194233863,460.7158208561043,21.84311108623433,476.6749657632206,479.1014847711884,482.64934726811725,485.869566728829,488.11487925524943
paper,medium,2007-03-31,2007Q1,1,INV,755.7822838629078,789.5023631425074,-33.720079279599645,749.1014639452488,751.7055329997839,755.8892388242487,759.8879529526389,762.2928192847705
paper,medium,2007-03-31,2007Q2,2,INV,756.0775455023849,790.5992750863104,-34.52172958392555,746.317861845116,750.1243222189182,756.2032227924215,761.8902540480061,765.6486122954611
paper,medium,2007-03-31,2007Q3,3,INV,756.2043025055217,789.5847840191325,-33.38048151361079,744.0307228564496,748.876824418543,755.9798042948684,763.4902124540106,768.6617988584869
paper,medium,2007-03-31,2007Q4,4,INV,757.1475924657502,788.3467462094385,-31.19915374368827,742.9410043143132,748.554738473558,757.1196882719369,765.6438894931523,771.8896354928614
paper,medium,2007-03-31,2008Q1,5,INV,758.1517654948514,785.6804736421575,-27.528708147306133,741.7617856509381,748.0016882085679,758.2376814256378,768.2384886755341,774.0254883010113
paper,medium,2007-03-31,2008Q2,6,INV,759.2662246644771,783.8502214603918,-24.583996795914686,741.0819777138498,748.1742831266411,759.4913273848802,770.013363278301,777.5292391152261
paper,medium,2007-03-31,2008Q3,7,INV,760.503628572295,781.8248839683592,-21.321255396064203,740.567391793861,748.4121123761938,760.6420895516475,772.2324371362724,779.5654450428267
paper,medium,2007-03-31,2008Q4,8,INV,761.8066311160363,771.7102465089438,-9.903615392907454,740.2203402504529,748.7350795141514,762.092079280562,774.1609624863964,783.4012219556289
paper,medium,2007-03-31,2007Q1,1,WAGE,481.06572310677086,461.45956266352465,19.60616044324621,479.98470305428475,480.4097362332924,481.06868783555393,481.7354325091602,482.18706087033974
paper,medium,2007-03-31,2007Q2,2,WAGE,481.4319972580799,460.2255943706066,21.206402887473303,479.9523817834576,480.5087345497393,481.42048150012846,482.36167638117814,483.03273460578913
paper,medium,2007-03-31,2007Q3,3,WAGE,481.887663751999,460.0519387772664,21.835724974732614,479.9943617793645,480.7095577148412,481.85660921820374,483.0354152721034,483.88659944257233
paper,medium,2007-03-31,2007Q4,4,WAGE,482.3148880564053,460.03184352570673,22.28304453069859,480.02940334721296,480.95398024188245,482.2837973188081,483.66258415983674,484.6568565269549
paper,medium,2007-03-31,2008Q1,5,WAGE,482.7198716157276,459.9262771523625,22.793594463365082,480.12761478620695,481.15312108578433,482.72333275993645,484.2410903445981,485.34956110738676
paper,medium,2007-03-31,2008Q2,6,WAGE,483.13557893840465,458.7657734236793,24.36980551472533,480.16835958148357,481.38603043842284,483.1119350894055,484.87543871196783,486.1495104810503
paper,medium,2007-03-31,2008Q3,7,WAGE,483.52851611187947,458.23722773120875,25.29128838067072,480.25702640119437,481.60684634982164,483.51579865745964,485.45459835219435,486.91636801477733
paper,medium,2007-03-31,2008Q4,8,WAGE,483.9336350599186,461.8984329821462,22.035202077772396,480.4433994532356,481.8457573397356,483.9467697896605,485.9797797244092,487.52747896986034
paper,medium,2007-06-30,2007Q2,1,CONS,902.7880353659947,926.8589940290503,-24.07095866305565,901.7937580978056,902.1912131473229,902.7988834552117,903.3889112656614,903.7719015497853
paper,medium,2007-06-30,2007Q3,2,CONS,903.6280909193204,927.5238765851791,-23.89578566585874,902.1022122389375,902.7459870054776,903.6185923786215,904.5014887442007,905.1250575846337
paper,medium,2007-06-30,2007Q4,3,CONS,904.4545871352375,927.9171790430295,-23.46259190779199,902.4229792186827,903.2698734954628,904.469227497995,905.6565947359992,906.4179314650319
paper,medium,2007-06-30,2008Q1,4,CONS,905.2345702306487,927.779965478359,-22.545395247710303,902.8194902160487,903.7409871422393,905.2984175048537,906.6989231701033,907.6201107285019
paper,medium,2007-06-30,2008Q2,5,CONS,906.1038971726916,928.0551554354275,-21.951258262735905,903.270842503658,904.3231164310032,906.1412385227411,907.7889062806854,908.9512606516087
paper,medium,2007-06-30,2008Q3,6,CONS,906.9737674350159,927.2814388489875,-20.307671413971548,903.640073149429,904.9870753828741,907.0263808310385,908.9124136965758,910.2811080868722
paper,medium,2007-06-30,2008Q4,7,CONS,907.832017756589,926.3774213756642,-18.54540361907516,904.0807122245346,905.6277510798252,907.8245237997946,910.0046104898294,911.4572989705927
paper,medium,2007-06-30,2009Q1,8,CONS,908.7333667953632,926.1231470493817,-17.389780254018547,904.564116594568,906.3124711697785,908.7773719279871,911.089409162554,912.7235801932745
paper,medium,2007-06-30,2007Q2,1,DEFL,477.92581614436756,452.67004072796027,25.25577541640729,477.46084999910335,477.6455229821827,477.92190900086837,478.2172798813226,478.412653433779
paper,medium,2007-06-30,2007Q3,2,DEFL,478.6739221185796,453.18788034112526,25.486041777454318,477.83860691126426,478.19083391612645,478.68635225491687,479.1521153397828,479.48600990932687
paper,medium,2007-06-30,2007Q4,3,DEFL,479.44005155886265,453.61094550558823,25.829106053274415,478.2290145915349,478.729493872731,479.4506459192264,480.1472474381799,480.5998661702196
paper,medium,2007-06-30,2008Q1,4,DEFL,480.24427707292904,453.9617817747856,26.28249529814343,478.59751907436276,479.2814088877795,480.24868201807465,481.22067963329755,481.8714767511872
paper,medium,2007-06-30,2008Q2,5,DEFL,481.0111952865474,454.46768055591286,26.543514730634513,478.8308096391211,479.70534707984217,481.0352934048167,482.2647233665321,483.1342578018446
paper,medium,2007-06-30,2008Q3,6,DEFL,481.785256573721,455.2191261197205,26.56613045400053,479.1061684092765,480.15781050841065,481.802044222678,483.37147348060057,484.4287285944319
paper,medium,2007-06-30,2008Q4,7,DEFL,482.5694071836841,455.45608681615494,27.113320367529184,479.3580780637381,480.6016979871812,482.5900838803376,484.4572160454872,485.7836026931628
paper,medium,2007-06-30,2009Q1,8,DEFL,483.34840468228657,455.406634733688,27.941769948598562,479.485393574265,481.06588973006603,483.3618973921814,485.6012884435665,487.0193016471846
paper,medium,2007-06-30,2007Q2,1,FFR,5.1434510839699525,5.25,-0.10654891603004746,3.759996071731894,4.300156750189913,5.151062641449335,5.973802757437731,6.519163322958629
paper,medium,2007-06-30,2007Q3,2,FFR,5.139598128279993,5.073333333333333,0.06626479494665993,3.043178477299222,3.8516469735546894,5.133800690723063,6.435026555705839,7.261431534592139
paper,medium,2007-06-30,2007Q4,3,FFR,5.179072998007064,4.496666666666667,0.6824063313403972,2.5686391075715673,3.5184117206570624,5.21886896559141,6.814538578133584,7.784963379146899
paper,medium,2007-06-30,2008Q1,4,FFR,5.127221731578356,3.1766666666666663,1.9505550649116894,2.0308479857176573,3.2907653334585785,5.105224037171634,6.981337809936871,8.098784616264544
paper,medium,2007-06-30,2008Q2,5,FFR,5.094556051320868,2.0866666666666664,3.007889384654202,1.7459671978792821,3.058513517086282,5.083412835187993,7.14155809994078,8.45847405173986
paper,medium,2007-06-30,2008Q3,6,FFR,5.100365410502804,1.9400000000000002,3.160365410502804,1.3078231562476532,2.9078132805870514,5.10551054480454,7.305742419416921,8.774496865944934
paper,medium,2007-06-30,2008Q4,7,FFR,5.101599096323319,0.5066666666666667,4.5949324296566525,1.0263357936034685,2.6851829961777693,5.144800139555473,7.511672643866255,8.944245142180346
paper,medium,2007-06-30,2009Q1,8,FFR,5.118896021645648,0.18333333333333335,4.935562688312315,0.9672385650431841,2.583545124160951,5.177485950807062,7.6437103448160695,9.265390595925748
paper,medium,2007-06-30,2007Q2,1,GDP,936.0915260962062,965.3600754705748,-29.268549374368604,934.855226619418,935.3347435580099,936.0687491252056,936.889628757878,937.3942958079421
paper,medium,2007-06-30,2007Q3,2,GDP,936.9085874782585,965.9605755120938,-29.0519880338353,934.870137472514,935.6407164078933,936.9357767765064,938.1167624049627,938.8900951534413
paper,medium,2007-06-30,2007Q4,3,GDP,937.6704132436465,966.5683687041123,-28.897955460465823,934.9576643500258,936.0402213353052,937.6722318760503,939.2801191557049,940.3952315340472
paper,medium,2007-06-30,2008Q1,4,GDP,938.3988440972407,966.1601069749734,-27.761262877732634,935.1464445439875,936.3914406151971,938.4431049723692,940.3483114736788,941.5677555484385
paper,medium,2007-06-30,2008Q2,5,GDP,939.1896112762263,966.730770931016,-27.54115965478968,935.3445972754055,936.8836882856407,939.2755229685363,941.4001095250908,942.9789332567193
paper,medium,2007-06-30,2008Q3,6,GDP,940.0056263206836,966.2024850530005,-26.196858732316855,935.7386975402136,937.3947682676362,940.033537728233,942.5499950950017,944.2885850859835
paper,medium,2007-06-30,2008Q4,7,GDP,940.8058994258339,963.9952057445751,-23.18930631874116,936.1912003828087,938.096173270602,940.756943481493,943.5689627314171,945.4434454839339
paper,medium,2007-06-30,2009Q1,8,GDP,941.6346183602852,962.8226353991014,-21.188017038816156,936.5494769545126,938.5794704706055,941.6355094841649,944.6472419109286,946.7047199103579
paper,medium,2007-06-30,2007Q2,1,HOURS,480.5147598682991,466.2731296512623,14.2416302170368,479.4258045906741,479.8399106329052,480.5118556971777,481.1823731821585,481.60472544379337
paper,medium,2007-06-30,2007Q3,2,HOURS,480.66676611886083,465.8900508409059,14.776715277954963,478.7664856237647,479.52747257751855,480.6477839129034,481.83550199824276,482.5593876813607
paper,medium,2007-06-30,2007Q4,3,HOURS,480.8427900631116,465.54069224148026,15.302097821631321,478.19397284194605,479.2053679579387,480.86425708179365,482.45025201994946,483.50519903264643
paper,medium,2007-06-30,2008Q1,4,HOURS,481.10560465561304,465.22350531644213,15.882099339170907,477.6950397118231,479.0011407815662,481.11526017583697,483.18598580891125,484.45360568624676
paper,medium,2007-06-30,2008Q2,5,HOURS,481.41255396979244,464.68014529590437,16.732408673888074,477.4658572992657,478.90136857850996,481.4993622002604,483.8619112740205,485.37325268427605
paper,medium,2007-06-30,2008Q3,6,HOURS,481.72949041592034,463.5291936540614,18.200296761858965,477.1180949341198,478.85435013709014,481.7971031878825,484.55168113882,486.28821473926814
paper,medium,2007-06-30,2008Q4,7,HOURS,482.0538994783387,460.7158208561043,21.338078622234377,476.92601539900164,478.9344210192244,482.0772102419802,485.172192870964,487.07912521626133
paper,medium,2007-06-30,2009Q1,8,HOURS,482.3991692736178,458.14920586335137,24.249963410266446,476.7442644932977,479.0053240549225,482.458501659081,485.7860057721238,487.9552518934549
paper,medium,2007-06-30,2007Q2,1,INV,753.0399614433632,790.5992750863104,-37.559313642947245,746.5262069498046,749.1125916059186,753.0304306426128,757.096442060881,759.4547167315936
paper,medium,2007-06-30,2007Q3,2,INV,753.3650011216805,789.5847840191325,-36.21978289745198,743.5763754704864,747.5134428342725,753.3314122169382,759.1644997006749,763.0520946584242
paper,medium,2007-06-30,2007Q4,3,INV,754.1199392764488,788.3467462094385,-34.22680693298969,742.2262678857007,746.6052245311207,754.2190861008238,761.5718800478714,766.4717917521912
paper,medium,2007-06-30,2008Q1,4,INV,755.233046551163,785.6804736421575,-30.447427090994438,741.1281518278944,746.4714131782221,755.2131392284116,763.8342563049216,769.648146113844
paper,medium,2007-06-30,2008Q2,5,INV,756.0694659513423,783.8502214603918,-27.780755509049527,739.5810271154003,745.9986885563883,756.1873636819952,765.8064181575674,772.1807447873135
paper,medium,2007-06-30,2008Q3,6,INV,757.1374341503138,781.8248839683592,-24.68744981804548,739.5953093208199,745.8219040458971,756.9949559422932,768.2899831662849,775.2382692980009
paper,medium,2007-06-30,2008Q4,7,INV,758.1582850691527,771.7102465089438,-13.551961439791057,739.5815900899037,746.1495968215647,757.97570116164,770.1783255993644,778.1202248896396
paper,medium,2007-06-30,2009Q1,8,INV,759.180265100288,759.4303232463312,-0.25005814604321586,738.703033669541,746.5554867864223,758.7490040009067,771.7542094106584,780.6428016154242
paper,medium,2007-06-30,2007Q2,1,WAGE,481.3866547062131,460.2255943706066,21.16106033560652,480.26864853879516,480.70823463962523,481.39061432031156,482.0479489984854,482.4873456827292
paper,medium,2007-06-30,2007Q3,2,WAGE,481.83822742810725,460.0519387772664,21.786288650840845,480.2642749947727,480.878418050476,481.81983023216935,482.815797262926,483.4705528294974
paper,medium,2007-06-30,2007Q4,3,WAGE,482.2355194826219,460.03184352570673,22.203675956915163,480.26323746204616,481.0321252792667,482.24386008478234,483.4250318141331,484.2035561370821
paper,medium,2007-06-30,2008Q1,4,WAGE,482.61006332460505,459.9262771523625,22.68378617224255,480.3371632681682,481.20132670175263,482.58538656290256,484.0486234522718,484.9628626551818
paper,medium,2007-06-30,2008Q2,5,WAGE,482.99949777360104,458.7657734236793,24.233724349921715,480.3258698376767,481.4010478985196,482.9684786259723,484.6448198449706,485.7277805965799
paper,medium,2007-06-30,2008Q3,6,WAGE,483.40822584025983,458.23722773120875,25.170998109051084,480.46663005680284,481.6369338906946,483.43511456065517,485.24100592817484,486.36462191261774
paper,medium,2007-06-30,2008Q4,7,WAGE,483.8024156781852,461.8984329821462,21.90398269603901,480.56493713074843,481.8435155172658,483.80676797907495,485.7700912557733,487.1549005898903
paper,medium,2007-06-30,2009Q1,8,WAGE,484.2074565901624,459.9192354301555,24.288221160006913,480.66830349084836,482.0856023398061,484.16149765922705,486.2445308283723,487.794781692878
paper,medium,2007-09-30,2007Q3,1,CONS,902.540156021419,927.5238765851791,-24.98372056376013,901.591020106934,901.9514882433306,902.5319344274521,903.1291644358084,903.5006188435418
paper,medium,2007-09-30,2007Q4,2,CONS,903.3292848688126,927.9171790430295,-24.5878941742169,901.8378694700127,902.4402203902098,903.3419145678693,904.1849459731285,904.8229862434553
paper,medium,2007-09-30,2008Q1,3,CONS,904.108353999949,927.779965478359,-23.67161147841,902.137321924782,902.9417215403163,904.1206157341758,905.257426028514,906.0727521176632
paper,medium,2007-09-30,2008Q2,4,CONS,904.9190016096386,928.0551554354275,-23.136153825788938,902.4009254742075,903.4638985335831,904.9646813732577,906.3770289505856,907.2288456359693
paper,medium,2007-09-30,2008Q3,5,CONS,905.7489582683014,927.2814388489875,-21.53248058068607,902.7793874123703,903.9727540077009,905.8039727739251,907.5214775709425,908.56486215271
paper,medium,2007-09-30,2008Q4,6,CONS,906.6001618347948,926.3774213756642,-19.77725954086941,903.2071311388188,904.5949219649209,906.6363638619507,908.5780281457306,909.824292472625
paper,medium,2007-09-30,2009Q1,7,CONS,907.4656485495392,926.1231470493817,-18.657498499842518,903.7207020901564,905.189121109427,907.4970786643155,909.6924697095488,911.0689474501147
paper,medium,2007-09-30,2009Q2,8,CONS,908.3219409768036,925.6303496212205,-17.308408644416886,904.0857846680179,905.8883080452547,908.4049865540742,910.7455473867666,912.2793873781817
paper,medium,2007-09-30,2007Q3,1,DEFL,479.09456065704137,453.18788034112526,25.906680315916105,478.63079684056197,478.81849915248307,479.09242027875416,479.3738959376877,479.5648150113459
paper,medium,2007-09-30,2007Q4,2,DEFL,479.8321822324522,453.61094550558823,26.221236726863992,479.0212575984123,479.3214081052168,479.83978953722396,480.3098511775837,480.6565531461505
paper,medium,2007-09-30,2008Q1,3,DEFL,480.60508252146604,453.9617817747856,26.64330074668044,479.41287405567306,479.85963883223656,480.6197745221722,481.29610454752174,481.81153954892505
paper,medium,2007-09-30,2008Q2,4,DEFL,481.35122537454157,454.46768055591286,26.883544818628707,479.76614246150564,480.36780131914287,481.3681030829483,482.3137654499804,482.89028442653137
paper,medium,2007-09-30,2008Q3,5,DEFL,482.1240131146991,455.2191261197205,26.904886994978597,480.02969495577264,480.8667385602035,482.1342152262938,483.3612830263935,484.14788564637024
paper,medium,2007-09-30,2008Q4,6,DEFL,482.8754389218554,455.45608681615494,27.419352105700455,480.2493288488938,481.33306088678677,482.8968934767363,484.398068911228,485.48452667467285
paper,medium,2007-09-30,2009Q1,7,DEFL,483.6398713477852,455.406634733688,28.233236614097166,480.5004803394026,481.7600859872335,483.6455619645102,485.4785210540735,486.8372537214885
paper,medium,2007-09-30,2009Q2,8,DEFL,484.4138933683548,455.2317782083863,29.182115159968532,480.69785428748537,482.2436130127054,484.4029077766237,486.59414992428964,488.1672648249905
paper,medium,2007-09-30,2007Q3,1,FFR,5.327767426527209,5.073333333333333,0.25443409319387555,3.928526826326622,4.471858758108142,5.339586018284825,6.18202227582031,6.743785154211656
paper,medium,2007-09-30,2007Q4,2,FFR,5.441406486281679,4.496666666666667,0.9447398196150116,3.3286613713646247,4.160471993186783,5.478013056329436,6.6773221513514915,7.472709018868033
paper,medium,2007-09-30,2008Q1,3,FFR,5.40855643062121,3.1766666666666663,2.2318897639545434,2.9328665652377963,3.834182038063616,5.446196198242426,6.941254354839157,7.967866892330784
paper,medium,2007-09-30,2008Q2,4,FFR,5.385837612403891,2.0866666666666664,3.2991709457372242,2.3682167068095845,3.6336991585775436,5.370982001241092,7.119614601338935,8.453126394386253
paper,medium,2007-09-30,2008Q3,5,FFR,5.321006704608969,1.9400000000000002,3.3810067046089687,1.988779045013791,3.385819973642472,5.3065876317368605,7.313453276388874,8.537179416251712
paper,medium,2007-09-30,2008Q4,6,FFR,5.270975391545604,0.5066666666666667,4.764308724878937,1.5854661682666789,3.0825976194177445,5.287024606362749,7.424339181219064,8.925791713992677
paper,medium,2007-09-30,2009Q1,7,FFR,5.27403114648556,0.18333333333333335,5.090697813152226,1.3917777920652088,2.9316213063317837,5.3097147327874294,7.606232075168212,9.129618419663972
paper,medium,2007-09-30,2009Q2,8,FFR,5.269632900153295,0.18000000000000002,5.089632900153295,1.0271684533656433,2.806839452005463,5.315633578488292,7.786061542507497,9.437979145023583
paper,medium,2007-09-30,2007Q3,1,GDP,935.9015482935158,965.9605755120938,-30.059027218577967,934.6342653999733,935.1437098572044,935.8902901167055,936.6819266201318,937.1394250777557
paper,medium,2007-09-30,2007Q4,2,GDP,936.6635138443608,966.5683687041123,-29.904854859751595,934.6775865968347,935.4603438469749,936.6517902513991,937.8540648682997,938.7253829099683
paper,medium,2007-09-30,2008Q1,3,GDP,937.4160684867695,966.1601069749734,-28.74403848820384,934.783079480833,935.8545356265668,937.4049587193956,938.9659158912492,940.1244766560475
paper,medium,2007-09-30,2008Q2,4,GDP,938.1556080834354,966.730770931016,-28.5751628475806,934.9183557130995,936.2496147745787,938.1772135437282,940.1226304204604,941.3332087864649
paper,medium,2007-09-30,2008Q3,5,GDP,938.9129223974526,966.2024850530005,-27.28956265554791,935.1357729435128,936.6394282957395,938.93551241922,941.1764550440172,942.6096401418898
paper,medium,2007-09-30,2008Q4,6,GDP,939.6783312837084,963.9952057445751,-24.316874460866643,935.4312045321476,937.1805969422222,939.6859842690701,942.1832871238082,943.7992126809503
paper,medium,2007-09-30,2009Q1,7,GDP,940.4545845264281,962.8226353991014,-22.36805087267328,935.6917533738468,937.785253660561,940.463548352096,943.2211798496135,944.9792710047714
paper,medium,2007-09-30,2009Q2,8,GDP,941.2617109096328,962.6532538909199,-21.391542981287103,936.2918711045777,938.2450629472055,941.2429452996523,944.232061515137,946.1975572228499
paper,medium,2007-09-30,2007Q3,1,HOURS,481.19887247112666,465.8900508409059,15.308821630220791,480.1564985847903,480.55241779703283,481.2102799734229,481.82850052780543,482.2501539512742
paper,medium,2007-09-30,2007Q4,2,HOURS,481.4064680051446,465.54069224148026,15.865775763664317,479.56256445800375,480.3124927290827,481.3893592526016,482.5429933641146,483.24893746436965
paper,medium,2007-09-30,2008Q1,3,HOURS,481.69211382129515,465.22350531644213,16.468608504853023,479.1992993327135,480.17843921976123,481.6796669455547,483.2173913831055,484.25162917485414
paper,medium,2007-09-30,2008Q2,4,HOURS,481.9500487172171,464.68014529590437,17.269903421312733,478.72572555559134,480.06077845242476,481.9438896098786,483.92978854436774,485.20538006161445
paper,medium,2007-09-30,2008Q3,5,HOURS,482.2175242771017,463.5291936540614,18.688330623040315,478.4496193593509,479.79749867887335,482.18838791339283,484.5706765027908,486.1048172967012
paper,medium,2007-09-30,2008Q4,6,HOURS,482.5158794515663,460.7158208561043,21.80005859546202,478.0611854255739,479.8109375705303,482.5032833698748,485.1869161489165,486.8247250922596
paper,medium,2007-09-30,2009Q1,7,HOURS,482.84306935559687,458.14920586335137,24.693863492245498,477.8232716260943,479.8572384755771,482.89366506624265,485.8606772093755,487.7990945282787
paper,medium,2007-09-30,2009Q2,8,HOURS,483.1878626801216,455.7826974477571,27.40516523236454,477.58727899356734,479.95403708336704,483.1956637377838,486.47044055083444,488.49061253387913
paper,medium,2007-09-30,2007Q3,1,INV,751.3884259107473,789.5847840191325,-38.1963581083852,744.6838508582446,747.4474672785511,751.444200151901,755.2652550944719,757.5541202795249
paper,medium,2007-09-30,2007Q4,2,INV,752.2871757433344,788.3467462094385,-36.059570466104105,742.7344602214778,746.6265719395476,752.2097536871088,758.0778376007265,761.7249396501729
paper,medium,2007-09-30,2008Q1,3,INV,753.4260321714553,785.6804736421575,-32.254441470702204,741.21788721207,746.1759248297454,753.471845415751,760.6260278690947,765.7229236996898
paper,medium,2007-09-30,2008Q2,4,INV,754.0628747718387,783.8502214603918,-29.787346688553157,739.9393217129393,744.906598976643,754.1347176489835,762.639228823565,768.7194095203356
paper,medium,2007-09-30,2008Q3,5,INV,754.9754017032119,781.8248839683592,-26.849482265147344,738.4342114910872,745.1483719622129,755.1408909779486,764.4318161106054,771.0764774325376
paper,medium,2007-09-30,2008Q4,6,INV,755.8661118699711,771.7102465089438,-15.844134638972719,737.8677598429057,744.7839540405247,756.2919715370692,766.4070100427654,774.0518219160134
paper,medium,2007-09-30,2009Q1,7,INV,756.7771636280727,759.4303232463312,-2.6531596182585417,737.1356114027843,745.0308664246634,756.7946029474292,768.1216205395153,776.8932231018854
paper,medium,2007-09-30,2009Q2,8,INV,757.9172510115293,753.4915957252271,4.425655286302231,737.4050249039714,744.8905477557263,757.8429711882484,770.6258527783633,778.5483518708118
paper,medium,2007-09-30,2007Q3,1,WAGE,480.9039903029221,460.0519387772664,20.852051525655725,479.82424081538403,480.2316776583937,480.9139977106426,481.538304285251,482.0093094644204
paper,medium,2007-09-30,2007Q4,2,WAGE,481.292260740567,460.03184352570673,21.26041721486024,479.69669404441066,480.3401444886286,481.2721101283066,482.2214270265213,482.9494265453827
paper,medium,2007-09-30,2008Q1,3,WAGE,481.64334913512374,459.9262771523625,21.71707198276124,479.65622220709207,480.4752042273748,481.661722843221,482.8356792360112,483.64114434371766
paper,medium,2007-09-30,2008Q2,4,WAGE,482.002069243546,458.7657734236793,23.236295819866655,479.69701136535724,480.5838588867259,482.0054740608432,483.41792459387506,484.40972142130244
paper,medium,2007-09-30,2008Q3,5,WAGE,482.38313070345987,458.23722773120875,24.145902972251122,479.71623188259326,480.7752851098896,482.35555878443563,483.99636984611084,485.1553052264404
paper,medium,2007-09-30,2008Q4,6,WAGE,482.7611251677968,461.8984329821462,20.862692185650644,479.79956038728596,481.0056374024996,482.76802950670333,484.5080026459838,485.8237079578984
paper,medium,2007-09-30,2009Q1,7,WAGE,483.1529309317121,459.9192354301555,23.23369550155661,479.88504999316666,481.2023671259567,483.12558560959747,485.1599296012193,486.45356924469894
paper,medium,2007-09-30,2009Q2,8,WAGE,483.51949534640477,461.94872065828844,21.57077468811633,479.9322999456365,481.3401732500441,483.5209406335803,485.65205007218213,487.03932867009286
paper,medium,2007-12-31,2007Q4,1,CONS,903.2642624052938,927.9171790430295,-24.652916637735643,902.3020027414085,902.6868548469532,903.2555181463983,903.8620319718249,904.2328012998071
paper,medium,2007-12-31,2008Q1,2,CONS,904.0657447571624,927.779965478359,-23.714220721196625,902.6019988137515,903.148831859383,904.0613688688275,904.9838398416646,905.608371945304
paper,medium,2007-12-31,2008Q2,3,CONS,904.9568604438482,928.0551554354275,-23.098294991579337,903.0039721035431,903.7180571932846,904.968358972276,906.1415537413385,906.9810356689891
paper,medium,2007-12-31,2008Q3,4,CONS,905.8664639418104,927.2814388489875,-21.41497490717711,903.4088874895152,904.3345687605407,905.8646775216897,907.38647070146,908.397355828151
paper,medium,2007-12-31,2008Q4,5,CONS,906.8016779307325,926.3774213756642,-19.57574344493173,903.8378728122273,905.0414703175437,906.8378029645215,908.50285259568,909.7990860303192
paper,medium,2007-12-31,2009Q1,6,CONS,907.7360264206158,926.1231470493817,-18.387120628765956,904.4287688897668,905.6623565465449,907.7516865883802,909.7071294457135,911.0159382181128
paper,medium,2007-12-31,2009Q2,7,CONS,908.6566602754308,925.6303496212205,-16.973689345789694,904.9609823310204,906.386858194175,908.7348534422961,910.9466071116955,912.3605139464543
paper,medium,2007-12-31,2009Q3,8,CONS,909.5833403417384,926.3005779585693,-16.717237616830857,905.4750990127251,907.0267533528552,909.6583024254944,912.0548232466931,913.5802874887504
paper,medium,2007-12-31,2007Q4,1,DEFL,479.14828081072426,453.61094550558823,25.537335305136025,478.6762279976263,478.8553955887984,479.1499133813684,479.43900388944485,479.62609104902225
paper,medium,2007-12-31,2008Q1,2,DEFL,479.7098463837517,453.9617817747856,25.748064608966104,478.8650444229062,479.19989800409,479.7064678212463,480.2348370222653,480.54016934713206
paper,medium,2007-12-31,2008Q2,3,DEFL,480.2436225873414,454.46768055591286,25.775942031428542,479.0239960424583,479.51325523001026,480.2343795300766,480.9928527416469,481.48136516315213
paper,medium,2007-12-31,2008Q3,4,DEFL,480.75873020320506,455.2191261197205,25.539604083484562,479.1150269064754,479.7586886967588,480.7751157776004,481.77128984092224,482.41510016341
paper,medium,2007-12-31,2008Q4,5,DEFL,481.2836753054202,455.45608681615494,25.82758848926528,479.15135663295104,479.98912484319766,481.2780939820832,482.5820934326239,483.42216686550677
paper,medium,2007-12-31,2009Q1,6,DEFL,481.8313357167333,455.406634733688,26.424700983045284,479.16120261324426,480.2253865732906,481.82977729438966,483.46486159460585,484.48180119487154
paper,medium,2007-12-31,2009Q2,7,DEFL,482.3766021190494,455.2317782083863,27.144823910663092,479.1547815650692,480.43646275059,482.3806429638522,484.3512263478351,485.577811736823
paper,medium,2007-12-31,2009Q3,8,DEFL,482.93451695358306,455.33925638064517,27.59526057293789,479.0603015209941,480.623476688605,482.91177941654894,485.26828667568105,486.73273919069436
paper,medium,2007-12-31,2007Q4,1,FFR,4.968783636414437,4.496666666666667,0.47211696974776984,3.5866463266430024,4.143571865673779,4.977556142043103,5.829175952015693,6.31664720907891
paper,medium,2007-12-31,2008Q1,2,FFR,4.7763535531786,3.1766666666666663,1.5996868865119338,2.692641744350361,3.605153066956884,4.7496748862389,6.0420888593026785,6.80987493667608
paper,medium,2007-12-31,2008Q2,3,FFR,4.638791725013552,2.0866666666666664,2.5521250583468853,2.1142526314206753,3.1122611256714294,4.636601856734641,6.145931571168921,7.185675146895518
paper,medium,2007-12-31,2008Q3,4,FFR,4.564443512770329,1.9400000000000002,2.6244435127703287,1.6879151095875977,2.8221588450692843,4.592264570015098,6.284170551565693,7.467049165146961
paper,medium,2007-12-31,2008Q4,5,FFR,4.516793383560531,0.5066666666666667,4.010126716893864,1.2690162073323594,2.6875399360181964,4.494211327402228,6.474415962872416,7.6370209642603
paper,medium,2007-12-31,2009Q1,6,FFR,4.482249472613293,0.18333333333333335,4.298916139279959,0.957072729166152,2.3790310896874205,4.4917213258972675,6.590789313423434,8.035557627655109
paper,medium,2007-12-31,2009Q2,7,FFR,4.505826743133719,0.18000000000000002,4.325826743133719,0.6916951286464199,2.2116515877878866,4.459896167011567,6.788667631763696,8.350325060561804
paper,medium,2007-12-31,2009Q3,8,FFR,4.57001229862532,0.15666666666666665,4.413345631958654,0.5324118310676433,2.037272666383002,4.6132685090709735,7.027956602895781,8.790225522877433
paper,medium,2007-12-31,2007Q4,1,GDP,936.96054599535,966.5683687041123,-29.607822708762342,935.6990834481181,936.2163174243188,936.9627318759594,937.7127534394959,938.2448164365835
paper,medium,2007-12-31,2008Q1,2,GDP,937.6879065669239,966.1601069749734,-28.472200408049503,935.6441631512176,936.4951443088803,937.6824119745002,938.8995633389271,939.7355822533941
paper,medium,2007-12-31,2008Q2,3,GDP,938.5042218680902,966.730770931016,-28.226549062925756,935.8953540906698,936.8938359076072,938.5213630531088,940.0645375096572,941.2138602383635
paper,medium,2007-12-31,2008Q3,4,GDP,939.3770834051863,966.2024850530005,-26.825401647814147,936.1401209755161,937.4435218180536,939.3816538917497,941.269989798151,942.6108350184122
paper,medium,2007-12-31,2008Q4,5,GDP,940.2651439049846,963.9952057445751,-23.730061839590462,936.4753170875833,938.0311181125195,940.232601211594,942.522143269561,943.8426825662532
paper,medium,2007-12-31,2009Q1,6,GDP,941.1530482392253,962.8226353991014,-21.669587159876073,936.963320580238,938.6114421931771,941.1262451200903,943.6524767916761,945.199628356313
paper,medium,2007-12-31,2009Q2,7,GDP,942.0698713211257,962.6532538909199,-20.583382569794253,937.4308118578847,939.2240337515798,942.0554583334388,944.9106580839651,946.5488430492402
paper,medium,2007-12-31,2009Q3,8,GDP,942.9379191998307,963.0145304911672,-20.076611291336462,937.8717677445643,939.9124615594692,943.000245063879,945.9602161903755,947.6962630435557
paper,medium,2007-12-31,2007Q4,1,HOURS,480.9130389172771,465.54069224148026,15.372346675796848,479.84813389921345,480.3054226475345,480.9018385335519,481.55010242004545,481.9464362315723
paper,medium,2007-12-31,2008Q1,2,HOURS,481.1224166524403,465.22350531644213,15.89891133599815,479.27448215215526,480.00930799977203,481.12871253815234,482.2340688047305,482.94500931974744
paper,medium,2007-12-31,2008Q2,3,HOURS,481.3899284193919,464.68014529590437,16.70978312348751,478.77405801793003,479.9087964956771,481.4129772463167,482.9559144847562,483.9089429540793
paper,medium,2007-12-31,2008Q3,4,HOURS,481.71163396735875,463.5291936540614,18.182440313297377,478.39633177687205,479.8406259799462,481.6868623740153,483.69941991500906,485.0010724726469
paper,medium,2007-12-31,2008Q4,5,HOURS,482.0913667390795,460.7158208561043,21.37554588297519,478.192060577126,479.82369894284653,482.0646160545672,484.39224466525513,486.08983697443944
paper,medium,2007-12-31,2009Q1,6,HOURS,482.5023028473345,458.14920586335137,24.353096983983107,478.0044997421539,479.9135113603409,482.46002632369584,485.1893974321183,487.0235291697522
paper,medium,2007-12-31,2009Q2,7,HOURS,482.93370293028505,455.7826974477571,27.151005482527978,478.05103101916586,479.9583296845312,482.91538375895584,485.9474701631478,487.9143158925189
paper,medium,2007-12-31,2009Q3,8,HOURS,483.3388668885758,454.67568674374314,28.663180144832666,477.9601348675428,480.0949914888019,483.3692787170078,486.63972621563676,488.68544749290646
paper,medium,2007-12-31,2007Q4,1,INV,752.4734388817684,788.3467462094385,-35.87330732767009,746.243753663363,748.6263408627154,752.4284211362223,756.34243153672,758.954424487317
paper,medium,2007-12-31,2008Q1,2,INV,753.6549154088999,785.6804736421575,-32.025558233257584,744.3175654099178,747.7511351753697,753.6219369472838,759.2700286366336,763.2383900874906
paper,medium,2007-12-31,2008Q2,3,INV,754.6474831052979,783.8502214603918,-29.20273835509397,742.6763804291157,747.6081911094386,754.6017645083652,761.5910373159778,766.5269079330039
paper,medium,2007-12-31,2008Q3,4,INV,755.9339989947052,781.8248839683592,-25.89088497365401,741.7302294864372,747.6762507930735,755.8399585578024,764.4275532109464,770.4093821502473
paper,medium,2007-12-31,2008Q4,5,INV,757.3470892226828,771.7102465089438,-14.363157286260957,741.5290299932631,748.0192971420289,757.2217132974615,766.8414482339753,773.6859952893411
paper,medium,2007-12-31,2009Q1,6,INV,758.7327639099314,759.4303232463312,-0.6975593363998769,741.4771521860723,748.3889168127748,758.7740575224879,769.1022273169001,776.3722864311312
paper,medium,2007-12-31,2009Q2,7,INV,760.2946237386212,753.4915957252271,6.803028013394169,741.3802853754885,748.8971575712615,760.3950466584522,771.7694481612734,778.622294216636
paper,medium,2007-12-31,2009Q3,8,INV,761.5230415811866,753.2630578079347,8.25998377325186,741.11284737497,749.0329355810856,761.9226175052158,773.5784843324986,781.8262296729524
paper,medium,2007-12-31,2007Q4,1,WAGE,480.81739489381204,460.03184352570673,20.785551368105303,479.7452870638899,480.1589623314348,480.80745714542905,481.4606525377796,481.91732130457495
paper,medium,2007-12-31,2008Q1,2,WAGE,481.2275114672973,459.9262771523625,21.30123431493479,479.6714976003832,480.25099340612866,481.2322257663849,482.16471286717615,482.8029635593828
paper,medium,2007-12-31,2008Q2,3,WAGE,481.63428884562524,458.7657734236793,22.868515421945915,479.72843397383235,480.4194867164282,481.63963585809665,482.8019048236965,483.56798646196256
paper,medium,2007-12-31,2008Q3,4,WAGE,482.02258545906164,458.23722773120875,23.785357727852897,479.63717462465036,480.62258444182436,482.05968537492447,483.36908055794595,484.34235771568575
paper,medium,2007-12-31,2008Q4,5,WAGE,482.4304174479228,461.8984329821462,20.531984465776645,479.68844828741084,480.8030599585046,482.426069693278,484.0177293481703,485.11121810235096
paper,medium,2007-12-31,2009Q1,6,WAGE,482.8207409356626,459.9192354301555,22.901505505507146,479.8500344837884,480.98773979416796,482.8371217889379,484.554694803811,485.8130146354481
paper,medium,2007-12-31,2009Q2,7,WAGE,483.2155278304267,461.94872065828844,21.26680717213827,479.91044946615324,481.2417700181327,483.2166419757433,485.17709200702603,486.5516737462197
paper,medium,2007-12-31,2009Q3,8,WAGE,483.6236257113348,461.7928452086754,21.830780502659422,480.058143483447,481.4908319506554,483.5971287187738,485.7312894726985,487.39216758852706
paper,medium,2008-03-31,2008Q1,1,CONS,903.7703011112789,927.779965478359,-24.009664367080177,902.8080925821242,903.1747443757464,903.7594317944524,904.3449636833392,904.768502525355
paper,medium,2008-03-31,2008Q2,2,CONS,904.6550502960695,928.0551554354275,-23.40010513935806,903.1902802367496,903.7208113732967,904.6476244857022,905.5626888958542,906.1235363276782
paper,medium,2008-03-31,2008Q3,3,CONS,905.554020687494,927.2814388489875,-21.72741816149346,903.5517566508825,904.3428045698014,905.5640096313537,906.7195125261346,907.4936495095004
paper,medium,2008-03-31,2008Q4,4,CONS,906.5008093195115,926.3774213756642,-19.87661205615268,904.0398050253187,905.055633896527,906.5167480500463,907.9619120589014,908.8942101078892
paper,medium,2008-03-31,2009Q1,5,CONS,907.4380199023518,926.1231470493817,-18.685127147029903,904.4935062215052,905.6780439810713,907.4019869338288,909.1914418965616,910.2635447715078
paper,medium,2008-03-31,2009Q2,6,CONS,908.351795504852,925.6303496212205,-17.27855411636847,904.9652589073307,906.3584598758403,908.3149181810202,910.3696022321163,911.5734860246195
paper,medium,2008-03-31,2009Q3,7,CONS,909.289075640787,926.3005779585693,-17.011502317782288,905.5824184186977,907.029149632644,909.355557551885,911.5558464433054,912.9835124739914
paper,medium,2008-03-31,2009Q4,8,CONS,910.2274916404571,926.1903449968864,-15.962853356429378,906.1161724918361,907.6937442586201,910.2530765564192,912.6307748283103,914.2108927126529
paper,medium,2008-03-31,2008Q1,1,DEFL,479.7586917734348,453.9617817747856,25.7969099986492,479.2905883323291,479.4914661814936,479.7498487093151,480.0382852155743,480.2419032812736
paper,medium,2008-03-31,2008Q2,2,DEFL,480.28739500981646,454.46768055591286,25.8197144539036,479.4754644522048,479.7920907162206,480.2886599196854,480.79144636392135,481.11041529495077
paper,medium,2008-03-31,2008Q3,3,DEFL,480.8017380794245,455.2191261197205,25.582611959704025,479.62532578034325,480.08939237480104,480.8078972148923,481.52181404866616,482.01526597521047
paper,medium,2008-03-31,2008Q4,4,DEFL,481.32578020319716,455.45608681615494,25.86969338704222,479.6828122081078,480.32452805618647,481.3496493932673,482.3076512976409,482.94128304819753
paper,medium,2008-03-31,2009Q1,5,DEFL,481.86752403289665,455.406634733688,26.460889299208645,479.73842334683735,480.6154418438114,481.89564363229863,483.13447943098487,483.9433922833153
paper,medium,2008-03-31,2009Q2,6,DEFL,482.4121257940409,455.2317782083863,27.1803475856546,479.78452283606515,480.84239387236033,482.4142719622428,483.97971794335086,485.0167584707728
paper,medium,2008-03-31,2009Q3,7,DEFL,482.97568042428514,455.33925638064517,27.636424043639977,479.8698531010824,481.0641264657274,482.99157706494236,484.8618508703125,486.06739049113247
paper,medium,2008-03-31,2009Q4,8,DEFL,483.55125512343494,455.6683475771851,27.88290754624984,479.82438440725934,481.27165050319246,483.57565073279903,485.8321484206425,487.18349454328774
paper,medium,2008-03-31,2008Q1,1,FFR,4.172775985752674,3.1766666666666663,0.9961093190860075,2.848804316643469,3.336162683557792,4.160934602507704,5.01250639965979,5.512221156267033
paper,medium,2008-03-31,2008Q2,2,FFR,4.034506324522869,2.0866666666666664,1.947839657856203,1.9886641943465462,2.762584235011519,4.068307569587436,5.258009439215079,6.023479915336795
paper,medium,2008-03-31,2008Q3,3,FFR,3.990227492850958,1.9400000000000002,2.050227492850958,1.461547179293383,2.4137816461147037,4.024183989406979,5.520470039710616,6.46077399900296
paper,medium,2008-03-31,2008Q4,4,FFR,3.9712700098892757,0.5066666666666667,3.464603343222609,1.0399787785713428,2.203609016903753,3.9964682273179717,5.761993163815136,6.8804902773955705
paper,medium,2008-03-31,2009Q1,5,FFR,3.9498881540821675,0.18333333333333335,3.7665548207488344,0.6554417068755937,1.9963091577546699,3.9364169450716915,5.877086875875196,7.299084387915833
paper,medium,2008-03-31,2009Q2,6,FFR,3.960596212414222,0.18000000000000002,3.780596212414222,0.31289228078053216,1.8259185591466067,3.979927013840402,6.035350415917686,7.498844819510042
paper,medium,2008-03-31,2009Q3,7,FFR,3.9905379352788652,0.15666666666666665,3.8338712686121985,0.2110694445544553,1.7107764596146788,4.02123643137123,6.341328887663082,7.772639075953042
paper,medium,2008-03-31,2009Q4,8,FFR,4.054488004444005,0.12,3.934488004444005,-0.0169954355764197,1.565709122478988,4.103837904605171,6.575245068577503,8.190453743366065
paper,medium,2008-03-31,2008Q1,1,GDP,937.1508285829096,966.1601069749734,-29.00927839206372,935.8830464327668,936.354654532525,937.152212066272,937.955198050987,938.4568067843961
paper,medium,2008-03-31,2008Q2,2,GDP,938.0197697996266,966.730770931016,-28.711001131389366,935.988414869128,936.755148613281,938.0378319906154,939.2541232508815,940.0172005757132
paper,medium,2008-03-31,2008Q3,3,GDP,938.9442001021498,966.2024850530005,-27.25828495085068,936.2793112559319,937.3145159952538,939.0043227561832,940.5813194356368,941.5849300813813
paper,medium,2008-03-31,2008Q4,4,GDP,939.8435944110969,963.9952057445751,-24.151611333478172,936.6079699093877,937.8755109530915,939.9187648309874,941.7568170958527,942.9818047512234
paper,medium,2008-03-31,2009Q1,5,GDP,940.7334950627672,962.8226353991014,-22.08914033633414,936.9324927473732,938.4602380799533,940.8349822995309,942.9705181856599,944.4688820333603
paper,medium,2008-03-31,2009Q2,6,GDP,941.5967610689967,962.6532538909199,-21.056492821923257,937.3913463260103,939.0326003564799,941.6641125786971,944.1383012026018,945.7708012784898
paper,medium,2008-03-31,2009Q3,7,GDP,942.4938774899579,963.0145304911672,-20.520653001209325,937.8259122598689,939.6181600818074,942.5592606790915,945.3690078338116,947.0231866163672
paper,medium,2008-03-31,2009Q4,8,GDP,943.3974929950601,964.0768300067851,-20.67933701172501,938.269783082812,940.3414799224489,943.4328702964326,946.4188991263676,948.4132461610675
paper,medium,2008-03-31,2008Q1,1,HOURS,480.16936622870736,465.22350531644213,14.945860912265232,479.1155943693925,479.5237964981215,480.1769011584603,480.81249000828007,481.20766739364996
paper,medium,2008-03-31,2008Q2,2,HOURS,480.3596220238572,464.68014529590437,15.679476727952817,478.4498708818945,479.23836139150325,480.38185713035546,481.48287178790383,482.06870212555975
paper,medium,2008-03-31,2008Q3,3,HOURS,480.66431996038295,463.5291936540614,17.13512630632158,478.0560858283687,479.11142109202433,480.67138098532325,482.1961564855774,483.2486408424392
paper,medium,2008-03-31,2008Q4,4,HOURS,481.0247852697519,460.7158208561043,20.308964413647573,477.62915549592606,479.03644358912527,481.10435606547264,483.02034215654,484.30362071826755
paper,medium,2008-03-31,2009Q1,5,HOURS,481.4211047852441,458.14920586335137,23.271898921892728,477.3388859839338,479.0542134001097,481.4661872205312,483.7987762617125,485.29915558178595
paper,medium,2008-03-31,2009Q2,6,HOURS,481.8221462486616,455.7826974477571,26.03944880090455,477.2331527315686,479.1688820742551,481.8790431849066,484.53685566422087,486.3134237825622
paper,medium,2008-03-31,2009Q3,7,HOURS,482.2221078560419,454.67568674374314,27.54642111229873,476.9751967980567,479.2067682304773,482.25235758938106,485.34555063491484,487.29055592590345
paper,medium,2008-03-31,2009Q4,8,HOURS,482.6186902233965,454.55581763068915,28.06287259270738,477.02710021193576,479.31536395040257,482.6114654583027,486.1207812661631,488.27071829725924
paper,medium,2008-03-31,2008Q1,1,INV,749.43373678325,785.6804736421575,-36.246736858907525,743.1487645840757,745.5495165895426,749.3935068022734,753.3106623190945,755.6307815771596
paper,medium,2008-03-31,2008Q2,2,INV,750.8187473633791,783.8502214603918,-33.03147409701273,740.9251080118709,745.0288292200438,750.9060896308383,756.4885311070572,760.1008680965089
paper,medium,2008-03-31,2008Q3,3,INV,752.5502104303137,781.8248839683592,-29.27467353804559,739.9973557260364,745.2486491714702,753.1408401565545,759.8326200129619,764.0630772763471
paper,medium,2008-03-31,2008Q4,4,INV,754.0065617243747,771.7102465089438,-17.703684784569077,739.1541727125996,745.2566781416349,754.5683850687396,762.5833669796605,767.2335390121433
paper,medium,2008-03-31,2009Q1,5,INV,755.4187027629625,759.4303232463312,-4.011620483368688,738.6380386917925,745.4553022465306,755.7395379915945,765.0787126593565,771.0423559771541
paper,medium,2008-03-31,2009Q2,6,INV,756.7815933740877,753.4915957252271,3.2899976488606626,737.8319482674584,746.0009191859518,757.1854073255677,767.2422343200702,774.4414328446719
paper,medium,2008-03-31,2009Q3,7,INV,758.160337542492,753.2630578079347,4.897279734557287,738.0557722969822,746.3146112364408,758.4151026954432,770.0734791721669,777.4105317128725
paper,medium,2008-03-31,2009Q4,8,INV,759.4774421391083,762.1065806084977,-2.629138469389318,737.8553614835071,747.2403601939452,759.6688462445838,771.9745605469816,780.1055701783118
paper,medium,2008-03-31,2008Q1,1,WAGE,481.01410142241406,459.9262771523625,21.087824270051556,479.92449551942735,480.3623821833691,481.0134517031532,481.65814960213044,482.1051352074839
paper,medium,2008-03-31,2008Q2,2,WAGE,481.4985638175667,458.7657734236793,22.7327903938874,479.95443693708444,480.5483067086427,481.51906326843675,482.44550481654926,483.0564292606611
paper,medium,2008-03-31,2008Q3,3,WAGE,481.8731708378332,458.23722773120875,23.63594310662444,479.9787796240298,480.7105233340424,481.8656181363382,483.1150348662266,483.85485537727163
paper,medium,2008-03-31,2008Q4,4,WAGE,482.30824568026003,461.8984329821462,20.409812698113853,479.97527215960207,480.92547715442714,482.31300759518274,483.7503683871994,484.6654141869845
paper,medium,2008-03-31,2009Q1,5,WAGE,482.7361202883517,459.9192354301555,22.816884858196204,479.9798702226233,481.16095088898794,482.7197016135152,484.3632352912428,485.36934993862565
paper,medium,2008-03-31,2009Q2,6,WAGE,483.16314676942886,461.94872065828844,21.214426111140426,480.04641875124344,481.3709850673306,483.1815135653227,484.98579940826113,486.1524125083334
paper,medium,2008-03-31,2009Q3,7,WAGE,483.5994382419376,461.7928452086754,21.80659303326223,480.1942373251592,481.5951908925052,483.6004673660919,485.6020652911529,486.8788824554474
paper,medium,2008-03-31,2009Q4,8,WAGE,484.0322697718604,461.5922175624994,22.440052209361,480.4014658355665,481.88702996353965,484.0860141462501,486.18248229654324,487.5950661561155
paper,medium,2008-06-30,2008Q2,1,CONS,904.2586168411341,928.0551554354275,-23.79653859429345,903.2515623307662,903.6734993690957,904.2737213085325,904.8485643057434,905.1991086258258
paper,medium,2008-06-30,2008Q3,2,CONS,905.2316799570021,927.2814388489875,-22.049758891985334,903.758214011492,904.3532214434142,905.2507384129156,906.0839196342555,906.6864910214191
paper,medium,2008-06-30,2008Q4,3,CONS,906.2168844255468,926.3774213756642,-20.160536950117375,904.2304527517538,904.9860448780357,906.2366553977672,907.378268302586,908.1896099473755
paper,medium,2008-06-30,2009Q1,4,CONS,907.2177202907073,926.1231470493817,-18.905426758674366,904.719375428228,905.7358370449577,907.2107684893369,908.724859772852,909.6917700798784
paper,medium,2008-06-30,2009Q2,5,CONS,908.1560582108806,925.6303496212205,-17.4742914103399,905.222806856663,906.4227423561873,908.152814589647,909.9496350443989,911.0401700273407
paper,medium,2008-06-30,2009Q3,6,CONS,909.0688493840688,926.3005779585693,-17.231728574500494,905.709785867488,907.065243549811,909.0425336367091,911.0893938780999,912.3958790996049
paper,medium,2008-06-30,2009Q4,7,CONS,909.9731768651211,926.1903449968864,-16.217168131765334,906.2181851504414,907.7080727633328,909.9792864193596,912.2311228621978,913.7981546997972
paper,medium,2008-06-30,2010Q1,8,CONS,910.8353137238944,926.7682152336796,-15.93290150978521,906.5810412537946,908.3433150308432,910.8420272545754,913.3686759654992,914.9823084662889
paper,medium,2008-06-30,2008Q2,1,DEFL,480.3850669912004,454.46768055591286,25.91738643528754,479.8899036463721,480.0872481885561,480.3870314635586,480.67422764274176,480.8634061736506
paper,medium,2008-06-30,2008Q3,2,DEFL,480.90895093353964,455.2191261197205,25.689824813819143,480.06894091128225,480.4198867901299,480.906055481109,481.4137330344703,481.7017502685183
paper,medium,2008-06-30,2008Q4,3,DEFL,481.44194956237476,455.45608681615494,25.985862746219823,480.2384356536464,480.71866909104034,481.4286743384607,482.1973198874872,482.6010493128948
paper,medium,2008-06-30,2009Q1,4,DEFL,481.9706862154036,455.406634733688,26.56405148171558,480.34069919657196,481.0187834514312,481.9600070254936,482.9657871804914,483.51079767854185
paper,medium,2008-06-30,2009Q2,5,DEFL,482.5223925498656,455.2317782083863,27.290614341479284,480.4935984508505,481.272769032886,482.4939547488649,483.7902179195962,484.56291943289125
paper,medium,2008-06-30,2009Q3,6,DEFL,483.1068759851453,455.33925638064517,27.767619604500112,480.57065555347856,481.52000997994037,483.09884219841666,484.65249981856607,485.7022795562695
paper,medium,2008-06-30,2009Q4,7,DEFL,483.70676222935685,455.6683475771851,28.038414652171753,480.6285124223107,481.8429161152569,483.68331573534783,485.6355608534112,486.78633763990956
paper,medium,2008-06-30,2010Q1,8,DEFL,484.3326410149796,455.93984617419227,28.392794840787303,480.6321113575011,482.1296886330069,484.3122112139855,486.59461513660045,487.9787662376818
paper,medium,2008-06-30,2008Q2,1,FFR,2.881991162366982,2.0866666666666664,0.7953244957003154,1.5375115705852753,2.0532971962100546,2.892197343613182,3.6975762072443787,4.232545973989886
paper,medium,2008-06-30,2008Q3,2,FFR,2.970817446858325,1.9400000000000002,1.0308174468583247,0.9019551534897307,1.699907847199966,2.9814476375304837,4.2374941486152755,4.9775111369873155
paper,medium,2008-06-30,2008Q4,3,FFR,2.96720576580349,0.5066666666666667,2.460539099136823,0.4073962960057624,1.488808651993788,2.946120678088416,4.508887665465168,5.49444735896189
paper,medium,2008-06-30,2009Q1,4,FFR,3.025709158282286,0.18333333333333335,2.8423758249489524,0.04624645076891858,1.2189776418262273,3.0658309825365198,4.8337277003527115,5.878353588756363
paper,medium,2008-06-30,2009Q2,5,FFR,3.1463552496542637,0.18000000000000002,2.9663552496542636,-0.17727624373456116,1.1822278951994245,3.1921218178087027,5.176142257043438,6.368566860567656
paper,medium,2008-06-30,2009Q3,6,FFR,3.2895011782718813,0.15666666666666665,3.1328345116052145,-0.3880534024805081,1.101927714004996,3.3417624288246754,5.485847845085961,6.796229479850749
paper,medium,2008-06-30,2009Q4,7,FFR,3.3856187690099264,0.12,3.2656187690099263,-0.5054675942026225,1.0575280776081157,3.472582195436531,5.808617387483736,7.092336985277
paper,medium,2008-06-30,2010Q1,8,FFR,3.5112898942091295,0.13333333333333333,3.377956560875796,-0.7360312691390867,1.0067752094592832,3.515126981772836,6.012112485842751,7.473963177523183
paper,medium,2008-06-30,2008Q2,1,GDP,937.4936090032396,966.730770931016,-29.237161927776356,936.2803636121033,936.7122160893738,937.5013151295653,938.2514593353561,938.7571320057845
paper,medium,2008-06-30,2008Q3,2,GDP,938.5109136747425,966.2024850530005,-27.691571378258004,936.5065667274082,937.3338628397647,938.5370109193944,939.7071374927636,940.4908769665298
paper,medium,2008-06-30,2008Q4,3,GDP,939.5539595526325,963.9952057445751,-24.441246191942582,936.9247088969701,937.9484676379744,939.5824713126958,941.1239341239892,942.2494581063346
paper,medium,2008-06-30,2009Q1,4,GDP,940.5426960281472,962.8226353991014,-22.27993937095414,937.2898009674391,938.616183969503,940.5574094888036,942.4531716831666,943.7425591311936
paper,medium,2008-06-30,2009Q2,5,GDP,941.4702073137812,962.6532538909199,-21.183046577138725,937.8271502275113,939.2215658491864,941.5008017499226,943.590499531733,945.214867532548
paper,medium,2008-06-30,2009Q3,6,GDP,942.3422438911784,963.0145304911672,-20.67228659998875,938.2935944904584,939.8408551540052,942.3314409235694,944.7617081380156,946.5439389665338
paper,medium,2008-06-30,2009Q4,7,GDP,943.2161378101507,964.0768300067851,-20.86069219663443,938.7504105566842,940.4445847296273,943.211305782296,945.985002628483,947.7826852440461
paper,medium,2008-06-30,2010Q1,8,GDP,944.0596005282003,964.5756373732798,-20.516036845079498,939.0889809664353,941.1531839719557,944.042117343587,947.0398804259665,949.0696456479449
paper,medium,2008-06-30,2008Q2,1,HOURS,479.6852115768144,464.68014529590437,15.005066280910057,478.64473516932213,479.01937007087344,479.6840976671109,480.29136285837353,480.75943632964305
paper,medium,2008-06-30,2008Q3,2,HOURS,479.92511399627836,463.5291936540614,16.395920342216982,478.0652650215841,478.80677335408967,479.9412234517101,481.01418091195717,481.7577310144151
paper,medium,2008-06-30,2008Q4,3,HOURS,480.33915248578194,460.7158208561043,19.623331629677637,477.8223821205406,478.7616447559579,480.3779628327894,481.8870395069148,482.9381769546794
paper,medium,2008-06-30,2009Q1,4,HOURS,480.83104507000905,458.14920586335137,22.681839206657685,477.5277793715834,478.8113940554315,480.83405767163026,482.8097312913671,484.14254294672946
paper,medium,2008-06-30,2009Q2,5,HOURS,481.32867080372336,455.7826974477571,25.545973355966282,477.3197997649141,478.89910830147613,481.37847087354464,483.67202533455725,485.1964413137357
paper,medium,2008-06-30,2009Q3,6,HOURS,481.7785277051428,454.67568674374314,27.102840961399636,477.2533595129924,478.9381179101042,481.71032474279303,484.5366222549408,486.2607513056044
paper,medium,2008-06-30,2009Q4,7,HOURS,482.20913560444893,454.55581763068915,27.653317973759783,477.20937228888573,479.08989828499733,482.18284870024297,485.3197678645451,487.42401815713436
paper,medium,2008-06-30,2010Q1,8,HOURS,482.60693490168984,454.84940087945347,27.75753402223637,477.05951998495647,479.23709797228713,482.5878867229858,485.93071751550735,488.23247612486074
paper,medium,2008-06-30,2008Q2,1,INV,746.9766210836945,783.8502214603918,-36.87360037669737,740.851527560018,743.1485588496183,746.9474895821776,750.6305220723043,753.2726047890204
paper,medium,2008-06-30,2008Q3,2,INV,749.0088145399978,781.8248839683592,-32.8160694283614,739.5981192949237,743.4370126142684,749.0753190719684,754.6582910144484,758.4001633699579
paper,medium,2008-06-30,2008Q4,3,INV,751.4877539942509,771.7102465089438,-20.22249251469293,739.0243909178703,744.2388588395904,751.6272911794144,759.0512570646155,763.3615253609067
paper,medium,2008-06-30,2009Q1,4,INV,753.4262750427259,759.4303232463312,-6.004048203605294,739.089552190089,744.5640183510549,753.6383190594629,762.3260829483604,767.5387263657399
paper,medium,2008-06-30,2009Q2,5,INV,755.1087853770041,753.4915957252271,1.6171896517770392,738.7538669291393,745.2016153662986,755.0011955937609,764.850063611117,771.7264440122838
paper,medium,2008-06-30,2009Q3,6,INV,756.5009719194805,753.2630578079347,3.2379141115458197,738.4636015438175,745.8734603096223,756.2844246755665,767.3587403250434,774.4046772736617
paper,medium,2008-06-30,2009Q4,7,INV,757.7836905776572,762.1065806084977,-4.322890030840426,738.7151478432395,745.9153274186571,757.7380237611965,769.3810711144405,777.5822941867349
paper,medium,2008-06-30,2010Q1,8,INV,759.0392742186631,764.3564839513651,-5.317209732702054,738.5040691715775,746.6516938129761,759.0582626482797,771.4658535861167,780.2096700623631
paper,medium,2008-06-30,2008Q2,1,WAGE,481.48369599163186,458.7657734236793,22.71792256795254,480.41306418571656,480.8371943734676,481.4840249474747,482.1503335789244,482.54767986584824
paper,medium,2008-06-30,2008Q3,2,WAGE,481.9277538581109,458.23722773120875,23.69052612690217,480.3329757370009,480.96334818053754,481.93366344056454,482.8954806019363,483.4995176363606
paper,medium,2008-06-30,2008Q4,3,WAGE,482.34494525787886,461.8984329821462,20.446512275732687,480.3262080881187,481.16805616977217,482.32330678388104,483.5261940002934,484.2827431029804
paper,medium,2008-06-30,2009Q1,4,WAGE,482.79038902376783,459.9192354301555,22.87115359361235,480.3264205632146,481.3387227866273,482.8433205284348,484.24232658533236,485.0338240604358
paper,medium,2008-06-30,2009Q2,5,WAGE,483.2411633186439,461.94872065828844,21.292442660355448,480.5235035253388,481.6328387562016,483.24128283915405,484.8810205759641,485.9026261121614
paper,medium,2008-06-30,2009Q3,6,WAGE,483.68750376118925,461.7928452086754,21.894658552513874,480.6263712117773,481.82471247088904,483.6590568940851,485.5344609291659,486.6716744431144
paper,medium,2008-06-30,2009Q4,7,WAGE,484.1177660568617,461.5922175624994,22.525548494362283,480.71635936767916,482.1393269624659,484.16197260611085,486.1498537978762,487.3710940200436
paper,medium,2008-06-30,2010Q1,8,WAGE,484.5244052831989,460.4900149531529,24.034390330045994,480.9275910427699,482.3019904657473,484.5775943175755,486.77353089698556,488.0947744911027
paper,medium,2008-09-30,2008Q3,1,CONS,903.8685586323634,927.2814388489875,-23.412880216624103,902.8595426161487,903.2612393455336,903.8688408998812,904.4996857911366,904.8762030946465
paper,medium,2008-09-30,2008Q4,2,CONS,904.8359744839473,926.3774213756642,-21.541446891716873,903.3016669858123,903.9200287251462,904.8624561973477,905.7388991753409,906.3269011854969
paper,medium,2008-09-30,2009Q1,3,CONS,905.8110016863992,926.1231470493817,-20.312145362982506,903.7811690956023,904.6017421236626,905.8286899945651,907.0065131999546,907.8423889139409
paper,medium,2008-09-30,2009Q2,4,CONS,906.7863347991205,925.6303496212205,-18.844014822100007,904.269416391407,905.2709918870372,906.8077495980908,908.2881478541356,909.3243158805815
paper,medium,2008-09-30,2009Q3,5,CONS,907.7349155309433,926.3005779585693,-18.565662427625966,904.5914868151866,905.9216958072248,907.8076010044474,909.5165600590861,910.7263598118193
paper,medium,2008-09-30,2009Q4,6,CONS,908.646577971115,926.1903449968864,-17.543767025771444,905.0659436526156,906.5612435161934,908.6595322618728,910.650662507779,912.0496327711505
paper,medium,2008-09-30,2010Q1,7,CONS,909.5469030419209,926.7682152336796,-17.22131219175867,905.5429784001943,907.1346630805687,909.5907037090599,911.844934133039,913.4131260114784
paper,medium,2008-09-30,2010Q2,8,CONS,910.4226816876075,927.6609738087002,-17.23829212109274,906.0521113180987,907.8753782139092,910.4624832540362,912.9821191900443,914.7256641148977
paper,medium,2008-09-30,2008Q3,1,DEFL,480.73920158546713,455.2191261197205,25.52007546574663,480.26808421586264,480.45534064810136,480.7399383028659,481.0168766024943,481.1944702604403
paper,medium,2008-09-30,2008Q4,2,DEFL,481.1669731999415,455.45608681615494,25.710886383786544,480.393458836514,480.6886821154596,481.1636952471217,481.6452405258835,481.95685685717194
paper,medium,2008-09-30,2009Q1,3,DEFL,481.5862997752786,455.406634733688,26.179665041590567,480.38224755686946,480.89004974259535,481.59329219661845,482.2939449706173,482.82586597067774
paper,medium,2008-09-30,2009Q2,4,DEFL,481.99757077365706,455.2317782083863,26.76579256527077,480.3916145745986,481.03373382816824,481.9816213004293,483.005240156874,483.6484396495186
paper,medium,2008-09-30,2009Q3,5,DEFL,482.44967344851375,455.33925638064517,27.110417067868582,480.31457300973454,481.1527836573727,482.4267110616724,483.75842161228957,484.66523959355646
paper,medium,2008-09-30,2009Q4,6,DEFL,482.926530870401,455.6683475771851,27.258183293215893,480.3047134825573,481.32992863876547,482.9015081791724,484.5921398748122,485.6724770276698
paper,medium,2008-09-30,2010Q1,7,DEFL,483.42526859886755,455.93984617419227,27.485422424675278,480.2425775896286,481.4740561957015,483.3870392261449,485.4532725776895,486.74225116445655
paper,medium,2008-09-30,2010Q2,8,DEFL,483.9534175312297,456.42648546620876,27.526932065020958,480.19093585194014,481.693688876912,483.91145661347565,486.34655889892235,487.823048847999
paper,medium,2008-09-30,2008Q3,1,FFR,2.0214770292167286,1.9400000000000002,0.08147702921672839,0.65274669199626,1.1465268329227054,2.020723634096653,2.8909500522997718,3.404278616357564
paper,medium,2008-09-30,2008Q4,2,FFR,2.080252901862947,0.5066666666666667,1.5735862351962804,-0.030343982365531822,0.8070983869789546,2.0530151434756103,3.3947513675960796,4.225353132607792
paper,medium,2008-09-30,2009Q1,3,FFR,2.1249413858914132,0.18333333333333335,1.9416080525580799,-0.3854288615871151,0.5309877417184289,2.0935124277950363,3.7532020638680654,4.7314192465402956
paper,medium,2008-09-30,2009Q2,4,FFR,2.217109165265579,0.18000000000000002,2.037109165265579,-0.7037784413016381,0.4315337063539089,2.194552514872865,4.012452997082289,5.345832141880938
paper,medium,2008-09-30,2009Q3,5,FFR,2.358409418893669,0.15666666666666665,2.2017427522270023,-0.9566598710732657,0.3483075016056127,2.3104776702889707,4.415806070970022,5.726273907416538
paper,medium,2008-09-30,2009Q4,6,FFR,2.4829585124518894,0.12,2.3629585124518893,-1.092285162819559,0.2873094589216171,2.45728624743521,4.701678702729933,6.131488427704975
paper,medium,2008-09-30,2010Q1,7,FFR,2.6070178421461048,0.13333333333333333,2.4736845088127715,-1.2457267149490274,0.2441137575370834,2.607919071686011,4.923504792292713,6.619040373815953
paper,medium,2008-09-30,2010Q2,8,FFR,2.753574661718175,0.19333333333333336,2.5602413283848415,-1.3844570170049562,0.2735131335296179,2.75801419656117,5.261316770405031,7.019154785004901
paper,medium,2008-09-30,2008Q3,1,GDP,937.7293054765381,966.2024850530005,-28.47317957646237,936.4175033616247,936.9351745096258,937.7309009281588,938.5390984233077,939.0497918842691
paper,medium,2008-09-30,2008Q4,2,GDP,938.7633665068944,963.9952057445751,-25.231839237680674,936.7146920073458,937.5048523696855,938.7680295655716,940.0070975728387,940.7449473908962
paper,medium,2008-09-30,2009Q1,3,GDP,939.8325039833725,962.8226353991014,-22.99013141572891,937.0950774321867,938.1503777798517,939.825033361457,941.4604252816249,942.5373434221841
paper,medium,2008-09-30,2009Q2,4,GDP,940.842746703018,962.6532538909199,-21.810507187901976,937.6032689020493,938.8806091352593,940.795398773875,942.8060737257167,944.0869455033419
paper,medium,2008-09-30,2009Q3,5,GDP,941.7614388177101,963.0145304911672,-21.253091673457106,937.8323914531885,939.4546602546745,941.7735385602198,944.0650169907059,945.6005100500943
paper,medium,2008-09-30,2009Q4,6,GDP,942.6680189715509,964.0768300067851,-21.408811035234294,938.3312765729302,940.029911159982,942.6096084224237,945.2612716620241,946.9294266820667
paper,medium,2008-09-30,2010Q1,7,GDP,943.5669058910032,964.5756373732798,-21.00873148227663,938.7525599497471,940.6054584610328,943.6346660624786,946.4704937731788,948.0942380741587
paper,medium,2008-09-30,2010Q2,8,GDP,944.4526162691633,965.5386897406826,-21.086073471519285,939.2889111140129,941.3419933764674,944.489346285122,947.5055102158922,949.6128538459111
paper,medium,2008-09-30,2008Q3,1,HOURS,479.6500808548774,463.5291936540614,16.120887200816014,478.58281024306456,479.0077037247819,479.659724882565,480.3064431559111,480.73222570307416
paper,medium,2008-09-30,2008Q4,2,HOURS,479.9797865490047,460.7158208561043,19.2639656929004,478.1035397514026,478.8699487393892,480.00262800422365,481.06431765225034,481.89393718913857
paper,medium,2008-09-30,2009Q1,3,HOURS,480.44184272313686,458.14920586335137,22.29263685978549,477.9212219138127,478.89216881570263,480.4321480511077,482.00260214413294,483.1323038338694
paper,medium,2008-09-30,2009Q2,4,HOURS,480.93526544320133,455.7826974477571,25.152567995444258,477.68947577735713,478.99467455400236,480.8392481665984,482.97483258688146,484.36294170895655
paper,medium,2008-09-30,2009Q3,5,HOURS,481.43200193405545,454.67568674374314,26.756315190312307,477.61361332874645,479.01606407791877,481.3450338765093,483.94454992773143,485.63194241416073
paper,medium,2008-09-30,2009Q4,6,HOURS,481.8880092821874,454.55581763068915,27.33219165149825,477.42476832414917,478.9829358264357,481.7940333068077,484.6855976177344,486.5676576204633
paper,medium,2008-09-30,2010Q1,7,HOURS,482.3129033842202,454.84940087945347,27.463502504766723,477.2830458210395,479.1341973538559,482.22413726138564,485.4268818035249,487.57078422565445
paper,medium,2008-09-30,2010Q2,8,HOURS,482.72917481116525,455.69038845785997,27.038786353305284,477.27992398382753,479.38470321008793,482.55921713946464,486.1403942419418,488.39083198791803
paper,medium,2008-09-30,2008Q3,1,INV,744.3384329783357,781.8248839683592,-37.48645099002351,737.6805106142031,740.4984232672138,744.4169823936843,748.1774712856087,750.9257256115255
paper,medium,2008-09-30,2008Q4,2,INV,746.9456625212945,771.7102465089438,-24.764583987649303,736.7194872600257,741.0874001367126,747.0127756512812,752.8614990705856,756.4792098726148
paper,medium,2008-09-30,2009Q1,3,INV,749.4699975885796,759.4303232463312,-9.960325657751582,736.8955827594958,741.6749562824851,749.6368104734704,757.0891021534975,761.7105310062472
paper,medium,2008-09-30,2009Q2,4,INV,751.4722838066572,753.4915957252271,-2.0193119185698833,736.9332751819139,742.6102385634282,751.4620815092321,760.7512341324883,766.5329748447679
paper,medium,2008-09-30,2009Q3,5,INV,752.9915344541424,753.2630578079347,-0.2715233537923041,736.2081124667304,742.5199153586767,752.8732847748644,763.2182476902769,770.5033153080565
paper,medium,2008-09-30,2009Q4,6,INV,754.490945887171,762.1065806084977,-7.6156347213266145,735.6741600032079,743.3976594020726,754.4730761522098,765.4629251104267,773.1104693481178
paper,medium,2008-09-30,2010Q1,7,INV,755.8748399199585,764.3564839513651,-8.481644031406631,736.3724719291122,743.5303650551705,755.8850446838715,767.7276292011659,776.2089065005076
paper,medium,2008-09-30,2010Q2,8,INV,757.2205699545602,769.4714244586191,-12.250854504058907,736.0126823704192,744.1994289321568,757.319680852605,770.1149763117373,779.0855030718333
paper,medium,2008-09-30,2008Q3,1,WAGE,479.5520715863255,458.23722773120875,21.31484385511675,478.57094529413376,478.936702254153,479.562789818878,480.1465482090392,480.5712909368106
paper,medium,2008-09-30,2008Q4,2,WAGE,479.96035415110066,461.8984329821462,18.061921168954484,478.4666476305251,479.06904550056794,479.9689243002407,480.83108608698296,481.34234314090327
paper,medium,2008-09-30,2009Q1,3,WAGE,480.3584205732949,459.9192354301555,20.43918514313941,478.3945977541596,479.2309034144991,480.37064078517017,481.5150136645714,482.22539925239147
paper,medium,2008-09-30,2009Q2,4,WAGE,480.78196608362936,461.94872065828844,18.83324542534092,478.3464225811167,479.4178974330739,480.79528875631047,482.18840222172025,483.11516186680353
paper,medium,2008-09-30,2009Q3,5,WAGE,481.2128649264237,461.7928452086754,19.420019717748346,478.38147864884206,479.6214108112389,481.2794819201605,482.8106628335312,483.8440032809954
paper,medium,2008-09-30,2009Q4,6,WAGE,481.6582914629729,461.5922175624994,20.066073900473498,478.58668441059064,479.86996453574056,481.71263559179795,483.42190006106875,484.5842167007414
paper,medium,2008-09-30,2010Q1,7,WAGE,482.07269843246036,460.4900149531529,21.582683479307434,478.5824480888632,480.0730765756909,482.0888437424342,484.0710210829634,485.2854468134598
paper,medium,2008-09-30,2010Q2,8,WAGE,482.47533814729206,461.6337597679988,20.841578379293253,478.8091848772566,480.28928737240193,482.5460092144723,484.6001161518808,485.93141693150085
paper,medium,2008-12-31,2008Q4,1,CONS,902.6083105072659,926.3774213756642,-23.769110868398343,901.5926555648432,901.9756777078621,902.5886770040279,903.2402182408894,903.6424276199567
paper,medium,2008-12-31,2009Q1,2,CONS,903.2734303967063,926.1231470493817,-22.849716652675397,901.6638381668681,902.3126822789725,903.2769984123287,904.2629595510404,904.9105547443821
paper,medium,2008-12-31,2009Q2,3,CONS,903.92958956418,925.6303496212205,-21.700760057040497,901.762659478347,902.6119876432657,903.9489262834222,905.2171547104579,906.1450930785121
paper,medium,2008-12-31,2009Q3,4,CONS,904.723060231449,926.3005779585693,-21.577517727120266,901.9265182345753,903.0992006035291,904.7277535799702,906.3578492127425,907.3862044936485
paper,medium,2008-12-31,2009Q4,5,CONS,905.5565475746299,926.1903449968864,-20.63379742225652,902.2029305861583,903.6742069269352,905.5979910930058,907.4417127443246,908.6931289047402
paper,medium,2008-12-31,2010Q1,6,CONS,906.3687972424387,926.7682152336796,-20.399417991240853,902.6379355802003,904.2031259541625,906.4292676119151,908.5149838793466,910.017073121514
paper,medium,2008-12-31,2010Q2,7,CONS,907.1847139858731,927.6609738087002,-20.476259822827046,902.9579781973708,904.7588910408047,907.2219272014933,909.6270421205215,911.2383197164627
paper,medium,2008-12-31,2010Q3,8,CONS,908.0217982231399,928.3718706580585,-20.350072434918616,903.350309996857,905.2748339607703,908.0755441987378,910.8020603566738,912.4979625886235
paper,medium,2008-12-31,2008Q4,1,DEFL,481.86250683730356,455.45608681615494,26.40642002114862,481.38741673167044,481.5670622671739,481.8604746585561,482.1598462160911,482.3558872979719
paper,medium,2008-12-31,2009Q1,2,DEFL,482.51475789205193,455.406634733688,27.108123158363924,481.6743979155454,482.00247325029585,482.50329025341625,483.030398243093,483.3861539936781
paper,medium,2008-12-31,2009Q2,3,DEFL,483.15367876771796,455.2317782083863,27.921900559331675,481.89153601678123,482.43013046017194,483.1248809447825,483.9109268853685,484.38776843357937
paper,medium,2008-12-31,2009Q3,4,DEFL,483.7772439372935,455.33925638064517,28.437987556648352,482.06279275567766,482.7667289544089,483.75163394454125,484.82506253160284,485.48282826298976
paper,medium,2008-12-31,2009Q4,5,DEFL,484.4024514292488,455.6683475771851,28.734103852063697,482.1504697494051,483.1035833445116,484.3927957961033,485.76754101629996,486.65173473078414
paper,medium,2008-12-31,2010Q1,6,DEFL,485.05387394129053,455.93984617419227,29.114027767098264,482.2485905409569,483.3689364867627,485.0363068087493,486.713716237849,487.8466121798842
paper,medium,2008-12-31,2010Q2,7,DEFL,485.71473691428645,456.42648546620876,29.288251448077688,482.2847413074117,483.68736800389223,485.68012814205736,487.744662091214,489.1202182775272
paper,medium,2008-12-31,2010Q3,8,DEFL,486.38391173832076,456.7281385445278,29.65577319379298,482.3787892792451,483.929506026752,486.3723956528398,488.7398046086696,490.3984203995124
paper,medium,2008-12-31,2008Q4,1,FFR,1.6531578986637105,0.5066666666666667,1.146491231997044,0.2828828301836871,0.8230649157007823,1.651103112951587,2.507993830841546,3.0657170526772384
paper,medium,2008-12-31,2009Q1,2,FFR,1.6809123436770008,0.18333333333333335,1.4975790103436675,-0.5833086909340494,0.42117871360715786,1.6896260850338578,2.987499261483412,3.853056511598398
paper,medium,2008-12-31,2009Q2,3,FFR,1.6691162620866724,0.18000000000000002,1.4891162620866725,-1.1474843356702262,0.09296984896761296,1.7033528702381167,3.3189039190836085,4.334131109584951
paper,medium,2008-12-31,2009Q3,4,FFR,1.7102333555532105,0.15666666666666665,1.5535666888865438,-1.5793795966920943,-0.17526033816696468,1.732255787849169,3.5922448418840767,4.914955155271693
paper,medium,2008-12-31,2009Q4,5,FFR,1.8213785060191807,0.12,1.7013785060191808,-1.8416664293965759,-0.36508868409714895,1.8732790539752058,3.9535762766036453,5.348429246627445
paper,medium,2008-12-31,2010Q1,6,FFR,1.9508315069091609,0.13333333333333333,1.8174981735758275,-2.0598949776410502,-0.5222629468689187,1.9737321976220257,4.277017657037739,5.751483554685512
paper,medium,2008-12-31,2010Q2,7,FFR,2.111299006148135,0.19333333333333336,1.9179656728148018,-2.2162900068723848,-0.40864053893689406,2.080520832521852,4.658100463790389,6.181574547795201
paper,medium,2008-12-31,2010Q3,8,FFR,2.2897203753959907,0.18666666666666668,2.103053708729324,-2.2979163635755517,-0.33493996884886584,2.3390803911512297,4.822599390522484,6.639919284160853
paper,medium,2008-12-31,2008Q4,1,GDP,937.274700733249,963.9952057445751,-26.720505011326054,935.8845599128524,936.4715000916576,937.2785247386363,938.1063147028923,938.5948694048559
paper,medium,2008-12-31,2009Q1,2,GDP,937.947692069531,962.8226353991014,-24.874943329570442,935.7394538913819,936.6678452535155,937.9462118868615,939.2425414041936,940.0261820778842
paper,medium,2008-12-31,2009Q2,3,GDP,938.7562157038457,962.6532538909199,-23.89703818707426,935.832485580118,937.1325643425175,938.8406072522353,940.42774615166,941.5099158570534
paper,medium,2008-12-31,2009Q3,4,GDP,939.5304174303787,963.0145304911672,-23.484113060788445,935.9121399705898,937.5138788930338,939.6070205529297,941.6317271326494,942.8336708562914
paper,medium,2008-12-31,2009Q4,5,GDP,940.3899559745951,964.0768300067851,-23.686874032190076,936.2797223902063,937.9913987201925,940.4401713314192,942.7944310642009,944.205415235665
paper,medium,2008-12-31,2010Q1,6,GDP,941.2146489585037,964.5756373732798,-23.360988414776102,936.6657993475469,938.5585009962332,941.27999554805,943.8511504463189,945.6404274815118
paper,medium,2008-12-31,2010Q2,7,GDP,942.0271528083529,965.5386897406826,-23.511536932329705,937.0989923635836,939.0968798508328,942.0362267044568,945.016581693489,946.8434284005991
paper,medium,2008-12-31,2010Q3,8,GDP,942.8440269326197,966.3088604477673,-23.464833515147575,937.3021107132948,939.7170158486512,942.9038917185394,946.1515275445231,947.9923088729564
paper,medium,2008-12-31,2008Q4,1,HOURS,478.5356616649077,460.7158208561043,17.819840808803406,477.41586386421585,477.8572713127602,478.53618607153794,479.2237246330926,479.6589776885612
paper,medium,2008-12-31,2009Q1,2,HOURS,478.46549625659696,458.14920586335137,20.316290393245595,476.5457743494255,477.3062267839148,478.4425143410579,479.62946899149586,480.45983879500415
paper,medium,2008-12-31,2009Q2,3,HOURS,478.5932162131135,455.7826974477571,22.81051876535645,475.830895144809,476.97066823117893,478.6046975490012,480.2052553681496,481.3387982612462
paper,medium,2008-12-31,2009Q3,4,HOURS,478.847587755927,454.67568674374314,24.171901012183866,475.21255658837487,476.8097870085934,478.85552734288365,480.89278809793007,482.3448467163796
paper,medium,2008-12-31,2009Q4,5,HOURS,479.1782497348706,454.55581763068915,24.622432104181428,474.811713168384,476.75775623636065,479.2241498604522,481.6631933201086,483.2837581796729
paper,medium,2008-12-31,2010Q1,6,HOURS,479.5371411853571,454.84940087945347,24.687740305903617,474.6782781101423,476.7557343620068,479.6308151700034,482.3800630063021,484.27105643925614
paper,medium,2008-12-31,2010Q2,7,HOURS,479.90652256833766,455.69038845785997,24.216134110477697,474.40051778516255,476.827943324842,480.03280517666235,482.96685943544236,485.24400692303874
paper,medium,2008-12-31,2010Q3,8,HOURS,480.27021938994,456.0883864276619,24.181832962278122,474.2924249466324,476.86521579948874,480.4023113924668,483.64196519550677,486.06504416092173
paper,medium,2008-12-31,2008Q4,1,INV,742.9860493692208,771.7102465089438,-28.724197139722946,736.3236366233946,738.9899192619445,743.0686099805005,747.044225912,749.7672739233172
paper,medium,2008-12-31,2009Q1,2,INV,743.9924342060629,759.4303232463312,-15.437889040268374,734.1258185738933,738.0023908461212,743.977019010242,749.953624234658,753.8314999460439
paper,medium,2008-12-31,2009Q2,3,INV,745.8135635482655,753.4915957252271,-7.678032176961551,732.8082283748486,738.0449268239076,746.0955187684406,753.4115931540626,757.9582132122993
paper,medium,2008-12-31,2009Q3,4,INV,746.9145079578523,753.2630578079347,-6.348549850082463,731.7250103491069,737.8884046524022,747.0285571100949,756.0240809755685,762.1318643589453
paper,medium,2008-12-31,2009Q4,5,INV,748.5040290391554,762.1065806084977,-13.602551569342268,730.6715200807248,738.2048768620133,748.6541377435994,758.7772505314479,766.0890442089097
paper,medium,2008-12-31,2010Q1,6,INV,749.9607971787198,764.3564839513651,-14.395686772645377,730.6228031396665,738.4721407381445,750.1584152470576,761.1863740315287,768.837658246862
paper,medium,2008-12-31,2010Q2,7,INV,751.1735657167134,769.4714244586191,-18.29785874190577,730.3228348336396,738.9452204513481,751.2926314244135,763.3367715926192,772.2429509125269
paper,medium,2008-12-31,2010Q3,8,INV,752.3273516640907,773.8345192890719,-21.507167624981207,730.3377748056356,739.1139936534237,752.4115248345142,765.7820980467754,775.125514657916
paper,medium,2008-12-31,2008Q4,1,WAGE,478.01310629839577,461.8984329821462,16.114673316249593,476.92274561623753,477.3762719316333,478.00845663326027,478.6562818810382,479.0733937070067
paper,medium,2008-12-31,2009Q1,2,WAGE,478.3325334112352,459.9192354301555,18.413297981079722,476.7280378658649,477.36457327050294,478.3165265752269,479.2585640602282,479.9942126652788
paper,medium,2008-12-31,2009Q2,3,WAGE,478.5872303980189,461.94872065828844,16.638509739730466,476.47885698686014,477.34242754561797,478.58146637725486,479.84239374489016,480.7240122984188
paper,medium,2008-12-31,2009Q3,4,WAGE,478.9254489451167,461.7928452086754,17.132603736441354,476.3381303717743,477.4138533790553,478.90998297690214,480.4340819575816,481.4288196904767
paper,medium,2008-12-31,2009Q4,5,WAGE,479.29647137924206,461.5922175624994,17.704253816742664,476.38917336826484,477.5202726391996,479.2832180999703,481.0151664329212,482.274199201699
paper,medium,2008-12-31,2010Q1,6,WAGE,479.67982149737355,460.4900149531529,19.18980654422063,476.2680099187247,477.7847587203479,479.64406779491947,481.68838334671705,482.96417778655285
paper,medium,2008-12-31,2010Q2,7,WAGE,480.0548198255138,461.6337597679988,18.42106005751498,476.36626940153275,477.8334160367847,480.0562895900506,482.27588808030674,483.7204464940497
paper,medium,2008-12-31,2010Q3,8,WAGE,480.43373609958314,461.92505901960953,18.50867707997361,476.43377250789933,478.1181227303029,480.4365433532075,482.823506376311,484.38505491806126
paper,medium,2009-03-31,2009Q1,1,CONS,901.3805711247928,926.1231470493817,-24.74257592458889,900.2949311177243,900.7475305771177,901.3760317007058,902.0106123145266,902.467104111981
paper,medium,2009-03-31,2009Q2,2,CONS,901.8692194460518,925.6303496212205,-23.76113017516866,900.1093344431529,900.814298940689,901.867852789861,902.9062125861893,903.6137277383211
paper,medium,2009-03-31,2009Q3,3,CONS,902.588459097132,926.3005779585693,-23.71211886143726,900.2566713754584,901.1169292737004,902.6040637333481,903.9870362626023,904.8927931008154
paper,medium,2009-03-31,2009Q4,4,CONS,903.4966030849381,926.1903449968864,-22.693741911948337,900.3885845155313,901.668624840723,903.5418886334513,905.3448864113514,906.4139338174424
paper,medium,2009-03-31,2010Q1,5,CONS,904.4235973673461,926.7682152336796,-22.344617866333465,900.821649619125,902.3444200738323,904.4274149807743,906.5529064316667,907.9979636191731
paper,medium,2009-03-31,2010Q2,6,CONS,905.3396052111442,927.6609738087002,-22.32136859755599,901.0762467298175,902.9344949875089,905.3767999193453,907.8042091816639,909.2873610368706
paper,medium,2009-03-31,2010Q3,7,CONS,906.2469656970561,928.3718706580585,-22.124904961002358,901.4911528718632,903.601429639626,906.3355649914433,909.0349442481643,910.6883842344876
paper,medium,2009-03-31,2010Q4,8,CONS,907.1377157552807,928.9828956921305,-21.845179936849718,901.6516300682556,904.2088094656882,907.2138222337016,910.1523977575492,911.916138024686
paper,medium,2009-03-31,2009Q1,1,DEFL,481.815693645483,455.406634733688,26.409058911795,481.3046490378007,481.5151847431329,481.815228388607,482.1173598995281,482.3175804855258
paper,medium,2009-03-31,2009Q2,2,DEFL,482.24034932052564,455.2317782083863,27.00857111213935,481.32483802753137,481.7028413480459,482.23610331823306,482.79397897691314,483.14077961984856
paper,medium,2009-03-31,2009Q3,3,DEFL,482.584046394144,455.33925638064517,27.244790013498857,481.2541088051827,481.79048851788104,482.5608180074844,483.3879108104295,483.94411363977116
paper,medium,2009-03-31,2009Q4,4,DEFL,482.8366571853219,455.6683475771851,27.16830960813678,481.05188588178413,481.7492187065949,482.8112783932902,483.9104190754926,484.67490781267713
paper,medium,2009-03-31,2010Q1,5,DEFL,483.1372505678014,455.93984617419227,27.197404393609133,480.8196591955231,481.72540482538795,483.13944495666203,484.56399473203595,485.5238715034681
paper,medium,2009-03-31,2010Q2,6,DEFL,483.44734882754756,456.42648546620876,27.020863361338797,480.52978480278836,481.6727939400314,483.4619828337485,485.1623609481496,486.46797278291433
paper,medium,2009-03-31,2010Q3,7,DEFL,483.79083679330034,456.7281385445278,27.062698248772563,480.17621284450183,481.682598287233,483.82124485984843,485.8992479143112,487.37992957172645
paper,medium,2009-03-31,2010Q4,8,DEFL,484.16723416332064,457.3122088019198,26.855025361400862,479.9947503652766,481.64108083821344,484.1846850416209,486.651574827212,488.3435212139249
paper,medium,2009-03-31,2009Q1,1,FFR,-0.478798867325744,0.18333333333333335,-0.6621322006590773,-1.9503029842441169,-1.3747701284605984,-0.4892462083165009,0.4013108255711721,1.0110253099640394
paper,medium,2009-03-31,2009Q2,2,FFR,-1.0099846003628843,0.18000000000000002,-1.1899846003628842,-3.3688219265153947,-2.4257494064616343,-0.9997054061042759,0.3915402266980741,1.284116830730944
paper,medium,2009-03-31,2009Q3,3,FFR,-1.3366331181891076,0.15666666666666665,-1.4932997848557743,-4.236161934980624,-3.1065139809651146,-1.3152312764616916,0.4562971139970702,1.4817475918735241
paper,medium,2009-03-31,2009Q4,4,FFR,-1.3533738594837774,0.12,-1.4733738594837775,-4.843720735620701,-3.426812831761663,-1.2984218899158748,0.6695505631507662,1.98157952733059
paper,medium,2009-03-31,2010Q1,5,FFR,-1.3037258821998068,0.13333333333333333,-1.43705921553314,-5.305858013098916,-3.5736684043969627,-1.2502467015381804,0.9586888486686984,2.364099872756779
paper,medium,2009-03-31,2010Q2,6,FFR,-1.1194476026033324,0.19333333333333336,-1.3127809359366658,-5.323806329532523,-3.562575189016212,-1.0669387686466085,1.4322278043126784,2.880734843568642
paper,medium,2009-03-31,2010Q3,7,FFR,-0.9017952403485822,0.18666666666666668,-1.0884619070152488,-5.3166538397301375,-3.6356086195197803,-0.8691227835861083,1.8708325129282015,3.4874602170641817
paper,medium,2009-03-31,2010Q4,8,FFR,-0.5802217503578202,0.18666666666666668,-0.7668884170244868,-5.563456128546333,-3.4597542627384827,-0.5388021792952495,2.3321509385680295,4.196341576013083
paper,medium,2009-03-31,2009Q1,1,GDP,934.8522274204772,962.8226353991014,-27.970407978624166,933.5017479161389,934.0246225080392,934.8575237009131,935.6810892157368,936.2428131303705
paper,medium,2009-03-31,2009Q2,2,GDP,935.0680997900691,962.6532538909199,-27.585154100850787,932.8018206015571,933.6910278242008,935.1035460389647,936.4071473524708,937.2820838619422
paper,medium,2009-03-31,2009Q3,3,GDP,935.7763859444811,963.0145304911672,-27.238144546686044,932.5930595779049,933.9553281980927,935.7905565928899,937.5931535048957,938.7744131223377
paper,medium,2009-03-31,2009Q4,4,GDP,936.7032623328762,964.0768300067851,-27.37356767390895,932.8524827548911,934.4143233153515,936.7416364904302,939.0269409648362,940.4309439104211
paper,medium,2009-03-31,2010Q1,5,GDP,937.6966674172119,964.5756373732798,-26.878969956067976,933.3264226597703,935.1628137079883,937.7243754329188,940.3052863811109,941.8921207526453
paper,medium,2009-03-31,2010Q2,6,GDP,938.6562363820984,965.5386897406826,-26.882453358584144,933.6978618755902,935.7313185508472,938.7043350032797,941.6134338710154,943.4899843660623
paper,medium,2009-03-31,2010Q3,7,GDP,939.6022826840335,966.3088604477673,-26.706577763733776,934.0178272782364,936.2962031697397,939.7001792653341,942.8423187597384,945.0363265881218
paper,medium,2009-03-31,2010Q4,8,GDP,940.5673027667198,966.8271103692053,-26.25980760248558,934.4361135671684,936.9522030609193,940.577779246478,944.0891934683162,946.246553653545
paper,medium,2009-03-31,2009Q1,1,HOURS,475.0537888492272,458.14920586335137,16.904582985875834,473.9140324592097,474.33729560595447,475.0505896625002,475.7576131117743,476.21433430414066
paper,medium,2009-03-31,2009Q2,2,HOURS,474.22592042332633,455.7826974477571,18.443222975569256,472.1529908237911,472.91138907051226,474.2447855674185,475.53511337777525,476.25825462241625
paper,medium,2009-03-31,2009Q3,3,HOURS,473.87220414644537,454.67568674374314,19.196517402702227,470.8600026528934,472.0110376951806,473.91924289660744,475.7039928454896,476.8005094602482
paper,medium,2009-03-31,2009Q4,4,HOURS,473.87920225893487,454.55581763068915,19.32338462824572,469.9488047394041,471.52597078268445,473.95732683813355,476.2748276076787,477.6526281263607
paper,medium,2009-03-31,2010Q1,5,HOURS,474.14824415154914,454.84940087945347,19.298843272095667,469.5171260574735,471.2756092634256,474.22596612327584,476.9915655571118,478.7114560898837
paper,medium,2009-03-31,2010Q2,6,HOURS,474.53170090038805,455.69038845785997,18.84131244252808,469.16480392255096,471.32707562457216,474.6677784213348,477.70138775841934,479.99953737526783
paper,medium,2009-03-31,2010Q3,7,HOURS,474.9661286286459,456.0883864276619,18.877742200984017,468.8394960634587,471.2879366777919,475.09978723167217,478.5776922335587,480.8987591832971
paper,medium,2009-03-31,2010Q4,8,HOURS,475.42786520838484,456.58366664724116,18.844198561143685,468.49073222699263,471.4603899863265,475.5414415523961,479.3035536123114,481.9396696175079
paper,medium,2009-03-31,2009Q1,1,INV,732.1342131859701,759.4303232463312,-27.296110060361116,725.3068607788646,728.1108033762894,732.2416816764976,736.1257423945045,738.8913505789891
paper,medium,2009-03-31,2009Q2,2,INV,731.283661780762,753.4915957252271,-22.207933944465026,720.908795613164,725.0272147366039,731.3622860898106,737.35839267772,741.2614449392919
paper,medium,2009-03-31,2009Q3,3,INV,732.1534248476006,753.2630578079347,-21.109632960334125,717.9019744284666,724.0417161221449,732.3489798807552,740.0865979738985,745.7191982989898
paper,medium,2009-03-31,2009Q4,4,INV,733.9409912359014,762.1065806084977,-28.165589372596287,716.9042319149004,724.1304852693506,734.1130962951594,744.1084339968578,750.2401812542404
paper,medium,2009-03-31,2010Q1,5,INV,736.3579579446066,764.3564839513651,-27.99852600675854,717.2736266852241,725.398476675518,736.4507436484234,747.8954389454669,754.7218966224286
paper,medium,2009-03-31,2010Q2,6,INV,738.5211947654769,769.4714244586191,-30.950229693142205,716.9025040536227,726.1536649039253,738.8550153561455,751.3734754602141,758.3942935715114
paper,medium,2009-03-31,2010Q3,7,INV,740.4557585344455,773.8345192890719,-33.37876075462634,717.3146319033198,726.9861789549562,741.0172576214283,753.86727648315,761.9099779069204
paper,medium,2009-03-31,2010Q4,8,INV,742.3827008730899,773.5154467461025,-31.132745873012595,717.601713236949,728.0362517064799,742.8359114480729,756.6920082697213,766.0037823325473
paper,medium,2009-03-31,2009Q1,1,WAGE,482.74552134391894,459.9192354301555,22.826285913763456,481.6059250342424,482.02239864064103,482.7357840087466,483.4899965439671,483.9107030798863
paper,medium,2009-03-31,2009Q2,2,WAGE,483.37035679915834,461.94872065828844,21.421636140869907,481.5733421205351,482.3279306703151,483.37692734127535,484.4536719942562,485.1479413889144
paper,medium,2009-03-31,2009Q3,3,WAGE,483.9364853329268,461.7928452086754,22.14364012425142,481.66114415452,482.5744113422122,483.9243701791646,485.2922721064158,486.2674719680495
paper,medium,2009-03-31,2009Q4,4,WAGE,484.55155781742195,461.5922175624994,22.95934025492255,481.9026740220241,482.94096116081147,484.5454366881494,486.20992184276446,487.2471100056225
paper,medium,2009-03-31,2010Q1,5,WAGE,485.13311338855607,460.4900149531529,24.643098435403147,482.15919055653546,483.27220233341006,485.09244139025424,487.01132046890865,488.1531266441512
paper,medium,2009-03-31,2010Q2,6,WAGE,485.71119710911785,461.6337597679988,24.077437341119037,482.37889467000576,483.6379759075486,485.6023170163162,487.8238595213671,489.1949575487666
paper,medium,2009-03-31,2010Q3,7,WAGE,486.2634562664749,461.92505901960953,24.338397246865384,482.5467737748588,484.0148180491001,486.1512249877135,488.6537372280303,490.1505114658263
paper,medium,2009-03-31,2010Q4,8,WAGE,486.81476340724646,461.51106158021446,25.303701827032,482.8788751277922,484.46156397011663,486.63210659984304,489.32313901900716,491.0936889900278
paper,medium,2009-06-30,2009Q2,1,CONS,901.2117593294998,925.6303496212205,-24.418590291720648,900.1194758522182,900.5444168207952,901.2124515200944,901.9046014592719,902.3260220188341
paper,medium,2009-06-30,2009Q3,2,CONS,901.6216343662612,926.3005779585693,-24.678943592308087,899.8263066441161,900.5311482174042,901.621647170293,902.7161876536497,903.4105865441643
paper,medium,2009-06-30,2009Q4,3,CONS,902.3442976911214,926.1903449968864,-23.84604730576507,899.9793943495143,900.8789625172959,902.2962500271615,903.8011060044582,904.8434550857986
paper,medium,2009-06-30,2010Q1,4,CONS,903.1061102450734,926.7682152336796,-23.66210498860619,900.0540051334531,901.2909745118747,903.039494284783,905.019248230808,906.1174973338689
paper,medium,2009-06-30,2010Q2,5,CONS,903.9225476128553,927.6609738087002,-23.73842619584491,900.2470455751477,901.7454732254419,903.8513377538216,906.1043972418307,907.5739220754466
paper,medium,2009-06-30,2010Q3,6,CONS,904.7820935129274,928.3718706580585,-23.589777145131052,900.6509006828485,902.2712757630611,904.7464998744874,907.2934993492443,908.9473467548358
paper,medium,2009-06-30,2010Q4,7,CONS,905.6310338119779,928.9828956921305,-23.35186188015257,900.8763749195369,902.7896165445834,905.6783802991336,908.4962766006197,910.1881768573447
paper,medium,2009-06-30,2011Q1,8,CONS,906.4787613556889,929.3641365665912,-22.88537521090234,901.3362305747831,903.3735186667885,906.4995767179764,909.653993651388,911.5447598522059
paper,medium,2009-06-30,2009Q2,1,DEFL,482.72582793050407,455.2317782083863,27.49404972211778,482.20131451849534,482.4261885517562,482.72302129134255,483.0365425365828,483.2418448480379
paper,medium,2009-06-30,2009Q3,2,DEFL,483.28893575984597,455.33925638064517,27.949679379200802,482.38672754084223,482.7604444072084,483.2959658524476,483.8423708927583,484.1815065537695
paper,medium,2009-06-30,2009Q4,3,DEFL,483.7252771303546,455.6683475771851,28.056929553169482,482.40837164299563,482.93314838353825,483.7182252621542,484.5241426434103,485.0476319193452
paper,medium,2009-06-30,2010Q1,4,DEFL,484.19458530294924,455.93984617419227,28.254739128756967,482.4141332570028,483.086541385357,484.1990594451155,485.2988127827206,486.0746048300735
paper,medium,2009-06-30,2010Q2,5,DEFL,484.6626573909312,456.42648546620876,28.23617192472244,482.31246385147904,483.23391048829353,484.6782526629186,486.0987202480293,487.12150402116026
paper,medium,2009-06-30,2010Q3,6,DEFL,485.15464541128904,456.7281385445278,28.426506866761258,482.2161061922755,483.32951526415934,485.14634489063866,486.93421959780767,488.23871815254194
paper,medium,2009-06-30,2010Q4,7,DEFL,485.6637022199645,457.3122088019198,28.351493418044697,482.01731135010675,483.459130266263,485.65855310326515,487.8144971272743,489.3207937580148
paper,medium,2009-06-30,2011Q1,8,DEFL,486.20029619004544,457.8271642119391,28.373131978106358,481.74982606140156,483.59736910050754,486.2341654980901,488.79657075138533,490.5731411327887
paper,medium,2009-06-30,2009Q2,1,FFR,-0.5723617979822929,0.18000000000000002,-0.752361797982293,-2.0269266955139846,-1.410438533133447,-0.5899979124183341,0.30459730360308346,0.8754126645607834
paper,medium,2009-06-30,2009Q3,2,FFR,-1.2184651200374126,0.15666666666666665,-1.3751317867040793,-3.589075869296293,-2.6589379307141106,-1.200712307004689,0.20939128395555393,1.032715934911026
paper,medium,2009-06-30,2009Q4,3,FFR,-1.3029005412336248,0.12,-1.4229005412336249,-4.324559457534788,-3.0284839556811316,-1.3040880187866475,0.45424727394487774,1.715104049856928
paper,medium,2009-06-30,2010Q1,4,FFR,-1.2966361872778223,0.13333333333333333,-1.4299695206111556,-4.792606826450112,-3.4355270625681453,-1.2592039119131724,0.8651882544951826,2.2434610529047614
paper,medium,2009-06-30,2010Q2,5,FFR,-1.3165383638404808,0.19333333333333336,-1.5098716971738142,-5.3960021542285235,-3.757865943302374,-1.317238111182042,1.0367620988011916,2.624633657932342
paper,medium,2009-06-30,2010Q3,6,FFR,-1.1632225978149295,0.18666666666666668,-1.3498892644815963,-5.71377668717511,-3.795249445244445,-1.1075482738848135,1.3642666593531427,3.1262105802527436
paper,medium,2009-06-30,2010Q4,7,FFR,-0.9117819852242718,0.18666666666666668,-1.0984486518909384,-5.759499058680301,-3.7112042672169863,-0.907718190530655,1.8855969965498445,3.6629721107497515
paper,medium,2009-06-30,2011Q1,8,FFR,-0.6277048590010208,0.15666666666666668,-0.7843715256676875,-5.6982996702494,-3.70219513477524,-0.5732398225782639,2.3862701019709247,4.297620046738642
paper,medium,2009-06-30,2009Q2,1,GDP,933.6928951677529,962.6532538909199,-28.96035872316702,932.328349860264,932.8661331599282,933.6995492726876,934.5405490397965,935.0785812064488
paper,medium,2009-06-30,2009Q3,2,GDP,934.0524179064978,963.0145304911672,-28.9621125846694,931.6532572311991,932.6365878436179,934.0362725724892,935.5371733363161,936.4247436567051
paper,medium,2009-06-30,2009Q4,3,GDP,934.7671098145506,964.0768300067851,-29.309720192234522,931.6128611715901,932.8240507993648,934.7644804415368,936.7614032526743,937.9138952761313
paper,medium,2009-06-30,2010Q1,4,GDP,935.5720919733283,964.5756373732798,-29.003545399951577,931.5915462440719,933.2247598718767,935.6438509643681,937.9843129347296,939.4908094204525
paper,medium,2009-06-30,2010Q2,5,GDP,936.3867084610284,965.5386897406826,-29.151981279654137,931.7226318878764,933.6259832965488,936.4383660560626,939.0874282197166,940.8301402911989
paper,medium,2009-06-30,2010Q3,6,GDP,937.2356519721518,966.3088604477673,-29.073208475615502,932.0513851011535,934.1843076296325,937.3316972608828,940.2957557882729,942.282756655432
paper,medium,2009-06-30,2010Q4,7,GDP,938.1141422727346,966.8271103692053,-28.712968096470718,932.4317539751911,934.6553894849408,938.1657528256568,941.5965207236327,943.8214687253247
paper,medium,2009-06-30,2011Q1,8,GDP,938.9979019544506,966.5859036314018,-27.588001676951194,932.6236302687478,935.1701847223862,939.1245304015624,942.7312939448649,945.048038129429
paper,medium,2009-06-30,2009Q2,1,HOURS,472.60229408080914,455.7826974477571,16.819596633052072,471.4930580888102,471.93825730500583,472.5588588607059,473.305983169489,473.7494486283751
paper,medium,2009-06-30,2009Q3,2,HOURS,471.70959930402284,454.67568674374314,17.033912560279703,469.59630587647774,470.3979906710231,471.7086572288887,473.0434645218841,473.9354519842786
paper,medium,2009-06-30,2009Q4,3,HOURS,471.24520518592846,454.55581763068915,16.689387555239307,468.2423919781314,469.33300498868715,471.2267004665755,473.25944882536373,474.3537997375676
paper,medium,2009-06-30,2010Q1,4,HOURS,471.18231564512377,454.84940087945347,16.332914765670296,467.00256963982287,468.6638323447917,471.2486182049769,473.716308546495,475.4148772242507
paper,medium,2009-06-30,2010Q2,5,HOURS,471.33611015933553,455.69038845785997,15.645721701475566,466.20894065074896,468.3971796890208,471.3914715820363,474.383998546339,476.2953143617954
paper,medium,2009-06-30,2010Q3,6,HOURS,471.5945747555043,456.0883864276619,15.506188327842438,465.7300529062475,468.2038536414498,471.64471509030756,475.0661752582704,477.2599382729185
paper,medium,2009-06-30,2010Q4,7,HOURS,471.92772943672645,456.58366664724116,15.344062789485292,465.31089037453364,468.17243703509905,472.03345329319995,475.8709436344242,478.38203782746416
paper,medium,2009-06-30,2011Q1,8,HOURS,472.2857239534991,456.76655994468166,15.519164008817427,464.88560036732576,468.0567919283425,472.43909439693317,476.565806797511,479.2996155061695
paper,medium,2009-06-30,2009Q2,1,INV,718.5560924525912,753.4915957252271,-34.935503272635856,711.4566722767506,714.2463684713018,718.6870467155353,722.6368188349145,725.3620392020256
paper,medium,2009-06-30,2009Q3,2,INV,717.238888864798,753.2630578079347,-36.024168943136715,706.2792699013926,710.5703331644603,717.1623641338274,724.0465482113307,728.3207249533448
paper,medium,2009-06-30,2009Q4,3,INV,717.5463560932346,762.1065806084977,-44.56022451526303,702.8151227384055,708.923472658649,717.5121975991864,726.3146575538153,732.8527032130891
paper,medium,2009-06-30,2010Q1,4,INV,719.2309485788714,764.3564839513651,-45.12553537249369,701.5070685767076,708.7046442667734,719.2303806364234,729.9697742189161,736.783423713874
paper,medium,2009-06-30,2010Q2,5,INV,720.6436330940057,769.4714244586191,-48.827791364613404,699.9187458583444,708.4220855772256,720.9925457584327,732.8356014901694,740.0600393431888
paper,medium,2009-06-30,2010Q3,6,INV,722.0117549413463,773.8345192890719,-51.822764347725524,698.399615612479,708.6124010523245,722.2758265144327,735.6353335683704,743.5518642707762
paper,medium,2009-06-30,2010Q4,7,INV,723.4840261075167,773.5154467461025,-50.031420638585814,698.2232455714784,708.2264585753035,723.972202535746,738.0835250135484,747.3684048162902
paper,medium,2009-06-30,2011Q1,8,INV,724.8856872989544,771.6122658380344,-46.72657853908004,698.1758271500785,708.3229471959677,725.588276487938,740.954307159072,750.7679558429426
paper,medium,2009-06-30,2009Q2,1,WAGE,484.1865173917518,461.94872065828844,22.23779673346337,482.9922072341242,483.4681632532732,484.1986885569252,484.9075032452233,485.3790117772082
paper,medium,2009-06-30,2009Q3,2,WAGE,484.779430793655,461.7928452086754,22.98658558497965,482.9732248323019,483.7206040967727,484.7624123924596,485.86036410897276,486.55171157819035
paper,medium,2009-06-30,2009Q4,3,WAGE,485.3968965192647,461.5922175624994,23.804678956765315,483.16075906986606,484.05305455444756,485.36647287738293,486.80070763513737,487.6957286675557
paper,medium,2009-06-30,2010Q1,4,WAGE,486.0018757073872,460.4900149531529,25.511860754234306,483.2880965652417,484.3943125491463,485.92578658057937,487.6495596775486,488.78694855291474
paper,medium,2009-06-30,2010Q2,5,WAGE,486.5911534862477,461.6337597679988,24.95739371824891,483.54488850961286,484.6940401553624,486.5462502217514,488.47049775865895,489.92406489005936
paper,medium,2009-06-30,2010Q3,6,WAGE,487.1821269164345,461.92505901960953,25.257067896824992,483.8373455406725,485.1026167438368,487.1448626226611,489.337255911084,490.82804955971625
paper,medium,2009-06-30,2010Q4,7,WAGE,487.7493635242386,461.51106158021446,26.23830194402416,484.07403037338344,485.3846320767061,487.6697397632579,490.0507325924367,491.81717183631406
paper,medium,2009-06-30,2011Q1,8,WAGE,488.3054608788018,462.24696830661526,26.058492572186537,484.15351257512145,485.78054437204463,488.2198570977447,490.8548839475784,492.8761492640049
paper,medium,2009-09-30,2009Q3,1,CONS,912.586813380864,926.3005779585693,-13.71376457770532,911.49066616651,911.91400031465,912.5832918880744,913.2622306890021,913.6522484804314
paper,medium,2009-09-30,2009Q4,2,CONS,912.947062995441,926.1903449968864,-13.243282001445436,911.192545965397,911.8691434008261,912.9506743042084,914.0107081377807,914.6492272267545
paper,medium,2009-09-30,2010Q1,3,CONS,913.55840549213,926.7682152336796,-13.209809741549634,911.1428293093398,912.0528328527896,913.5595446789282,915.0456337737048,916.0220353034803
paper,medium,2009-09-30,2010Q2,4,CONS,914.2787180060063,927.6609738087002,-13.382255802693862,911.1846974619025,912.3756088138888,914.3121306659965,916.1617458542236,917.5475802991941
paper,medium,2009-09-30,2010Q3,5,CONS,915.0541826919301,928.3718706580585,-13.317687966128346,911.363260894545,912.8174805643538,915.1007853545657,917.3454488553324,918.8717875555692
paper,medium,2009-09-30,2010Q4,6,CONS,915.884591880863,928.9828956921305,-13.098303811267442,911.6485018879669,913.2596955974577,915.945035526186,918.4522075908934,920.3156121707189
paper,medium,2009-09-30,2011Q1,7,CONS,916.7133248095312,929.3641365665912,-12.650811757060069,911.8732175921933,913.7265944567731,916.7099522342842,919.5864140052604,921.6640360348316
paper,medium,2009-09-30,2011Q2,8,CONS,917.5352652664196,929.4669847547688,-11.931719488349131,912.2006896066845,914.238998946536,917.5455705612474,920.7394298106133,922.9418395837971
paper,medium,2009-09-30,2009Q3,1,DEFL,469.960231851973,455.33925638064517,14.620975471327824,469.46304518510664,469.6574869621071,469.9672254473534,470.25885466797604,470.4442704282278
paper,medium,2009-09-30,2009Q4,2,DEFL,470.01916734938544,455.6683475771851,14.350819772200339,469.13545936928625,469.4806730154459,470.01969319243733,470.5550568852128,470.9189226351344
paper,medium,2009-09-30,2010Q1,3,DEFL,470.04279027310247,455.93984617419227,14.1029440989102,468.6694947945071,469.22611035904663,470.0504945596962,470.84388296828854,471.4260380609991
paper,medium,2009-09-30,2010Q2,4,DEFL,470.05717890091216,456.42648546620876,13.630693434703403,468.1723677893173,468.96580943842287,470.06074746126603,471.1606922590235,471.9223207436162
paper,medium,2009-09-30,2010Q3,5,DEFL,470.09574769525494,456.7281385445278,13.367609150727162,467.58490426528664,468.65130634413015,470.085555338843,471.57840619349946,472.49674366494526
paper,medium,2009-09-30,2010Q4,6,DEFL,470.13234346679127,457.3122088019198,12.820134664871489,467.0115735899733,468.3313848463571,470.0956808452611,472.01265910787737,473.1418165758981
paper,medium,2009-09-30,2011Q1,7,DEFL,470.1962841326847,457.8271642119391,12.369119920745618,466.46987495031,467.98262908797807,470.121444635452,472.50886931075485,473.9470039199681
paper,medium,2009-09-30,2011Q2,8,DEFL,470.2839124144223,458.48552274726825,11.798389667154026,465.8305036272468,467.65740569960155,470.21380117061443,473.05001764361486,474.6775558203442
paper,medium,2009-09-30,2009Q3,1,FFR,-0.7926813400521397,0.15666666666666665,-0.9493480067188064,-2.2300114965765454,-1.6160935082965293,-0.7827089505746204,0.07475905763415737,0.5958224385272277
paper,medium,2009-09-30,2009Q4,2,FFR,-1.3584269310545616,0.12,-1.4784269310545617,-3.5366199607532622,-2.672758785164129,-1.3882874683775817,0.02268174046015721,0.941703533232287
paper,medium,2009-09-30,2010Q1,3,FFR,-1.5646554934107,0.13333333333333333,-1.6979888267440333,-4.352863795160274,-3.2707971357814505,-1.5674420215716558,0.1623979107204679,1.2469610172095
paper,medium,2009-09-30,2010Q2,4,FFR,-1.7025703918848203,0.19333333333333336,-1.8959037252181536,-5.018988219948441,-3.7203175651570017,-1.7401014956730894,0.4024868096094263,1.6497350747666857
paper,medium,2009-09-30,2010Q3,5,FFR,-1.812925193346782,0.18666666666666668,-1.9995918600134488,-5.592624527441543,-4.084052378771364,-1.8287138675622248,0.5411571461253389,2.098451205241556
paper,medium,2009-09-30,2010Q4,6,FFR,-1.7780588567569031,0.18666666666666668,-1.9647255234235699,-6.011830993838338,-4.315585218432915,-1.7025751493645407,0.785676190887535,2.409517944625794
paper,medium,2009-09-30,2011Q1,7,FFR,-1.6742296681286373,0.15666666666666668,-1.830896334795304,-6.341322392535546,-4.343379840523864,-1.6212820837946125,1.078889186747284,2.861913659801684
paper,medium,2009-09-30,2011Q2,8,FFR,-1.5090663872816328,0.09333333333333334,-1.602399720614966,-6.454639823452875,-4.443676036211097,-1.4633443564466624,1.4713613206354264,3.2622872609629052
paper,medium,2009-09-30,2009Q3,1,GDP,946.5948402343787,963.0145304911672,-16.4196902567885,945.2381216209119,945.791796044071,946.5988844614833,947.4108027820085,947.9394728308862
paper,medium,2009-09-30,2009Q4,2,GDP,946.9939433571468,964.0768300067851,-17.08288664963834,944.7101866616255,945.6374615222109,946.9705511101455,948.3469841015423,949.2597756194984
paper,medium,2009-09-30,2010Q1,3,GDP,947.6512609535298,964.5756373732798,-16.924376419750047,944.6321679063893,945.7454949895479,947.6273345904549,949.5356775758893,950.8483658428605
paper,medium,2009-09-30,2010Q2,4,GDP,948.3376895340284,965.5386897406826,-17.201000206654157,944.5104960405655,945.9903696282823,948.2501935092182,950.6507119974433,952.252819527
paper,medium,2009-09-30,2010Q3,5,GDP,949.0946291955316,966.3088604477673,-17.214231252235663,944.5731304561017,946.290169553176,948.9723544663125,951.8355186994556,953.8129465566867
paper,medium,2009-09-30,2010Q4,6,GDP,949.9164486563678,966.8271103692053,-16.91066171283751,944.7955997080524,946.7379076437778,949.9004585174123,952.9981937912555,955.1409275129344
paper,medium,2009-09-30,2011Q1,7,GDP,950.7812806569751,966.5859036314018,-15.804622974426707,945.0382613596219,947.2931953853482,950.7873144475516,954.215716264839,956.5232624598804
paper,medium,2009-09-30,2011Q2,8,GDP,951.6448026700335,967.261665957135,-15.616863287101523,945.1895551804032,947.8144654590819,951.6877551696521,955.4317409281704,958.1944405930057
paper,medium,2009-09-30,2009Q3,1,HOURS,470.68683233209424,454.67568674374314,16.0111455883511,469.5587784683202,469.97362267090676,470.6815660922738,471.4018591291925,471.84816323592156
paper,medium,2009-09-30,2009Q4,2,HOURS,469.8421547492693,454.55581763068915,15.28633711858015,467.7196773838675,468.5494472107374,469.85188997348473,471.1565901346458,471.945369711549
paper,medium,2009-09-30,2010Q1,3,HOURS,469.45173789332205,454.84940087945347,14.602337013868578,466.4184925927004,467.61444828902455,469.4959197236531,471.3110491968773,472.5083371219862
paper,medium,2009-09-30,2010Q2,4,HOURS,469.2737096360842,455.69038845785997,13.583321178224253,465.2291441942812,466.83098359744304,469.2969426577546,471.71256759376405,473.3344151102533
paper,medium,2009-09-30,2010Q3,5,HOURS,469.2913081387617,456.0883864276619,13.202921711099805,464.34424050563626,466.32185734058464,469.2907731816556,472.27771189779446,474.3053799667269
paper,medium,2009-09-30,2010Q4,6,HOURS,469.408699732138,456.58366664724116,12.825033084896859,463.56191332013856,466.08154485354584,469.42079862049525,472.9005580361795,475.2617258134674
paper,medium,2009-09-30,2011Q1,7,HOURS,469.6168010631822,456.76655994468166,12.850241118500549,462.7984011238123,465.71726655704987,469.7190751764376,473.56598167127623,476.18208946545224
paper,medium,2009-09-30,2011Q2,8,HOURS,469.8542504652688,457.8251096636827,12.029140801586095,462.33195007895563,465.52057487112586,469.98757628876365,474.1231840149737,477.05465312562694
paper,medium,2009-09-30,2009Q3,1,INV,726.7650208204835,753.2630578079347,-26.4980369874512,720.1484300368872,722.6026830749958,726.6977488346533,731.1486382164671,733.7664222439639
paper,medium,2009-09-30,2009Q4,2,INV,726.2049098575941,762.1065806084977,-35.90167075090358,715.4437816341406,719.8994740925743,726.1145042766168,732.6954278739897,737.5091770174399
paper,medium,2009-09-30,2010Q1,3,INV,727.1048226048082,764.3564839513651,-37.25166134655694,712.4745228827301,718.3751426941343,727.1137855487601,735.636203295746,741.9811304171172
paper,medium,2009-09-30,2010Q2,4,INV,727.8780534842573,769.4714244586191,-41.59337097436185,710.6092957479416,717.3885686522622,727.7489644467746,738.5753283554872,745.3574594788289
paper,medium,2009-09-30,2010Q3,5,INV,728.9300035495232,773.8345192890719,-44.90451573954863,708.8522537979895,716.5641299238325,729.0029990142773,741.4436186310483,749.4409486593906
paper,medium,2009-09-30,2010Q4,6,INV,730.0288134740721,773.5154467461025,-43.48663327203042,707.87697640139,716.2962297183827,730.1623581464954,743.6179372308392,753.4901721100777
paper,medium,2009-09-30,2011Q1,7,INV,731.3645045504859,771.6122658380344,-40.24776128754854,706.9926393201064,716.4491497712966,731.8961511519558,745.8413291561947,756.5448587719477
paper,medium,2009-09-30,2011Q2,8,INV,732.6092493608677,775.6219744335358,-43.012725072668104,705.8823801887004,715.8453572419388,733.0467775610441,748.7747298763672,759.3826837982301
paper,medium,2009-09-30,2009Q3,1,WAGE,480.30895785155565,461.7928452086754,18.516112642880273,479.11533161424313,479.59040615459884,480.30027719669283,480.99522421768006,481.5367535540955
paper,medium,2009-09-30,2009Q4,2,WAGE,480.7058782289231,461.5922175624994,19.113660666423698,478.94099220696114,479.5986421371389,480.7090454044551,481.75196097600076,482.52815992897905
paper,medium,2009-09-30,2010Q1,3,WAGE,481.1551488099314,460.4900149531529,20.665133856778482,478.855487083207,479.83405647353345,481.1637320275372,482.5002002403381,483.3748488976977
paper,medium,2009-09-30,2010Q2,4,WAGE,481.6240347529649,461.6337597679988,19.990274984966106,478.90191338738845,480.0455300234724,481.6246318060839,483.19397783041927,484.2957509433035
paper,medium,2009-09-30,2010Q3,5,WAGE,482.11594394489555,461.92505901960953,20.190884925286014,479.01345176005776,480.3422613266964,482.1021748744913,483.92199655354295,485.1113971113478
paper,medium,2009-09-30,2010Q4,6,WAGE,482.64054625477786,461.51106158021446,21.1294846745634,479.1390613209749,480.6210256111039,482.67943150099444,484.71135040594675,485.8742065681213
paper,medium,2009-09-30,2011Q1,7,WAGE,483.16381544075034,462.24696830661526,20.916847134135082,479.3386806621846,480.8507973276844,483.1657424071702,485.4866906599323,486.80925765354925
paper,medium,2009-09-30,2011Q2,8,WAGE,483.6668290416365,460.24464800664947,23.422181034987034,479.43318890217574,481.17263836900486,483.68494304211083,486.14729870572023,487.82554628868473
paper,medium,2009-12-31,2009Q4,1,CONS,913.70892594863,926.1903449968864,-12.481419048256384,912.6312353136173,913.0771591744844,913.6948092974237,914.3300274433423,914.7711150048019
paper,medium,2009-12-31,2010Q1,2,CONS,914.4217725377248,926.7682152336796,-12.346442695954806,912.7819911415775,913.4173876572876,914.4415470971834,915.4276026979944,916.1117377605009
paper,medium,2009-12-31,2010Q2,3,CONS,915.2572975056894,927.6609738087002,-12.403676303010798,913.0227176778448,913.907233223447,915.2461288581594,916.6181988944263,917.5718610364191
paper,medium,2009-12-31,2010Q3,4,CONS,916.1152079881289,928.3718706580585,-12.256662669929597,913.2269063813758,914.3999972063067,916.1144397611384,917.8491292282864,919.1483877971945
paper,medium,2009-12-31,2010Q4,5,CONS,917.0185751204261,928.9828956921305,-11.96432057170432,913.6785739679536,914.8609653247324,916.9755238314974,919.1171384171595,920.6580960239288
paper,medium,2009-12-31,2011Q1,6,CONS,917.9116198405115,929.3641365665912,-11.452516726079693,914.0785813837426,915.5020253365766,917.8440932970759,920.3785645398888,922.1473391560911
paper,medium,2009-12-31,2011Q2,7,CONS,918.8139411047315,929.4669847547688,-10.653043650037262,914.5116625918951,916.1204161778968,918.7566444262849,921.4889619358453,923.2848223630946
paper,medium,2009-12-31,2011Q3,8,CONS,919.6940348704301,929.7709193408268,-10.076884470396749,914.9908181059669,916.8085560667009,919.6534604883075,922.648189675507,924.6517804782834
paper,medium,2009-12-31,2009Q4,1,DEFL,469.8929370811618,455.6683475771851,14.224589503976688,469.3876380622,469.60314626684465,469.9043751863121,470.1772244010512,470.37418398656115
paper,medium,2009-12-31,2010Q1,2,DEFL,469.88928682487483,455.93984617419227,13.949440650682561,469.01804620582504,469.372135146342,469.89242914005905,470.3977008593077,470.73425551494785
paper,medium,2009-12-31,2010Q2,3,DEFL,469.88586022524623,456.42648546620876,13.459374759037473,468.56738279629303,469.1313164529099,469.8841830003039,470.6319786782953,471.21956203904614
paper,medium,2009-12-31,2010Q3,4,DEFL,469.90853321649774,456.7281385445278,13.180394671969964,468.10646237317576,468.8802454514533,469.9044961530984,470.9314729048505,471.7084219550193
paper,medium,2009-12-31,2010Q4,5,DEFL,469.9354300702813,457.3122088019198,12.623221268361533,467.59415736616296,468.5966703139027,469.89978445086706,471.32916193766846,472.31769795005
paper,medium,2009-12-31,2011Q1,6,DEFL,470.001008874279,457.8271642119391,12.173844662339945,467.08007243892314,468.2999782789138,469.9750500402594,471.8023796832051,472.92391126472444
paper,medium,2009-12-31,2011Q2,7,DEFL,470.08568715631696,458.48552274726825,11.600164409048716,466.61162669348784,467.9755003084529,470.07686331120067,472.1789411924666,473.6653977439451
paper,medium,2009-12-31,2011Q3,8,DEFL,470.19423618314266,459.10205503836494,11.092181144777726,466.10688352364974,467.6899854842373,470.19107545568545,472.6879416713641,474.41691075202476
paper,medium,2009-12-31,2009Q4,1,FFR,-0.3128472897866159,0.12,-0.4328472897866159,-1.7078772939430542,-1.156249172596886,-0.33692615592273056,0.5652938891194079,1.0972185636761231
paper,medium,2009-12-31,2010Q1,2,FFR,-0.694949207462958,0.13333333333333333,-0.8282825407962913,-2.9107202047760694,-2.0435525322929653,-0.718175617465107,0.6392000990486316,1.624358278323882
paper,medium,2009-12-31,2010Q2,3,FFR,-0.8831961477443295,0.19333333333333336,-1.0765294810776629,-3.672330027011788,-2.5689783435559432,-0.8622707918101624,0.7598626878734177,2.0044969477110652
paper,medium,2009-12-31,2010Q3,4,FFR,-0.9810679608163266,0.18666666666666668,-1.1677346274829934,-4.224299240922154,-2.921551839947023,-0.9272166458544175,0.9837626574326096,2.2146902467952816
paper,medium,2009-12-31,2010Q4,5,FFR,-0.9427044707735548,0.18666666666666668,-1.1293711374402216,-4.512702308120208,-3.205051737434533,-0.9485526511800335,1.3482921926502756,2.835276936131385
paper,medium,2009-12-31,2011Q1,6,FFR,-0.8488410586592114,0.15666666666666668,-1.0055077253258782,-4.857244617278184,-3.327698357220509,-0.7952482839594484,1.6579901387567813,3.0610631832425717
paper,medium,2009-12-31,2011Q2,7,FFR,-0.6947538746725417,0.09333333333333334,-0.7880872080058751,-5.157749382428764,-3.3196609334975227,-0.6830894068062792,2.017442608024628,3.6965656905210498
paper,medium,2009-12-31,2011Q3,8,FFR,-0.5161810032344578,0.08333333333333333,-0.5995143365677912,-5.221455295764305,-3.3600634393952244,-0.532109669748289,2.4115205173280083,4.141932401032575
paper,medium,2009-12-31,2009Q4,1,GDP,947.6029226812899,964.0768300067851,-16.473907325495247,946.2432294468722,946.8042183403235,947.6001617154332,948.4114047490102,949.0012451394646
paper,medium,2009-12-31,2010Q1,2,GDP,948.340581087847,964.5756373732798,-16.235056285432847,946.0558389777319,946.9768427483725,948.3415184424874,949.6961994624253,950.5929135150633
paper,medium,2009-12-31,2010Q2,3,GDP,949.0898350084399,965.5386897406826,-16.448854732242694,946.0987457987203,947.2928797797886,949.0721359486952,950.8751749036918,952.0485107632343
paper,medium,2009-12-31,2010Q3,4,GDP,949.9379264493764,966.3088604477673,-16.37093399839091,946.1614844216241,947.6949580651047,949.9135882393249,952.232587566283,953.7163967885341
paper,medium,2009-12-31,2010Q4,5,GDP,950.8145181343376,966.8271103692053,-16.012592234867725,946.4281072414674,948.1024865048613,950.8086270996441,953.4901244498947,955.2187344869471
paper,medium,2009-12-31,2011Q1,6,GDP,951.7318597877596,966.5859036314018,-14.854043843642216,946.8177518056195,948.7422592060225,951.7260543391477,954.7772150159385,956.8065452967693
paper,medium,2009-12-31,2011Q2,7,GDP,952.6381761351475,967.261665957135,-14.623489821987505,947.1399334811542,949.3219138475473,952.6051775528038,956.0058031827202,958.3655871072006
paper,medium,2009-12-31,2011Q3,8,GDP,953.5662443932177,967.2228912780705,-13.656646884852762,947.5468395769245,949.9847805585849,953.553251640592,957.2615096268044,959.5895954518012
paper,medium,2009-12-31,2009Q4,1,HOURS,470.04212375199927,454.55581763068915,15.486306121310122,468.95944448650147,469.35390761154036,470.0565171183929,470.73808218364917,471.120608234465
paper,medium,2009-12-31,2010Q1,2,HOURS,469.7400874624013,454.84940087945347,14.890686582947808,467.71212453442587,468.52652195557215,469.7487977914566,470.97676004717215,471.7023214716039
paper,medium,2009-12-31,2010Q2,3,HOURS,469.68007535522685,455.69038845785997,13.98968689736688,466.6982915837375,467.8497274040542,469.68268704137915,471.5048991075797,472.65106922371444
paper,medium,2009-12-31,2010Q3,4,HOURS,469.79618162257884,456.0883864276619,13.707795194916969,465.86055021148564,467.44365368711493,469.8221492550111,472.1232972635567,473.6829590607135
paper,medium,2009-12-31,2010Q4,5,HOURS,469.988464676091,456.58366664724116,13.404798028849825,465.151612199209,467.12778222150814,469.97718155294353,472.8996272753674,474.6395019145865
paper,medium,2009-12-31,2011Q1,6,HOURS,470.25669847969556,456.76655994468166,13.490138535013898,464.61328324630824,466.9298845158614,470.323587669587,473.6189231903709,475.57984000397994
paper,medium,2009-12-31,2011Q2,7,HOURS,470.5421841879037,457.8251096636827,12.717074524220948,464.2377034754199,466.8226126039841,470.60214507024943,474.3261615825833,476.58491002395664
paper,medium,2009-12-31,2011Q3,8,HOURS,470.85842758223794,458.13691758021395,12.72151000202399,463.9024017886986,466.7553977398345,470.8881799246823,474.90072182088113,477.65814634667635
paper,medium,2009-12-31,2009Q4,1,INV,730.0208068065468,762.1065806084977,-32.085773801950836,723.2770724564078,725.9640496603183,730.0908491796379,733.9970498447622,736.6798575413019
paper,medium,2009-12-31,2010Q1,2,INV,730.9316287426427,764.3564839513651,-33.42485520872242,720.4165976008031,724.6892864945451,730.9937601543561,737.2338888425586,740.984381125476
paper,medium,2009-12-31,2010Q2,3,INV,731.7401135530126,769.4714244586191,-37.731310905606506,718.4455402289573,723.435342588894,731.7071685203117,740.0562492866545,745.0698462186288
paper,medium,2009-12-31,2010Q3,4,INV,733.1733115836212,773.8345192890719,-40.66120770545069,716.1508327042183,723.1827186955616,733.1239653845832,743.3627334537189,749.8654559579096
paper,medium,2009-12-31,2010Q4,5,INV,734.5141153435725,773.5154467461025,-39.00133140253001,715.5169713809152,722.7628925217443,734.3970365581181,746.4038178195474,753.9085847789174
paper,medium,2009-12-31,2011Q1,6,INV,736.0253703135323,771.6122658380344,-35.5868955245021,713.8971616183042,722.8950349251259,736.1054538087035,749.6382101068356,758.4210273889526
paper,medium,2009-12-31,2011Q2,7,INV,737.2576200540962,775.6219744335358,-38.364354379439646,712.2191781657829,722.9858131463195,737.0590033613958,752.0876665339446,761.6096194325562
paper,medium,2009-12-31,2011Q3,8,INV,738.6598157361751,775.9522849600758,-37.29246922390064,711.5154687230697,723.251034294639,738.6495010421105,754.6581603702117,764.6281616383332
paper,medium,2009-12-31,2009Q4,1,WAGE,482.52848130040275,461.5922175624994,20.936263737903346,481.3788966821796,481.8083649727225,482.53397285655535,483.22878450115525,483.7032147200839
paper,medium,2009-12-31,2010Q1,2,WAGE,483.03817249242593,460.4900149531529,22.548157539273006,481.3128474557905,482.02567723793885,483.0349675003318,484.09224196601815,484.7876724752608
paper,medium,2009-12-31,2010Q2,3,WAGE,483.6371537876863,461.6337597679988,22.003394019687505,481.3929058252466,482.34732393304347,483.6047085684379,484.94757823820987,485.81850704025663
paper,medium,2009-12-31,2010Q3,4,WAGE,484.2067408190655,461.92505901960953,22.281681799455953,481.54872339323475,482.5841147397721,484.2483222679541,485.8111514862099,486.87091981904877
paper,medium,2009-12-31,2010Q4,5,WAGE,484.78024307311586,461.51106158021446,23.269181492901396,481.7168286214212,482.98166421617094,484.78052536474473,486.6231233069427,487.7716683945959
paper,medium,2009-12-31,2011Q1,6,WAGE,485.35397527186507,462.24696830661526,23.10700696524981,482.02684447419966,483.34138668780906,485.3337988446227,487.405641180419,488.70617785564554
paper,medium,2009-12-31,2011Q2,7,WAGE,485.88305292900105,460.24464800664947,25.638404922351583,482.1651466162193,483.71051973570155,485.8817435519044,488.1741509103046,489.64253402790126
paper,medium,2009-12-31,2011Q3,8,WAGE,486.43302245054457,460.38693402550433,26.04608842504024,482.4285712840695,484.054533258213,486.4185758524842,488.849766199597,490.5183353532409
paper,medium,2010-03-31,2010Q1,1,CONS,914.4504323942404,926.7682152336796,-12.317782839439246,913.35372361957,913.8025795787514,914.4331428681849,915.1075634669653,915.5578023306724
paper,medium,2010-03-31,2010Q2,2,CONS,915.2903608048971,927.6609738087002,-12.3706130038031,913.6144432613684,914.2864216831344,915.2776446721364,916.3256236364077,916.9582328767925
paper,medium,2010-03-31,2010Q3,3,CONS,916.1297341897745,928.3718706580585,-12.242136468284002,913.8646955298153,914.7455380434251,916.1328242437157,917.5779105299197,918.472417379024
paper,medium,2010-03-31,2010Q4,4,CONS,917.02337868544,928.9828956921305,-11.959517006690476,914.1546712252546,915.3478929495216,916.966275808511,918.8502505479352,919.8928575328684
paper,medium,2010-03-31,2011Q1,5,CONS,917.9145977655496,929.3641365665912,-11.449538801041626,914.6024365213815,915.9110523159806,917.8299656104261,920.0129475331853,921.3267613818562
paper,medium,2010-03-31,2011Q2,6,CONS,918.821149006818,929.4669847547688,-10.645835747950741,915.044068397923,916.5280898953977,918.7535997345549,921.2359627870694,922.7195917634428
paper,medium,2010-03-31,2011Q3,7,CONS,919.6826368793552,929.7709193408268,-10.088282461471636,915.4787128860553,917.0764207002766,919.6260669277443,922.2610582160046,924.0955694456796
paper,medium,2010-03-31,2011Q4,8,CONS,920.516975114794,929.9433813298132,-9.426406215019142,915.8322864690058,917.5028657851457,920.5097054487399,923.3363112219861,925.379376566058
paper,medium,2010-03-31,2010Q1,1,DEFL,469.9885440925295,455.93984617419227,14.048697918337211,469.48993929815276,469.69089933846385,469.98461669636055,470.28724652352594,470.5060838038007
paper,medium,2010-03-31,2010Q2,2,DEFL,469.9961965566742,456.42648546620876,13.569711090465432,469.12349758864417,469.4621170641963,469.98964092005343,470.5218259045822,470.8693363847616
paper,medium,2010-03-31,2010Q3,3,DEFL,470.05536273288214,456.7281385445278,13.327224188354364,468.80533123014,469.2457501472832,470.0525577324798,470.83801772387716,471.3540024652485
paper,medium,2010-03-31,2010Q4,4,DEFL,470.15623552026494,457.3122088019198,12.844026718345162,468.472141376287,469.08780511034604,470.1758059621819,471.1950081889067,471.9197553678884
paper,medium,2010-03-31,2011Q1,5,DEFL,470.26539703284607,457.8271642119391,12.43823282090699,468.02776656588,468.88044103493047,470.24634868964006,471.59161632869933,472.5952739568663
paper,medium,2010-03-31,2011Q2,6,DEFL,470.3938826300974,458.48552274726825,11.908359882829131,467.6524302780438,468.70148153025076,470.34468273564096,472.1150021690644,473.34887684423074
paper,medium,2010-03-31,2011Q3,7,DEFL,470.56463322596227,459.10205503836494,11.46257818759733,467.2893001169444,468.50382944532197,470.5154089702671,472.6381437590171,474.16771563159574
paper,medium,2010-03-31,2011Q4,8,DEFL,470.7649697040848,459.2226780352162,11.542291668868643,466.80523818620014,468.2855082403913,470.6969041508273,473.21883848107683,475.01803565784286
paper,medium,2010-03-31,2010Q1,1,FFR,-0.026916293036400876,0.13333333333333333,-0.16024962636973422,-1.4110267729968582,-0.9027703383002124,-0.033188482605857134,0.8308941397140371,1.3794362671754863
paper,medium,2010-03-31,2010Q2,2,FFR,-0.04584956059181039,0.19333333333333336,-0.23918289392514375,-2.2203583770452204,-1.3785585338242923,-0.03169455811890448,1.249719562311291,2.1068979192736506
paper,medium,2010-03-31,2010Q3,3,FFR,-0.14512199867708506,0.18666666666666668,-0.33178866534375173,-3.0013472663259493,-1.8212162922691462,-0.11491214106883824,1.515307441236542,2.64943889293874
paper,medium,2010-03-31,2010Q4,4,FFR,-0.10240455699931782,0.18666666666666668,-0.2890712236659845,-3.333280331484332,-2.0112837632117224,-0.08974461130952238,1.8449876589344845,3.095155677393241
paper,medium,2010-03-31,2011Q1,5,FFR,0.04786695501471291,0.15666666666666668,-0.10879971165195376,-3.559500905124844,-2.1404674390409952,0.06557341724054183,2.2598884110269117,3.574613422155573
paper,medium,2010-03-31,2011Q2,6,FFR,0.2532532847462076,0.09333333333333334,0.1599199514128743,-3.666108404282106,-2.055625148757311,0.24336040466308573,2.59598313469383,3.9256388502096295
paper,medium,2010-03-31,2011Q3,7,FFR,0.47335315776122805,0.08333333333333333,0.39001982442789473,-3.6286644079992327,-2.0569933825294116,0.4630476945885196,3.0088891239460427,4.5753239024800205
paper,medium,2010-03-31,2011Q4,8,FFR,0.6637204456338643,0.07333333333333335,0.590387112300531,-3.6649018916870175,-2.0086807140642193,0.6920492826217824,3.31887325769942,5.1630120574463705
paper,medium,2010-03-31,2010Q1,1,GDP,949.3514455722085,964.5756373732798,-15.224191801071356,948.0056949607289,948.5361398544181,949.3687283015729,950.1697473705184,950.6912664304292
paper,medium,2010-03-31,2010Q2,2,GDP,950.1439069311815,965.5386897406826,-15.394782809501066,947.9291835035156,948.7901765173,950.1578175279084,951.5359584065177,952.3645987617471
paper,medium,2010-03-31,2010Q3,3,GDP,950.8889804799527,966.3088604477673,-15.419879967814609,947.8182437933114,949.1094662455168,950.8521778160116,952.8103720178759,953.8880530367315
paper,medium,2010-03-31,2010Q4,4,GDP,951.7293988912495,966.8271103692053,-15.09771147795584,948.1695118674246,949.5062553080728,951.6682631641514,954.0272482591932,955.5082510543928
paper,medium,2010-03-31,2011Q1,5,GDP,952.6636066003698,966.5859036314018,-13.92229703103203,948.6684683642152,950.1426374182277,952.5366145382063,955.1588997610768,956.985282347186
paper,medium,2010-03-31,2011Q2,6,GDP,953.6122990973698,967.261665957135,-13.649366859765223,948.9980522831016,950.796044889098,953.4918549696553,956.5008296470866,958.5013479462164
paper,medium,2010-03-31,2011Q3,7,GDP,954.5054305423022,967.2228912780705,-12.717460735768327,949.3576889876307,951.3220760737681,954.4546693055518,957.6690254777072,959.8550888120221
paper,medium,2010-03-31,2011Q4,8,GDP,955.3875263509652,968.3383253013681,-12.950798950402827,949.6799269827129,951.9641183183406,955.319637017785,958.9052732044128,960.9991410364929
paper,medium,2010-03-31,2010Q1,1,HOURS,469.9414288700572,454.84940087945347,15.092027990603754,468.8270054804733,469.2768411511758,469.9458181106088,470.6297880216848,471.0153923730446
paper,medium,2010-03-31,2010Q2,2,HOURS,470.1547921021624,455.69038845785997,14.464403644302422,468.0749511949157,468.95010042934064,470.1423804652519,471.36096294391865,472.1798150082253
paper,medium,2010-03-31,2010Q3,3,HOURS,470.41391133762556,456.0883864276619,14.32552490996369,467.435637230237,468.68309477986816,470.39055662991314,472.24438552683597,473.39495532987667
paper,medium,2010-03-31,2010Q4,4,HOURS,470.6712367101453,456.58366664724116,14.087570062904149,466.8942091516654,468.3384539904201,470.6226667636438,473.04223305571156,474.5879715064236
paper,medium,2010-03-31,2011Q1,5,HOURS,470.9547972721884,456.76655994468166,14.188237327506727,466.45740181982194,468.22186714557165,470.96817848012785,473.7923663573743,475.4555692847689
paper,medium,2010-03-31,2011Q2,6,HOURS,471.26753491989405,457.8251096636827,13.442425256211322,466.04660953749476,468.0551225717161,471.20576415726794,474.5443102419409,476.4903188058218
paper,medium,2010-03-31,2011Q3,7,HOURS,471.5928222789764,458.13691758021395,13.455904698762481,465.62312342619254,467.9307569728297,471.58081959804906,475.2896304033164,477.6431612354515
paper,medium,2010-03-31,2011Q4,8,HOURS,471.87525752082786,458.99550201816106,12.879755502666796,465.1593429822959,467.8580010323753,471.9346994680623,476.0294734131348,478.49383123117883
paper,medium,2010-03-31,2010Q1,1,INV,741.7653225500893,764.3564839513651,-22.591161401275826,735.0148234345238,737.5576045422314,741.7998307416522,745.8529167470804,748.3460122398903
paper,medium,2010-03-31,2010Q2,2,INV,743.4046243437668,769.4714244586191,-26.0668001148523,732.8056799436006,736.9215762040158,743.4837977009258,749.863810343017,753.8877966426901
paper,medium,2010-03-31,2010Q3,3,INV,744.6045268589371,773.8345192890719,-29.229992430134757,730.935425828492,736.2156247868473,744.4983368836221,753.346434153015,758.1387271067914
paper,medium,2010-03-31,2010Q4,4,INV,745.6853057169013,773.5154467461025,-27.830141029201172,729.4381930379794,735.622755148451,745.5307607569724,755.7418503577849,762.6012281260652
paper,medium,2010-03-31,2011Q1,5,INV,747.2465542234554,771.6122658380344,-24.365711614579027,729.3425341544697,735.6601437347141,747.3765660248459,758.4344825775399,766.0083400198052
paper,medium,2010-03-31,2011Q2,6,INV,748.8037231242782,775.6219744335358,-26.818251309257562,728.8252046197003,735.9730090442176,748.5551374458846,761.0696325005619,770.0044930208625
paper,medium,2010-03-31,2011Q3,7,INV,750.3125005519977,775.9522849600758,-25.63978440807807,728.0093795439606,736.1432990084214,750.2852936962324,763.8511748670662,774.076357670064
paper,medium,2010-03-31,2011Q4,8,INV,751.7449140897896,783.3770177522407,-31.632103662451073,727.951048827758,736.6755882297767,751.357821327594,766.6220032277635,776.9953052743559
paper,medium,2010-03-31,2010Q1,1,WAGE,481.2072246044907,460.4900149531529,20.717209651337782,480.00460039653433,480.4998710382625,481.2015457554828,481.9126344751986,482.4033454967893
paper,medium,2010-03-31,2010Q2,2,WAGE,481.63942608347025,461.6337597679988,20.005666315471444,479.78240502972767,480.5905711432692,481.6106270049472,482.6965672194996,483.4216208898412
paper,medium,2010-03-31,2010Q3,3,WAGE,482.13265602708327,461.92505901960953,20.207597007473737,479.784421873688,480.75349212374493,482.15695621001646,483.47620616446875,484.41199803703034
paper,medium,2010-03-31,2010Q4,4,WAGE,482.6496163483715,461.51106158021446,21.138554768157064,479.9851690250819,481.0436474002428,482.65975971218563,484.27996633802337,485.20764009561
paper,medium,2010-03-31,2011Q1,5,WAGE,483.1675336609682,462.24696830661526,20.92056535435296,480.1591934973186,481.34382350567523,483.1805248524857,484.95899889670136,486.2032546834195
paper,medium,2010-03-31,2011Q2,6,WAGE,483.6287035474057,460.24464800664947,23.384055540756208,480.2665238529315,481.61524810076764,483.5974343265716,485.65144060443544,486.99514484595556
paper,medium,2010-03-31,2011Q3,7,WAGE,484.1109623200755,460.38693402550433,23.724028294571156,480.39689368723776,482.0104316176262,484.0826884108104,486.2836497488774,487.7406515279687
paper,medium,2010-03-31,2011Q4,8,WAGE,484.5859241076257,458.46408947355985,26.121834634065863,480.53799520815284,482.1700861171668,484.6130001598391,486.91059968344854,488.5659380024018
paper,medium,2010-06-30,2010Q2,1,CONS,915.1829101705985,927.6609738087002,-12.47806363810173,914.143100119134,914.5534122781154,915.1946127674602,915.8000444835262,916.1975303000992
paper,medium,2010-06-30,2010Q3,2,CONS,916.0206413203249,928.3718706580585,-12.351229337733571,914.3560071859321,915.0299249439774,916.0214438988321,916.9848290171955,917.6673776542394
paper,medium,2010-06-30,2010Q4,3,CONS,916.8748628624877,928.9828956921305,-12.108032829642752,914.6653476079691,915.5367823977062,916.8705216024626,918.1844197202413,919.0275546259015
paper,medium,2010-06-30,2011Q1,4,CONS,917.7199318728293,929.3641365665912,-11.644204693761935,914.9752496488073,916.0428437430654,917.7602770225247,919.359080903086,920.498392446315
paper,medium,2010-06-30,2011Q2,5,CONS,918.5585603504588,929.4669847547688,-10.908424404309926,915.0999429338597,916.4991280599278,918.5608295384434,920.5334415686528,921.9616528147109
paper,medium,2010-06-30,2011Q3,6,CONS,919.3626868913409,929.7709193408268,-10.408232449485922,915.4063931436557,917.0713745173125,919.3332406563819,921.7563138247057,923.159836505504
paper,medium,2010-06-30,2011Q4,7,CONS,920.1268603168032,929.9433813298132,-9.816521013009947,915.6456508674662,917.574428396384,920.1455261315455,922.8079679377015,924.4669236766191
paper,medium,2010-06-30,2012Q1,8,CONS,920.9005376126573,930.6622261336005,-9.761688520943153,916.0857909367339,917.9948366531784,920.9098504677478,923.818303466737,925.6303526711305
paper,medium,2010-06-30,2010Q2,1,DEFL,470.36939396597535,456.42648546620876,13.942908499766588,469.89643423688096,470.06460124051046,470.36858313037635,470.66430795447906,470.86884690674685
paper,medium,2010-06-30,2010Q3,2,DEFL,470.5396973526724,456.7281385445278,13.811558808144639,469.6750660748897,470.03776314684154,470.55379005034536,471.0324888421246,471.3711288264463
paper,medium,2010-06-30,2010Q4,3,DEFL,470.7578114273001,457.3122088019198,13.445602625380332,469.4922698433323,470.0086261684686,470.75923845162083,471.4878883808202,471.99515037917763
paper,medium,2010-06-30,2011Q1,4,DEFL,470.98969325182867,457.8271642119391,13.162529039889591,469.23717568996585,469.9741553642621,471.0032771372808,472.01009372932236,472.7085302939498
paper,medium,2010-06-30,2011Q2,5,DEFL,471.2531956768074,458.48552274726825,12.767672929539174,468.9445593953069,469.9301724735304,471.2671531237837,472.56143705038573,473.53500918415335
paper,medium,2010-06-30,2011Q3,6,DEFL,471.55297062489024,459.10205503836494,12.450915586525298,468.7315850466023,469.91070299319716,471.59274832221786,473.1627669725799,474.3093287229796
paper,medium,2010-06-30,2011Q4,7,DEFL,471.87257982510926,459.2226780352162,12.649901789893079,468.4825770597132,469.8778567973439,471.91258906445574,473.80304347595563,475.18988387542754
paper,medium,2010-06-30,2012Q1,8,DEFL,472.2350967757437,459.8276478897225,12.4074488860212,468.2146045153312,469.88965284079757,472.3152973990457,474.53712770640846,476.14206856188014
paper,medium,2010-06-30,2010Q2,1,FFR,0.13102398747993427,0.19333333333333336,-0.06230934585339909,-1.2283198781064701,-0.7068044793363557,0.09721972022352156,0.9704632796538831,1.5580130239968988
paper,medium,2010-06-30,2010Q3,2,FFR,0.138462559266053,0.18666666666666668,-0.04820410740061368,-2.007069818989675,-1.1751950696970503,0.11087902371298843,1.4114075917964495,2.4107447385584106
paper,medium,2010-06-30,2010Q4,3,FFR,0.24260555702024744,0.18666666666666668,0.05593889035358077,-2.472278246939242,-1.4149926188440087,0.17469538500125914,1.94309305922464,3.021664260542777
paper,medium,2010-06-30,2011Q1,4,FFR,0.3821490182128017,0.15666666666666668,0.22548235154613505,-2.7121164562937614,-1.4915920665715472,0.404106786011041,2.289166945664065,3.552711808788067
paper,medium,2010-06-30,2011Q2,5,FFR,0.5943480836942703,0.09333333333333334,0.5010147503609369,-2.9918185832911255,-1.53688855474544,0.6077139299326942,2.7707893692525762,4.096902460187728
paper,medium,2010-06-30,2011Q3,6,FFR,0.8480146413826852,0.08333333333333333,0.7646813080493519,-3.0449716584352253,-1.490653058756794,0.8405354010879711,3.154274911226175,4.827998968882375
paper,medium,2010-06-30,2011Q4,7,FFR,1.0041358091221098,0.07333333333333335,0.9308024757887764,-3.239482798519363,-1.3850008386873582,0.9662448701495883,3.483884552950893,5.114294375744221
paper,medium,2010-06-30,2012Q1,8,FFR,1.1658355351417549,0.10333333333333333,1.0625022018084216,-3.273996330585245,-1.5519328698337982,1.1543948733921559,3.7681847920643476,5.533004872419528
paper,medium,2010-06-30,2010Q2,1,GDP,949.9483396311028,965.5386897406826,-15.590350109579731,948.6021118674583,949.1198924740448,949.9624652101757,950.7455446099311,951.2567970205673
paper,medium,2010-06-30,2010Q3,2,GDP,950.716220433673,966.3088604477673,-15.592640014094286,948.5837435887224,949.4413962137039,950.6668246679341,952.0516312949139,952.9202305971338
paper,medium,2010-06-30,2010Q4,3,GDP,951.5134961808633,966.8271103692053,-15.313614188342058,948.664863780503,949.8488701553802,951.5278993411171,953.2577835459368,954.3565692604105
paper,medium,2010-06-30,2011Q1,4,GDP,952.3934152460977,966.5859036314018,-14.19248838530416,948.7818606885824,950.3238961455563,952.379081817204,954.5282487909544,955.820141719369
paper,medium,2010-06-30,2011Q2,5,GDP,953.2713052746387,967.261665957135,-13.990360682496316,949.0968590147712,950.7814113848003,953.28817180959,955.7930840683006,957.3281508392844
paper,medium,2010-06-30,2011Q3,6,GDP,954.0994602944567,967.2228912780705,-13.123430983613844,949.2580440178307,951.2021045963899,954.1801108585,956.9319803744817,958.7426794252559
paper,medium,2010-06-30,2011Q4,7,GDP,954.888921522856,968.3383253013681,-13.449403778512078,949.4246905788757,951.765115414114,954.9467918571709,958.0343429799303,960.0833894770142
paper,medium,2010-06-30,2012Q1,8,GDP,955.6834322913159,969.1529212860218,-13.469488994705898,949.6539208630326,952.2477551532477,955.7571700918623,959.06442534074,961.3164640907017
paper,medium,2010-06-30,2010Q2,1,HOURS,470.4035095928017,455.69038845785997,14.71312113494173,469.2831390279922,469.7212600362881,470.40143154380337,471.08399298262066,471.5141343759667
paper,medium,2010-06-30,2010Q3,2,HOURS,470.71138857023806,456.0883864276619,14.623002142576183,468.6724590721558,469.4979901730855,470.71914670391743,471.9475417694318,472.74094920390854
paper,medium,2010-06-30,2010Q4,3,HOURS,470.99926477426925,456.58366664724116,14.41559812702809,468.0397441212793,469.2734201850896,471.01036823645774,472.7615503915127,474.0189232701908
paper,medium,2010-06-30,2011Q1,4,HOURS,471.30586818463166,456.76655994468166,14.539308239950003,467.3801735796578,468.9675576906177,471.28932741658014,473.5911660412804,475.1768775245978
paper,medium,2010-06-30,2011Q2,5,HOURS,471.6361363229665,457.8251096636827,13.811026659283755,466.8931492707175,468.79024636004044,471.6209116777543,474.49744040383405,476.3012958092599
paper,medium,2010-06-30,2011Q3,6,HOURS,471.9072754557781,458.13691758021395,13.770357875564173,466.5068658058303,468.5738876535415,471.92129703642627,475.22575644634594,477.23182960884947
paper,medium,2010-06-30,2011Q4,7,HOURS,472.17201048895794,458.99550201816106,13.176508470796875,466.2371437012362,468.4232975755019,472.2092350908754,475.8640412944884,478.1586540171813
paper,medium,2010-06-30,2012Q1,8,HOURS,472.3985733671841,459.8326823506083,12.56589101657579,465.7655085183597,468.2646771543221,472.39253211023276,476.5109764866234,478.978690168871
paper,medium,2010-06-30,2010Q2,1,INV,745.3185422753796,769.4714244586191,-24.152882183239512,738.3996963071688,741.4912771700169,745.2342865929086,749.486224037403,752.0631246699623
paper,medium,2010-06-30,2010Q3,2,INV,746.6518938141978,773.8345192890719,-27.182625474874044,736.4305357027004,740.3376038954865,746.6363341928065,752.9730750514965,757.2546743696995
paper,medium,2010-06-30,2010Q4,3,INV,747.7334141196155,773.5154467461025,-25.782032626486966,734.8369879659961,739.7205833944297,747.701025176925,755.7816801399404,760.9141487886653
paper,medium,2010-06-30,2011Q1,4,INV,749.2843737736068,771.6122658380344,-22.3278920644276,733.0598753782831,739.4798533883313,749.3652765571003,758.6387554987639,764.9774468350231
paper,medium,2010-06-30,2011Q2,5,INV,750.6827204891538,775.6219744335358,-24.939253944382017,731.5601842368083,739.6092244081389,750.701812872869,761.950458379626,768.7269615891812
paper,medium,2010-06-30,2011Q3,6,INV,751.862240102379,775.9522849600758,-24.09004485769674,730.5655545359975,739.2555876159304,752.0476950369984,764.3960589073743,771.8878280759534
paper,medium,2010-06-30,2011Q4,7,INV,752.8238400325565,783.3770177522407,-30.553177719684186,729.467720971417,739.0540470933998,752.9775571631667,765.6657194565842,774.7888879971323
paper,medium,2010-06-30,2012Q1,8,INV,753.8473009574304,785.4442132351122,-31.59691227768178,729.7759987799925,738.8098885441235,754.1253123802082,768.1314526950101,777.3024790171128
paper,medium,2010-06-30,2010Q2,1,WAGE,480.81386944724034,461.6337597679988,19.180109679241525,479.5991798919851,480.0703979059223,480.8025246529516,481.5612541394918,482.0688389867456
paper,medium,2010-06-30,2010Q3,2,WAGE,481.2783600366486,461.92505901960953,19.353301017039087,479.50611144351205,480.20874673923885,481.2685324579393,482.3785553631332,483.03195531382
paper,medium,2010-06-30,2010Q4,3,WAGE,481.736015971293,461.51106158021446,20.22495439107854,479.52486855194974,480.39962805201077,481.71515614547684,483.0820451607256,483.9666869801022
paper,medium,2010-06-30,2011Q1,4,WAGE,482.19656232248093,462.24696830661526,19.94959401586567,479.60284943878423,480.6074484518455,482.1509551743205,483.79006501901154,484.9265238521263
paper,medium,2010-06-30,2011Q2,5,WAGE,482.6384305405755,460.24464800664947,22.393782533926014,479.71285513916223,480.8901487949778,482.60980801156603,484.37158349427284,485.60903573199244
paper,medium,2010-06-30,2011Q3,6,WAGE,483.0595578019986,460.38693402550433,22.672623776494277,479.58816637483625,481.12916660681225,483.058140854422,485.0583135205319,486.5374706130876
paper,medium,2010-06-30,2011Q4,7,WAGE,483.48078958354085,458.46408947355985,25.016700109981002,479.7552699900683,481.2937927150267,483.45183768382105,485.66861275270577,487.2567325423651
paper,medium,2010-06-30,2012Q1,8,WAGE,483.8951953683104,460.1924925823062,23.70270278600418,479.81626364217357,481.4790294563423,483.9276975515247,486.2803488922542,488.0544882098434
paper,medium,2010-09-30,2010Q3,1,CONS,914.3586255892694,928.3718706580585,-14.013245068789047,913.3365161381628,913.7407025795499,914.3583513060319,914.9747925366847,915.371454696125
paper,medium,2010-09-30,2010Q4,2,CONS,915.1704649304011,928.9828956921305,-13.812430761729388,913.5608919332298,914.2001459563115,915.1820298404652,916.1500866987992,916.7582039589422
paper,medium,2010-09-30,2011Q1,3,CONS,915.9619934575611,929.3641365665912,-13.402143109030135,913.727850232914,914.6092609415635,915.9855975564997,917.3233640599573,918.1168118008953
paper,medium,2010-09-30,2011Q2,4,CONS,916.7452478293998,929.4669847547688,-12.721736925368987,913.836150481156,915.0304057544838,916.7907813965196,918.437573067087,919.5643898525576
paper,medium,2010-09-30,2011Q3,5,CONS,917.5088057063537,929.7709193408268,-12.262113634473167,913.9300790789185,915.4917090149492,917.5381092616135,919.530442930152,920.8056403107875
paper,medium,2010-09-30,2011Q4,6,CONS,918.2502327000492,929.9433813298132,-11.693148629763982,914.2895806895455,915.9328168792059,918.2941487533819,920.5752592614525,922.0787814732693
paper,medium,2010-09-30,2012Q1,7,CONS,918.9758937607581,930.6622261336005,-11.686332372842344,914.5661807877178,916.4151639948807,918.9682897707066,921.5537237467809,923.2401521499497
paper,medium,2010-09-30,2012Q2,8,CONS,919.705176096587,930.8376469452386,-11.132470848651565,914.7090012168447,916.9054915823044,919.7501384682732,922.5468757816786,924.471189877449
paper,medium,2010-09-30,2010Q3,1,DEFL,470.7705304543947,456.7281385445278,14.042391909866922,470.2860327141462,470.4743914015869,470.76673175430835,471.07283553433615,471.2554174588032
paper,medium,2010-09-30,2010Q4,2,DEFL,471.0993294381584,457.3122088019198,13.787120636238626,470.24669191457076,470.58103151838105,471.0820698932023,471.6069701359921,471.99515154513125
paper,medium,2010-09-30,2011Q1,3,DEFL,471.4771201366933,457.8271642119391,13.649955924754238,470.190668181384,470.7182408137786,471.47692007342994,472.244813592253,472.7968468792456
paper,medium,2010-09-30,2011Q2,4,DEFL,471.89917265550014,458.48552274726825,13.41364990823189,470.14258743717073,470.84707159383277,471.8983905307362,472.94833390587564,473.6722355578307
paper,medium,2010-09-30,2011Q3,5,DEFL,472.33292418454005,459.10205503836494,13.23086914617511,470.0724592068792,470.92302133531854,472.3461928799955,473.70017106359046,474.57509256082665
paper,medium,2010-09-30,2011Q4,6,DEFL,472.79527741992393,459.2226780352162,13.572599384707758,469.95896175936815,471.0963440058869,472.8296436714874,474.4873573729339,475.60604500139414
paper,medium,2010-09-30,2012Q1,7,DEFL,473.28674627406343,459.8276478897225,13.459098384340905,469.889593231112,471.1928524120785,473.2782929776505,475.3360742642251,476.70600481165604
paper,medium,2010-09-30,2012Q2,8,DEFL,473.7993937836672,460.2296059641123,13.569787819554904,469.7665850951126,471.37532451241077,473.8067090938589,476.1933692720265,477.85335637797607
paper,medium,2010-09-30,2010Q3,1,FFR,0.35924578829494996,0.18666666666666668,0.1725791216282833,-0.9961154370452254,-0.4627029116135373,0.348693059435825,1.1804722639338854,1.7135104329393487
paper,medium,2010-09-30,2010Q4,2,FFR,0.623991604191518,0.18666666666666668,0.43732493752485135,-1.3863659938054065,-0.6437379452235054,0.6189618470399632,1.891719916259135,2.695156255428594
paper,medium,2010-09-30,2011Q1,3,FFR,0.8133809413609776,0.15666666666666668,0.6567142746943109,-1.7778245903001608,-0.7926626102466847,0.8246415197842214,2.4078754664495863,3.4344927342819225
paper,medium,2010-09-30,2011Q2,4,FFR,0.9772223603779399,0.09333333333333334,0.8838890270446065,-1.9750508397395468,-0.8427369409293191,0.9869680592610659,2.8461671166078464,4.125474593366424
paper,medium,2010-09-30,2011Q3,5,FFR,1.2099447611768424,0.08333333333333333,1.126611427843509,-2.226538246152924,-0.8372615959586142,1.1708951106832823,3.3659962101593983,4.788005415022143
paper,medium,2010-09-30,2011Q4,6,FFR,1.4632483422224154,0.07333333333333335,1.3899150088890821,-2.4208363551185483,-0.8468860235048546,1.4983267259805824,3.872467839796379,5.230512797431889
paper,medium,2010-09-30,2012Q1,7,FFR,1.6536423263663482,0.10333333333333333,1.550308993033015,-2.7562266077057216,-0.7612492816851391,1.6159458379377702,4.264184625405029,5.801024089378339
paper,medium,2010-09-30,2012Q2,8,FFR,1.8092505583074707,0.15333333333333335,1.6559172249741374,-2.7599915345935195,-0.8386883678655032,1.7857030655844235,4.714291617831597,6.259050170687418
paper,medium,2010-09-30,2010Q3,1,GDP,949.5794588442114,966.3088604477673,-16.729401603555857,948.2848182745006,948.7816755763893,949.5779979466226,950.3383341168332,950.8693584088506
paper,medium,2010-09-30,2010Q4,2,GDP,950.3482758931416,966.8271103692053,-16.478834476063753,948.1092925165251,949.0982652662642,950.3487331294502,951.6176322654707,952.4836066362589
paper,medium,2010-09-30,2011Q1,3,GDP,951.0924057835443,966.5859036314018,-15.493497847857498,948.1002364623583,949.2985037412035,951.1470634981533,952.8744739364352,953.8961663094732
paper,medium,2010-09-30,2011Q2,4,GDP,951.8742201475155,967.261665957135,-15.387445809619521,948.0600612789211,949.6739945846722,951.9695478930723,954.0607411142464,955.2677560014018
paper,medium,2010-09-30,2011Q3,5,GDP,952.6861480242922,967.2228912780705,-14.536743253778354,948.2615711171553,950.0889456038335,952.810759849604,955.2137742771696,956.6935850588973
paper,medium,2010-09-30,2011Q4,6,GDP,953.4714900579006,968.3383253013681,-14.866835243467449,948.4838879905392,950.651185925271,953.5513156214816,956.3197255065575,958.1610723963786
paper,medium,2010-09-30,2012Q1,7,GDP,954.2166905183756,969.1529212860218,-14.93623076764618,948.6717444434311,951.0190800917654,954.2623359442482,957.4253668112916,959.359209516752
paper,medium,2010-09-30,2012Q2,8,GDP,954.9638314931567,969.6077453782113,-14.643913885054644,948.9873927004076,951.4759697776974,955.0599703817195,958.4716389893576,960.5845814417842
paper,medium,2010-09-30,2010Q3,1,HOURS,454.3921557531876,456.0883864276619,-1.6962306744742932,453.3153116039608,453.7261467779052,454.3941757589572,455.0423707800711,455.4457592955989
paper,medium,2010-09-30,2010Q4,2,HOURS,454.80366913008487,456.58366664724116,-1.7799975171562892,452.8071325492184,453.6145408807749,454.7823269762978,455.99497270145724,456.80418116199905
paper,medium,2010-09-30,2011Q1,3,HOURS,455.1464560120796,456.76655994468166,-1.620103932602035,452.22775030665736,453.34975370021846,455.1795701319958,456.9357302035868,458.00800129522395
paper,medium,2010-09-30,2011Q2,4,HOURS,455.46990570648757,457.8251096636827,-2.355203957195158,451.6449209167319,453.14905945530717,455.5748546037927,457.7050396493807,459.1002417407843
paper,medium,2010-09-30,2011Q3,5,HOURS,455.77331468222656,458.13691758021395,-2.3636028979873913,451.0076499403039,452.9719873799494,455.86813037466504,458.48264463897704,460.1494721453572
paper,medium,2010-09-30,2011Q4,6,HOURS,456.06637278768534,458.99550201816106,-2.9291292304757235,450.4529171256367,452.92040886476343,456.14797080629137,459.07643612570917,461.13514138796586
paper,medium,2010-09-30,2012Q1,7,HOURS,456.3320753374942,459.8326823506083,-3.50060701311412,449.9375634939423,452.80625940705636,456.3757369512916,459.8722586726664,462.1975113996155
paper,medium,2010-09-30,2012Q2,8,HOURS,456.5852608661521,460.00571366012684,-3.4204527939747322,449.72467813671875,452.66011714350617,456.6733083940909,460.55293652873917,462.95352062876896
paper,medium,2010-09-30,2010Q3,1,INV,751.0745433928782,773.8345192890719,-22.759975896193623,744.4976560518155,747.1239478742111,751.0667136511181,755.000304118647,757.6752954481713
paper,medium,2010-09-30,2010Q4,2,INV,752.3229108596695,773.5154467461025,-21.192535886433006,742.157880327645,746.1233641684457,752.3965168939728,758.5449058087775,762.5340770565942
paper,medium,2010-09-30,2011Q1,3,INV,753.3012797881613,771.6122658380344,-18.310986049873122,739.5262928491633,744.5325528349716,753.5159646037232,761.6652822569669,767.1839215140257
paper,medium,2010-09-30,2011Q2,4,INV,754.3028792516513,775.6219744335358,-21.31909518188445,737.9482939419613,744.017635628053,754.6860140294874,763.9902612529145,770.2413154249003
paper,medium,2010-09-30,2011Q3,5,INV,755.5707144480094,775.9522849600758,-20.381570512066332,736.7413148096322,743.8123557722544,755.8263172891533,766.5826638394273,773.5254932085281
paper,medium,2010-09-30,2011Q4,6,INV,756.7899044283326,783.3770177522407,-26.587113323908056,736.9118254230705,744.3800462306543,756.9311179339572,769.0850879229782,777.0073841073221
paper,medium,2010-09-30,2012Q1,7,INV,757.8114892810275,785.4442132351122,-27.632723954084668,734.8446185938418,744.4508035176236,757.8297318710172,771.3470944744545,780.0119847939171
paper,medium,2010-09-30,2012Q2,8,INV,758.8402696541843,787.7205662515095,-28.880296597325128,734.2219921330245,744.3454432237855,759.0112425440398,773.5647727445934,782.7976814764069
paper,medium,2010-09-30,2010Q3,1,WAGE,463.7301414470269,461.92505901960953,1.8050824274173465,462.5393050075112,463.01263254243116,463.7358634255595,464.44368001917354,464.8956496347159
paper,medium,2010-09-30,2010Q4,2,WAGE,464.15902672525436,461.51106158021446,2.6479651450399047,462.38947224371924,463.09250428523126,464.1877992535567,465.2180367777051,465.94451720939753
paper,medium,2010-09-30,2011Q1,3,WAGE,464.60925380623456,462.24696830661526,2.362285499619304,462.41840924457875,463.29536167832,464.6151991939949,465.9144356858218,466.8829267014122
paper,medium,2010-09-30,2011Q2,4,WAGE,465.03046150897455,460.24464800664947,4.785813502325084,462.3960498063916,463.54385484084463,465.0829349014236,466.5627192774008,467.67354095259384
paper,medium,2010-09-30,2011Q3,5,WAGE,465.4631452811159,460.38693402550433,5.076211255611554,462.5534453002518,463.75515023321026,465.50445064241376,467.2036393532509,468.443198273801
paper,medium,2010-09-30,2011Q4,6,WAGE,465.8505469573328,458.46408947355985,7.386457483772972,462.4913294324457,463.98646237987396,465.88803293793194,467.8853359185601,469.12872606850414
paper,medium,2010-09-30,2012Q1,7,WAGE,466.2290841524864,460.1924925823062,6.036591570180178,462.5133341268617,464.06209767153337,466.26056576208504,468.4316379890309,469.9587667192641
paper,medium,2010-09-30,2012Q2,8,WAGE,466.61761592772024,460.5460143946219,6.071601533098317,462.58886522665875,464.3083199725194,466.65311340621406,468.94262996382395,470.52389657072086
paper,medium,2010-12-31,2010Q4,1,CONS,914.9162562406921,928.9828956921305,-14.066639451438391,913.8768388580581,914.3148101505188,914.9097345509493,915.5604395285736,915.9197003150152
paper,medium,2010-12-31,2011Q1,2,CONS,915.7150222019319,929.3641365665912,-13.64911436465934,914.0458740255397,914.7156490134238,915.6886138919182,916.7314866847644,917.3568012074064
paper,medium,2010-12-31,2011Q2,3,CONS,916.5160238469504,929.4669847547688,-12.950960907818398,914.2692580056547,915.1126072352527,916.4958861878257,917.8782381287006,918.8039518620029
paper,medium,2010-12-31,2011Q3,4,CONS,917.2923010538819,929.7709193408268,-12.47861828694488,914.5056887730923,915.5180057715439,917.2510859669192,919.0266465669641,920.2198292962014
paper,medium,2010-12-31,2011Q4,5,CONS,918.091852004718,929.9433813298132,-11.851529325095157,914.6760835959279,916.0246195537843,918.0907507697958,920.1146408172957,921.5532227597583
paper,medium,2010-12-31,2012Q1,6,CONS,918.8428799003535,930.6622261336005,-11.81934623324696,914.9275378797339,916.4390294105121,918.826851641418,921.2030682863892,922.802480302282
paper,medium,2010-12-31,2012Q2,7,CONS,919.5930366341059,930.8376469452386,-11.244610311132647,915.2647184437112,916.8441933737441,919.5318968214069,922.291400543103,924.1001190943349
paper,medium,2010-12-31,2012Q3,8,CONS,920.3102072801863,931.0399982629759,-10.72979098278961,915.4041605453394,917.3359502715923,920.2861002025189,923.261664698118,925.3161772966884
paper,medium,2010-12-31,2010Q4,1,DEFL,471.39353332303324,457.3122088019198,14.081324521113459,470.934653065226,471.11256704442326,471.38743979551145,471.6889899718401,471.8570347824342
paper,medium,2010-12-31,2011Q1,2,DEFL,471.85260358514734,457.8271642119391,14.025439373208258,471.0707417403268,471.34885551462173,471.83894071489766,472.3617762679752,472.68043684676155
paper,medium,2010-12-31,2011Q2,3,DEFL,472.34207483840805,458.48552274726825,13.856552091139804,471.1543335124219,471.6119671917239,472.34766149327413,473.08261084059404,473.5782564747532
paper,medium,2010-12-31,2011Q3,4,DEFL,472.84701496860635,459.10205503836494,13.744959930241407,471.1736986910616,471.87799611668373,472.8536841113833,473.84189207047433,474.51994589502823
paper,medium,2010-12-31,2011Q4,5,DEFL,473.36066178844226,459.2226780352162,14.13798375322608,471.1936305616302,472.08287644426457,473.3768135521092,474.6312189065598,475.4853956650967
paper,medium,2010-12-31,2012Q1,6,DEFL,473.9092958602581,459.8276478897225,14.081647970535585,471.2693667359423,472.3354226670246,473.92491665981083,475.4634608675194,476.56787525734677
paper,medium,2010-12-31,2012Q2,7,DEFL,474.4710617552077,460.2296059641123,14.241455791095404,471.25664421409243,472.54503026254963,474.5000592391151,476.3551297271132,477.7305735767885
paper,medium,2010-12-31,2012Q3,8,DEFL,475.0666710589996,460.74675450367744,14.319916555322152,471.24727236284576,472.837816118596,475.08086630921787,477.3567754875225,478.9026616072437
paper,medium,2010-12-31,2010Q4,1,FFR,0.34305296573304067,0.18666666666666668,0.156386299066374,-1.0550211193568255,-0.4843588761204695,0.36939039101348836,1.171878558022405,1.6667449288764458
paper,medium,2010-12-31,2011Q1,2,FFR,0.5457705324909891,0.15666666666666668,0.3891038658243224,-1.5572683526728635,-0.7575661366678901,0.5580028120181565,1.789880128012117,2.7094318990132753
paper,medium,2010-12-31,2011Q2,3,FFR,0.6937673117316161,0.09333333333333334,0.6004339783982827,-2.0781518606697995,-0.8491788132946303,0.6846664607191053,2.2511183016088037,3.3689556442993425
paper,medium,2010-12-31,2011Q3,4,FFR,0.9112727110846301,0.08333333333333333,0.8279393777512968,-2.1688433322230147,-0.979271224071888,0.8838724496976929,2.835182122144315,4.088849624840507
paper,medium,2010-12-31,2011Q4,5,FFR,1.1549425364072925,0.07333333333333335,1.0816092030739592,-2.3586864869060222,-0.9549399018780697,1.1217307610790488,3.355643020041768,4.693976949023482
paper,medium,2010-12-31,2012Q1,6,FFR,1.416929085015125,0.10333333333333333,1.3135957516817918,-2.4548168279156304,-0.8919194831263124,1.454795751981611,3.7032354998040065,5.180272106999934
paper,medium,2010-12-31,2012Q2,7,FFR,1.6119578786021174,0.15333333333333335,1.458624545268784,-2.645331078744536,-0.9085216636281708,1.6720842770157134,4.034892772803423,5.773023050403286
paper,medium,2010-12-31,2012Q3,8,FFR,1.8001411194573576,0.14333333333333334,1.6568077861240242,-2.8625234648058644,-0.8462319743541616,1.891787680543802,4.442686577687463,6.1951621723097405
paper,medium,2010-12-31,2010Q4,1,GDP,950.0321789412988,966.8271103692053,-16.79493142790659,948.7240078362977,949.2252055835773,950.0389545523805,950.8376638933014,951.3601434557493
paper,medium,2010-12-31,2011Q1,2,GDP,950.7795340474016,966.5859036314018,-15.806369584000208,948.6023172137442,949.4858270016725,950.808097418558,952.0756591879383,952.9370699778909
paper,medium,2010-12-31,2011Q2,3,GDP,951.5628939754608,967.261665957135,-15.698771981674213,948.6266100508343,949.7359168833473,951.5950957535056,953.3326641315624,954.4551770291691
paper,medium,2010-12-31,2011Q3,4,GDP,952.3792750640217,967.2228912780705,-14.84361621404878,948.8533603954435,950.1954423117735,952.3836103275147,954.566030205291,955.9452658944455
paper,medium,2010-12-31,2011Q4,5,GDP,953.2374820108649,968.3383253013681,-15.100843290503121,949.1719104736123,950.6762274365306,953.1911540845122,955.7519297165579,957.3797640435089
paper,medium,2010-12-31,2012Q1,6,GDP,954.0438505409508,969.1529212860218,-15.109070745070994,949.3430708978537,951.1600896659731,954.0802145192447,956.9221045015934,958.6785627903846
paper,medium,2010-12-31,2012Q2,7,GDP,954.8275710593862,969.6077453782113,-14.780174318825175,949.6549827859145,951.7345127303216,954.7965511729806,957.9759690642271,960.0127691279512
paper,medium,2010-12-31,2012Q3,8,GDP,955.5639534908117,969.7824756135876,-14.21852212277588,949.9672975780339,952.0734421751978,955.5964620948336,959.095899530763,961.3185520237076
paper,medium,2010-12-31,2010Q4,1,HOURS,454.5291049983441,456.58366664724116,-2.0545616488970495,453.43357285980085,453.87530445767567,454.5362440823643,455.1744778851808,455.6182156545362
paper,medium,2010-12-31,2011Q1,2,HOURS,454.80413355597346,456.76655994468166,-1.9624263887081952,452.81338716358636,453.60594427407125,454.79669783017926,455.96333188650493,456.8232921286892
paper,medium,2010-12-31,2011Q2,3,HOURS,455.0963256409286,457.8251096636827,-2.7287840227540983,452.2496682581738,453.37245533199007,455.0795294108976,456.8510113008572,458.0537013322722
paper,medium,2010-12-31,2011Q3,4,HOURS,455.40411942324977,458.13691758021395,-2.7327981569641793,451.67982946420705,453.14971835869005,455.35623943203404,457.70154102243697,459.2165500014694
paper,medium,2010-12-31,2011Q4,5,HOURS,455.7265682733838,458.99550201816106,-3.2689337447772573,451.27802410417854,452.97913244687453,455.7260662593559,458.4372180536261,460.1538444843423
paper,medium,2010-12-31,2012Q1,6,HOURS,456.04302545061313,459.8326823506083,-3.7896568999951796,450.9896010468458,452.90109898330525,456.0824108632761,459.09426075357237,461.1541993477014
paper,medium,2010-12-31,2012Q2,7,HOURS,456.3257002560641,460.00571366012684,-3.68001340406272,450.50232671833845,452.80611901301467,456.34933974186515,459.7598098380475,461.99125380448515
paper,medium,2010-12-31,2012Q3,8,HOURS,456.611520251628,460.5260181938334,-3.9144979422054007,449.8689854495606,452.8426413361215,456.67417567859144,460.39851946504234,462.90250078999384
paper,medium,2010-12-31,2010Q4,1,INV,752.8829655958791,773.5154467461025,-20.632481150223384,746.2484660994307,749.0405663929083,752.9324493912079,756.7366528976278,759.0799341058417
paper,medium,2010-12-31,2011Q1,2,INV,753.8455192194161,771.6122658380344,-17.7667466186183,743.7273380270245,747.7059588968615,753.7608955141975,759.9731677949022,764.2442026626301
paper,medium,2010-12-31,2011Q2,3,INV,754.8323624268128,775.6219744335358,-20.78961200672302,741.0352681028224,746.7245001208763,755.1051308967221,762.9148396916635,768.206686287307
paper,medium,2010-12-31,2011Q3,4,INV,756.0883319677652,775.9522849600758,-19.8639529923106,740.024223753304,746.3949132555852,756.1087753870388,765.7341927031625,771.7831475482039
paper,medium,2010-12-31,2011Q4,5,INV,757.5427876712693,783.3770177522407,-25.83423008097145,739.4164852574847,746.5516342194032,757.7460725521921,768.2822741760026,775.7121250112419
paper,medium,2010-12-31,2012Q1,6,INV,758.8905519538838,785.4442132351122,-26.553661281228415,738.3783482256407,746.6162041864108,759.0120573722717,771.3536092215429,779.2917918887014
paper,medium,2010-12-31,2012Q2,7,INV,760.0153432283937,787.7205662515095,-27.705223023115764,737.9745051127255,746.7131574213148,760.0729352750596,773.2645706826579,782.2348013594866
paper,medium,2010-12-31,2012Q3,8,INV,761.0109000987217,788.1733240404119,-27.162423941690236,737.2334510744514,746.9255718083235,760.8440939257225,775.8041846558879,784.6035852495152
paper,medium,2010-12-31,2010Q4,1,WAGE,464.92730258014967,461.51106158021446,3.416240999935212,463.7598474600495,464.2544726772848,464.92651378312434,465.6156405696232,466.08692032464404
paper,medium,2010-12-31,2011Q1,2,WAGE,465.3993779000991,462.24696830661526,3.152409593483867,463.7304567611961,464.38022153103606,465.368385803139,466.3796690172214,467.0399108541805
paper,medium,2010-12-31,2011Q2,3,WAGE,465.8497487368206,460.24464800664947,5.605100730171102,463.78609998997956,464.57779914332343,465.821634313584,467.14730242006624,468.0020381222158
paper,medium,2010-12-31,2011Q3,4,WAGE,466.2730940563809,460.38693402550433,5.886160030876567,463.8178238485694,464.7762307631116,466.228211443869,467.81473643601123,468.8023761682736
paper,medium,2010-12-31,2011Q4,5,WAGE,466.71830466261133,458.46408947355985,8.254215189051479,463.8114072224472,465.0434710019163,466.6713058675506,468.48016070678017,469.62995980989024
paper,medium,2010-12-31,2012Q1,6,WAGE,467.1129397463804,460.1924925823062,6.920447164074176,463.80448847691434,465.2237612705241,467.10116031536586,469.01850579303004,470.4383788586459
paper,medium,2010-12-31,2012Q2,7,WAGE,467.52342446355215,460.5460143946219,6.977410068930226,463.9832129830326,465.41216717325153,467.4926896654345,469.5975872431254,471.1538148378938
paper,medium,2010-12-31,2012Q3,8,WAGE,467.9091522531058,460.04490589855556,7.864246354550232,464.01287052822045,465.6835083467005,467.8571507526624,470.2021055173163,471.7506118085939
paper,medium,2011-03-31,2011Q1,1,CONS,915.8205873615216,929.3641365665912,-13.543549205069667,914.8082136838439,915.2027359834224,915.8169788193243,916.4412675882745,916.87154508712
paper,medium,2011-03-31,2011Q2,2,CONS,916.5803552926278,929.4669847547688,-12.886629462140945,914.9576227239806,915.607136354701,916.6322273433061,917.5388889609881,918.1373508695477
paper,medium,2011-03-31,2011Q3,3,CONS,917.3221863600774,929.7709193408268,-12.448732980749469,915.1155160905769,915.9871331438397,917.3555404427403,918.6417444212295,919.4238621620763
paper,medium,2011-03-31,2011Q4,4,CONS,918.0546839207491,929.9433813298132,-11.888697409064093,915.255629705767,916.3352924308525,918.0562897173443,919.7923607873241,920.7813944874804
paper,medium,2011-03-31,2012Q1,5,CONS,918.7848668994955,930.6622261336005,-11.877359234105029,915.4668889763058,916.748267832182,918.7692324828333,920.795368246625,922.0619944139878
paper,medium,2011-03-31,2012Q2,6,CONS,919.4938249798773,930.8376469452386,-11.343821965361258,915.6037499668726,917.135531384724,919.4877336594102,921.838309830831,923.361236058383
paper,medium,2011-03-31,2012Q3,7,CONS,920.2222293181994,931.0399982629759,-10.817768944776503,915.8329129657409,917.5450834341977,920.216881488617,922.8638900662601,924.506692042111
paper,medium,2011-03-31,2012Q4,8,CONS,920.9764092467755,931.437285619049,-10.46087637227356,916.2362652262078,918.0459522327589,920.9542754429297,923.8338274744141,925.7753302857917
paper,medium,2011-03-31,2011Q1,1,DEFL,471.436923676157,457.8271642119391,13.609759464217916,470.95591769654953,471.14307338232976,471.44388366105704,471.71825692745557,471.8911178697559
paper,medium,2011-03-31,2011Q2,2,DEFL,471.812826513068,458.48552274726825,13.32730376579974,470.91867340951995,471.3103760964659,471.81865022151123,472.31389619680414,472.6495026505251
paper,medium,2011-03-31,2011Q3,3,DEFL,472.19459938822524,459.10205503836494,13.092544349860304,470.89340715019,471.46889072700026,472.21332817796883,472.9135775524048,473.4392597198144
paper,medium,2011-03-31,2011Q4,4,DEFL,472.5954718840981,459.2226780352162,13.37279384888194,470.88593268529905,471.55741183631636,472.63990134677704,473.5820615233977,474.2923143080888
paper,medium,2011-03-31,2012Q1,5,DEFL,473.03815086220885,459.8276478897225,13.210502972486324,470.7200707030965,471.70722111945196,473.0448747031692,474.34393840932813,475.2636949676609
paper,medium,2011-03-31,2012Q2,6,DEFL,473.50368719091085,460.2296059641123,13.274081226798558,470.6061418007883,471.8647442731807,473.5347226780229,475.1869700893488,476.2958574750054
paper,medium,2011-03-31,2012Q3,7,DEFL,474.00009502966446,460.74675450367744,13.253340525987028,470.5347305714224,471.98898750783724,474.03634916308795,476.02471320830404,477.24244664872674
paper,medium,2011-03-31,2012Q4,8,DEFL,474.5004209736561,461.25230870332746,13.248112270328647,470.4080138297338,472.0710955070193,474.5287471826384,476.9296401296467,478.3183515506049
paper,medium,2011-03-31,2011Q1,1,FFR,0.37445194444835345,0.15666666666666668,0.21778527778168677,-1.0419107459735004,-0.45937061780931926,0.35941276928160126,1.212323134112871,1.8143357840299272
paper,medium,2011-03-31,2011Q2,2,FFR,0.524843884002809,0.09333333333333334,0.4315105506694757,-1.640776378751769,-0.6860357133007674,0.5164098641080072,1.7323521902971708,2.651971286465624
paper,medium,2011-03-31,2011Q3,3,FFR,0.8196274905549812,0.08333333333333333,0.7362941572216478,-1.850390351781237,-0.7753500693296942,0.8387116384920055,2.42173381138466,3.4422955514525526
paper,medium,2011-03-31,2011Q4,4,FFR,1.076670500182944,0.07333333333333335,1.0033371668496107,-2.1505439271329707,-0.7437619144700874,1.1286911661591494,2.9980505934055,4.284826600047004
paper,medium,2011-03-31,2012Q1,5,FFR,1.2139230979021085,0.10333333333333333,1.1105897645687752,-2.391880483379661,-0.9452127818991167,1.2326425135757813,3.334415500305708,4.754663184206194
paper,medium,2011-03-31,2012Q2,6,FFR,1.3495550988302134,0.15333333333333335,1.19622176549688,-2.5933276048993332,-0.970923925184122,1.4242862715811566,3.615157444115987,5.3028883867384815
paper,medium,2011-03-31,2012Q3,7,FFR,1.4918859936004178,0.14333333333333334,1.3485526602670845,-2.695626446172514,-1.0048623067851445,1.5255474782269172,4.0400360174474015,5.70635170829467
paper,medium,2011-03-31,2012Q4,8,FFR,1.6501681503247434,0.16,1.4901681503247435,-2.86234543930282,-1.0142724181633176,1.6364766148738787,4.352701074856166,5.969181748390068
paper,medium,2011-03-31,2011Q1,1,GDP,950.8887447915063,966.5859036314018,-15.697158839895565,949.6239490059754,950.1064818186392,950.8690624356265,951.6527925311417,952.2386710929528
paper,medium,2011-03-31,2011Q2,2,GDP,951.6954778940741,967.261665957135,-15.566188063060963,949.6405600111374,950.4390918374905,951.6980354249627,952.9354649448545,953.8246390428075
paper,medium,2011-03-31,2011Q3,3,GDP,952.5308229539672,967.2228912780705,-14.692068324103275,949.7645561417075,950.7502848927717,952.491727625941,954.2859291389017,955.352028444116
paper,medium,2011-03-31,2011Q4,4,GDP,953.3726983901452,968.3383253013681,-14.965626911222898,949.8041337416432,951.2026982799033,953.3172278429946,955.5849074236087,956.9319612498444
paper,medium,2011-03-31,2012Q1,5,GDP,954.0767772692429,969.1529212860218,-15.076144016778812,949.9552224945481,951.5785653358851,953.9871547364828,956.6465648959096,958.2233003417462
paper,medium,2011-03-31,2012Q2,6,GDP,954.7955477645112,969.6077453782113,-14.812197613700164,950.1278892663842,951.9690090247369,954.7366835202233,957.6579284259898,959.4613463792891
paper,medium,2011-03-31,2012Q3,7,GDP,955.542592509676,969.7824756135876,-14.239883103911666,950.2903993246568,952.4168877004141,955.4561012869228,958.7569837081153,960.991372678611
paper,medium,2011-03-31,2012Q4,8,GDP,956.3107402115107,969.8922534031813,-13.581513191670524,950.5368686968988,952.8782792708782,956.2755553195843,959.7233373203112,962.1472190988487
paper,medium,2011-03-31,2011Q1,1,HOURS,454.3766118564851,456.76655994468166,-2.3899480881965474,453.30343922652554,453.7129567334998,454.3795956946116,455.0158391017131,455.4729314933653
paper,medium,2011-03-31,2011Q2,2,HOURS,454.6348123212576,457.8251096636827,-3.19029734242514,452.5771204699582,453.48886313184255,454.6317571541727,455.7879604062719,456.6372939767582
paper,medium,2011-03-31,2011Q3,3,HOURS,454.89196915176535,458.13691758021395,-3.2449484284485948,452.06910844303627,453.1626205952664,454.8821009685481,456.635569284789,457.80649368774846
paper,medium,2011-03-31,2011Q4,4,HOURS,455.1201694735321,458.99550201816106,-3.875332544628975,451.35026348822964,452.8037659868846,455.12485582674174,457.37117439017874,458.9059626933358
paper,medium,2011-03-31,2012Q1,5,HOURS,455.3336452837422,459.8326823506083,-4.499037066866094,450.76481093657077,452.6210022706769,455.3334377470188,458.11886631369396,459.8452143938678
paper,medium,2011-03-31,2012Q2,6,HOURS,455.53751615783625,460.00571366012684,-4.468197502290593,450.1966767288895,452.4158391376608,455.56565980317055,458.71702240496995,460.7235023313299
paper,medium,2011-03-31,2012Q3,7,HOURS,455.7498042488217,460.5260181938334,-4.776213945011705,449.7819277006136,452.1649953062525,455.76753992702106,459.25233322868786,461.6148542790991
paper,medium,2011-03-31,2012Q4,8,HOURS,455.964645970109,461.10130829713495,-5.136662327025931,449.46257757213965,452.0162510842808,455.99819139122843,459.92000995977173,462.5080437930163
paper,medium,2011-03-31,2011Q1,1,INV,748.3762304764566,771.6122658380344,-23.23603536157782,741.9618133513912,744.4823018126343,748.3331650119273,752.3258983326349,754.805884277837
paper,medium,2011-03-31,2011Q2,2,INV,749.4139663864743,775.6219744335358,-26.208008047061526,739.2506409347229,743.3886801418697,749.3816645177844,755.4749619187725,759.8424492959466
paper,medium,2011-03-31,2011Q3,3,INV,750.7799734137425,775.9522849600758,-25.172311546333276,737.4630504735135,742.4661099657205,750.7237141899627,758.9453425938189,764.3819801164121
paper,medium,2011-03-31,2011Q4,4,INV,752.152697076749,783.3770177522407,-31.224320675491754,735.8054055088201,742.2633826823574,752.0875333168108,762.1445796377494,768.5088938720002
paper,medium,2011-03-31,2012Q1,5,INV,752.8638690927547,785.4442132351122,-32.58034414235749,734.4721121591881,741.9280923651044,752.8915939524449,764.1337170652114,770.819231986007
paper,medium,2011-03-31,2012Q2,6,INV,753.6759693877692,787.7205662515095,-34.04459686374025,732.4430291873499,741.1094048667596,753.9954021498836,766.6127897704303,773.719675363417
paper,medium,2011-03-31,2012Q3,7,INV,754.5755028017361,788.1733240404119,-33.597821238675806,732.3094757815933,740.5844556707455,754.3899666611114,768.3890030425696,777.4711958182133
paper,medium,2011-03-31,2012Q4,8,INV,755.5711046879657,787.2799983894643,-31.708893701498596,731.4125985524049,740.6100756329998,755.320334217954,770.1251271086938,779.3535114753251
paper,medium,2011-03-31,2011Q1,1,WAGE,465.3358161456096,462.24696830661526,3.0888478389943543,464.2416012734102,464.64784155196406,465.32714651903865,466.0373102807737,466.45876632333955
paper,medium,2011-03-31,2011Q2,2,WAGE,465.7986274726379,460.24464800664947,5.553979465988448,464.1569339103502,464.80826665777306,465.82967270749015,466.7903685400543,467.4682550218976
paper,medium,2011-03-31,2011Q3,3,WAGE,466.23035314147245,460.38693402550433,5.843419115968118,464.15130760567075,464.9827967524958,466.2235205672573,467.4720704985496,468.34923046790044
paper,medium,2011-03-31,2011Q4,4,WAGE,466.66036792512836,458.46408947355985,8.196278451568503,464.2587437800735,465.14295369944585,466.64811165710773,468.13944899676613,469.17980144217006
paper,medium,2011-03-31,2012Q1,5,WAGE,467.0744861617321,460.1924925823062,6.8819935794259095,464.2180694243453,465.3648476334607,467.08078436151914,468.79544202020696,469.8477193089745
paper,medium,2011-03-31,2012Q2,6,WAGE,467.52278890698824,460.5460143946219,6.976774512366319,464.29325063623776,465.64611670237935,467.5377280599317,469.3936689073625,470.65001215221696
paper,medium,2011-03-31,2012Q3,7,WAGE,467.93886041166246,460.04490589855556,7.893954513106905,464.38296692075016,465.83642998644785,467.93729481689957,470.1231040805141,471.2959126947924
paper,medium,2011-03-31,2012Q4,8,WAGE,468.3517358391467,461.94181992532924,6.4099159138174855,464.57489453204255,466.0299266161238,468.32662611805927,470.64993935530674,472.0289767481145
paper,medium,2011-06-30,2011Q2,1,CONS,916.3605471302566,929.4669847547688,-13.106437624512182,915.3678544548433,915.7702937773993,916.3621797655419,916.9224353382051,917.387515145915
paper,medium,2011-06-30,2011Q3,2,CONS,917.147095638128,929.7709193408268,-12.623823702698814,915.6129855488265,916.2367127771621,917.1541563908102,918.0828857651355,918.7007325344771
paper,medium,2011-06-30,2011Q4,3,CONS,917.9056567218948,929.9433813298132,-12.037724607918335,915.7608109383988,916.6365114768276,917.9236845818905,919.1620067613737,920.0256735691627
paper,medium,2011-06-30,2012Q1,4,CONS,918.6468052720642,930.6622261336005,-12.015420861536313,915.7726547969456,917.0068058220035,918.6790689755569,920.2918475854912,921.3541150711844
paper,medium,2011-06-30,2012Q2,5,CONS,919.3744890388011,930.8376469452386,-11.46315790643746,916.0332132144888,917.3830435095371,919.4270464345459,921.4038070135339,922.6668282046263
paper,medium,2011-06-30,2012Q3,6,CONS,920.1012851549142,931.0399982629759,-10.938713108061734,916.2677853926243,917.7342398371306,920.1225263353213,922.4468897900728,923.9113496673468
paper,medium,2011-06-30,2012Q4,7,CONS,920.8216811080563,931.437285619049,-10.615604510992739,916.4733719737152,918.1545601624712,920.8140834221426,923.5138104586796,925.258331102239
paper,medium,2011-06-30,2013Q1,8,CONS,921.5763619403883,931.9686225614282,-10.392260621039895,916.8322241077182,918.7349870382927,921.5337081904563,924.5380947024053,926.4639340578111
paper,medium,2011-06-30,2011Q2,1,DEFL,471.98149709576245,458.48552274726825,13.495974348494201,471.5122957660441,471.68988763166146,471.98695113300226,472.2692175981705,472.4526138349412
paper,medium,2011-06-30,2011Q3,2,DEFL,472.37992485306296,459.10205503836494,13.277869814698022,471.5699491379849,471.8890947868931,472.38316152785285,472.86579703033715,473.1990291346453
paper,medium,2011-06-30,2011Q4,3,DEFL,472.78820713843163,459.2226780352162,13.565529103215454,471.6663399205955,472.0823299358087,472.8044816402361,473.4829468625353,473.92498043533755
paper,medium,2011-06-30,2012Q1,4,DEFL,473.2617572188447,459.8276478897225,13.43410932912218,471.71069501588505,472.29981369699755,473.27124120118947,474.2044122333021,474.8687938755795
paper,medium,2011-06-30,2012Q2,5,DEFL,473.7424753855433,460.2296059641123,13.512869421430992,471.64708875740325,472.4623991360181,473.76229865303776,475.00020651948057,475.8444150717653
paper,medium,2011-06-30,2012Q3,6,DEFL,474.256911464197,460.74675450367744,13.510156960519566,471.5820076125465,472.66377500904076,474.24432841049395,475.782225657561,476.9058474175146
paper,medium,2011-06-30,2012Q4,7,DEFL,474.78634343285603,461.25230870332746,13.534034729528571,471.54865744993515,472.90222289017856,474.7831476939323,476.71236953650384,478.09165949057797
paper,medium,2011-06-30,2013Q1,8,DEFL,475.3284132481693,461.651558288791,13.676854959378261,471.58796540156357,473.0634479955781,475.30584823308357,477.59779153306033,479.1687705317011
paper,medium,2011-06-30,2011Q2,1,FFR,0.29713914118897705,0.09333333333333334,0.20380580785564373,-1.0758075981842168,-0.4864174262324135,0.30345804047741903,1.1407420957628978,1.6646752508077676
paper,medium,2011-06-30,2011Q3,2,FFR,0.6040386367217255,0.08333333333333333,0.5207053033883922,-1.5169484942670912,-0.5988516400358075,0.609724366883253,1.824446648007926,2.6507195246738533
paper,medium,2011-06-30,2011Q4,3,FFR,0.9258454885366936,0.07333333333333335,0.8525121552033602,-1.7109894569406934,-0.6191681180815896,0.9096430195652865,2.4991913826866035,3.58254204482231
paper,medium,2011-06-30,2012Q1,4,FFR,1.1099076683219924,0.10333333333333333,1.0065743349886591,-1.9825398872161297,-0.7806955425756283,1.143330104211847,2.9893034636744926,4.258298173170987
paper,medium,2011-06-30,2012Q2,5,FFR,1.2263660710486568,0.15333333333333335,1.0730327377153235,-2.211652659238217,-0.8999486076647868,1.2903747899197677,3.3134623822097606,4.679747781278478
paper,medium,2011-06-30,2012Q3,6,FFR,1.3918807039921612,0.14333333333333334,1.248547370658828,-2.352062944354912,-0.8871524751249661,1.4338426290061999,3.675571110158331,5.125475131307127
paper,medium,2011-06-30,2012Q4,7,FFR,1.5797170783250196,0.16,1.4197170783250197,-2.6463922946727805,-0.9249037230214472,1.6643792282832373,3.9630180241695463,5.670367146030617
paper,medium,2011-06-30,2013Q1,8,FFR,1.7444169400535128,0.14333333333333334,1.6010836067201795,-2.702179150054757,-0.8929724708315538,1.7143095367528034,4.374120165682239,6.088070103056874
paper,medium,2011-06-30,2011Q2,1,GDP,951.4308297007402,967.261665957135,-15.830836256394832,950.1749827358061,950.6475532166094,951.4176460165336,952.2092151375176,952.7207863017506
paper,medium,2011-06-30,2011Q3,2,GDP,952.3332687262877,967.2228912780705,-14.88962255178285,950.2993088550779,951.0796756742676,952.2963926109917,953.6245184182568,954.4116978148571
paper,medium,2011-06-30,2011Q4,3,GDP,953.1979041416462,968.3383253013681,-15.140421159721882,950.3494817720575,951.5101346469689,953.152833993809,954.9865684744345,956.0894093231441
paper,medium,2011-06-30,2012Q1,4,GDP,953.9207101962143,969.1529212860218,-15.232211089807492,950.4731101171618,951.8398776600119,953.8844657935176,956.0702348615921,957.3934711199848
paper,medium,2011-06-30,2012Q2,5,GDP,954.6295700040408,969.6077453782113,-14.978175374170519,950.5426499877407,952.1386931635662,954.590620443282,957.1285641402915,958.7666168240335
paper,medium,2011-06-30,2012Q3,6,GDP,955.3652757963383,969.7824756135876,-14.417199817249298,950.5922120546783,952.5766349008735,955.3308228944736,958.1734135779031,960.1054195218147
paper,medium,2011-06-30,2012Q4,7,GDP,956.1257126174411,969.8922534031813,-13.766540785740176,950.7871979011519,953.0272540050323,956.172548722182,959.2426004805858,961.4238370827128
paper,medium,2011-06-30,2013Q1,8,GDP,956.9128209977293,970.7562992997954,-13.843478302066046,951.167644959098,953.5030685685791,956.8512549238147,960.3428957605117,962.7376896673095
paper,medium,2011-06-30,2011Q2,1,HOURS,454.8258677234392,457.8251096636827,-2.9992419402435075,453.79560074284916,454.1776896735378,454.8069411497422,455.4578296848961,455.94634381448833
paper,medium,2011-06-30,2011Q3,2,HOURS,455.18306018420105,458.13691758021395,-2.953857396012893,453.21162264845594,454.0215436749038,455.2064187240833,456.36070029799384,457.11769276704786
paper,medium,2011-06-30,2011Q4,3,HOURS,455.4975001691983,458.99550201816106,-3.4980018489627582,452.6685086149733,453.79263285417403,455.49446627534144,457.2007205208067,458.3024952339744
paper,medium,2011-06-30,2012Q1,4,HOURS,455.7932969709263,459.8326823506083,-4.039385379682017,452.0070205850332,453.61237961299133,455.8008645373609,457.97402052523455,459.4647925883163
paper,medium,2011-06-30,2012Q2,5,HOURS,456.0345114299829,460.00571366012684,-3.9712022301439447,451.4785330920734,453.37143438730345,456.02993641764806,458.68686792414167,460.555248995409
paper,medium,2011-06-30,2012Q3,6,HOURS,456.2807457541887,460.5260181938334,-4.2452724396447366,450.96274039398156,453.2192432508013,456.34844538880054,459.3854483861444,461.64596691741707
paper,medium,2011-06-30,2012Q4,7,HOURS,456.53880184999656,461.10130829713495,-4.562506447138389,450.3727905261479,453.01062206403554,456.6198965995118,459.9483819304823,462.42234041460483
paper,medium,2011-06-30,2013Q1,8,HOURS,456.8091811230977,461.53185170399064,-4.722670580892952,450.1272160819057,452.86493017440995,456.8088984036425,460.63333162963886,463.42522664160674
paper,medium,2011-06-30,2011Q2,1,INV,751.7901341667006,775.6219744335358,-23.83184026683523,745.4631934681913,747.8016928803862,751.7449956028153,755.8661357586897,758.3886056288632
paper,medium,2011-06-30,2011Q3,2,INV,753.6000345720298,775.9522849600758,-22.352250388045945,743.7814848098238,747.4971865194153,753.3375786771485,759.5401333346829,764.0587409136359
paper,medium,2011-06-30,2011Q4,3,INV,755.2789424820988,783.3770177522407,-28.098075270141862,742.4580562368445,747.3939390560823,755.1308416820284,762.9173655836868,768.5301789870966
paper,medium,2011-06-30,2012Q1,4,INV,756.1738507784427,785.4442132351122,-29.270362456669545,740.0687739235871,746.7334272949962,756.229993790424,765.833083398955,772.2962127084751
paper,medium,2011-06-30,2012Q2,5,INV,756.8820475225748,787.7205662515095,-30.838518728934673,739.1670044600703,746.1542607559345,756.8223330482425,767.8279996606049,775.1049200432439
paper,medium,2011-06-30,2012Q3,6,INV,757.8443218783065,788.1733240404119,-30.32900216210544,738.0382503811409,745.9591971359029,757.6067839930752,770.3440002366129,778.4343649894829
paper,medium,2011-06-30,2012Q4,7,INV,758.899466204721,787.2799983894643,-28.380532184743288,736.6388730095548,745.1704308018448,759.082078646429,772.2984575403652,780.9975227368553
paper,medium,2011-06-30,2013Q1,8,INV,759.9311382435961,790.9407961623422,-31.00965791874603,735.7925332800799,745.5857868586912,760.1670690225735,774.450217850126,784.1033980120561
paper,medium,2011-06-30,2011Q2,1,WAGE,464.0872401591172,460.24464800664947,3.8425921524677165,462.93462060596204,463.39330290560173,464.0828263158106,464.8078478546917,465.2365169522127
paper,medium,2011-06-30,2011Q3,2,WAGE,464.49101279085585,460.38693402550433,4.104078765351517,462.81310028206485,463.4880734166659,464.4877470038569,465.5222366941655,466.205993047082
paper,medium,2011-06-30,2011Q4,3,WAGE,464.867153834063,458.46408947355985,6.403064360503151,462.77135768977,463.6299697205663,464.8609992027265,466.1350608830548,466.95933884710035
paper,medium,2011-06-30,2012Q1,4,WAGE,465.2218859205324,460.1924925823062,5.029393338226157,462.73969027949,463.7290243044459,465.2524496098618,466.7079638790769,467.741019358153
paper,medium,2011-06-30,2012Q2,5,WAGE,465.6224285787567,460.5460143946219,5.076414184134762,462.68039843060114,463.87273210904124,465.6292897104033,467.3705657559669,468.56949593654144
paper,medium,2011-06-30,2012Q3,6,WAGE,466.00312992685616,460.04490589855556,5.958224028300606,462.69768852809904,464.09658265050507,466.0098103405603,468.00810453527583,469.1801324406668
paper,medium,2011-06-30,2012Q4,7,WAGE,466.375620896252,461.94181992532924,4.433800970922732,462.736651977625,464.2014898200749,466.38568304447193,468.5294124385812,469.881711142457
paper,medium,2011-06-30,2013Q1,8,WAGE,466.7616444621261,460.02983377843236,6.731810683693766,462.9777069046131,464.445191210716,466.7698659456544,469.14816016836113,470.57494319206114
paper,medium,2011-09-30,2011Q3,1,CONS,915.4135488053214,929.7709193408268,-14.357370535505424,914.4074469549805,914.8036555174607,915.415482682331,916.0184641297222,916.4466928558305
paper,medium,2011-09-30,2011Q4,2,CONS,916.055162033449,929.9433813298132,-13.888219296364127,914.4548374232285,915.0750919452131,916.0400873996855,917.0534988274167,917.7377708657708
paper,medium,2011-09-30,2012Q1,3,CONS,916.6889542356515,930.6622261336005,-13.973271897948962,914.4893659409641,915.30781347992,916.6826172803394,918.0942430796068,918.9890908402582
paper,medium,2011-09-30,2012Q2,4,CONS,917.2950366736524,930.8376469452386,-13.542610271586227,914.4018931375084,915.5499905332285,917.2854591190178,919.0785927892305,920.1708145831055
paper,medium,2011-09-30,2012Q3,5,CONS,917.9269635031128,931.0399982629759,-13.113034759863126,914.4256013048101,915.8627665143345,917.8988584117294,920.0409945175498,921.4598607004685
paper,medium,2011-09-30,2012Q4,6,CONS,918.5707150541404,931.437285619049,-12.86657056490867,914.4925899148014,916.0923803661397,918.5842905473099,921.057814825576,922.6042130304916
paper,medium,2011-09-30,2013Q1,7,CONS,919.2299284414987,931.9686225614282,-12.738694119929505,914.8032681328924,916.4158271867456,919.2525043699579,922.0018064730267,923.7640817094085
paper,medium,2011-09-30,2013Q2,8,CONS,919.8654453879502,932.1223838026934,-12.256938414743217,914.889607499702,916.6662799376137,919.853624241601,922.976144064269,924.9578245246846
paper,medium,2011-09-30,2011Q3,1,DEFL,473.416065643973,459.10205503836494,14.314010605608075,472.9559949990602,473.13399597795825,473.4159387660104,473.6859064882516,473.86702942922807
paper,medium,2011-09-30,2011Q4,2,DEFL,474.0174827301311,459.2226780352162,14.794804694914944,473.2002737503876,473.5126312882861,474.03160994780046,474.49289480998215,474.80366967648223
paper,medium,2011-09-30,2012Q1,3,DEFL,474.64073603647535,459.8276478897225,14.813088146752818,473.438768679898,473.90659511134754,474.6550515576032,475.35139260147025,475.8143326615061
paper,medium,2011-09-30,2012Q2,4,DEFL,475.2900392513451,460.2296059641123,15.060433287232797,473.63432217621414,474.30187220688055,475.3033627115101,476.2609593026659,476.92495059947714
paper,medium,2011-09-30,2012Q3,5,DEFL,475.93675927339194,460.74675450367744,15.190004769714506,473.775865829134,474.6670988729406,475.9377388952082,477.21733641895645,478.12663253637976
paper,medium,2011-09-30,2012Q4,6,DEFL,476.6103575501946,461.25230870332746,15.35804884686712,473.8938943661433,475.05915869671884,476.59867249580543,478.17423509848527,479.3309998124505
paper,medium,2011-09-30,2013Q1,7,DEFL,477.29546193037163,461.651558288791,15.643903641580607,474.070895819035,475.40986716475203,477.30743660039667,479.2265888290101,480.56928238841584
paper,medium,2011-09-30,2013Q2,8,DEFL,477.99316685862124,461.93491871613605,16.058248142485184,474.2437416347395,475.69004950244664,477.98514301239953,480.2841345368517,481.93292873098005
paper,medium,2011-09-30,2011Q3,1,FFR,0.3873733058561351,0.08333333333333333,0.3040399725228018,-0.9814632967076101,-0.4207182494498244,0.385474135082104,1.2187634085613135,1.757291923656428
paper,medium,2011-09-30,2011Q4,2,FFR,0.7941859132857719,0.07333333333333335,0.7208525799524386,-1.2552235701506853,-0.48852441273366337,0.79393973331071,2.0907483673750566,2.895822035433453
paper,medium,2011-09-30,2012Q1,3,FFR,1.0539153575538733,0.10333333333333333,0.9505820242205401,-1.5831134522922423,-0.5204933910338311,1.0814912286740899,2.5719267839642166,3.6656341853213905
paper,medium,2011-09-30,2012Q2,4,FFR,1.2166611913752188,0.15333333333333335,1.0633278580418855,-1.861453935274619,-0.6473060033315489,1.2686069743454014,3.054803411079458,4.21710451989267
paper,medium,2011-09-30,2012Q3,5,FFR,1.3762128141541359,0.14333333333333334,1.2328794808208026,-2.263671036379413,-0.8776106377870556,1.3656911971868912,3.507765190303734,4.7972311220372665
paper,medium,2011-09-30,2012Q4,6,FFR,1.5635402491904475,0.16,1.4035402491904476,-2.3661052853216367,-0.9133963695913997,1.606279274896832,3.975748470132695,5.4407196368287405
paper,medium,2011-09-30,2013Q1,7,FFR,1.7401061721890865,0.14333333333333334,1.5967728388557532,-2.4483591622771343,-0.8004926793648377,1.754350533195267,4.339423929271106,5.941282223821253
paper,medium,2011-09-30,2013Q2,8,FFR,1.9352284637628276,0.11666666666666665,1.818561797096161,-2.604390759352207,-0.804774071678137,1.8693202324653015,4.784727595251587,6.529481914271935
paper,medium,2011-09-30,2011Q3,1,GDP,950.0321353055202,967.2228912780705,-17.190755972550278,948.7525017914156,949.2120629920653,950.0500186401448,950.8249536473743,951.339970628035
paper,medium,2011-09-30,2011Q4,2,GDP,950.69691113463,968.3383253013681,-17.64141416673806,948.6407938503642,949.4285217944382,950.6882959020106,951.9703796747037,952.8061595767258
paper,medium,2011-09-30,2012Q1,3,GDP,951.3215610021446,969.1529212860218,-17.83136028387719,948.4175809950893,949.5133913546342,951.326984913007,953.1197984495024,954.2714877127705
paper,medium,2011-09-30,2012Q2,4,GDP,951.9088207278268,969.6077453782113,-17.698924650384583,948.2359448482165,949.637279614225,951.9429983590513,954.0626382210696,955.6511252130653
paper,medium,2011-09-30,2012Q3,5,GDP,952.5478924669084,969.7824756135876,-17.234583146679256,948.2540598433874,949.9209131320582,952.5762447338108,955.2546231152468,956.8655624155685
paper,medium,2011-09-30,2012Q4,6,GDP,953.2192691507173,969.8922534031813,-16.672984252463948,948.3028422206958,950.1415159263072,953.2587561424295,956.2481443252616,958.1083717771297
paper,medium,2011-09-30,2013Q1,7,GDP,953.8863353501899,970.7562992997954,-16.86996394960545,948.3990233224342,950.4317320039537,953.945916764443,957.1879284388327,959.3143768221869
paper,medium,2011-09-30,2013Q2,8,GDP,954.5535409860275,970.8955874685364,-16.342046482508863,948.5059624974502,950.7832030613071,954.6392819067041,958.1786791414145,960.5576565935673
paper,medium,2011-09-30,2011Q3,1,HOURS,455.19641569158017,458.13691758021395,-2.9405018886337757,454.0986186697772,454.5507062156303,455.19518650944707,455.8531764342686,456.2792132498954
paper,medium,2011-09-30,2011Q4,2,HOURS,455.39212256604185,458.99550201816106,-3.6033794521192135,453.36282617752977,454.2070039613444,455.4604130905953,456.59918527468255,457.2778992484113
paper,medium,2011-09-30,2012Q1,3,HOURS,455.57800296537454,459.8326823506083,-4.254679385233771,452.6882402101369,453.8079502507007,455.6476689580548,457.327141558842,458.4247323040784
paper,medium,2011-09-30,2012Q2,4,HOURS,455.7368091504596,460.00571366012684,-4.268904509667266,451.8505798868,453.43608360811777,455.76037163933444,458.0388356666548,459.52155437355776
paper,medium,2011-09-30,2012Q3,5,HOURS,455.91498254961914,460.5260181938334,-4.611035644214269,451.37981935927246,453.0978162825425,455.9686024697968,458.65328543343617,460.47982762008314
paper,medium,2011-09-30,2012Q4,6,HOURS,456.10996100823473,461.10130829713495,-4.991347288900215,450.74850311435273,452.831921116739,456.2112323434542,459.3233909946426,461.23669497720044
paper,medium,2011-09-30,2013Q1,7,HOURS,456.3228699857651,461.53185170399064,-5.208981718225516,450.28464405540666,452.6159727493102,456.3965586010989,459.8592763222484,462.1177010586088
paper,medium,2011-09-30,2013Q2,8,HOURS,456.5085796456405,461.94181992532924,-5.433240279688732,449.72206418932785,452.49595524423677,456.5870511903431,460.3182771176155,463.05166248382403
paper,medium,2011-09-30,2011Q3,1,INV,749.1578016369813,775.9522849600758,-26.794483323094482,742.7975324931883,745.3295482839789,748.9578187103135,753.0147997936491,755.6817898709712
paper,medium,2011-09-30,2011Q4,2,INV,750.162064233614,783.3770177522407,-33.21495351862666,740.2201235552841,744.308330886911,750.0688351706727,756.2720512392586,760.0424239689128
paper,medium,2011-09-30,2012Q1,3,INV,750.8885984625578,785.4442132351122,-34.55561477255446,737.4991771207335,742.9073600692828,750.9195503502883,758.872961456721,764.9903138559936
paper,medium,2011-09-30,2012Q2,4,INV,751.3490093325183,787.7205662515095,-36.37155691899113,734.6661968782025,741.329097111135,751.2095860079061,761.6336590203913,767.4492423652018
paper,medium,2011-09-30,2012Q3,5,INV,752.0467140523641,788.1733240404119,-36.12660998804779,733.4021238937569,740.8619889697742,751.9521303587247,763.7698859486175,769.8665089045575
paper,medium,2011-09-30,2012Q4,6,INV,752.9244586138536,787.2799983894643,-34.35553977561062,731.551190449005,740.1060135177743,753.0985970888062,765.620632885353,773.9137168598501
paper,medium,2011-09-30,2013Q1,7,INV,753.6860490136746,790.9407961623422,-37.25474714866755,730.1006529532954,739.6213806927237,753.9220172710832,767.9817758306261,776.092448980855
paper,medium,2011-09-30,2013Q2,8,INV,754.6150945117763,792.0532589341361,-37.43816442235982,729.1704117503127,739.7126238231016,754.8723789879009,769.4574323418425,779.4152829963276
paper,medium,2011-09-30,2011Q3,1,WAGE,463.9706411730825,460.38693402550433,3.5837071475781954,462.79170951293077,463.2964358928325,463.9841025115541,464.6583689465114,465.10399682125393
paper,medium,2011-09-30,2011Q4,2,WAGE,464.341529734699,458.46408947355985,5.8774402611391565,462.5141536925574,463.3252725467701,464.36576566382496,465.3745113251047,466.0859137645351
paper,medium,2011-09-30,2012Q1,3,WAGE,464.6535185455201,460.1924925823062,4.461025963213899,462.46464728404317,463.3831092826545,464.67866148601115,465.9651030979498,466.76515401509926
paper,medium,2011-09-30,2012Q2,4,WAGE,465.00145540159224,460.5460143946219,4.455441006970318,462.399997112523,463.4863041424943,465.0166827420765,466.5208984575699,467.49817283582684
paper,medium,2011-09-30,2012Q3,5,WAGE,465.3366346879301,460.04490589855556,5.291728789374531,462.2837722558385,463.624547679649,465.3773243810426,467.06460788965273,468.1617859837743
paper,medium,2011-09-30,2012Q4,6,WAGE,465.65409972940176,461.94181992532924,3.712279804072523,462.3323714776651,463.7375435570546,465.6969174531005,467.5734897400399,468.82101552302817
paper,medium,2011-09-30,2013Q1,7,WAGE,465.98490883762855,460.02983377843236,5.95507505919619,462.4822567497902,463.8891318995324,466.01788389922444,468.05577203535375,469.47780062412875
paper,medium,2011-09-30,2013Q2,8,WAGE,466.3184668109348,460.8375044937003,5.480962317234514,462.4745303309204,464.0303991747204,466.35605573583535,468.5875981089056,470.03287655753815
paper,medium,2011-12-31,2011Q4,1,CONS,915.7430470656994,929.9433813298132,-14.200334264113735,914.7088176860732,915.114949359725,915.7417440456378,916.370316236539,916.7862177480233
paper,medium,2011-12-31,2012Q1,2,CONS,916.3044551262865,930.6622261336005,-14.357771007314,914.7202068683528,915.3414836025208,916.2864543165812,917.3043330037689,917.9394764272986
paper,medium,2011-12-31,2012Q2,3,CONS,916.8916288783926,930.8376469452386,-13.946018066846023,914.6445742705337,915.5684527728282,916.902278199808,918.2292687432324,919.1233992582829
paper,medium,2011-12-31,2012Q3,4,CONS,917.5155231328167,931.0399982629759,-13.524475130159203,914.6299436407802,915.8002449863071,917.4949794275074,919.2888690432592,920.3841968271921
paper,medium,2011-12-31,2012Q4,5,CONS,918.1513369143496,931.437285619049,-13.285948704699422,914.6477291409933,916.138501122278,918.1568789169537,920.2386476676527,921.4183525719355
paper,medium,2011-12-31,2013Q1,6,CONS,918.7850804236411,931.9686225614282,-13.183542137787072,914.6998519157025,916.3990036110865,918.7585525801967,921.1602264476809,922.6959075420178
paper,medium,2011-12-31,2013Q2,7,CONS,919.4346203125185,932.1223838026934,-12.687763490174916,914.7060200076165,916.8189325028469,919.490802845921,922.0899664082639,923.8551990609354
paper,medium,2011-12-31,2013Q3,8,CONS,920.0928750525472,932.4955461653029,-12.402671112755684,914.795268492706,917.2488054406003,920.1497883968955,922.9878887716078,924.8406332496833
paper,medium,2011-12-31,2011Q4,1,DEFL,474.08006260508284,459.2226780352162,14.857384569866667,473.5970502401488,473.7988610131325,474.08486490707924,474.3560822284113,474.5407710635887
paper,medium,2011-12-31,2012Q1,2,DEFL,474.70262799711537,459.8276478897225,14.874980107392844,473.8852376657664,474.1996344788208,474.7086799852425,475.1929384198935,475.51074281634317
paper,medium,2011-12-31,2012Q2,3,DEFL,475.33774922172125,460.2296059641123,15.108143257608958,474.1132218360339,474.57396308028103,475.3306667400353,476.0795379538328,476.5843041906089
paper,medium,2011-12-31,2012Q3,4,DEFL,475.99175887829296,460.74675450367744,15.245004374615519,474.3338013014781,474.97424686697417,475.9770712163639,477.03308935437144,477.7433573801021
paper,medium,2011-12-31,2012Q4,5,DEFL,476.6623691741766,461.25230870332746,15.410060470849146,474.4827735675884,475.3397556619993,476.6729982037379,478.0097316615423,478.91528445136436
paper,medium,2011-12-31,2013Q1,6,DEFL,477.34511049579635,461.651558288791,15.693552207005325,474.6010442798128,475.6831744562265,477.3386485133826,479.0419640293587,480.2415918360055
paper,medium,2011-12-31,2013Q2,7,DEFL,478.0402850827411,461.93491871613605,16.10536636660504,474.68879933700606,476.0047109588336,478.02843480306467,480.0797456593262,481.5109218264353
paper,medium,2011-12-31,2013Q3,8,DEFL,478.7542906390482,462.40508197513793,16.349208663910247,474.80853038866496,476.3079264115625,478.7542303564587,481.17518332753224,482.85850147317484
paper,medium,2011-12-31,2011Q4,1,FFR,0.37044794018030996,0.07333333333333335,0.2971146068469766,-0.9882010294851234,-0.4420180213073804,0.3662402152814179,1.2135712383319617,1.762054719910161
paper,medium,2011-12-31,2012Q1,2,FFR,0.6075287826661265,0.10333333333333333,0.5041954493327931,-1.5227071060296182,-0.6762788398245212,0.5987828156570318,1.8758977448242145,2.8090210691376147
paper,medium,2011-12-31,2012Q2,3,FFR,0.8182737656437471,0.15333333333333335,0.6649404323104138,-1.8150030040752008,-0.8088570029469446,0.8137832233677104,2.3917489714359594,3.508803447750492
paper,medium,2011-12-31,2012Q3,4,FFR,1.0149842470427266,0.14333333333333334,0.8716509137093933,-2.1660365388844314,-0.93761428197369,1.001006574366095,2.9814792979797446,4.152114958605803
paper,medium,2011-12-31,2012Q4,5,FFR,1.2481023798385928,0.16,1.088102379838593,-2.211883316462613,-0.8826951796352204,1.2835610674584224,3.4408208283107835,4.75216435012427
paper,medium,2011-12-31,2013Q1,6,FFR,1.4340312536843318,0.14333333333333334,1.2906979203509985,-2.371430484745495,-0.922839762819174,1.4519621152800362,3.7651828095541298,5.302881070801113
paper,medium,2011-12-31,2013Q2,7,FFR,1.6526995177523427,0.11666666666666665,1.536032851085676,-2.4893991377697837,-0.8712773311308516,1.692344090668201,4.1241444143916635,5.836548341969323
paper,medium,2011-12-31,2013Q3,8,FFR,1.81985095471955,0.08333333333333333,1.7365176213862168,-2.6279585572752455,-0.8592824531573139,1.8460148880336624,4.530619465458509,6.318753090953674
paper,medium,2011-12-31,2011Q4,1,GDP,950.3827419985867,968.3383253013681,-17.955583302781406,949.1139106180236,949.5760232354536,950.3863970195366,951.19365970893,951.6766306186746
paper,medium,2011-12-31,2012Q1,2,GDP,950.9683642691216,969.1529212860218,-18.184557016900158,948.8746453078395,949.7415457840337,950.9295033142923,952.2203474837645,953.0979458842571
paper,medium,2011-12-31,2012Q2,3,GDP,951.5718620873522,969.6077453782113,-18.035883290859147,948.6776381554369,949.7986494096768,951.5671812845474,953.322908175712,954.4677589682487
paper,medium,2011-12-31,2012Q3,4,GDP,952.1878998998735,969.7824756135876,-17.594575713714107,948.6959836952069,950.0128627217407,952.2526295242158,954.2887295949884,955.7397838068696
paper,medium,2011-12-31,2012Q4,5,GDP,952.8415496667157,969.8922534031813,-17.050703736465607,948.6331748013865,950.3067792326015,952.980716372268,955.3135082118232,957.0263804631063
paper,medium,2011-12-31,2013Q1,6,GDP,953.4937719034533,970.7562992997954,-17.26252739634208,948.5535585192216,950.6083469093286,953.5735513549105,956.2599255989418,958.1225688186811
paper,medium,2011-12-31,2013Q2,7,GDP,954.1714628212537,970.8955874685364,-16.72412464728268,948.653692684247,950.9672630821359,954.2874369729931,957.367218657403,959.2775220026681
paper,medium,2011-12-31,2013Q3,8,GDP,954.8468669659514,971.6841237441809,-16.837256778229403,948.7683761666867,951.4234031240884,954.9579385874113,958.2420718696909,960.4732585436886
paper,medium,2011-12-31,2011Q4,1,HOURS,455.3333124690366,458.99550201816106,-3.6621895491244345,454.2494318723634,454.69121056325145,455.34583082074175,455.97089231455385,456.34892588952613
paper,medium,2011-12-31,2012Q1,2,HOURS,455.5186639162117,459.8326823506083,-4.314018434396587,453.53649798526357,454.31993301270825,455.52692382541306,456.70857635693363,457.4598831417693
paper,medium,2011-12-31,2012Q2,3,HOURS,455.70284921044833,460.00571366012684,-4.302864449678509,452.77858267059224,453.96200686774444,455.67877027080476,457.429036159528,458.51336094307396
paper,medium,2011-12-31,2012Q3,4,HOURS,455.8738852256499,460.5260181938334,-4.652132968183537,452.0233289239552,453.5750191430374,455.8933639815152,458.0819302430492,459.61003845159365
paper,medium,2011-12-31,2012Q4,5,HOURS,456.07489767766486,461.10130829713495,-5.026410619470084,451.4929459775698,453.39173524127455,456.09066945688744,458.7657938009631,460.59839522498095
paper,medium,2011-12-31,2013Q1,6,HOURS,456.28324319440577,461.53185170399064,-5.248608509584869,450.9650815892093,453.14394313501367,456.3094363268955,459.41800224560285,461.6088514115085
paper,medium,2011-12-31,2013Q2,7,HOURS,456.5121079838947,461.94181992532924,-5.429711941434562,450.6388773614463,453.0271018593184,456.5427930527824,459.9827883813201,462.39663334390883
paper,medium,2011-12-31,2013Q3,8,HOURS,456.71510846630906,462.46198098094044,-5.746872514631377,450.17034181454204,452.8385038854857,456.81491602330993,460.5650631503933,463.14011208816686
paper,medium,2011-12-31,2011Q4,1,INV,749.7153238508479,783.3770177522407,-33.66169390139282,743.4851775030581,745.8061897698273,749.648824707748,753.6268022358005,755.9705893521044
paper,medium,2011-12-31,2012Q1,2,INV,750.6797559672863,785.4442132351122,-34.76445726782595,740.281717898653,744.6472151822219,750.4704100844717,756.930807837936,760.8106936172361
paper,medium,2011-12-31,2012Q2,3,INV,751.4950154190967,787.7205662515095,-36.22555083241275,737.807830105056,743.1448530888581,751.5491573302402,759.8361231425986,764.5831536046707
paper,medium,2011-12-31,2012Q3,4,INV,752.1057136848373,788.1733240404119,-36.06761035557463,735.5081700991417,742.6407250970602,752.2964899847874,761.5647599986443,767.3210309981204
paper,medium,2011-12-31,2012Q4,5,INV,752.9179395151117,787.2799983894643,-34.362058874352556,734.6996550278346,741.9594263824156,753.0274645811669,763.6143122682284,770.6231617786724
paper,medium,2011-12-31,2013Q1,6,INV,753.8109195740349,790.9407961623422,-37.1298765883073,733.1954923074136,741.6881158794766,754.0972561097385,765.5690276380291,773.3890315647296
paper,medium,2011-12-31,2013Q2,7,INV,754.6461097857942,792.0532589341361,-37.40714914834189,732.02129138669,741.4190346327158,754.8688084529942,767.9961186849205,776.7136281560478
paper,medium,2011-12-31,2013Q3,8,INV,755.4846690712208,795.8489837086637,-40.36431463744293,730.5524265655052,741.9203958037905,755.5639515366058,769.8875983157279,779.1111044974699
paper,medium,2011-12-31,2011Q4,1,WAGE,462.4372505721933,458.46408947355985,3.9731610986334545,461.2868843696516,461.76971894848805,462.41691384544316,463.1517863992787,463.57563654968527
paper,medium,2011-12-31,2012Q1,2,WAGE,462.68482155703595,460.1924925823062,2.4923289747297304,460.9297535094253,461.61317334157906,462.6805393017825,463.74522327806164,464.4203869984838
paper,medium,2011-12-31,2012Q2,3,WAGE,462.94023802066357,460.5460143946219,2.3942236260416507,460.77238320015425,461.6165943693643,462.9852873541812,464.25735801451236,465.1105300726163
paper,medium,2011-12-31,2012Q3,4,WAGE,463.2356437253447,460.04490589855556,3.1907378267891318,460.56103340526226,461.59918327424975,463.2979769579255,464.8366468484555,465.74788950696654
paper,medium,2011-12-31,2012Q4,5,WAGE,463.5358966020531,461.94181992532924,1.594076676723887,460.42452441557174,461.7678126371872,463.59179895837207,465.2794157228346,466.42660797167014
paper,medium,2011-12-31,2013Q1,6,WAGE,463.836440167709,460.02983377843236,3.8066063892766238,460.47471050982915,461.8382755293073,463.8921129319652,465.8141616714501,467.1134879387427
paper,medium,2011-12-31,2013Q2,7,WAGE,464.1260452873627,460.8375044937003,3.288540793662378,460.3923444643127,461.9121780375466,464.15969072848446,466.3775437538822,467.71636692835
paper,medium,2011-12-31,2013Q3,8,WAGE,464.44537833333015,460.07403889087055,4.3713394424596,460.32271192349356,462.0172503431299,464.53254047745156,466.8543605389385,468.26686105979553
paper,medium,2012-03-31,2012Q1,1,CONS,916.4814728717014,930.6622261336005,-14.180753261899099,915.5057569675756,915.8864765524953,916.4741308055866,917.1058649063897,917.4915872749209
paper,medium,2012-03-31,2012Q2,2,CONS,917.1907840067727,930.8376469452386,-13.646862938465915,915.6724019111563,916.2061906244954,917.163087468202,918.1770915297358,918.8367426624283
paper,medium,2012-03-31,2012Q3,3,CONS,917.8881033342141,931.0399982629759,-13.151894928761863,915.7511615372476,916.5623034773488,917.9047990769834,919.2161198606931,920.0490772747669
paper,medium,2012-03-31,2012Q4,4,CONS,918.5734601877393,931.437285619049,-12.863825431309692,915.7356814728411,916.8265219477553,918.5899964674711,920.2646258779216,921.3596196295695
paper,medium,2012-03-31,2013Q1,5,CONS,919.2510197826375,931.9686225614282,-12.717602778790706,915.813797689338,917.1718118430538,919.2943671012279,921.2579834183668,922.7458742522093
paper,medium,2012-03-31,2013Q2,6,CONS,919.9219709022419,932.1223838026934,-12.20041290045151,915.8983248868044,917.5355506238108,919.9446928937759,922.343323344252,923.9452666191258
paper,medium,2012-03-31,2013Q3,7,CONS,920.6035035171836,932.4955461653029,-11.892042648119286,915.9032160493291,917.9434447512374,920.7022186436423,923.2666855894198,925.1547894307964
paper,medium,2012-03-31,2013Q4,8,CONS,921.2539158247366,933.2938463290335,-12.039930504296876,916.0372075545598,918.2764674335957,921.3249908647595,924.2715910856426,926.1815629097964
paper,medium,2012-03-31,2012Q1,1,DEFL,474.1491525492027,459.8276478897225,14.321504659480183,473.67706172284375,473.87027279878214,474.1601098679314,474.4208765632959,474.61002680948786
paper,medium,2012-03-31,2012Q2,2,DEFL,474.60903365785913,460.2296059641123,14.379427693746834,473.7855044953492,474.1291608898043,474.6169182929252,475.10045229656765,475.41897548389323
paper,medium,2012-03-31,2012Q3,3,DEFL,475.08351090319553,460.74675450367744,14.336756399518094,473.86796008324865,474.3204845816007,475.0943257801248,475.82113956981226,476.305255048498
paper,medium,2012-03-31,2012Q4,4,DEFL,475.57338727219803,461.25230870332746,14.321078568870576,473.91226968806996,474.5486100543162,475.59269258242045,476.57483626602783,477.25319764347006
paper,medium,2012-03-31,2013Q1,5,DEFL,476.10045682605363,461.651558288791,14.448898537262608,473.889477967744,474.72785997120155,476.10804184962103,477.41318618802933,478.2742641857796
paper,medium,2012-03-31,2013Q2,6,DEFL,476.64004563569466,461.93491871613605,14.705126919558609,473.92800934386247,475.0322973724122,476.6289196302032,478.2949160366776,479.35552977608864
paper,medium,2012-03-31,2013Q3,7,DEFL,477.21136224816604,462.40508197513793,14.806280273028108,473.91215668446404,475.1928919103625,477.23394192145014,479.1839138617423,480.527901216347
paper,medium,2012-03-31,2013Q4,8,DEFL,477.7923537558933,463.00091293350107,14.791440822392246,473.8341395210941,475.4367552206537,477.8189808682514,480.0796321560824,481.679389680026
paper,medium,2012-03-31,2012Q1,1,FFR,0.3610116286063732,0.10333333333333333,0.25767829527303987,-0.9711994982406684,-0.4614086066632414,0.38202194942454404,1.1754786896488372,1.6643308809066475
paper,medium,2012-03-31,2012Q2,2,FFR,0.6341588199239627,0.15333333333333335,0.4808254865906294,-1.4029630413884935,-0.5606704925278914,0.6212316003190934,1.8469047125752758,2.6182772640168563
paper,medium,2012-03-31,2012Q3,3,FFR,0.8408786030530633,0.14333333333333334,0.69754526971973,-1.665675074365653,-0.6740830337994861,0.8384943918120966,2.396686913227569,3.313084736828913
paper,medium,2012-03-31,2012Q4,4,FFR,1.0475794979649726,0.16,0.8875794979649726,-1.979453249498077,-0.7792642242521619,1.0645391822208887,2.8412433240295454,4.0027459499328435
paper,medium,2012-03-31,2013Q1,5,FFR,1.2576825176783957,0.14333333333333334,1.1143491843450624,-2.171247478484981,-0.8297785329098393,1.2653622691101403,3.344138008298225,4.648114869764795
paper,medium,2012-03-31,2013Q2,6,FFR,1.4538124540110762,0.11666666666666665,1.3371457873444095,-2.2769348857308356,-0.7893018121165754,1.4468342400994514,3.753942536517171,5.13567256739941
paper,medium,2012-03-31,2013Q3,7,FFR,1.6293467735908957,0.08333333333333333,1.5460134402575625,-2.448812431233439,-0.7452709677270447,1.6369929030987302,4.038800354644137,5.635479456561699
paper,medium,2012-03-31,2013Q4,8,FFR,1.7949427970617384,0.08666666666666667,1.7082761303950718,-2.634002415049551,-0.6426162244991067,1.8310064230343253,4.347251167004579,6.041678788399606
paper,medium,2012-03-31,2012Q1,1,GDP,951.1429145232637,969.1529212860218,-18.010006762758053,949.8375566083604,950.358793214913,951.1337376533356,951.9138680667204,952.4325918438785
paper,medium,2012-03-31,2012Q2,2,GDP,951.8107608161184,969.6077453782113,-17.796984562092916,949.6602577955388,950.547940576256,951.754421548151,953.0928605945008,954.0061294417179
paper,medium,2012-03-31,2012Q3,3,GDP,952.5005855089545,969.7824756135876,-17.281890104633135,949.5988626938272,950.7732730559975,952.5529595188084,954.232395174639,955.3851266323161
paper,medium,2012-03-31,2012Q4,4,GDP,953.2011076369662,969.8922534031813,-16.691145766215072,949.6382897326566,951.101094254895,953.249236967004,955.3576620185441,956.7433278830232
paper,medium,2012-03-31,2013Q1,5,GDP,953.9047315540942,970.7562992997954,-16.85156774570123,949.6381254556288,951.3437880080064,953.9999160262254,956.4607071465307,957.9310293081433
paper,medium,2012-03-31,2013Q2,6,GDP,954.5987512674781,970.8955874685364,-16.29683620105834,949.6713505525692,951.6583832490576,954.6342003690522,957.5391942582779,959.2921360531409
paper,medium,2012-03-31,2013Q3,7,GDP,955.2616043200959,971.6841237441809,-16.422519424084953,949.6818923829904,952.0450810825402,955.3119971320866,958.5198390693978,960.6056721567342
paper,medium,2012-03-31,2013Q4,8,GDP,955.9529276637462,972.3927778506837,-16.43985018693752,949.9182805629027,952.4672595382211,956.0171495345139,959.644337931019,961.8292059848985
paper,medium,2012-03-31,2012Q1,1,HOURS,456.571180149276,459.8326823506083,-3.2615022013322914,455.5106775027055,455.94294124954996,456.56677320523545,457.2023759380041,457.5918112081839
paper,medium,2012-03-31,2012Q2,2,HOURS,456.87897461396716,460.00571366012684,-3.1267390461596847,454.9066790635899,455.6774559589806,456.8888036493764,458.03447099983333,458.80826604404905
paper,medium,2012-03-31,2012Q3,3,HOURS,457.15658789250574,460.5260181938334,-3.369430301327668,454.325456525213,455.39468828545637,457.1792981234778,458.8732075648746,459.99330365824403
paper,medium,2012-03-31,2012Q4,4,HOURS,457.40538058570667,461.10130829713495,-3.6959277114282827,453.80048364765173,455.08467144362993,457.43950968250795,459.67468757909387,461.0758104045821
paper,medium,2012-03-31,2013Q1,5,HOURS,457.66563591885284,461.53185170399064,-3.866215785137797,453.21674771807955,454.9274768576049,457.7140697474811,460.4487569011274,462.04088967647436
paper,medium,2012-03-31,2013Q2,6,HOURS,457.9168199061424,461.94181992532924,-4.025000019186848,452.63023042559036,454.66638882692723,457.96841749201997,461.1386336968714,463.1202470733645
paper,medium,2012-03-31,2013Q3,7,HOURS,458.13547886555193,462.46198098094044,-4.326502115388507,452.10030886512874,454.5155169274226,458.15417694702023,461.7737351504688,464.0186526045859
paper,medium,2012-03-31,2013Q4,8,HOURS,458.3603610119652,462.7313209673723,-4.370959955407102,451.6619162978077,454.42366435140747,458.3983786807305,462.3604289089457,465.0100331317769
paper,medium,2012-03-31,2012Q1,1,INV,754.0803701200084,785.4442132351122,-31.363843115103805,747.6856338201201,750.2391377893836,754.0724364216946,757.9591401886455,760.6381331963505
paper,medium,2012-03-31,2012Q2,2,INV,755.0598415581256,787.7205662515095,-32.66072469338383,744.7504289557959,748.6588278811756,755.1742725736306,761.3191210845282,765.2341743408988
paper,medium,2012-03-31,2012Q3,3,INV,755.9704309822221,788.1733240404119,-32.20289305818983,742.641018212889,747.918021900565,755.8652303361242,764.314820146371,769.6116635442016
paper,medium,2012-03-31,2012Q4,4,INV,756.791460459632,787.2799983894643,-30.488537929832205,740.5902187575111,746.891171489035,756.8734985469832,766.6821391115955,772.8258890584892
paper,medium,2012-03-31,2013Q1,5,INV,757.7750621039526,790.9407961623422,-33.1657340583896,738.5908090440876,746.1136272019058,758.4280468974457,769.158695019543,775.6032040259245
paper,medium,2012-03-31,2013Q2,6,INV,758.7230135534975,792.0532589341361,-33.330245380638644,737.2267993316519,745.6279689751068,759.3719894386672,771.3461985389546,779.0172880714113
paper,medium,2012-03-31,2013Q3,7,INV,759.4216531689718,795.8489837086637,-36.427330539691866,735.9275951177591,745.053668295741,759.9086863816294,773.2363473215622,781.4793989754702
paper,medium,2012-03-31,2013Q4,8,INV,760.4272140519056,796.2111558645706,-35.783941812665034,734.5262584343468,745.0007530180571,760.9748984005845,775.3912399453849,784.206211554329
paper,medium,2012-03-31,2012Q1,1,WAGE,464.1851214086457,460.1924925823062,3.992628826339512,463.00006741592085,463.49229081076487,464.1947868655734,464.9076551811456,465.3393504354002
paper,medium,2012-03-31,2012Q2,2,WAGE,464.54233982712293,460.5460143946219,3.99632543250101,462.87553298904123,463.51468109572124,464.5312393430228,465.5680797742589,466.26059161257
paper,medium,2012-03-31,2012Q3,3,WAGE,464.9274928526671,460.04490589855556,4.882586954111559,462.719929647653,463.6673416090926,464.93109464359344,466.1711125292891,467.0264611878618
paper,medium,2012-03-31,2012Q4,4,WAGE,465.26318681832157,461.94181992532924,3.32136689299233,462.753558442274,463.82213616674204,465.2348045110739,466.7810798483594,467.7560727360031
paper,medium,2012-03-31,2013Q1,5,WAGE,465.6212848429892,460.02983377843236,5.59145106455685,462.7412588743674,463.90041807889963,465.61024878247656,467.36206834629627,468.45396966947015
paper,medium,2012-03-31,2013Q2,6,WAGE,465.9636636728786,460.8375044937003,5.12615917917833,462.8300763425489,464.0300374333374,465.94960674588987,467.85280370973226,469.2130634053948
paper,medium,2012-03-31,2013Q3,7,WAGE,466.31708348087943,460.07403889087055,6.2430445900088785,462.86239604710084,464.2717855391619,466.32182141090516,468.44430977167315,469.7938426056702
paper,medium,2012-03-31,2013Q4,8,WAGE,466.6649592732733,460.4549993708612,6.209959902412152,462.94601627565453,464.37429973796065,466.68016034612816,468.9221718559788,470.40662749157195
paper,medium,2012-06-30,2012Q2,1,CONS,917.0369889183352,930.8376469452386,-13.80065802690342,916.0224349880992,916.4310260439871,917.0230450978321,917.6505395721274,918.0475688643149
paper,medium,2012-06-30,2012Q3,2,CONS,917.7619965675442,931.0399982629759,-13.278001695431726,916.1710071502198,916.8173636563183,917.7573772894496,918.7494704724317,919.353159557033
paper,medium,2012-06-30,2012Q4,3,CONS,918.4409718893293,931.437285619049,-12.996313729719759,916.2085887043236,917.1437210750696,918.4507596567659,919.7205793779568,920.6378981839601
paper,medium,2012-06-30,2013Q1,4,CONS,919.1019400904526,931.9686225614282,-12.866682470975661,916.277765948657,917.4189012825473,919.0975872211286,920.7434916881766,921.8939744410777
paper,medium,2012-06-30,2013Q2,5,CONS,919.7555292317712,932.1223838026934,-12.366854570922214,916.306394456154,917.6972313134473,919.797830482506,921.7761358289507,922.9774877795701
paper,medium,2012-06-30,2013Q3,6,CONS,920.4079286503696,932.4955461653029,-12.0876175149333,916.4821002574428,917.9997386127758,920.4379292300837,922.8279415238551,924.1748688197129
paper,medium,2012-06-30,2013Q4,7,CONS,921.0749290160068,933.2938463290335,-12.218917313026736,916.6743358518571,918.4137003249416,921.0833046314001,923.775923091224,925.3238444584672
paper,medium,2012-06-30,2014Q1,8,CONS,921.76412500963,933.6764719277527,-11.912346918122694,916.7300073874702,918.7767437718275,921.7670632658185,924.7034618035403,926.5898110451876
paper,medium,2012-06-30,2012Q2,1,DEFL,474.6439402907465,460.2296059641123,14.414334326634219,474.1816163782019,474.3662918656789,474.6551487475598,474.92153820764395,475.1033582788668
paper,medium,2012-06-30,2012Q3,2,DEFL,475.09554945442403,460.74675450367744,14.348794950746594,474.29766822222354,474.6315335750436,475.0929764639112,475.5752583615616,475.87820584487844
paper,medium,2012-06-30,2012Q4,3,DEFL,475.5586650110199,461.25230870332746,14.306356307692454,474.35628822458995,474.8369167601012,475.572192224264,476.2835404971899,476.73982657808915
paper,medium,2012-06-30,2013Q1,4,DEFL,476.0782192322333,461.651558288791,14.4266609434423,474.4756709372227,475.1193109998376,476.07433101948567,477.05520461341064,477.69750298246726
paper,medium,2012-06-30,2013Q2,5,DEFL,476.6130943124182,461.93491871613605,14.67817559628213,474.56430108048966,475.36138571946833,476.6132956385959,477.87416835542194,478.7489755946992
paper,medium,2012-06-30,2013Q3,6,DEFL,477.17058330118533,462.40508197513793,14.7655013260474,474.54232392198605,475.5547830037093,477.17782350097343,478.7388293563817,479.7983524495989
paper,medium,2012-06-30,2013Q4,7,DEFL,477.7384814933483,463.00091293350107,14.737568559847205,474.63282821204086,475.8178929455448,477.77913151978294,479.65606238620256,480.91634891347024
paper,medium,2012-06-30,2014Q1,8,DEFL,478.32608128118534,463.41657228293434,14.909508998250999,474.57143210562026,476.0419792910775,478.33779840731626,480.64079430506473,482.01067910407505
paper,medium,2012-06-30,2012Q2,1,FFR,0.38631228202085827,0.15333333333333335,0.23297894868752492,-0.9867760457249471,-0.4111465544176152,0.3734696419928374,1.2077809352312243,1.7400252043425402
paper,medium,2012-06-30,2012Q3,2,FFR,0.6817132888565068,0.14333333333333334,0.5383799555231735,-1.4067793023709727,-0.5369577410771924,0.68653233243147,1.9207323023858887,2.741148350587779
paper,medium,2012-06-30,2012Q4,3,FFR,0.9592090155175567,0.16,0.7992090155175566,-1.7207850347275127,-0.639766559165908,0.9867216811263535,2.5446654307649252,3.7035443726567676
paper,medium,2012-06-30,2013Q1,4,FFR,1.1737136425054027,0.14333333333333334,1.0303803091720694,-1.9379676758003448,-0.746953007160245,1.1620922044315314,3.1040465465446587,4.337872416608514
paper,medium,2012-06-30,2013Q2,5,FFR,1.3658066307406989,0.11666666666666665,1.2491399640740322,-2.2047552465623736,-0.7118386924666386,1.3774626997681056,3.460800381119842,4.9204716740305035
paper,medium,2012-06-30,2013Q3,6,FFR,1.5223958991480888,0.08333333333333333,1.4390625658147556,-2.3856781570617396,-0.7870171568874369,1.4949115043437726,3.823340022573277,5.4423876894004435
paper,medium,2012-06-30,2013Q4,7,FFR,1.6750330135556357,0.08666666666666667,1.588366346888969,-2.628086122745332,-0.8132534707629211,1.6634064744902024,4.054615238200802,5.961920308053786
paper,medium,2012-06-30,2014Q1,8,FFR,1.8396814389709233,0.07333333333333335,1.76634810563759,-2.558511312521337,-0.8924907747060433,1.8197771303594918,4.451144698033876,6.3519716666449
paper,medium,2012-06-30,2012Q2,1,GDP,951.7234460528678,969.6077453782113,-17.88429932534359,950.4563548291137,950.9448409330258,951.6974672509782,952.5498500610198,953.016505521412
paper,medium,2012-06-30,2012Q3,2,GDP,952.4673025013154,969.7824756135876,-17.31517311227219,950.300985296139,951.1699568222523,952.4667917887441,953.778354141335,954.566134502657
paper,medium,2012-06-30,2012Q4,3,GDP,953.1637874293184,969.8922534031813,-16.728465973862853,950.1952859736283,951.4067799520931,953.1827782889775,954.8965599698623,955.9636531224195
paper,medium,2012-06-30,2013Q1,4,GDP,953.8281965441906,970.7562992997954,-16.928102755604755,950.1336128641586,951.6873994953693,953.8541683789791,955.9149125044135,957.2883754923444
paper,medium,2012-06-30,2013Q2,5,GDP,954.5022538792537,970.8955874685364,-16.393333589282747,950.1836225210332,951.925342959161,954.5488847476402,956.9397424758275,958.5526874947208
paper,medium,2012-06-30,2013Q3,6,GDP,955.1682644365326,971.6841237441809,-16.51585930764827,950.2294942846969,952.1898687682617,955.2492901596881,957.994492524618,959.6583619622982
paper,medium,2012-06-30,2013Q4,7,GDP,955.8350340820757,972.3927778506837,-16.55774376860802,950.5002841757358,952.5955403370306,955.9482591152841,959.0560760982742,960.9520822167776
paper,medium,2012-06-30,2014Q1,8,GDP,956.523747043953,972.0420537957549,-15.518306751801902,950.6455380497237,952.9412169760049,956.5734556166669,960.1000768047911,962.0449945362776
paper,medium,2012-06-30,2012Q2,1,HOURS,457.4743283762377,460.00571366012684,-2.531385283889165,456.3878067236092,456.8469436136182,457.4722887276147,458.12168647526823,458.524885286648
paper,medium,2012-06-30,2012Q3,2,HOURS,457.89546600799997,460.5260181938334,-2.6305521858334373,455.9817130360958,456.7513020808425,457.8992197927848,459.060793367468,459.7890881399414
paper,medium,2012-06-30,2012Q4,3,HOURS,458.24730034337716,461.10130829713495,-2.8540079537577867,455.44977067385685,456.55370727678314,458.2671689487925,459.90575896203643,461.10866739864167
paper,medium,2012-06-30,2013Q1,4,HOURS,458.55299826787723,461.53185170399064,-2.978853436113411,454.76125001098734,456.37830234095327,458.51627792458316,460.7693202738693,462.2289346399766
paper,medium,2012-06-30,2013Q2,5,HOURS,458.80690902158517,461.94181992532924,-3.134910903744071,454.28012034033577,456.17260687538004,458.8198863660816,461.45317528432787,463.14189138160845
paper,medium,2012-06-30,2013Q3,6,HOURS,459.0360776895162,462.46198098094044,-3.42590329142422,453.8668616530296,455.96033699991955,459.1350126388118,462.20075510472776,463.9842581549817
paper,medium,2012-06-30,2013Q4,7,HOURS,459.26323614895017,462.7313209673723,-3.468084818422142,453.2927234820955,455.82664389320433,459.3868317568597,462.7935798413882,464.92735472197774
paper,medium,2012-06-30,2014Q1,8,HOURS,459.5173839585203,463.23280500304094,-3.7154210445206104,453.093302964196,455.6083817864905,459.62563956858753,463.38846565319244,465.8189104185797
paper,medium,2012-06-30,2012Q2,1,INV,757.0372432519229,787.7205662515095,-30.683322999586608,750.5865735644154,753.2888598089745,756.939513535703,760.9714208127534,763.4309153355346
paper,medium,2012-06-30,2012Q3,2,INV,758.4494096387773,788.1733240404119,-29.7239144016346,748.0035289187541,752.3872820298038,758.6006246333293,764.6935658852668,768.5345402544865
paper,medium,2012-06-30,2012Q4,3,INV,759.513011563029,787.2799983894643,-27.7669868264353,745.7065777647891,751.4275780907042,759.6597554258866,767.58405637596,772.7384663387935
paper,medium,2012-06-30,2013Q1,4,INV,760.4531037895017,790.9407961623422,-30.487692372840456,743.563945981952,750.8255831943995,760.5912196238194,770.3354169265026,776.3323098273527
paper,medium,2012-06-30,2013Q2,5,INV,761.3645656943226,792.0532589341361,-30.688693239813574,742.0488429453459,750.1351842525225,761.7126433312652,772.6478084614081,779.3974029408367
paper,medium,2012-06-30,2013Q3,6,INV,762.2438658396004,795.8489837086637,-33.60511786906329,741.12838566919,749.7510233036226,762.2479757419536,774.8324430155754,782.1627853686134
paper,medium,2012-06-30,2013Q4,7,INV,763.0194426001137,796.2111558645706,-33.191713264456894,739.7306599777563,749.0019918263018,763.1406368188955,776.5933480025578,784.9402591059359
paper,medium,2012-06-30,2014Q1,8,INV,763.958235602019,795.0955980161558,-31.13736241413676,739.1259433691049,748.9764647795519,764.2366034995232,778.7377669237134,787.7120995075064
paper,medium,2012-06-30,2012Q2,1,WAGE,462.5212195193039,460.5460143946219,1.9752051246819633,461.35788643470045,461.81882559932905,462.53865803032414,463.2011860893774,463.6671044409271
paper,medium,2012-06-30,2012Q3,2,WAGE,462.8258884414043,460.04490589855556,2.780982542848733,461.1072176090053,461.85691014763387,462.8189637726912,463.8330310781706,464.4658112047268
paper,medium,2012-06-30,2012Q4,3,WAGE,463.0966148138196,461.94181992532924,1.1547948884903576,460.9102933667485,461.78495494665725,463.13176339728227,464.34547655730177,465.1804640944354
paper,medium,2012-06-30,2013Q1,4,WAGE,463.40288618866776,460.02983377843236,3.3730524102354025,460.76157092746,461.8722296715299,463.4470822389678,464.92244338342766,465.8968718126749
paper,medium,2012-06-30,2013Q2,5,WAGE,463.73507674553355,460.8375044937003,2.897572251833253,460.6714152462767,461.9618738830218,463.7880575609088,465.48548375438463,466.6271518440598
paper,medium,2012-06-30,2013Q3,6,WAGE,464.06973701848113,460.07403889087055,3.9956981276105807,460.63368363947626,462.05463125550716,464.12597241130334,466.1162495024446,467.22048807153004
paper,medium,2012-06-30,2013Q4,7,WAGE,464.3770013071773,460.4549993708612,3.9220019363161214,460.56758931072494,462.1507114584412,464.4927309014741,466.54372743238235,467.86274200194856
paper,medium,2012-06-30,2014Q1,8,WAGE,464.7042277664697,461.71778051123687,2.9864472552328607,460.68414611249943,462.2708956122295,464.75912164960897,467.08955510153515,468.53059583364256
paper,medium,2012-09-30,2012Q3,1,CONS,917.4595672356072,931.0399982629759,-13.580431027368718,916.4491228983292,916.8603488460799,917.4635822372,918.0776216242309,918.495657848834
paper,medium,2012-09-30,2012Q4,2,CONS,918.1191541685671,931.437285619049,-13.318131450481928,916.4965535780325,917.2097152145647,918.1216693155183,919.064858190825,919.6867390207786
paper,medium,2012-09-30,2013Q1,3,CONS,918.7632156404276,931.9686225614282,-13.205406921000645,916.5387234352063,917.458785365597,918.7507118348376,920.0827618056292,920.8987735718638
paper,medium,2012-09-30,2013Q2,4,CONS,919.4362422340388,932.1223838026934,-12.686141568654648,916.6261038776748,917.7463727537724,919.4508686816121,921.1238250151614,922.2334887466742
paper,medium,2012-09-30,2013Q3,5,CONS,920.109521867455,932.4955461653029,-12.38602429784794,916.5867409872809,918.0660764980838,920.0856439914304,922.1623022401279,923.4932370780037
paper,medium,2012-09-30,2013Q4,6,CONS,920.7955946185198,933.2938463290335,-12.498251710513728,916.79097192938,918.4952831438944,920.776489054889,923.196571658218,924.6618438310359
paper,medium,2012-09-30,2014Q1,7,CONS,921.4951860969397,933.6764719277527,-12.181285830812953,916.8968743208706,918.815489868077,921.5043091510634,924.1653766754338,925.8715168437903
paper,medium,2012-09-30,2014Q2,8,CONS,922.1991478220381,934.6008205784117,-12.401672756373614,917.1158411064685,919.3186010487229,922.2298509663244,925.077532198554,927.0726234534322
paper,medium,2012-09-30,2012Q3,1,DEFL,474.9408440575141,460.74675450367744,14.194089553836648,474.46944764941924,474.6503863075352,474.94170156885866,475.23097122053815,475.40196991506656
paper,medium,2012-09-30,2012Q4,2,DEFL,475.3681377407283,461.25230870332746,14.115829037400829,474.55573564506534,474.86957939694247,475.35116004644135,475.85758677036904,476.1883923620568
paper,medium,2012-09-30,2013Q1,3,DEFL,475.83800827540404,461.651558288791,14.186449986613013,474.6389347602293,475.12131707818327,475.83106130824035,476.55878105842976,477.10475109044324
paper,medium,2012-09-30,2013Q2,4,DEFL,476.2927939154517,461.93491871613605,14.357875199315629,474.5811504631837,475.2961709324983,476.2896218054451,477.26625011378866,477.96601163511474
paper,medium,2012-09-30,2013Q3,5,DEFL,476.7786509576487,462.40508197513793,14.37356898251079,474.56830889970615,475.47670647766483,476.7658783051204,478.0273570178591,478.93025690022887
paper,medium,2012-09-30,2013Q4,6,DEFL,477.28463160101006,463.00091293350107,14.283718667508992,474.5576366545019,475.674822713959,477.2392137220653,478.82829617765304,479.92141665294764
paper,medium,2012-09-30,2014Q1,7,DEFL,477.8120939722866,463.41657228293434,14.395521689352279,474.5100509104623,475.89433968602856,477.7892710740643,479.7247675318491,480.93859746216543
paper,medium,2012-09-30,2014Q2,8,DEFL,478.3538418313828,463.9813129431631,14.372528888219676,474.4488142410079,476.10595887820017,478.31925359277056,480.646032252213,482.021860469523
paper,medium,2012-09-30,2012Q3,1,FFR,0.2227188612674266,0.14333333333333334,0.07938552793409326,-1.111525872224111,-0.5991246311718188,0.21811992625386895,1.0224883740238013,1.5944730013191477
paper,medium,2012-09-30,2012Q4,2,FFR,0.3854602775953891,0.16,0.22546027759538909,-1.6646327347545078,-0.8162728817743172,0.3781152729281539,1.597786522561162,2.422987905325063
paper,medium,2012-09-30,2013Q1,3,FFR,0.5329572556498842,0.14333333333333334,0.38962392231655085,-1.927275899501812,-0.9807644895423407,0.5233177542241287,2.0737629365105095,3.025823652400272
paper,medium,2012-09-30,2013Q2,4,FFR,0.6441565535938192,0.11666666666666665,0.5274898869271525,-2.2187556875852406,-1.1008133002193612,0.6593338936539381,2.347869610624398,3.5117266333701216
paper,medium,2012-09-30,2013Q3,5,FFR,0.7982049678734646,0.08333333333333333,0.7148716345401313,-2.5253594185974384,-1.1674841161987992,0.7824412182650515,2.7078930462328237,3.9948201973384623
paper,medium,2012-09-30,2013Q4,6,FFR,0.93340951649146,0.08666666666666667,0.8467428498247933,-2.628129853902368,-1.2369920047781828,0.958313203555068,3.104020325077829,4.404625051082665
paper,medium,2012-09-30,2014Q1,7,FFR,1.084526291599203,0.07333333333333335,1.0111929582658699,-2.6703891889019133,-1.2297233501587612,1.0482576730018889,3.4058643515130913,4.8933357624784986
paper,medium,2012-09-30,2014Q2,8,FFR,1.2544664225966764,0.09333333333333334,1.1611330892633431,-2.9327465150809724,-1.1227510053801895,1.2832029993167344,3.747984710150895,5.390129460816459
paper,medium,2012-09-30,2012Q3,1,GDP,951.9117644686954,969.7824756135876,-17.870711144892198,950.6181169600588,951.1387333699951,951.8992506363187,952.7025796931352,953.2419129197331
paper,medium,2012-09-30,2012Q4,2,GDP,952.5214929042784,969.8922534031813,-17.370760498902882,950.4558504574985,951.2766750816565,952.5122013292439,953.7843689059029,954.6254021417323
paper,medium,2012-09-30,2013Q1,3,GDP,953.191183130205,970.7562992997954,-17.565116169590397,950.3301276702869,951.5270130441614,953.1854806093634,954.8904212565005,955.9510805459644
paper,medium,2012-09-30,2013Q2,4,GDP,953.8901935475965,970.8955874685364,-17.005393920939923,950.4022677040248,951.7696206714307,953.8992956953012,956.0052421300527,957.325930047552
paper,medium,2012-09-30,2013Q3,5,GDP,954.5761758269499,971.6841237441809,-17.107947917230945,950.556367108305,952.0964701193404,954.5357524970464,957.1295480732109,958.8467426570382
paper,medium,2012-09-30,2013Q4,6,GDP,955.2619809122172,972.3927778506837,-17.130796938466574,950.4321146413175,952.4435528514609,955.3663589238756,958.1276061512752,960.1898450506436
paper,medium,2012-09-30,2014Q1,7,GDP,955.9495857555529,972.0420537957549,-16.092468040201993,950.5517939376028,952.803000444565,955.9683433534725,959.1047832077948,961.1612870019059
paper,medium,2012-09-30,2014Q2,8,GDP,956.6450137247604,973.318007678534,-16.672993953773585,950.6713483238409,953.1636987702127,956.684855937776,960.0735748760992,962.272792186454
paper,medium,2012-09-30,2012Q3,1,HOURS,457.1594480538199,460.5260181938334,-3.3665701400134935,456.1095621147545,456.4995582984065,457.1736556004746,457.7948467857195,458.2104797114263
paper,medium,2012-09-30,2012Q4,2,HOURS,457.26390635419585,461.10130829713495,-3.8374019429390955,455.4005500995767,456.0900587994244,457.2667637702474,458.3635590296248,459.2509806280151
paper,medium,2012-09-30,2013Q1,3,HOURS,457.4277011076553,461.53185170399064,-4.10415059633533,454.75898655717515,455.8387044969336,457.38704031852194,459.0792871567793,460.20765998127206
paper,medium,2012-09-30,2013Q2,4,HOURS,457.6310178117948,461.94181992532924,-4.310802113534464,454.18977787308773,455.5325644533931,457.63474271996574,459.7675337323641,461.1890071700468
paper,medium,2012-09-30,2013Q3,5,HOURS,457.85494091009537,462.46198098094044,-4.607040070845073,453.7619569926037,455.2560674599626,457.8153384741021,460.4966997080455,462.2432019209536
paper,medium,2012-09-30,2013Q4,6,HOURS,458.0920857075548,462.7313209673723,-4.639235259817497,453.15550196639674,455.08100867186505,458.04294674043433,461.1286102936981,463.2979814808696
paper,medium,2012-09-30,2014Q1,7,HOURS,458.3293889987844,463.23280500304094,-4.903416004256542,452.6498413478422,454.89467471747565,458.21848982867846,461.71843401103393,464.08381582239866
paper,medium,2012-09-30,2014Q2,8,HOURS,458.5697939536438,464.0228401803155,-5.453046226671688,452.3706941830548,454.849244801127,458.60129290580176,462.16517910152396,465.01739929960854
paper,medium,2012-09-30,2012Q3,1,INV,754.548982419846,788.1733240404119,-33.62434162056593,748.1403892528083,750.6246759287268,754.5282705033742,758.515554504274,760.9368874078809
paper,medium,2012-09-30,2012Q4,2,INV,754.8536099214721,787.2799983894643,-32.42638846799218,744.7296324814987,748.7607289730358,754.809980560487,761.0099622397951,764.6584253507416
paper,medium,2012-09-30,2013Q1,3,INV,755.7072188185197,790.9407961623422,-35.2335773438225,742.8029872768132,747.9876299131118,755.7344643726868,763.4763012508035,768.1703535969948
paper,medium,2012-09-30,2013Q2,4,INV,756.7354149095135,792.0532589341361,-35.31784402462267,741.2506914593719,747.4330939098269,756.8444681055792,766.3065711232522,771.7716031187853
paper,medium,2012-09-30,2013Q3,5,INV,757.7787491746027,795.8489837086637,-38.070234534061,740.2792418890191,747.175170602298,757.4689157199442,768.7956590019528,775.4077154390129
paper,medium,2012-09-30,2013Q4,6,INV,758.745646299824,796.2111558645706,-37.46550956474664,738.7763252047138,746.8414543623167,758.6253100433939,770.8718339469701,779.4916703078719
paper,medium,2012-09-30,2014Q1,7,INV,759.688590717964,795.0955980161558,-35.40700729819184,737.5146768973142,746.5488561402976,759.5764131295056,772.8013120388301,781.9507752707782
paper,medium,2012-09-30,2014Q2,8,INV,760.6686534001929,799.2291631512261,-38.56050975103324,736.6305095500212,746.6104701116792,760.7890733622962,774.8585039855107,784.2875003402567
paper,medium,2012-09-30,2012Q3,1,WAGE,464.11355149820366,460.04490589855556,4.068645599648107,462.9442974061467,463.3913751460727,464.10851800486057,464.83693868051796,465.2943804844984
paper,medium,2012-09-30,2012Q4,2,WAGE,464.50424122677583,461.94181992532924,2.562421301446591,462.7407446100097,463.49043205560577,464.50735512739925,465.57049774149976,466.1998947552523
paper,medium,2012-09-30,2013Q1,3,WAGE,464.8642245514788,460.02983377843236,4.834390773046437,462.7445314275083,463.5930452383195,464.8724414862704,466.15446697225593,466.9414767139151
paper,medium,2012-09-30,2013Q2,4,WAGE,465.19583045297145,460.8375044937003,4.358325959271156,462.6831139269737,463.67824972896483,465.1690721706127,466.74423509620885,467.7592025618314
paper,medium,2012-09-30,2013Q3,5,WAGE,465.551520961584,460.07403889087055,5.4774820707134495,462.5982989805166,463.85934444025094,465.484673984455,467.2812741748186,468.5550151245661
paper,medium,2012-09-30,2013Q4,6,WAGE,465.9335773047284,460.4549993708612,5.4785779338672,462.7183191495221,464.1118596373065,465.80990395167726,467.9366405421258,469.229285162162
paper,medium,2012-09-30,2014Q1,7,WAGE,466.3038656913422,461.71778051123687,4.586085180105329,462.8341933481344,464.19890660658126,466.19526714432925,468.5936273507125,469.88351090961396
paper,medium,2012-09-30,2014Q2,8,WAGE,466.68906295635253,460.65692069017985,6.032142266172684,462.88751458825993,464.3979021224557,466.5691263509729,469.1003734115565,470.590766347775
paper,medium,2012-12-31,2012Q4,1,CONS,917.7773576838126,931.437285619049,-13.659927935236396,916.7857647005009,917.1970359104253,917.7834222075749,918.3704166208763,918.7528019538707
paper,medium,2012-12-31,2013Q1,2,CONS,918.3938958231639,931.9686225614282,-13.574726738264303,916.841503732075,917.4496175030293,918.4131630380359,919.3463146172774,919.977209306221
paper,medium,2012-12-31,2013Q2,3,CONS,918.9917705311761,932.1223838026934,-13.13061327151729,916.7823180828153,917.6718801130975,918.9610693864615,920.3500814474147,921.2158395638497
paper,medium,2012-12-31,2013Q3,4,CONS,919.6030177901903,932.4955461653029,-12.892528375112647,916.8486140094724,917.926127609934,919.59248539545,921.3058765882258,922.4112657008587
paper,medium,2012-12-31,2013Q4,5,CONS,920.2323488742678,933.2938463290335,-13.061497454765686,916.8857586020912,918.184893221764,920.2033262885897,922.3077329386897,923.6416063921698
paper,medium,2012-12-31,2014Q1,6,CONS,920.8662482342338,933.6764719277527,-12.810223693518878,916.8513272996033,918.5485610244193,920.8220824908678,923.2924508315815,924.8339552020402
paper,medium,2012-12-31,2014Q2,7,CONS,921.4952910400638,934.6008205784117,-13.105529538347923,916.9430006515381,918.8344573959455,921.4849471171888,924.1610330535111,925.9875207773658
paper,medium,2012-12-31,2014Q3,8,CONS,922.1144372531269,935.5797543960106,-13.465317142883691,917.0546954267854,919.1576253488918,922.1819237159604,925.0265575103234,926.9979642635366
paper,medium,2012-12-31,2012Q4,1,DEFL,475.70715045304644,461.25230870332746,14.45484174971898,475.2398546644101,475.4225253418613,475.7058613337159,475.98310542059573,476.1669405077691
paper,medium,2012-12-31,2013Q1,2,DEFL,476.26878161057846,461.651558288791,14.617223321787435,475.42236073864376,475.7845653277231,476.2713904215219,476.74671221009515,477.078467422341
paper,medium,2012-12-31,2013Q2,3,DEFL,476.8406008089213,461.93491871613605,14.905682092785241,475.63468660958824,476.1397011917922,476.84815317069257,477.529602743832,478.03983236072185
paper,medium,2012-12-31,2013Q3,4,DEFL,477.4488867951266,462.40508197513793,15.04380481998868,475.8164737334567,476.48440325359974,477.4397172403278,478.3735542048108,479.05742480776655
paper,medium,2012-12-31,2013Q4,5,DEFL,478.0603723067152,463.00091293350107,15.05945937321411,475.94465001758243,476.82863884095354,478.0458582529443,479.3005603824572,480.2152735473257
paper,medium,2012-12-31,2014Q1,6,DEFL,478.6911328089433,463.41657228293434,15.27456052600894,476.09985703932796,477.13374445474534,478.66867915216216,480.21659768125903,481.3223275391305
paper,medium,2012-12-31,2014Q2,7,DEFL,479.347352648614,463.9813129431631,15.366039705450873,476.1908336644144,477.4971196942432,479.32545024358035,481.2079882318944,482.5392574181758
paper,medium,2012-12-31,2014Q3,8,DEFL,480.00390525793415,464.4169720837101,15.586933174224043,476.23676477582814,477.81307795826143,479.9950641695475,482.19718474930664,483.74114094270925
paper,medium,2012-12-31,2012Q4,1,FFR,0.3789242291029573,0.16,0.2189242291029573,-0.9522930505790765,-0.42424047782806756,0.38094902718342205,1.1661403426591692,1.6852290057291341
paper,medium,2012-12-31,2013Q1,2,FFR,0.67177053165654,0.14333333333333334,0.5284371983232067,-1.476876130631724,-0.5491208162835662,0.6782278954025762,1.9280182828687684,2.758060617506873
paper,medium,2012-12-31,2013Q2,3,FFR,0.8939161382410441,0.11666666666666665,0.7772494715743774,-1.7629911551011848,-0.7013162204129837,0.895815402830912,2.4438191778317626,3.4679411450470536
paper,medium,2012-12-31,2013Q3,4,FFR,1.0791733758537185,0.08333333333333333,0.9958400425203852,-2.011156996924416,-0.7787767764828086,1.1061146896870784,2.9179618975762005,4.104095793273597
paper,medium,2012-12-31,2013Q4,5,FFR,1.2700290176802465,0.08666666666666667,1.1833623510135798,-2.143334469734617,-0.7931445672598051,1.2254088725264343,3.3424421604754055,4.743903694426657
paper,medium,2012-12-31,2014Q1,6,FFR,1.4261598353157576,0.07333333333333335,1.3528265019824244,-2.2767606897125026,-0.78373071557741,1.4412481384349118,3.6589723335009294,5.101087647352984
paper,medium,2012-12-31,2014Q2,7,FFR,1.577562259258847,0.09333333333333334,1.4842289259255137,-2.4864754360032113,-0.8509115016075421,1.555374574565802,3.956916691905025,5.6586369346886585
paper,medium,2012-12-31,2014Q3,8,FFR,1.725145653747935,0.09000000000000001,1.635145653747935,-2.5827629683016053,-0.9233886855480242,1.7402454765013209,4.33375384687811,6.067925552956479
paper,medium,2012-12-31,2012Q4,1,GDP,952.7219959961931,969.8922534031813,-17.170257406988185,951.4586286408049,951.9636707324366,952.7036441441958,953.4497184800061,953.9841682095023
paper,medium,2012-12-31,2013Q1,2,GDP,953.3895556995591,970.7562992997954,-17.366743600236305,951.2630642449825,952.1332898547329,953.3929728990939,954.6314911665269,955.4748823165096
paper,medium,2012-12-31,2013Q2,3,GDP,954.0125728476128,970.8955874685364,-16.883014620923632,951.172786450398,952.2400772713254,954.028693442555,955.7660923351995,956.8754723025354
paper,medium,2012-12-31,2013Q3,4,GDP,954.6344081539521,971.6841237441809,-17.049715590228743,951.1843039980125,952.4874835281481,954.5968816665635,956.8047973248217,958.1994028201099
paper,medium,2012-12-31,2013Q4,5,GDP,955.2834428820926,972.3927778506837,-17.109334968591156,951.2018671659505,952.776030757586,955.2229318851482,957.9289742648325,959.4783557151245
paper,medium,2012-12-31,2014Q1,6,GDP,955.9138167688981,972.0420537957549,-16.128237026856823,951.2054310834583,953.0199211926808,955.8732534943233,958.8387061294217,960.6996945358485
paper,medium,2012-12-31,2014Q2,7,GDP,956.5718529571957,973.318007678534,-16.746154721338257,951.3442076449863,953.4198181155236,956.5618672184039,959.7853895232317,961.9589369341202
paper,medium,2012-12-31,2014Q3,8,GDP,957.1783663196209,974.4762358890149,-17.297869569394038,951.3721527959895,953.683428216062,957.2086968338051,960.6338723776468,962.8913773287588
paper,medium,2012-12-31,2012Q4,1,HOURS,457.47367151660876,461.10130829713495,-3.6276367805261884,456.4321762347126,456.8282286082307,457.4717060002149,458.09847168497777,458.51570158348625
paper,medium,2012-12-31,2013Q1,2,HOURS,457.68913717023224,461.53185170399064,-3.8427145337583966,455.6940133202357,456.5218730781653,457.7082964787596,458.86292244721557,459.6170951805799
paper,medium,2012-12-31,2013Q2,3,HOURS,457.90317511812253,461.94181992532924,-4.038644807206708,455.0724771145836,456.19082658069834,457.9076333259876,459.6452801007878,460.8308546594235
paper,medium,2012-12-31,2013Q3,4,HOURS,458.10505503292035,462.46198098094044,-4.356925948020091,454.5012278374508,455.8604872846801,458.0881657327406,460.36683531335456,461.847937881852
paper,medium,2012-12-31,2013Q4,5,HOURS,458.307723415115,462.7313209673723,-4.42359755225732,454.05281833812285,455.6425461849459,458.2746452111819,460.96012950622423,462.96029721427266
paper,medium,2012-12-31,2014Q1,6,HOURS,458.530036044138,463.23280500304094,-4.7027689589029364,453.5415473199981,455.5187796724098,458.47397850281504,461.5991347838832,463.87590475249766
paper,medium,2012-12-31,2014Q2,7,HOURS,458.7465509977594,464.0228401803155,-5.27628918255607,453.0401176222601,455.28994466931044,458.6788479847141,462.16989080540327,464.72463748254347
paper,medium,2012-12-31,2014Q3,8,HOURS,458.9428848060643,464.76260450244837,-5.819719696384084,452.67214811518136,455.19711375030977,458.91185058294843,462.8709631035439,465.4044162864293
paper,medium,2012-12-31,2012Q4,1,INV,756.5448609737069,787.2799983894643,-30.735137415757322,750.3038447654606,752.690986830338,756.5202161193631,760.24376322193,763.1371063379821
paper,medium,2012-12-31,2013Q1,2,INV,757.4638473529832,790.9407961623422,-33.47694880935899,747.6858127475623,751.4216056312819,757.4276859753536,763.6196708395308,767.8747496543922
paper,medium,2012-12-31,2013Q2,3,INV,758.3821562018834,792.0532589341361,-33.671102732252734,745.3365358284342,750.2591331291119,758.3345436913901,766.6498555220768,772.1299113972134
paper,medium,2012-12-31,2013Q3,4,INV,759.1941667034937,795.8489837086637,-36.65481700517,743.808515350161,749.4866184845013,759.1412243583409,769.0973128318313,775.3510591800014
paper,medium,2012-12-31,2013Q4,5,INV,760.0844444086074,796.2111558645706,-36.12671145596323,741.9108424500583,749.5294066983398,759.8287761764401,771.3964569243294,778.7247603381803
paper,medium,2012-12-31,2014Q1,6,INV,760.7715730856825,795.0955980161558,-34.32402493047334,741.2466682338243,748.5264271579445,760.8448912726769,773.1643845387517,781.3290549961498
paper,medium,2012-12-31,2014Q2,7,INV,761.6215798440486,799.2291631512261,-37.60758330717749,739.5915950684885,748.3353030236015,761.6042644541649,775.4781388916359,784.1085473528115
paper,medium,2012-12-31,2014Q3,8,INV,762.2830835458917,801.2542463678329,-38.97116282194122,739.1228189937142,747.6390347766774,762.3369387310446,777.3856822674403,785.6692831564644
paper,medium,2012-12-31,2012Q4,1,WAGE,463.19677882166025,461.94181992532924,1.2549588963310043,462.07418912056517,462.5325541716013,463.203525095037,463.85655878228624,464.2754297353638
paper,medium,2012-12-31,2013Q1,2,WAGE,463.5379644114657,460.02983377843236,3.5081306330333177,461.9312012059513,462.5693505388886,463.49947322396247,464.5460739869334,465.1909270726659
paper,medium,2012-12-31,2013Q2,3,WAGE,463.82062721240516,460.8375044937003,2.9831227187048626,461.83687579094607,462.6032923249829,463.77143232791104,465.1131810514171,465.94250336243584
paper,medium,2012-12-31,2013Q3,4,WAGE,464.13092330901395,460.07403889087055,4.056884418143397,461.6631332811115,462.64429795524137,464.1343778701487,465.61615779163225,466.49647143191163
paper,medium,2012-12-31,2013Q4,5,WAGE,464.4425406538899,460.4549993708612,3.9875412830287473,461.6367347912247,462.7398503101848,464.45987206492697,466.1944933427503,467.3178677592391
paper,medium,2012-12-31,2014Q1,6,WAGE,464.74421378069854,461.71778051123687,3.026433269461677,461.5680510464645,462.8162810123986,464.7400016478558,466.70711110440334,467.93787959464225
paper,medium,2012-12-31,2014Q2,7,WAGE,465.0301181603491,460.65692069017985,4.373197470169259,461.5825379569066,462.9855409208709,465.0357512585885,467.1479192547962,468.4012380100847
paper,medium,2012-12-31,2014Q3,8,WAGE,465.3272656344449,460.9759638321899,4.351301802255023,461.56933722642316,463.0233939601425,465.35596615079885,467.57318458447946,469.0759060371819
paper,medium,2013-03-31,2013Q1,1,CONS,918.2293765487897,931.9686225614282,-13.739246012638546,917.2512035525319,917.6303344411629,918.2178537579384,918.8402315712025,919.2230066451195
paper,medium,2013-03-31,2013Q2,2,CONS,918.8285351834443,932.1223838026934,-13.293848619249161,917.2579944325993,917.8709835238037,918.83110567263,919.7639551412751,920.415312042393
paper,medium,2013-03-31,2013Q3,3,CONS,919.4284402354996,932.4955461653029,-13.067105929803347,917.2381867948661,918.0928356874424,919.3939281098721,920.7614817557951,921.5755145038477
paper,medium,2013-03-31,2013Q4,4,CONS,920.0576338014679,933.2938463290335,-13.236212527565613,917.2709400381838,918.3796835902004,920.0320749371749,921.7217229948536,922.8617788264788
paper,medium,2013-03-31,2014Q1,5,CONS,920.6905405683643,933.6764719277527,-12.98593135938836,917.3816544208756,918.6140346793673,920.6769238571904,922.7121773110593,924.0676194076569
paper,medium,2013-03-31,2014Q2,6,CONS,921.3296359693876,934.6008205784117,-13.27118460902409,917.4680529740906,918.956487887945,921.2860355162795,923.6891954253314,925.3461572522174
paper,medium,2013-03-31,2014Q3,7,CONS,921.981508914416,935.5797543960106,-13.598245481594518,917.5866953709832,919.3071815336309,921.9074824891939,924.6508083689073,926.6150227591069
paper,medium,2013-03-31,2014Q4,8,CONS,922.6325495199222,936.6909581943073,-14.058408674385078,917.6953905452642,919.6097846177836,922.5859869762849,925.6314630150104,927.768934422055
paper,medium,2013-03-31,2013Q1,1,DEFL,475.8957201195328,461.651558288791,14.244161830741803,475.43544766528197,475.6148700940089,475.9039369705058,476.17199102842596,476.35641973934014
paper,medium,2013-03-31,2013Q2,2,DEFL,476.33713884994296,461.93491871613605,14.402220133806907,475.55067426370005,475.84041657247474,476.3385999167351,476.830766118927,477.1349639737091
paper,medium,2013-03-31,2013Q3,3,DEFL,476.8039840792914,462.40508197513793,14.398902104153478,475.6198358414915,476.08871989627465,476.79931429100816,477.511596750394,477.9864260113512
paper,medium,2013-03-31,2013Q4,4,DEFL,477.270488833892,463.00091293350107,14.269575900390919,475.6748361568455,476.2984954922165,477.2883327853824,478.22417652855336,478.86740427192086
paper,medium,2013-03-31,2014Q1,5,DEFL,477.77177325904944,463.41657228293434,14.3552009761151,475.7186528345715,476.5243046438951,477.76910610731295,478.99671126776906,479.82345079060326
paper,medium,2013-03-31,2014Q2,6,DEFL,478.2816549350042,463.9813129431631,14.300341991841094,475.7583239397053,476.7198171098662,478.289576618414,479.8033893405753,480.84413028124453
paper,medium,2013-03-31,2014Q3,7,DEFL,478.81538812105583,464.4169720837101,14.398416037345726,475.7683671336534,476.90041731423037,478.8215869729862,480.6482258246182,481.87921482314374
paper,medium,2013-03-31,2014Q4,8,DEFL,479.3700726004794,464.58321677069813,14.786855829781246,475.81884137279224,477.13723074452815,479.36435047327325,481.5269511615717,482.8607251164068
paper,medium,2013-03-31,2013Q1,1,FFR,0.43393502625366503,0.14333333333333334,0.29060169292033167,-0.9011837488608657,-0.36438430317994214,0.41284868160262467,1.2563026400945383,1.812973242906596
paper,medium,2013-03-31,2013Q2,2,FFR,0.6330018855291969,0.11666666666666665,0.5163352188625302,-1.4270456728608032,-0.6023862228887195,0.6264085113561123,1.8722678238309391,2.7257459007554137
paper,medium,2013-03-31,2013Q3,3,FFR,0.7913963096518922,0.08333333333333333,0.7080629763185589,-1.7939533277450062,-0.7409106477719322,0.7515979248695241,2.3959575177091015,3.322320479231919
paper,medium,2013-03-31,2013Q4,4,FFR,0.9702343215677108,0.08666666666666667,0.8835676549010442,-2.105188168482025,-0.834423843249545,0.9872358390741871,2.802857155639062,3.952420110264039
paper,medium,2013-03-31,2014Q1,5,FFR,1.0782465549163827,0.07333333333333335,1.0049132215830494,-2.272536062573672,-0.9608051610721479,1.1277843240617162,3.205723863315622,4.369322965058646
paper,medium,2013-03-31,2014Q2,6,FFR,1.1882370004938605,0.09333333333333334,1.0949036671605272,-2.5871914967173746,-1.0793382082935623,1.2247681471270657,3.5371714347197756,4.802791411683457
paper,medium,2013-03-31,2014Q3,7,FFR,1.2967256765388735,0.09000000000000001,1.2067256765388734,-2.805117097372552,-1.1519646594646504,1.3210792932195226,3.7870385908234634,5.258797033256948
paper,medium,2013-03-31,2014Q4,8,FFR,1.4581389732582597,0.09999999999999999,1.3581389732582596,-2.8836137902375727,-1.14762198545179,1.5114228924047195,4.123002810689176,5.624192058847363
paper,medium,2013-03-31,2013Q1,1,GDP,952.9271435865465,970.7562992997954,-17.829155713248838,951.6588637519378,952.1978884794448,952.9031923801539,953.7230010070006,954.24101580627
paper,medium,2013-03-31,2013Q2,2,GDP,953.5456844937305,970.8955874685364,-17.3499029748059,951.5584984515727,952.3167158586194,953.5272450859861,954.8010037737645,955.5749393280685
paper,medium,2013-03-31,2013Q3,3,GDP,954.1938835880449,971.6841237441809,-17.490240156135997,951.4073709065377,952.5728831219518,954.1687938640414,955.8885093136082,956.986243504072
paper,medium,2013-03-31,2013Q4,4,GDP,954.8476966522112,972.3927778506837,-17.54508119847253,951.4277017071147,952.7315769277037,954.8293089764907,956.9363315933547,958.3686621025115
paper,medium,2013-03-31,2014Q1,5,GDP,955.4770279526196,972.0420537957549,-16.565025843135345,951.4661331906661,952.9382660133575,955.4288907608664,957.9691455969606,959.555870744473
paper,medium,2013-03-31,2014Q2,6,GDP,956.0977477396156,973.318007678534,-17.22025993891839,951.3360202823794,953.2715450283946,956.07409738942,958.9098133845198,960.7653650834109
paper,medium,2013-03-31,2014Q3,7,GDP,956.7584146311609,974.4762358890149,-17.717821257853984,951.5640330960999,953.5318706309899,956.7226601431921,959.9594652646948,962.0502001343801
paper,medium,2013-03-31,2014Q4,8,GDP,957.4147331990149,974.9242243231641,-17.509491124149235,951.6337626059893,953.9052859316411,957.3149266981814,960.8695835463833,963.2651439009924
paper,medium,2013-03-31,2013Q1,1,HOURS,458.69562628145485,461.53185170399064,-2.83622542253579,457.6206830762644,458.06222643307933,458.7026078922021,459.3552496780751,459.77562802519486
paper,medium,2013-03-31,2013Q2,2,HOURS,458.9589568401192,461.94181992532924,-2.982863085210056,457.0621292130598,457.82997657915064,458.964933915094,460.13064574938414,460.8430862592848
paper,medium,2013-03-31,2013Q3,3,HOURS,459.207933298407,462.46198098094044,-3.2540476825334395,456.4612803537254,457.57991607206736,459.20612444170035,460.85130599086887,461.98834690826374
paper,medium,2013-03-31,2013Q4,4,HOURS,459.4353252381467,462.7313209673723,-3.2959957292256377,455.89563871105827,457.3588048029829,459.4232752206101,461.57349581914303,462.9099028314785
paper,medium,2013-03-31,2014Q1,5,HOURS,459.64560855520006,463.23280500304094,-3.5871964478408813,455.21870360402,457.08410411471925,459.65568873153666,462.23726608981804,463.93711039575265
paper,medium,2013-03-31,2014Q2,6,HOURS,459.870065704974,464.0228401803155,-4.1527744753414595,454.8353961177407,456.875650814277,459.9032772928077,462.92301841973386,464.9458619783866
paper,medium,2013-03-31,2014Q3,7,HOURS,460.0883391612463,464.76260450244837,-4.6742653412020445,454.41105020727287,456.6799523424557,460.1117005150883,463.48721678295277,465.8668914854861
paper,medium,2013-03-31,2014Q4,8,HOURS,460.30995351935917,465.875834515802,-5.565880996442843,454.19687375394955,456.52738697289783,460.31001006392853,464.060745774276,466.6977887884853
paper,medium,2013-03-31,2013Q1,1,INV,757.9680521094351,790.9407961623422,-32.972744052907046,751.6702799145098,753.9940953684933,757.9630887142464,761.7234427050577,764.5715809958158
paper,medium,2013-03-31,2013Q2,2,INV,759.004868884268,792.0532589341361,-33.04839004986809,749.2227371423288,752.784713617406,759.1308962881546,764.869612638518,769.0315547225933
paper,medium,2013-03-31,2013Q3,3,INV,760.0022425660208,795.8489837086637,-35.84674114264294,746.9026570139329,752.3914062375171,759.8306271217234,767.7527727806024,772.9895111558179
paper,medium,2013-03-31,2013Q4,4,INV,760.86649098418,796.2111558645706,-35.34466488039061,745.4030991640757,751.9700037108529,760.8527334833311,770.2815685229571,776.357243397388
paper,medium,2013-03-31,2014Q1,5,INV,761.7001142311648,795.0955980161558,-33.39548378499103,744.0349426737951,750.7312486409301,761.7092301536413,772.2689029635922,779.487407924793
paper,medium,2013-03-31,2014Q2,6,INV,762.3305838245956,799.2291631512261,-36.89857932663051,742.2237777865905,750.4511225683759,762.346223706274,774.5768145025268,781.2468471484441
paper,medium,2013-03-31,2014Q3,7,INV,763.2813885874459,801.2542463678329,-37.97285778038702,740.9118715821473,749.9851449299599,763.31247489476,777.0026772197605,784.6056229386246
paper,medium,2013-03-31,2014Q4,8,INV,764.144341815468,801.3626822057217,-37.21834039025373,739.5565094043011,750.0655668861332,764.0315052792096,778.9648559780862,787.7891584977876
paper,medium,2013-03-31,2013Q1,1,WAGE,462.89469342301385,460.02983377843236,2.864859644581486,461.7391008107834,462.2063652172509,462.89124862006315,463.58956158193416,464.04683594012596
paper,medium,2013-03-31,2013Q2,2,WAGE,463.12427989347316,460.8375044937003,2.286775399772864,461.33216834701767,462.03207391691694,463.16412923180303,464.18584561488774,464.83194853847715
paper,medium,2013-03-31,2013Q3,3,WAGE,463.3786082114472,460.07403889087055,3.304569320576661,461.186005151323,462.0897342636424,463.4031494287671,464.6452982075625,465.4890947418309
paper,medium,2013-03-31,2013Q4,4,WAGE,463.68641811446304,460.4549993708612,3.231418743601864,461.1327324321582,462.1267574370979,463.72115570299263,465.1902966759934,466.206944300447
paper,medium,2013-03-31,2014Q1,5,WAGE,464.00015650316305,461.71778051123687,2.2823759919261875,461.11675154263025,462.1782910823659,463.975652834587,465.7602800297394,466.9261775640115
paper,medium,2013-03-31,2014Q2,6,WAGE,464.284828414726,460.65692069017985,3.627907724546162,460.99563604662285,462.25391116209653,464.2725285464387,466.2604415536188,467.4845740537398
paper,medium,2013-03-31,2014Q3,7,WAGE,464.611765125375,460.9759638321899,3.635801293185068,461.0507877663508,462.4156711331333,464.6385337868996,466.7928235148572,468.1727907889054
paper,medium,2013-03-31,2014Q4,8,WAGE,464.9157759063191,462.26465802893273,2.651117877386355,461.0642066244772,462.48913981053056,464.9767993264694,467.29850691599404,468.84268190726584
paper,medium,2013-06-30,2013Q2,1,CONS,918.8088858060532,932.1223838026934,-13.313497996640194,917.8231162327032,918.2028352293956,918.8002987715928,919.4125079636558,919.7501101489776
paper,medium,2013-06-30,2013Q3,2,CONS,919.4786364823583,932.4955461653029,-13.016909682944629,917.9685391822735,918.5776959142876,919.4877429812491,920.4126522640817,921.055174750228
paper,medium,2013-06-30,2013Q4,3,CONS,920.1207457134378,933.2938463290335,-13.173100615595672,918.0342651801888,918.8854036700343,920.098344539796,921.484808985752,922.321004716148
paper,medium,2013-06-30,2014Q1,4,CONS,920.7758423060591,933.6764719277527,-12.90062962169361,917.9394688222648,919.1034673926905,920.7939476347009,922.4991894907865,923.5626410594673
paper,medium,2013-06-30,2014Q2,5,CONS,921.4807174260031,934.6008205784117,-13.120103152408547,918.0384761928059,919.4011339627388,921.5340334544322,923.590389099766,924.9029152830934
paper,medium,2013-06-30,2014Q3,6,CONS,922.1363442964489,935.5797543960106,-13.443410099561675,918.09774489982,919.7347371352209,922.1495442036369,924.5467933599818,926.0283619105373
paper,medium,2013-06-30,2014Q4,7,CONS,922.793439186666,936.6909581943073,-13.897519007641336,918.2852311221726,920.1183410655115,922.8628638990631,925.5862600968289,927.2010029919505
paper,medium,2013-06-30,2015Q1,8,CONS,923.4854206479694,937.3559721122837,-13.870551464314303,918.3527244713841,920.549332632551,923.6097965003548,926.4396098202317,928.3404648929934
paper,medium,2013-06-30,2013Q2,1,DEFL,476.1143382901807,461.93491871613605,14.17941957404463,475.64988344043604,475.84105640796184,476.11924345483425,476.3954001623581,476.55585811030477
paper,medium,2013-06-30,2013Q3,2,DEFL,476.4702126047691,462.40508197513793,14.065130629631142,475.65647237146345,475.9878780621759,476.4785191224038,476.9342351395501,477.261265051596
paper,medium,2013-06-30,2013Q4,3,DEFL,476.8255188797589,463.00091293350107,13.824605946257805,475.614586969498,476.1220154247028,476.8301337211665,477.5306687600505,477.9711954894325
paper,medium,2013-06-30,2014Q1,4,DEFL,477.21061421431534,463.41657228293434,13.794041931381003,475.5468565033914,476.2354494986233,477.21884274781326,478.18777966012937,478.7980952815111
paper,medium,2013-06-30,2014Q2,5,DEFL,477.62082531865696,463.9813129431631,13.639512375493837,475.4549157934208,476.3107055190575,477.6337922192112,478.8806779827529,479.72817399809105
paper,medium,2013-06-30,2014Q3,6,DEFL,478.042700822697,464.4169720837101,13.62572873898688,475.2853897471714,476.39595022152184,478.0805421278556,479.6084338543229,480.667828315214
paper,medium,2013-06-30,2014Q4,7,DEFL,478.48497316584076,464.58321677069813,13.901756395142627,475.20859470724326,476.4981853830756,478.50036923177197,480.3902037855552,481.71135694041016
paper,medium,2013-06-30,2015Q1,8,DEFL,478.94034789137936,464.5476847747226,14.392663116656763,475.05419684230105,476.52505648496117,478.95349207602476,481.23688487007485,482.74687612302574
paper,medium,2013-06-30,2013Q2,1,FFR,0.2689612850326876,0.11666666666666665,0.15229461836602098,-1.003583011266931,-0.538775437651995,0.26794536106656336,1.0588678877326738,1.5935166262294018
paper,medium,2013-06-30,2013Q3,2,FFR,0.37642678785687117,0.08333333333333333,0.29309345452353786,-1.6332984841726272,-0.8216189713308084,0.3763010086078857,1.6072114697458877,2.438045363816437
paper,medium,2013-06-30,2013Q4,3,FFR,0.5488792301256746,0.08666666666666667,0.46221256345900796,-2.0397632657162648,-0.9675549452152493,0.5333598323046232,2.096813853289491,3.229300331528952
paper,medium,2013-06-30,2014Q1,4,FFR,0.6549393949621087,0.07333333333333335,0.5816060616287754,-2.3517612462808635,-1.1179568177911672,0.6114862173848162,2.5296787670231766,3.655887704535617
paper,medium,2013-06-30,2014Q2,5,FFR,0.78268136983396,0.09333333333333334,0.6893480365006266,-2.639513835703177,-1.2974215001638016,0.7472217550048706,2.802380216901492,4.259613471068084
paper,medium,2013-06-30,2014Q3,6,FFR,0.9029252340978624,0.09000000000000001,0.8129252340978624,-2.8089220919948756,-1.3013582560368449,0.9256837916584145,3.2399450755521677,4.565636486565717
paper,medium,2013-06-30,2014Q4,7,FFR,1.0355176844591256,0.09999999999999999,0.9355176844591256,-2.9926673674172535,-1.3987610453305046,1.0930118211001627,3.4972982756011617,5.077941366552842
paper,medium,2013-06-30,2015Q1,8,FFR,1.1898001378730698,0.11,1.0798001378730697,-3.1839144955982013,-1.4577441024752429,1.2028605144102023,3.8229057905570087,5.591694928849861
paper,medium,2013-06-30,2013Q2,1,GDP,953.2118893384134,970.8955874685364,-17.683698130123048,951.9439046018979,952.4617381533313,953.223390543443,953.9449319336512,954.4448056075784
paper,medium,2013-06-30,2013Q3,2,GDP,953.8646073265861,971.6841237441809,-17.81951641759474,951.8452204030676,952.6508528388575,953.8529028075577,955.069667724791,955.89929474571
paper,medium,2013-06-30,2013Q4,3,GDP,954.538475847574,972.3927778506837,-17.85430200310975,951.7383188075938,952.8891136357009,954.5346252200094,956.2196309761483,957.3940183653671
paper,medium,2013-06-30,2014Q1,4,GDP,955.2238052752281,972.0420537957549,-16.818248520526822,951.8121137097385,953.1098807906504,955.2453642055291,957.3244379623018,958.693006626675
paper,medium,2013-06-30,2014Q2,5,GDP,955.91606940228,973.318007678534,-17.401938276253986,951.7424740246561,953.4404179383735,955.9517646665106,958.373180758925,960.1035679936168
paper,medium,2013-06-30,2014Q3,6,GDP,956.5838262855217,974.4762358890149,-17.892409603493206,951.8231715491476,953.6987026088914,956.6679775300547,959.4462835889474,961.3505905460763
paper,medium,2013-06-30,2014Q4,7,GDP,957.2610172729032,974.9242243231641,-17.663207050260894,951.8088400959434,954.1194700477564,957.3236562135522,960.3979124726161,962.668422771727
paper,medium,2013-06-30,2015Q1,8,GDP,957.9596189524842,975.7342483786737,-17.77462942618945,952.138767975571,954.5086317338736,958.0190007799054,961.2529436084052,963.6629021794319
paper,medium,2013-06-30,2013Q2,1,HOURS,459.02736818405475,461.94181992532924,-2.9144517412744904,457.9940865339943,458.40325438400777,459.0173356144279,459.64703908363833,460.08058922031296
paper,medium,2013-06-30,2013Q3,2,HOURS,459.2654795810794,462.46198098094044,-3.196501399861063,457.4148899196212,458.15559866237015,459.247287250266,460.414205564694,461.1296449944267
paper,medium,2013-06-30,2013Q4,3,HOURS,459.5490330292711,462.7313209673723,-3.18228793810124,456.87606324986706,457.9140901156953,459.55277280670276,461.24437821295123,462.3028922632957
paper,medium,2013-06-30,2014Q1,4,HOURS,459.8136958151265,463.23280500304094,-3.4191091879144437,456.3288963376212,457.6612798034955,459.7987108263409,461.9561786769011,463.3073528584339
paper,medium,2013-06-30,2014Q2,5,HOURS,460.0932970244826,464.0228401803155,-3.929543155832903,455.96873388054235,457.50048594733573,460.101957461048,462.68886274925364,464.3853296912313
paper,medium,2013-06-30,2014Q3,6,HOURS,460.3366330021401,464.76260450244837,-4.425971500308265,455.4625831216017,457.2702852280182,460.29841717127346,463.25429369823394,465.39152221568816
paper,medium,2013-06-30,2014Q4,7,HOURS,460.5873280866747,465.875834515802,-5.288506429127324,454.98799071529277,457.13779809667113,460.6486599564332,463.9228113443432,466.14074898916624
paper,medium,2013-06-30,2015Q1,8,HOURS,460.8570687047408,466.15694228372104,-5.299873578980225,454.49848018611334,457.11484288632323,460.9088460315433,464.6009398969653,467.0182322671654
paper,medium,2013-06-30,2013Q2,1,INV,759.4183634060144,792.0532589341361,-32.634895528121774,753.0805365440988,755.6953619300995,759.332682104581,763.2211870762947,765.78920743275
paper,medium,2013-06-30,2013Q3,2,INV,760.5039345460742,795.8489837086637,-35.345049162589476,750.8616132976342,754.5245446732293,760.4519443917391,766.3339902713192,770.3785828194418
paper,medium,2013-06-30,2013Q4,3,INV,761.768155084965,796.2111558645706,-34.443000779605654,748.6345449477997,753.8214608498437,761.6767589182523,769.8524941992667,775.1599878121293
paper,medium,2013-06-30,2014Q1,4,INV,762.940147559507,795.0955980161558,-32.15545045664885,747.0797480195579,753.6079602998947,762.9905124868363,772.2737702539836,778.7989524388638
paper,medium,2013-06-30,2014Q2,5,INV,763.9247583101909,799.2291631512261,-35.30440484103519,745.5699625461781,752.6954422371767,764.0109736079924,775.1251874733045,781.7307206605174
paper,medium,2013-06-30,2014Q3,6,INV,764.93210291098,801.2542463678329,-36.32214345685293,744.9460636254402,752.777517295444,764.7008344319795,777.5512851815823,784.7562033573931
paper,medium,2013-06-30,2014Q4,7,INV,765.9384922516613,801.3626822057217,-35.424189954060466,743.1626202706981,752.3616241309198,766.1095555888407,779.0968695458206,788.1387255835458
paper,medium,2013-06-30,2015Q1,8,INV,767.0122707937135,804.7916977539779,-37.77942696026446,743.3560845916921,752.7539573313555,767.0384144386708,781.2118369462361,790.8681684105427
paper,medium,2013-06-30,2013Q2,1,WAGE,463.2593647072772,460.8375044937003,2.421860213576906,462.06163818689805,462.5466455031506,463.25159522587876,463.96820889591896,464.49400664769513
paper,medium,2013-06-30,2013Q3,2,WAGE,463.55631530580035,460.07403889087055,3.4822764149297996,461.83535229028007,462.54150102923126,463.52719146041795,464.58179850523567,465.3073206153542
paper,medium,2013-06-30,2013Q4,3,WAGE,463.85459144960555,460.4549993708612,3.3995920787443765,461.71696276277527,462.5914410436141,463.82515057464843,465.12843918224496,466.02388440910136
paper,medium,2013-06-30,2014Q1,4,WAGE,464.15895654024865,461.71778051123687,2.4411760290117854,461.60826721275885,462.5444368125419,464.1959183719602,465.6811528128182,466.76898754772907
paper,medium,2013-06-30,2014Q2,5,WAGE,464.4576485674868,460.65692069017985,3.80072787730694,461.4710126361565,462.65298615184224,464.50680554028736,466.20316014207145,467.3201464723714
paper,medium,2013-06-30,2014Q3,6,WAGE,464.773609790376,460.9759638321899,3.797645958186081,461.4442930811133,462.7061496359426,464.8457546494994,466.78202063941785,468.0431546206879
paper,medium,2013-06-30,2014Q4,7,WAGE,465.04988752436304,462.26465802893273,2.7852294954303147,461.2617035852527,462.7380765691052,465.1542114552627,467.24806105102397,468.7077193325723
paper,medium,2013-06-30,2015Q1,8,WAGE,465.37392567051654,464.0489066112446,1.3250190592719377,461.20938523839953,462.8947845445298,465.5330945984084,467.8089500370267,469.1385673999074
paper,medium,2013-09-30,2013Q3,1,CONS,928.4272954050136,932.4955461653029,-4.068250760289288,927.485605953892,927.8192171418835,928.4349325686806,929.0159262601532,929.4039542865125
paper,medium,2013-09-30,2013Q4,2,CONS,929.0822726755983,933.2938463290335,-4.211573653435153,927.5265948918441,928.1580245890815,929.078257322088,930.0110589595287,930.5896500826603
paper,medium,2013-09-30,2014Q1,3,CONS,929.7856162474918,933.6764719277527,-3.89085568026087,927.650104813791,928.4843244249718,929.7859527544895,931.0646810062431,931.9190598413974
paper,medium,2013-09-30,2014Q2,4,CONS,930.4951213739095,934.6008205784117,-4.10569920450223,927.7965672251872,928.8296937556281,930.5310084882624,932.1255184509736,933.1992638850032
paper,medium,2013-09-30,2014Q3,5,CONS,931.1833498317419,935.5797543960106,-4.396404564268664,927.8937545115945,929.0967688655032,931.1686261880755,933.1869854738752,934.4659886608786
paper,medium,2013-09-30,2014Q4,6,CONS,931.9009298708771,936.6909581943073,-4.790028323430192,928.1077794546711,929.5601986125378,931.834122347207,934.3485146828547,935.7957576985328
paper,medium,2013-09-30,2015Q1,7,CONS,932.5996694545976,937.3559721122837,-4.756302657686092,928.3191984269494,929.9898447589051,932.5702380883545,935.3412780559879,936.964414643369
paper,medium,2013-09-30,2015Q2,8,CONS,933.3085618044906,938.0306918992713,-4.722130094780709,928.3668082012878,930.449458415762,933.2509473853515,936.3627283213598,938.1424714023104
paper,medium,2013-09-30,2013Q3,1,DEFL,466.8830283574214,462.40508197513793,4.477946382283449,466.4385333300838,466.61758186240496,466.8870430333188,467.1435250002175,467.33007965879034
paper,medium,2013-09-30,2013Q4,2,DEFL,467.1790265258258,463.00091293350107,4.178113592324735,466.40766928100953,466.7080838694625,467.1901776694116,467.63711098987983,467.93834514980597
paper,medium,2013-09-30,2014Q1,3,DEFL,467.50075445733216,463.41657228293434,4.084182174397824,466.33208182130693,466.8129522268744,467.5196778935606,468.1857671025482,468.65235275493063
paper,medium,2013-09-30,2014Q2,4,DEFL,467.82941055423214,463.9813129431631,3.848097611069022,466.2278545234911,466.8569173276716,467.8419775810272,468.77600140543296,469.3810627996811
paper,medium,2013-09-30,2014Q3,5,DEFL,468.193192014693,464.4169720837101,3.7762199309829043,466.1486522938604,466.90163431316483,468.22910304644483,469.43426901084894,470.20561476423484
paper,medium,2013-09-30,2014Q4,6,DEFL,468.5701375128729,464.58321677069813,3.9869207421747888,465.9635644364405,466.98370029283717,468.6215269965722,470.14342016168087,471.09020380404536
paper,medium,2013-09-30,2015Q1,7,DEFL,468.9778185908426,464.5476847747226,4.430133816120019,465.72091947420114,467.0065719310391,469.04139700538497,470.84986872930864,472.0866999716239
paper,medium,2013-09-30,2015Q2,8,DEFL,469.4099428667959,465.0879418481692,4.322001018626736,465.6167254497889,467.1078497850464,469.46992478498953,471.65279589029444,473.09871724971254
paper,medium,2013-09-30,2013Q3,1,FFR,0.19835289953223847,0.08333333333333333,0.11501956619890515,-1.1714110145711976,-0.6141361679711563,0.1922113100943559,1.0436814175267934,1.563688079094892
paper,medium,2013-09-30,2013Q4,2,FFR,0.3394340695426188,0.08666666666666667,0.2527674028759521,-1.7969353812241606,-0.8912129877255591,0.352115017969418,1.5949201186056727,2.2824995960061596
paper,medium,2013-09-30,2014Q1,3,FFR,0.43187643624803934,0.07333333333333335,0.358543102914706,-2.224821054121788,-1.1747280754456122,0.4574431570576375,1.9742433236116907,2.9663586091174414
paper,medium,2013-09-30,2014Q2,4,FFR,0.5488466052860237,0.09333333333333334,0.45551327195269037,-2.582509603015883,-1.2599352647646558,0.5859520193292568,2.4071685157112532,3.572541325391262
paper,medium,2013-09-30,2014Q3,5,FFR,0.6871953329097742,0.09000000000000001,0.5971953329097742,-2.80976706010085,-1.370277135414288,0.7103774795449855,2.703515554222167,4.1082011961200235
paper,medium,2013-09-30,2014Q4,6,FFR,0.8505111227821888,0.09999999999999999,0.7505111227821888,-3.124428118983039,-1.4690314146705388,0.9090925462894162,3.1441676573860207,4.668435033481693
paper,medium,2013-09-30,2015Q1,7,FFR,0.9581510960017464,0.11,0.8481510960017464,-3.300902375414262,-1.4535811072465439,0.9840293241662357,3.419160336864732,4.995593580161555
paper,medium,2013-09-30,2015Q2,8,FFR,1.0996793882307863,0.12333333333333334,0.976346054897453,-3.2204445984837946,-1.52880824451581,1.1114660093943072,3.7023363853529294,5.443255772024385
paper,medium,2013-09-30,2013Q3,1,GDP,966.6073787071684,971.6841237441809,-5.076745037012415,965.3942221228823,965.85872798223,966.6006638068304,967.3545477940027,967.878615768323
paper,medium,2013-09-30,2013Q4,2,GDP,967.2653221671297,972.3927778506837,-5.12745568355399,965.2867111905582,966.0180790509379,967.2909319187265,968.447360695095,969.3011262050583
paper,medium,2013-09-30,2014Q1,3,GDP,967.9879327632068,972.0420537957549,-4.054121032548096,965.21770622778,966.2908248705028,967.9687062780404,969.6528750386422,970.7732045890004
paper,medium,2013-09-30,2014Q2,4,GDP,968.692013060721,973.318007678534,-4.625994617812921,965.3796980355974,966.6435497813823,968.6861704134403,970.7922638922076,972.1180571999994
paper,medium,2013-09-30,2014Q3,5,GDP,969.3883600247661,974.4762358890149,-5.087875864248758,965.3374250611264,966.9589130877935,969.3749581036859,971.9533165153216,973.4569149909668
paper,medium,2013-09-30,2014Q4,6,GDP,970.0928039833799,974.9242243231641,-4.831420339784245,965.4834278310254,967.2622399202603,970.0754117025347,972.9375521270927,974.724087082134
paper,medium,2013-09-30,2015Q1,7,GDP,970.8233509540192,975.7342483786737,-4.910897424654422,965.8841024601155,967.7506495175642,970.7319032320431,974.0499477201176,976.0397163380281
paper,medium,2013-09-30,2015Q2,8,GDP,971.5361712203377,976.31257427765,-4.776403057312336,966.0060552997418,968.0865352339489,971.4594393186873,975.1374784968,977.4938240490151
paper,medium,2013-09-30,2013Q3,1,HOURS,466.16181811098147,462.46198098094044,3.6998371300410327,465.1189666642575,465.5348636680747,466.16211036331424,466.80286234331413,467.20721131228566
paper,medium,2013-09-30,2013Q4,2,HOURS,466.4134762099458,462.7313209673723,3.682155242573515,464.47992374563586,465.2311400515115,466.40244146230935,467.6103617164282,468.29893617828964
paper,medium,2013-09-30,2014Q1,3,HOURS,466.6944146192282,463.23280500304094,3.4616096161872747,463.98869321341107,465.0263069906746,466.7295038693735,468.39746251525366,469.3603954786125
paper,medium,2013-09-30,2014Q2,4,HOURS,466.9410461345598,464.0228401803155,2.9182059542443426,463.4803605441898,464.731793950406,466.89057472074404,469.0853171740106,470.5559713128273
paper,medium,2013-09-30,2014Q3,5,HOURS,467.20469189047526,464.76260450244837,2.4420873880268914,462.83503649305027,464.5838581530907,467.19775874868435,469.8365594769698,471.7646485183233
paper,medium,2013-09-30,2014Q4,6,HOURS,467.4570804808711,465.875834515802,1.5812459650691153,462.27265151528417,464.39211009507306,467.4115494063329,470.48985428935254,472.71643054824995
paper,medium,2013-09-30,2015Q1,7,HOURS,467.7184430803502,466.15694228372104,1.5615007966291614,461.87888843829995,464.2482993013284,467.7219545688965,471.18732687497095,473.5760497294536
paper,medium,2013-09-30,2015Q2,8,HOURS,468.027238477233,466.5408850979831,1.4863533792499197,461.518125128502,464.2388220257774,468.0074802398158,471.7542243613411,474.63100255734486
paper,medium,2013-09-30,2013Q3,1,INV,783.9243904245558,795.8489837086637,-11.924593284107914,778.0108074948159,780.3842910197633,783.8965532793234,787.6074317945429,789.7608986330897
paper,medium,2013-09-30,2013Q4,2,INV,785.0180245287434,796.2111558645706,-11.193131335827275,776.0894795235973,779.5039618807343,785.0798944852384,790.3842393768186,794.2646319116889
paper,medium,2013-09-30,2014Q1,3,INV,786.2842727043363,795.0955980161558,-8.811325311819473,774.59060251099,779.1751268422439,786.2762464311979,793.4493781156682,798.0706227849615
paper,medium,2013-09-30,2014Q2,4,INV,787.2834279631221,799.2291631512261,-11.945735188103981,773.2064705078094,778.7467921781696,787.3297062198503,795.9214904525396,801.8629592657289
paper,medium,2013-09-30,2014Q3,5,INV,788.3526884219469,801.2542463678329,-12.901557945885997,771.8557531063144,778.675466965539,788.4430134067734,798.2245218868031,804.4641748268645
paper,medium,2013-09-30,2014Q4,6,INV,789.3709314687009,801.3626822057217,-11.99175073702088,770.7959395379079,778.5842867350875,789.4287620688781,800.7115306940186,807.7967490861698
paper,medium,2013-09-30,2015Q1,7,INV,790.5355781191739,804.7916977539779,-14.256119634804008,770.3647715942934,778.5362747855917,790.1567562500413,802.9974796989194,811.4302143362031
paper,medium,2013-09-30,2015Q2,8,INV,791.6822602779991,805.0922745163426,-13.410014238343479,769.6462225088515,778.9909527977105,791.3202055502383,804.9374089562559,814.5738685459688
paper,medium,2013-09-30,2013Q3,1,WAGE,461.1670006825921,460.07403889087055,1.0929617917215637,459.8416682490005,460.3991744058054,461.1405022316824,461.95692797147666,462.4970403700938
paper,medium,2013-09-30,2013Q4,2,WAGE,461.41618585642584,460.4549993708612,0.9611864855646672,459.6143516116481,460.35357830434015,461.4010260979187,462.52425990734105,463.1822977170252
paper,medium,2013-09-30,2014Q1,3,WAGE,461.6999707541794,461.71778051123687,-0.017809757057477782,459.4712069312096,460.34549040447473,461.7594925663577,463.02233687175476,463.88394065290174
paper,medium,2013-09-30,2014Q2,4,WAGE,462.02542023912684,460.65692069017985,1.3684995489469998,459.36077568677916,460.4467454455513,462.05280509052733,463.6023703743184,464.61463762493736
paper,medium,2013-09-30,2014Q3,5,WAGE,462.3342044302341,460.9759638321899,1.3582405980441763,459.3146337557753,460.54874034960534,462.3788103381006,464.1320510875361,465.2446990347082
paper,medium,2013-09-30,2014Q4,6,WAGE,462.652853372635,462.26465802893273,0.3881953437022503,459.1469832891795,460.6299436604431,462.67812565923975,464.6581419664547,465.88263655067743
paper,medium,2013-09-30,2015Q1,7,WAGE,462.9472975228376,464.0489066112446,-1.1016090884070309,459.07371204696534,460.798117235419,462.9267718394598,465.1484010654554,466.6400704320953
paper,medium,2013-09-30,2015Q2,8,WAGE,463.28172059952675,464.2369626977198,-0.9552420981930254,459.1976302305943,460.79323568111334,463.27981511753,465.6662192277895,467.3649715013888
paper,medium,2013-12-31,2013Q4,1,CONS,928.9508845623119,933.2938463290335,-4.342961766721601,927.9554799273975,928.3588481631181,928.9483366887578,929.5371808321671,929.9325313308991
paper,medium,2013-12-31,2014Q1,2,CONS,929.6469803482837,933.6764719277527,-4.029491579468981,928.1192023683649,928.6868935087384,929.6589862800749,930.5573166315328,931.2483629462289
paper,medium,2013-12-31,2014Q2,3,CONS,930.3295408827286,934.6008205784117,-4.27127969568312,928.2397478775268,929.1070701063255,930.349674589863,931.5607673386025,932.3243634439867
paper,medium,2013-12-31,2014Q3,4,CONS,930.9999353155513,935.5797543960106,-4.579819080459288,928.3252537532181,929.3692642521712,930.990404202879,932.5733983958468,933.631293523575
paper,medium,2013-12-31,2014Q4,5,CONS,931.7015609655531,936.6909581943073,-4.989397228754228,928.5225613849566,929.7436150071852,931.7020603610785,933.6336802204463,934.8647528870536
paper,medium,2013-12-31,2015Q1,6,CONS,932.4002124012112,937.3559721122837,-4.95575971107246,928.7821372133454,930.168311958534,932.371427501014,934.6439314718156,936.0599807964559
paper,medium,2013-12-31,2015Q2,7,CONS,933.0731254224803,938.0306918992713,-4.957566476791044,928.9982249467789,930.5225000972493,933.0831066519936,935.5551441351553,937.0701191997288
paper,medium,2013-12-31,2015Q3,8,CONS,933.7624201219488,938.7904212097346,-5.02800108778581,929.171693243207,930.928948075934,933.7098696467829,936.4520397631616,938.348256098653
paper,medium,2013-12-31,2013Q4,1,DEFL,467.42430611416154,463.00091293350107,4.423393180660469,466.96754222072747,467.1563168488237,467.4280037019593,467.6890347640751,467.86520919361755
paper,medium,2013-12-31,2014Q1,2,DEFL,467.81160442512424,463.41657228293434,4.395032142189905,467.0775392142812,467.35259088324557,467.8223790614966,468.2543118826875,468.58142538456593
paper,medium,2013-12-31,2014Q2,3,DEFL,468.22351457138797,463.9813129431631,4.242201628224848,467.0849182112859,467.54601514019146,468.24663999121174,468.90027802748597,469.3416838721431
paper,medium,2013-12-31,2014Q3,4,DEFL,468.664952093822,464.4169720837101,4.247980010111917,467.07759309718267,467.7249469828972,468.70571171286645,469.5785845569291,470.23232102164485
paper,medium,2013-12-31,2014Q4,5,DEFL,469.11017264240934,464.58321677069813,4.526955871711209,467.0407888297664,467.84655079645887,469.14437302822495,470.3296705465085,471.1420599724078
paper,medium,2013-12-31,2015Q1,6,DEFL,469.5816057226992,464.5476847747226,5.033920947976583,467.0115838063111,468.0175530651424,469.64510167394656,471.1195435368076,472.0802544472048
paper,medium,2013-12-31,2015Q2,7,DEFL,470.0693866428542,465.0879418481692,4.981444794685046,466.9930591384409,468.14169048060745,470.1604460056516,471.95988109489116,473.12644101958097
paper,medium,2013-12-31,2015Q3,8,DEFL,470.586804277337,465.38555827648497,5.201246000852052,466.9186063022565,468.30178580803965,470.6725274552456,472.8934364432138,474.17989513151906
paper,medium,2013-12-31,2013Q4,1,FFR,0.3074011493198886,0.08666666666666667,0.22073448265322193,-1.0172114938521517,-0.48221887487915704,0.30610841639913633,1.0894379591617358,1.6301766636133228
paper,medium,2013-12-31,2014Q1,2,FFR,0.5086888559156115,0.07333333333333335,0.43535552258227816,-1.5521771749237425,-0.735725761600069,0.5368693635907608,1.745993917351193,2.534687099264576
paper,medium,2013-12-31,2014Q2,3,FFR,0.598862266888938,0.09333333333333334,0.5055289335556046,-1.9007217647200425,-0.9450769049436389,0.5758422280927062,2.2090147044920547,3.168959604620121
paper,medium,2013-12-31,2014Q3,4,FFR,0.701276612117252,0.09000000000000001,0.611276612117252,-2.3304508573824183,-1.056907861557801,0.6902621248275398,2.535984900230916,3.7106735536569206
paper,medium,2013-12-31,2014Q4,5,FFR,0.8656195637995043,0.09999999999999999,0.7656195637995044,-2.5710100081049254,-1.184628442737034,0.8728694398115706,2.8986256652027955,4.242698128785321
paper,medium,2013-12-31,2015Q1,6,FFR,1.0761695006819434,0.11,0.9661695006819434,-2.6176700761999974,-1.246549007299695,1.104641624120847,3.2733636195885287,4.832658982047636
paper,medium,2013-12-31,2015Q2,7,FFR,1.2013996502362057,0.12333333333333334,1.0780663169028724,-2.813056367172349,-1.2725795474298478,1.203160457451645,3.7381822848086528,5.197404612746891
paper,medium,2013-12-31,2015Q3,8,FFR,1.3317415735734335,0.1366666666666667,1.1950749069067668,-2.885356039620864,-1.1949999692043856,1.2844063311257472,3.9811292897715247,5.80506780476709
paper,medium,2013-12-31,2013Q4,1,GDP,967.6216935681427,972.3927778506837,-4.771084282540983,966.3599465045537,966.8879351336917,967.605505584426,968.393597813181,968.8923369752663
paper,medium,2013-12-31,2014Q1,2,GDP,968.3088990410897,972.0420537957549,-3.733154754665179,966.2765047114491,967.1094892633809,968.3064159537829,969.4829933053386,970.3602917880819
paper,medium,2013-12-31,2014Q2,3,GDP,968.9687320820819,973.318007678534,-4.349275596452003,966.1712487232678,967.3622096684455,968.9364143157833,970.5564037185644,971.7680374145867
paper,medium,2013-12-31,2014Q3,4,GDP,969.6524083414512,974.4762358890149,-4.823827547563724,966.2999527507526,967.597870661463,969.677043076804,971.5903699325431,973.0773892324818
paper,medium,2013-12-31,2014Q4,5,GDP,970.3910029364894,974.9242243231641,-4.533221386674768,966.3474374367663,967.9193450974565,970.3979158671401,972.7519646138722,974.3145682432298
paper,medium,2013-12-31,2015Q1,6,GDP,971.0889640176599,975.7342483786737,-4.645284361013751,966.6451112040526,968.3422239040168,971.0674565378556,973.7759358113619,975.5300277497793
paper,medium,2013-12-31,2015Q2,7,GDP,971.7854102140324,976.31257427765,-4.527164063617647,966.8271855408847,968.7095423794195,971.7945297134413,974.7906388381846,976.657051184203
paper,medium,2013-12-31,2015Q3,8,GDP,972.4849886934851,976.6354252252142,-4.150436531729156,967.0404028658664,969.1810563654468,972.4892946527298,975.8015386077948,978.0187683467983
paper,medium,2013-12-31,2013Q4,1,HOURS,466.6755094813011,462.7313209673723,3.9441885139287933,465.62814519396534,466.0306075824523,466.6826814716186,467.30373317790566,467.729762449751
paper,medium,2013-12-31,2014Q1,2,HOURS,466.95360551559475,463.23280500304094,3.720800512553808,465.04483789619354,465.7936713154409,466.9458555441306,468.1059658322731,468.8651762865414
paper,medium,2013-12-31,2014Q2,3,HOURS,467.2255126090375,464.0228401803155,3.2026724287219963,464.4515947982834,465.6090522647397,467.23026426437565,468.8863377551056,470.0467299710054
paper,medium,2013-12-31,2014Q3,4,HOURS,467.48813726205304,464.76260450244837,2.7255327596046754,463.87284211913766,465.42931830583984,467.5198472919475,469.5637639456756,471.05459576317566
paper,medium,2013-12-31,2014Q4,5,HOURS,467.7703210844836,465.875834515802,1.8944865686816001,463.46727890418083,465.20297961574465,467.78448346349626,470.2670255233005,471.989869475456
paper,medium,2013-12-31,2015Q1,6,HOURS,468.03774619259553,466.15694228372104,1.8808039088744977,463.0162164146055,465.0809346349925,468.08501788285434,471.00028589049714,472.9125922957623
paper,medium,2013-12-31,2015Q2,7,HOURS,468.30360408257695,466.5408850979831,1.762718984593846,462.7143933745883,464.9707879150405,468.32277848838544,471.67157171762375,473.7242897918636
paper,medium,2013-12-31,2015Q3,8,HOURS,468.58612714110353,466.55500719768037,2.031119943423164,462.55917811386007,464.94196055182914,468.5472640190402,472.31018591793446,474.72920392312295
paper,medium,2013-12-31,2013Q4,1,INV,787.897187724266,796.2111558645706,-8.31396814030461,782.1909816182377,784.3784852350074,787.9502867128289,791.3710120438881,793.6320111565777
paper,medium,2013-12-31,2014Q1,2,INV,788.9545956598719,795.0955980161558,-6.141002356283934,780.2101186189996,783.6681153520655,788.9409238186358,794.4788976951195,797.6627698645461
paper,medium,2013-12-31,2014Q2,3,INV,789.8648882394789,799.2291631512261,-9.364274911747202,778.4563284948787,782.8718026290053,790.0496566116183,796.5934295384986,801.5685975985122
paper,medium,2013-12-31,2014Q3,4,INV,790.8761343055431,801.2542463678329,-10.378112062289802,776.8595623736012,782.4621491435665,790.8243646024857,799.2081240582593,804.8943514080711
paper,medium,2013-12-31,2014Q4,5,INV,792.0070388378255,801.3626822057217,-9.355643367896278,775.8887310146889,782.066151716252,791.9892303558913,801.6859842117527,808.0503757668492
paper,medium,2013-12-31,2015Q1,6,INV,793.055570213949,804.7916977539779,-11.736127540028974,775.4353820334106,781.8836604802333,793.230026669426,803.8119194276476,810.9450739986523
paper,medium,2013-12-31,2015Q2,7,INV,794.0630053563318,805.0922745163426,-11.029269160010813,774.2340487759535,781.8674738228675,794.4309327772262,805.6182710324993,813.7138782533706
paper,medium,2013-12-31,2015Q3,8,INV,795.064082339374,804.8901376180519,-9.826055278677927,773.8258646594304,781.8601817354955,795.1072132853855,807.8278383515731,816.5050878592772
paper,medium,2013-12-31,2013Q4,1,WAGE,461.364086978326,460.4549993708612,0.9090876074648122,460.04802881569606,460.59134185712566,461.3849262346621,462.18042512203925,462.65713012784306
paper,medium,2013-12-31,2014Q1,2,WAGE,461.65368422839686,461.71778051123687,-0.06409628284001201,459.95039490041034,460.602754077572,461.6565125215535,462.7542677675609,463.4997124086981
paper,medium,2013-12-31,2014Q2,3,WAGE,461.9797411673284,460.65692069017985,1.322820477148582,459.7584721656939,460.68375185279143,461.9680220844258,463.28636825928425,464.20535169510276
paper,medium,2013-12-31,2014Q3,4,WAGE,462.3049628901083,460.9759638321899,1.328999057918395,459.68072267626735,460.7302427162127,462.27581124269096,463.82560645680013,464.9528956740555
paper,medium,2013-12-31,2014Q4,5,WAGE,462.6090756895552,462.26465802893273,0.3444176606224687,459.725848379312,460.8180769619721,462.5925465575698,464.3624641256331,465.57143764359
paper,medium,2013-12-31,2015Q1,6,WAGE,462.91079098724293,464.0489066112446,-1.1381156240016708,459.5223608485992,460.90380754603746,462.91325432888544,464.9268874601384,466.3730035009088
paper,medium,2013-12-31,2015Q2,7,WAGE,463.21549297015997,464.2369626977198,-1.0214697275598041,459.5959931598236,461.08370397537044,463.2305289235453,465.36439463925205,466.7476274072093
paper,medium,2013-12-31,2015Q3,8,WAGE,463.5058334641709,464.55344757775157,-1.0476141135806643,459.6034044317616,461.17351916297184,463.5141037200556,465.72717131919114,467.35208097810664
paper,medium,2014-03-31,2014Q1,1,CONS,929.7828260188764,933.6764719277527,-3.8936459088762376,928.7503764896453,929.2156926559711,929.7846145999235,930.3810206060716,930.7447301003281
paper,medium,2014-03-31,2014Q2,2,CONS,930.4995321624743,934.6008205784117,-4.101288415937347,928.9903672742767,929.5409696273789,930.4890490687312,931.4538611543983,932.0113960226795
paper,medium,2014-03-31,2014Q3,3,CONS,931.1987025014473,935.5797543960106,-4.381051894563257,929.1506554979208,929.9311957950072,931.1729219403713,932.5244428871782,933.3122921146296
paper,medium,2014-03-31,2014Q4,4,CONS,931.916857673153,936.6909581943073,-4.77410052115431,929.2647507243414,930.3103545416858,931.9141960642266,933.57739828083,934.5707963904565
paper,medium,2014-03-31,2015Q1,5,CONS,932.6033050932095,937.3559721122837,-4.752667019074124,929.4329855496845,930.6289031194034,932.5973031041444,934.5472589999624,935.7121372768047
paper,medium,2014-03-31,2015Q2,6,CONS,933.2859237475195,938.0306918992713,-4.744768151751828,929.6334638048963,931.0586470344763,933.3102697824604,935.5132333536038,936.9266217394056
paper,medium,2014-03-31,2015Q3,7,CONS,933.9959393570626,938.7904212097346,-4.794481852671993,929.7663094203529,931.5041388725972,933.9910005595938,936.4828775090207,938.1873274471811
paper,medium,2014-03-31,2015Q4,8,CONS,934.7009551777487,939.2924061077128,-4.5914509299641395,930.203463836138,932.047899563091,934.691764953046,937.4462795544209,939.3861488912837
paper,medium,2014-03-31,2014Q1,1,DEFL,467.8641762571666,463.41657228293434,4.4476039742322655,467.4247091624504,467.6010451088284,467.8706251316162,468.12556128135617,468.3094553637369
paper,medium,2014-03-31,2014Q2,2,DEFL,468.29897270061645,463.9813129431631,4.3176597574533275,467.53184532038836,467.83681314884444,468.29701825178995,468.75433895111166,469.08377626699604
paper,medium,2014-03-31,2014Q3,3,DEFL,468.76660475122753,464.4169720837101,4.349632667517426,467.6292192857176,468.0844638605661,468.774942223119,469.47231204320695,469.8831198731023
paper,medium,2014-03-31,2014Q4,4,DEFL,469.2400993324917,464.58321677069813,4.656882561793566,467.65542063449175,468.27907738358874,469.24471666690476,470.21488854741614,470.79164792971176
paper,medium,2014-03-31,2015Q1,5,DEFL,469.74695496474783,464.5476847747226,5.199270190025231,467.6880598745693,468.4615389753741,469.78995510364905,471.00050773734966,471.710074006716
paper,medium,2014-03-31,2015Q2,6,DEFL,470.2702018866029,465.0879418481692,5.1822600384336965,467.68130309338983,468.63294284674254,470.2874338677566,471.82667419457687,472.727617808207
paper,medium,2014-03-31,2015Q3,7,DEFL,470.8003744632037,465.38555827648497,5.414816186718724,467.6446460432884,468.8639134636759,470.8439811289297,472.6942477233133,473.78700385147226
paper,medium,2014-03-31,2015Q4,8,DEFL,471.35078379643454,465.37603301548563,5.974750780948909,467.5745706324411,469.0339043676053,471.4318146245299,473.56385033486447,474.90426505893214
paper,medium,2014-03-31,2014Q1,1,FFR,0.3671778375631612,0.07333333333333335,0.29384450422982783,-0.9026806682061772,-0.43534114056538004,0.36695004191514596,1.1972680943674356,1.691631917413646
paper,medium,2014-03-31,2014Q2,2,FFR,0.5758072584735405,0.09333333333333334,0.4824739251402072,-1.373937890443562,-0.6012150601815522,0.5905164564036965,1.7491443154969089,2.522608971075837
paper,medium,2014-03-31,2014Q3,3,FFR,0.7334165814865635,0.09000000000000001,0.6434165814865636,-1.7987057065470187,-0.7306144499057675,0.7374526490261573,2.2276934864406193,3.093823426559111
paper,medium,2014-03-31,2014Q4,4,FFR,0.8874002958422044,0.09999999999999999,0.7874002958422044,-2.1540373405775055,-0.8693675662306581,0.8981175921516219,2.703988589843365,3.7859457457802437
paper,medium,2014-03-31,2015Q1,5,FFR,1.0594027308507228,0.11,0.9494027308507228,-2.4447276621704814,-1.058125254868097,1.057356074006339,3.2122943305437155,4.479420884657407
paper,medium,2014-03-31,2015Q2,6,FFR,1.2104366407664653,0.12333333333333334,1.087103307433132,-2.649586784211954,-1.080455862632581,1.2199051275693968,3.5160129002059883,4.838649541750204
paper,medium,2014-03-31,2015Q3,7,FFR,1.361250641232482,0.1366666666666667,1.2245839745658154,-2.798171666043623,-1.0678890238460959,1.3563799700059107,3.865299263713671,5.29977184194027
paper,medium,2014-03-31,2015Q4,8,FFR,1.526373837625791,0.16,1.366373837625791,-2.7797830709633433,-0.9998517644591927,1.5733800964470157,4.100900834772615,5.6871860632613975
paper,medium,2014-03-31,2014Q1,1,GDP,968.4472878053405,972.0420537957549,-3.5947659904144302,967.2471004686456,967.6832296224948,968.4597102230814,969.1960332138933,969.7006431814812
paper,medium,2014-03-31,2014Q2,2,GDP,969.1686187198853,973.318007678534,-4.149388958648615,967.2553569311165,967.9866441875919,969.1350564471111,970.3616136867163,971.2019026201527
paper,medium,2014-03-31,2014Q3,3,GDP,969.8861518507721,974.4762358890149,-4.590084038242821,967.2610831608957,968.2633676772463,969.8936525822105,971.5413338993226,972.6420869671326
paper,medium,2014-03-31,2014Q4,4,GDP,970.6228109631978,974.9242243231641,-4.301413359966318,967.3523791558628,968.586004149655,970.6232603299435,972.6616822620999,974.1241366275408
paper,medium,2014-03-31,2015Q1,5,GDP,971.3342997530317,975.7342483786737,-4.399948625641969,967.3492464056797,968.9291678934078,971.3757157620241,973.6749560475923,975.3333219065362
paper,medium,2014-03-31,2015Q2,6,GDP,972.0211171567889,976.31257427765,-4.291457120861082,967.4884834742601,969.2920181990555,972.0234359062097,974.6695084609145,976.4832610862028
paper,medium,2014-03-31,2015Q3,7,GDP,972.709649808893,976.6354252252142,-3.925775416321244,967.6653454107391,969.7777015479013,972.7562516498899,975.6690574369707,977.5955542661655
paper,medium,2014-03-31,2015Q4,8,GDP,973.4316343593007,976.7815527534941,-3.3499183941934234,967.953111970653,970.2004291748719,973.441251395444,976.6214421901911,978.7922134010906
paper,medium,2014-03-31,2014Q1,1,HOURS,467.24868834885837,463.23280500304094,4.015883345817429,466.2388372715625,466.6110588352553,467.2499081313774,467.86552348752843,468.3150801924308
paper,medium,2014-03-31,2014Q2,2,HOURS,467.5902186972548,464.0228401803155,3.5673785169393,465.70464479193936,466.4424402166901,467.5983082508605,468.68836324821444,469.4666094328239
paper,medium,2014-03-31,2014Q3,3,HOURS,467.90726919465567,464.76260450244837,3.1446646922073,465.17872224174306,466.2954481031947,467.921750307087,469.56896628904764,470.58554284967795
paper,medium,2014-03-31,2014Q4,4,HOURS,468.19903405324726,465.875834515802,2.323199537445248,464.60175997503904,466.13209032268657,468.13670151822635,470.41545021580464,471.7099695147514
paper,medium,2014-03-31,2015Q1,5,HOURS,468.5011414507013,466.15694228372104,2.3441991669802746,464.2150860227294,465.9376852556264,468.52350827736336,471.07713644834,472.74275021360745
paper,medium,2014-03-31,2015Q2,6,HOURS,468.7754949665171,466.5408850979831,2.234609868533994,463.9410606660337,465.74297045458655,468.76495052387963,471.7452238292394,473.7497968101832
paper,medium,2014-03-31,2015Q3,7,HOURS,469.0169466492871,466.55500719768037,2.4619394516067246,463.6136447971649,465.58518383022835,469.0412037562632,472.4340899372375,474.5266893180543
paper,medium,2014-03-31,2015Q4,8,HOURS,469.30090343999166,467.1978005319704,2.103102908021242,463.18900401553145,465.6587582540503,469.31927592926,473.07630730451126,475.292753421539
paper,medium,2014-03-31,2014Q1,1,INV,789.3857509318236,795.0955980161558,-5.709847084332182,783.6295836349916,785.8677733179013,789.3918151190956,792.8169459643753,795.1370812589604
paper,medium,2014-03-31,2014Q2,2,INV,790.5143284262076,799.2291631512261,-8.714834725018477,781.7995901292715,785.3234429046358,790.3787782553262,795.7281498668348,799.1757608485823
paper,medium,2014-03-31,2014Q3,3,INV,791.6445357075058,801.2542463678329,-9.609710660327096,780.1506608649094,784.7213969239202,791.5879490089544,798.7833810046725,803.3456666503124
paper,medium,2014-03-31,2014Q4,4,INV,792.7228355353668,801.3626822057217,-8.639846670354927,778.8537065676486,784.6205135133788,792.5355737254,801.208864615466,807.0069593673379
paper,medium,2014-03-31,2015Q1,5,INV,793.7431788326883,804.7916977539779,-11.048518921289656,777.5818565985998,784.116718535198,793.9426164328963,803.5507531381974,809.9089448985927
paper,medium,2014-03-31,2015Q2,6,INV,794.7404717360507,805.0922745163426,-10.351802780291905,776.3577021089552,783.6154457902483,794.7075373254659,805.7583816868643,812.5322904622445
paper,medium,2014-03-31,2015Q3,7,INV,795.5803468829333,804.8901376180519,-9.309790735118554,775.728308984042,783.6842045784745,795.4545781915609,807.6846396738677,815.1178833041847
paper,medium,2014-03-31,2015Q4,8,INV,796.6726824346728,803.6802038162332,-7.007521381560423,775.1046847476983,783.496909916448,796.715413703377,809.4837855677002,817.8382942363214
paper,medium,2014-03-31,2014Q1,1,WAGE,461.4616378806717,461.71778051123687,-0.2561426305651935,460.1889911674498,460.72215236861894,461.449787506432,462.21697094389543,462.69318069016447
paper,medium,2014-03-31,2014Q2,2,WAGE,461.77518079007683,460.65692069017985,1.118260099896986,459.95741156734834,460.69029464207085,461.8082949899583,462.86690161437696,463.5649788128358
paper,medium,2014-03-31,2014Q3,3,WAGE,462.07967267857293,460.9759638321899,1.1037088463830287,459.74950362792794,460.7140052125559,462.1183944099648,463.4419447795833,464.21433364640353
paper,medium,2014-03-31,2014Q4,4,WAGE,462.3836100800327,462.26465802893273,0.11895205109999551,459.64518673538356,460.79314046236595,462.3631365625421,464.03149228057123,464.9866117412656
paper,medium,2014-03-31,2015Q1,5,WAGE,462.6790438319418,464.0489066112446,-1.3698627793028209,459.7506587229481,460.8522242774293,462.68721647490906,464.46184903372324,465.66858203957986
paper,medium,2014-03-31,2015Q2,6,WAGE,462.98607975066943,464.2369626977198,-1.2508829470503429,459.76936502498825,460.9250271310471,462.9797356239914,465.06399228096757,466.3926755375202
paper,medium,2014-03-31,2015Q3,7,WAGE,463.27732016054426,464.55344757775157,-1.2761274172073058,459.6695354310255,461.0574423832068,463.2377996488623,465.5108038368708,466.8947504293785
paper,medium,2014-03-31,2015Q4,8,WAGE,463.5633167148717,464.340964864176,-0.7776481493042979,459.6581194429215,461.1788646497832,463.4943577703417,466.05629370698523,467.50991863594066
paper,medium,2014-06-30,2014Q2,1,CONS,929.7782942866409,934.6008205784117,-4.822526291770828,928.8056404579334,929.1556472446857,929.771666293492,930.4065563709579,930.75960425344
paper,medium,2014-06-30,2014Q3,2,CONS,930.3455610988825,935.5797543960106,-5.2341932971280585,928.75224572121,929.4098163100704,930.3715010755725,931.2743670622494,931.9013776917425
paper,medium,2014-06-30,2014Q4,3,CONS,930.9134980093403,936.6909581943073,-5.777460184967026,928.720943990541,929.6439967518189,930.9224619582703,932.1861024401244,932.9901454172633
paper,medium,2014-06-30,2015Q1,4,CONS,931.567857245158,937.3559721122837,-5.788114867125614,928.7740896246534,929.9060973568894,931.5802157170041,933.2332910197274,934.2261346801948
paper,medium,2014-06-30,2015Q2,5,CONS,932.2331081538275,938.0306918992713,-5.797583745443831,928.9296875415728,930.2874083601424,932.2810980973916,934.1909550398894,935.4884550130022
paper,medium,2014-06-30,2015Q3,6,CONS,932.8938425981968,938.7904212097346,-5.896578611537848,928.9776914140575,930.6488626861318,932.9271657914609,935.1477343351031,936.6597978821662
paper,medium,2014-06-30,2015Q4,7,CONS,933.5426184662549,939.2924061077128,-5.749787641457942,929.1227926891884,930.955783543644,933.5555526978349,936.1943832712262,937.7864998960061
paper,medium,2014-06-30,2016Q1,8,CONS,934.2125846519482,940.0231374759705,-5.810552824022352,929.3247289647597,931.3798703511837,934.2121645417694,937.1322295970467,938.9563095406155
paper,medium,2014-06-30,2014Q2,1,DEFL,468.1715567452947,463.9813129431631,4.19024380213159,467.74388782349524,467.9084023463335,468.17289488247025,468.4357980335863,468.6106051025873
paper,medium,2014-06-30,2014Q3,2,DEFL,468.5552241870568,464.4169720837101,4.1382521033467015,467.796693954213,468.09577357343295,468.5700378371703,468.99968037733106,469.30965203144444
paper,medium,2014-06-30,2014Q4,3,DEFL,468.9270848041286,464.58321677069813,4.343868033430454,467.80842195022063,468.2426233793208,468.9156795005674,469.5924319386827,470.07723703335546
paper,medium,2014-06-30,2015Q1,4,DEFL,469.3040894726284,464.5476847747226,4.7564046979057935,467.75938668579613,468.34419818748785,469.2898984545146,470.2372096354562,470.87410322755716
paper,medium,2014-06-30,2015Q2,5,DEFL,469.72713896145206,465.0879418481692,4.639197113282876,467.72438287302805,468.5059040308641,469.6871561692758,470.96256194619235,471.8097757221331
paper,medium,2014-06-30,2015Q3,6,DEFL,470.15729827397104,465.38555827648497,4.7717399974860655,467.5998804636253,468.6215376889234,470.14698190805285,471.7177042787164,472.8055700707339
paper,medium,2014-06-30,2015Q4,7,DEFL,470.60131798904195,465.37603301548563,5.225284973556313,467.4961413777779,468.701353787903,470.59120312002796,472.4788845030619,473.76474297726037
paper,medium,2014-06-30,2016Q1,8,DEFL,471.07388981626997,465.29598498239403,5.777904833875937,467.4841596389967,468.8358376627682,471.0459687507702,473.2263218435103,474.8905348585224
paper,medium,2014-06-30,2014Q2,1,FFR,0.06536389706211108,0.09333333333333334,-0.027969436271222253,-1.2726308620829005,-0.7300075623987105,0.0636116862063166,0.8724621836185704,1.4111770344910233
paper,medium,2014-06-30,2014Q3,2,FFR,0.11447916495034116,0.09000000000000001,0.02447916495034115,-1.9211119421703062,-1.0904867903738171,0.08415669750348208,1.2972638769904297,2.1523700995247297
paper,medium,2014-06-30,2014Q4,3,FFR,0.27018298139434205,0.09999999999999999,0.17018298139434207,-2.279733608974224,-1.2877150927618592,0.2306601017509707,1.8279785046160317,2.9377217755766227
paper,medium,2014-06-30,2015Q1,4,FFR,0.41233634589186763,0.11,0.30233634589186764,-2.546366597799321,-1.412694975706204,0.37698388330226695,2.2395178427477407,3.529304033591416
paper,medium,2014-06-30,2015Q2,5,FFR,0.5150101699632785,0.12333333333333334,0.3916768366299452,-2.768718898564153,-1.5865019484859038,0.4874658707424534,2.5559571988158467,4.103107760882132
paper,medium,2014-06-30,2015Q3,6,FFR,0.6211405580474978,0.1366666666666667,0.4844738913808311,-3.099351594871366,-1.6747973990966274,0.6281530406306493,2.9083801516479557,4.642705213807709
paper,medium,2014-06-30,2015Q4,7,FFR,0.7455326174769105,0.16,0.5855326174769104,-3.3283777382236304,-1.7129032944687546,0.70193678916747,3.221355586805911,4.918629079343996
paper,medium,2014-06-30,2016Q1,8,FFR,0.853243198445046,0.36000000000000004,0.493243198445046,-3.4362084958457078,-1.6896635260975426,0.7784407061554118,3.4728732717984103,5.139183119655929
paper,medium,2014-06-30,2014Q2,1,GDP,967.5486538434316,973.318007678534,-5.769353835102379,966.2915453972291,966.7852802782645,967.5574099665741,968.3325761281163,968.8472825670189
paper,medium,2014-06-30,2014Q3,2,GDP,968.0823837487384,974.4762358890149,-6.393852140276522,966.051935760231,966.852897293797,968.1037705265117,969.2876207580945,970.1481310422911
paper,medium,2014-06-30,2014Q4,3,GDP,968.72450725953,974.9242243231641,-6.199717063634125,965.9660534619484,967.0275663563622,968.757533140807,970.4218120314407,971.4355637236386
paper,medium,2014-06-30,2015Q1,4,GDP,969.365252227625,975.7342483786737,-6.368996151048691,965.8706041454069,967.2725697637369,969.3791984863972,971.4264936916804,972.7065752717294
paper,medium,2014-06-30,2015Q2,5,GDP,970.0039640555592,976.31257427765,-6.308610222090806,965.8308690443555,967.555758744847,970.0046808192315,972.4110367739125,974.0426858389723
paper,medium,2014-06-30,2015Q3,6,GDP,970.6650366968423,976.6354252252142,-5.970388528371927,966.0227598167905,967.9088694293276,970.6943141127447,973.4217795003657,975.2716832642557
paper,medium,2014-06-30,2015Q4,7,GDP,971.3211786469769,976.7815527534941,-5.460374106517179,965.9004122079687,968.2455347852286,971.4064274011567,974.3874906246634,976.412113203629
paper,medium,2014-06-30,2016Q1,8,GDP,972.0090216887875,977.3690037449436,-5.359982056156127,966.2688763765594,968.5385385409792,972.1403820296136,975.4780958065335,977.5219181114613
paper,medium,2014-06-30,2014Q2,1,HOURS,467.5128610492088,464.0228401803155,3.490020868893339,466.4385566816677,466.87454780010825,467.52073946273805,468.1440479837771,468.56301621424177
paper,medium,2014-06-30,2014Q3,2,HOURS,467.6281665288801,464.76260450244837,2.8655620264317463,465.73516838509806,466.47450451322294,467.6179294594841,468.79851449850895,469.5079707667652
paper,medium,2014-06-30,2014Q4,3,HOURS,467.7564152078142,465.875834515802,1.8805806920121881,465.0596062087584,466.088279648284,467.741414352074,469.45560416763385,470.4893152604018
paper,medium,2014-06-30,2015Q1,4,HOURS,467.93519748859404,466.15694228372104,1.7782552048730054,464.2854930405705,465.7863675682637,467.9157669992878,470.15567607540936,471.52544349585276
paper,medium,2014-06-30,2015Q2,5,HOURS,468.14974688085636,466.5408850979831,1.608861782873248,463.7408623262869,465.5955341626761,468.10858684055904,470.879586195051,472.39749243921335
paper,medium,2014-06-30,2015Q3,6,HOURS,468.3842855340055,466.55500719768037,1.8292783363251601,463.08663980809666,465.52840148623187,468.36270363453673,471.51294526669705,473.3980771004972
paper,medium,2014-06-30,2015Q4,7,HOURS,468.637052561541,467.1978005319704,1.4392520295705822,462.8332587671355,465.4093540639842,468.6506971875322,471.97194445002987,474.4172643683195
paper,medium,2014-06-30,2016Q1,8,HOURS,468.90216874454876,467.58522965736216,1.3169390871865971,462.57569407992384,465.1657375163242,468.9349089085415,472.5166396469161,475.1811626596634
paper,medium,2014-06-30,2014Q2,1,INV,786.1354331727966,799.2291631512261,-13.093729978429451,780.0938071349523,782.5827496814509,786.1114919893996,789.6867684362742,792.0135273247781
paper,medium,2014-06-30,2014Q3,2,INV,786.642899237788,801.2542463678329,-14.61134713004492,777.55841787949,781.3576493881743,786.4872442067419,792.4008697398983,795.7690129776133
paper,medium,2014-06-30,2014Q4,3,INV,787.7673567669693,801.3626822057217,-13.595325438752411,775.8412469143645,780.5237428293002,787.7047160664764,795.2090048996185,799.8500127644272
paper,medium,2014-06-30,2015Q1,4,INV,788.7020038029546,804.7916977539779,-16.089693951023378,774.3319564306573,780.1369605400632,788.8840689966411,797.1298857270732,803.0626960516563
paper,medium,2014-06-30,2015Q2,5,INV,789.635862462402,805.0922745163426,-15.456412053940653,773.9833432450017,779.7848293705176,789.6927362972854,799.354423650565,805.4080577893744
paper,medium,2014-06-30,2015Q3,6,INV,790.6349856075781,804.8901376180519,-14.255152010473807,772.8562151466373,779.6499451854863,790.7135449317793,801.445038260515,808.2849497116745
paper,medium,2014-06-30,2015Q4,7,INV,791.6227825729588,803.6802038162332,-12.057421243274348,771.8870018558322,779.488490092463,792.0156844563146,803.8118491251329,811.0275002879977
paper,medium,2014-06-30,2016Q1,8,INV,792.7791022116921,803.2505963859908,-10.471494174298641,770.8043365920885,779.3412121472522,793.1415087258207,805.3851381863863,813.4729186016441
paper,medium,2014-06-30,2014Q2,1,WAGE,461.3347348943304,460.65692069017985,0.6778142041505362,460.0453653875467,460.52085710418856,461.36412371575693,462.125624534097,462.60712020123333
paper,medium,2014-06-30,2014Q3,2,WAGE,461.5966920565445,460.9759638321899,0.6207282243545933,459.6400949424242,460.49452692788384,461.62768267561,462.73514268148443,463.36922578614053
paper,medium,2014-06-30,2014Q4,3,WAGE,461.8299348481174,462.26465802893273,-0.43472318081535377,459.5304912487061,460.4740902017533,461.8363225248873,463.193957307415,464.05425894746514
paper,medium,2014-06-30,2015Q1,4,WAGE,462.06686494276806,464.0489066112446,-1.9820416684765405,459.3503234861806,460.51567166655263,462.0563977486911,463.64872910293434,464.6111247830516
paper,medium,2014-06-30,2015Q2,5,WAGE,462.3806670882131,464.2369626977198,-1.8562956095066738,459.2277838311968,460.5780583262212,462.4169068273285,464.1946577505225,465.29906691817143
paper,medium,2014-06-30,2015Q3,6,WAGE,462.6499726968162,464.55344757775157,-1.9034748809353914,459.115803881263,460.6704032599945,462.69221725244915,464.69966615821676,465.8126904573651
paper,medium,2014-06-30,2015Q4,7,WAGE,462.9062051158634,464.340964864176,-1.434759748312615,459.07540823356385,460.700781091764,462.9172007157995,465.1178263557277,466.4483943052595
paper,medium,2014-06-30,2016Q1,8,WAGE,463.17817885069076,464.4112014102709,-1.2330225595801494,459.01867014338785,460.77549103733963,463.1878719143237,465.65626954825785,467.1340975472549
paper,medium,2014-09-30,2014Q3,1,CONS,930.5279423734643,935.5797543960106,-5.051812022546301,929.5675632332878,929.9350905916949,930.5353729741478,931.1280252841399,931.4725008864374
paper,medium,2014-09-30,2014Q4,2,CONS,931.21385566119,936.6909581943073,-5.477102533117318,929.7275436451256,930.2855823805176,931.2240057049444,932.130293820906,932.7392162062396
paper,medium,2014-09-30,2015Q1,3,CONS,931.8969020690586,937.3559721122837,-5.459070043225097,929.8277439923291,930.582719747433,931.9087278735574,933.2436396163391,933.9993389964961
paper,medium,2014-09-30,2015Q2,4,CONS,932.5440043906771,938.0306918992713,-5.4866875085942866,929.8544738858715,930.8427204263648,932.5761119840457,934.2192506394288,935.3432575685666
paper,medium,2014-09-30,2015Q3,5,CONS,933.173703978182,938.7904212097346,-5.616717231552684,929.8372787128608,931.1320374685627,933.198199540502,935.1754512238882,936.5254173850932
paper,medium,2014-09-30,2015Q4,6,CONS,933.8454415552176,939.2924061077128,-5.446964552495274,929.9558156312527,931.4349780672144,933.8353583982978,936.2548605289339,937.7334217315988
paper,medium,2014-09-30,2016Q1,7,CONS,934.5118026176929,940.0231374759705,-5.511334858277678,930.0474748608175,931.7981472674956,934.5298542048097,937.1701218396958,938.948391574292
paper,medium,2014-09-30,2016Q2,8,CONS,935.1596158973778,940.5300639389587,-5.370448041580971,930.2536239858408,932.1821911553343,935.0953340351696,938.1714173679032,940.0276873693117
paper,medium,2014-09-30,2014Q3,1,DEFL,468.8775306649895,464.4169720837101,4.460558581279372,468.4515151412377,468.61496966638117,468.87907501014575,469.13352686837976,469.30316533092855
paper,medium,2014-09-30,2014Q4,2,DEFL,469.3319446983988,464.58321677069813,4.748727927700656,468.60028628390046,468.88796576281055,469.32421328832663,469.7863517458114,470.08138394519483
paper,medium,2014-09-30,2015Q1,3,DEFL,469.81877732302326,464.5476847747226,5.271092548300658,468.7316077082115,469.17047160952654,469.8107910731593,470.5015968996298,470.9497860391518
paper,medium,2014-09-30,2015Q2,4,DEFL,470.3408487545837,465.0879418481692,5.252906906414523,468.83439445813576,469.4220203800132,470.3339366375005,471.2736458719194,471.8612791139335
paper,medium,2014-09-30,2015Q3,5,DEFL,470.8798651717567,465.38555827648497,5.494306895271734,468.86645474192534,469.6778703428423,470.89762311533525,472.10861379832085,472.87769603854235
paper,medium,2014-09-30,2015Q4,6,DEFL,471.4353324442789,465.37603301548563,6.059299428793281,468.869091649994,469.8784023119772,471.4412429807458,472.9570502819688,473.9630435341057
paper,medium,2014-09-30,2016Q1,7,DEFL,472.00495688118605,465.29598498239403,6.708971898792015,468.896884425608,470.09868875314356,472.0142704979407,473.85797186254104,475.00166546514845
paper,medium,2014-09-30,2016Q2,8,DEFL,472.5888486725206,465.999922226677,6.58892644584364,468.9405071435818,470.40615352411794,472.5962940495852,474.75570680435214,476.22854321852105
paper,medium,2014-09-30,2014Q3,1,FFR,0.3261716564568876,0.09000000000000001,0.2361716564568876,-0.9790394822356965,-0.43925702891867774,0.3342667743287558,1.0758528496553232,1.6108616696609583
paper,medium,2014-09-30,2014Q4,2,FFR,0.6039866954045244,0.09999999999999999,0.5039866954045245,-1.3772469326645898,-0.5925972228657771,0.5707297948377761,1.8519792656483738,2.6589540661539535
paper,medium,2014-09-30,2015Q1,3,FFR,0.7951858383649744,0.11,0.6851858383649744,-1.695635049333624,-0.7317174299396295,0.7606111685773406,2.3057994715850754,3.347624294867177
paper,medium,2014-09-30,2015Q2,4,FFR,0.9055249756757576,0.12333333333333334,0.7821916423424243,-2.026642477082079,-0.8941487454650188,0.9094270854467383,2.699461745209714,3.832439418910234
paper,medium,2014-09-30,2015Q3,5,FFR,1.0471672009425772,0.1366666666666667,0.9105005342759105,-2.433432472213754,-1.0425161441522357,1.0811603801066747,3.1323444437276473,4.361896510677326
paper,medium,2014-09-30,2015Q4,6,FFR,1.2160376150437204,0.16,1.0560376150437205,-2.403688529909415,-1.0966741466249457,1.2222044547351456,3.4963876844113506,4.989859528402271
paper,medium,2014-09-30,2016Q1,7,FFR,1.3436837075465524,0.36000000000000004,0.9836837075465523,-2.6210834266257366,-1.070138717513754,1.3981490750207035,3.7596242622477427,5.259752998326865
paper,medium,2014-09-30,2016Q2,8,FFR,1.4493697135331505,0.37333333333333335,1.0760363801998172,-2.8540787399408862,-1.1070899784079784,1.4406961092674506,4.0478737318628815,5.845830477099255
paper,medium,2014-09-30,2014Q3,1,GDP,968.793280149589,974.4762358890149,-5.682955739425893,967.5138422538232,968.0182701498692,968.7939263387549,969.5767043001198,970.0458573934578
paper,medium,2014-09-30,2014Q4,2,GDP,969.5405681046456,974.9242243231641,-5.383656218518581,967.5447515638541,968.2692517412503,969.5615725351415,970.7543877446044,971.5743051902682
paper,medium,2014-09-30,2015Q1,3,GDP,970.1922368849827,975.7342483786737,-5.542011493691007,967.4851386017514,968.5171526263528,970.202055499652,971.847564176004,972.9192170538547
paper,medium,2014-09-30,2015Q2,4,GDP,970.8222645775026,976.31257427765,-5.4903097001474634,967.5007885211251,968.7442859982443,970.7975669528885,972.9211107812112,974.2373318968831
paper,medium,2014-09-30,2015Q3,5,GDP,971.4459620103015,976.6354252252142,-5.189463214912735,967.4027950479158,968.9899073897444,971.3711811332068,973.991576317623,975.5010743361736
paper,medium,2014-09-30,2015Q4,6,GDP,972.0840182364162,976.7815527534941,-4.697534517077884,967.5604597871754,969.2714690053117,971.9813698691739,974.9693744056405,976.7971161211923
paper,medium,2014-09-30,2016Q1,7,GDP,972.743587786621,977.3690037449436,-4.6254159583226055,967.5768739172458,969.6451853600852,972.7019713309655,975.9785631442626,977.9016885549237
paper,medium,2014-09-30,2016Q2,8,GDP,973.4048185851616,977.6709362762499,-4.266117691088311,967.7407015790715,969.9521610755522,973.3293686380487,976.9311586551186,979.1228931903104
paper,medium,2014-09-30,2014Q3,1,HOURS,468.41699281787675,464.76260450244837,3.6543883154283776,467.3783019665255,467.7762153510677,468.41683306191675,469.05536878822096,469.4883013983716
paper,medium,2014-09-30,2014Q4,2,HOURS,468.7559813291259,465.875834515802,2.880146813323904,466.915267945992,467.59451378655865,468.7657325245606,469.9278592320808,470.61609656010654
paper,medium,2014-09-30,2015Q1,3,HOURS,469.08472185299127,466.15694228372104,2.9277795692702284,466.4637145013555,467.4534325672533,469.0624608352151,470.74314083824595,471.76654372231377
paper,medium,2014-09-30,2015Q2,4,HOURS,469.3719506955057,466.5408850979831,2.8310655975225814,465.96359350141626,467.27554574326376,469.33716898026614,471.5228484203459,472.7706023515167
paper,medium,2014-09-30,2015Q3,5,HOURS,469.6038052253719,466.55500719768037,3.0487980276915323,465.5190723998456,467.0750356602097,469.5484456444847,472.18961282098866,473.84823190105186
paper,medium,2014-09-30,2015Q4,6,HOURS,469.8435743886853,467.1978005319704,2.645773856714868,464.966709625206,466.9211008588793,469.77126628225335,472.80199801073877,474.8762976281108
paper,medium,2014-09-30,2016Q1,7,HOURS,470.0655531998585,467.58522965736216,2.4803235424963646,464.61257324274425,466.81443604876483,470.00103723608936,473.4764991113379,475.69055654732307
paper,medium,2014-09-30,2016Q2,8,HOURS,470.3056115871512,467.88666449104284,2.4189470961083543,464.0275976677314,466.73658398715025,470.27351026808265,473.99418878939315,476.59264722726505
paper,medium,2014-09-30,2014Q3,1,INV,791.0400845817628,801.2542463678329,-10.214161786070122,785.3777327455063,787.5777696674584,791.0964204458505,794.4412892545699,796.5723892982893
paper,medium,2014-09-30,2014Q4,2,INV,792.4984175574637,801.3626822057217,-8.864264648258086,783.7745213894262,787.1588825929167,792.4658363882365,797.9752846414872,801.586917412532
paper,medium,2014-09-30,2015Q1,3,INV,793.4292743517391,804.7916977539779,-11.362423402238846,781.7008530303826,786.4833531737883,793.3442242442325,800.192135325833,805.2359344189366
paper,medium,2014-09-30,2015Q2,4,INV,794.1762926763756,805.0922745163426,-10.915981839967003,780.361577870182,785.6021199001566,794.3054118350774,802.4337900385098,808.5681880327967
paper,medium,2014-09-30,2015Q3,5,INV,795.0238712721508,804.8901376180519,-9.866266345901067,779.1739540282771,785.2939026225839,794.9384185829579,804.8168433308805,811.3438111348357
paper,medium,2014-09-30,2015Q4,6,INV,795.7189363810121,803.6802038162332,-7.961267435221089,777.916177679993,784.956052360344,795.3815278947242,806.5665760843958,813.9349302674947
paper,medium,2014-09-30,2016Q1,7,INV,796.5646449445475,803.2505963859908,-6.685951441443308,776.8906521214965,784.7401251142763,796.5042710380219,808.2297423566646,816.7322277481687
paper,medium,2014-09-30,2016Q2,8,INV,797.4168996531654,802.7258817867689,-5.308982133603536,776.70041232234,784.4770247037549,797.3516184750861,810.3641694276446,818.699535513241
paper,medium,2014-09-30,2014Q3,1,WAGE,461.65997199228474,460.9759638321899,0.6840081600948338,460.37910462596574,460.89142866232356,461.6367594726623,462.46881526556894,462.980070255867
paper,medium,2014-09-30,2014Q4,2,WAGE,461.90765556649603,462.26465802893273,-0.35700246243669653,460.05922681954684,460.80628266383314,461.91399168139606,463.0141425018627,463.73574019437456
paper,medium,2014-09-30,2015Q1,3,WAGE,462.1930139310974,464.0489066112446,-1.8558926801471785,459.8753758169123,460.7742363399324,462.2066757442426,463.6083738111898,464.50512176603814
paper,medium,2014-09-30,2015Q2,4,WAGE,462.4800818479641,464.2369626977198,-1.756880849755703,459.8295604240122,460.7986381091862,462.51790138465776,464.06304853572715,465.17857627797883
paper,medium,2014-09-30,2015Q3,5,WAGE,462.76451940273625,464.55344757775157,-1.7889281750153145,459.6596018189636,460.89974281412447,462.77910591093433,464.65917958284257,465.75727808429474
paper,medium,2014-09-30,2015Q4,6,WAGE,463.0845479043709,464.340964864176,-1.256416959805108,459.6305763132441,461.0579227629855,463.1328902852488,465.1538657676785,466.43013762936516
paper,medium,2014-09-30,2016Q1,7,WAGE,463.35930379163807,464.4112014102709,-1.051897618632836,459.4636982588584,461.1180914852905,463.36892459336536,465.635428310483,467.101432286798
paper,medium,2014-09-30,2016Q2,8,WAGE,463.61623508890534,463.97648307525907,-0.3602479863537269,459.5789990259973,461.13971119660306,463.65008061278786,466.0937626439489,467.7199035407145
paper,medium,2014-12-31,2014Q4,1,CONS,931.330786628553,936.6909581943073,-5.360171565754285,930.3556105584628,930.728342939354,931.3292720125016,931.9184370596558,932.3271947409423
paper,medium,2014-12-31,2015Q1,2,CONS,932.044903221935,937.3559721122837,-5.311068890348679,930.4808179035165,931.1671177220458,932.0007263097677,932.9745538974978,933.673064566141
paper,medium,2014-12-31,2015Q2,3,CONS,932.7353848232664,938.0306918992713,-5.295307076004974,930.559101244334,931.453399418493,932.6926424188589,934.051983464924,934.8542637766766
paper,medium,2014-12-31,2015Q3,4,CONS,933.3907872593575,938.7904212097346,-5.399633950377165,930.6056020434293,931.7713154404885,933.3927663076863,935.0039896588997,936.0894007982338
paper,medium,2014-12-31,2015Q4,5,CONS,934.0187502399035,939.2924061077128,-5.273655867809339,930.6321434134087,932.0428134436154,934.0231880538067,936.0174017840992,937.2218463224831
paper,medium,2014-12-31,2016Q1,6,CONS,934.647262272364,940.0231374759705,-5.375875203606597,930.817178848336,932.3457149928244,934.7006611230975,936.9249678054355,938.3551353364976
paper,medium,2014-12-31,2016Q2,7,CONS,935.3012501160256,940.5300639389587,-5.228813822933148,931.0061373138522,932.6627644876811,935.3338305346914,937.9626629956917,939.510373004125
paper,medium,2014-12-31,2016Q3,8,CONS,935.9392575389091,941.1141949781957,-5.174937439286509,931.07983822101,933.0393298001861,935.9584746663326,938.8736797396745,940.7087304563782
paper,medium,2014-12-31,2014Q4,1,DEFL,469.1750302987796,464.58321677069813,4.591813528081445,468.7257961147674,468.9121921178462,469.17419532372986,469.4396839421427,469.6188684247929
paper,medium,2014-12-31,2015Q1,2,DEFL,469.61224241121624,464.5476847747226,5.064557636493646,468.86248290193583,469.15406054332084,469.6195839769731,470.0610712087519,470.358363782446
paper,medium,2014-12-31,2015Q2,3,DEFL,470.1033934310955,465.0879418481692,5.015451582926346,468.9617951549207,469.431487713301,470.1039329279074,470.7832054201526,471.2482347861086
paper,medium,2014-12-31,2015Q3,4,DEFL,470.6004180514255,465.38555827648497,5.214859774940521,469.0171620798325,469.6820523209912,470.5970835058619,471.56098850267637,472.13002247636325
paper,medium,2014-12-31,2015Q4,5,DEFL,471.12457226141646,465.37603301548563,5.748539245930829,469.07775429356167,469.8758467170051,471.14088346170814,472.3713446317728,473.14594062214076
paper,medium,2014-12-31,2016Q1,6,DEFL,471.66296898385957,465.29598498239403,6.366984001465539,469.0310103817161,470.11264836152264,471.6960773439216,473.21442232014664,474.19295945903383
paper,medium,2014-12-31,2016Q2,7,DEFL,472.21717162138,465.999922226677,6.217249394703003,469.0854654840753,470.3474193647461,472.2770377889626,474.06895462163726,475.32538674063966
paper,medium,2014-12-31,2016Q3,8,DEFL,472.7879170682146,466.27690583674894,6.511011231465659,469.10775455643585,470.5944536522986,472.857355165688,474.99669877378204,476.5038812475643
paper,medium,2014-12-31,2014Q4,1,FFR,0.4925380856996783,0.09999999999999999,0.3925380856996783,-0.8376334696749278,-0.34799631760767225,0.4916414755623882,1.3094201071640392,1.8300896805048232
paper,medium,2014-12-31,2015Q1,2,FFR,0.7909255682372874,0.11,0.6809255682372874,-1.1450959697799759,-0.447070199521756,0.7434962501177214,2.0730243123807406,2.799698745857992
paper,medium,2014-12-31,2015Q2,3,FFR,0.9392433778022453,0.12333333333333334,0.815910044468912,-1.5318334507856337,-0.576984744210632,0.9329549815119551,2.3993988808980515,3.4764791781415982
paper,medium,2014-12-31,2015Q3,4,FFR,1.1049597335576378,0.1366666666666667,0.968293066890971,-1.8104054412447022,-0.6215582057195611,1.073378526227608,2.842870734475343,4.065957052148222
paper,medium,2014-12-31,2015Q4,5,FFR,1.2488034652033413,0.16,1.0888034652033414,-2.080195603580882,-0.754243828657268,1.2558661403285836,3.360918761154209,4.583133940286518
paper,medium,2014-12-31,2016Q1,6,FFR,1.4063850865433603,0.36000000000000004,1.0463850865433602,-2.3418791155216394,-0.7594807435308074,1.4277165026416618,3.6210008367884914,5.0394868956583965
paper,medium,2014-12-31,2016Q2,7,FFR,1.5187334750838728,0.37333333333333335,1.1454001417505395,-2.5864386868993483,-0.9170852403564148,1.5645953734710525,3.903770463999174,5.408901513313014
paper,medium,2014-12-31,2016Q3,8,FFR,1.6192341193461228,0.39666666666666667,1.222567452679456,-2.7518689676944126,-0.8945272482650997,1.689772132222903,4.191131311726274,5.78780524026534
paper,medium,2014-12-31,2014Q4,1,GDP,970.1234136820999,974.9242243231641,-4.800810641064231,968.8944163174931,969.3745500818818,970.1231987287892,970.8786636378953,971.3848197554048
paper,medium,2014-12-31,2015Q1,2,GDP,970.8315818294453,975.7342483786737,-4.902666549228343,968.8699133691497,969.6236794562275,970.8595689091065,972.06106385185,972.8872536041958
paper,medium,2014-12-31,2015Q2,3,GDP,971.5247925533274,976.31257427765,-4.787781724322599,968.775434058508,969.905530257775,971.5227549267129,973.1990657858744,974.2623068314585
paper,medium,2014-12-31,2015Q3,4,GDP,972.1981130523743,976.6354252252142,-4.437312172839938,968.6961715121586,970.1679595130512,972.2589978784542,974.2525211998858,975.491700918551
paper,medium,2014-12-31,2015Q4,5,GDP,972.8301000626617,976.7815527534941,-3.9514526908324115,968.6484216239417,970.43402786779,972.8870118476066,975.3155016323954,976.7465047861883
paper,medium,2014-12-31,2016Q1,6,GDP,973.4397187439708,977.3690037449436,-3.9292850009727545,968.7319139771913,970.615466048381,973.4662343508255,976.2642744309869,977.937732796584
paper,medium,2014-12-31,2016Q2,7,GDP,974.0726794041635,977.6709362762499,-3.598256872086381,968.6577604914628,970.933536266652,974.064286311591,977.1154040581024,979.2644715160021
paper,medium,2014-12-31,2016Q3,8,GDP,974.7414379581819,978.270252164766,-3.5288142065841157,968.8557047585468,971.2555837065709,974.7635275217215,978.167022952488,980.5032346776109
paper,medium,2014-12-31,2014Q4,1,HOURS,469.07769787994016,465.875834515802,3.2018633641381484,468.03673194400005,468.4539183107866,469.07327431085065,469.6898243536958,470.086143232983
paper,medium,2014-12-31,2015Q1,2,HOURS,469.5085625719705,466.15694228372104,3.351620288249478,467.58850653705036,468.3739597026118,469.52402656077334,470.6564191529815,471.42938602314376
paper,medium,2014-12-31,2015Q2,3,HOURS,469.89059333060845,466.5408850979831,3.3497082326253462,467.1452888909742,468.2512874148667,469.8985439596794,471.52424786875577,472.6174859535475
paper,medium,2014-12-31,2015Q3,4,HOURS,470.1786472767208,466.55500719768037,3.623640079040456,466.7188156443674,468.0414588559015,470.166952038305,472.37128583561935,473.7281641360754
paper,medium,2014-12-31,2015Q4,5,HOURS,470.3969621028526,467.1978005319704,3.199161570882211,466.1602727198204,467.87411703647945,470.428222942557,473.01595481060184,474.63530059975216
paper,medium,2014-12-31,2016Q1,6,HOURS,470.60517779005124,467.58522965736216,3.0199481326890805,465.6285065445927,467.58721275368777,470.63794627640516,473.5757691615805,475.467895204804
paper,medium,2014-12-31,2016Q2,7,HOURS,470.8202165695314,467.88666449104284,2.9335520784885603,465.08184215346216,467.3383812280363,470.88998853659746,474.14512344676007,476.3589472478504
paper,medium,2014-12-31,2016Q3,8,HOURS,471.0666232601397,468.1371679481668,2.9294553119729017,464.7915300404312,467.222393453542,471.15323590834385,474.724285626603,477.2286493338892
paper,medium,2014-12-31,2014Q4,1,INV,793.4963555052481,801.3626822057217,-7.866326700473678,787.7022852986723,789.9311943950448,793.5782777926331,796.9313354219627,799.2472890121827
paper,medium,2014-12-31,2015Q1,2,INV,794.8137691275101,804.7916977539779,-9.977928626467815,785.5701477122719,788.9899772424333,795.0798690758193,800.3970857996535,803.9499292404619
paper,medium,2014-12-31,2015Q2,3,INV,795.7604488290748,805.0922745163426,-9.331825687267838,783.5773621672756,788.2544770305531,795.9587088264379,802.8956927530352,807.3603607576222
paper,medium,2014-12-31,2015Q3,4,INV,796.591366758888,804.8901376180519,-8.298770859163938,782.2624503956072,787.7229068232324,796.794551301168,805.0736491708028,810.8468630328401
paper,medium,2014-12-31,2015Q4,5,INV,797.3466174112559,803.6802038162332,-6.333586404977268,780.7950924122493,787.5182818956125,797.5046966756621,807.3326481039799,813.1555371915482
paper,medium,2014-12-31,2016Q1,6,INV,797.9650878229085,803.2505963859908,-5.285508563082317,779.0275349013167,786.7424973513924,798.3413943937024,808.9609240878037,815.7973960250275
paper,medium,2014-12-31,2016Q2,7,INV,798.6904002551136,802.7258817867689,-4.035481531655364,778.1436893763823,786.3588566493522,799.3677346680824,810.4694296036937,819.3073182541852
paper,medium,2014-12-31,2016Q3,8,INV,799.6335477792196,802.9204149938417,-3.2868672146221343,777.3857467654215,786.1995675039284,799.9673494596329,812.6468360887875,821.0903286427988
paper,medium,2014-12-31,2014Q4,1,WAGE,460.87298439354566,462.26465802893273,-1.3916736353870647,459.5284854841738,460.09896969261223,460.8874543243819,461.67005917782694,462.1736912491116
paper,medium,2014-12-31,2015Q1,2,WAGE,461.1287610935269,464.0489066112446,-2.9201455177176854,459.3544277716247,460.0443505030757,461.1096110336091,462.2383647569906,462.9588258145047
paper,medium,2014-12-31,2015Q2,3,WAGE,461.4311379467832,464.2369626977198,-2.8058247509365515,459.1361705470482,460.04103042534047,461.41080445560493,462.8411958515484,463.6987705160446
paper,medium,2014-12-31,2015Q3,4,WAGE,461.6995894621913,464.55344757775157,-2.8538581155602856,458.9649613928648,460.1592001531943,461.6810586521042,463.3021452758738,464.30183153745065
paper,medium,2014-12-31,2015Q4,5,WAGE,461.9699493238585,464.340964864176,-2.371015540317501,459.0150062368979,460.0907118846543,461.9613193831374,463.8209248862468,464.9436188112293
paper,medium,2014-12-31,2016Q1,6,WAGE,462.2214308317503,464.4112014102709,-2.1897705785206085,458.8309506946969,460.12225095438663,462.2758998694126,464.2701936655556,465.5298604628864
paper,medium,2014-12-31,2016Q2,7,WAGE,462.49671667404107,463.97648307525907,-1.4797664012180007,458.6641252522687,460.2486193823342,462.5155397178378,464.76347150531655,466.23952492850367
paper,medium,2014-12-31,2016Q3,8,WAGE,462.74340392943304,464.00739019959724,-1.263986270164196,458.73069420086506,460.2855235374511,462.77835951962476,465.2478898045696,466.70977257723024
paper,medium,2015-03-31,2015Q1,1,CONS,932.4858813002548,937.3559721122837,-4.87009081202882,931.5104796738862,931.9023574012551,932.4766010750485,933.0685466812619,933.4893032312008
paper,medium,2015-03-31,2015Q2,2,CONS,933.2614582522672,938.0306918992713,-4.769233647004171,931.6656834762402,932.3315583162764,933.2778608941221,934.1978142036951,934.7951461349612
paper,medium,2015-03-31,2015Q3,3,CONS,934.0312116561266,938.7904212097346,-4.759209553608002,931.8071655232961,932.7387708948056,934.0760903520252,935.3144364290525,936.0486161834567
paper,medium,2015-03-31,2015Q4,4,CONS,934.7744802135749,939.2924061077128,-4.5179258941379885,931.9863377288101,933.1444798125924,934.8091220749861,936.3900270095165,937.4713726724526
paper,medium,2015-03-31,2016Q1,5,CONS,935.4408814678329,940.0231374759705,-4.58225600813762,932.1223379229976,933.4619659215847,935.4667246878435,937.4213633659348,938.5844562906175
paper,medium,2015-03-31,2016Q2,6,CONS,936.1038514963877,940.5300639389587,-4.426212442571,932.3083945807239,933.8184721640249,936.1313451896351,938.3451359786162,939.7889554106116
paper,medium,2015-03-31,2016Q3,7,CONS,936.7478722269116,941.1141949781957,-4.366322751284088,932.4332756990525,934.1738771142761,936.7150729671652,939.3243322901284,941.0404437737045
paper,medium,2015-03-31,2016Q4,8,CONS,937.3788746619579,941.597765893345,-4.218891231387147,932.6733418152259,934.4831961340078,937.3843171940357,940.1466265652552,942.1797806267906
paper,medium,2015-03-31,2015Q1,1,DEFL,469.1223560449846,464.5476847747226,4.574671270262002,468.69709859468657,468.8686397664861,469.1208674383416,469.37415034121057,469.53517648639905
paper,medium,2015-03-31,2015Q2,2,DEFL,469.4253251540689,465.0879418481692,4.337383305899721,468.6603886319053,468.96737077626125,469.44058631934377,469.8616880659562,470.1757167552659
paper,medium,2015-03-31,2015Q3,3,DEFL,469.7459166346212,465.38555827648497,4.360358358136239,468.60219037355796,469.08313873659176,469.7394298686572,470.40502644979944,470.8503375428494
paper,medium,2015-03-31,2015Q4,4,DEFL,470.0881041519641,465.37603301548563,4.712071136478471,468.5565696067603,469.18923217726496,470.08620489801064,470.9955033800939,471.5803333381919
paper,medium,2015-03-31,2016Q1,5,DEFL,470.4669681370574,465.29598498239403,5.170983154663361,468.4924160083961,469.25448965647576,470.4961736579356,471.6911958873334,472.4087097369204
paper,medium,2015-03-31,2016Q2,6,DEFL,470.861173786471,465.999922226677,4.861251559794027,468.32072953807864,469.32196351088544,470.8909216967472,472.3866844855818,473.3208261884724
paper,medium,2015-03-31,2016Q3,7,DEFL,471.2729049580491,466.27690583674894,4.9959991213001445,468.1665175191072,469.40425572749615,471.3211317003157,473.1154027367425,474.2783099786659
paper,medium,2015-03-31,2016Q4,8,DEFL,471.7005294412295,466.8022911971153,4.898238244114168,467.96842042994274,469.50141722191523,471.70126736412567,473.8940092107963,475.3743284078341
paper,medium,2015-03-31,2015Q1,1,FFR,0.48572944747978714,0.11,0.37572944747978715,-0.9021135498807743,-0.30749604303691896,0.5012337544783032,1.2888826752161051,1.8102639149293815
paper,medium,2015-03-31,2015Q2,2,FFR,0.7044061244454408,0.12333333333333334,0.5810727911121075,-1.448676913368322,-0.5157901808428016,0.7168654016712921,1.9538814390574766,2.7616500571390317
paper,medium,2015-03-31,2015Q3,3,FFR,0.9689110327812263,0.1366666666666667,0.8322443661145595,-1.6269045124135728,-0.5470236639640103,0.952616782540594,2.5136523250417273,3.460827561200721
paper,medium,2015-03-31,2015Q4,4,FFR,1.2430035603935945,0.16,1.0830035603935946,-1.8361738952983697,-0.5416959337551484,1.2585573866282949,3.0410829276028317,4.044072639004229
paper,medium,2015-03-31,2016Q1,5,FFR,1.3900084738484288,0.36000000000000004,1.0300084738484288,-1.9574963410704123,-0.6459599347464866,1.3756597766706158,3.493527792124256,4.7378033759513105
paper,medium,2015-03-31,2016Q2,6,FFR,1.5120812509865453,0.37333333333333335,1.138747917653212,-2.0838911615797673,-0.6312469294080534,1.4317999619649875,3.7941780682822115,5.108569392596702
paper,medium,2015-03-31,2016Q3,7,FFR,1.646992728737355,0.39666666666666667,1.2503260620706882,-2.2074981089262464,-0.6968519779592115,1.5919444784591374,4.117442306327009,5.477323569031853
paper,medium,2015-03-31,2016Q4,8,FFR,1.7344472104500204,0.45,1.2844472104500204,-2.5471888831753637,-0.7903509457164627,1.7101258366189827,4.363645826368962,5.905946855584477
paper,medium,2015-03-31,2015Q1,1,GDP,970.8327316324448,975.7342483786737,-4.901516746228822,969.5913744301947,970.057396947735,970.8200770565027,971.6105222255342,972.0760164257773
paper,medium,2015-03-31,2015Q2,2,GDP,971.6569821561286,976.31257427765,-4.6555921215214084,969.5787324782908,970.4499945011058,971.6689110346298,972.8575247913165,973.7225679148114
paper,medium,2015-03-31,2015Q3,3,GDP,972.4446437942908,976.6354252252142,-4.190781430923494,969.6514449512138,970.7630311189341,972.4800654984731,974.0993706923957,975.210306119
paper,medium,2015-03-31,2015Q4,4,GDP,973.202694520932,976.7815527534941,-3.5788582325620837,969.8004301696561,971.1844959132413,973.2236719106656,975.2836166434848,976.6294934127878
paper,medium,2015-03-31,2016Q1,5,GDP,973.9053122668199,977.3690037449436,-3.4636914781236783,969.8619467782916,971.443639511604,973.8863596579803,976.4177351738665,977.9450435539304
paper,medium,2015-03-31,2016Q2,6,GDP,974.5581790836769,977.6709362762499,-3.1127571925729853,969.9346174664946,971.7928370057418,974.5796086227385,977.3632303334273,979.1283322907526
paper,medium,2015-03-31,2016Q3,7,GDP,975.2122047635,978.270252164766,-3.0580474012659806,970.0142434644628,972.1088594379739,975.237408356234,978.3186991454571,980.3172158296842
paper,medium,2015-03-31,2016Q4,8,GDP,975.8330838030693,978.7659105426385,-2.9328267395692365,970.262241585121,972.577607317585,975.8817876058531,979.1806649337452,981.3612497527607
paper,medium,2015-03-31,2015Q1,1,HOURS,470.6387086251636,466.15694228372104,4.481766341442551,469.5548218014772,470.00219442724824,470.64803092852503,471.27912990349733,471.69324846302175
paper,medium,2015-03-31,2015Q2,2,HOURS,471.251267120987,466.5408850979831,4.710382023003888,469.3545231659315,470.13191507197917,471.2378723027281,472.38276303967706,473.2105898996939
paper,medium,2015-03-31,2015Q3,3,HOURS,471.7377591465409,466.55500719768037,5.182751948860528,468.9922085406076,470.0849822411991,471.7627554220637,473.30889733011117,474.49032175360685
paper,medium,2015-03-31,2015Q4,4,HOURS,472.17250031657863,467.1978005319704,4.9746997846082195,468.62687725601546,469.99265864818864,472.2126336874434,474.29581275487243,475.64834446547815
paper,medium,2015-03-31,2016Q1,5,HOURS,472.556287818437,467.58522965736216,4.971058161074836,468.2135948835391,469.87294658258963,472.5469774284201,475.18685132749835,477.04183508097344
paper,medium,2015-03-31,2016Q2,6,HOURS,472.88410642993773,467.88666449104284,4.9974419388948945,467.69048633573306,469.80641556893266,472.9101708131328,475.9726629127869,477.9162650951887
paper,medium,2015-03-31,2016Q3,7,HOURS,473.1872723151741,468.1371679481668,5.050104367007293,467.40512749997174,469.71136668766775,473.22425217493105,476.55265499961877,478.90515389334627
paper,medium,2015-03-31,2016Q4,8,HOURS,473.42659074332863,468.2260848352655,5.200505908063121,467.12975621417525,469.67133379326623,473.4223285626682,477.12696497971154,479.6999917696416
paper,medium,2015-03-31,2015Q1,1,INV,795.6883112262954,804.7916977539779,-9.103386527682574,789.6420445146233,792.2210719203133,795.7601532882139,799.1339533659601,801.4773646154656
paper,medium,2015-03-31,2015Q2,2,INV,797.3717749140164,805.0922745163426,-7.720499602326186,788.4539134204438,791.9908989398838,797.5375556900567,802.8220920807947,806.1939905937107
paper,medium,2015-03-31,2015Q3,3,INV,798.7015250029976,804.8901376180519,-6.1886126150542395,786.4405950980275,791.5325621080659,798.9119259350048,805.8360049684727,810.2987278853192
paper,medium,2015-03-31,2015Q4,4,INV,799.8717719111653,803.6802038162332,-3.8084319050678914,785.4488598938118,790.8108736088215,799.9321119444212,808.752447898373,813.978304231114
paper,medium,2015-03-31,2016Q1,5,INV,801.0586005323314,803.2505963859908,-2.191995853659364,784.473380148227,790.8449197896439,801.285063865675,810.9023414535214,817.357928776445
paper,medium,2015-03-31,2016Q2,6,INV,801.9087723977672,802.7258817867689,-0.8171093890017573,783.1908364318622,790.38657392183,802.129682223336,813.0895530570679,819.7984190473026
paper,medium,2015-03-31,2016Q3,7,INV,802.8591132709143,802.9204149938417,-0.06130172292739644,781.8781593649863,790.4764945001451,803.2896377215691,814.9268765153162,822.8168477782502
paper,medium,2015-03-31,2016Q4,8,INV,803.6011968919895,805.4387911774725,-1.8375942854829646,781.1864803789908,790.6501660920779,803.6628699595183,816.4490880846072,825.1158018975427
paper,medium,2015-03-31,2015Q1,1,WAGE,461.663531472529,464.0489066112446,-2.385375138715631,460.3936132247442,460.8898294734915,461.67604373153847,462.43554960740863,462.9147619389585
paper,medium,2015-03-31,2015Q2,2,WAGE,461.8854148918738,464.2369626977198,-2.351547805845996,460.11496806354575,460.7795572938611,461.8957526555645,462.9874283479704,463.6267071312608
paper,medium,2015-03-31,2015Q3,3,WAGE,462.1581986767117,464.55344757775157,-2.3952489010398494,459.9195786506342,460.8237164733068,462.1937716710691,463.4987784815674,464.41268250428175
paper,medium,2015-03-31,2015Q4,4,WAGE,462.39643386120355,464.340964864176,-1.9445310029724396,459.8206088496226,460.81838410308967,462.37761257912507,463.99286809089807,465.01509645879366
paper,medium,2015-03-31,2016Q1,5,WAGE,462.6494861027238,464.4112014102709,-1.7617153075470924,459.63584862566995,460.8716955718939,462.64750427287936,464.45210799606815,465.7220276265521
paper,medium,2015-03-31,2016Q2,6,WAGE,462.8870952648869,463.97648307525907,-1.089387810372159,459.489752008023,460.9287960035873,462.84995308041925,464.92914092099375,466.20734063988897
paper,medium,2015-03-31,2016Q3,7,WAGE,463.1219564937731,464.00739019959724,-0.8854337058241413,459.49571339394333,460.95627077721855,463.073643578776,465.3648406497844,466.801631855345
paper,medium,2015-03-31,2016Q4,8,WAGE,463.3720270792619,464.46312548690054,-1.0910984076386399,459.3915699482979,461.00077447128064,463.3955231501641,465.707399382182,467.2805201266856
paper,medium,2015-06-30,2015Q2,1,CONS,932.965336381599,938.0306918992713,-5.065355517672401,931.9779282280232,932.3937031056499,932.9589729113652,933.5517563934446,933.963795368863
paper,medium,2015-06-30,2015Q3,2,CONS,933.7711502001121,938.7904212097346,-5.019271009622571,932.317899842177,932.8777376470755,933.7482320012249,934.7098072259282,935.3345493188665
paper,medium,2015-06-30,2015Q4,3,CONS,934.5517276413193,939.2924061077128,-4.740678466393547,932.4441329736848,933.2573505927951,934.5985628184169,935.8312941569451,936.5742697284642
paper,medium,2015-06-30,2016Q1,4,CONS,935.3038020510353,940.0231374759705,-4.719335424935252,932.5246666164377,933.6428189542984,935.3433620259098,936.9014555412793,937.9529971849333
paper,medium,2015-06-30,2016Q2,5,CONS,936.0394229976171,940.5300639389587,-4.490640941341667,932.6671451469797,934.0460688667745,936.0661933032377,937.9636507357924,939.279777264041
paper,medium,2015-06-30,2016Q3,6,CONS,936.7785728668573,941.1141949781957,-4.335622111338353,932.9783881334198,934.4597533395718,936.8576987859773,938.994737594379,940.6045571637297
paper,medium,2015-06-30,2016Q4,7,CONS,937.5008623996603,941.597765893345,-4.096903493684749,933.1030516566568,934.9059261297053,937.5815716650043,940.0166998110958,941.8861176215247
paper,medium,2015-06-30,2017Q1,8,CONS,938.2145308471354,942.3021947169104,-4.087663869775042,933.2645031319798,935.309920043786,938.3296776445857,940.9744383571581,942.9372540173106
paper,medium,2015-06-30,2015Q2,1,DEFL,468.9674672965872,465.0879418481692,3.8795254484180077,468.5287339575694,468.7121516319351,468.96821766811945,469.22848921567623,469.3956545319529
paper,medium,2015-06-30,2015Q3,2,DEFL,469.0955250355119,465.38555827648497,3.7099667590269405,468.3259439932562,468.63208130074617,469.0967396987232,469.55890741562433,469.84153726006394
paper,medium,2015-06-30,2015Q4,3,DEFL,469.2157236484359,465.37603301548563,3.839690632950294,468.0868637614867,468.50130924067605,469.23217200700145,469.87057428312687,470.32831983564506
paper,medium,2015-06-30,2016Q1,4,DEFL,469.37085163096475,465.29598498239403,4.074866648570719,467.7694548110837,468.37016494396084,469.3964620506956,470.3064488115833,470.95315413776973
paper,medium,2015-06-30,2016Q2,5,DEFL,469.5549801358282,465.999922226677,3.5550579091512304,467.4943289577572,468.2737820584188,469.5693640848456,470.7582782307202,471.59428177065445
paper,medium,2015-06-30,2016Q3,6,DEFL,469.7695843235896,466.27690583674894,3.4926784868406457,467.1524404696885,468.1651118747962,469.7658666785694,471.30028164671523,472.3759205079243
paper,medium,2015-06-30,2016Q4,7,DEFL,470.0089714095657,466.8022911971153,3.206680212450351,466.9322548405069,468.06848483919754,470.01890226858563,471.8991772628028,473.1874790505094
paper,medium,2015-06-30,2017Q1,8,DEFL,470.27140080007905,467.31839116014726,2.9530096399317927,466.6209799420615,467.97465526652155,470.23521069516505,472.5436775012737,473.99132924540856
paper,medium,2015-06-30,2015Q2,1,FFR,0.014827002997703242,0.12333333333333334,-0.10850633033563009,-1.3678958695642618,-0.8048219881820141,0.028611910819191663,0.8635429468707049,1.333337261974704
paper,medium,2015-06-30,2015Q3,2,FFR,0.1232290831168908,0.1366666666666667,-0.01343758354977588,-1.910084031368514,-1.1060319617519185,0.14482546279225006,1.3735656429344931,2.140205127061393
paper,medium,2015-06-30,2015Q4,3,FFR,0.2775138683628033,0.16,0.11751386836280328,-2.3508130437400343,-1.2002802335496519,0.25938020205252793,1.7944617098522968,2.7243225848661887
paper,medium,2015-06-30,2016Q1,4,FFR,0.38793512369285493,0.36000000000000004,0.02793512369285489,-2.7616529369288134,-1.4259225123711499,0.36138586006186874,2.2065104823426673,3.3969110102480284
paper,medium,2015-06-30,2016Q2,5,FFR,0.4670141983224973,0.37333333333333335,0.09368086498916395,-2.9778461564874754,-1.6022526704490752,0.46561881617195144,2.5686661812839264,3.8603727760846613
paper,medium,2015-06-30,2016Q3,6,FFR,0.5678910892073509,0.39666666666666667,0.1712244225406842,-3.2880037641833364,-1.804972509473229,0.560315267826111,2.882064485341462,4.41276868238993
paper,medium,2015-06-30,2016Q4,7,FFR,0.6520465779457012,0.45,0.2020465779457012,-3.5164438022865867,-1.8264695598778122,0.6527540170380244,3.1159637315242428,4.953189159124079
paper,medium,2015-06-30,2017Q1,8,FFR,0.6990380109020312,0.7000000000000001,-0.0009619890979688517,-3.8006274586015194,-1.9342204130995642,0.6779594975373675,3.3342094618332805,5.20830537792451
paper,medium,2015-06-30,2015Q2,1,GDP,970.5110634919696,976.31257427765,-5.801510785680421,969.2562471583936,969.7325495325697,970.520520349708,971.2612529104036,971.7583239705349
paper,medium,2015-06-30,2015Q3,2,GDP,971.2336978104219,976.6354252252142,-5.40172741479239,969.2000219763947,970.0151065356514,971.2267549292516,972.4676307318413,973.3102814026322
paper,medium,2015-06-30,2015Q4,3,GDP,972.079577412285,976.7815527534941,-4.701975341209163,969.2975807432947,970.3609882103669,972.0877669481098,973.7873549631315,974.834126907787
paper,medium,2015-06-30,2016Q1,4,GDP,972.8714141422175,977.3690037449436,-4.497589602726066,969.4075231268926,970.6775402473331,972.8984881592783,974.9405665648873,976.3223549280527
paper,medium,2015-06-30,2016Q2,5,GDP,973.6223953664779,977.6709362762499,-4.048540909771987,969.5271557154045,971.0912292963632,973.6993921386885,976.0285443750312,977.5976759012649
paper,medium,2015-06-30,2016Q3,6,GDP,974.3354536800766,978.270252164766,-3.934798484689395,969.5357165283067,971.5006045491364,974.4681937951984,977.0657853237195,978.8567663054954
paper,medium,2015-06-30,2016Q4,7,GDP,975.0604945708162,978.7659105426385,-3.7054159718222763,969.5249686417777,971.9455565729311,975.226390403861,978.1851262853559,980.1815207457435
paper,medium,2015-06-30,2017Q1,8,GDP,975.7777837347468,979.1946532403157,-3.4168695055689113,969.7285001449395,972.3192195755505,975.9423794276711,979.0686398667931,981.2716376011147
paper,medium,2015-06-30,2015Q2,1,HOURS,470.62219861447994,466.5408850979831,4.081313516496834,469.52620308258355,469.9842452429403,470.6331675612132,471.2864048661847,471.6686937240946
paper,medium,2015-06-30,2015Q3,2,HOURS,470.9056978492646,466.55500719768037,4.350690651584216,468.9282853530722,469.76847401117385,470.93608808725503,472.0454013308332,472.76948130611396
paper,medium,2015-06-30,2015Q4,3,HOURS,471.22984564128035,467.1978005319704,4.032045109309934,468.37902479812595,469.5474396933423,471.25119154941797,472.8949184863314,473.9688131201285
paper,medium,2015-06-30,2016Q1,4,HOURS,471.5846591066841,467.58522965736216,3.9994294493219513,467.938918420386,469.42375240802096,471.54614587237813,473.77586523033,475.26192866665014
paper,medium,2015-06-30,2016Q2,5,HOURS,471.9201455363289,467.88666449104284,4.0334810452860665,467.38616986385205,469.22632833856574,471.97501441597376,474.59574229829985,476.3500123342404
paper,medium,2015-06-30,2016Q3,6,HOURS,472.2311039069736,468.1371679481668,4.09393595880681,466.86446175408,469.0376838211273,472.35649505450283,475.3397648667319,477.40227161062455
paper,medium,2015-06-30,2016Q4,7,HOURS,472.54658050782035,468.2260848352655,4.320495672554841,466.58730965328203,468.97758318581583,472.6778242772577,476.02450495854475,478.192634158822
paper,medium,2015-06-30,2017Q1,8,HOURS,472.84953484159274,468.5883438027266,4.261191038866116,466.21566774987843,469.0323244140695,473.02465027070866,476.6590966624347,479.0257943500088
paper,medium,2015-06-30,2015Q2,1,INV,794.2146436626819,805.0922745163426,-10.877630853660776,788.4114582982693,790.6292298623982,794.1508788906734,797.8842092875317,800.0384322150294
paper,medium,2015-06-30,2015Q3,2,INV,794.9447822856358,804.8901376180519,-9.945355332416057,785.7330732197671,789.5255650227726,795.0039586505106,800.1565945723937,804.1282492501922
paper,medium,2015-06-30,2015Q4,3,INV,796.3327502919213,803.6802038162332,-7.347453524311845,784.2397534817596,789.3915291050101,796.2161884451584,803.4940293388597,808.3973365269733
paper,medium,2015-06-30,2016Q1,4,INV,797.8460226093637,803.2505963859908,-5.404573776627103,783.7732645069129,789.1476526771246,797.9573014696834,806.8114163990106,812.0626310984121
paper,medium,2015-06-30,2016Q2,5,INV,799.1836202910965,802.7258817867689,-3.542261495672392,782.8766100960839,789.297757438527,799.3115894092045,809.1825487371088,814.9598576551737
paper,medium,2015-06-30,2016Q3,6,INV,800.2359417022673,802.9204149938417,-2.684473291574477,781.4467758385935,789.0592067129779,800.4613640242637,811.2629959654643,818.0969537712097
paper,medium,2015-06-30,2016Q4,7,INV,801.3762364210896,805.4387911774725,-4.062554756382838,781.3643308914105,789.4960287620017,801.4573266968098,813.6487024192267,820.8129761244986
paper,medium,2015-06-30,2017Q1,8,INV,802.4138223626279,804.9400556120976,-2.5262332494696693,780.7826261927407,789.9599984559725,802.5349797193026,815.5212085869547,823.2797955428424
paper,medium,2015-06-30,2015Q2,1,WAGE,463.574775899324,464.2369626977198,-0.6621867983957941,462.28051259333535,462.7930102323527,463.57217512662896,464.3534072405667,464.873081380334
paper,medium,2015-06-30,2015Q3,2,WAGE,463.97597324975845,464.55344757775157,-0.5774743279931158,462.1667106307515,462.8799981585818,463.96970583194843,465.0814950169563,465.80144985467365
paper,medium,2015-06-30,2015Q4,3,WAGE,464.3528588853952,464.340964864176,0.011894021219234219,462.0467862117826,462.9964085544869,464.3530877003539,465.7035271017675,466.67779518036457
paper,medium,2015-06-30,2016Q1,4,WAGE,464.678684046232,464.4112014102709,0.26748263596107336,461.9983183825588,463.0993625437265,464.661190526219,466.2815732753289,467.43673714542194
paper,medium,2015-06-30,2016Q2,5,WAGE,465.04403891629363,463.97648307525907,1.0675558410345616,461.9943073385723,463.1795935152012,465.00838122860375,466.9219226444306,468.163793605876
paper,medium,2015-06-30,2016Q3,6,WAGE,465.39673144445527,464.00739019959724,1.3893412448580307,462.07557279856917,463.31283282498964,465.3899657008698,467.44600724217906,468.8327572841069
paper,medium,2015-06-30,2016Q4,7,WAGE,465.7559220866189,464.46312548690054,1.292796599718372,462.02962802576803,463.51688612369463,465.7682283631027,467.9266413354184,469.4206345918806
paper,medium,2015-06-30,2017Q1,8,WAGE,466.10821957491424,464.76739655148157,1.3408230234326766,462.1072364948306,463.6707440533653,466.1156695673975,468.47528021933266,470.067803698821
paper,medium,2015-09-30,2015Q3,1,CONS,932.9451799955613,938.7904212097346,-5.84524121417337,931.9322189935458,932.3431629804622,932.9576235943308,933.5450449575351,933.9611960644081
paper,medium,2015-09-30,2015Q4,2,CONS,933.7216370639221,939.2924061077128,-5.570769043790733,932.2079484539655,932.7171350947377,933.7111093793271,934.6873303801102,935.334270982073
paper,medium,2015-09-30,2016Q1,3,CONS,934.418764749432,940.0231374759705,-5.6043727265386,932.2849116357143,933.1168624311812,934.3977338958878,935.7241533377614,936.5672491878239
paper,medium,2015-09-30,2016Q2,4,CONS,935.1193934444632,940.5300639389587,-5.410670494495548,932.3899173163608,933.4649588152272,935.1062392017471,936.8008966530655,937.8719862477445
paper,medium,2015-09-30,2016Q3,5,CONS,935.7835385196774,941.1141949781957,-5.330656458518206,932.5299019231444,933.7502378434898,935.8199592073022,937.824597228828,939.111751858256
paper,medium,2015-09-30,2016Q4,6,CONS,936.4390926732846,941.597765893345,-5.15867322006045,932.7273965821851,934.0558567237863,936.4713842714598,938.7474787513514,940.2072517942233
paper,medium,2015-09-30,2017Q1,7,CONS,937.1009109390344,942.3021947169104,-5.201283777876029,932.8861227078048,934.4979729877771,937.0657440744328,939.6411620061474,941.450960888702
paper,medium,2015-09-30,2017Q2,8,CONS,937.7654165934747,942.7015608775955,-4.9361442841208145,933.0505686374536,934.8718539698091,937.7456562867249,940.5788849735712,942.5767450321786
paper,medium,2015-09-30,2015Q3,1,DEFL,470.04981060135214,465.38555827648497,4.664252324867164,469.6011128046867,469.77756320674905,470.04524421447013,470.3252338078498,470.5035768362256
paper,medium,2015-09-30,2015Q4,2,DEFL,470.36516831176556,465.37603301548563,4.989135296279926,469.5819641568496,469.8967307828877,470.36452740249354,470.8368961068,471.14280881936526
paper,medium,2015-09-30,2016Q1,3,DEFL,470.72722436776036,465.29598498239403,5.431239385366325,469.54316785854076,470.0280702331019,470.7520668679043,471.4256818669267,471.8407940418395
paper,medium,2015-09-30,2016Q2,4,DEFL,471.1222671666847,465.999922226677,5.122344940007736,469.5903517851976,470.1681319029591,471.1328967614671,472.0665732885739,472.6807766446806
paper,medium,2015-09-30,2016Q3,5,DEFL,471.5328954930695,466.27690583674894,5.255989656320537,469.50903844647763,470.24858952917873,471.5414818144373,472.78772150580994,473.58381119799475
paper,medium,2015-09-30,2016Q4,6,DEFL,471.9684449107094,466.8022911971153,5.166153713594099,469.43408979931223,470.36395105523496,471.9813418117084,473.5503130200542,474.5277619942607
paper,medium,2015-09-30,2017Q1,7,DEFL,472.41403885184286,467.31839116014726,5.0956476916956035,469.3138051323449,470.51650087676813,472.42197136392383,474.3457723826785,475.4428504066642
paper,medium,2015-09-30,2017Q2,8,DEFL,472.87743184263803,467.62901269911987,5.248419143518163,469.2050723930691,470.6551364123313,472.86884720789624,475.126636123619,476.57197834457986
paper,medium,2015-09-30,2015Q3,1,FFR,0.3674991168174587,0.1366666666666667,0.23083245015079204,-0.9481141740840332,-0.4000032881545744,0.34139182843711213,1.1568188435675584,1.7013915421944903
paper,medium,2015-09-30,2015Q4,2,FFR,0.6284213586596148,0.16,0.46842135865961476,-1.328483931178702,-0.5459485718291548,0.6201274967406111,1.7812798467054014,2.636609833964712
paper,medium,2015-09-30,2016Q1,3,FFR,0.7496125918788042,0.36000000000000004,0.3896125918788042,-1.6358163322880763,-0.7546965959200976,0.7112181317845844,2.267302485290488,3.298862638601542
paper,medium,2015-09-30,2016Q2,4,FFR,0.870097027978636,0.37333333333333335,0.4967636946453026,-2.0481454686399307,-0.8538201362413042,0.8321202122315607,2.596443036123614,3.8566799510832706
paper,medium,2015-09-30,2016Q3,5,FFR,1.041886034778738,0.39666666666666667,0.6452193681120713,-2.1788419440244815,-0.9187145845692695,1.0263409760354114,2.9989357152625136,4.311654906169261
paper,medium,2015-09-30,2016Q4,6,FFR,1.1913881959244297,0.45,0.7413881959244297,-2.42313059741355,-0.9775214333304664,1.1880503695541202,3.31562338640727,4.9664978200767465
paper,medium,2015-09-30,2017Q1,7,FFR,1.300517692283956,0.7000000000000001,0.600517692283956,-2.6009213160062292,-1.075752809016141,1.3328967213999,3.6175668690416583,5.441650485291285
paper,medium,2015-09-30,2017Q2,8,FFR,1.4179888080374772,0.9500000000000001,0.4679888080374771,-2.850695453206167,-1.2036384582727,1.4335388142510537,3.9045186358216672,5.727481522366617
paper,medium,2015-09-30,2015Q3,1,GDP,970.855402475476,976.6354252252142,-5.780022749738237,969.55448206132,970.0810069292465,970.8773905855247,971.6128230753313,972.1290583113697
paper,medium,2015-09-30,2015Q4,2,GDP,971.7088204827753,976.7815527534941,-5.072732270718802,969.6578080544248,970.4882613419588,971.7114524450253,972.9253003992183,973.7394221077584
paper,medium,2015-09-30,2016Q1,3,GDP,972.4043960202787,977.3690037449436,-4.964607724664916,969.6823828975133,970.7800194497082,972.4184550412072,974.0203308080578,975.140352882737
paper,medium,2015-09-30,2016Q2,4,GDP,973.109652356577,977.6709362762499,-4.56128391967286,969.8090696821297,971.0742995302659,973.1010586319483,975.1394752923212,976.5831520384211
paper,medium,2015-09-30,2016Q3,5,GDP,973.797374841474,978.270252164766,-4.472877323291982,969.8098892908258,971.4098011411887,973.803959232685,976.2421891600129,977.8332893745129
paper,medium,2015-09-30,2016Q4,6,GDP,974.4577086957316,978.7659105426385,-4.308201846906854,969.955120622331,971.6954253542341,974.4885283173362,977.2317436609753,979.0093823607823
paper,medium,2015-09-30,2017Q1,7,GDP,975.1066935972855,979.1946532403157,-4.087959643030217,970.1398950229872,971.9821514949425,975.1484179818303,978.0726076215224,980.2128267972219
paper,medium,2015-09-30,2017Q2,8,GDP,975.745594726822,979.6971814310028,-3.9515867041808406,970.057867681046,972.3625442579452,975.7344447156827,979.1862337856905,981.5867904617505
paper,medium,2015-09-30,2015Q3,1,HOURS,471.0105749867636,466.55500719768037,4.455567789083204,469.9163061062765,470.35991181206373,471.00700582574086,471.64514301326005,472.0456942295156
paper,medium,2015-09-30,2015Q4,2,HOURS,471.42595283459076,467.1978005319704,4.2281523026203445,469.53459842041315,470.29135828727055,471.40940797485393,472.5571725292428,473.37854065856084
paper,medium,2015-09-30,2016Q1,3,HOURS,471.8010722879903,467.58522965736216,4.215842630628117,469.1813793449327,470.1798051223235,471.7746365679638,473.43063800806914,474.4396144635471
paper,medium,2015-09-30,2016Q2,4,HOURS,472.1501360487072,467.88666449104284,4.2634715576643885,468.6077667068018,470.025215784554,472.10404613922026,474.22666768235143,475.60551576063403
paper,medium,2015-09-30,2016Q3,5,HOURS,472.47996768882837,468.1371679481668,4.342799740661576,468.15766567376323,469.91231676336747,472.4616404383011,474.98692254700273,476.79439377259314
paper,medium,2015-09-30,2016Q4,6,HOURS,472.78478184452456,468.2260848352655,4.558697009259049,467.83567228988994,469.86465182493777,472.81113836261574,475.7685875102324,477.72991274235835
paper,medium,2015-09-30,2017Q1,7,HOURS,473.05819655611856,468.5883438027266,4.469852753391933,467.48851934496435,469.7594758159803,473.07841994150704,476.30592570722337,478.72377892726945
paper,medium,2015-09-30,2017Q2,8,HOURS,473.3197920926889,469.2906300292178,4.0291620634710625,467.17447039592315,469.6193883827276,473.26532704190697,476.9673709422547,479.7359800882232
paper,medium,2015-09-30,2015Q3,1,INV,797.1973016418178,804.8901376180519,-7.692835976234051,791.6881731522815,793.7511282165923,797.1282621339001,800.5356246791004,802.808519793803
paper,medium,2015-09-30,2015Q4,2,INV,798.7711801431285,803.6802038162332,-4.909023673104684,790.1561768105472,793.5799076310158,798.7692456150453,804.0579307918201,807.3497033598657
paper,medium,2015-09-30,2016Q1,3,INV,799.9827510257953,803.2505963859908,-3.2678453601954516,788.2465913151041,793.0191239811746,799.9655480589577,806.9774907736163,811.5546545713339
paper,medium,2015-09-30,2016Q2,4,INV,801.1497610198408,802.7258817867689,-1.5761207669281703,787.5457919889078,792.531442369224,801.0598229286115,809.8884980749186,814.8822694787328
paper,medium,2015-09-30,2016Q3,5,INV,802.2256543147822,802.9204149938417,-0.6947606790595273,785.9864297927132,792.8135663641681,802.3101544063313,811.56599477841,818.1921397970002
paper,medium,2015-09-30,2016Q4,6,INV,803.2479400606958,805.4387911774725,-2.1908511167766846,785.860063064595,792.5186219322159,803.176871952503,814.0631759465725,820.7797738010771
paper,medium,2015-09-30,2017Q1,7,INV,804.1108021768172,804.9400556120976,-0.8292534352804068,785.1890968474362,791.9298129245923,804.0166624990486,815.9162688903339,824.0478968591926
paper,medium,2015-09-30,2017Q2,8,INV,805.0541241786251,806.708034244384,-1.6539100657588506,784.5023282341476,792.3884907197726,805.100848914971,817.4630377052019,826.751749355159
paper,medium,2015-09-30,2015Q3,1,WAGE,463.3322603784765,464.55344757775157,-1.2211871992750503,462.03080599057444,462.5282089374292,463.3296584830158,464.1101910215882,464.6248958547225
paper,medium,2015-09-30,2015Q4,2,WAGE,463.6391296332327,464.340964864176,-0.7018352309432885,461.7700117132093,462.5332048759151,463.6247144709614,464.7784464276863,465.5001254777688
paper,medium,2015-09-30,2016Q1,3,WAGE,463.94005015298825,464.4112014102709,-0.4711512572826564,461.65869806648226,462.600057976553,463.9381177324047,465.27916391751023,466.1811171276839
paper,medium,2015-09-30,2016Q2,4,WAGE,464.24590874157025,463.97648307525907,0.2694256663111787,461.69569042797355,462.62597937065397,464.2621247881608,465.77962048178125,466.83751111705516
paper,medium,2015-09-30,2016Q3,5,WAGE,464.52598789678046,464.00739019959724,0.5185976971832247,461.5104626671966,462.7957747799498,464.51233479362827,466.25349697569027,467.48781974705605
paper,medium,2015-09-30,2016Q4,6,WAGE,464.81481480176797,464.46312548690054,0.3516893148674285,461.5073491046945,462.81128538672215,464.77397361390064,466.85960976942147,468.0358297723242
paper,medium,2015-09-30,2017Q1,7,WAGE,465.07842728586047,464.76739655148157,0.31103073437890316,461.5467299346883,462.96870700498886,464.99666643877765,467.32204348922954,468.6490694196804
paper,medium,2015-09-30,2017Q2,8,WAGE,465.37057299026236,465.25402947368775,0.11654351657460893,461.48634892658566,463.0356968239445,465.28795733554824,467.81669283009575,469.45093688065606
paper,medium,2015-12-31,2015Q4,1,CONS,933.6746783869318,939.2924061077128,-5.61772772078109,932.7308946627321,933.1005373855761,933.6725395267094,934.2715809755564,934.6705654475992
paper,medium,2015-12-31,2016Q1,2,CONS,934.4021359978076,940.0231374759705,-5.6210014781629525,932.8960720132117,933.4938222482143,934.4001695043213,935.3477067397224,935.8804318247223
paper,medium,2015-12-31,2016Q2,3,CONS,935.1112057799392,940.5300639389587,-5.418858159019578,933.1236949209879,933.870938425509,935.0958374604572,936.3643881524426,937.164860648911
paper,medium,2015-12-31,2016Q3,4,CONS,935.8512709607822,941.1141949781957,-5.262924017413411,933.2431963986077,934.3046552318115,935.8236003776831,937.4598803633926,938.4964334045623
paper,medium,2015-12-31,2016Q4,5,CONS,936.5786922116537,941.597765893345,-5.019073681691339,933.4710567596428,934.7136342639353,936.5236685996285,938.5224102815829,939.7139971104554
paper,medium,2015-12-31,2017Q1,6,CONS,937.3026493084143,942.3021947169104,-4.999545408496147,933.7017983772873,935.1698067279095,937.2063582492706,939.5345182262811,941.0558286094597
paper,medium,2015-12-31,2017Q2,7,CONS,938.0339166052265,942.7015608775955,-4.667644272368989,933.9333579699041,935.5907292187158,937.9826476098441,940.5707387739621,942.2208116668678
paper,medium,2015-12-31,2017Q3,8,CONS,938.740155150979,943.2961066624665,-4.5559515114874785,934.4183485658208,936.0269516140985,938.7230731139609,941.462552419736,943.2428594655534
paper,medium,2015-12-31,2015Q4,1,DEFL,470.4016045838703,465.37603301548563,5.0255715683846915,469.98200055226977,470.1481225086168,470.39520739832284,470.65505025784597,470.8319102575709
paper,medium,2015-12-31,2016Q1,2,DEFL,470.7598304418934,465.29598498239403,5.463845459499396,470.0126254683421,470.3334444073966,470.7476669808818,471.2172356503505,471.48450672816483
paper,medium,2015-12-31,2016Q2,3,DEFL,471.16188204544886,465.999922226677,5.161959818771891,470.0761006278585,470.495695939609,471.1445638793666,471.8436008508045,472.2533199605648
paper,medium,2015-12-31,2016Q3,4,DEFL,471.5569320898986,466.27690583674894,5.2800262531496855,470.0811068241622,470.658939137006,471.554618303961,472.44222663509555,473.07979726214063
paper,medium,2015-12-31,2016Q4,5,DEFL,471.9769222132076,466.8022911971153,5.174631016092292,470.04520576156625,470.796094196109,471.9577456810157,473.1439350010539,473.9859050288542
paper,medium,2015-12-31,2017Q1,6,DEFL,472.4094062109242,467.31839116014726,5.091015050776946,469.9709478402108,470.9388488416045,472.37129428892536,473.8818823790303,474.8579566906854
paper,medium,2015-12-31,2017Q2,7,DEFL,472.8664250591928,467.62901269911987,5.237412360072938,469.90467389405444,471.0598013342546,472.8286246353766,474.6415946882402,475.80663594165577
paper,medium,2015-12-31,2017Q3,8,DEFL,473.33894588859323,468.12975463756425,5.209191251028983,469.816187683797,471.1843512125395,473.305301236749,475.546310371269,476.82248181415036
paper,medium,2015-12-31,2015Q4,1,FFR,0.28554576631723877,0.16,0.12554576631723877,-1.0130379342522708,-0.5080820827912983,0.27262183178882526,1.1061235265512246,1.6191994869971769
paper,medium,2015-12-31,2016Q1,2,FFR,0.3430793137533569,0.36000000000000004,-0.01692068624664317,-1.6462077219909121,-0.8308796341944759,0.33719882310212196,1.5215283980561287,2.347183972173374
paper,medium,2015-12-31,2016Q2,3,FFR,0.4188158279618372,0.37333333333333335,0.045482494628503845,-2.0234934623137883,-1.0836683688299347,0.4218135493437134,1.8627709047343466,2.9253344147305533
paper,medium,2015-12-31,2016Q3,4,FFR,0.576158085038606,0.39666666666666667,0.17949141837193933,-2.378733764027093,-1.230266887132949,0.5749704479245901,2.380448847717467,3.5158142427196437
paper,medium,2015-12-31,2016Q4,5,FFR,0.7044316592615469,0.45,0.2544316592615469,-2.8819192142369805,-1.3919337412560104,0.6945369951141156,2.7783059860422017,4.133382472934856
paper,medium,2015-12-31,2017Q1,6,FFR,0.8496657328495244,0.7000000000000001,0.14966573284952434,-2.8911340653595374,-1.410356390108019,0.9141167943927618,3.158523972977331,4.548086810967213
paper,medium,2015-12-31,2017Q2,7,FFR,0.9983866935149349,0.9500000000000001,0.04838669351493485,-3.058093620231599,-1.4612122648527144,1.0362465693434761,3.3898909739438405,5.010473487388494
paper,medium,2015-12-31,2017Q3,8,FFR,1.1373418128578887,1.1533333333333333,-0.01599152047544461,-3.306113474390216,-1.4825143803828742,1.177058964854703,3.6350150435277007,5.448570959987346
paper,medium,2015-12-31,2015Q4,1,GDP,971.3112865292367,976.7815527534941,-5.470266224257443,970.1028282254522,970.5540673868582,971.3207576013965,972.0414027619398,972.5275276995991
paper,medium,2015-12-31,2016Q1,2,GDP,972.0409526965611,977.3690037449436,-5.328051048382463,970.0114639019951,970.8479579913601,972.0252111218686,973.2553073499487,973.9687957543715
paper,medium,2015-12-31,2016Q2,3,GDP,972.7700540716801,977.6709362762499,-4.900882204569825,970.017866183093,971.1922287426876,972.8164603121536,974.3851316475935,975.3483542009958
paper,medium,2015-12-31,2016Q3,4,GDP,973.5214162656922,978.270252164766,-4.748835899073811,970.2500835375407,971.5022873271004,973.5528092177774,975.4924685432087,976.72191308705
paper,medium,2015-12-31,2016Q4,5,GDP,974.2622798135417,978.7659105426385,-4.5036307290968125,970.3804657916737,971.940611307406,974.2165208287392,976.6294062443194,978.0120972709888
paper,medium,2015-12-31,2017Q1,6,GDP,974.989794205498,979.1946532403157,-4.204859034817673,970.5933614729098,972.3641935850088,974.9936124481044,977.628478466839,979.2481172353922
paper,medium,2015-12-31,2017Q2,7,GDP,975.7346194743405,979.6971814310028,-3.9625619566622845,970.8955715702984,972.7784366919275,975.7206336910313,978.6845589674765,980.5931168652444
paper,medium,2015-12-31,2017Q3,8,GDP,976.4259260811358,980.5212652288033,-4.09533914766746,971.113379122998,973.1476399800015,976.5113579274959,979.5827779464611,981.6477184702804
paper,medium,2015-12-31,2015Q4,1,HOURS,470.767614255134,467.1978005319704,3.569813723163577,469.7749775032893,470.1368910564746,470.7262320159484,471.4135189846591,471.8225951609627
paper,medium,2015-12-31,2016Q1,2,HOURS,471.0282126386244,467.58522965736216,3.442982981262219,469.1882201682965,469.9038475813017,471.01686836181705,472.16744620711006,472.9200735076106
paper,medium,2015-12-31,2016Q2,3,HOURS,471.3193552326123,467.88666449104284,3.432690741569445,468.5335988773229,469.6642253538629,471.28527453019,472.97445469128184,474.06288159849555
paper,medium,2015-12-31,2016Q3,4,HOURS,471.6331832980548,468.1371679481668,3.4960153498880118,468.08313991793256,469.43176187680587,471.65952063179355,473.7541323321288,475.28287309115944
paper,medium,2015-12-31,2016Q4,5,HOURS,471.95786861565085,468.2260848352655,3.731783780385342,467.68526263242677,469.28319153208844,472.10424037034636,474.4889109906707,476.1153544910063
paper,medium,2015-12-31,2017Q1,6,HOURS,472.2933028019303,468.5883438027266,3.7049589992036545,467.31958350167565,469.2186623450571,472.3924144255899,475.21424756038664,476.9328909116128
paper,medium,2015-12-31,2017Q2,7,HOURS,472.6498120562875,469.2906300292178,3.3591820270696644,467.0461824223262,469.25473336808545,472.7588262830253,475.90358435142093,477.9482757243568
paper,medium,2015-12-31,2017Q3,8,HOURS,472.95869577797583,469.390424497534,3.56827128044182,466.8047330361983,469.2212667727054,473.08063414899243,476.62429869952865,478.7663184028043
paper,medium,2015-12-31,2015Q4,1,INV,796.4526856315492,803.6802038162332,-7.227518184683959,790.9039285627186,793.1068640525708,796.434447703037,799.7771775304749,802.0339893126701
paper,medium,2015-12-31,2016Q1,2,INV,797.5579744157302,803.2505963859908,-5.692621970260575,788.8532443445599,792.4752850241491,797.4940517292313,802.8052252264255,806.0019566740336
paper,medium,2015-12-31,2016Q2,3,INV,798.9296407549263,802.7258817867689,-3.796241031842669,787.4180262948337,792.1923650467799,799.1028840234396,805.7636618567664,810.2595170688621
paper,medium,2015-12-31,2016Q3,4,INV,800.2722116789024,802.9204149938417,-2.6482033149393374,786.3363320849547,791.969661577152,800.2425416773649,808.5478551860546,813.868282122681
paper,medium,2015-12-31,2016Q4,5,INV,801.5764975120583,805.4387911774725,-3.8622936654141995,785.9700326667219,792.0331870117569,801.5395811861197,810.9691632361703,816.8386288586174
paper,medium,2015-12-31,2017Q1,6,INV,802.7459279495351,804.9400556120976,-2.194127662562437,784.5638612013057,792.1406520085255,802.9491939711459,813.3964587172092,820.271068252702
paper,medium,2015-12-31,2017Q2,7,INV,804.054094918678,806.708034244384,-2.6539393257060055,785.0692733783934,792.4343563894623,804.1413621128224,815.6000910174915,822.8044644611126
paper,medium,2015-12-31,2017Q3,8,INV,805.16521886065,808.6664089264145,-3.50119006576449,785.0941943161757,792.468286254437,805.2920545515271,817.5754833644759,825.6149043268255
paper,medium,2015-12-31,2015Q4,1,WAGE,464.71140635663966,464.340964864176,0.3704414924636694,463.3490627178139,463.90208574801903,464.7292842397966,465.47636980076,466.0343046004645
paper,medium,2015-12-31,2016Q1,2,WAGE,465.09925393623,464.4112014102709,0.6880525259591082,463.3490440089093,463.99928908245425,465.0816863855939,466.2183543029127,466.8806351996412
paper,medium,2015-12-31,2016Q2,3,WAGE,465.4324107109731,463.97648307525907,1.4559276357140334,463.167366537045,464.04848503860535,465.4038738391095,466.8259821746357,467.6534085533719
paper,medium,2015-12-31,2016Q3,4,WAGE,465.7903893500631,464.00739019959724,1.782999150465855,463.1439801574595,464.1944545474293,465.7890547635976,467.40922501420954,468.46331165542904
paper,medium,2015-12-31,2016Q4,5,WAGE,466.1273136084373,464.46312548690054,1.6641881215367675,463.1764616098206,464.32273290475456,466.1118031358819,467.92260912582606,469.13219660862217
paper,medium,2015-12-31,2017Q1,6,WAGE,466.4679079172611,464.76739655148157,1.700511365779505,463.1541320041644,464.41930015923396,466.39709901682585,468.50565862221254,469.85780636863973
paper,medium,2015-12-31,2017Q2,7,WAGE,466.789422666107,465.25402947368775,1.5353931924192352,463.0841677031116,464.5309228814418,466.74580541456635,469.17508976491314,470.59738005654
paper,medium,2015-12-31,2017Q3,8,WAGE,467.1381295482391,466.0595432093501,1.0785863388889538,463.0571878094875,464.6088318573817,467.1058004214473,469.6244193026823,471.35582562032596
paper,medium,2016-03-31,2016Q1,1,CONS,934.2319909666903,940.0231374759705,-5.791146509280225,933.2438772682518,933.6458190928821,934.2308443694881,934.8278601034596,935.2088000832695
paper,medium,2016-03-31,2016Q2,2,CONS,934.9068500932973,940.5300639389587,-5.623213845661439,933.3324343838102,933.9814860098002,934.8894641775191,935.8331591007368,936.4263153940121
paper,medium,2016-03-31,2016Q3,3,CONS,935.5894247839577,941.1141949781957,-5.524770194237931,933.5010045736323,934.3467510931744,935.5946674746082,936.8313178949554,937.6928759669319
paper,medium,2016-03-31,2016Q4,4,CONS,936.2573526981186,941.597765893345,-5.340413195226461,933.6378130259154,934.6680650869386,936.2788764792003,937.8417651481213,938.864320259267
paper,medium,2016-03-31,2017Q1,5,CONS,936.8969845626177,942.3021947169104,-5.405210154292718,933.7458345023966,934.990412714322,936.9026569351098,938.8053912329301,940.1418218706502
paper,medium,2016-03-31,2017Q2,6,CONS,937.5255560611071,942.7015608775955,-5.176004816488444,933.7537045873972,935.2399762293334,937.5339429600634,939.7777778695139,941.2501928463191
paper,medium,2016-03-31,2017Q3,7,CONS,938.1760394219591,943.2961066624665,-5.12006724050741,933.8926407858216,935.6699297052735,938.140839318635,940.75836919355,942.5434119920753
paper,medium,2016-03-31,2017Q4,8,CONS,938.818070777208,944.3840666596335,-5.5659958824254545,933.8899131215857,935.9968510601582,938.8267635589759,941.6908523048058,943.691363774845
paper,medium,2016-03-31,2016Q1,1,DEFL,470.63879241868483,465.29598498239403,5.342807436290798,470.18554651560396,470.3760335977857,470.63519462112436,470.9013415518939,471.0681863373177
paper,medium,2016-03-31,2016Q2,2,DEFL,470.9983967070357,465.999922226677,4.998474480358709,470.24603264954993,470.5331444336947,470.99292295724723,471.4581248096161,471.76192461985323
paper,medium,2016-03-31,2016Q3,3,DEFL,471.34262805348146,466.27690583674894,5.065722216732524,470.2174246440043,470.6457979698892,471.3274527881242,472.0407321396499,472.45860112687876
paper,medium,2016-03-31,2016Q4,4,DEFL,471.7090028490787,466.8022911971153,4.906711651963349,470.1335099445755,470.7542137366115,471.7060262658663,472.6763727732828,473.2957459596123
paper,medium,2016-03-31,2017Q1,5,DEFL,472.11376361444917,467.31839116014726,4.795372454301912,470.0481696080461,470.89424465947195,472.1014373495827,473.3920266740127,474.12281643190965
paper,medium,2016-03-31,2017Q2,6,DEFL,472.533464051365,467.62901269911987,4.9044513522451325,469.92594764697475,471.0105219045434,472.53202977683367,474.08038891547324,475.0638522739569
paper,medium,2016-03-31,2017Q3,7,DEFL,472.9763550080637,468.12975463756425,4.846600370499459,469.77250780518364,471.1395059683905,472.98387589204134,474.8606541830056,476.0422142879953
paper,medium,2016-03-31,2017Q4,8,DEFL,473.42042139736344,468.81593179181164,4.604489605551805,469.646238065947,471.18988176827486,473.43188274737,475.5548961392307,477.050474123957
paper,medium,2016-03-31,2016Q1,1,FFR,0.28089947539121285,0.36000000000000004,-0.07910052460878719,-1.022716241331588,-0.49345634161406043,0.28710714014649774,1.0599632199382614,1.5856810965846797
paper,medium,2016-03-31,2016Q2,2,FFR,0.4424771231148873,0.37333333333333335,0.06914378978155394,-1.5458831756557565,-0.7989678206801094,0.46326107632874836,1.6746880844002126,2.4832648279718024
paper,medium,2016-03-31,2016Q3,3,FFR,0.6547258347607177,0.39666666666666667,0.258059168094051,-1.8580545509788005,-0.880860935012192,0.6550003891647813,2.1997535112755098,3.1893100502410516
paper,medium,2016-03-31,2016Q4,4,FFR,0.8347946308530312,0.45,0.38479463085303117,-2.1885527225109187,-0.9767769396747644,0.8262163802658637,2.7118173177625926,3.8227097256225075
paper,medium,2016-03-31,2017Q1,5,FFR,0.9468379343557196,0.7000000000000001,0.24683793435571955,-2.4574235302840233,-1.0643877272580176,0.9050051670679646,3.0372449943041038,4.328836964283297
paper,medium,2016-03-31,2017Q2,6,FFR,1.0239895274512651,0.9500000000000001,0.07398952745126508,-2.690305346765109,-1.2493483960125653,1.0238558390008001,3.2605726268755193,4.746107469771991
paper,medium,2016-03-31,2017Q3,7,FFR,1.1144314747049004,1.1533333333333333,-0.03890185862843287,-3.041102459109235,-1.330443600511789,1.1132502957056492,3.5543069356109185,5.165523338648171
paper,medium,2016-03-31,2017Q4,8,FFR,1.2106263541567712,1.2033333333333334,0.007293020823437857,-3.3427607637342267,-1.4146197683681931,1.276049976932891,3.785544623890148,5.5794969665953085
paper,medium,2016-03-31,2016Q1,1,GDP,971.7034107565418,977.3690037449436,-5.665592988401841,970.4640834322605,970.9695104067509,971.7038607418226,972.4539952090141,972.9568242686615
paper,medium,2016-03-31,2016Q2,2,GDP,972.4414871246062,977.6709362762499,-5.229449151643735,970.4722485146235,971.2537756872653,972.4344221368012,973.6533910851698,974.3784370229555
paper,medium,2016-03-31,2016Q3,3,GDP,973.162876054544,978.270252164766,-5.107376110222049,970.4315203755807,971.5387104558546,973.1981471662752,974.8233308417672,975.8800620551091
paper,medium,2016-03-31,2016Q4,4,GDP,973.8266771343552,978.7659105426385,-4.939233408283258,970.4715385972754,971.8292452631365,973.8239508484273,975.8592918773783,977.1639546351909
paper,medium,2016-03-31,2017Q1,5,GDP,974.4636883422475,979.1946532403157,-4.730964898068237,970.4888271538563,972.1380173588587,974.4871857447646,976.8946723194106,978.3339187766546
paper,medium,2016-03-31,2017Q2,6,GDP,975.0938559525154,979.6971814310028,-4.603325478487477,970.5173648973234,972.4981110131403,975.0294595306234,977.8453339051462,979.5136771375726
paper,medium,2016-03-31,2017Q3,7,GDP,975.7287403365017,980.5212652288033,-4.7925248923015715,970.4710190837241,972.7987596561819,975.6732745832481,978.8726279592139,980.7445611206822
paper,medium,2016-03-31,2017Q4,8,GDP,976.3678251807255,981.5219022023681,-5.154077021642593,970.5445487121913,973.1622313033549,976.2939477378909,979.7521253948121,981.9564650009602
paper,medium,2016-03-31,2016Q1,1,HOURS,471.629822419168,467.58522965736216,4.044592761805859,470.59443720144395,471.0236557652147,471.61887201594686,472.2521111580092,472.65204810897507
paper,medium,2016-03-31,2016Q2,2,HOURS,472.00688679241927,467.88666449104284,4.12022230137643,470.0345035943564,470.83285570227326,472.01116493942817,473.1700539548236,473.91324801346275
paper,medium,2016-03-31,2016Q3,3,HOURS,472.3762120700801,468.1371679481668,4.2390441219133095,469.65635260814645,470.7043194554822,472.3852809124365,474.067641190079,475.12504985843196
paper,medium,2016-03-31,2016Q4,4,HOURS,472.7059028118948,468.2260848352655,4.479817976629306,469.15016082598567,470.5172543563295,472.69990878014346,474.8331512480569,476.22407383709816
paper,medium,2016-03-31,2017Q1,5,HOURS,473.01708012947677,468.5883438027266,4.4287363267501405,468.72080054218736,470.3976720446301,473.0138217501476,475.5880415347442,477.24689962729417
paper,medium,2016-03-31,2017Q2,6,HOURS,473.2774260117437,469.2906300292178,3.986795982525905,468.3818987817097,470.22360052880407,473.326526769506,476.13498380541375,478.1665846602354
paper,medium,2016-03-31,2017Q3,7,HOURS,473.55131907542534,469.390424497534,4.160894577891327,468.1445954937934,470.2817482201118,473.5441426800039,476.8478197274733,479.10146779255257
paper,medium,2016-03-31,2017Q4,8,HOURS,473.7924463750518,470.1815837289622,3.610862646089572,467.76083061195754,470.17755604713494,473.7908177055,477.44234172864765,480.0230044486383
paper,medium,2016-03-31,2016Q1,1,INV,797.1935260155922,803.2505963859908,-6.0570703703986055,791.6119287980192,793.8140291596454,797.2438376375135,800.528372847087,802.9338300156833
paper,medium,2016-03-31,2016Q2,2,INV,798.7157850780766,802.7258817867689,-4.010096708692345,790.0964030746126,793.3434365479471,798.6848163659797,803.9940306460397,807.5590257266941
paper,medium,2016-03-31,2016Q3,3,INV,800.0046329510096,802.9204149938417,-2.91578204283212,788.7221862516506,793.0873779875461,799.9642361774278,807.2596794257289,811.1995704004835
paper,medium,2016-03-31,2016Q4,4,INV,801.0031367840277,805.4387911774725,-4.435654393444793,787.1023492651852,792.558215075356,801.2633290276435,809.0551030468414,814.8910018208004
paper,medium,2016-03-31,2017Q1,5,INV,802.0421618284755,804.9400556120976,-2.8978937836220666,785.8476706512465,792.2718851897829,802.0746956116683,811.2904978638635,818.0788353039038
paper,medium,2016-03-31,2017Q2,6,INV,802.9295651166834,806.708034244384,-3.7784691277005322,785.3377395578476,792.1273065302239,802.9869686127536,813.4171485991925,820.3616692701049
paper,medium,2016-03-31,2017Q3,7,INV,803.8017128120425,808.6664089264145,-4.864696114372009,784.6138323685834,792.5522524007242,803.4127421398432,815.7293995340341,823.5030458705344
paper,medium,2016-03-31,2017Q4,8,INV,804.8128227261493,809.9688193847114,-5.155996658562117,783.2286279060788,792.111352920335,804.687230398699,817.6720486578172,825.9574725707027
paper,medium,2016-03-31,2016Q1,1,WAGE,464.5925674016481,464.4112014102709,0.18136599137721987,463.3176399874151,463.83689597760616,464.5753138902453,465.3622952036972,465.9091887382416
paper,medium,2016-03-31,2016Q2,2,WAGE,464.87624500057154,463.97648307525907,0.8997619253124753,463.07261736592346,463.7577498344784,464.84826016900945,465.95295095262435,466.72606646818565
paper,medium,2016-03-31,2016Q3,3,WAGE,465.1393166599039,464.00739019959724,1.1319264603066586,462.8219593343248,463.76553700368765,465.13169056656466,466.49811338867744,467.380792931388
paper,medium,2016-03-31,2016Q4,4,WAGE,465.4170008982579,464.46312548690054,0.9538754113573873,462.7539614723701,463.7888517663713,465.4813228126103,466.992053322519,468.16195759883925
paper,medium,2016-03-31,2017Q1,5,WAGE,465.7026575105949,464.76739655148157,0.93526095911335,462.5782167022343,463.9207254862684,465.69076857311666,467.50459493373194,468.7189345032828
paper,medium,2016-03-31,2017Q2,6,WAGE,465.9858888394803,465.25402947368775,0.731859365792559,462.6919082216946,463.97736969150935,465.9456833360642,468.06059045462047,469.3605109177419
paper,medium,2016-03-31,2017Q3,7,WAGE,466.29743159508445,466.0595432093501,0.23788838573432258,462.64134982392216,464.1441468867745,466.29203391097417,468.55099982408876,469.9736086953883
paper,medium,2016-03-31,2017Q4,8,WAGE,466.5671776340604,466.58700990877134,-0.01983227471095006,462.67177338383,464.14408299878056,466.5959776131867,468.95630303067753,470.50733392875355
paper,medium,2016-06-30,2016Q2,1,CONS,934.508192096869,940.5300639389587,-6.021871842089695,933.5696156521111,933.9404384781498,934.5048445462069,935.0770475045296,935.4779096530332
paper,medium,2016-06-30,2016Q3,2,CONS,935.112999469758,941.1141949781957,-6.001195508437604,933.55235631043,934.2194857182401,935.0924593716516,936.0674929365475,936.6422893897143
paper,medium,2016-06-30,2016Q4,3,CONS,935.7528105409056,941.597765893345,-5.844955352439456,933.6126925515637,934.5065650995707,935.744726653669,936.9894754467074,937.818902713801
paper,medium,2016-06-30,2017Q1,4,CONS,936.3712890212697,942.3021947169104,-5.930905695640718,933.6781730035208,934.8042466400259,936.3714799620109,937.9961845830561,938.9684939109021
paper,medium,2016-06-30,2017Q2,5,CONS,937.001952395185,942.7015608775955,-5.699608482410554,933.8183762013033,935.0061510032789,937.0177443714831,938.9643140256181,940.0856252219064
paper,medium,2016-06-30,2017Q3,6,CONS,937.6519378105393,943.2961066624665,-5.6441688519272475,933.8678983158251,935.5097936244995,937.6413444750506,939.8426988269717,941.2385518055181
paper,medium,2016-06-30,2017Q4,7,CONS,938.3085106119755,944.3840666596335,-6.075556047657983,934.1377289793076,935.9141214658251,938.3179619975997,940.680620205571,942.399473190024
paper,medium,2016-06-30,2018Q1,8,CONS,938.9734288668454,945.0392641778635,-6.065835311018077,934.3399832192673,936.2974095753334,938.9541862579867,941.6367799399388,943.5586387228084
paper,medium,2016-06-30,2016Q2,1,DEFL,470.68459138565385,465.999922226677,4.684669158976874,470.2455698960511,470.4276078248297,470.6876531723513,470.94752356721835,471.120773993534
paper,medium,2016-06-30,2016Q3,2,DEFL,470.9379630882981,466.27690583674894,4.661057251549153,470.19448141554625,470.48048174113495,470.94377076473927,471.3824910173579,471.67612008740304
paper,medium,2016-06-30,2016Q4,3,DEFL,471.19029997419324,466.8022911971153,4.388008777077914,470.0354918398291,470.5202736719036,471.19920235629036,471.8527700692431,472.30122266011625
paper,medium,2016-06-30,2017Q1,4,DEFL,471.4731152139004,467.31839116014726,4.154724053753171,469.89093403116794,470.5865316345554,471.48705408530464,472.3860081094786,472.9867291847812
paper,medium,2016-06-30,2017Q2,5,DEFL,471.7909288678469,467.62901269911987,4.161916168727032,469.72885323553226,470.574958385237,471.77664327435474,472.9547110104949,473.7845142859266
paper,medium,2016-06-30,2017Q3,6,DEFL,472.1164352354625,468.12975463756425,3.986680597898271,469.52784618345305,470.62477202839614,472.09721319411767,473.6054001884129,474.6487605467908
paper,medium,2016-06-30,2017Q4,7,DEFL,472.45441672888614,468.81593179181164,3.6384849370745087,469.31672350212665,470.6213260921149,472.4280618369628,474.28480371830847,475.55690841534386
paper,medium,2016-06-30,2018Q1,8,DEFL,472.81002055436164,469.4279361059867,3.3820844483749397,469.0565588834487,470.5782689382049,472.82306269778564,475.0325312730603,476.46522939645007
paper,medium,2016-06-30,2016Q2,1,FFR,0.44266597981602385,0.37333333333333335,0.0693326464826905,-0.8574953237801315,-0.3511683593979064,0.4473305744090953,1.2148782222847971,1.7570102840652306
paper,medium,2016-06-30,2016Q3,2,FFR,0.5416950299995481,0.39666666666666667,0.14502836333288144,-1.3962321136731586,-0.6315801343676478,0.5189793741972977,1.7332726438176327,2.540410203296251
paper,medium,2016-06-30,2016Q4,3,FFR,0.6901723085634047,0.45,0.2401723085634047,-1.8516361487457862,-0.7823315468411527,0.6928425961096378,2.2046607547332306,3.1071406252193237
paper,medium,2016-06-30,2017Q1,4,FFR,0.8036083508591864,0.7000000000000001,0.1036083508591863,-2.196648657237863,-0.9472375105866959,0.7661286994943259,2.593284076350187,3.7351191299913773
paper,medium,2016-06-30,2017Q2,5,FFR,0.8472920742234272,0.9500000000000001,-0.10270792577657284,-2.4822598323483764,-1.1645271660836278,0.865082199917206,2.904572172324573,4.147434724480704
paper,medium,2016-06-30,2017Q3,6,FFR,0.8553929107801955,1.1533333333333333,-0.2979404225531378,-2.793713595278455,-1.4000050935221064,0.8905993225909962,3.068438538354251,4.45115901120554
paper,medium,2016-06-30,2017Q4,7,FFR,0.9291224891548361,1.2033333333333334,-0.2742108441784973,-3.0717078879070088,-1.4483451517280517,0.9456682602485627,3.2860720610384804,4.793217112378582
paper,medium,2016-06-30,2018Q1,8,FFR,1.0053334110212568,1.4466666666666665,-0.4413332556454097,-3.2402244048225564,-1.544502977986398,0.9707996845668329,3.522509810514933,5.177857298418755
paper,medium,2016-06-30,2016Q2,1,GDP,971.8234359350848,977.6709362762499,-5.847500341165073,970.5962849525168,971.093960588266,971.8226033232083,972.5632579028974,973.059664563917
paper,medium,2016-06-30,2016Q3,2,GDP,972.3981073589355,978.270252164766,-5.872144805830544,970.3787761974396,971.1755157051014,972.376212568495,973.6256279740621,974.4835761887755
paper,medium,2016-06-30,2016Q4,3,GDP,973.0569098678162,978.7659105426385,-5.709000674822278,970.4018722911997,971.4489055322421,973.1084312005203,974.6496207380079,975.6507051189727
paper,medium,2016-06-30,2017Q1,4,GDP,973.6772464746562,979.1946532403157,-5.51740676565953,970.3416908797191,971.6702858840034,973.7563470606443,975.6966453414209,976.8884216968987
paper,medium,2016-06-30,2017Q2,5,GDP,974.2868459058183,979.6971814310028,-5.410335525184564,970.4976550437268,971.8654065198479,974.3752634353248,976.6740338388507,977.9840844420031
paper,medium,2016-06-30,2017Q3,6,GDP,974.9064036229616,980.5212652288033,-5.614861605841611,970.5647324352863,972.2206045857449,974.9503489687455,977.5940701910232,979.2359390389767
paper,medium,2016-06-30,2017Q4,7,GDP,975.5467174539051,981.5219022023681,-5.975184748462993,970.6071372067688,972.5834782428753,975.5597420901429,978.5309734447733,980.3158655641516
paper,medium,2016-06-30,2018Q1,8,GDP,976.2161938029608,982.2121682369062,-5.995974433945435,970.9442398167809,973.1307333973638,976.1768371037649,979.4470651287228,981.4841330828107
paper,medium,2016-06-30,2016Q2,1,HOURS,471.8499456191777,467.88666449104284,3.963281128134838,470.83201675561804,471.20689292995263,471.8486717163782,472.4711568467523,472.90335002107173
paper,medium,2016-06-30,2016Q3,2,HOURS,472.03574816529726,468.1371679481668,3.8985802171304726,470.2065409831259,470.92540749403196,472.02220205529306,473.1865426908005,473.9808357887419
paper,medium,2016-06-30,2016Q4,3,HOURS,472.2646379397619,468.2260848352655,4.038553104496373,469.6680302786706,470.6238601120957,472.231207276075,473.89603813764995,475.01531381843256
paper,medium,2016-06-30,2017Q1,4,HOURS,472.48825132965123,468.5883438027266,3.8999075269246077,469.111636190314,470.39573887772843,472.45165156562155,474.60504503966024,475.9633818536516
paper,medium,2016-06-30,2017Q2,5,HOURS,472.7233223149553,469.2906300292178,3.4326922857374598,468.44436612074946,470.1829884906526,472.7512450573938,475.35385541353367,476.93158912109453
paper,medium,2016-06-30,2017Q3,6,HOURS,472.9392612912942,469.390424497534,3.548836793760188,467.9463791112071,470.0441988396389,472.972864040723,475.87044867668664,477.70475769356904
paper,medium,2016-06-30,2017Q4,7,HOURS,473.1893081177495,470.1815837289622,3.007724388787267,467.7255106955971,469.92552459409933,473.18311765373676,476.53125912436155,478.51084106989487
paper,medium,2016-06-30,2018Q1,8,HOURS,473.44183072333465,470.6607014041582,2.7811293191764435,467.5046979150738,469.90620847051065,473.43311928789274,477.01843653594216,479.3062678153145
paper,medium,2016-06-30,2016Q2,1,INV,795.9955198977581,802.7258817867689,-6.730361889010851,790.1620317624793,792.4049010554869,796.0474955569189,799.4581948006933,801.8201326574704
paper,medium,2016-06-30,2016Q3,2,INV,796.4815599396845,802.9204149938417,-6.438855054157216,787.4536072282153,791.2104653947346,796.4633094841217,801.7978280775134,805.2526234558406
paper,medium,2016-06-30,2016Q4,3,INV,797.3185846983838,805.4387911774725,-8.120206479088665,785.5799288580068,790.3794335955921,797.476916818604,804.4398378561019,808.7360478951704
paper,medium,2016-06-30,2017Q1,4,INV,798.2283814597075,804.9400556120976,-6.71167415239006,784.5234436287395,789.8634381038761,798.3337240040714,806.7243402496358,811.4284451618146
paper,medium,2016-06-30,2017Q2,5,INV,799.131472129978,806.708034244384,-7.576562114405988,782.9616515995682,789.5513918495377,799.4303708982357,808.610045619583,814.154840313201
paper,medium,2016-06-30,2017Q3,6,INV,799.9626062687618,808.6664089264145,-8.703802657652773,782.0085020469148,789.3032638765611,800.0226068691378,810.7522808890784,816.7954507448094
paper,medium,2016-06-30,2017Q4,7,INV,800.8156379686208,809.9688193847114,-9.15318141609066,781.8253940766543,789.0672062230793,801.1058111266611,812.0356834278401,819.4729971976603
paper,medium,2016-06-30,2018Q1,8,INV,801.9068736231421,811.4589186446241,-9.552045021481945,782.0861788774027,789.5255482258004,802.0176536973818,813.9944197798519,822.3375996473509
paper,medium,2016-06-30,2016Q2,1,WAGE,466.07569920603044,463.97648307525907,2.0992161307713673,464.752577871079,465.300989204664,466.0635352404599,466.8711958714526,467.3600222064295
paper,medium,2016-06-30,2016Q3,2,WAGE,466.3992005713488,464.00739019959724,2.3918103717515464,464.4809510465112,465.3053669972907,466.4124144074014,467.4996095458402,468.25711253829127
paper,medium,2016-06-30,2016Q4,3,WAGE,466.6997568814142,464.46312548690054,2.2366313945136653,464.48557079099027,465.3630737972538,466.67652718954014,468.07788630571747,468.973975927038
paper,medium,2016-06-30,2017Q1,4,WAGE,467.0039605937259,464.76739655148157,2.2365640422443107,464.3566366425693,465.43320427088963,466.9751534547002,468.61672572122114,469.68950851185974
paper,medium,2016-06-30,2017Q2,5,WAGE,467.33424822618406,465.25402947368775,2.0802187524963074,464.30303154478264,465.494445916458,467.34192876104385,469.14473721353585,470.39978007329967
paper,medium,2016-06-30,2017Q3,6,WAGE,467.6776346213922,466.0595432093501,1.6180914120420766,464.42982065435143,465.63494915342073,467.68234108503657,469.64022298978523,471.1245172906003
paper,medium,2016-06-30,2017Q4,7,WAGE,468.00574269649394,466.58700990877134,1.418732787722604,464.382781339355,465.81417188571714,468.03779124354764,470.08385025785986,471.7499732840099
paper,medium,2016-06-30,2018Q1,8,WAGE,468.34745723389204,466.4872029234135,1.860254310478524,464.3654356044893,465.9691559074661,468.30747878341526,470.7057096975581,472.4565965079245
paper,medium,2016-09-30,2016Q3,1,CONS,935.460428045764,941.1141949781957,-5.653766932431608,934.4450697147626,934.8636084163306,935.4661993218101,936.0515636783036,936.44321802076
paper,medium,2016-09-30,2016Q4,2,CONS,936.1502113884961,941.597765893345,-5.447554504848881,934.5850496701863,935.2605022906201,936.1330924256999,937.0801704374111,937.7160662097342
paper,medium,2016-09-30,2017Q1,3,CONS,936.8179795835853,942.3021947169104,-5.484215133325165,934.6819103433158,935.5249426508334,936.8165852124446,938.1078077156512,938.8991903066224
paper,medium,2016-09-30,2017Q2,4,CONS,937.47366682667,942.7015608775955,-5.227894050925556,934.7414752954419,935.8092175027165,937.4595709448804,939.0883746734493,940.1780692814808
paper,medium,2016-09-30,2017Q3,5,CONS,938.10589276864,943.2961066624665,-5.190213893826467,934.8142560950627,936.1324372080005,938.0953187189803,940.0785824923688,941.3195155766343
paper,medium,2016-09-30,2017Q4,6,CONS,938.7539704854584,944.3840666596335,-5.630096174175151,934.9595949522817,936.4526996056098,938.7670872948704,940.9906963026207,942.4644513454672
paper,medium,2016-09-30,2018Q1,7,CONS,939.414499767515,945.0392641778635,-5.624764410348462,935.2028131068988,936.7627104014078,939.4162666949209,941.9224855262323,943.740535069129
paper,medium,2016-09-30,2018Q2,8,CONS,940.1008921661842,945.7638557049759,-5.662963538791701,935.3638254510308,937.1355397422756,940.1552031846825,942.9196973441846,944.9168714752984
paper,medium,2016-09-30,2016Q3,1,DEFL,471.56943190728964,466.27690583674894,5.292526070540703,471.14453229791934,471.3071849274222,471.5699348806864,471.83602051682317,471.9949365802891
paper,medium,2016-09-30,2016Q4,2,DEFL,471.95266974366757,466.8022911971153,5.150378546552247,471.1862063581839,471.4759239350965,471.9551712675478,472.42341881173917,472.7292451681428
paper,medium,2016-09-30,2017Q1,3,DEFL,472.3706391969762,467.31839116014726,5.052248036828928,471.16554383842316,471.65466658035706,472.3778215899189,473.05972510926404,473.5450124155924
paper,medium,2016-09-30,2017Q2,4,DEFL,472.827131501593,467.62901269911987,5.198118802473118,471.2238121818906,471.8533731381518,472.86781068802105,473.77838661162315,474.38469697610157
paper,medium,2016-09-30,2017Q3,5,DEFL,473.3091751155155,468.12975463756425,5.179420477951226,471.1431671946674,472.0520436546434,473.33760584434066,474.53949570838284,475.381464278159
paper,medium,2016-09-30,2017Q4,6,DEFL,473.8003784547233,468.81593179181164,4.984446662911637,471.14618380058306,472.2218052760705,473.8585680176344,475.3627016142049,476.3898998231677
paper,medium,2016-09-30,2018Q1,7,DEFL,474.30848189971135,469.4279361059867,4.88054579372465,471.11537795066425,472.39770077341507,474.3870877940725,476.1519805380754,477.4002811384753
paper,medium,2016-09-30,2018Q2,8,DEFL,474.81504336626176,470.2823074052711,4.532735960990635,471.05806579384404,472.55097288658294,474.8957674841762,476.9687804435261,478.44027932886917
paper,medium,2016-09-30,2016Q3,1,FFR,0.648259557867276,0.39666666666666667,0.2515928912006093,-0.6992041689456514,-0.1944216330629362,0.6283169621519815,1.4970272723062819,1.9658528849068313
paper,medium,2016-09-30,2016Q4,2,FFR,0.9250721743089142,0.45,0.4750721743089142,-1.1987011396293445,-0.2785309510819718,0.9290404257967745,2.1447863880291127,2.980089207982105
paper,medium,2016-09-30,2017Q1,3,FFR,1.1726286845311245,0.7000000000000001,0.4726286845311244,-1.3495334161086285,-0.34990720171343853,1.240304370996844,2.633827227873721,3.7181551156748687
paper,medium,2016-09-30,2017Q2,4,FFR,1.296110786470178,0.9500000000000001,0.3461107864701779,-1.5648376934431225,-0.4665935968923362,1.305893937364309,3.039345292926826,4.167592117359047
paper,medium,2016-09-30,2017Q3,5,FFR,1.3729154547959168,1.1533333333333333,0.2195821214625835,-1.9144910697121642,-0.6017001385360774,1.3733814258307913,3.3444354995360137,4.6754106724400595
paper,medium,2016-09-30,2017Q4,6,FFR,1.4669187810835147,1.2033333333333334,0.26358544775018133,-2.301499738078612,-0.7109173247123741,1.452739397443504,3.699696674103551,5.053101591447678
paper,medium,2016-09-30,2018Q1,7,FFR,1.5740122641927443,1.4466666666666665,0.12734559752607777,-2.4149730076519793,-0.7194147237869986,1.5405651281801012,3.87484021688551,5.438373421234694
paper,medium,2016-09-30,2018Q2,8,FFR,1.7151806765117266,1.7366666666666666,-0.021485990154940016,-2.4393147236121546,-0.7882009693372692,1.7375876271025499,4.198489876361408,5.788445479090278
paper,medium,2016-09-30,2016Q3,1,GDP,972.5001059300943,978.270252164766,-5.770146234671756,971.2689169812844,971.7303414441091,972.4949987644056,973.2589590426192,973.7402614871335
paper,medium,2016-09-30,2016Q4,2,GDP,973.3212462496049,978.7659105426385,-5.444664293033611,971.316675299272,972.0776504528051,973.3328461974968,974.5125839866691,975.4254445430608
paper,medium,2016-09-30,2017Q1,3,GDP,973.9857213937422,979.1946532403157,-5.208931846573478,971.2650512897081,972.3233130652812,973.9810822287461,975.6296511915729,976.6710634376286
paper,medium,2016-09-30,2017Q2,4,GDP,974.602614751101,979.6971814310028,-5.094566679901845,971.1776146179915,972.542428348402,974.6398360521048,976.7055693026134,978.1464002404275
paper,medium,2016-09-30,2017Q3,5,GDP,975.2023160203978,980.5212652288033,-5.318949208405456,970.982894762922,972.8011520853488,975.1582714098972,977.723007774558,979.2091050473038
paper,medium,2016-09-30,2017Q4,6,GDP,975.8472280151422,981.5219022023681,-5.674674187225946,971.123336622706,973.1095971202697,975.8332519155613,978.636451702969,980.4494550218016
paper,medium,2016-09-30,2018Q1,7,GDP,976.4914965963102,982.2121682369062,-5.720671640596038,971.3893024738561,973.3330928563372,976.508720929083,979.5683398243447,981.7221900583214
paper,medium,2016-09-30,2018Q2,8,GDP,977.1520044998066,982.9070909671581,-5.755086467351475,971.6939254967276,973.625783284108,977.1656489730926,980.3589910467417,982.8252909054161
paper,medium,2016-09-30,2016Q3,1,HOURS,472.4967631450544,468.1371679481668,4.359595196887597,471.5035862196666,471.87981025824007,472.5149219848968,473.0836247733266,473.5154061536772
paper,medium,2016-09-30,2016Q4,2,HOURS,472.90624108753775,468.2260848352655,4.680156252272241,471.09011043811887,471.8058219705509,472.9123773376095,473.9982307034907,474.7589429348072
paper,medium,2016-09-30,2017Q1,3,HOURS,473.2517913989372,468.5883438027266,4.663447596210574,470.6055056385713,471.6035541795086,473.1942908053252,474.8836712073206,475.97563975376215
paper,medium,2016-09-30,2017Q2,4,HOURS,473.58280223903137,469.2906300292178,4.292172209813543,470.24607424073747,471.4539760154051,473.4959945406546,475.66439430155117,477.18468342213106
paper,medium,2016-09-30,2017Q3,5,HOURS,473.8510753579013,469.390424497534,4.460650860367309,469.80269908279246,471.1667222886229,473.7655541560411,476.39890189908823,478.24104764831134
paper,medium,2016-09-30,2017Q4,6,HOURS,474.12934927620455,470.1815837289622,3.9477655472423407,469.2256512704982,471.14236169238126,474.12013512233955,477.12488980468277,479.1993475512033
paper,medium,2016-09-30,2018Q1,7,HOURS,474.3952391761621,470.6607014041582,3.7345377720038755,468.95985873116166,471.0712331028005,474.3272376366299,477.7690294382262,480.12921783770656
paper,medium,2016-09-30,2018Q2,8,HOURS,474.6637314463456,471.1204474609927,3.5432839853529003,468.73033007933327,470.981060047487,474.65528641101605,478.2588694350963,480.87410485365353
paper,medium,2016-09-30,2016Q3,1,INV,795.8416386658523,802.9204149938417,-7.078776327989431,790.1452397722945,792.3565413681214,795.8342046481639,799.2009872596827,801.5339759975022
paper,medium,2016-09-30,2016Q4,2,INV,797.338670049752,805.4387911774725,-8.100121127720513,788.472692083405,791.8231550064856,797.3513339345137,802.5043150899756,806.3733546481228
paper,medium,2016-09-30,2017Q1,3,INV,798.3526065197846,804.9400556120976,-6.5874490923130224,786.6748329195649,791.1616984156174,798.2515642666507,805.3844380769942,810.1938879624762
paper,medium,2016-09-30,2017Q2,4,INV,799.2085568353285,806.708034244384,-7.49947740905543,785.0349669457296,791.0050138649333,799.0531139393424,807.6720125417116,813.4264070794559
paper,medium,2016-09-30,2017Q3,5,INV,799.8879100429095,808.6664089264145,-8.778498883504994,784.0527068441642,790.1389296142306,799.5423364755068,809.8186295477029,815.6827271868995
paper,medium,2016-09-30,2017Q4,6,INV,800.7399745884954,809.9688193847114,-9.22884479621598,783.1038475262645,790.0684093082698,800.614081503215,811.615768743242,818.8872757809927
paper,medium,2016-09-30,2018Q1,7,INV,801.5324367843034,811.4589186446241,-9.926481860320678,782.53217698589,790.095735402839,801.4054142190748,813.2612834895408,820.8742559692586
paper,medium,2016-09-30,2018Q2,8,INV,802.4236293524843,811.643110673574,-9.219481321089688,781.422358075394,789.9192320779525,802.1509815122095,814.8530400486451,823.5833181858314
paper,medium,2016-09-30,2016Q3,1,WAGE,465.2505592004627,464.00739019959724,1.2431690008654641,463.9417934954613,464.4836504343579,465.2451473605828,466.04216852381086,466.5068530745477
paper,medium,2016-09-30,2016Q4,2,WAGE,465.4800071027937,464.46312548690054,1.016881615893169,463.77705651230923,464.39999407136435,465.45942435937536,466.5300629972222,467.2935979928386
paper,medium,2016-09-30,2017Q1,3,WAGE,465.75655668910116,464.76739655148157,0.9891601376195922,463.5988494212758,464.43506772472495,465.7373487093911,467.05957671718267,468.0985532116578
paper,medium,2016-09-30,2017Q2,4,WAGE,466.07209566526706,465.25402947368775,0.8180661915793053,463.49580073641573,464.5425736726104,466.0333886862001,467.6280695309642,468.8119025984194
paper,medium,2016-09-30,2017Q3,5,WAGE,466.36540357104406,466.0595432093501,0.3058603616939308,463.3906660742641,464.61899889808865,466.3210373008449,468.1285608429622,469.4942394881386
paper,medium,2016-09-30,2017Q4,6,WAGE,466.66164894515543,466.58700990877134,0.07463903638409874,463.4206666950076,464.6580858979616,466.6285270199488,468.67931424845864,470.06821803210136
paper,medium,2016-09-30,2018Q1,7,WAGE,466.9771685760765,466.4872029234135,0.4899656526629883,463.4491828744436,464.7756024769728,466.89783265532526,469.2572513649452,470.8525732322403
paper,medium,2016-09-30,2018Q2,8,WAGE,467.2988954653413,466.30050376590424,0.9983916994370361,463.39788697468657,464.9292019778171,467.26281344926804,469.7099594085034,471.519253702133
paper,medium,2016-12-31,2016Q4,1,CONS,936.3138005926137,941.597765893345,-5.2839653007313245,935.380212642569,935.7475951653179,936.3059992461028,936.8751180682005,937.2700118543785
paper,medium,2016-12-31,2017Q1,2,CONS,937.0500149494484,942.3021947169104,-5.252179767462053,935.5303619131413,936.1380768035099,937.0559109220212,937.9583087722948,938.5441742901784
paper,medium,2016-12-31,2017Q2,3,CONS,937.7655552258091,942.7015608775955,-4.936005651786445,935.5975162211727,936.5478128985735,937.7709751147306,939.0163061156245,939.818774078698
paper,medium,2016-12-31,2017Q3,4,CONS,938.4537133873247,943.2961066624665,-4.842393275141831,935.6646349483394,936.8398459601332,938.4646610543004,940.0087689299016,941.1326278411489
paper,medium,2016-12-31,2017Q4,5,CONS,939.1443746991886,944.3840666596335,-5.2396919604449295,935.7937930940199,937.1672747202934,939.1435861162944,941.0459078159324,942.4036380634402
paper,medium,2016-12-31,2018Q1,6,CONS,939.8438657754614,945.0392641778635,-5.195398402402134,936.0239633267906,937.5805796942718,939.8795565822836,942.0485264573077,943.8048459335315
paper,medium,2016-12-31,2018Q2,7,CONS,940.539679683019,945.7638557049759,-5.2241760219568505,936.2271564323839,937.881068548894,940.5598215591112,943.101180625918,944.9688158268441
paper,medium,2016-12-31,2018Q3,8,CONS,941.2355672031243,946.3980072492748,-5.1624400461504365,936.2506533465174,938.3351852000538,941.2914566517709,944.0623585738571,945.9921155910517
paper,medium,2016-12-31,2016Q4,1,DEFL,471.9056119946701,466.8022911971153,5.1033207975547725,471.49034348752934,471.6510617283092,471.9031816388336,472.1590761662333,472.3420390663094
paper,medium,2016-12-31,2017Q1,2,DEFL,472.29257922599066,467.31839116014726,4.974188065843407,471.55985166803754,471.8245722178882,472.29053123312383,472.7615526329356,473.0736619865947
paper,medium,2016-12-31,2017Q2,3,DEFL,472.72982784188554,467.62901269911987,5.1008151427656685,471.62416164035,472.0419420096478,472.7186750232473,473.428349102527,473.8761556805681
paper,medium,2016-12-31,2017Q3,4,DEFL,473.17401455806896,468.12975463756425,5.0442599205047145,471.640612739563,472.2370674195591,473.1713619538817,474.1489310927775,474.77093361835483
paper,medium,2016-12-31,2017Q4,5,DEFL,473.635938996716,468.81593179181164,4.820007204904357,471.6193493315631,472.406227907418,473.65296812806173,474.8813270504876,475.75692749229313
paper,medium,2016-12-31,2018Q1,6,DEFL,474.1118082654692,469.4279361059867,4.683872159482519,471.575330095774,472.5742551482247,474.1065989781664,475.6443441948104,476.7488360930876
paper,medium,2016-12-31,2018Q2,7,DEFL,474.61435242654846,470.2823074052711,4.332045021277338,471.52280595012627,472.7546855637542,474.5923979188214,476.4946241914907,477.77865804261614
paper,medium,2016-12-31,2018Q3,8,DEFL,475.1264976216788,470.6182260866492,4.508271535029621,471.5508746110781,472.9503667459651,475.10695567010083,477.3198849055623,478.77639081279153
paper,medium,2016-12-31,2016Q4,1,FFR,0.5954798869459085,0.45,0.14547988694590847,-0.7051256865553629,-0.1756042613149204,0.5909266603084299,1.3591818057538803,1.8768591497324614
paper,medium,2016-12-31,2017Q1,2,FFR,0.7948924276787124,0.7000000000000001,0.09489242767871231,-1.1633475998836271,-0.40462132077722435,0.790715663297023,1.9734599909838904,2.7651360072566256
paper,medium,2016-12-31,2017Q2,3,FFR,0.9125574029149943,0.9500000000000001,-0.03744259708500575,-1.5494514675701625,-0.5794805644950757,0.9239471556063108,2.4276537505072526,3.38743522800951
paper,medium,2016-12-31,2017Q3,4,FFR,1.013644915248004,1.1533333333333333,-0.13968841808532928,-1.8663813447719908,-0.6970332094303435,0.9755495216040555,2.7083671547282324,3.9202299305322574
paper,medium,2016-12-31,2017Q4,5,FFR,1.1509845266719085,1.2033333333333334,-0.05234880666142483,-2.152268695341221,-0.8399720375986054,1.132458227794832,3.1793955854420717,4.441470487677108
paper,medium,2016-12-31,2018Q1,6,FFR,1.251653432354206,1.4466666666666665,-0.19501323431246065,-2.442188181858254,-0.9347964050967538,1.2560677354097411,3.4958829251681722,4.802831039690967
paper,medium,2016-12-31,2018Q2,7,FFR,1.3749357698592597,1.7366666666666666,-0.3617308968074069,-2.626280387022621,-1.0894857693630227,1.3200861843948208,3.8537634344022886,5.318144732437796
paper,medium,2016-12-31,2018Q3,8,FFR,1.5133665545003534,1.9233333333333331,-0.4099667788329797,-2.789520981544454,-1.0122501929234045,1.486147599932099,4.07013533195697,5.766076392853649
paper,medium,2016-12-31,2016Q4,1,GDP,973.262142016294,978.7659105426385,-5.5037685263445155,972.0064999055651,972.5247117830457,973.2589477621043,973.9956735455199,974.4749907570543
paper,medium,2016-12-31,2017Q1,2,GDP,973.9809351051798,979.1946532403157,-5.213718135135878,972.0157346948097,972.8086433659211,973.9881066585085,975.1629644092155,975.9714456728973
paper,medium,2016-12-31,2017Q2,3,GDP,974.6958028266948,979.6971814310028,-5.001378604308002,972.0311436113938,973.0950393459741,974.6905060196592,976.278814099601,977.3136418386737
paper,medium,2016-12-31,2017Q3,4,GDP,975.3841141911627,980.5212652288033,-5.137151037640592,972.0787843623564,973.4095526914746,975.4281202830247,977.2899280930866,978.6646349505677
paper,medium,2016-12-31,2017Q4,5,GDP,976.0588767747424,981.5219022023681,-5.4630254276256665,972.2084796407207,973.7337491518821,976.102058168992,978.2933134745335,980.0418851499335
paper,medium,2016-12-31,2018Q1,6,GDP,976.7640083670733,982.2121682369062,-5.448159869832921,972.389971998373,974.0073629074096,976.7859334355511,979.3869785991967,981.2078355633463
paper,medium,2016-12-31,2018Q2,7,GDP,977.459793949421,982.9070909671581,-5.447297017737014,972.4466257599506,974.4231050534893,977.5212843982885,980.4554087700868,982.3043992944266
paper,medium,2016-12-31,2018Q3,8,GDP,978.1484578041106,983.6265326816047,-5.478074877494009,972.5130262797041,974.8444202465032,978.1916861984242,981.4623134882868,983.4222170268976
paper,medium,2016-12-31,2016Q4,1,HOURS,472.49217553295625,468.2260848352655,4.266090697690743,471.4444703477618,471.86227528329124,472.51677705479653,473.105707266358,473.52418498258936
paper,medium,2016-12-31,2017Q1,2,HOURS,472.7535203340383,468.5883438027266,4.165176531311658,470.92790246761575,471.6401497860718,472.7761754958341,473.86750610490446,474.5519685911488
paper,medium,2016-12-31,2017Q2,3,HOURS,473.04616864738597,469.2906300292178,3.7555386181681456,470.43151323537114,471.41845699559155,473.0847402766245,474.6968758156744,475.6202800184798
paper,medium,2016-12-31,2017Q3,4,HOURS,473.34698553534355,469.390424497534,3.9565610378095357,469.92614970673446,471.2049002609639,473.3491417294009,475.4410837928232,476.8482541530522
paper,medium,2016-12-31,2017Q4,5,HOURS,473.6474311256523,470.1815837289622,3.4658473966900942,469.55020809708043,471.0413516765606,473.6881487792209,476.1471428167928,477.8535875442648
paper,medium,2016-12-31,2018Q1,6,HOURS,473.95582780045333,470.6607014041582,3.2951263962951316,469.1885080016276,471.0809515829384,473.91957103547406,476.87721583740415,478.68182071335747
paper,medium,2016-12-31,2018Q2,7,HOURS,474.2808579775564,471.1204474609927,3.1604105165637293,468.73142223769725,471.0552069532958,474.2085587230697,477.6007296192797,479.85409773583103
paper,medium,2016-12-31,2018Q3,8,HOURS,474.61793619639036,471.6165794644259,3.0013567319644494,468.68177749314236,471.0784758757907,474.6468958529448,478.29735912083163,480.6806995665889
paper,medium,2016-12-31,2016Q4,1,INV,795.0240396039243,805.4387911774725,-10.414751573548187,789.5400514632231,791.5966767799297,795.0655970816284,798.379155894273,800.6801683580339
paper,medium,2016-12-31,2017Q1,2,INV,795.9580687093896,804.9400556120976,-8.981986902707945,787.4506425168303,790.6283866857733,795.88572316818,801.347723340263,804.4639682995819
paper,medium,2016-12-31,2017Q2,3,INV,797.1419942098833,806.708034244384,-9.566040034500702,785.8545871422573,790.1368242247567,797.4238451142562,803.9852201218033,808.1381756551477
paper,medium,2016-12-31,2017Q3,4,INV,798.2128227043661,808.6664089264145,-10.453586222048443,785.0036017001358,789.9200273537638,798.2739771287497,806.0537243576122,811.3441998530986
paper,medium,2016-12-31,2017Q4,5,INV,799.2102815466143,809.9688193847114,-10.75853783809714,784.2084136603025,789.5655553487015,799.5387133112357,808.5960117058407,814.4174827758306
paper,medium,2016-12-31,2018Q1,6,INV,800.3183071167351,811.4589186446241,-11.14061152788895,783.354911981543,789.7724901419163,800.3505486964101,810.8025112660254,817.259430586516
paper,medium,2016-12-31,2018Q2,7,INV,801.3808911177241,811.643110673574,-10.262219555849924,782.1048979657187,790.1726789528012,801.2750013920431,812.7166023128685,820.0835767842403
paper,medium,2016-12-31,2018Q3,8,INV,802.3557757298579,814.7015783835387,-12.345802653680835,781.6621598845679,790.0314046780578,802.158348647394,815.0511032912751,822.6798822429326
paper,medium,2016-12-31,2016Q4,1,WAGE,466.37381533481494,464.46312548690054,1.9106898479143979,465.10203821795574,465.60708770953175,466.3776284462964,467.14448823539476,467.6716362357353
paper,medium,2016-12-31,2017Q1,2,WAGE,466.7190622405959,464.76739655148157,1.9516656891143498,464.9726557572406,465.6588821671936,466.72698818570336,467.8025814673295,468.44082024848046
paper,medium,2016-12-31,2017Q2,3,WAGE,467.0237746813168,465.25402947368775,1.7697452076290574,464.72243645703594,465.62876820262267,467.02177433352335,468.36889133668694,469.20683704570126
paper,medium,2016-12-31,2017Q3,4,WAGE,467.34516866399247,466.0595432093501,1.285625454642343,464.67851223624626,465.74823414092225,467.36806392836877,468.9379923434438,469.8964745805502
paper,medium,2016-12-31,2017Q4,5,WAGE,467.6381770324843,466.58700990877134,1.0511671237129576,464.461784114819,465.799906437584,467.7097126179173,469.47235154267327,470.5506282666138
paper,medium,2016-12-31,2018Q1,6,WAGE,467.94479606211297,466.4872029234135,1.4575931386994512,464.4475034670676,465.8934404622187,467.99246955047187,469.97065794032443,471.2403250790506
paper,medium,2016-12-31,2018Q2,7,WAGE,468.2763205014702,466.30050376590424,1.9758167355659566,464.440287763405,466.0083103996871,468.27277201780623,470.51049229856113,471.96901170113983
paper,medium,2016-12-31,2018Q3,8,WAGE,468.55807060841374,466.87269753847164,1.6853730699421021,464.4448247402249,466.05066627988924,468.59541717529794,471.0438485788264,472.57964505188465
paper,medium,2017-03-31,2017Q1,1,CONS,937.2353420311747,942.3021947169104,-5.066852685735739,936.2720259789213,936.6429942142969,937.248035471689,937.8397416361685,938.1687802463937
paper,medium,2017-03-31,2017Q2,2,CONS,938.0404038947374,942.7015608775955,-4.661156982858074,936.4899683850421,937.1416777876974,938.0426844776529,938.975025312707,939.535063308655
paper,medium,2017-03-31,2017Q3,3,CONS,938.8042802161402,943.2961066624665,-4.491826446326286,936.7092836921887,937.5462358299847,938.8422073452571,940.0754431662912,940.8633463256946
paper,medium,2017-03-31,2017Q4,4,CONS,939.5679386694263,944.3840666596335,-4.816127990207178,936.922393973299,937.9540407509105,939.5347706495563,941.2358751496726,942.2530125681328
paper,medium,2017-03-31,2018Q1,5,CONS,940.312551599255,945.0392641778635,-4.726712578608499,937.1119172994239,938.4158023184874,940.3100966265973,942.2688146015282,943.4872653005862
paper,medium,2017-03-31,2018Q2,6,CONS,941.0266095011488,945.7638557049759,-4.737246203827112,937.2684225827275,938.7647686899483,941.0574966810373,943.2497915413115,944.573339453669
paper,medium,2017-03-31,2018Q3,7,CONS,941.7304246562832,946.3980072492748,-4.667582592991607,937.5185820159894,939.1879033080836,941.7652002493264,944.2117290945588,945.7250292105446
paper,medium,2017-03-31,2018Q4,8,CONS,942.4192998067037,946.8339353212865,-4.414635514582756,937.7273059385785,939.6934063170843,942.4484656191191,945.1558553842294,946.9349830918952
paper,medium,2017-03-31,2017Q1,1,DEFL,472.4776136653459,467.31839116014726,5.15922250519867,472.060549075931,472.22279182596964,472.4843949994263,472.7294547231985,472.88518427245947
paper,medium,2017-03-31,2017Q2,2,DEFL,472.94055513333745,467.62901269911987,5.311542434217586,472.18489314953894,472.49911524396464,472.93960392344974,473.3939686686536,473.668088469257
paper,medium,2017-03-31,2017Q3,3,DEFL,473.43118260958494,468.12975463756425,5.30142797202069,472.2617280581221,472.7679534835408,473.4331317236805,474.10768306147355,474.53743093546717
paper,medium,2017-03-31,2017Q4,4,DEFL,473.94070814620716,468.81593179181164,5.124776354395522,472.3794498852292,473.0231276581777,473.94796934653755,474.86504104327753,475.43384233420426
paper,medium,2017-03-31,2018Q1,5,DEFL,474.4690586077691,469.4279361059867,5.041122501782411,472.4111448783987,473.25464534425515,474.4643483048578,475.67774837892154,476.46556010119434
paper,medium,2017-03-31,2018Q2,6,DEFL,475.0214471730278,470.2823074052711,4.739139767756683,472.47084259276653,473.4907597034214,475.02418144512086,476.5454436035856,477.6176234957958
paper,medium,2017-03-31,2018Q3,7,DEFL,475.5898907121211,470.6182260866492,4.971664625471874,472.49144622336837,473.7360504118276,475.54245093251916,477.39938308151386,478.7307711065051
paper,medium,2017-03-31,2018Q4,8,DEFL,476.1660340498749,471.07186839761323,5.094165652261665,472.497632367842,473.97629918554253,476.1138916478775,478.37730329686224,479.8939643479973
paper,medium,2017-03-31,2017Q1,1,FFR,0.6511719662733941,0.7000000000000001,-0.048828033726605935,-0.6220076382635744,-0.1400755433656922,0.6440624444914563,1.4164250415411188,1.9245602772324142
paper,medium,2017-03-31,2017Q2,2,FFR,0.793173909487119,0.9500000000000001,-0.1568260905128811,-1.1041052639718334,-0.412158923514471,0.7655161845530368,2.013410261776648,2.7551354242535973
paper,medium,2017-03-31,2017Q3,3,FFR,0.9659058931949287,1.1533333333333333,-0.18742744013840462,-1.4774491555591394,-0.5388082371110473,1.0086729742993494,2.449483822633479,3.4490121535650307
paper,medium,2017-03-31,2017Q4,4,FFR,1.1187252906042973,1.2033333333333334,-0.0846080427290361,-1.9587372460726673,-0.6017447505272571,1.1311761137325314,2.8553160200326846,4.002203369604106
paper,medium,2017-03-31,2018Q1,5,FFR,1.3111994440027563,1.4466666666666665,-0.1354672226639102,-2.1000980116207053,-0.7095573081304961,1.3316171884863528,3.3219680050505493,4.637881529691622
paper,medium,2017-03-31,2018Q2,6,FFR,1.4751263411755928,1.7366666666666666,-0.26154032549107376,-2.274129557453966,-0.7182640313857095,1.4878696304149068,3.6761737953727915,5.232572772657049
paper,medium,2017-03-31,2018Q3,7,FFR,1.6112585353849327,1.9233333333333331,-0.31207479794840043,-2.2688830682271695,-0.7880901459121664,1.5967393687408193,4.003066375350586,5.651794282732424
paper,medium,2017-03-31,2018Q4,8,FFR,1.7495648517533446,2.22,-0.47043514824665555,-2.479993278269749,-0.7871050609439096,1.6845027216788337,4.333834147998958,6.056947367411283
paper,medium,2017-03-31,2017Q1,1,GDP,973.8316575203388,979.1946532403157,-5.36299571997688,972.5989687209222,973.0958795401127,973.8357727535235,974.6213791703441,975.0559356932198
paper,medium,2017-03-31,2017Q2,2,GDP,974.6408060971388,979.6971814310028,-5.056375333864025,972.6465266189581,973.4209445271819,974.6232441709285,975.8942430275379,976.6015901239273
paper,medium,2017-03-31,2017Q3,3,GDP,975.4101499443877,980.5212652288033,-5.1111152844155185,972.6676027740073,973.7876689890628,975.3555520043108,977.0456512579273,978.1548713725847
paper,medium,2017-03-31,2017Q4,4,GDP,976.1586537356637,981.5219022023681,-5.363248466704363,972.8833096135321,974.1447540784445,976.0885969132212,978.2816772314588,979.4840951826285
paper,medium,2017-03-31,2018Q1,5,GDP,976.8930374528793,982.2121682369062,-5.319130784026925,972.9824242342426,974.4780177069273,976.8102718436537,979.3606254166674,980.7692882211396
paper,medium,2017-03-31,2018Q2,6,GDP,977.6026503989336,982.9070909671581,-5.304440568224436,973.1477912420897,974.895678366112,977.5269445086135,980.3682906592159,982.0959650376387
paper,medium,2017-03-31,2018Q3,7,GDP,978.2937910481558,983.6265326816047,-5.332741633448904,973.4621722409934,975.3397359822168,978.24878251572,981.2739526345304,983.2229911729922
paper,medium,2017-03-31,2018Q4,8,GDP,978.9651239762646,983.8081508542731,-4.843026878008459,973.4906516106972,975.702343453024,978.9378029383292,982.1781879167538,984.3865200488943
paper,medium,2017-03-31,2017Q1,1,HOURS,472.9202318496251,468.5883438027266,4.331888046898484,471.8921798259817,472.30291289027525,472.90715032762046,473.5481790718443,473.9615694516297
paper,medium,2017-03-31,2017Q2,2,HOURS,473.3465346519968,469.2906300292178,4.055904622778996,471.53657816432144,472.2382252393596,473.3478327137707,474.4365641705279,475.24001640362343
paper,medium,2017-03-31,2017Q3,3,HOURS,473.77660577914037,469.390424497534,4.386181281606355,471.2054949744053,472.1880878894542,473.75862588013183,475.33088210148037,476.4333452850602
paper,medium,2017-03-31,2017Q4,4,HOURS,474.21495231312986,470.1815837289622,4.033368584167647,470.850287282818,472.12568632822786,474.19689010043123,476.2647292334989,477.6293872733042
paper,medium,2017-03-31,2018Q1,5,HOURS,474.6337206107866,470.6607014041582,3.9730192066284076,470.54344057325306,472.0252837339742,474.63556529910943,477.1532711614172,478.9078262257248
paper,medium,2017-03-31,2018Q2,6,HOURS,475.0091647739261,471.1204474609927,3.8887173129334087,470.24099631684714,472.03313795751336,474.9819917584138,477.94104154328454,479.95019580853454
paper,medium,2017-03-31,2018Q3,7,HOURS,475.37451237513875,471.6165794644259,3.7579329107128387,469.96924505191396,472.07724444040485,475.2788765781079,478.6888695497478,480.99712294847626
paper,medium,2017-03-31,2018Q4,8,HOURS,475.70425055314433,471.8739913670619,3.8302591860824577,469.7682583435556,472.0629218652923,475.6535297643227,479.35102718591367,481.68747255155495
paper,medium,2017-03-31,2017Q1,1,INV,797.8563545022837,804.9400556120976,-7.083701109813887,792.3416378021449,794.5207270181685,797.792415168474,801.363375206588,803.4782000333688
paper,medium,2017-03-31,2017Q2,2,INV,799.4651786004883,806.708034244384,-7.242855643895609,790.8516125966515,794.2875721321515,799.2616012260582,804.8692410920507,808.3326641687474
paper,medium,2017-03-31,2017Q3,3,INV,801.0856453492092,808.6664089264145,-7.580763577205289,789.7295396498931,794.2908555989599,801.0599665910304,807.9025684986484,812.7058059224444
paper,medium,2017-03-31,2017Q4,4,INV,802.4370301038063,809.9688193847114,-7.531789280905173,788.3753550898052,794.2535743592416,802.3533447511574,810.8947724481949,816.4988622990197
paper,medium,2017-03-31,2018Q1,5,INV,803.6082749828091,811.4589186446241,-7.850643661814956,787.4685598951143,793.7565201676842,803.7812237714968,813.2492990168149,819.627164360938
paper,medium,2017-03-31,2018Q2,6,INV,804.8122122446495,811.643110673574,-6.83089842892457,786.9569014638921,793.9407514729899,804.8536914990385,815.4734288364078,822.6637243952478
paper,medium,2017-03-31,2018Q3,7,INV,805.8329833030843,814.7015783835387,-8.868595080454384,786.8357646989436,794.2037888260326,805.6862624590931,817.7204433336908,825.4670875318761
paper,medium,2017-03-31,2018Q4,8,INV,806.7979846324681,814.6305726382449,-7.832588005776756,786.2490803318608,793.8682613194471,806.9360372962885,819.2337655366172,827.3284797212616
paper,medium,2017-03-31,2017Q1,1,WAGE,466.4111931750159,464.76739655148157,1.6437966235343424,465.1391127663868,465.681361988897,466.3995713846249,467.2007827375776,467.6764404698136
paper,medium,2017-03-31,2017Q2,2,WAGE,466.7433994056225,465.25402947368775,1.489369931934732,465.00725190937095,465.7186787358111,466.75832722055696,467.7775956631851,468.4737745850895
paper,medium,2017-03-31,2017Q3,3,WAGE,467.07328658990673,466.0595432093501,1.0137433805566047,464.9025710210948,465.722198538485,467.0918945090252,468.3677427462377,469.17341552655665
paper,medium,2017-03-31,2017Q4,4,WAGE,467.3724424102844,466.58700990877134,0.7854325015130712,464.80293827068493,465.81019009269534,467.39569594115375,468.9092605597178,469.85580662546823
paper,medium,2017-03-31,2018Q1,5,WAGE,467.676838113403,466.4872029234135,1.189635189989474,464.70620699415997,465.9139368290606,467.7000430266335,469.40980391823695,470.53181993776883
paper,medium,2017-03-31,2018Q2,6,WAGE,468.0105484277148,466.30050376590424,1.7100446618105707,464.7063121578371,466.03595978885045,468.0287033260237,469.94324962508705,471.29870949787346
paper,medium,2017-03-31,2018Q3,7,WAGE,468.31393011155444,466.87269753847164,1.4412325730828002,464.5604149207687,466.1249335871612,468.348279877124,470.5068712144264,471.91672221983066
paper,medium,2017-03-31,2018Q4,8,WAGE,468.60452403328463,466.9486807507763,1.6558432825083287,464.6508525832313,466.1430329506848,468.61248947160914,471.0570459777689,472.5477871517802
paper,medium,2017-06-30,2017Q2,1,CONS,937.3817770613267,942.7015608775955,-5.319783816268796,936.4402267422066,936.7933754614401,937.3807299866687,937.9516880922272,938.3424782991908
paper,medium,2017-06-30,2017Q3,2,CONS,937.986499070191,943.2961066624665,-5.3096075922754835,936.4840068246832,937.0684998243657,937.9853300724537,938.9170394780379,939.5195432366892
paper,medium,2017-06-30,2017Q4,3,CONS,938.565591686371,944.3840666596335,-5.818474973262482,936.4619011739443,937.2553341842347,938.5718490146305,939.8290511074571,940.6773163752118
paper,medium,2017-06-30,2018Q1,4,CONS,939.1861883358181,945.0392641778635,-5.853075842045428,936.4016394498262,937.5578632834829,939.183635939828,940.8346200734092,941.9192095308869
paper,medium,2017-06-30,2018Q2,5,CONS,939.8327681535884,945.7638557049759,-5.9310875513874635,936.6300010994831,937.8385972649905,939.806457197468,941.8382224840065,943.0893863630893
paper,medium,2017-06-30,2018Q3,6,CONS,940.4629753065589,946.3980072492748,-5.935031942715909,936.7130499153469,938.1524761311167,940.4586283611523,942.7596455033139,944.300525537392
paper,medium,2017-06-30,2018Q4,7,CONS,941.1332891493122,946.8339353212865,-5.700646171974313,936.8355729321161,938.4053938175275,941.1625310700314,943.7423317628658,945.4840875205228
paper,medium,2017-06-30,2019Q1,8,CONS,941.7909281950356,946.9293208750909,-5.13839268005529,937.0024815665319,938.8109562448171,941.8981079162381,944.6297541873566,946.5771158928899
paper,medium,2017-06-30,2017Q2,1,DEFL,473.01665991412506,467.62901269911987,5.387647215005188,472.59432473327314,472.75902521344074,473.01640341064086,473.2693338743665,473.438127724442
paper,medium,2017-06-30,2017Q3,2,DEFL,473.51465747315746,468.12975463756425,5.384902835593209,472.75148034216613,473.06657601531066,473.5123712542315,473.97705910806116,474.2268774509166
paper,medium,2017-06-30,2017Q4,3,DEFL,474.0239715542603,468.81593179181164,5.208039762448664,472.92243775422,473.36507098600504,474.02308988505035,474.68229783891377,475.12300831936705
paper,medium,2017-06-30,2018Q1,4,DEFL,474.5282911710147,469.4279361059867,5.100355065027998,473.0043657701895,473.60835543556334,474.5437172261584,475.4019388162294,476.06128857201816
paper,medium,2017-06-30,2018Q2,5,DEFL,475.0594085824862,470.2823074052711,4.777101177215059,473.09578218077843,473.84658720241924,475.04495429760584,476.19766295320886,477.05498331936315
paper,medium,2017-06-30,2018Q3,6,DEFL,475.58301008378044,470.6182260866492,4.964783997131235,473.1441895534048,474.09624199558374,475.57478134027934,477.03150229679517,478.1103541067212
paper,medium,2017-06-30,2018Q4,7,DEFL,476.125480972957,471.07186839761323,5.053612575343777,473.1879795009978,474.3526461938858,476.150064062655,477.8969336414124,479.27893258902395
paper,medium,2017-06-30,2019Q1,8,DEFL,476.6825828598693,471.4580490171198,5.2245338427495085,473.28054077112535,474.51124851609416,476.6892448533369,478.80049837353977,480.4014421881591
paper,medium,2017-06-30,2017Q2,1,FFR,0.7774422639457352,0.9500000000000001,-0.17255773605426483,-0.5154177334264595,-0.010035964277263845,0.7707447158328931,1.5887250566761808,2.0792575368058657
paper,medium,2017-06-30,2017Q3,2,FFR,0.8764161536926945,1.1533333333333333,-0.2769171796406388,-1.083211388286632,-0.38247704157644896,0.8937108536331639,2.0950205710262297,2.841203750096441
paper,medium,2017-06-30,2017Q4,3,FFR,0.9831815293559999,1.2033333333333334,-0.22015180397733347,-1.553121069254455,-0.5234309440995047,0.977038543797963,2.457907348697447,3.420366954639603
paper,medium,2017-06-30,2018Q1,4,FFR,1.1099914120994905,1.4466666666666665,-0.33667525456717606,-1.9363220846405327,-0.7134646014806324,1.1654607559522088,2.8997187671551643,3.9266766775210833
paper,medium,2017-06-30,2018Q2,5,FFR,1.220238174196572,1.7366666666666666,-0.5164284924700946,-2.1360015941325385,-0.7943458840836981,1.2167913008673468,3.2065278437666116,4.421489788479648
paper,medium,2017-06-30,2018Q3,6,FFR,1.3065724234088272,1.9233333333333331,-0.6167609099245059,-2.380832439904675,-0.8600386097133772,1.3425598841703574,3.526888170109377,4.854638564520801
paper,medium,2017-06-30,2018Q4,7,FFR,1.414310643573283,2.22,-0.8056893564267171,-2.5816931210207685,-1.072131428761966,1.4403093513377812,3.7974811479543846,5.432891898565335
paper,medium,2017-06-30,2019Q1,8,FFR,1.553655947071382,2.4033333333333333,-0.8496773862619513,-2.813968565918514,-0.984680275686662,1.5648185745801744,4.0965131483403985,5.857423376615428
paper,medium,2017-06-30,2017Q2,1,GDP,974.0077623746462,979.6971814310028,-5.689419056356655,972.7590889358929,973.270466504661,974.0100191092947,974.7609196252013,975.2800885934905
paper,medium,2017-06-30,2017Q3,2,GDP,974.5937346651585,980.5212652288033,-5.927530563644723,972.5474028468523,973.3923136579293,974.631762871257,975.8107094191064,976.5315719627879
paper,medium,2017-06-30,2017Q4,3,GDP,975.165447003283,981.5219022023681,-6.356455199085076,972.4157974491645,973.566478527542,975.1847752111621,976.7515311930861,977.8766187065502
paper,medium,2017-06-30,2018Q1,4,GDP,975.7352968537677,982.2121682369062,-6.476871383138473,972.3200064886925,973.7440970979604,975.7411664971121,977.762488495317,979.1808266661816
paper,medium,2017-06-30,2018Q2,5,GDP,976.34090069945,982.9070909671581,-6.566190267708066,972.467024456849,973.9186559350696,976.2884250750742,978.7286644604045,980.4571000324669
paper,medium,2017-06-30,2018Q3,6,GDP,976.9626322738889,983.6265326816047,-6.663900407715801,972.4553182847558,974.1974265094932,976.9347225606002,979.7997693436151,981.519369119462
paper,medium,2017-06-30,2018Q4,7,GDP,977.6074103548868,983.8081508542731,-6.2007404993862565,972.5182751970597,974.569724038505,977.621280451344,980.7100572418104,982.7629891598955
paper,medium,2017-06-30,2019Q1,8,GDP,978.2353001604582,984.3493940965847,-6.114093936126437,972.5804219509432,974.8561367258576,978.2301734699238,981.5994678908545,983.8610909605934
paper,medium,2017-06-30,2017Q2,1,HOURS,473.2604679670671,469.2906300292178,3.969837937849263,472.2194956649768,472.6259513868057,473.2657355029675,473.91376869066517,474.28018015846396
paper,medium,2017-06-30,2017Q3,2,HOURS,473.56211685095343,469.390424497534,4.171692353419417,471.69878668163824,472.4125355935323,473.56628770479654,474.70243871823027,475.42405411748734
paper,medium,2017-06-30,2017Q4,3,HOURS,473.8447665001518,470.1815837289622,3.6631827711896108,471.0429660946671,472.25092239909804,473.86706803603215,475.4733059611645,476.5248773276918
paper,medium,2017-06-30,2018Q1,4,HOURS,474.1044225848529,470.6607014041582,3.443721180694695,470.354021488999,471.9644129340738,474.1066364962254,476.17721360279256,477.54474493150576
paper,medium,2017-06-30,2018Q2,5,HOURS,474.36855754051953,471.1204474609927,3.248110079526839,469.99585182066176,471.76512977514375,474.405831458695,476.99565652975843,478.58231542325194
paper,medium,2017-06-30,2018Q3,6,HOURS,474.6324368850868,471.6165794644259,3.0158574206608932,469.6005100159866,471.5991779987706,474.6430704107233,477.69616086868035,479.6667680486392
paper,medium,2017-06-30,2018Q4,7,HOURS,474.91648215052476,471.8739913670619,3.042490783462881,469.39457972027077,471.4477591080187,474.86678776079407,478.36594914946266,480.5444769261893
paper,medium,2017-06-30,2019Q1,8,HOURS,475.22264289650684,471.8427440172524,3.3798988792544264,469.0791946095578,471.38341053948227,475.14368705319333,478.9757029228747,481.3417351702475
paper,medium,2017-06-30,2017Q2,1,INV,798.5457008164296,806.708034244384,-8.162333427954309,792.7255555059609,795.0209685106548,798.5061248581326,802.1550910561716,804.4360165577029
paper,medium,2017-06-30,2017Q3,2,INV,799.6632599868478,808.6664089264145,-9.0031489395667,790.5297449408974,794.4096273994121,799.6545007407437,805.0254991288856,808.6306706975315
paper,medium,2017-06-30,2017Q4,3,INV,800.7097183661688,809.9688193847114,-9.259101018542651,788.9740012070143,793.9821640161975,800.5296431425902,807.6712060717291,813.0990929635018
paper,medium,2017-06-30,2018Q1,4,INV,801.3154491367428,811.4589186446241,-10.143469507881264,787.6638841592412,792.8369779549422,801.144291629847,809.6873012445523,815.6664400384619
paper,medium,2017-06-30,2018Q2,5,INV,802.137563796055,811.643110673574,-9.50554687751901,786.6628745592527,792.6215059218871,801.9092557193956,811.7045290716187,818.8667018691192
paper,medium,2017-06-30,2018Q3,6,INV,803.0992457461774,814.7015783835387,-11.602332637361314,785.2309579498238,792.4216219090246,802.6454168877386,813.8420120162897,821.0890496748177
paper,medium,2017-06-30,2018Q4,7,INV,804.0381230082977,814.6305726382449,-10.592449629947168,784.7214446007151,792.2880401186967,804.039286058688,815.846452151518,823.8946367287579
paper,medium,2017-06-30,2019Q1,8,INV,804.9607761497458,815.6036505171336,-10.642874367387776,784.1715245486619,792.2171068222209,804.9081160317803,817.6439577900014,826.0509666175492
paper,medium,2017-06-30,2017Q2,1,WAGE,464.61907062865396,465.25402947368775,-0.6349588450337933,463.3098118167402,463.83602375263774,464.6463311169327,465.37128832373617,465.89541615384394
paper,medium,2017-06-30,2017Q3,2,WAGE,464.88039538744374,466.0595432093501,-1.1791478219063833,463.01956369777594,463.77189815529584,464.90899590506706,465.9428413046714,466.7433881664948
paper,medium,2017-06-30,2017Q4,3,WAGE,465.12353752027167,466.58700990877134,-1.4634723884996674,462.90007267830504,463.6986534771373,465.1344061340152,466.4691870164914,467.4335111741728
paper,medium,2017-06-30,2018Q1,4,WAGE,465.3806994216275,466.4872029234135,-1.106503501785994,462.68572221767283,463.76713543150845,465.418930995696,466.97648865361833,468.139262576082
paper,medium,2017-06-30,2018Q2,5,WAGE,465.63490407724623,466.30050376590424,-0.6655996886580056,462.63036645017934,463.73523438981294,465.62591119103956,467.5159532339616,468.75556046115366
paper,medium,2017-06-30,2018Q3,6,WAGE,465.9099814152322,466.87269753847164,-0.9627161232394315,462.4882583348745,463.8241257362489,465.90562665320266,468.05189972018354,469.4211328272363
paper,medium,2017-06-30,2018Q4,7,WAGE,466.1813469708848,466.9486807507763,-0.7673337798914872,462.2078746208154,463.8012189073243,466.18786497229974,468.5071441924866,470.1054565015317
paper,medium,2017-06-30,2019Q1,8,WAGE,466.4296149825564,468.94837605122734,-2.5187610686709263,462.21597225167886,463.8783350329075,466.4476848985871,468.98382691732166,470.6251374446733
paper,medium,2017-09-30,2017Q3,1,CONS,938.6145095977263,943.2961066624665,-4.681597064740231,937.6581613458387,938.0486627804416,938.6205574525541,939.1762582881578,939.5763250712715
paper,medium,2017-09-30,2017Q4,2,CONS,939.2293171588589,944.3840666596335,-5.154749500774642,937.7177948991286,938.3296209167814,939.2474015088039,940.1266151293123,940.7189755321203
paper,medium,2017-09-30,2018Q1,3,CONS,939.9181937652428,945.0392641778635,-5.121070412620725,937.934456687616,938.6189583805532,939.9322059826015,941.1478227149554,942.0171413271725
paper,medium,2017-09-30,2018Q2,4,CONS,940.5560446298853,945.7638557049759,-5.2078110750906035,937.9961217974811,938.9138831083778,940.5673477288026,942.1109053905459,943.1836429370168
paper,medium,2017-09-30,2018Q3,5,CONS,941.1980532501454,946.3980072492748,-5.19995399912932,938.0895810664197,939.258463854525,941.1848578381025,943.1244719314744,944.4180196932106
paper,medium,2017-09-30,2018Q4,6,CONS,941.8631790916173,946.8339353212865,-4.970756229669178,938.207886760472,939.6115692031472,941.86648412196,944.1023733065732,945.5977800729125
paper,medium,2017-09-30,2019Q1,7,CONS,942.5407821233524,946.9293208750909,-4.3885387517384515,938.2999265953199,940.002953852863,942.5827865388467,945.1153384579904,946.615883797977
paper,medium,2017-09-30,2019Q2,8,CONS,943.236772395814,947.5688948183085,-4.332122422494535,938.5394244002632,940.3898389441015,943.2790845821888,946.0410688896519,947.6925696412591
paper,medium,2017-09-30,2017Q3,1,DEFL,473.1928855751292,468.12975463756425,5.063130937564949,472.76697413926746,472.94188378186914,473.1933645539546,473.4438980337546,473.61424159530503
paper,medium,2017-09-30,2017Q4,2,DEFL,473.6116988369507,468.81593179181164,4.795767045139087,472.8559307993245,473.15640741908703,473.6293611902242,474.046279137266,474.3282887900988
paper,medium,2017-09-30,2018Q1,3,DEFL,474.03719895789226,469.4279361059867,4.609262851905555,472.9439501697405,473.36946225107533,474.03523575531426,474.67845558994355,475.13977707081057
paper,medium,2017-09-30,2018Q2,4,DEFL,474.48710014286326,470.2823074052711,4.204792737592129,472.972845036718,473.54961828284286,474.5023911799349,475.4061666371474,475.9566380525043
paper,medium,2017-09-30,2018Q3,5,DEFL,474.95123691256845,470.6182260866492,4.333010825919246,472.95565071319174,473.7456587708762,474.9669906031356,476.1444479505751,476.88604672604714
paper,medium,2017-09-30,2018Q4,6,DEFL,475.4189350092874,471.07186839761323,4.347066611674165,472.84560921510297,473.8922608441224,475.43282121020115,476.9001116557299,477.8879616186018
paper,medium,2017-09-30,2019Q1,7,DEFL,475.905598343124,471.4580490171198,4.447549326004207,472.79385514537216,474.0379163880856,475.9070305877924,477.7175643090793,478.98622129795336
paper,medium,2017-09-30,2019Q2,8,DEFL,476.4082680683192,472.01403804243495,4.394230025884269,472.7475692425536,474.19319283518206,476.4063534190461,478.5309140100261,480.0500675435399
paper,medium,2017-09-30,2017Q3,1,FFR,1.114952518187566,1.1533333333333333,-0.03838081514576741,-0.24527280718281308,0.3238529867171802,1.129302495276101,1.8984939291455252,2.418860304620146
paper,medium,2017-09-30,2017Q4,2,FFR,1.2252340288554018,1.2033333333333334,0.021900695522068414,-0.7940304566002199,0.07573160900616185,1.2266026660329277,2.414798273806614,3.2237149130039864
paper,medium,2017-09-30,2018Q1,3,FFR,1.3681955182529775,1.4466666666666665,-0.07847114841368907,-1.111658281727974,-0.07547738526221758,1.3811430938974643,2.839104191158211,3.7633916614127485
paper,medium,2017-09-30,2018Q2,4,FFR,1.4834918130321078,1.7366666666666666,-0.2531748536345588,-1.311275248189884,-0.21679686069871448,1.4925481389355548,3.1846610865443563,4.333609325414617
paper,medium,2017-09-30,2018Q3,5,FFR,1.521778348366163,1.9233333333333331,-0.40155498496717,-1.6557449894992737,-0.37797473072347115,1.5326917074344473,3.4741867212292314,4.7800326189785745
paper,medium,2017-09-30,2018Q4,6,FFR,1.5921396035551838,2.22,-0.6278603964448164,-1.9341829285858774,-0.5772580120186716,1.5553288307508897,3.8392952224067027,5.141068053606097
paper,medium,2017-09-30,2019Q1,7,FFR,1.6776222069273317,2.4033333333333333,-0.7257111264060017,-2.07490283932599,-0.5881754533736694,1.7201247334758154,3.95160731596344,5.44798917861987
paper,medium,2017-09-30,2019Q2,8,FFR,1.7455377263491032,2.3966666666666665,-0.6511289403175633,-2.266389698890283,-0.6788517430767588,1.738994659597231,4.169239346941701,5.819356400370434
paper,medium,2017-09-30,2017Q3,1,GDP,974.9848750301724,980.5212652288033,-5.536390198630897,973.7539061656113,974.2737188855775,974.9904523365065,975.7355654192695,976.2129537127793
paper,medium,2017-09-30,2017Q4,2,GDP,975.5988750585137,981.5219022023681,-5.92302714385437,973.6117134901139,974.417159516247,975.5977051855584,976.7937004060343,977.5323174011287
paper,medium,2017-09-30,2018Q1,3,GDP,976.231082921281,982.2121682369062,-5.981085315625251,973.4909900616589,974.6221458446081,976.2374437954012,977.9348712358712,978.8902697587906
paper,medium,2017-09-30,2018Q2,4,GDP,976.8465771306428,982.9070909671581,-6.06051383651527,973.5297895859966,974.8212497615306,976.8660570467794,978.8143059370418,980.1964339345957
paper,medium,2017-09-30,2018Q3,5,GDP,977.4501272522348,983.6265326816047,-6.176405429369879,973.4855447801255,975.0904785222109,977.4583464706786,979.7495256875735,981.3925775932184
paper,medium,2017-09-30,2018Q4,6,GDP,978.0773111512989,983.8081508542731,-5.730839702974208,973.5392386484979,975.4162594688628,978.0332295844576,980.7323836075129,982.5151895127196
paper,medium,2017-09-30,2019Q1,7,GDP,978.7197190149151,984.3493940965847,-5.629675081669575,973.6486837858147,975.6844306870971,978.7256176611786,981.6971802275286,983.621926420817
paper,medium,2017-09-30,2019Q2,8,GDP,979.3863472416751,985.0201484419601,-5.633801200285006,973.7730113476049,976.0263131398098,979.4340109198042,982.6366748588916,984.7917833397966
paper,medium,2017-09-30,2017Q3,1,HOURS,473.9917342825731,469.390424497534,4.601309785039064,472.9813654781861,473.3958022091334,474.0038027874426,474.57739014046797,474.9526561141246
paper,medium,2017-09-30,2017Q4,2,HOURS,474.32414905176216,470.1815837289622,4.142565322799953,472.4799598039401,473.21563491719866,474.33959589411836,475.3979267513139,476.1092310856544
paper,medium,2017-09-30,2018Q1,3,HOURS,474.6251383100132,470.6607014041582,3.9644369058549955,472.03294743506456,473.0218110207772,474.6311767516132,476.167205297501,477.34053969727114
paper,medium,2017-09-30,2018Q2,4,HOURS,474.89975804989325,471.1204474609927,3.7793105889005574,471.673344499112,472.82744518779145,474.85155073066426,476.94546327741295,478.4392387566505
paper,medium,2017-09-30,2018Q3,5,HOURS,475.1563314830626,471.6165794644259,3.5397520186367046,471.2228772938383,472.6490927991072,475.09181873216244,477.62767800283194,479.3184992316258
paper,medium,2017-09-30,2018Q4,6,HOURS,475.40965193040296,471.8739913670619,3.5356605633410823,470.6140327753668,472.48819959741905,475.4096598498861,478.233692506536,480.27256689919875
paper,medium,2017-09-30,2019Q1,7,HOURS,475.68174395040484,471.8427440172524,3.8389999331524223,470.28938724673054,472.492057889578,475.6617673508219,478.78992488310035,481.36292799655257
paper,medium,2017-09-30,2019Q2,8,HOURS,475.9780426012207,471.99353390810563,3.9845086931150604,469.9278935270862,472.4209643975722,475.91650994938533,479.59632409046134,482.16428368225553
paper,medium,2017-09-30,2017Q3,1,INV,800.010878074677,808.6664089264145,-8.65553085173758,794.4339432100991,796.6594236646822,800.0167022807923,803.3451163452796,805.4381880588054
paper,medium,2017-09-30,2017Q4,2,INV,800.9928138380751,809.9688193847114,-8.976005546636316,792.0096016229661,795.7496704453071,801.1435427030649,806.3201666540738,809.5035067571285
paper,medium,2017-09-30,2018Q1,3,INV,801.6875624651993,811.4589186446241,-9.771356179424743,790.5681827120519,794.9660781731993,801.7375430411605,808.6662560870436,812.9732240507028
paper,medium,2017-09-30,2018Q2,4,INV,802.5140489985992,811.643110673574,-9.129061674974878,789.022113393601,794.3500678558074,802.5076921735174,810.6979719505814,816.5089062555402
paper,medium,2017-09-30,2018Q3,5,INV,803.279636006412,814.7015783835387,-11.421942377126697,787.8451158108472,794.0750754218747,803.1036975261941,812.7998393535411,819.4033078977159
paper,medium,2017-09-30,2018Q4,6,INV,804.0374524462227,814.6305726382449,-10.593120192022184,786.6279225479016,793.683344470456,804.0192735108672,814.5565276771264,821.5215389916663
paper,medium,2017-09-30,2019Q1,7,INV,804.9777868343975,815.6036505171336,-10.625863682736053,785.6719514017392,793.1878845648001,805.0971966164786,816.6480299288867,824.2916320830822
paper,medium,2017-09-30,2019Q2,8,INV,806.0262205704187,816.1904429140767,-10.164222343658025,785.9080346296643,793.2931133873085,805.9595510620167,818.6475499833322,827.4532111902553
paper,medium,2017-09-30,2017Q3,1,WAGE,464.03059453626105,466.0595432093501,-2.028948673089076,462.6978789606707,463.2313024050971,464.061683592351,464.81020152736653,465.33690914455525
paper,medium,2017-09-30,2017Q4,2,WAGE,464.2129893612772,466.58700990877134,-2.3740205474941263,462.4347259115663,463.06545088181963,464.22773345083766,465.32678327573706,466.01476967404363
paper,medium,2017-09-30,2018Q1,3,WAGE,464.5023786585517,466.4872029234135,-1.9848242648617997,462.24901489910707,463.09188311563884,464.50275311417386,465.90331505066683,466.7879517865082
paper,medium,2017-09-30,2018Q2,4,WAGE,464.76251145208954,466.30050376590424,-1.5379923138146978,462.19053077538837,463.1069820360034,464.787050244992,466.31213819095575,467.3980830286344
paper,medium,2017-09-30,2018Q3,5,WAGE,465.01271323878103,466.87269753847164,-1.859984299690609,462.1091579320908,463.18208639449864,465.0443442688402,466.730914058238,467.91154829199695
paper,medium,2017-09-30,2018Q4,6,WAGE,465.2891433535587,466.9486807507763,-1.6595373972176048,461.992035145298,463.34355322562084,465.2988266899953,467.26629311865287,468.4857918319964
paper,medium,2017-09-30,2019Q1,7,WAGE,465.56607574773585,468.94837605122734,-3.3823003034914905,462.03413500366474,463.3665256079966,465.59636624895927,467.8157246754634,469.1715568261831
paper,medium,2017-09-30,2019Q2,8,WAGE,465.8255518272131,468.1779313357982,-2.352379508585102,461.9447872444552,463.42785183890334,465.8182146603182,468.1620943955107,469.8710889927145
paper,medium,2017-12-31,2017Q4,1,CONS,939.1713355886985,944.3840666596335,-5.212731070934979,938.2195924238611,938.5978370650973,939.1754975634465,939.7379580976873,940.1360489473636
paper,medium,2017-12-31,2018Q1,2,CONS,939.8309801878776,945.0392641778635,-5.208283989985944,938.4101164375599,938.9340426876928,939.8082873704428,940.7327158721878,941.3231279182581
paper,medium,2017-12-31,2018Q2,3,CONS,940.4681352035594,945.7638557049759,-5.29572050141644,938.4381352135916,939.2741635496814,940.4698061736672,941.6658820605512,942.5242608690138
paper,medium,2017-12-31,2018Q3,4,CONS,941.0832348748357,946.3980072492748,-5.3147723744390305,938.4759318060843,939.4988150834067,941.0586513014266,942.6245228246837,943.6854609951184
paper,medium,2017-12-31,2018Q4,5,CONS,941.7407328042094,946.8339353212865,-5.0932025170770885,938.6572379805855,939.8359239212322,941.7649939829719,943.5783842358502,944.928669735308
paper,medium,2017-12-31,2019Q1,6,CONS,942.4081717270369,946.9293208750909,-4.521149148053951,938.7930822406094,940.191150414411,942.4287548423049,944.5534669752216,946.1186598143623
paper,medium,2017-12-31,2019Q2,7,CONS,943.0668318794692,947.5688948183085,-4.5020629388393445,938.9949119112005,940.5267108386189,943.080486119555,945.5202017668629,947.2134868294494
paper,medium,2017-12-31,2019Q3,8,CONS,943.7354586275702,948.4090113676044,-4.673552740034211,939.2095201668328,940.9265957230269,943.7302595877468,946.5101632739687,948.3649678263162
paper,medium,2017-12-31,2017Q4,1,DEFL,473.7377052229159,468.81593179181164,4.9217734311042705,473.32484440533057,473.47969715542274,473.73042384858934,474.0025180586721,474.1756459991954
paper,medium,2017-12-31,2018Q1,2,DEFL,474.2120282827316,469.4279361059867,4.784092176744878,473.4469576149104,473.75169127805367,474.20810561258014,474.6787236424717,474.9802724783957
paper,medium,2017-12-31,2018Q2,3,DEFL,474.7131390733132,470.2823074052711,4.43083166804206,473.5279537504707,474.05338137080037,474.7146546088012,475.4092225075913,475.8425968661339
paper,medium,2017-12-31,2018Q3,4,DEFL,475.2278811403176,470.6182260866492,4.609655053668405,473.6122741276224,474.29563138702656,475.25243235993867,476.1729642461209,476.7387466701393
paper,medium,2017-12-31,2018Q4,5,DEFL,475.7383783875173,471.07186839761323,4.666509989904057,473.6342877739179,474.48035628541237,475.75741040354717,476.9669092761453,477.73309970274806
paper,medium,2017-12-31,2019Q1,6,DEFL,476.2572876575352,471.4580490171198,4.79923864041541,473.62807163226773,474.7248190163177,476.26089651048875,477.792658379855,478.77975207219487
paper,medium,2017-12-31,2019Q2,7,DEFL,476.7911265593304,472.01403804243495,4.7770885168954464,473.56478914413407,474.9616377492921,476.79139910059416,478.6605195423833,479.9505919445319
paper,medium,2017-12-31,2019Q3,8,DEFL,477.33496232803554,472.33975673527414,4.995205592761408,473.4647247866996,475.1783712524796,477.3123714208186,479.5310414948176,481.0255499686271
paper,medium,2017-12-31,2017Q4,1,FFR,1.238512094730792,1.2033333333333334,0.03517876139745857,-0.06520716826421237,0.4562425880574618,1.2454758656639187,2.0046163261578096,2.482276623785744
paper,medium,2017-12-31,2018Q1,2,FFR,1.401609364804157,1.4466666666666665,-0.04505730186250956,-0.5350108247632512,0.24583460683558275,1.402180612388182,2.615054546827381,3.3404944536866465
paper,medium,2017-12-31,2018Q2,3,FFR,1.5560518279150846,1.7366666666666666,-0.18061483875158202,-0.8347326138265702,0.10091030711240517,1.552188536600024,3.001355327698172,3.9232297829040412
paper,medium,2017-12-31,2018Q3,4,FFR,1.6082998729649645,1.9233333333333331,-0.31503346036836866,-1.2743667689589377,-0.11441786486833125,1.6074632276508527,3.3125119217166503,4.5311913576914735
paper,medium,2017-12-31,2018Q4,5,FFR,1.6844698085476004,2.22,-0.5355301914523998,-1.541160194969166,-0.23905878491568977,1.6803810547634088,3.6019877979406387,4.9469419729699595
paper,medium,2017-12-31,2019Q1,6,FFR,1.7683424617741141,2.4033333333333333,-0.6349908715592192,-1.8689346163748233,-0.37663823601801155,1.7768896851598737,3.925250386840311,5.334167974062056
paper,medium,2017-12-31,2019Q2,7,FFR,1.8261901520385337,2.3966666666666665,-0.5704765146281328,-2.049722874141325,-0.4589035961433645,1.8430770336020248,4.176116133767775,5.71242116909999
paper,medium,2017-12-31,2019Q3,8,FFR,1.9374860844660204,2.19,-0.2525139155339795,-2.162014654311006,-0.518148557093397,1.891241217934414,4.463259536657896,6.09727357132578
paper,medium,2017-12-31,2017Q4,1,GDP,975.6330189642696,981.5219022023681,-5.888883238098515,974.4289844798489,974.8964527955665,975.6472377503806,976.3529332298885,976.8457818447564
paper,medium,2017-12-31,2018Q1,2,GDP,976.2428062839625,982.2121682369062,-5.9693619529437,974.25520619588,975.072509695405,976.2740965067339,977.3814881048031,978.1137504173809
paper,medium,2017-12-31,2018Q2,3,GDP,976.8285791999172,982.9070909671581,-6.0785117672409115,974.1767762391363,975.2496535020954,976.8339714657714,978.4122318995571,979.3746788092251
paper,medium,2017-12-31,2018Q3,4,GDP,977.4148018460385,983.6265326816047,-6.211730835566186,974.1638485060352,975.4812834665372,977.4088700672169,979.3473293779907,980.7556072618739
paper,medium,2017-12-31,2018Q4,5,GDP,978.014110799336,983.8081508542731,-5.794040054937113,974.1250235590098,975.7383639134688,978.0434322313045,980.265937540486,981.853692578357
paper,medium,2017-12-31,2019Q1,6,GDP,978.6588348100955,984.3493940965847,-5.690559286489133,974.1715972476652,976.1032603566296,978.6948802591776,981.2053523763676,983.1450039629968
paper,medium,2017-12-31,2019Q2,7,GDP,979.2800712757569,985.0201484419601,-5.740077166203264,974.3422153211135,976.406644281391,979.3401039765822,982.1226173507374,984.2491412417413
paper,medium,2017-12-31,2019Q3,8,GDP,979.9395960740303,985.9061780536628,-5.966581979632451,974.5059960739867,976.7479565918972,980.0006081961183,983.0163014776223,985.6653841634787
paper,medium,2017-12-31,2017Q4,1,HOURS,474.13199722095237,470.1815837289622,3.9504134919901617,473.12912033612014,473.5117375105853,474.1388224981423,474.74499822875845,475.11419575697016
paper,medium,2017-12-31,2018Q1,2,HOURS,474.3836466436197,470.6607014041582,3.7229452394615237,472.58404345122227,473.250011346697,474.4160661193521,475.4667642378209,476.10876339396776
paper,medium,2017-12-31,2018Q2,3,HOURS,474.6307413849882,471.1204474609927,3.510293923995505,471.99431816530915,473.0421260597246,474.6333430944986,476.2521685060528,477.1596423041902
paper,medium,2017-12-31,2018Q3,4,HOURS,474.86096795526726,471.6165794644259,3.244388490841345,471.5938962940762,472.8499002090421,474.82010504628226,476.94744356953925,478.18399987916246
paper,medium,2017-12-31,2018Q4,5,HOURS,475.09134666500904,471.8739913670619,3.217355297947165,471.0794926866141,472.6507448561619,475.10852632001445,477.5746463399882,479.18551914982777
paper,medium,2017-12-31,2019Q1,6,HOURS,475.3394936927705,471.8427440172524,3.4967496755180605,470.68304342329253,472.51081669048125,475.3683440120233,478.19373875113484,480.06414243671844
paper,medium,2017-12-31,2019Q2,7,HOURS,475.5745366843576,471.99353390810563,3.581002776251978,470.2581875798618,472.36529920508434,475.60063389236524,478.699522265626,480.82392478873265
paper,medium,2017-12-31,2019Q3,8,HOURS,475.84775647810045,472.47116746593383,3.376589012166619,469.8779357808535,472.2933063822821,475.9339857165215,479.3627480375144,481.72435102913204
paper,medium,2017-12-31,2017Q4,1,INV,800.6013270328278,809.9688193847114,-9.367492351883584,794.9072327417211,797.3254129769638,800.6360436474181,803.876934836019,806.1187696849128
paper,medium,2017-12-31,2018Q1,2,INV,801.2768079160933,811.4589186446241,-10.182110728530802,792.7188250032568,795.9910198769595,801.340345688455,806.4723183312026,809.5689974432728
paper,medium,2017-12-31,2018Q2,3,INV,801.9279636200677,811.643110673574,-9.71514705350637,790.9151689997624,795.0177274998003,802.1059038754747,808.7084974580105,812.7076912529858
paper,medium,2017-12-31,2018Q3,4,INV,802.6230520165909,814.7015783835387,-12.078526366947813,789.3281256553956,794.321738327382,802.7063597585573,810.7084155959559,815.7245682826984
paper,medium,2017-12-31,2018Q4,5,INV,803.2223214703057,814.6305726382449,-11.40825116793917,788.2254327914166,794.0497980259277,803.0453547484509,812.3129393991713,818.8765442805086
paper,medium,2017-12-31,2019Q1,6,INV,804.0270537455253,815.6036505171336,-11.576596771608251,786.7828690960189,793.9769123078771,804.0820213812221,813.9557331214579,821.7302272142072
paper,medium,2017-12-31,2019Q2,7,INV,804.7496936346627,816.1904429140767,-11.440749279414035,786.3140913578999,793.479436857172,804.7356895021927,815.7673526773252,823.8688818585968
paper,medium,2017-12-31,2019Q3,8,INV,805.6759088646128,816.8257649464756,-11.149856081862822,785.1780116262008,793.3562711146424,805.8219470806775,817.3731021557313,825.8749016134293
paper,medium,2017-12-31,2017Q4,1,WAGE,463.9178940695467,466.58700990877134,-2.6691158392246166,462.6145836053482,463.1426456560952,463.90382501190095,464.6823186724737,465.23716102871
paper,medium,2017-12-31,2018Q1,2,WAGE,464.17350652906384,466.4872029234135,-2.3136963943496767,462.40779450757844,463.08405162716906,464.1765413118032,465.2292203270708,465.9069629857809
paper,medium,2017-12-31,2018Q2,3,WAGE,464.46543730568953,466.30050376590424,-1.8350664602147049,462.21786507584767,463.14964440509783,464.4733523272055,465.76942232697377,466.662697926929
paper,medium,2017-12-31,2018Q3,4,WAGE,464.70478535727955,466.87269753847164,-2.1679121811920936,462.1463143456237,463.1145210400485,464.68512582702283,466.25821373449935,467.2793644389859
paper,medium,2017-12-31,2018Q4,5,WAGE,464.97422786308294,466.9486807507763,-1.97445288769336,462.08075705599543,463.14159040077743,464.9599021299342,466.84029763790124,467.9376542425058
paper,medium,2017-12-31,2019Q1,6,WAGE,465.2429121178038,468.94837605122734,-3.705463933423516,461.9330691991554,463.20044580413634,465.2468535614739,467.3121207114969,468.59658191919823
paper,medium,2017-12-31,2019Q2,7,WAGE,465.51419002536954,468.1779313357982,-2.663741310428634,461.8494985652812,463.24362623409297,465.51484143015534,467.7127782912309,469.15769568964566
paper,medium,2017-12-31,2019Q3,8,WAGE,465.7597013222002,467.93031578293187,-2.170614460731656,461.6785581692336,463.2865794874888,465.75617744747996,468.16738661102596,469.7689263538292
paper,medium,2018-03-31,2018Q1,1,CONS,940.2663354208283,945.0392641778635,-4.772928757035174,939.3228985210136,939.701802206889,940.2468889900136,940.8640812102143,941.226244838457
paper,medium,2018-03-31,2018Q2,2,CONS,940.9849493153487,945.7638557049759,-4.7789063896271955,939.4970957618453,940.0719566270433,940.9885966101588,941.9316326069699,942.4641288939038
paper,medium,2018-03-31,2018Q3,3,CONS,941.6544085513598,946.3980072492748,-4.74359869791499,939.6280699238829,940.4054804154446,941.6424759971424,942.9158060465983,943.7341679039728
paper,medium,2018-03-31,2018Q4,4,CONS,942.2799821097528,946.8339353212865,-4.553953211533667,939.6592764407533,940.710974067317,942.2538508206433,943.8208314396077,944.9039064627004
paper,medium,2018-03-31,2019Q1,5,CONS,942.9187870152061,946.9293208750909,-4.010533859884731,939.6470868977596,941.0269139318184,942.8871204876743,944.8674539562941,946.0700177470172
paper,medium,2018-03-31,2019Q2,6,CONS,943.5874372042849,947.5688948183085,-3.9814576140236113,939.8436031334271,941.420209395483,943.5809321012058,945.8248678635516,947.3001756604709
paper,medium,2018-03-31,2019Q3,7,CONS,944.2278222643457,948.4090113676044,-4.181189103258703,940.0027856505562,941.7327199059303,944.2484682813305,946.7264205575199,948.2989455061181
paper,medium,2018-03-31,2019Q4,8,CONS,944.8586048124056,948.991030481561,-4.1324256691553956,940.0874522322556,942.126550482209,944.8976875236833,947.6671641992689,949.6094220857469
paper,medium,2018-03-31,2018Q1,1,DEFL,474.3876620727367,469.4279361059867,4.95972596675,473.96181800490353,474.12724858258593,474.3887045514149,474.6460541829859,474.8113227882885
paper,medium,2018-03-31,2018Q2,2,DEFL,474.9244874089779,470.2823074052711,4.6421800037067555,474.16189871270143,474.4717245617241,474.9349388207171,475.36268495299873,475.6993513439917
paper,medium,2018-03-31,2018Q3,3,DEFL,475.5029390729232,470.6182260866492,4.884712986273996,474.3951159625187,474.82821348962165,475.51862893033706,476.1595293449219,476.6209327762113
paper,medium,2018-03-31,2018Q4,4,DEFL,476.10459131760575,471.07186839761323,5.032722919992523,474.5774767469865,475.2201895591378,476.1019870863898,476.99503420514634,477.66910301035136
paper,medium,2018-03-31,2019Q1,5,DEFL,476.7068830964073,471.4580490171198,5.248834079287519,474.7275963408187,475.52072404849724,476.69923544749923,477.8965747878153,478.76276848767407
paper,medium,2018-03-31,2019Q2,6,DEFL,477.3233539426325,472.01403804243495,5.309315900197532,474.83351730716055,475.85025177106695,477.3363262989085,478.7953610505654,479.88695065628656
paper,medium,2018-03-31,2019Q3,7,DEFL,477.9460336861467,472.33975673527414,5.606276950872541,474.9866636565636,476.14859865525966,477.94259863224,479.7596706943422,480.9987815195509
paper,medium,2018-03-31,2019Q4,8,DEFL,478.58630111602736,472.70603314659263,5.880267969434726,475.09812136179016,476.41604985591306,478.57570302830277,480.73319490911007,482.1753024194015
paper,medium,2018-03-31,2018Q1,1,FFR,1.5650183157036939,1.4466666666666665,0.11835164903702733,0.3285422612505798,0.8060210914727166,1.5665077700878796,2.3176716226252463,2.7925963757318994
paper,medium,2018-03-31,2018Q2,2,FFR,1.8370718215227655,1.7366666666666666,0.10040515485609891,-0.11378762016259505,0.6893858064022088,1.8269245553643398,3.0384446141781942,3.7500556481265406
paper,medium,2018-03-31,2018Q3,3,FFR,2.0397086972817435,1.9233333333333331,0.11637536394841042,-0.4455227811113834,0.5849308395102866,2.039636163451132,3.5236392693341854,4.4545994928273736
paper,medium,2018-03-31,2018Q4,4,FFR,2.176152557784536,2.22,-0.043847442215464216,-0.7985842588896486,0.4470695247559033,2.207155148750136,3.9052793828491454,5.0388678212408236
paper,medium,2018-03-31,2019Q1,5,FFR,2.282249701008486,2.4033333333333333,-0.1210836323248472,-0.9870052433620479,0.2497865310700028,2.282033500648189,4.252868312404107,5.515378053803716
paper,medium,2018-03-31,2019Q2,6,FFR,2.381695955139856,2.3966666666666665,-0.014970711526810287,-1.1787874648392422,0.24389147272142464,2.3808374379670916,4.592829642086987,5.992625004334446
paper,medium,2018-03-31,2019Q3,7,FFR,2.493488702292574,2.19,0.3034887022925741,-1.375061625042331,0.10310682388351264,2.513397445968301,4.879169021250323,6.320526441260115
paper,medium,2018-03-31,2019Q4,8,FFR,2.5696243416570423,1.6433333333333333,0.926291008323709,-1.608130058074482,0.11543999973418236,2.5157620692519975,5.0642470316040935,6.571921832067498
paper,medium,2018-03-31,2018Q1,1,GDP,976.5966175707006,982.2121682369062,-5.61555066620565,975.4309252132101,975.869935555238,976.5858471947678,977.3209043192065,977.7900630271347
paper,medium,2018-03-31,2018Q2,2,GDP,977.3527249716229,982.9070909671581,-5.554365995535136,975.3533189092398,976.129155522379,977.337626467971,978.5663985988516,979.3118244919148
paper,medium,2018-03-31,2018Q3,3,GDP,977.9536654134444,983.6265326816047,-5.672867268160303,975.3631177823466,976.3355013355534,977.9334044353031,979.5402358256084,980.6192583693859
paper,medium,2018-03-31,2018Q4,4,GDP,978.5712661848825,983.8081508542731,-5.2368846693906335,975.3998003650619,976.5762683865846,978.5940669958302,980.5368740073405,981.9783258906313
paper,medium,2018-03-31,2019Q1,5,GDP,979.1810080296883,984.3493940965847,-5.168386066896346,975.3367647214358,976.8308495952442,979.1605215863799,981.4554636614961,983.0773681413693
paper,medium,2018-03-31,2019Q2,6,GDP,979.8165447645036,985.0201484419601,-5.203603677456499,975.3482671036035,977.2337169890113,979.7765512079569,982.4595276616029,984.4329600949287
paper,medium,2018-03-31,2019Q3,7,GDP,980.3986317840505,985.9061780536628,-5.507546269612249,975.348155524902,977.469618810296,980.3472188840836,983.3886367258716,985.4537890904737
paper,medium,2018-03-31,2019Q4,8,GDP,980.9845459151825,986.3482463840766,-5.363700468894081,975.477216702391,977.7420283546556,981.0095651574064,984.2699568987878,986.6248923561915
paper,medium,2018-03-31,2018Q1,1,HOURS,475.29083765824055,470.6607014041582,4.630136254082345,474.2845258701315,474.66272980960645,475.28864836344195,475.91853195200724,476.30779085785724
paper,medium,2018-03-31,2018Q2,2,HOURS,475.7876403977003,471.1204474609927,4.667192936707579,473.92837790812644,474.66802390977773,475.7752659362401,476.952833623472,477.6528082441143
paper,medium,2018-03-31,2018Q3,3,HOURS,476.174332851883,471.6165794644259,4.557753387457069,473.52305996921945,474.5330244185034,476.1623942231937,477.79618080690136,478.89850511176184
paper,medium,2018-03-31,2018Q4,4,HOURS,476.5093131230229,471.8739913670619,4.635321755961002,473.1825533927535,474.4293184134359,476.50657976220225,478.53894575574,480.0188916883377
paper,medium,2018-03-31,2019Q1,5,HOURS,476.8102969250036,471.8427440172524,4.967552907751212,472.7435702507831,474.2784168139591,476.84581017511994,479.2537131052172,481.01053913630693
paper,medium,2018-03-31,2019Q2,6,HOURS,477.0819883466541,471.99353390810563,5.088454438548467,472.3111919047759,474.2185842310778,477.0422261717964,479.9518609937871,481.8887660679068
paper,medium,2018-03-31,2019Q3,7,HOURS,477.3211547487679,472.47116746593383,4.849987282834093,472.18069058675303,474.1630834709614,477.226006522416,480.52002345191886,482.68442645781414
paper,medium,2018-03-31,2019Q4,8,HOURS,477.56246441394586,472.26242786597743,5.300036547968432,471.90082830730046,474.07923636178737,477.52930051565625,481.0894249364823,483.4716462031802
paper,medium,2018-03-31,2018Q1,1,INV,803.0637125260731,811.4589186446241,-8.39520611855096,797.4365304014568,799.6988147889036,803.0452553799865,806.4515164368834,808.4697085074714
paper,medium,2018-03-31,2018Q2,2,INV,804.4669660838754,811.643110673574,-7.1761445896986515,795.4631115393751,799.1958549534476,804.4844325700134,809.786222040576,813.0732725031061
paper,medium,2018-03-31,2018Q3,3,INV,805.1729919818546,814.7015783835387,-9.528586401684151,793.7279244863441,798.1976240964719,805.1736025008065,812.0780137801627,816.7983514409469
paper,medium,2018-03-31,2018Q4,4,INV,805.978028528894,814.6305726382449,-8.652544109350856,792.2261744976195,797.7183588340502,805.9885702143886,814.2901287377545,819.6359799037012
paper,medium,2018-03-31,2019Q1,5,INV,806.6416854028175,815.6036505171336,-8.961965114316058,791.2165065602663,797.148566546942,806.6336589144325,815.8880599493741,822.1643413853212
paper,medium,2018-03-31,2019Q2,6,INV,807.406290063814,816.1904429140767,-8.784152850262672,790.4456022767538,797.0637115555767,807.2333454707303,818.1487843705322,824.9696933445018
paper,medium,2018-03-31,2019Q3,7,INV,808.0578798002214,816.8257649464756,-8.76788514625423,788.9162343255059,796.6632340462775,807.9011913141403,819.3571201866482,826.9449509462063
paper,medium,2018-03-31,2019Q4,8,INV,808.7586372567207,814.7390743321716,-5.980437075450936,788.1517164073791,796.4746999928135,808.4642037146389,821.1440295607732,829.3820280753165
paper,medium,2018-03-31,2018Q1,1,WAGE,463.8644325919994,466.4872029234135,-2.622770331414131,462.51898961346524,463.0850075192819,463.86032118225916,464.66070162262264,465.18963879578274
paper,medium,2018-03-31,2018Q2,2,WAGE,464.0729287251464,466.30050376590424,-2.227575040757813,462.2797447209407,462.9813917996774,464.0949302463167,465.1679675823087,465.8380122089646
paper,medium,2018-03-31,2018Q3,3,WAGE,464.30499032115034,466.87269753847164,-2.567707217321299,462.05779147206067,462.97167354126043,464.3109079184412,465.6460539432295,466.4656988692701
paper,medium,2018-03-31,2018Q4,4,WAGE,464.51742710981694,466.9486807507763,-2.431253640959369,461.83775974934673,462.8814039479301,464.55329454995024,466.0988499769352,467.077557243231
paper,medium,2018-03-31,2019Q1,5,WAGE,464.77162964321735,468.94837605122734,-4.17674640800999,461.74687659249696,462.96646263636444,464.83769764210035,466.55328540120024,467.7210402370247
paper,medium,2018-03-31,2019Q2,6,WAGE,464.9992506058448,468.1779313357982,-3.178680729953385,461.5401518013425,463.0079524226129,465.0533408696382,467.0107432466965,468.3582727036513
paper,medium,2018-03-31,2019Q3,7,WAGE,465.2474651098202,467.93031578293187,-2.682850673111659,461.46028814697394,463.0588585140112,465.28766662195113,467.47839848590746,468.91009372591765
paper,medium,2018-03-31,2019Q4,8,WAGE,465.44803154985783,468.9649192566031,-3.5168877067452513,461.3698708307379,463.09997459551784,465.43941307042587,467.8241095484864,469.61864859436633
paper,medium,2018-06-30,2018Q2,1,CONS,940.4232669628235,945.7638557049759,-5.340588742152363,939.4836884034547,939.8385006675093,940.4257959602287,941.0058774960982,941.3761437073254
paper,medium,2018-06-30,2018Q3,2,CONS,940.9991050337494,946.3980072492748,-5.398902215525368,939.4032404621378,940.0928947063944,941.0034684795112,941.9193055179757,942.5969262806236
paper,medium,2018-06-30,2018Q4,3,CONS,941.5590889261385,946.8339353212865,-5.274846395147961,939.4743350457139,940.3045005056297,941.57694261513,942.7826641211213,943.6211488087026
paper,medium,2018-06-30,2019Q1,4,CONS,942.1479985697357,946.9293208750909,-4.781322305355161,939.404650143777,940.5636964420038,942.164510908631,943.727782375378,944.8224115456904
paper,medium,2018-06-30,2019Q2,5,CONS,942.7431687285687,947.5688948183085,-4.825726089739874,939.5644541489454,940.827604399746,942.7582145156659,944.654117322883,945.8072350995162
paper,medium,2018-06-30,2019Q3,6,CONS,943.360179977558,948.4090113676044,-5.048831390046416,939.6796581775238,941.1563965075655,943.3926465408905,945.5862438665437,946.9018949186346
paper,medium,2018-06-30,2019Q4,7,CONS,943.9754971327277,948.991030481561,-5.015533348833287,939.7660939111122,941.5030712906317,944.028025941006,946.5359612592763,948.0090020988522
paper,medium,2018-06-30,2020Q1,8,CONS,944.6203549716339,947.3992268627885,-2.7788718911546084,939.9492370425239,941.9047439737235,944.6998153250175,947.3685584881877,949.2148282568901
paper,medium,2018-06-30,2018Q2,1,DEFL,474.9322284892272,470.2823074052711,4.649921083956087,474.5086294940698,474.67678479190687,474.9364954016695,475.19077798091325,475.35955825610444
paper,medium,2018-06-30,2018Q3,2,DEFL,475.4994608696267,470.6182260866492,4.881234782977515,474.74609003256876,475.0463402782524,475.5055245697515,475.94078915710907,476.21848065418953
paper,medium,2018-06-30,2018Q4,3,DEFL,476.0786139145353,471.07186839761323,5.006745516922081,474.9429475892524,475.4216302476192,476.0954815174061,476.7426327721232,477.17866736212346
paper,medium,2018-06-30,2019Q1,4,DEFL,476.6590357660814,471.4580490171198,5.200986748961611,475.11071655093406,475.74726541450184,476.6855039259143,477.5843402813171,478.15226108606265
paper,medium,2018-06-30,2019Q2,5,DEFL,477.24568903115886,472.01403804243495,5.2316509887239135,475.2241335785535,476.0563636754275,477.2652616312688,478.43682815140403,479.1892663971094
paper,medium,2018-06-30,2019Q3,6,DEFL,477.84087191710313,472.33975673527414,5.501115181828993,475.35324751675495,476.3369842392152,477.8790877003802,479.325178502308,480.2571622948611
paper,medium,2018-06-30,2019Q4,7,DEFL,478.442601033692,472.70603314659263,5.736567887099341,475.34857816415746,476.6201164031678,478.47195045656406,480.246013532534,481.4452891945263
paper,medium,2018-06-30,2020Q1,8,DEFL,479.04670013307833,473.1080108856083,5.938689247470052,475.3957423783575,476.8821618217702,479.11053437693187,481.2516960608024,482.5742441691223
paper,medium,2018-06-30,2018Q2,1,FFR,1.614315183605331,1.7366666666666666,-0.12235148306133548,0.3252804649872265,0.8355095888337761,1.6286723409389077,2.385804771561323,2.859109167998151
paper,medium,2018-06-30,2018Q3,2,FFR,1.7678174381760041,1.9233333333333331,-0.155515895157329,-0.17201184514273468,0.5628150300209646,1.7638637998587123,2.964105519046822,3.7113737146361467
paper,medium,2018-06-30,2018Q4,3,FFR,1.86673723042885,2.22,-0.3532627695711501,-0.5605586245983935,0.4012531422796054,1.8713796693577045,3.3000272040100307,4.342752042001024
paper,medium,2018-06-30,2019Q1,4,FFR,1.928054904852954,2.4033333333333333,-0.47527842848037927,-0.9118390039901183,0.18425547650022936,1.9529276033232468,3.649932421984639,4.914112939539646
paper,medium,2018-06-30,2019Q2,5,FFR,2.021128487166802,2.3966666666666665,-0.37553817949986446,-1.2964268318767243,0.034709698088588516,2.048357573095292,3.97712003872004,5.249208085769518
paper,medium,2018-06-30,2019Q3,6,FFR,2.0957769559109787,2.19,-0.09422304408902127,-1.5219403924724921,0.0009760509039676598,2.1200767293500933,4.212957170400137,5.590416510060022
paper,medium,2018-06-30,2019Q4,7,FFR,2.153407212428815,1.6433333333333333,0.5100738790954817,-1.6261957472399269,-0.09089996490526443,2.203361663678974,4.4229703470206525,5.909973832031209
paper,medium,2018-06-30,2020Q1,8,FFR,2.216174134411933,1.26,0.9561741344119328,-1.9707092678484928,-0.27485814967174854,2.2575079892363936,4.704820317150823,6.322674192648821
paper,medium,2018-06-30,2018Q2,1,GDP,976.851433270112,982.9070909671581,-6.055657697046058,975.6217234997298,976.1053492230506,976.8419713110516,977.6065213981258,978.0538763495512
paper,medium,2018-06-30,2018Q3,2,GDP,977.3614733458902,983.6265326816047,-6.265059335714454,975.3281775586332,976.1528610395395,977.3673992133074,978.5731437496665,979.309503818319
paper,medium,2018-06-30,2018Q4,3,GDP,977.880415336724,983.8081508542731,-5.927735517549081,975.1805523320343,976.2378060516664,977.8606344486311,979.4853108477893,980.6575238401823
paper,medium,2018-06-30,2019Q1,4,GDP,978.4146437313854,984.3493940965847,-5.9347503651993065,975.0992767377504,976.3781354986621,978.3865119293296,980.4866967173317,981.8573005467298
paper,medium,2018-06-30,2019Q2,5,GDP,978.989233847256,985.0201484419601,-6.0309145947042,975.0595656214888,976.584112014386,978.9937339375822,981.3562435491945,982.7923036710391
paper,medium,2018-06-30,2019Q3,6,GDP,979.5699035869941,985.9061780536628,-6.3362744666686694,975.081848805297,976.8924181639917,979.6516756574208,982.21498931883,984.0083428128006
paper,medium,2018-06-30,2019Q4,7,GDP,980.1441009739057,986.3482463840766,-6.204145410170895,975.1842702335547,977.1840292972624,980.1496951412668,983.0535748902857,985.1098862634392
paper,medium,2018-06-30,2020Q1,8,GDP,980.7466552155965,985.1661326692149,-4.419477453618356,975.3143086209288,977.4515388402175,980.8450669696302,983.9346572923846,986.2474632926333
paper,medium,2018-06-30,2018Q2,1,HOURS,475.5365442523449,471.1204474609927,4.416096791352231,474.55441219920976,474.92868256380217,475.510577958809,476.14293314143697,476.58562661022944
paper,medium,2018-06-30,2018Q3,2,HOURS,475.8072632818746,471.6165794644259,4.190683817448701,474.0254431268397,474.69487652773756,475.8043540965367,476.9332303958969,477.66742260898195
paper,medium,2018-06-30,2018Q4,3,HOURS,476.0273790594117,471.8739913670619,4.153387692349838,473.404416483208,474.4603802194014,475.962489638599,477.6960966184088,478.70026316667276
paper,medium,2018-06-30,2019Q1,4,HOURS,476.2268059538612,471.8427440172524,4.384061936608759,472.93149981634235,474.17593900477584,476.1745227049329,478.32257970277965,479.67303773492074
paper,medium,2018-06-30,2019Q2,5,HOURS,476.44976639260074,471.99353390810563,4.456232484495104,472.55805312886565,473.99149606048167,476.4238142212437,478.8995511660619,480.58865363693064
paper,medium,2018-06-30,2019Q3,6,HOURS,476.66537667747576,472.47116746593383,4.194209211541931,472.0836812620356,473.8551397207878,476.6241466772476,479.4836085102076,481.654882610129
paper,medium,2018-06-30,2019Q4,7,HOURS,476.90433248480656,472.26242786597743,4.64190461882913,471.63991924301104,473.68942851040305,476.8218614528389,480.18590004195755,482.3138647909002
paper,medium,2018-06-30,2020Q1,8,HOURS,477.16235540866,470.871906161665,6.290449246995024,471.21387474604705,473.6106231285483,477.1527851184936,480.780374253115,483.02322690616865
paper,medium,2018-06-30,2018Q2,1,INV,803.2597131707448,811.643110673574,-8.383397502829212,797.929778303867,799.9684328637721,803.1502781294264,806.5835094588582,808.8821860103741
paper,medium,2018-06-30,2018Q3,2,INV,803.6864846329028,814.7015783835387,-11.01509375063597,795.0286675353303,798.5975098374556,803.7035517669816,808.9388227958431,812.1413495521739
paper,medium,2018-06-30,2018Q4,3,INV,804.2362573179009,814.6305726382449,-10.394315320343935,793.066566359603,797.5273746435203,804.1375466725558,810.9794257008341,815.0645617784767
paper,medium,2018-06-30,2019Q1,4,INV,804.6811168572012,815.6036505171336,-10.922533659932355,791.1997675014161,796.7338926938131,804.7185455424362,812.7636907672755,818.5748685802017
paper,medium,2018-06-30,2019Q2,5,INV,805.4003379055259,816.1904429140767,-10.790105008550768,790.4049508886729,796.0710179090335,805.4134226203789,814.7770952933716,820.6111037528788
paper,medium,2018-06-30,2019Q3,6,INV,806.0870287293922,816.8257649464756,-10.738736217083442,789.4044779780886,795.9040585216856,805.9138291163417,816.6946036533271,823.1495908041055
paper,medium,2018-06-30,2019Q4,7,INV,806.7487075744473,814.7390743321716,-7.99036675772436,788.8130144748454,795.4349192281596,806.8728051252147,817.6931547305304,825.4321974397981
paper,medium,2018-06-30,2020Q1,8,INV,807.603618719267,813.4433258838492,-5.839707164582137,787.8179429169573,794.8552990018408,807.535892841546,820.1143510767153,828.143396657723
paper,medium,2018-06-30,2018Q2,1,WAGE,463.6651450892001,466.30050376590424,-2.6353586767041293,462.35734878954287,462.90205203628284,463.66611485830975,464.4408450136429,464.9456915880336
paper,medium,2018-06-30,2018Q3,2,WAGE,463.9012009190054,466.87269753847164,-2.9714966194662225,462.11067110135167,462.81895976321744,463.8940886833825,464.9850795659798,465.6445186919159
paper,medium,2018-06-30,2018Q4,3,WAGE,464.1367818217091,466.9486807507763,-2.8118989290671834,461.8957798272071,462.79083836010653,464.1493024982808,465.48770255390025,466.32300537064174
paper,medium,2018-06-30,2019Q1,4,WAGE,464.35478864053556,468.94837605122734,-4.593587410691782,461.81118156417824,462.8388390490854,464.33393738157235,465.9236142457542,467.00523476065706
paper,medium,2018-06-30,2019Q2,5,WAGE,464.51821345014656,468.1779313357982,-3.6597178856516166,461.5862035684987,462.76163299793694,464.50236070815106,466.305580007748,467.4841604986331
paper,medium,2018-06-30,2019Q3,6,WAGE,464.72657849447285,467.93031578293187,-3.203737288459024,461.3878008985814,462.7838603934242,464.7136472010743,466.7296878485293,468.06253246916594
paper,medium,2018-06-30,2019Q4,7,WAGE,464.9390916373036,468.9649192566031,-4.025827619299491,461.2725197589504,462.80923580793944,465.0030555168346,467.1565687852277,468.49258513891834
paper,medium,2018-06-30,2020Q1,8,WAGE,465.1353111463825,470.9746394157193,-5.839328269336818,461.0544061251354,462.8449769489007,465.1537436665084,467.5677602383997,469.0632200044874
paper,medium,2018-09-30,2018Q3,1,CONS,946.6427389311632,946.3980072492748,0.24473168188842465,945.6851178929143,946.0687145492809,946.6461570366603,947.2253743806444,947.5764069315376
paper,medium,2018-09-30,2018Q4,2,CONS,947.2294863913487,946.8339353212865,0.39555107006219714,945.7900173184686,946.3187640937934,947.2196466327422,948.1643821551022,948.7045366453116
paper,medium,2018-09-30,2019Q1,3,CONS,947.825977283673,946.9293208750909,0.8966564085820892,945.6928275307714,946.6360444043713,947.8637064850959,949.0458876381254,949.7471312376267
paper,medium,2018-09-30,2019Q2,4,CONS,948.4223197425795,947.5688948183085,0.8534249242709393,945.7193739204987,946.9001107357778,948.4598740097588,949.9365267414001,950.9701874575544
paper,medium,2018-09-30,2019Q3,5,CONS,949.0098506291245,948.4090113676044,0.6008392615200364,945.7314173665364,947.1367671742676,949.0823629163976,950.923798078789,952.1148163435632
paper,medium,2018-09-30,2019Q4,6,CONS,949.6133031908431,948.991030481561,0.6222727092821287,945.866112872177,947.4192925535095,949.6623457872829,951.8461753558278,953.1400647398577
paper,medium,2018-09-30,2020Q1,7,CONS,950.2310416075859,947.3992268627885,2.8318147447973843,946.0195290544868,947.7438566670814,950.3289081394087,952.7317805811871,954.2666430071392
paper,medium,2018-09-30,2020Q2,8,CONS,950.871356849219,937.7306891267151,13.14066772250385,946.3111073582904,948.1535366003087,950.9784577859548,953.6364659773637,955.3368239104436
paper,medium,2018-09-30,2018Q3,1,DEFL,471.00609457553884,470.6182260866492,0.3878684888896373,470.58458780749993,470.75290227563687,471.00692636832105,471.2619559867851,471.4199988640086
paper,medium,2018-09-30,2018Q4,2,DEFL,471.7498144772585,471.07186839761323,0.6779460796452668,471.0066591318228,471.3128593874513,471.7640675210291,472.20220466764493,472.46309267987357
paper,medium,2018-09-30,2019Q1,3,DEFL,472.5066348860236,471.4580490171198,1.0485858689038423,471.39882493424494,471.87785451777086,472.51434369802826,473.15861579087107,473.5620428000415
paper,medium,2018-09-30,2019Q2,4,DEFL,473.2895649678917,472.01403804243495,1.2755269254567452,471.8237363272155,472.41455544501935,473.30219418405056,474.176715599776,474.73455296110626
paper,medium,2018-09-30,2019Q3,5,DEFL,474.0649235348303,472.33975673527414,1.7251667995561775,472.07161032834864,472.9039413048206,474.0711644317885,475.22800358617303,475.94178474371273
paper,medium,2018-09-30,2019Q4,6,DEFL,474.8455659969771,472.70603314659263,2.1395328503844553,472.4333722326227,473.41467456520405,474.8630830711139,476.288311516383,477.1762615956931
paper,medium,2018-09-30,2020Q1,7,DEFL,475.6436149299869,473.1080108856083,2.5356040443786014,472.6536908876471,473.9204541404817,475.6719280100507,477.3905610311086,478.5590530517572
paper,medium,2018-09-30,2020Q2,8,DEFL,476.4330449645871,472.73258698908967,3.700457975497443,472.90610419284013,474.34549547263293,476.45942369888337,478.4773814717195,479.8848153768787
paper,medium,2018-09-30,2018Q3,1,FFR,2.1311280610556085,1.9233333333333331,0.20779472772227536,0.8410200754522567,1.343352307573729,2.1376128542878643,2.909397204614455,3.423728592072012
paper,medium,2018-09-30,2018Q4,2,FFR,2.3732763103545516,2.22,0.15327631035455136,0.4021384469045402,1.2057680882809547,2.366066017738566,3.4823475500174528,4.336191510436099
paper,medium,2018-09-30,2019Q1,3,FFR,2.541291523073602,2.4033333333333333,0.13795818974026863,0.14190001858996876,1.0311123767508001,2.5598061387225695,3.9899026090168497,4.976054968891665
paper,medium,2018-09-30,2019Q2,4,FFR,2.678092750240701,2.3966666666666665,0.28142608357403454,-0.16382824237808116,0.8653580834997763,2.7165714514247745,4.486312883302647,5.5528469823633655
paper,medium,2018-09-30,2019Q3,5,FFR,2.78195844245532,2.19,0.5919584424553199,-0.3882539058011553,0.774488579535373,2.7935692043737133,4.702737910735857,6.125342281101805
paper,medium,2018-09-30,2019Q4,6,FFR,2.862376454156599,1.6433333333333333,1.2190431208232655,-0.8252379850415035,0.6887137067412651,2.8517422282897855,5.0386386595644925,6.481912937453604
paper,medium,2018-09-30,2020Q1,7,FFR,2.9417504467598703,1.26,1.6817504467598703,-0.9447319369218041,0.6298232148786133,2.904860695617291,5.3093166777716885,6.855474015631298
paper,medium,2018-09-30,2020Q2,8,FFR,3.013444790203026,0.06,2.953444790203026,-0.9639216211729229,0.4633354784969731,2.9617745465009557,5.512303120893699,7.1407518261936325
paper,medium,2018-09-30,2018Q3,1,GDP,983.2600705760317,983.6265326816047,-0.366462105572964,982.0472036972525,982.541114358742,983.2584464056443,984.003026307903,984.4632373829827
paper,medium,2018-09-30,2018Q4,2,GDP,983.9153474454889,983.8081508542731,0.10719659121582481,981.993919670902,982.7062835564783,983.9259553769145,985.116644807256,985.8138222416668
paper,medium,2018-09-30,2019Q1,3,GDP,984.495712716121,984.3493940965847,0.14631861953637326,981.8731582176418,982.8170840689211,984.5305487943922,986.1179541041133,987.1488188461547
paper,medium,2018-09-30,2019Q2,4,GDP,985.0571720294625,985.0201484419601,0.03702358750240364,981.8157190985889,983.0223735004149,985.0647529368667,987.0268801896278,988.3254853135229
paper,medium,2018-09-30,2019Q3,5,GDP,985.6030525050825,985.9061780536628,-0.30312554858028307,981.6643477365823,983.2786780266354,985.6150714158863,987.9473001566732,989.3436233070396
paper,medium,2018-09-30,2019Q4,6,GDP,986.1629920731123,986.3482463840766,-0.18525431096429656,981.6808353352634,983.4474304245681,986.2005938834914,988.9014379578136,990.4775646999703
paper,medium,2018-09-30,2020Q1,7,GDP,986.7436324708926,985.1661326692149,1.5774998016777317,981.7176790914903,983.8161016300733,986.7471612412078,989.7686444027181,991.4719153639418
paper,medium,2018-09-30,2020Q2,8,GDP,987.3475448125065,976.3001287902925,11.047416022213952,981.9413769639318,984.1614153707629,987.4103259423637,990.6494958267276,992.5519023012054
paper,medium,2018-09-30,2018Q3,1,HOURS,471.9556169024341,471.6165794644259,0.33903743800817665,470.92441102255526,471.3483552614198,471.94186471580304,472.5774819499939,473.01899449152734
paper,medium,2018-09-30,2018Q4,2,HOURS,472.31120505072374,471.8739913670619,0.4372136836618665,470.5711434733092,471.1787472915634,472.28755624861446,473.43361174388576,474.1599544582119
paper,medium,2018-09-30,2019Q1,3,HOURS,472.5909136885318,471.8427440172524,0.7481696712794133,469.96649597109587,471.03504273665135,472.6063767848484,474.19023319352544,475.2768302463568
paper,medium,2018-09-30,2019Q2,4,HOURS,472.8103215321867,471.99353390810563,0.816787624081087,469.4460182188295,470.7605662218207,472.83230759786477,474.8658572955065,476.26912547332785
paper,medium,2018-09-30,2019Q3,5,HOURS,473.00442411855965,472.47116746593383,0.5332566526258233,468.8938893643226,470.5314077622751,473.03282924077774,475.4228601089456,477.26134096140856
paper,medium,2018-09-30,2019Q4,6,HOURS,473.2100947462747,472.26242786597743,0.9476668802972767,468.4407495443889,470.3831438022129,473.2207771598848,476.08199922840424,478.06241821353575
paper,medium,2018-09-30,2020Q1,7,HOURS,473.43474131367236,470.871906161665,2.5628351520073807,468.10991713448226,470.28894902479703,473.4590292823845,476.6416441940359,478.90522748783
paper,medium,2018-09-30,2020Q2,8,HOURS,473.66017123512415,455.9806644236561,17.67950681146806,467.77148101124294,470.1929065319231,473.68726167574994,477.2719991310578,479.6471018863524
paper,medium,2018-09-30,2018Q3,1,INV,811.8885433997997,814.7015783835387,-2.813034983739044,806.1995605728391,808.583559086388,811.9460588917586,815.1190173854284,817.5519739712887
paper,medium,2018-09-30,2018Q4,2,INV,812.8969720827853,814.6305726382449,-1.7336005554595886,804.5223852011039,807.767644894877,812.9715898560056,818.0819545547841,821.5289689228488
paper,medium,2018-09-30,2019Q1,3,INV,813.4148272300034,815.6036505171336,-2.1888232871301625,802.2493343341457,806.6654558906067,813.3814459096998,820.2538333841364,824.6721700374126
paper,medium,2018-09-30,2019Q2,4,INV,813.9833283238332,816.1904429140767,-2.2071145902434637,800.6681401462419,805.8365201124662,813.952742673065,822.2052398366137,827.78861638671
paper,medium,2018-09-30,2019Q3,5,INV,814.4567877769107,816.8257649464756,-2.368977169564914,798.5389417169679,805.1218952729357,814.4919604412803,823.9156553770555,830.4467936250597
paper,medium,2018-09-30,2019Q4,6,INV,814.9501556692675,814.7390743321716,0.211081337095834,797.185954544889,804.13550140293,815.0878611939233,825.2327252799188,832.7379770087048
paper,medium,2018-09-30,2020Q1,7,INV,815.6862783270664,813.4433258838492,2.2429524432171775,796.3250829801852,804.1404831885638,815.9959798046184,827.3346175302552,834.2328864661331
paper,medium,2018-09-30,2020Q2,8,INV,816.3582900969914,796.7010818577833,19.657208239208103,795.8361965374147,803.8062203960556,816.5106709243532,828.4290524188857,836.2338094810482
paper,medium,2018-09-30,2018Q3,1,WAGE,465.82559832773,466.87269753847164,-1.047099210741635,464.6129939329468,465.0738244214942,465.8388524250422,466.56849966453507,467.0543064499643
paper,medium,2018-09-30,2018Q4,2,WAGE,466.00859045903263,466.9486807507763,-0.9400902917436724,464.2846983151352,464.9082619383354,466.0008262968025,467.0824766069574,467.7526765388496
paper,medium,2018-09-30,2019Q1,3,WAGE,466.2849908828521,468.94837605122734,-2.663385168375214,464.08318439008985,464.9732966573586,466.25810460206026,467.59090889924164,468.4811393784976
paper,medium,2018-09-30,2019Q2,4,WAGE,466.51232355837897,468.1779313357982,-1.6656077774192113,463.93692959001487,465.0046154419656,466.48077051782235,468.0946917944408,469.1217605106653
paper,medium,2018-09-30,2019Q3,5,WAGE,466.7492834642291,467.93031578293187,-1.181032318702762,463.8385399581684,464.9634895272825,466.72746318743384,468.4591328716829,469.82963813394036
paper,medium,2018-09-30,2019Q4,6,WAGE,467.0019567960655,468.9649192566031,-1.9629624605375966,463.7529048690023,465.0123557783037,466.97660529980044,468.968351327248,470.4240770160649
paper,medium,2018-09-30,2020Q1,7,WAGE,467.2433184131015,470.9746394157193,-3.73132100261779,463.65112407736433,465.07760370619064,467.2392130108889,469.4544832525747,470.9950512287825
paper,medium,2018-09-30,2020Q2,8,WAGE,467.4607762673106,477.5537238247164,-10.092947557405807,463.5322111346052,465.0954432152466,467.4426886231898,469.8255297288098,471.5073067469609
paper,medium,2018-12-31,2018Q4,1,CONS,947.6206656736136,946.8339353212865,0.7867303523271403,946.6806323692759,947.0429906675153,947.6175705226224,948.2105975156053,948.5649647967651
paper,medium,2018-12-31,2019Q1,2,CONS,948.3145739815346,946.9293208750909,1.3852531064437699,946.8016073612733,947.3848773996457,948.3187434367583,949.226664995356,949.8365716422902
paper,medium,2018-12-31,2019Q2,3,CONS,949.0069036146489,947.5688948183085,1.4380087963403412,946.8959711970493,947.7811616703277,949.0003794747687,950.2139282891625,951.1464775060456
paper,medium,2018-12-31,2019Q3,4,CONS,949.7023396909755,948.4090113676044,1.2933283233710426,947.0643442733452,948.1619055041132,949.6352307739372,951.3127888729389,952.356850999124
paper,medium,2018-12-31,2019Q4,5,CONS,950.3837500728916,948.991030481561,1.3927195913306605,947.2609470484074,948.5406312784784,950.3363973511657,952.3133391013919,953.5941303146664
paper,medium,2018-12-31,2020Q1,6,CONS,951.0729395138851,947.3992268627885,3.6737126510965936,947.470354053017,948.9115586750069,951.0174346886502,953.2685674571378,954.7468114214532
paper,medium,2018-12-31,2020Q2,7,CONS,951.7735122221846,937.7306891267151,14.042823095469544,947.7247651619416,949.3705736712866,951.7430175506813,954.2349233555481,955.9664147133259
paper,medium,2018-12-31,2020Q3,8,CONS,952.4651065310285,946.6716048283356,5.793501702692879,947.903334940393,949.8649814516095,952.4022376489263,955.2549969266036,957.10929085682
paper,medium,2018-12-31,2018Q4,1,DEFL,471.24638450427506,471.07186839761323,0.1745161066618266,470.81435685107823,470.97595863418087,471.2422740847878,471.5061790281466,471.6866077050088
paper,medium,2018-12-31,2019Q1,2,DEFL,471.8325254829806,471.4580490171198,0.3744764658608233,471.08673154025774,471.3640887623061,471.8265623669704,472.28976718934405,472.57145419272314
paper,medium,2018-12-31,2019Q2,3,DEFL,472.43420214097836,472.01403804243495,0.42016409854340964,471.29905865877515,471.74286247772534,472.44101955038695,473.13943944838314,473.53835877992606
paper,medium,2018-12-31,2019Q3,4,DEFL,473.02155992137466,472.33975673527414,0.6818031861005238,471.4893451305124,472.1001926334954,473.0085945020908,473.94133927006254,474.5386912649892
paper,medium,2018-12-31,2019Q4,5,DEFL,473.6299252779347,472.70603314659263,0.923892131342086,471.62216412847863,472.43898628551705,473.6422375771698,474.8432640481796,475.6153264151001
paper,medium,2018-12-31,2020Q1,6,DEFL,474.2435104404431,473.1080108856083,1.135499554834837,471.7782943136379,472.75034115695246,474.260109870508,475.76743222078386,476.73190083982354
paper,medium,2018-12-31,2020Q2,7,DEFL,474.87969487447106,472.73258698908967,2.147107885381388,471.94934675368035,473.0969197986522,474.84897248202986,476.7672975900376,477.9011614653356
paper,medium,2018-12-31,2020Q3,8,DEFL,475.51376957401084,473.59440300679853,1.9193665672123075,472.0228143256566,473.40137695237615,475.48465997299945,477.71051800077663,479.0084578207022
paper,medium,2018-12-31,2018Q4,1,FFR,2.129475361831631,2.22,-0.09052463816836909,0.8387232853557446,1.341785658479461,2.1141477599678904,2.925947410800408,3.393612432195323
paper,medium,2018-12-31,2019Q1,2,FFR,2.1931814013575925,2.4033333333333333,-0.21015193197574078,0.2670533135933236,1.0399837381979264,2.203501699264512,3.3191455316055816,4.121096687004761
paper,medium,2018-12-31,2019Q2,3,FFR,2.272067660410476,2.3966666666666665,-0.12459900625619058,-0.14092357312801654,0.7517989645609067,2.2740121630217676,3.7547759096640076,4.674408460018208
paper,medium,2018-12-31,2019Q3,4,FFR,2.370700616688554,2.19,0.18070061668855386,-0.4736631024538432,0.589593735339164,2.3593625595828356,4.093349430633995,5.243124594083349
paper,medium,2018-12-31,2019Q4,5,FFR,2.4702805619538464,1.6433333333333333,0.8269472286205131,-0.8543526870642205,0.44591819454003195,2.522441313950428,4.470210100319139,5.676054127349956
paper,medium,2018-12-31,2020Q1,6,FFR,2.5736202849130287,1.26,1.3136202849130287,-1.1622424897354826,0.44935652708972806,2.6193737138718305,4.767885604955193,6.164904520424892
paper,medium,2018-12-31,2020Q2,7,FFR,2.661132009402924,0.06,2.601132009402924,-1.178839362060649,0.3411140969162422,2.636599815741593,5.056199462721783,6.470298349905771
paper,medium,2018-12-31,2020Q3,8,FFR,2.7599121541331337,0.09333333333333334,2.6665788207998005,-1.3602546133014775,0.32517281072578763,2.7567228112279945,5.299773125700911,6.885484605450393
paper,medium,2018-12-31,2018Q4,1,GDP,984.1783062603666,983.8081508542731,0.370155406093545,982.9830253421197,983.438336987777,984.1847167688825,984.9140968206112,985.3434070380719
paper,medium,2018-12-31,2019Q1,2,GDP,984.8368271439217,984.3493940965847,0.4874330473370492,982.8966143846675,983.6329564972375,984.8541814838954,985.9751147806264,986.7008830271908
paper,medium,2018-12-31,2019Q2,3,GDP,985.4828403461495,985.0201484419601,0.4626919041893416,982.7631450225055,983.87371735299,985.5092415312635,987.0621015584018,988.1733775113518
paper,medium,2018-12-31,2019Q3,4,GDP,986.1442150612451,985.9061780536628,0.23803700758230661,982.8290716198022,984.2124256065156,986.2103360865302,988.081550045937,989.4116207896018
paper,medium,2018-12-31,2019Q4,5,GDP,986.794116915146,986.3482463840766,0.4458705310694313,982.9876798002226,984.498569926515,986.779692174408,989.0383471345835,990.6211308635916
paper,medium,2018-12-31,2020Q1,6,GDP,987.480501309529,985.1661326692149,2.3143686403141146,983.1235296219654,984.9176846025954,987.5055069800846,990.0351579241869,991.807742696373
paper,medium,2018-12-31,2020Q2,7,GDP,988.1589409026477,976.3001287902925,11.858812112355167,983.2786957712835,985.2723967385812,988.2290481199967,991.01399890919,993.1934882130295
paper,medium,2018-12-31,2020Q3,8,GDP,988.8274732717533,983.8614041962527,4.966069075500627,983.382997393915,985.6094535863284,988.903376953068,991.9181754674039,994.173008011677
paper,medium,2018-12-31,2018Q4,1,HOURS,472.4705008872241,471.8739913670619,0.5965095201622148,471.4344188559097,471.86566694406986,472.472497964562,473.0567371862404,473.45873678862006
paper,medium,2018-12-31,2019Q1,2,HOURS,472.87527748665815,471.8427440172524,1.0325334694057346,471.1099299042203,471.81446349437186,472.8852425033462,473.9481044688633,474.5841324622383
paper,medium,2018-12-31,2019Q2,3,HOURS,473.2431874730674,471.99353390810563,1.2496535649617613,470.56354726974064,471.68432432368024,473.27826949757423,474.79945628429033,475.75456597786206
paper,medium,2018-12-31,2019Q3,4,HOURS,473.5568012354186,472.47116746593383,1.0856337694847866,470.09355975186656,471.52478588758447,473.59839135931884,475.5617090267756,476.78815517654914
paper,medium,2018-12-31,2019Q4,5,HOURS,473.8610770425054,472.26242786597743,1.5986491765279993,469.6199509627838,471.4133087006009,473.922814151255,476.31237705996443,477.68691736101806
paper,medium,2018-12-31,2020Q1,6,HOURS,474.18176266439275,470.871906161665,3.3098565027277687,469.36716128553263,471.3074291178983,474.22381128373934,477.02632456024645,478.8695982101557
paper,medium,2018-12-31,2020Q2,7,HOURS,474.4878496365919,455.9806644236561,18.50718521293578,468.95531899875226,471.26322735596267,474.4675348927989,477.7441489190584,479.86044419700306
paper,medium,2018-12-31,2020Q3,8,HOURS,474.7897793915843,463.8914391952252,10.898340196359129,468.9085511777475,471.25605464993134,474.84108266868213,478.2192895758439,480.8308617915845
paper,medium,2018-12-31,2018Q4,1,INV,815.6674217204321,814.6305726382449,1.0368490821872456,810.1398294873202,812.3695882183672,815.668274161928,819.0325321440986,821.1072390765801
paper,medium,2018-12-31,2019Q1,2,INV,816.630665014999,815.6036505171336,1.0270144978653661,808.503391973178,811.6798503196309,816.677671840747,821.623720130392,824.6615553473166
paper,medium,2018-12-31,2019Q2,3,INV,817.7062261351174,816.1904429140767,1.5157832210406923,806.5036878491281,810.8068346050635,817.920160977097,824.5980411439675,828.7872692833989
paper,medium,2018-12-31,2019Q3,4,INV,818.5671433881954,816.8257649464756,1.741378441719803,804.5786630869942,810.1766760511947,818.8242254006873,826.7751623412728,832.1150621620102
paper,medium,2018-12-31,2019Q4,5,INV,819.5230749837243,814.7390743321716,4.784000651552674,803.4421951767894,810.180766259822,819.5909360127928,829.0833696669075,834.6605442362965
paper,medium,2018-12-31,2020Q1,6,INV,820.6672280087075,813.4433258838492,7.223902124858341,803.0614175913197,810.2560050140727,820.8993100927593,831.191446143461,837.9324213484367
paper,medium,2018-12-31,2020Q2,7,INV,821.667813876932,796.7010818577833,24.966732019148708,802.5000046579526,809.9981066957587,822.036616088525,833.1614201926137,841.2195447457157
paper,medium,2018-12-31,2020Q3,8,INV,822.627924277064,812.9806283457561,9.647295931307895,802.0824623526585,810.2292429245924,822.7918077814843,834.6768277352564,842.9785956239515
paper,medium,2018-12-31,2018Q4,1,WAGE,465.5821849818217,466.9486807507763,-1.3664957689546213,464.34140645332013,464.83981785117123,465.57762294501504,466.331072811366,466.8257858851779
paper,medium,2018-12-31,2019Q1,2,WAGE,465.7843037647072,468.94837605122734,-3.1640722865201383,463.9471096484055,464.77094440944046,465.78106103679966,466.8297178920681,467.4509052015405
paper,medium,2018-12-31,2019Q2,3,WAGE,466.0628923169896,468.1779313357982,-2.115039018808602,463.8479030917574,464.7453216491244,466.0532841469047,467.4472221414632,468.2364808573789
paper,medium,2018-12-31,2019Q3,4,WAGE,466.31948448450856,467.93031578293187,-1.6108312984233066,463.683331530264,464.83113892131274,466.33184078778004,467.8246932879698,468.83250826358295
paper,medium,2018-12-31,2019Q4,5,WAGE,466.59130320214575,468.9649192566031,-2.3736160544573295,463.75536944331816,464.874453055748,466.59233265608424,468.27009332753295,469.44067509892125
paper,medium,2018-12-31,2020Q1,6,WAGE,466.84669152718186,470.9746394157193,-4.127947888537449,463.7378714211382,464.89695826526736,466.8692290008034,468.7582010462884,469.9223777855133
paper,medium,2018-12-31,2020Q2,7,WAGE,467.0923432092155,477.5537238247164,-10.4613806155009,463.6503171608454,465.00692173023134,467.0540057826446,469.1638118581271,470.71064016692765
paper,medium,2018-12-31,2020Q3,8,WAGE,467.3667521495151,474.96600644730387,-7.599254297788775,463.6237063438996,465.0598627291607,467.3815016837176,469.608952280297,471.2145010876386
paper,medium,2019-03-31,2019Q1,1,CONS,948.1464609825172,946.9293208750909,1.217140107426303,947.1998480646129,947.5670780254931,948.150895357838,948.7234584522689,949.1014491760084
paper,medium,2019-03-31,2019Q2,2,CONS,948.7918556232783,947.5688948183085,1.2229608049697163,947.2999343777096,947.8528230483157,948.7684237779666,949.7021975270418,950.3508573181701
paper,medium,2019-03-31,2019Q3,3,CONS,949.4592938644179,948.4090113676044,1.0502824968134519,947.4885410368728,948.1813238616982,949.4417707271189,950.6973500035554,951.5094350816684
paper,medium,2019-03-31,2019Q4,4,CONS,950.1238032115376,948.991030481561,1.1327727299766366,947.5600003812514,948.5166633063022,950.0833786094245,951.7279671602332,952.8566618146682
paper,medium,2019-03-31,2020Q1,5,CONS,950.8146915051858,947.3992268627885,3.4154646423972963,947.6264443848936,948.8936545619343,950.7753375115874,952.7880923686288,954.0177640185938
paper,medium,2019-03-31,2020Q2,6,CONS,951.4859904644987,937.7306891267151,13.755301337783635,947.8407018620061,949.2509151251772,951.4639450579342,953.7265770522505,955.0786738184787
paper,medium,2019-03-31,2020Q3,7,CONS,952.1754351069459,946.6716048283356,5.50383027861028,948.1225402668352,949.6599778178501,952.1506511201057,954.6897081332293,956.2628847900384
paper,medium,2019-03-31,2020Q4,8,CONS,952.8497595922194,947.6283915482803,5.221368043939037,948.3518759762444,950.0448237914972,952.8483458238359,955.5909468889845,957.4987537401004
paper,medium,2019-03-31,2019Q1,1,DEFL,471.6578192863145,471.4580490171198,0.19977026919474383,471.2335225661996,471.4053345445453,471.6571719183583,471.9175027000286,472.07270444175003
paper,medium,2019-03-31,2019Q2,2,DEFL,472.2086612213099,472.01403804243495,0.19462317887496283,471.4773855452339,471.77107549761587,472.2067771207608,472.62578377773485,472.9524351120841
paper,medium,2019-03-31,2019Q3,3,DEFL,472.7511205538116,472.33975673527414,0.4113638185374384,471.6703615999955,472.0863971279056,472.7552653479603,473.3855773811199,473.82598358919546
paper,medium,2019-03-31,2019Q4,4,DEFL,473.3017606656881,472.70603314659263,0.595727519095476,471.8114390313249,472.41806132362746,473.2929229730405,474.18107458520115,474.7943419349709
paper,medium,2019-03-31,2020Q1,5,DEFL,473.8652784002045,473.1080108856083,0.757267514596208,471.9093491464497,472.7040778322029,473.8382410275552,475.03058872432695,475.83838315241746
paper,medium,2019-03-31,2020Q2,6,DEFL,474.4308881690861,472.73258698908967,1.698301179996406,472.04054267817384,472.98140486850815,474.4020016959738,475.9125056513303,476.85284587395523
paper,medium,2019-03-31,2020Q3,7,DEFL,475.0076006498929,473.59440300679853,1.4131976430943496,472.0778021256558,473.2184347610893,474.9951929825239,476.7975708579939,477.9836028867501
paper,medium,2019-03-31,2020Q4,8,DEFL,475.58814599146956,474.2250274536357,1.3631185378338841,472.13360466355743,473.4425528218734,475.6014370138166,477.7338551719578,479.1094579974428
paper,medium,2019-03-31,2019Q1,1,FFR,2.2460437595153584,2.4033333333333333,-0.15728957381797493,0.9688125135966338,1.5069775120373559,2.2666611068287077,2.989444486793134,3.471337057113678
paper,medium,2019-03-31,2019Q2,2,FFR,2.2183570543796747,2.3966666666666665,-0.17830961228699183,0.31568956984795626,1.0578034575967385,2.228959435853446,3.369400247704475,4.1135047407308365
paper,medium,2019-03-31,2019Q3,3,FFR,2.2526361937040007,2.19,0.06263619370400075,-0.19453483889544146,0.779097542441847,2.24120941514436,3.717475180737785,4.588675371926221
paper,medium,2019-03-31,2019Q4,4,FFR,2.332782806892281,1.6433333333333333,0.6894494735589476,-0.5522347076484113,0.6667483498230643,2.2978036657139143,4.066073701164243,5.124444164543267
paper,medium,2019-03-31,2020Q1,5,FFR,2.3912341988754378,1.26,1.1312341988754377,-0.8241123198555897,0.4479169669838127,2.3784211593486,4.3168613363830035,5.555735454264276
paper,medium,2019-03-31,2020Q2,6,FFR,2.441321503756039,0.06,2.381321503756039,-1.1215792930594528,0.3373855040737192,2.41726657408741,4.5583179008391514,5.883460064262848
paper,medium,2019-03-31,2020Q3,7,FFR,2.5048681446741767,0.09333333333333334,2.4115348113408435,-1.3942427013046579,0.1576442163161927,2.5367300442323266,4.8533412317619335,6.356107736180762
paper,medium,2019-03-31,2020Q4,8,FFR,2.566200173596972,0.09000000000000001,2.4762001735969723,-1.7344654948162803,0.02401644534508586,2.6576254859550383,5.066822173031437,6.666889146478697
paper,medium,2019-03-31,2019Q1,1,GDP,984.5332655692417,984.3493940965847,0.18387147265707426,983.3149409560757,983.7895450120873,984.5710911305209,985.2539198627915,985.7344399605894
paper,medium,2019-03-31,2019Q2,2,GDP,985.1105363830784,985.0201484419601,0.09038794111825155,983.1815878314335,983.9398724307846,985.1121695228919,986.2883613449558,987.0420307596106
paper,medium,2019-03-31,2019Q3,3,GDP,985.7276692002955,985.9061780536628,-0.17850885336724787,983.1342002332616,984.144438457645,985.7023544791709,987.400578105107,988.4037773500615
paper,medium,2019-03-31,2019Q4,4,GDP,986.3669676476474,986.3482463840766,0.01872126357079651,983.1975097747652,984.3747784957075,986.3316979112415,988.3537867822963,989.7934157133631
paper,medium,2019-03-31,2020Q1,5,GDP,987.0193355697943,985.1661326692149,1.8532029005793902,983.1818193614647,984.5824574054863,987.0660941509079,989.4231020270455,990.9802423162761
paper,medium,2019-03-31,2020Q2,6,GDP,987.6932159522796,976.3001287902925,11.393087161987069,983.3335413849838,984.9636159038699,987.7210262821205,990.3383419717919,992.1250468574034
paper,medium,2019-03-31,2020Q3,7,GDP,988.3516308218593,983.8614041962527,4.490226625606624,983.4334923168282,985.4043772512337,988.3849102241695,991.2203368082414,993.2138599872193
paper,medium,2019-03-31,2020Q4,8,GDP,988.9971000108144,984.8200081508296,4.177091859984785,983.6667486807578,985.7382020421547,989.0415629538101,992.2095238350405,994.5177043837227
paper,medium,2019-03-31,2019Q1,1,HOURS,472.6238225686505,471.8427440172524,0.7810785513980818,471.5833652517991,472.00042271475985,472.61806790770925,473.2507162581888,473.6544059781943
paper,medium,2019-03-31,2019Q2,2,HOURS,472.8430405496974,471.99353390810563,0.8495066415917449,471.00711111775274,471.75551071307245,472.83174661528835,473.9148629102173,474.67703610022744
paper,medium,2019-03-31,2019Q3,3,HOURS,473.073875464113,472.47116746593383,0.6027079981791417,470.45928318789083,471.47994178888797,473.0616893048816,474.63216637458845,475.7827854880496
paper,medium,2019-03-31,2019Q4,4,HOURS,473.3194787878538,472.26242786597743,1.057050921876396,469.84354612600146,471.239487413117,473.276778344846,475.42125768384057,476.81043277518023
paper,medium,2019-03-31,2020Q1,5,HOURS,473.56064251200206,470.871906161665,2.6887363503370807,469.35507918514145,471.0432620039466,473.5437337767137,476.0657025968772,477.8301323882041
paper,medium,2019-03-31,2020Q2,6,HOURS,473.8521708178048,455.9806644236561,17.871506394148696,469.0446420596077,470.9792020548142,473.87185617137993,476.7241610673772,478.7923780540953
paper,medium,2019-03-31,2020Q3,7,HOURS,474.1374930544773,463.8914391952252,10.246053859252129,468.7160310084017,470.8469614214143,474.0885630800696,477.3498506981673,479.69510536503236
paper,medium,2019-03-31,2020Q4,8,HOURS,474.42235897562153,466.1711187045766,8.251240271044935,468.2792566007587,470.8325793779342,474.5030869597705,477.9008779927128,480.35156995599465
paper,medium,2019-03-31,2019Q1,1,INV,815.6371758819331,815.6036505171336,0.033525364799515955,810.0410436689662,812.4167092409676,815.638963445824,818.928674754584,821.1362940703249
paper,medium,2019-03-31,2019Q2,2,INV,816.2966733441191,816.1904429140767,0.10623043004238752,808.0281079244188,811.3156190912074,816.1872145802282,821.3553711522551,825.0882189233059
paper,medium,2019-03-31,2019Q3,3,INV,816.9567031616157,816.8257649464756,0.13093821514007686,806.1591031002098,810.1441741857595,816.980313167131,823.7057125793999,828.0102392821169
paper,medium,2019-03-31,2019Q4,4,INV,817.8307566585161,814.7390743321716,3.0916823263444257,804.3084370314612,809.6844241772706,817.8443194503038,825.9851493085478,831.6161892133753
paper,medium,2019-03-31,2020Q1,5,INV,818.6987024680456,813.4433258838492,5.2553765841963695,803.0540452801382,809.4435013128174,818.7264040363998,827.8110136814121,834.2184268394393
paper,medium,2019-03-31,2020Q2,6,INV,819.7564152516966,796.7010818577833,23.055333393913315,802.5860289192564,809.4017155050286,819.7169754349627,829.8801796092863,837.0795490250639
paper,medium,2019-03-31,2020Q3,7,INV,820.6852329100592,812.9806283457561,7.704604564303054,802.4786085175032,809.159627893976,820.8366480810682,832.298309594626,839.1718337944108
paper,medium,2019-03-31,2020Q4,8,INV,821.6060878801692,817.1216530510744,4.484434829094766,801.2327854248606,809.1834439062847,821.70057624057,833.707489663649,842.0879666129701
paper,medium,2019-03-31,2019Q1,1,WAGE,466.1703450626009,468.94837605122734,-2.7780309886264263,464.935905901809,465.4480371708447,466.1570646776988,466.932606273921,467.4294158263454
paper,medium,2019-03-31,2019Q2,2,WAGE,466.49392813189604,468.1779313357982,-1.6840032039021366,464.75335086900117,465.4033066960464,466.46345559351937,467.58160661863377,468.28891719001643
paper,medium,2019-03-31,2019Q3,3,WAGE,466.7775088923358,467.93031578293187,-1.1528068905960822,464.63129625194534,465.4473162723701,466.719577239771,468.0837018256234,469.06205879773347
paper,medium,2019-03-31,2019Q4,4,WAGE,467.04087362577815,468.9649192566031,-1.924045630824935,464.4836617553398,465.4545098224652,466.98274328029,468.6745202596448,469.7298111845351
paper,medium,2019-03-31,2020Q1,5,WAGE,467.31565942988817,470.9746394157193,-3.658979985831138,464.3776929830422,465.5295978874112,467.28534203690845,469.11998188395876,470.3928735572304
paper,medium,2019-03-31,2020Q2,6,WAGE,467.5841237075966,477.5537238247164,-9.969600117119853,464.25141213113426,465.55003383314687,467.5303692001639,469.59773433396725,470.96303598096813
paper,medium,2019-03-31,2020Q3,7,WAGE,467.8457883259792,474.96600644730387,-7.120218121324683,464.39112489084994,465.5593275560408,467.88339654582376,470.03863606307283,471.632838184528
paper,medium,2019-03-31,2020Q4,8,WAGE,468.1467900132856,476.6829746333951,-8.536184620109452,464.26055273662905,465.75194876162436,468.1435254012044,470.5568697331666,472.1027564741038
paper,medium,2019-06-30,2019Q2,1,CONS,948.3251613213598,947.5688948183085,0.756266503051279,947.361595744698,947.7847650911209,948.3326521594697,948.8855663646403,949.2309698919315
paper,medium,2019-06-30,2019Q3,2,CONS,948.8692134282306,948.4090113676044,0.4602020606262158,947.4120997795828,948.0117545546599,948.8456916099888,949.756959815128,950.3608411427819
paper,medium,2019-06-30,2019Q4,3,CONS,949.4652728406826,948.991030481561,0.47424235912160384,947.4361748010272,948.2416604910597,949.4670810373905,950.6917499447595,951.49668477656
paper,medium,2019-06-30,2020Q1,4,CONS,950.1090730441981,947.3992268627885,2.7098461814096027,947.4915504827162,948.5638975206865,950.0906468245092,951.6941100674392,952.6979181815316
paper,medium,2019-06-30,2020Q2,5,CONS,950.7727442628423,937.7306891267151,13.042055136127146,947.6855740944055,948.9298252772423,950.7218214409527,952.6423029351186,953.9380721149453
paper,medium,2019-06-30,2020Q3,6,CONS,951.4633352018285,946.6716048283356,4.791730373492896,947.8502209696919,949.2621035970312,951.4032592051492,953.6621730088527,955.1469481122369
paper,medium,2019-06-30,2020Q4,7,CONS,952.1801744157176,947.6283915482803,4.551782867437282,948.1901267382623,949.6429922828542,952.1441650743136,954.683373741743,956.3002661201909
paper,medium,2019-06-30,2021Q1,8,CONS,952.8789542665725,950.2021661886747,2.676788077897754,948.3808980065476,950.1448404721413,952.8673306922071,955.6860835991423,957.4111569517817
paper,medium,2019-06-30,2019Q2,1,DEFL,471.6900759610111,472.01403804243495,-0.32396208142387195,471.2707738461596,471.4282171258571,471.6923759196644,471.94564513377895,472.1158912198333
paper,medium,2019-06-30,2019Q3,2,DEFL,472.08115882587964,472.33975673527414,-0.2585979093944957,471.3380238183503,471.635951353049,472.07480283771827,472.53069709521105,472.8382913452135
paper,medium,2019-06-30,2019Q4,3,DEFL,472.471190409777,472.70603314659263,-0.23484273681560808,471.39806435658136,471.8178647134915,472.45543578035137,473.13010595697216,473.6134160402693
paper,medium,2019-06-30,2020Q1,4,DEFL,472.84109786280305,473.1080108856083,-0.2669130228052268,471.32163423489084,471.9410660502917,472.8358210384008,473.75316596262707,474.3442076840804
paper,medium,2019-06-30,2020Q2,5,DEFL,473.22860665856695,472.73258698908967,0.4960196694772776,471.23723347464073,472.0472557711106,473.23155949145126,474.4039565676745,475.21155044200594
paper,medium,2019-06-30,2020Q3,6,DEFL,473.62660877984166,473.59440300679853,0.0322057730431311,471.2173515712717,472.1445489950838,473.6247221046697,475.10587879956137,476.07734497437013
paper,medium,2019-06-30,2020Q4,7,DEFL,474.02787951510084,474.2250274536357,-0.19714793853484025,471.1150453976596,472.199163624256,474.0349695670707,475.84748698069745,477.0252390143362
paper,medium,2019-06-30,2021Q1,8,DEFL,474.43485470949304,475.4624139156429,-1.0275592061498742,470.8633761131841,472.28891266276196,474.4838321191088,476.59082225246743,477.9510591357696
paper,medium,2019-06-30,2019Q2,1,FFR,2.251891435901126,2.3966666666666665,-0.14477523076554055,0.9791492409506874,1.5090240762022216,2.2477237461782917,3.016113381799067,3.523754690329816
paper,medium,2019-06-30,2019Q3,2,FFR,2.1106419343405913,2.19,-0.07935806565940862,0.1470565592494548,0.963844051859647,2.101852121955171,3.2901591696997627,3.9769983620267872
paper,medium,2019-06-30,2019Q4,3,FFR,2.0101120217747694,1.6433333333333333,0.36677868844143613,-0.43173122279122517,0.5431078823845488,2.016658879793732,3.4691334774355473,4.448679461178955
paper,medium,2019-06-30,2020Q1,4,FFR,1.9786160528479182,1.26,0.7186160528479182,-0.8706626794309315,0.28345172937498175,2.0040702795730185,3.6859761498143637,4.770297183818043
paper,medium,2019-06-30,2020Q2,5,FFR,1.9927198694261898,0.06,1.9327198694261898,-1.2885373972696945,0.0465112333067155,2.012057717095994,3.839752290798207,5.2605225943637155
paper,medium,2019-06-30,2020Q3,6,FFR,1.9567567994076578,0.09333333333333334,1.8634234660743245,-1.4843508050631455,-0.18304031920032077,1.9261337144180612,4.1203505702956,5.463349160864918
paper,medium,2019-06-30,2020Q4,7,FFR,1.9566353459540893,0.09000000000000001,1.8666353459540892,-1.7091791794764633,-0.34658666053120646,1.9339195889338159,4.224767098548402,5.775742879220742
paper,medium,2019-06-30,2021Q1,8,FFR,1.9837047717865959,0.08,1.9037047717865958,-2.05360399068797,-0.5023492954002976,1.9795678531939727,4.357164065000076,5.937573612649452
paper,medium,2019-06-30,2019Q2,1,GDP,985.0607511557544,985.0201484419601,0.04060271379421465,983.8528313756254,984.3344762694908,985.0464800080829,985.7897737222653,986.2882960495172
paper,medium,2019-06-30,2019Q3,2,GDP,985.5208129900053,985.9061780536628,-0.3853650636574457,983.6233590892008,984.4197358658384,985.5081179082465,986.6577716668577,987.4384860364854
paper,medium,2019-06-30,2019Q4,3,GDP,986.058263563561,986.3482463840766,-0.28998282051554725,983.4420998316444,984.5038151711111,986.029960201504,987.6649464098044,988.6267069582735
paper,medium,2019-06-30,2020Q1,4,GDP,986.6673740264409,985.1661326692149,1.5012413572260357,983.4922346033376,984.6808826022019,986.6759028145352,988.6539475469693,989.8515713933372
paper,medium,2019-06-30,2020Q2,5,GDP,987.301079114188,976.3001287902925,11.000950323895495,983.5821027139906,985.0736122722844,987.2684806483768,989.5969273373951,991.0099533615395
paper,medium,2019-06-30,2020Q3,6,GDP,987.9744862855731,983.8614041962527,4.1130820893204145,983.7128485798867,985.3451630928021,987.939105960638,990.5853956280268,992.346570907642
paper,medium,2019-06-30,2020Q4,7,GDP,988.6636166658288,984.8200081508296,3.8436085149992323,983.8917361686889,985.7471996040329,988.5907548075652,991.6280120210772,993.7795272735071
paper,medium,2019-06-30,2021Q1,8,GDP,989.3595889714165,986.3510201204363,3.008568850980282,984.1633874494606,986.1131851980615,989.3344579018309,992.6260029598968,995.0571344589438
paper,medium,2019-06-30,2019Q2,1,HOURS,472.4239755168713,471.99353390810563,0.43044160876564774,471.4292543583591,471.81620605446795,472.4184846146903,473.02651545466057,473.422643548751
paper,medium,2019-06-30,2019Q3,2,HOURS,472.47616428498975,472.47116746593383,0.004996819055918422,470.62641415773925,471.3883829881791,472.4921322131844,473.56177986061425,474.35111118529267
paper,medium,2019-06-30,2019Q4,3,HOURS,472.5566757264827,472.26242786597743,0.29424786050526563,469.96289907401837,470.9471791716809,472.55280204233844,474.19016264100395,475.1055037789146
paper,medium,2019-06-30,2020Q1,4,HOURS,472.654933468425,470.871906161665,1.7830273067600046,469.1658014166648,470.58832814108973,472.6569000991743,474.73456134152093,475.95768189835513
paper,medium,2019-06-30,2020Q2,5,HOURS,472.8315442373327,455.9806644236561,16.850879813676613,468.8300600315972,470.3841921511175,472.85023711752757,475.23675034018174,476.7504258764484
paper,medium,2019-06-30,2020Q3,6,HOURS,473.0513246765385,463.8914391952252,9.159885481313324,468.2643911945016,470.2103692443603,473.0173134932127,475.8880506660026,477.9001751225667
paper,medium,2019-06-30,2020Q4,7,HOURS,473.3138942340349,466.1711187045766,7.142775529458277,467.78528170459356,470.16406215723697,473.25425101664655,476.4833794284299,478.7528716652236
paper,medium,2019-06-30,2021Q1,8,HOURS,473.5899857105012,467.4565643093244,6.133421401176804,467.5668047261961,470.145815443897,473.5357353400161,477.2176283636542,479.7790756744138
paper,medium,2019-06-30,2019Q2,1,INV,815.8100149957563,816.1904429140767,-0.3804279183203789,810.1226932652098,812.3894590924978,815.7860877065033,819.1528722704234,821.5997553271216
paper,medium,2019-06-30,2019Q3,2,INV,816.0966451968195,816.8257649464756,-0.7291197496560926,807.5419529197691,810.9771004097316,816.0493923443648,821.4202745653295,824.510887606325
paper,medium,2019-06-30,2019Q4,3,INV,816.5094087758713,814.7390743321716,1.770334443699653,805.1898316681022,809.7506185558965,816.7199151677175,823.2589777171603,827.7641847181613
paper,medium,2019-06-30,2020Q1,4,INV,817.073773532627,813.4433258838492,3.6304476487778174,803.4021972758798,808.7761752471038,817.2785407201634,825.0413459683158,830.3308014098632
paper,medium,2019-06-30,2020Q2,5,INV,817.9925698787052,796.7010818577833,21.291488020921975,803.1068567880137,808.9112828570579,817.8323934295524,827.2399417919312,833.0582560262259
paper,medium,2019-06-30,2020Q3,6,INV,819.0137985028246,812.9806283457561,6.033170157068412,801.496075738467,808.5480969770755,818.9147395275278,829.3345467100232,836.4340784237968
paper,medium,2019-06-30,2020Q4,7,INV,820.0620990228098,817.1216530510744,2.9404459717353575,801.0810469776882,808.2152526177503,820.22402043682,831.4246643735438,839.7290625248439
paper,medium,2019-06-30,2021Q1,8,INV,821.1719033690482,815.7454702469023,5.426433122145909,800.5989599551099,808.7351226441898,821.1537075273267,833.9345553332136,841.8082679259842
paper,medium,2019-06-30,2019Q2,1,WAGE,465.88519969912306,468.1779313357982,-2.2927316366751143,464.5981938067296,465.10692028209587,465.8916478337179,466.6661025558667,467.1696820773271
paper,medium,2019-06-30,2019Q3,2,WAGE,466.1768003120504,467.93031578293187,-1.7535154708814957,464.4532059850274,465.06376029888446,466.14310612291104,467.28400572192595,467.9893620899022
paper,medium,2019-06-30,2019Q4,3,WAGE,466.45092295592195,468.9649192566031,-2.5139963006811286,464.2347153519874,465.11312379261244,466.4047640774379,467.78848496589427,468.7411180198104
paper,medium,2019-06-30,2020Q1,4,WAGE,466.7563962884394,470.9746394157193,-4.218243127279891,464.1652106461704,465.1934075388831,466.73594591994186,468.3575278479243,469.4697906127728
paper,medium,2019-06-30,2020Q2,5,WAGE,467.0195376168264,477.5537238247164,-10.534186207890002,464.0656949074198,465.176719650844,467.02281323840555,468.8288607307285,469.99142341048463
paper,medium,2019-06-30,2020Q3,6,WAGE,467.3300173456923,474.96600644730387,-7.635989101611585,464.03402345617224,465.28708670578425,467.3664163921136,469.35716105267784,470.7453378957947
paper,medium,2019-06-30,2020Q4,7,WAGE,467.6102634844613,476.6829746333951,-9.072711148933763,463.97766973698555,465.41831998286176,467.6405577442134,469.7127465565537,471.2652296436963
paper,medium,2019-06-30,2021Q1,8,WAGE,467.9024686573515,475.34867374793606,-7.446205090584556,463.9452635965316,465.4307120347115,467.89600207903874,470.2496307703634,471.97382311044356
paper,medium,2019-09-30,2019Q3,1,CONS,949.715726009567,948.4090113676044,1.3067146419625715,948.7948365298114,949.1307517216312,949.7321766850521,950.2632819229885,950.7063678508807
paper,medium,2019-09-30,2019Q4,2,CONS,950.4317747250734,948.991030481561,1.4407442435124267,948.9397696421976,949.5414075864386,950.431411035081,951.3082823681644,951.9488577533253
paper,medium,2019-09-30,2020Q1,3,CONS,951.1718986381495,947.3992268627885,3.7726717753610046,949.1031925856402,949.9450396946331,951.1606160283334,952.4206881103713,953.2548668751755
paper,medium,2019-09-30,2020Q2,4,CONS,951.8868404259288,937.7306891267151,14.156151299213661,949.3119480494561,950.2980221983152,951.893396825646,953.4903100184284,954.5363668919073
paper,medium,2019-09-30,2020Q3,5,CONS,952.6221330121062,946.6716048283356,5.950528183770643,949.4546229300688,950.7552274694665,952.5938911394533,954.5478669863161,955.7620622938542
paper,medium,2019-09-30,2020Q4,6,CONS,953.3516773397366,947.6283915482803,5.723285791456306,949.8278219671007,951.2387171553764,953.300607783216,955.5153180329289,957.0201803295158
paper,medium,2019-09-30,2021Q1,7,CONS,954.0952923410434,950.2021661886747,3.8931261523687226,950.114878373529,951.697471264094,954.0887122452233,956.5258445208858,958.1131889405365
paper,medium,2019-09-30,2021Q2,8,CONS,954.806529559635,953.0515384475948,1.7549911120402157,950.4547867541154,952.120822760573,954.8140265379229,957.4798141393287,959.2527147029472
paper,medium,2019-09-30,2019Q3,1,DEFL,472.5237511058474,472.33975673527414,0.1839943705732594,472.1183258134944,472.273683665715,472.5299600764233,472.7648638387543,472.9363250808853
paper,medium,2019-09-30,2019Q4,2,DEFL,473.00724019580434,472.70603314659263,0.3012070492117118,472.2962914619997,472.5630590362192,473.0175559774873,473.4535049426603,473.7174708443202
paper,medium,2019-09-30,2020Q1,3,DEFL,473.5033352284202,473.1080108856083,0.3953243428119322,472.4523974946343,472.8594656750701,473.4920346207442,474.1602876382796,474.5987931364095
paper,medium,2019-09-30,2020Q2,4,DEFL,474.03718618406106,472.73258698908967,1.304599194971388,472.6129574379609,473.1452409911464,474.0227383079665,474.936963492606,475.5160684977426
paper,medium,2019-09-30,2020Q3,5,DEFL,474.5574498817656,473.59440300679853,0.9630468749670626,472.6948963390457,473.4240915242713,474.55425049496785,475.69191037603593,476.50795497820957
paper,medium,2019-09-30,2020Q4,6,DEFL,475.0846825711967,474.2250274536357,0.859655117561033,472.6762410989162,473.65491483736326,475.07973926680825,476.5465419108944,477.46725980652576
paper,medium,2019-09-30,2021Q1,7,DEFL,475.61880394911515,475.4624139156429,0.1563900334722348,472.70565284080783,473.8492994591567,475.635896253282,477.38113703509435,478.5257333182495
paper,medium,2019-09-30,2021Q2,8,DEFL,476.17695342286396,477.0023388948485,-0.8253854719845322,472.648341838762,474.0873802685245,476.20784232348774,478.225105084849,479.66526996715663
paper,medium,2019-09-30,2019Q3,1,FFR,2.397313087436855,2.19,0.20731308743685517,1.039898588749188,1.6099140325154073,2.4193991604519534,3.1788155564213887,3.6922510033367866
paper,medium,2019-09-30,2019Q4,2,FFR,2.352732779989191,1.6433333333333333,0.7093994466558577,0.3723631433357605,1.176806331448948,2.3579721966452216,3.5688618087365716,4.328833367290075
paper,medium,2019-09-30,2020Q1,3,FFR,2.38806560765715,1.26,1.12806560765715,-0.0890664340337312,0.899563829992907,2.3815982916393255,3.904305110250223,4.822612244456494
paper,medium,2019-09-30,2020Q2,4,FFR,2.4051926691789185,0.06,2.3451926691789184,-0.5211888620772198,0.6701129236668055,2.3663236202897573,4.207538358264356,5.2658684994266505
paper,medium,2019-09-30,2020Q3,5,FFR,2.434727655885107,0.09333333333333334,2.341394322551774,-0.7239284559125045,0.4653024331672105,2.3849828243684703,4.423168839955473,5.759290556226981
paper,medium,2019-09-30,2020Q4,6,FFR,2.48115094313253,0.09000000000000001,2.39115094313253,-0.9551508761175707,0.35178031352931843,2.423962192627956,4.597272479800697,6.054759573285681
paper,medium,2019-09-30,2021Q1,7,FFR,2.5238448134590445,0.08,2.4438448134590445,-1.2427655533022366,0.27373263835414396,2.5443253569120285,4.805893127941796,6.283513528662521
paper,medium,2019-09-30,2021Q2,8,FFR,2.5639764818765847,0.07,2.493976481876585,-1.4239841476915067,0.1264573674872356,2.5290013795106026,5.022812902664038,6.543210524317469
paper,medium,2019-09-30,2019Q3,1,GDP,985.921076753857,985.9061780536628,0.014898700194294179,984.7049619821518,985.2072228200574,985.9473641561431,986.6222716626248,987.1137758216472
paper,medium,2019-09-30,2019Q4,2,GDP,986.5858882220109,986.3482463840766,0.23764183793434768,984.6246755619982,985.4004281270105,986.5903365085454,987.7893955129933,988.4943623003597
paper,medium,2019-09-30,2020Q1,3,GDP,987.2860005419379,985.1661326692149,2.1198678727230345,984.6110051028779,985.6689527673043,987.316348721829,988.9203581656253,989.8372905309732
paper,medium,2019-09-30,2020Q2,4,GDP,988.0081557979819,976.3001287902925,11.708027007689338,984.7454372981111,986.0700586108225,988.0170149071332,989.9359613575521,991.2312767493224
paper,medium,2019-09-30,2020Q3,5,GDP,988.719134078225,983.8614041962527,4.857729881972318,984.9671646928484,986.4774989561024,988.6866413886255,990.971599730519,992.4344966731358
paper,medium,2019-09-30,2020Q4,6,GDP,989.4347775796077,984.8200081508296,4.614769428778118,985.1653545241988,986.8656752268356,989.4107807275723,991.9866255295883,993.7638427383725
paper,medium,2019-09-30,2021Q1,7,GDP,990.1397179088868,986.3510201204363,3.788697788450577,985.4619415759548,987.3604597517042,990.0874508178526,993.0567509765567,994.8992359669269
paper,medium,2019-09-30,2021Q2,8,GDP,990.814304094703,988.0436302173482,2.7706738773547386,985.6728575524221,987.7659481187011,990.7852575159832,993.994042671977,996.1240324197116
paper,medium,2019-09-30,2019Q3,1,HOURS,472.3584646336198,472.47116746593383,-0.112702832314028,471.3287496157075,471.7462557162827,472.37019093471235,472.9529149117981,473.38745802336933
paper,medium,2019-09-30,2019Q4,2,HOURS,472.52604102437823,472.26242786597743,0.26361315840080124,470.6622859692719,471.42231111148567,472.5402894591424,473.62324076271284,474.3766630588632
paper,medium,2019-09-30,2020Q1,3,HOURS,472.71673891971557,470.871906161665,1.844832758050586,470.00309631335017,471.1459091694183,472.7212444465858,474.3472942080157,475.2991457221769
paper,medium,2019-09-30,2020Q2,4,HOURS,472.9762937793465,455.9806644236561,16.995629355690426,469.5933409437563,470.8930133100391,472.989780369349,475.0784250969828,476.36756173690964
paper,medium,2019-09-30,2020Q3,5,HOURS,473.2597893517682,463.8914391952252,9.368350156542988,468.9773563697894,470.85639514111824,473.2517794438066,475.79720546131614,477.34389320613
paper,medium,2019-09-30,2020Q4,6,HOURS,473.5791850156935,466.1711187045766,7.408066311116897,468.7314680896189,470.7783118107232,473.5908372629366,476.5542821826056,478.3943868792338
paper,medium,2019-09-30,2021Q1,7,HOURS,473.9038648455674,467.4565643093244,6.447300536243006,468.5867400926541,470.74131348137587,473.84039719638776,477.18101624080924,479.341319149188
paper,medium,2019-09-30,2021Q2,8,HOURS,474.1981527443185,468.9217173513706,5.276435392947917,468.40497394954986,470.65243432916486,474.1847864203971,477.8624194496359,480.16710006195797
paper,medium,2019-09-30,2019Q3,1,INV,814.7792702811156,816.8257649464756,-2.046494665360001,809.1878967760528,811.5419561259497,814.674349518767,818.0696044681258,820.2634368497792
paper,medium,2019-09-30,2019Q4,2,INV,815.2617816808375,814.7390743321716,0.5227073486659037,806.6056333585433,809.9747323218735,815.3976983880773,820.3624292118584,823.9162810662543
paper,medium,2019-09-30,2020Q1,3,INV,816.0355767186857,813.4433258838492,2.5922508348364772,804.7265591124107,809.0357252308701,815.9854785027612,822.7716597102326,827.4942800295888
paper,medium,2019-09-30,2020Q2,4,INV,817.4130485570265,796.7010818577833,20.71196669924325,804.0935967307487,809.4201876099768,817.2794149248932,825.3784542767806,831.3934090671038
paper,medium,2019-09-30,2020Q3,5,INV,818.5677652472428,812.9806283457561,5.587136901486701,803.1969503129537,809.3791256107024,818.4108865191424,827.8554342682424,833.8806613288914
paper,medium,2019-09-30,2020Q4,6,INV,819.7402459599355,817.1216530510744,2.6185929088610465,803.1253366572137,809.305336978471,819.5253744055624,830.3955355327623,836.848146246608
paper,medium,2019-09-30,2021Q1,7,INV,820.7737933717381,815.7454702469023,5.028323124835765,802.8125097640379,809.49329826017,820.1614238884694,832.0503165181296,839.7322638289949
paper,medium,2019-09-30,2021Q2,8,INV,821.79620657218,815.9622703740748,5.833936198105221,801.9237878086223,809.8579923041518,821.5404681900338,833.5656479497196,842.3951888577426
paper,medium,2019-09-30,2019Q3,1,WAGE,468.7249952246832,467.93031578293187,0.7946794417513274,467.4484449891925,467.9747238582063,468.7308656584826,469.4974352393947,469.998898580515
paper,medium,2019-09-30,2019Q4,2,WAGE,468.9900361003907,468.9649192566031,0.025116843787600374,467.27526913265973,467.9464066149965,468.9671874321786,470.04688057383026,470.7879353409151
paper,medium,2019-09-30,2020Q1,3,WAGE,469.3302231892652,470.9746394157193,-1.6444162264540978,467.1996470195911,468.02339496985354,469.3244557573986,470.64417762043854,471.4542731024111
paper,medium,2019-09-30,2020Q2,4,WAGE,469.63557843997813,477.5537238247164,-7.918145384738295,467.16398285635717,468.16853986706843,469.60302795747975,471.1865697206408,472.1749683331063
paper,medium,2019-09-30,2020Q3,5,WAGE,469.92061350029775,474.96600644730387,-5.045392947006121,466.90833966571677,468.1900289738265,469.9014557406242,471.6865746747879,472.8511357081517
paper,medium,2019-09-30,2020Q4,6,WAGE,470.2357517885397,476.6829746333951,-6.447222844855389,466.9840484082734,468.30350616295414,470.20031904118224,472.217367557895,473.4427006794759
paper,medium,2019-09-30,2021Q1,7,WAGE,470.527066601105,475.34867374793606,-4.82160714683107,466.920020914609,468.384854851633,470.4849101785449,472.65069384862113,474.07798111701004
paper,medium,2019-09-30,2021Q2,8,WAGE,470.84464440990917,475.1743659729958,-4.32972156308665,467.0565993485846,468.5918471786937,470.82719978359285,473.1333730139936,474.73831918519346
paper,medium,2019-12-31,2019Q4,1,CONS,950.7036484894874,948.991030481561,1.7126180079263804,949.7767729118294,950.118178130759,950.7006957615229,951.2996092156263,951.6510604169775
paper,medium,2019-12-31,2020Q1,2,CONS,951.4999474664681,947.3992268627885,4.100720603679633,950.003541114488,950.6354083980108,951.4825992408186,952.4039528498917,952.9868092775358
paper,medium,2019-12-31,2020Q2,3,CONS,952.2682086544723,937.7306891267151,14.53751952775724,950.1948744126305,951.0528763377347,952.2942184356884,953.5127127415379,954.2663962603543
paper,medium,2019-12-31,2020Q3,4,CONS,953.0301737629813,946.6716048283356,6.358568934645746,950.3911937488552,951.485377930404,953.0820948050114,954.5478947463243,955.4450010705691
paper,medium,2019-12-31,2020Q4,5,CONS,953.7408976172338,947.6283915482803,6.112506068953508,950.5752973264853,951.8021315601217,953.8119881649222,955.5683204528771,956.7923855429505
paper,medium,2019-12-31,2021Q1,6,CONS,954.4555388981685,950.2021661886747,4.25337270949376,950.7115003224844,952.2487153570339,954.5582844150376,956.5690359406028,957.9975965972909
paper,medium,2019-12-31,2021Q2,7,CONS,955.1564541887824,953.0515384475948,2.1049157411875967,950.9654279759839,952.6071815723407,955.1946087919107,957.7248154911572,959.1674724978151
paper,medium,2019-12-31,2021Q3,8,CONS,955.8813752971924,953.780040613558,2.101334683634491,951.2091192644644,953.1157410363585,955.9332285523346,958.7148665920458,960.3144896484378
paper,medium,2019-12-31,2019Q4,1,DEFL,472.8894159032517,472.70603314659263,0.18338275665905712,472.44337598745216,472.62775491976356,472.8923746183201,473.14698319965316,473.3087042533176
paper,medium,2019-12-31,2020Q1,2,DEFL,473.3406112144696,473.1080108856083,0.23260032886133786,472.5825940386826,472.89593522841005,473.34398967648144,473.7770159238375,474.07822581746353
paper,medium,2019-12-31,2020Q2,3,DEFL,473.8168368698144,472.73258698908967,1.0842498807247125,472.693123520304,473.1659193963483,473.82761412870855,474.46129054933255,474.8991361634926
paper,medium,2019-12-31,2020Q3,4,DEFL,474.308430074943,473.59440300679853,0.7140270681444463,472.76922025943963,473.40811275786825,474.3301070316471,475.1931613343309,475.77417829022414
paper,medium,2019-12-31,2020Q4,5,DEFL,474.8131153961703,474.2250274536357,0.5880879425346279,472.7993056667988,473.6268320406521,474.8263106327258,475.9786379967403,476.7564517791526
paper,medium,2019-12-31,2021Q1,6,DEFL,475.3349454643531,475.4624139156429,-0.12746845128981477,472.841986452904,473.86627821268024,475.357290736049,476.8001241645424,477.7568190377148
paper,medium,2019-12-31,2021Q2,7,DEFL,475.8544198632207,477.0023388948485,-1.1479190316277936,472.78071689714216,474.09141211653605,475.8733174281766,477.6810054890218,478.79149288353887
paper,medium,2019-12-31,2021Q3,8,DEFL,476.3800477846074,478.5088858165736,-2.128838031966154,472.76923252879914,474.28331896125275,476.4138185639879,478.4956526117243,479.9414151944681
paper,medium,2019-12-31,2019Q4,1,FFR,2.2570359535663433,1.6433333333333333,0.61370262023301,1.0332842693637974,1.503661362922286,2.248441882651096,3.0203903897927202,3.520346276939548
paper,medium,2019-12-31,2020Q1,2,FFR,2.4309328025367516,1.26,1.1709328025367516,0.5409067329244664,1.2581424154309222,2.4389565660271706,3.6394755592499264,4.322871102177642
paper,medium,2019-12-31,2020Q2,3,FFR,2.5420081416524996,0.06,2.4820081416524995,0.16453697447407856,1.0530179542452127,2.5221283345514784,3.99012330507175,4.9049559581481095
paper,medium,2019-12-31,2020Q3,4,FFR,2.5973918630951367,0.09333333333333334,2.5040585297618034,-0.1798503474305017,0.9484282970281792,2.6324599757417384,4.303733813725814,5.317102687741726
paper,medium,2019-12-31,2020Q4,5,FFR,2.6517038241893958,0.09000000000000001,2.561703824189396,-0.46031308363359547,0.7530304527583962,2.662043661123668,4.583618177224745,5.761512093447481
paper,medium,2019-12-31,2021Q1,6,FFR,2.6992939430137683,0.08,2.6192939430137683,-0.8620348881000955,0.5311020046803974,2.75848039302398,4.761614380254629,6.265175486841491
paper,medium,2019-12-31,2021Q2,7,FFR,2.7274448481908675,0.07,2.6574448481908677,-1.1839390778230825,0.43767483602459345,2.7563385720670546,4.995277158609448,6.448792529521652
paper,medium,2019-12-31,2021Q3,8,FFR,2.7631667623439933,0.09000000000000001,2.6731667623439934,-1.4024812224926186,0.36402320411030015,2.831008650189002,5.196554872392609,6.602206565350232
paper,medium,2019-12-31,2019Q4,1,GDP,986.7348687120292,986.3482463840766,0.3866223279526366,985.5290862199481,986.008207649236,986.7188666275852,987.491617236448,987.9819768037534
paper,medium,2019-12-31,2020Q1,2,GDP,987.5480391695359,985.1661326692149,2.3819065003209516,985.6736268889938,986.4166107613438,987.5011805632669,988.723326592894,989.5625102141128
paper,medium,2019-12-31,2020Q2,3,GDP,988.326470527197,976.3001287902925,12.026341736904442,985.7996074492487,986.7913261316245,988.2794385769366,989.9219042939145,990.9348466160799
paper,medium,2019-12-31,2020Q3,4,GDP,989.0386983145596,983.8614041962527,5.177294118306918,985.9830986553135,987.1422240561823,989.016734153901,990.9909550399195,992.263074158176
paper,medium,2019-12-31,2020Q4,5,GDP,989.7163976481628,984.8200081508296,4.896389497333189,985.9370044367158,987.4783977443457,989.6672084044553,991.9678541694019,993.470761082564
paper,medium,2019-12-31,2021Q1,6,GDP,990.3931816317998,986.3510201204363,4.042161511363588,986.0412720198868,987.8030924807076,990.4207727135231,992.9798088753745,994.7737051774811
paper,medium,2019-12-31,2021Q2,7,GDP,991.056810320508,988.0436302173482,3.0131801031598116,986.1190755555517,988.1577789666064,991.0473307564112,994.0962095225688,995.7967026255845
paper,medium,2019-12-31,2021Q3,8,GDP,991.758360673839,988.6981778641465,3.060182809692492,986.3201661949576,988.5398747911964,991.7274657302278,995.0035076684766,997.0810983961682
paper,medium,2019-12-31,2019Q4,1,HOURS,473.2161878101088,472.26242786597743,0.9537599441313773,472.17089169059614,472.56623673973615,473.219643586639,473.85833509511133,474.24000903873525
paper,medium,2019-12-31,2020Q1,2,HOURS,473.59609142220467,470.871906161665,2.7241852605396844,471.71244360440625,472.4399284331805,473.59381992454706,474.7534361133843,475.42254063157924
paper,medium,2019-12-31,2020Q2,3,HOURS,473.9866835571549,455.9806644236561,18.006019133498796,471.3284605951434,472.3560347562243,474.0021281770312,475.5919525488705,476.61754433614504
paper,medium,2019-12-31,2020Q3,4,HOURS,474.3651970982953,463.8914391952252,10.473757903070123,470.93667080375167,472.2899524591127,474.37220764159565,476.4129393339362,477.70803187243064
paper,medium,2019-12-31,2020Q4,5,HOURS,474.69517239948226,466.1711187045766,8.52405369490566,470.55765143419075,472.21349780083693,474.7367438260196,477.10905410770994,478.67489884041356
paper,medium,2019-12-31,2021Q1,6,HOURS,475.0111067895151,467.4565643093244,7.554542480190719,470.19833597414134,472.203023044616,475.0582128226766,477.80019160743393,479.636496105129
paper,medium,2019-12-31,2021Q2,7,HOURS,475.30184830019067,468.9217173513706,6.380130948820067,469.91015525192233,472.0409203074484,475.3851450724287,478.4631934346974,480.43902912877206
paper,medium,2019-12-31,2021Q3,8,HOURS,475.5919986687264,470.2088163501795,5.383182318546858,469.6488930427723,472.0299234178663,475.66440629047344,479.1363480940516,481.37259298655056
paper,medium,2019-12-31,2019Q4,1,INV,815.5634777879391,814.7390743321716,0.824403455767424,809.8538841854772,812.1761438827876,815.5798439261647,818.9347042196941,820.9618804068072
paper,medium,2019-12-31,2020Q1,2,INV,816.9310266725345,813.4433258838492,3.487700788685288,808.3894497896089,811.7823581025318,816.8660187287194,822.1412036524792,825.847046537123
paper,medium,2019-12-31,2020Q2,3,INV,818.5446159813096,796.7010818577833,21.843534123526297,807.3227292030601,811.7624114280809,818.3545927022826,825.6336932071421,830.5756473024604
paper,medium,2019-12-31,2020Q3,4,INV,819.5913221400793,812.9806283457561,6.610693794323197,806.4625014826776,811.474621971134,819.4595206929782,828.0031074478668,833.3559934489923
paper,medium,2019-12-31,2020Q4,5,INV,820.5423417783437,817.1216530510744,3.420688727269294,805.0861793619597,811.3228502451218,820.5488319300136,829.9045756743882,836.1887236565823
paper,medium,2019-12-31,2021Q1,6,INV,821.4929786145461,815.7454702469023,5.747508367643832,804.6562675297862,811.3498601621303,821.5109591635553,831.4365116279877,838.8573065979207
paper,medium,2019-12-31,2021Q2,7,INV,822.3513581975747,815.9622703740748,6.389087823499835,803.4257101576392,811.1205651922864,822.2796153385543,833.7634031277148,840.8007502843692
paper,medium,2019-12-31,2021Q3,8,INV,823.3133792662592,818.4248724890365,4.888506777222688,802.8099161619956,811.224011153867,823.4442196096524,835.7147019333272,843.8456028765581
paper,medium,2019-12-31,2019Q4,1,WAGE,468.1880057899971,468.9649192566031,-0.776913466606004,466.9333416190122,467.42258624103204,468.18538770881935,468.9478614439866,469.44330152579016
paper,medium,2019-12-31,2020Q1,2,WAGE,468.4879524949825,470.9746394157193,-2.4866869207368154,466.6444696468599,467.44377920699475,468.46389432489525,469.61091623735706,470.24130473705145
paper,medium,2019-12-31,2020Q2,3,WAGE,468.76842967118444,477.5537238247164,-8.785294153531993,466.53440609526655,467.43829645459243,468.77727352745364,470.06870059381293,471.001746428308
paper,medium,2019-12-31,2020Q3,4,WAGE,469.07737924815933,474.96600644730387,-5.888627199144537,466.4634680672944,467.5070936103168,469.0626419269148,470.6288754445262,471.63958549575113
paper,medium,2019-12-31,2020Q4,5,WAGE,469.36061317439965,476.6829746333951,-7.322361458995431,466.4043707880331,467.56231415456466,469.43682160957655,471.12011330035233,472.3431641865698
paper,medium,2019-12-31,2021Q1,6,WAGE,469.6553563342977,475.34867374793606,-5.69331741363834,466.35534255896124,467.72306035017846,469.6884356737968,471.62859522294923,472.9759695300624
paper,medium,2019-12-31,2021Q2,7,WAGE,469.9551503626952,475.1743659729958,-5.219215610300637,466.35451482518386,467.8058898237737,469.96709636890165,472.1215688748132,473.6272701601208
paper,medium,2019-12-31,2021Q3,8,WAGE,470.25175502894103,475.16313773309696,-4.911382704155926,466.4538417709698,467.88048972787436,470.259336279413,472.58069894538346,474.2209459555614
