strategy,model_size,forecast_origin,target_quarter,horizon_quarters,variable,mean,actual,error,p05,p16,median,p84,p95
mango_rmse,small,2000-03-31,2000Q1,1,DEFL,466.04816607051475,434.80173185711334,31.246434213401415,465.6285610594557,465.7845277364781,466.05523427671244,466.3062048981635,466.4606764408635
mango_rmse,small,2000-03-31,2000Q2,2,DEFL,466.4955994663243,435.4231401429961,31.07245932332819,465.7022035342203,466.01066030864314,466.5030767012758,466.9655907946538,467.30034661377357
mango_rmse,small,2000-03-31,2000Q3,3,DEFL,467.00648062333164,436.0074949806811,30.998985642650553,465.8096137170639,466.2761999759577,467.0166252107473,467.70459835078236,468.1950867083646
mango_rmse,small,2000-03-31,2000Q4,4,DEFL,467.5717413565208,436.5490666033782,31.02267475314261,465.91408917353647,466.5907818307595,467.5717044587742,468.51546200896786,469.20695032122416
mango_rmse,small,2000-03-31,2001Q1,5,DEFL,468.1288404764696,437.2026802595548,30.926160216914752,465.9811194470202,466.85084138921826,468.15779455736526,469.38371691535326,470.203423521687
mango_rmse,small,2000-03-31,2001Q2,6,DEFL,468.7050353342278,437.8056263169986,30.899409017229175,466.0294964029139,467.07857771051266,468.7311904219332,470.28866067320894,471.2939437964019
mango_rmse,small,2000-03-31,2001Q3,7,DEFL,469.2936309479101,438.197663342384,31.09596760552614,466.06173134515535,467.33525765626473,469.3126036391407,471.2544593388618,472.5157405607858
mango_rmse,small,2000-03-31,2001Q4,8,DEFL,469.891235631352,438.50844547731197,31.382790154040038,466.05229553717584,467.5710581759507,469.9558750349167,472.20951219675254,473.69959184839263
mango_rmse,small,2000-03-31,2000Q1,1,FFR,5.490549525448104,5.676666666666667,-0.1861171412185625,3.9946291071550952,4.563349332511291,5.47692529856065,6.39135165383694,7.081090483840162
mango_rmse,small,2000-03-31,2000Q2,2,FFR,5.843392531569439,6.273333333333333,-0.4299408017638946,3.423121618727254,4.3554258965132,5.818928979651635,7.367478146208209,8.351776496422822
mango_rmse,small,2000-03-31,2000Q3,3,FFR,5.971185527748953,6.52,-0.5488144722510464,3.037316599389649,4.17443140616022,5.936160025244112,7.819982763143312,9.03228814735274
mango_rmse,small,2000-03-31,2000Q4,4,FFR,5.889026425294494,6.473333333333334,-0.5843069080388394,2.3932530859939805,3.805443500445371,5.829571404388978,8.005906868740977,9.605733341632957
mango_rmse,small,2000-03-31,2001Q1,5,FFR,5.934956324790062,5.593333333333334,0.34162299145672836,1.9959511834453567,3.534840579593894,5.9104222362977525,8.39961635403205,10.067406968341054
mango_rmse,small,2000-03-31,2001Q2,6,FFR,6.0143196267329255,4.326666666666667,1.6876529600662584,1.577463340972853,3.346232491655129,5.942405464122223,8.604244263452944,10.601772211700652
mango_rmse,small,2000-03-31,2001Q3,7,FFR,5.954251393682205,3.4966666666666666,2.4575847270155387,1.0531834952035013,3.035237776454024,5.949550190383377,8.825906856669242,10.891042416103733
mango_rmse,small,2000-03-31,2001Q4,8,FFR,5.88525297807621,2.1333333333333333,3.7519196447428764,0.6017137941384176,2.734477802743365,5.844795196437504,8.995630093416683,11.187034414788181
mango_rmse,small,2000-03-31,2000Q1,1,GDP,911.9957057657338,946.771157645587,-34.77545187985322,910.7832012855125,911.2320029834228,911.9757907114389,912.7684517829053,913.2893331527137
mango_rmse,small,2000-03-31,2000Q2,2,GDP,913.0804526167368,948.5753664798251,-35.4949138630883,911.0960198416832,911.8556974438991,913.0928698026019,914.3035246222902,915.0490021071746
mango_rmse,small,2000-03-31,2000Q3,3,GDP,914.0486981034704,948.6750908667843,-34.6263927633139,911.4323382207788,912.4356031500904,914.0637045525889,915.62638036112,916.55217340956
mango_rmse,small,2000-03-31,2000Q4,4,GDP,914.979970652498,949.2676932603196,-34.28772260782159,911.7771567107852,913.1184504413012,914.994486398952,916.9373560636192,917.9988760854393
mango_rmse,small,2000-03-31,2001Q1,5,GDP,915.880598150931,948.9429455219695,-33.06234737103853,912.1428680169835,913.719121655807,915.8389798080682,918.1337722847595,919.5921631839972
mango_rmse,small,2000-03-31,2001Q2,6,GDP,916.803932474847,949.5624120747524,-32.7584795999054,912.3747990258641,914.3659552435572,916.7929735095568,919.3078298388353,921.0242523094748
mango_rmse,small,2000-03-31,2001Q3,7,GDP,917.724242106039,949.1612595166631,-31.437017410624094,912.9286396725047,914.845294969332,917.7339264772222,920.6429972034712,922.4148856444012
mango_rmse,small,2000-03-31,2001Q4,8,GDP,918.6247035393294,949.4381900682963,-30.813486528966905,913.5071942545361,915.5916357228303,918.5405970882359,921.7222730730799,923.8144067132087
mango_rmse,small,2000-06-30,2000Q2,1,DEFL,466.9590644377708,435.4231401429961,31.535924294774702,466.5042638616089,466.67038323240837,466.9644299029474,467.2372895129372,467.41391489041985
mango_rmse,small,2000-06-30,2000Q3,2,DEFL,467.6724562512043,436.0074949806811,31.664961270523236,466.87019530377955,467.1808931790604,467.6779492490717,468.16043960248237,468.4634231515923
mango_rmse,small,2000-06-30,2000Q4,3,DEFL,468.4679614690602,436.5490666033782,31.918894865681978,467.2571867778943,467.7316781882627,468.4744727308117,469.1621751561646,469.66489630318836
mango_rmse,small,2000-06-30,2001Q1,4,DEFL,469.3434513546334,437.2026802595548,32.14077109507855,467.699649353998,468.36087884561937,469.3662993547613,470.2860721660618,470.96521200321905
mango_rmse,small,2000-06-30,2001Q2,5,DEFL,470.24961474445854,437.8056263169986,32.44398842745994,468.1835177566638,468.98612230749046,470.2642846458473,471.5056752235769,472.3267182654611
mango_rmse,small,2000-06-30,2001Q3,6,DEFL,471.208945951415,438.197663342384,33.011282609031014,468.5955144784609,469.6321513381972,471.25710025887037,472.7578893672214,473.8005893492625
mango_rmse,small,2000-06-30,2001Q4,7,DEFL,472.20639759112885,438.50844547731197,33.69795211381688,468.96944166178315,470.22826806048215,472.2651228927933,474.1078874154836,475.3194550203324
mango_rmse,small,2000-06-30,2002Q1,8,DEFL,473.2517641939666,438.83068726310324,34.421076930863364,469.544595036776,470.8909695560535,473.33881283746575,475.50244100675036,476.88598661311823
mango_rmse,small,2000-06-30,2000Q2,1,FFR,6.211213342351023,6.273333333333333,-0.06211999098231047,4.806112861777146,5.363225157986702,6.2061067665860445,7.071545542483157,7.710571523520554
mango_rmse,small,2000-06-30,2000Q3,2,FFR,6.564973808773378,6.52,0.04497380877337864,4.2770111437074005,5.163502378926363,6.560009284227679,7.993821463850253,8.833253215501163
mango_rmse,small,2000-06-30,2000Q4,3,FFR,6.582585247447486,6.473333333333334,0.1092519141141528,3.739326871784789,4.9141307466014235,6.58395937026423,8.274342046239134,9.326728376247114
mango_rmse,small,2000-06-30,2001Q1,4,FFR,6.6472424763930995,5.593333333333334,1.0539091430597658,3.464070273079014,4.648103269390048,6.722709876364341,8.592133989967484,9.919673703692165
mango_rmse,small,2000-06-30,2001Q2,5,FFR,6.86453821836466,4.326666666666667,2.537871551697993,3.3459489220070373,4.755415447567548,6.815506083358299,9.008597965900563,10.463514178304816
mango_rmse,small,2000-06-30,2001Q3,6,FFR,7.014654200758012,3.4966666666666666,3.5179875340913456,3.185088188747515,4.736366774229188,7.015062875515321,9.265250248442495,10.882125848907624
mango_rmse,small,2000-06-30,2001Q4,7,FFR,7.054489410557228,2.1333333333333333,4.921156077223895,2.844201465486202,4.549962415273856,7.064746515664036,9.58537542260287,11.116036915368948
mango_rmse,small,2000-06-30,2002Q1,8,FFR,7.137159318436984,1.7333333333333334,5.4038259851036505,2.6725244131583867,4.445153539354886,7.210009307800243,9.801133575421673,11.490826831792624
mango_rmse,small,2000-06-30,2000Q2,1,GDP,913.5957426984133,948.5753664798251,-34.97962378141176,912.223902969173,912.7518542170574,913.5901861375696,914.4193886397568,915.0706524352003
mango_rmse,small,2000-06-30,2000Q3,2,GDP,914.7971640165174,948.6750908667843,-33.87792685026693,912.5295315440237,913.3971657109713,914.7511799989202,916.2705897601641,917.1610254497213
mango_rmse,small,2000-06-30,2000Q4,3,GDP,915.8152854990149,949.2676932603196,-33.4524077613047,912.7913601149412,913.9722447943161,915.7736875520438,917.7602906917955,918.9185935807261
mango_rmse,small,2000-06-30,2001Q1,4,GDP,916.873586866666,948.9429455219695,-32.06935865530352,913.0234949548982,914.5145397728213,916.8459997181185,919.2613187122058,920.8167558434266
mango_rmse,small,2000-06-30,2001Q2,5,GDP,917.9784545147266,949.5624120747524,-31.583957560025738,912.9765029778792,915.1553361165307,918.0064590466018,920.8090311587624,922.9983801111051
mango_rmse,small,2000-06-30,2001Q3,6,GDP,919.1065123693293,949.1612595166631,-30.054747147333842,913.2442358172195,915.8131262327896,919.1464317628754,922.5402123996403,924.7500220814862
mango_rmse,small,2000-06-30,2001Q4,7,GDP,920.2715863084155,949.4381900682963,-29.166603759880786,913.6253163214155,916.3247253599859,920.2245467122211,924.3135363393253,926.865883645973
mango_rmse,small,2000-06-30,2002Q1,8,GDP,921.4490061458039,950.2630063031164,-28.814000157312535,914.0700115041615,917.0377719900295,921.3943419125501,925.9167528117354,928.8057250429516
mango_rmse,small,2000-09-30,2000Q3,1,DEFL,467.76605539019744,436.0074949806811,31.75856040951635,467.1579401454356,467.36487246676614,467.7722942504776,468.14668946727653,468.3889753178089
mango_rmse,small,2000-09-30,2000Q4,2,DEFL,468.57150216357536,436.5490666033782,32.02243556019715,467.58199196815974,467.9465918724489,468.5729351672835,469.17595501693023,469.5745368071096
mango_rmse,small,2000-09-30,2001Q1,3,DEFL,469.4171877310176,437.2026802595548,32.21450747146275,467.99774402830286,468.5618298013186,469.4439174664956,470.2196343694466,470.8433547560215
mango_rmse,small,2000-09-30,2001Q2,4,DEFL,470.30429061788936,437.8056263169986,32.498664300890766,468.4219481285409,469.20165172139474,470.3204980782643,471.39301029450314,472.15611179072135
mango_rmse,small,2000-09-30,2001Q3,5,DEFL,471.23447310695764,438.197663342384,33.03680976457366,468.9262840383255,469.84952155234026,471.22462174352614,472.57967470208604,473.48407345842566
mango_rmse,small,2000-09-30,2001Q4,6,DEFL,472.19537093322845,438.50844547731197,33.68692545591648,469.4162835904554,470.55013876941047,472.2053466297508,473.8514367808312,474.87903206527244
mango_rmse,small,2000-09-30,2002Q1,7,DEFL,473.1815665039948,438.83068726310324,34.35087924089157,469.9319070995756,471.1823587959201,473.1779839258821,475.1173930217476,476.38168374732345
mango_rmse,small,2000-09-30,2002Q2,8,DEFL,474.20165377341334,439.17665473510937,35.024999038303974,470.4693884039291,471.8848464915975,474.15804391488484,476.4554969509279,477.86190596475495
mango_rmse,small,2000-09-30,2000Q3,1,FFR,6.506378292874976,6.52,-0.013621707125023974,4.959942754801059,5.575836650526975,6.5077279114067945,7.4553384664014795,8.122419127160015
mango_rmse,small,2000-09-30,2000Q4,2,FFR,6.6481212534374485,6.473333333333334,0.17478792010411492,4.436185843542513,5.246820042124725,6.610371274837834,8.05141037669538,9.045076779329257
mango_rmse,small,2000-09-30,2001Q1,3,FFR,6.787542060541597,5.593333333333334,1.194208727208263,4.119187428087657,5.174049997327043,6.689106036330983,8.503298751535725,9.694765119222314
mango_rmse,small,2000-09-30,2001Q2,4,FFR,6.9314354532572695,4.326666666666667,2.6047687865906024,3.797282539222938,4.988483340903774,6.911196758553643,8.830694263136103,10.14473050317713
mango_rmse,small,2000-09-30,2001Q3,5,FFR,7.078737262451924,3.4966666666666666,3.582070595785257,3.5314135768439114,4.9902417320904915,7.012882862429141,9.238889839781026,10.796339179703116
mango_rmse,small,2000-09-30,2001Q4,6,FFR,7.183033883173489,2.1333333333333333,5.049700549840155,3.440191074640741,4.920603732326139,7.129280421333579,9.506038896752237,11.151552524481211
mango_rmse,small,2000-09-30,2002Q1,7,FFR,7.270585088173334,1.7333333333333334,5.537251754840001,3.239569340234352,4.853001780527551,7.191432736109624,9.637061329611067,11.626188651270281
mango_rmse,small,2000-09-30,2002Q2,8,FFR,7.38556278331108,1.75,5.63556278331108,3.1191982192214227,4.784460910295008,7.391019957075229,9.93688767410377,11.692461022042602
mango_rmse,small,2000-09-30,2000Q3,1,GDP,915.1599021492904,948.6750908667843,-33.51518871749397,913.6821932734515,914.2727060600888,915.1237634411248,916.105671224475,916.740937824819
mango_rmse,small,2000-09-30,2000Q4,2,GDP,916.3050526775705,949.2676932603196,-32.96264058274903,914.0053874147375,914.9166944405342,916.3187486755562,917.7136865469164,918.6549685990974
mango_rmse,small,2000-09-30,2001Q1,3,GDP,917.4352366875897,948.9429455219695,-31.50770883437974,914.5446339784642,915.6168096501178,917.4158900990327,919.2499382340679,920.3895696465486
mango_rmse,small,2000-09-30,2001Q2,4,GDP,918.5735631035177,949.5624120747524,-30.988848971234688,915.0513408631232,916.4235713265523,918.5797994684717,920.7464881419221,922.1787954668181
mango_rmse,small,2000-09-30,2001Q3,5,GDP,919.6969087784445,949.1612595166631,-29.464350738218627,915.5333128899424,917.1725317531125,919.6574004429981,922.2854055030414,923.8661041466565
mango_rmse,small,2000-09-30,2001Q4,6,GDP,920.8279565323681,949.4381900682963,-28.61023353592816,916.1584229759213,918.0063920074945,920.8483533387537,923.6610418216596,925.5268016985203
mango_rmse,small,2000-09-30,2002Q1,7,GDP,921.9814552888823,950.2630063031164,-28.281551014234083,916.5605158374246,918.7341426710356,921.9829119986276,925.2745622785341,927.1680030664127
mango_rmse,small,2000-09-30,2002Q2,8,GDP,923.0989699807075,950.8766222794621,-27.777652298754674,917.4215579572895,919.5696702030075,923.1436669215138,926.5939978900943,928.7287455328155
mango_rmse,small,2000-12-31,2000Q4,1,DEFL,468.05652968043006,436.5490666033782,31.507463077051852,467.6130816402606,467.7708999836409,468.0537722480145,468.3349811093547,468.51912276003236
mango_rmse,small,2000-12-31,2001Q1,2,DEFL,468.8113945591777,437.2026802595548,31.608714299622875,468.0249278165772,468.3149905004392,468.8038021643851,469.3113032367653,469.6166601607415
mango_rmse,small,2000-12-31,2001Q2,3,DEFL,469.5705197952996,437.8056263169986,31.76489347830102,468.3449277473544,468.8276403264938,469.569234508046,470.3031461749183,470.82680956769934
mango_rmse,small,2000-12-31,2001Q3,4,DEFL,470.299627171455,438.197663342384,32.101963829070996,468.58893401446886,469.30464383627344,470.31714323457516,471.2819207761687,471.90286262563126
mango_rmse,small,2000-12-31,2001Q4,5,DEFL,471.1023652968003,438.50844547731197,32.59391981948835,468.8931967977427,469.80752562906224,471.1204640387042,472.37528994840017,473.1694313500771
mango_rmse,small,2000-12-31,2002Q1,6,DEFL,471.9522326319583,438.83068726310324,33.12154536885504,469.1049250229454,470.33639192260307,472.0131036459943,473.58024947276084,474.51255169764784
mango_rmse,small,2000-12-31,2002Q2,7,DEFL,472.8537043738244,439.17665473510937,33.67704963871506,469.32724873324827,470.8708871802964,472.9171482930079,474.843236228487,476.00929337997337
mango_rmse,small,2000-12-31,2002Q3,8,DEFL,473.79518065441914,439.65703601147226,34.138144642946884,469.6874960942286,471.4400240608716,473.85134122321153,476.1711119054703,477.57023200986634
mango_rmse,small,2000-12-31,2000Q4,1,FFR,6.251523071537403,6.473333333333334,-0.22181026179593033,4.816951974125564,5.379654637854388,6.264623836522889,7.110893687980548,7.658596694737868
mango_rmse,small,2000-12-31,2001Q1,2,FFR,5.892465515290535,5.593333333333334,0.2991321819572015,3.5948764214633937,4.504545967928821,5.887297512652461,7.256053877330438,8.168725431762557
mango_rmse,small,2000-12-31,2001Q2,3,FFR,5.998407732720994,4.326666666666667,1.6717410660543273,3.1975832022330284,4.286994138251062,5.983070667052995,7.69165213050902,8.75670087446555
mango_rmse,small,2000-12-31,2001Q3,4,FFR,6.295563864033448,3.4966666666666666,2.7988971973667813,2.936688456551512,4.316030540943051,6.345732666274861,8.241016711232268,9.397852152630692
mango_rmse,small,2000-12-31,2001Q4,5,FFR,6.398776950143116,2.1333333333333333,4.265443616809783,2.6580849120677477,4.221296369242716,6.396711568882139,8.548456402194487,10.012424967273482
mango_rmse,small,2000-12-31,2002Q1,6,FFR,6.41269861375898,1.7333333333333334,4.679365280425647,2.365619764359907,4.033118352606819,6.447117873394981,8.744890744763966,10.312476117998825
mango_rmse,small,2000-12-31,2002Q2,7,FFR,6.556174792505019,1.75,4.806174792505019,2.125905818408108,4.054521179231454,6.6364155578086645,9.118148031619803,10.674658977879945
mango_rmse,small,2000-12-31,2002Q3,8,FFR,6.769308867325772,1.74,5.0293088673257715,2.1483782585324787,4.024765301485186,6.854989871875193,9.502010260054846,11.057867382206329
mango_rmse,small,2000-12-31,2000Q4,1,GDP,915.0922691416193,949.2676932603196,-34.17542411870022,913.7470872697779,914.2585968736829,915.072333619963,915.9236556936646,916.5013826135447
mango_rmse,small,2000-12-31,2001Q1,2,GDP,915.8214759760541,948.9429455219695,-33.121469545915375,913.6564690434517,914.5155451996495,915.8060748069494,917.1427661416737,917.9837003852017
mango_rmse,small,2000-12-31,2001Q2,3,GDP,916.8266027745833,949.5624120747524,-32.73580930016908,913.9211247484544,915.0629265947484,916.8321233385748,918.5334745042511,919.754674359439
mango_rmse,small,2000-12-31,2001Q3,4,GDP,917.9266859204766,949.1612595166631,-31.234573596186465,914.4618436438216,915.8130077479225,917.9291367880858,919.992957277479,921.4610984604722
mango_rmse,small,2000-12-31,2001Q4,5,GDP,918.93428097572,949.4381900682963,-30.50390909257635,914.8015441907288,916.4834607205981,918.9285664916604,921.4277727362695,923.0849444161177
mango_rmse,small,2000-12-31,2002Q1,6,GDP,919.927791839191,950.2630063031164,-30.335214463925467,915.0714649882701,917.0812712647613,919.937068832741,922.7122528419693,924.620097568173
mango_rmse,small,2000-12-31,2002Q2,7,GDP,920.9657509475601,950.8766222794621,-29.910871331902058,915.5679539156881,917.7105237174618,921.0005447604751,924.20911017964,926.2108060247335
mango_rmse,small,2000-12-31,2002Q3,8,GDP,921.9602110198111,951.2793389900701,-29.319127970258933,916.1131358062573,918.4182760071897,922.0002614768448,925.552488133002,927.6889658157719
mango_rmse,small,2001-03-31,2001Q1,1,DEFL,468.7022196336218,437.2026802595548,31.499539374066956,468.097080446058,468.3258025911627,468.70120804464875,469.07686049171275,469.31699920692546
mango_rmse,small,2001-03-31,2001Q2,2,DEFL,469.5412975927877,437.8056263169986,31.735671275789116,468.58006886625714,468.9548623956062,469.5535099802302,470.1186616294851,470.5062552134594
mango_rmse,small,2001-03-31,2001Q3,3,DEFL,470.41803088886337,438.197663342384,32.220367546479395,469.0702211354287,469.59031530947414,470.42686515721755,471.2092297172433,471.7465133023401
mango_rmse,small,2001-03-31,2001Q4,4,DEFL,471.3482147972516,438.50844547731197,32.83976931993965,469.5588725849713,470.2837459381566,471.3598872303701,472.441141219297,473.06433256400135
mango_rmse,small,2001-03-31,2002Q1,5,DEFL,472.3263733294323,438.83068726310324,33.49568606632903,470.1373087162007,470.98386143943026,472.36452239834034,473.63170936383966,474.40815764295564
mango_rmse,small,2001-03-31,2002Q2,6,DEFL,473.3346610330166,439.17665473510937,34.15800629790721,470.7738194329363,471.66811673279085,473.35497538581626,474.9740787933332,475.83302662003666
mango_rmse,small,2001-03-31,2002Q3,7,DEFL,474.36848593867137,439.65703601147226,34.71144992719911,471.3149066068634,472.43466939231746,474.4287689553079,476.293362322821,477.3721805485141
mango_rmse,small,2001-03-31,2002Q4,8,DEFL,475.4354602002086,440.229483984637,35.20597621557158,471.91815779420875,473.2772140460138,475.46255422564855,477.6324094562654,478.87622952393724
mango_rmse,small,2001-03-31,2001Q1,1,FFR,6.51556881957398,5.593333333333334,0.9222354862406466,4.925188944468585,5.578325063504283,6.501524406918158,7.454616721227111,8.14595401793834
mango_rmse,small,2001-03-31,2001Q2,2,FFR,6.5666403089459235,4.326666666666667,2.2399736422792564,4.298755274672476,5.147220666381155,6.564800236186789,8.049247894974835,8.91369074989007
mango_rmse,small,2001-03-31,2001Q3,3,FFR,6.678743188775431,3.4966666666666666,3.182076522108764,3.9615172750581937,5.024431678153878,6.659695972101054,8.370084468949157,9.683566295928468
mango_rmse,small,2001-03-31,2001Q4,4,FFR,6.856390740240571,2.1333333333333333,4.7230574069072375,3.6842754176197574,4.883876257340747,6.864279832064735,8.743699863670761,10.057915665646442
mango_rmse,small,2001-03-31,2002Q1,5,FFR,7.0559985448637335,1.7333333333333334,5.3226652115304,3.5305025183377907,4.932494861979648,7.01377549679505,9.15328935253431,10.779430937910279
mango_rmse,small,2001-03-31,2002Q2,6,FFR,7.21714992758622,1.75,5.46714992758622,3.323889438507075,4.933112705330106,7.209847299763254,9.45572548294759,11.229939072812105
mango_rmse,small,2001-03-31,2002Q3,7,FFR,7.349999685617371,1.74,5.609999685617371,3.142203709520488,4.895520442483494,7.347641104284384,9.857536160224738,11.557941231872215
mango_rmse,small,2001-03-31,2002Q4,8,FFR,7.5132102812393375,1.4433333333333334,6.069876947906004,2.995702221058653,4.817253637620739,7.5659774032742195,10.081010935043535,11.910785148992618
mango_rmse,small,2001-03-31,2001Q1,1,GDP,915.6450159639434,948.9429455219695,-33.29792955802611,914.2359894284726,914.7746704029211,915.608140522834,916.5634423335841,917.1912498950794
mango_rmse,small,2001-03-31,2001Q2,2,GDP,916.5754039357331,949.5624120747524,-32.98700813901928,914.3774898163425,915.2702695801866,916.5575761889097,917.9364407325761,918.845252701946
mango_rmse,small,2001-03-31,2001Q3,3,GDP,917.528157515009,949.1612595166631,-31.63310200165415,914.779210435733,915.9454770371225,917.4992581965689,919.1899694128916,920.2788832338023
mango_rmse,small,2001-03-31,2001Q4,4,GDP,918.4999061422469,949.4381900682963,-30.938283926049394,915.2709694178931,916.5755633949234,918.451401708405,920.4774626878057,921.8661804244701
mango_rmse,small,2001-03-31,2002Q1,5,GDP,919.4350663974398,950.2630063031164,-30.827939905676658,915.7382434536903,917.2155174013344,919.3888862708934,921.6420580126754,923.3359010789502
mango_rmse,small,2001-03-31,2002Q2,6,GDP,920.3547302612154,950.8766222794621,-30.521892018246717,916.1518215348194,917.8440463025297,920.3828257948069,922.8414937872312,924.6392422680942
mango_rmse,small,2001-03-31,2002Q3,7,GDP,921.2791078416961,951.2793389900701,-30.000231148373928,916.526409604099,918.5025249423691,921.2672467223986,924.1103412943881,926.0405626867537
mango_rmse,small,2001-03-31,2002Q4,8,GDP,922.1498368223415,951.4099094767561,-29.260072654414557,916.9927737459624,919.1306603573312,922.1401696297289,925.2144909791162,927.325172404529
mango_rmse,small,2001-06-30,2001Q2,1,DEFL,469.3384104511892,437.8056263169986,31.532784134190592,468.87863035272017,469.04841699722533,469.34508404222345,469.6160085549683,469.8045138608632
mango_rmse,small,2001-06-30,2001Q3,2,DEFL,469.9201953514104,438.197663342384,31.72253200902645,469.12449532989297,469.42619702621215,469.9083417269576,470.41786605925614,470.75073505259803
mango_rmse,small,2001-06-30,2001Q4,3,DEFL,470.47739743252583,438.50844547731197,31.968951955213868,469.24603561221187,469.7315886742337,470.47526826390657,471.18957456961806,471.7342593441856
mango_rmse,small,2001-06-30,2002Q1,4,DEFL,471.0704797840714,438.83068726310324,32.23979252096814,469.4079951672098,470.06232599929365,471.07288769566117,472.0425800065607,472.71419682493524
mango_rmse,small,2001-06-30,2002Q2,5,DEFL,471.65792384188114,439.17665473510937,32.48126910677178,469.49880511070245,470.31960002497476,471.67268022883223,472.90588419391696,473.78259929965947
mango_rmse,small,2001-06-30,2002Q3,6,DEFL,472.27340340563785,439.65703601147226,32.61636739416559,469.5110004825745,470.6134270817935,472.2721509240247,473.8700573462233,474.9017997081468
mango_rmse,small,2001-06-30,2002Q4,7,DEFL,472.8822723386985,440.229483984637,32.6527883540615,469.4928788119312,470.86494280233376,472.91799821402583,474.8671780658967,476.1078718449312
mango_rmse,small,2001-06-30,2003Q1,8,DEFL,473.5035606585557,440.72678772271144,32.77677293584429,469.4942149023847,471.200924338705,473.5234324087614,475.7735226749555,477.38133032871093
mango_rmse,small,2001-06-30,2001Q2,1,FFR,5.374117098828482,4.326666666666667,1.0474504321618152,3.9890263730239033,4.517477602845989,5.359280580534162,6.241228222052368,6.83864920681174
mango_rmse,small,2001-06-30,2001Q3,2,FFR,5.676402790121546,3.4966666666666666,2.1797361234548798,3.443837087303858,4.326925084422325,5.674102172714546,7.090688672829085,7.898586582139062
mango_rmse,small,2001-06-30,2001Q4,3,FFR,5.6865484429378395,2.1333333333333333,3.553215109604506,2.9066684431998695,3.966897056431706,5.627117094857374,7.4506299096699165,8.609943447565932
mango_rmse,small,2001-06-30,2002Q1,4,FFR,5.453739607173814,1.7333333333333334,3.7204062738404806,2.2004562004383534,3.5015686897459792,5.439050353430293,7.395503345787586,8.83992585296843
mango_rmse,small,2001-06-30,2002Q2,5,FFR,5.456098527224846,1.75,3.706098527224846,1.8105291418881568,3.2662798616071105,5.356467708184645,7.6897716227142325,9.276787846670633
mango_rmse,small,2001-06-30,2002Q3,6,FFR,5.5702067420143795,1.74,3.8302067420143793,1.4942144283229595,3.1152589502162975,5.561032457168725,7.911503991444168,9.696918777644099
mango_rmse,small,2001-06-30,2002Q4,7,FFR,5.573824938217338,1.4433333333333334,4.130491604884004,1.0955060666843657,2.916803159352614,5.642715409420146,8.131142874604562,10.03546074222318
mango_rmse,small,2001-06-30,2003Q1,8,FFR,5.544083231184876,1.25,4.294083231184876,0.8090051038142084,2.68334468486997,5.559007048467834,8.41814844594355,10.233402195759751
mango_rmse,small,2001-06-30,2001Q2,1,GDP,915.7846156379014,949.5624120747524,-33.77779643685096,914.4523433879048,914.9961969258936,915.7609020632264,916.5882063803115,917.1914667115557
mango_rmse,small,2001-06-30,2001Q3,2,GDP,916.9138032354175,949.1612595166631,-32.247456281245604,914.8037769378167,915.6028805983641,916.9331768437846,918.2192935341967,919.0967401155774
mango_rmse,small,2001-06-30,2001Q4,3,GDP,917.8187537031944,949.4381900682963,-31.619436365101933,915.1311889020951,916.1629719339937,917.8613664301463,919.5308658410647,920.5325244489361
mango_rmse,small,2001-06-30,2002Q1,4,GDP,918.747272950549,950.2630063031164,-31.515733352567395,915.4502770492194,916.7994561375375,918.7265857062429,920.7970975999262,921.9181315230265
mango_rmse,small,2001-06-30,2002Q2,5,GDP,919.6874371686872,950.8766222794621,-31.18918511077493,915.9041420206984,917.4096406083789,919.6512355006265,921.9486056665921,923.4324060074979
mango_rmse,small,2001-06-30,2002Q3,6,GDP,920.6532979423085,951.2793389900701,-30.626041047761532,916.3554449858303,918.113290721814,920.695652862696,923.2187200167872,924.742586383173
mango_rmse,small,2001-06-30,2002Q4,7,GDP,921.59680144528,951.4099094767561,-29.813108031476077,916.6553086812768,918.8313547184464,921.6515130514626,924.4353128991766,926.2291535367518
mango_rmse,small,2001-06-30,2003Q1,8,GDP,922.4962872315739,951.9253022305498,-29.42901499897596,917.2307784054744,919.4028087023688,922.5901968506926,925.5638277805723,927.5320200593903
mango_rmse,small,2001-09-30,2001Q3,1,DEFL,470.290216274225,438.197663342384,32.092552931841,469.3253420340648,469.68086260666814,470.2912407968372,470.87956592806046,471.2534763895819
mango_rmse,small,2001-09-30,2001Q4,2,DEFL,471.24310702748676,438.50844547731197,32.73466155017479,469.9090229683723,470.412903952419,471.25665514070715,472.0907702143822,472.58833619963195
mango_rmse,small,2001-09-30,2002Q1,3,DEFL,472.2239765225612,438.83068726310324,33.39328925945796,470.53410412921926,471.22589390736425,472.18907494328005,473.2635211925695,473.9716538935315
mango_rmse,small,2001-09-30,2002Q2,4,DEFL,473.1729519246901,439.17665473510937,33.99629718958073,471.2862177029887,471.98430135409217,473.14027494149025,474.37089102855697,475.1801831970599
mango_rmse,small,2001-09-30,2002Q3,5,DEFL,474.13960234425457,439.65703601147226,34.48256633278231,471.9870607402639,472.8269266433618,474.10813439387334,475.4808821330934,476.3194376241774
mango_rmse,small,2001-09-30,2002Q4,6,DEFL,475.0992657809542,440.229483984637,34.86978179631723,472.70078742924994,473.6705142045333,475.098033096493,476.55939972299973,477.4862467133775
mango_rmse,small,2001-09-30,2003Q1,7,DEFL,476.048843053871,440.72678772271144,35.32205533115956,473.43972335665427,474.42363776926663,476.10350719539605,477.6392813133002,478.6114435061249
mango_rmse,small,2001-09-30,2003Q2,8,DEFL,477.01422141976076,441.0711268533791,35.94309456638166,474.2529366658415,475.31320402562676,477.0489201663698,478.6334883198374,479.6965283837023
mango_rmse,small,2001-09-30,2001Q3,1,FFR,4.37262385077875,3.4966666666666666,0.875957184112083,2.74667161346243,3.3916939937913315,4.340164974343925,5.380239340796831,6.105960928977815
mango_rmse,small,2001-09-30,2001Q4,2,FFR,4.377398032142019,2.1333333333333333,2.244064698808686,1.9900997413075,3.015465158622469,4.356137287955966,5.819080139597846,6.787305870056689
mango_rmse,small,2001-09-30,2002Q1,3,FFR,4.404159711110098,1.7333333333333334,2.6708263777767645,1.6004213590283518,2.68689681959469,4.358341277809304,6.0884231687189985,7.310972448790206
mango_rmse,small,2001-09-30,2002Q2,4,FFR,4.455110384195144,1.75,2.7051103841951436,1.2221944915644625,2.530936571095529,4.4968747193099,6.298778619898793,7.674850841188788
mango_rmse,small,2001-09-30,2002Q3,5,FFR,4.465198679023918,1.74,2.7251986790239178,0.816450009676621,2.23054893264948,4.449357841067293,6.649137624948903,8.186484277218547
mango_rmse,small,2001-09-30,2002Q4,6,FFR,4.485437931085086,1.4433333333333334,3.0421045977517522,0.41680557517591216,2.0659434792413855,4.454647466789826,6.967624031545118,8.557670756559746
mango_rmse,small,2001-09-30,2003Q1,7,FFR,4.477240669727093,1.25,3.2272406697270926,-0.20523016826974924,1.7001523175370812,4.5086282899272465,7.2525368068715395,9.032527251198099
mango_rmse,small,2001-09-30,2003Q2,8,FFR,4.474436732301306,1.2466666666666668,3.2277700656346386,-0.43390953816672834,1.396486352648853,4.499971509408718,7.4695615416989,9.406099697682512
mango_rmse,small,2001-09-30,2001Q3,1,GDP,915.0227863154558,949.1612595166631,-34.13847320120726,913.4845874204002,914.10242770518,915.0044488284557,915.9794827358883,916.6194450512232
mango_rmse,small,2001-09-30,2001Q4,2,GDP,915.8344371513518,949.4381900682963,-33.60375291694447,913.6006038857141,914.4875117468058,915.8195837535006,917.1846195451423,918.0237342754502
mango_rmse,small,2001-09-30,2002Q1,3,GDP,916.6421972516492,950.2630063031164,-33.62080905146718,913.9502605161406,915.021300791499,916.6674387845007,918.2505958845561,919.3599168579644
mango_rmse,small,2001-09-30,2002Q2,4,GDP,917.4474630938994,950.8766222794621,-33.42915918556275,914.182006491496,915.5470770536949,917.4472239860354,919.4118645205187,920.7153907020233
mango_rmse,small,2001-09-30,2002Q3,5,GDP,918.2684950424218,951.2793389900701,-33.010843947648254,914.8151915286355,916.1198864915409,918.207030583003,920.4609303086412,921.8482543574283
mango_rmse,small,2001-09-30,2002Q4,6,GDP,919.0546009286418,951.4099094767561,-32.355308548114294,915.0908379113051,916.6539157446406,919.0488212797068,921.3951663388905,923.0223374505196
mango_rmse,small,2001-09-30,2003Q1,7,GDP,919.8696054733203,951.9253022305498,-32.0556967572295,915.6138492650267,917.1781735868894,919.8496132756477,922.5037562304765,924.3173300748135
mango_rmse,small,2001-09-30,2003Q2,8,GDP,920.6641806936749,952.8147130216528,-32.150532327977885,916.0379955445839,917.7862204138144,920.6629443203012,923.5196467719678,925.4361019682805
mango_rmse,small,2001-12-31,2001Q4,1,DEFL,470.31495066647443,438.50844547731197,31.806505189162465,469.86001719404203,470.0322740084817,470.3243545555163,470.5912485928091,470.77573434153186
mango_rmse,small,2001-12-31,2002Q1,2,DEFL,470.8180174698217,438.83068726310324,31.987330206718468,469.9987538139985,470.3220304145491,470.82959148849625,471.297113616401,471.62729631123904
mango_rmse,small,2001-12-31,2002Q2,3,DEFL,471.2045187969688,439.17665473510937,32.02786406185942,469.9675736880444,470.48335781458115,471.2090902477156,471.8866558979361,472.3923581464203
mango_rmse,small,2001-12-31,2002Q3,4,DEFL,471.59145416255154,439.65703601147226,31.934418151079285,469.9373533497972,470.5987901638533,471.5844454102217,472.5371126505781,473.1870845171566
mango_rmse,small,2001-12-31,2002Q4,5,DEFL,472.01860405352716,440.229483984637,31.789120068890156,469.84497047294747,470.7395649720029,472.04341934194906,473.25763644314384,474.0950026634558
mango_rmse,small,2001-12-31,2003Q1,6,DEFL,472.48032335169097,440.72678772271144,31.753535628979535,469.78859624188533,470.8623859957502,472.53786163865436,474.0430611552466,475.0411355897984
mango_rmse,small,2001-12-31,2003Q2,7,DEFL,472.93690467574737,441.0711268533791,31.865777822368273,469.6386815166745,471.0083595493945,473.00312591812633,474.8335048510802,476.0784819230928
mango_rmse,small,2001-12-31,2003Q3,8,DEFL,473.4140468663706,441.6379751045544,31.776071761816183,469.597161266023,471.0873400478305,473.46358677942885,475.6859949074621,477.13544786937086
mango_rmse,small,2001-12-31,2001Q4,1,FFR,3.272073685752404,2.1333333333333333,1.1387403524190707,1.8034988377073284,2.390085482142373,3.2751274976314395,4.151987362102704,4.758088368642667
mango_rmse,small,2001-12-31,2002Q1,2,FFR,2.999335618571398,1.7333333333333334,1.2660022852380646,0.6059456490173806,1.575021260429234,2.974932639451063,4.490156958362344,5.404663844963796
mango_rmse,small,2001-12-31,2002Q2,3,FFR,2.9381126960618964,1.75,1.1881126960618964,-0.014544067800797719,1.2132159665683278,2.925059151282336,4.7134264672030035,5.959098358549341
mango_rmse,small,2001-12-31,2002Q3,4,FFR,3.1080457718580785,1.74,1.3680457718580785,-0.20719092672046233,1.037512442283454,3.153714991392163,5.1269677750538145,6.569791049402542
mango_rmse,small,2001-12-31,2002Q4,5,FFR,3.16803988132553,1.4433333333333334,1.7247065479921968,-0.6828309336289298,0.9099663026643272,3.1078205992376544,5.507400941183387,7.065647975339067
mango_rmse,small,2001-12-31,2003Q1,6,FFR,3.1019256281876397,1.25,1.8519256281876397,-1.174821632348233,0.6407265018280809,3.06069002835573,5.559376224347358,7.297644524172235
mango_rmse,small,2001-12-31,2003Q2,7,FFR,3.146490608821244,1.2466666666666668,1.8998239421545773,-1.6249158894971636,0.4575000058314641,3.1792219048552166,5.842823595223701,7.631118199875709
mango_rmse,small,2001-12-31,2003Q3,8,FFR,3.259656855240047,1.0166666666666666,2.2429901885733803,-1.7572917870952542,0.27536557788375093,3.360049321564379,6.195855996014457,8.056141546013986
mango_rmse,small,2001-12-31,2001Q4,1,GDP,914.5516569827638,949.4381900682963,-34.886533085532506,913.2009211406233,913.7211950746948,914.5262749361062,915.3920214185838,916.0191223299314
mango_rmse,small,2001-12-31,2002Q1,2,GDP,915.4583624432261,950.2630063031164,-34.80464385989035,913.2130353487936,914.0550806176011,915.4741511659577,916.8466784341116,917.7660908942362
mango_rmse,small,2001-12-31,2002Q2,3,GDP,916.3449229141402,950.8766222794621,-34.53169936532197,913.2850211293331,914.4780290228501,916.3191542757565,918.2424496955531,919.4027589239088
mango_rmse,small,2001-12-31,2002Q3,4,GDP,917.2659186504584,951.2793389900701,-34.013420339611685,913.3598782815139,915.0080957020517,917.2154608979006,919.6223172749121,920.9483043915772
mango_rmse,small,2001-12-31,2002Q4,5,GDP,918.0273340774714,951.4099094767561,-33.38257539928463,913.4527646924495,915.2809642475017,918.0328670041793,920.8182986186869,922.6254010485304
mango_rmse,small,2001-12-31,2003Q1,6,GDP,918.7482915797195,951.9253022305498,-33.17701065083031,913.2051059477461,915.5197145464188,918.6807557332215,921.9605643258179,924.267911760633
mango_rmse,small,2001-12-31,2003Q2,7,GDP,919.4764351157362,952.8147130216528,-33.338277905916584,913.4021374316424,915.8457017286245,919.4821070595904,923.1382919857899,925.759945412382
mango_rmse,small,2001-12-31,2003Q3,8,GDP,920.1011347728365,954.4678690555788,-34.3667342827423,913.2483833278974,916.0313880427395,920.0833052831083,924.0416221693255,926.8739175498949
mango_rmse,small,2002-03-31,2002Q1,1,DEFL,470.761209636024,438.83068726310324,31.930522372920734,469.7275135144214,470.1258994790506,470.76602541567195,471.37222046944754,471.78570560464465
mango_rmse,small,2002-03-31,2002Q2,2,DEFL,471.65639604698606,439.17665473510937,32.479741311876694,470.2103373508915,470.7507458298299,471.70016181993145,472.52664422033746,473.0425287786776
mango_rmse,small,2002-03-31,2002Q3,3,DEFL,472.58292633836436,439.65703601147226,32.9258903268921,470.77161297111564,471.50157397256373,472.6159672528448,473.6464578439678,474.3305054341106
mango_rmse,small,2002-03-31,2002Q4,4,DEFL,473.4907296874213,440.229483984637,33.26124570278432,471.425406368879,472.24911847898005,473.52583569183145,474.6948498173882,475.5078267504981
mango_rmse,small,2002-03-31,2003Q1,5,DEFL,474.4213956840513,440.72678772271144,33.69460796133984,472.13376820629725,473.08113227685755,474.46943635144316,475.79703644220825,476.5973867847884
mango_rmse,small,2002-03-31,2003Q2,6,DEFL,475.32354815666605,441.0711268533791,34.25242130328695,472.77431961422144,473.880747454747,475.3551604746675,476.83955443498496,477.6917695502908
mango_rmse,small,2002-03-31,2003Q3,7,DEFL,476.24648278254654,441.6379751045544,34.60850767799212,473.5970413948568,474.6112245050564,476.2755518552175,477.8751398850576,478.8486710868131
mango_rmse,small,2002-03-31,2003Q4,8,DEFL,477.1473626212595,442.25205753903714,34.895305082222364,474.36779334895925,475.4185308366906,477.13761624143325,478.8596906465137,479.89860682577944
mango_rmse,small,2002-03-31,2002Q1,1,FFR,2.1556368816983995,1.7333333333333334,0.4223035483650661,0.5287342602353946,1.1276293937221906,2.149886529739353,3.1336971929122597,3.851108874808533
mango_rmse,small,2002-03-31,2002Q2,2,FFR,2.116696942905218,1.75,0.36669694290521804,-0.2393787322404219,0.6730998528203067,2.1047107944418926,3.5214773475193586,4.555448359366244
mango_rmse,small,2002-03-31,2002Q3,3,FFR,2.1111989491368917,1.74,0.37119894913689166,-0.6143370049887501,0.4421429942544426,2.055762008238856,3.8177567017448166,4.965746304898404
mango_rmse,small,2002-03-31,2002Q4,4,FFR,2.1249685865013235,1.4433333333333334,0.6816352531679901,-1.0286135232795643,0.27466164697083145,2.0876670338448005,4.050904900057091,5.418065408774369
mango_rmse,small,2002-03-31,2003Q1,5,FFR,2.1254970509434195,1.25,0.8754970509434195,-1.2362484973080976,-0.0006195720645059938,2.0171915159954468,4.2938659385771025,5.812797665041957
mango_rmse,small,2002-03-31,2003Q2,6,FFR,2.114656167856995,1.2466666666666668,0.8679895011903282,-1.6797352956773917,-0.2308904118977237,2.0296583009148645,4.4953075568879655,6.243401937748542
mango_rmse,small,2002-03-31,2003Q3,7,FFR,2.091123700428744,1.0166666666666666,1.0744570337620774,-2.101734328026296,-0.5108691770972974,1.9798743728511004,4.748266640351143,6.742917986535727
mango_rmse,small,2002-03-31,2003Q4,8,FFR,2.0480251243143757,0.9966666666666667,1.051358457647709,-2.73756225617359,-0.8083033999381415,2.0325431957702698,4.89624209283132,6.916654567587948
mango_rmse,small,2002-03-31,2002Q1,1,GDP,915.082896871349,950.2630063031164,-35.18010943176739,913.587294459047,914.1730889025575,915.0517714625449,916.0242311015728,916.6963404539649
mango_rmse,small,2002-03-31,2002Q2,2,GDP,915.8958151614751,950.8766222794621,-34.98080711798707,913.7343357322962,914.58147762362,915.87753066468,917.2232101948888,918.1386222361566
mango_rmse,small,2002-03-31,2002Q3,3,GDP,916.6768442326068,951.2793389900701,-34.60249475746332,914.085082187544,915.0423553085458,916.7186499316763,918.2397792852798,919.2850933278635
mango_rmse,small,2002-03-31,2002Q4,4,GDP,917.4618133264529,951.4099094767561,-33.94809615030317,914.3733998663062,915.5620925392254,917.522098085404,919.248727345238,920.5951525629623
mango_rmse,small,2002-03-31,2003Q1,5,GDP,918.2457974625864,951.9253022305498,-33.67950476796341,914.7504045024614,916.1760030729099,918.2074210690436,920.2848342488238,921.6896315330926
mango_rmse,small,2002-03-31,2003Q2,6,GDP,919.0059177408189,952.8147130216528,-33.80879528083392,915.2211477569946,916.6485749811511,918.9863193705985,921.2896866517468,922.8181717066446
mango_rmse,small,2002-03-31,2003Q3,7,GDP,919.7769025591182,954.4678690555788,-34.690966496460646,915.5947172958374,917.2831985911578,919.748586211939,922.3197478544074,923.7188615229477
mango_rmse,small,2002-03-31,2003Q4,8,GDP,920.56098222277,955.6153064688727,-35.05432424610274,916.1021875131831,917.9149268731843,920.5575406820012,923.2389270715038,924.8892302438194
mango_rmse,small,2002-06-30,2002Q2,1,DEFL,470.3516371733158,439.17665473510937,31.174982438206428,469.89363623540874,470.0704199067657,470.35344513287407,470.6329462873086,470.809846881673
mango_rmse,small,2002-06-30,2002Q3,2,DEFL,470.5845545646636,439.65703601147226,30.927518553191362,469.7783727079067,470.0825790007109,470.58260613120524,471.07210761092864,471.4208843632725
mango_rmse,small,2002-06-30,2002Q4,3,DEFL,470.7300530863487,440.229483984637,30.500569101711676,469.4818274152852,469.9839055270232,470.73566967490035,471.45429463869516,471.96142225292914
mango_rmse,small,2002-06-30,2003Q1,4,DEFL,471.04092414396206,440.72678772271144,30.314136421250623,469.38679174518387,470.05806063113357,471.07623209757696,472.01272480171355,472.6603674793191
mango_rmse,small,2002-06-30,2003Q2,5,DEFL,471.34759134137624,441.0711268533791,30.276464487997146,469.14846832904664,470.0662113374364,471.39936136704443,472.5903458047626,473.39295021927995
mango_rmse,small,2002-06-30,2003Q3,6,DEFL,471.70794354009985,441.6379751045544,30.069968435545434,468.9320694592381,470.07090703696474,471.7624447644411,473.2668697081128,474.23156759815015
mango_rmse,small,2002-06-30,2003Q4,7,DEFL,472.0585488873914,442.25205753903714,29.806491348354257,468.7329822110203,470.03449517571977,472.1108525895804,473.972955420128,475.1806724785653
mango_rmse,small,2002-06-30,2004Q1,8,DEFL,472.4444421436901,442.95660169416607,29.487840449524015,468.42229424691834,470.11487086399745,472.50485825533246,474.68533077471227,476.1266702544023
mango_rmse,small,2002-06-30,2002Q2,1,FFR,1.9226482680471293,1.75,0.1726482680471293,0.4432297503310987,1.0363281175245382,1.9104000618702672,2.8330656803891427,3.3792095433799867
mango_rmse,small,2002-06-30,2002Q3,2,FFR,2.284068270935426,1.74,0.5440682709354261,-0.1589214999502037,0.8356386594727471,2.28241118776106,3.7450038258293556,4.732902370607425
mango_rmse,small,2002-06-30,2002Q4,3,FFR,2.5217390124287067,1.4433333333333334,1.0784056790953733,-0.387204156725009,0.7622113403826755,2.5325222711979776,4.2946387644965425,5.4822356466050834
mango_rmse,small,2002-06-30,2003Q1,4,FFR,2.6119563509837933,1.25,1.3619563509837933,-0.8047981505227624,0.4724811719471303,2.6137949549833204,4.6609553598950315,6.114446339095421
mango_rmse,small,2002-06-30,2003Q2,5,FFR,2.7652463871042086,1.2466666666666668,1.5185797204375417,-1.0951613977022556,0.4350528181040614,2.75540535446794,5.061008273582115,6.723868844550593
mango_rmse,small,2002-06-30,2003Q3,6,FFR,2.9485123684108774,1.0166666666666666,1.9318457017442108,-1.3554431753669296,0.3241533743659356,2.996327432343655,5.466272734924,7.234029471844556
mango_rmse,small,2002-06-30,2003Q4,7,FFR,3.0394306621843286,0.9966666666666667,2.042763995517662,-1.6370010577121694,0.22788463945616735,3.1071204418117757,5.807392940992276,7.684711584650453
mango_rmse,small,2002-06-30,2004Q1,8,FFR,3.0964139315844674,1.0033333333333332,2.0930805982511345,-1.8393194978610756,0.03815763992666421,3.219157955471047,6.053980946311381,7.903500644843848
mango_rmse,small,2002-06-30,2002Q2,1,GDP,917.151611777323,950.8766222794621,-33.725010502139185,915.7839516625988,916.3304658549199,917.1136468200301,918.0210936168891,918.5626326623169
mango_rmse,small,2002-06-30,2002Q3,2,GDP,918.4239909839642,951.2793389900701,-32.85534800610583,916.2040062277605,917.080999510138,918.3949393696107,919.8128569690983,920.6963834729283
mango_rmse,small,2002-06-30,2002Q4,3,GDP,919.5623242550648,951.4099094767561,-31.847585221691247,916.5285780972133,917.7279304690377,919.5520523391357,921.3905152524331,922.6486479169697
mango_rmse,small,2002-06-30,2003Q1,4,GDP,920.446991681436,951.9253022305498,-31.47831054911387,916.6437622498837,918.1057112990123,920.4407477195766,922.7738581820648,924.3673951611538
mango_rmse,small,2002-06-30,2003Q2,5,GDP,921.1282533239403,952.8147130216528,-31.686459697712507,916.3485507518029,918.3150574845075,921.077323610664,923.9743529582913,925.7691451812628
mango_rmse,small,2002-06-30,2003Q3,6,GDP,921.7660566609308,954.4678690555788,-32.70181239464807,916.0802696586821,918.5054450944559,921.7300558807185,924.9979346827486,927.3419421027754
mango_rmse,small,2002-06-30,2003Q4,7,GDP,922.3078504554292,955.6153064688727,-33.307456013443584,915.9786929524622,918.5367166717544,922.1881196826921,926.1000441741818,928.7402747610307
mango_rmse,small,2002-06-30,2004Q1,8,GDP,922.7437908525843,956.1865880299732,-33.44279717738891,915.8099637903456,918.4289559737776,922.6452090197959,927.0772518280434,929.7425414917359
mango_rmse,small,2002-09-30,2002Q3,1,DEFL,470.71947842948776,439.65703601147226,31.062442418015507,470.2512446587372,470.42039781486346,470.7143147153912,471.00363357244566,471.2024684360943
mango_rmse,small,2002-09-30,2002Q4,2,DEFL,470.953585160296,440.229483984637,30.724101175658973,470.13552013591874,470.45025561218296,470.9486384457941,471.4697491604507,471.78193168487184
mango_rmse,small,2002-09-30,2003Q1,3,DEFL,471.23995102610553,440.72678772271144,30.513163303394094,469.9775801137035,470.50150333777634,471.25436551160624,471.98479282763975,472.47300856085104
mango_rmse,small,2002-09-30,2003Q2,4,DEFL,471.52640371283474,441.0711268533791,30.455276859455637,469.84298474866983,470.5064709064335,471.5548523159331,472.5214459907221,473.20992948056846
mango_rmse,small,2002-09-30,2003Q3,5,DEFL,471.8545836986404,441.6379751045544,30.216608594085983,469.62650422125995,470.51874588718135,471.912913235117,473.13939929889193,474.01884684034985
mango_rmse,small,2002-09-30,2003Q4,6,DEFL,472.1917093780918,442.25205753903714,29.939651839054648,469.3835686584157,470.52743324610145,472.281733794708,473.83565622977466,474.85396836249095
mango_rmse,small,2002-09-30,2004Q1,7,DEFL,472.5350104816935,442.95660169416607,29.57840878752745,469.16594016639027,470.4875860156784,472.58350417616975,474.49915676824605,475.76217122380143
mango_rmse,small,2002-09-30,2004Q2,8,DEFL,472.88749936326815,443.75677692001574,29.13072244325241,468.9262914019522,470.50604276987997,472.9034071554596,475.2577326737805,476.6129351966629
mango_rmse,small,2002-09-30,2002Q3,1,FFR,1.8515709268154008,1.74,0.11157092681540082,0.3363522343123369,0.9909581982078934,1.8521252315750916,2.7561608308895185,3.348174698305739
mango_rmse,small,2002-09-30,2002Q4,2,FFR,1.9034275981084097,1.4433333333333334,0.4600942647750763,-0.44261827873905507,0.46339370377712963,1.8917259957125225,3.3917727112960776,4.323020576132268
mango_rmse,small,2002-09-30,2003Q1,3,FFR,1.985176518194351,1.25,0.735176518194351,-0.8221419726606194,0.1636347094951244,2.001220882436813,3.7629574033980506,5.016234897695767
mango_rmse,small,2002-09-30,2003Q2,4,FFR,2.1643058458425295,1.2466666666666668,0.9176391791758627,-1.114731898779879,0.10802619185751937,2.152970908084554,4.226808632734651,5.57103921420422
mango_rmse,small,2002-09-30,2003Q3,5,FFR,2.2924915187209676,1.0166666666666666,1.275824852054301,-1.5709783816776248,-0.03367617121702688,2.23815536174223,4.631838834144516,6.264692239056337
mango_rmse,small,2002-09-30,2003Q4,6,FFR,2.3184122689745514,0.9966666666666667,1.3217456023078848,-1.997929839928553,-0.23265539716642727,2.2589259121194596,4.852784368386037,6.671448474227293
mango_rmse,small,2002-09-30,2004Q1,7,FFR,2.3481458312126073,1.0033333333333332,1.3448124978792741,-2.3197204237577274,-0.38681146903063884,2.3691490391446686,5.002591307826488,7.052340595054515
mango_rmse,small,2002-09-30,2004Q2,8,FFR,2.3959005398788173,1.01,1.3859005398788173,-2.5945580832391095,-0.6002343683454716,2.422257755556812,5.21416829407582,7.348286493514076
mango_rmse,small,2002-09-30,2002Q3,1,GDP,915.7222297287933,951.2793389900701,-35.557109261276764,914.3384140234174,914.8866183461429,915.6998653071539,916.5938875752314,917.2029258840741
mango_rmse,small,2002-09-30,2002Q4,2,GDP,916.6068772613221,951.4099094767561,-34.80303221543397,914.3503286030948,915.2258267852048,916.5753030518329,918.0508328112078,918.9767032356655
mango_rmse,small,2002-09-30,2003Q1,3,GDP,917.2711530234631,951.9253022305498,-34.65414920708679,914.1980092410141,915.400862726041,917.233887768642,919.1688504291419,920.4126323735361
mango_rmse,small,2002-09-30,2003Q2,4,GDP,917.8282704002457,952.8147130216528,-34.986442621407036,913.8761650442675,915.4968234367155,917.755750615469,920.1829946073548,921.8724665879206
mango_rmse,small,2002-09-30,2003Q3,5,GDP,918.3227549240804,954.4678690555788,-36.14511413149842,913.4949814889295,915.4769251271938,918.2269091923577,921.1969405861726,923.2117442740556
mango_rmse,small,2002-09-30,2003Q4,6,GDP,918.7256304915051,955.6153064688727,-36.88967597736769,913.0146930477262,915.3295018797944,918.6810407168766,922.0750010645827,924.4607154467175
mango_rmse,small,2002-09-30,2004Q1,7,GDP,919.0843965584556,956.1865880299732,-37.102191471517585,912.473664634857,915.080546643081,918.977707131758,922.9947115303381,925.7216457966904
mango_rmse,small,2002-09-30,2004Q2,8,GDP,919.3765678874528,956.9623102681346,-37.585742380681836,912.1882195908411,915.0800569805455,919.3082601459139,923.7741611167478,926.7417036809782
mango_rmse,small,2002-12-31,2002Q4,1,DEFL,470.89656950002535,440.229483984637,30.66708551538835,470.4392834511734,470.6104919097077,470.8986766192203,471.1752580975877,471.3642383499178
mango_rmse,small,2002-12-31,2003Q1,2,DEFL,471.17522362465184,440.72678772271144,30.4484359019404,470.3520065704746,470.6804968363951,471.17947350530426,471.6658758593851,471.9856859801172
mango_rmse,small,2002-12-31,2003Q2,3,DEFL,471.43923112414,441.0711268533791,30.36810427076091,470.17257976866614,470.6860683732404,471.46209571552185,472.17056142438946,472.7178753979886
mango_rmse,small,2002-12-31,2003Q3,4,DEFL,471.7527073373733,441.6379751045544,30.11473223281888,470.05358694038034,470.7321329209711,471.75154152529853,472.74245480093066,473.4406302630681
mango_rmse,small,2002-12-31,2003Q4,5,DEFL,472.0765175516249,442.25205753903714,29.824460012587735,469.8389497354591,470.70878473730795,472.09014026910444,473.43323205274663,474.2634031236356
mango_rmse,small,2002-12-31,2004Q1,6,DEFL,472.4452077151502,442.95660169416607,29.48860602098415,469.54363781871393,470.685677532558,472.4802102510653,474.18309946609315,475.22471191339207
mango_rmse,small,2002-12-31,2004Q2,7,DEFL,472.82728693830865,443.75677692001574,29.070510018292907,469.2843547424924,470.66591128858676,472.8751184468389,474.9630875195721,476.2635627427464
mango_rmse,small,2002-12-31,2004Q3,8,DEFL,473.24380678959375,444.39680362140643,28.847003168187314,468.98324880701944,470.7494704289678,473.26517015601627,475.7640712593665,477.3839827953446
mango_rmse,small,2002-12-31,2002Q4,1,FFR,1.8114831093853856,1.4433333333333334,0.36814977605205224,0.45524376478639317,0.9569924591095579,1.7975062118891945,2.6654758283830158,3.2452018622855556
mango_rmse,small,2002-12-31,2003Q1,2,FFR,1.95672662183428,1.25,0.70672662183428,-0.27136427031674004,0.6269522056006662,1.9392097695262522,3.334199441403357,4.222349236528467
mango_rmse,small,2002-12-31,2003Q2,3,FFR,2.206078330681722,1.2466666666666668,0.9594116640150554,-0.5226042059666741,0.5001250069243386,2.21042049878006,3.8750992327512392,5.017548328625652
mango_rmse,small,2002-12-31,2003Q3,4,FFR,2.4829623702601706,1.0166666666666666,1.466295703593504,-0.8561333652637931,0.46124080141057655,2.6101295656921852,4.444318097834406,5.700955577305175
mango_rmse,small,2002-12-31,2003Q4,5,FFR,2.7278069021101135,0.9966666666666667,1.7311402354434469,-0.9576274463092337,0.4165322143995121,2.7789505424037104,4.907012345058985,6.470859919231516
mango_rmse,small,2002-12-31,2004Q1,6,FFR,2.896953287252131,1.0033333333333332,1.8936199539187977,-1.1492611573813394,0.4243861529797025,2.898137080594679,5.325685638189219,6.918032725191995
mango_rmse,small,2002-12-31,2004Q2,7,FFR,3.0524888358025097,1.01,2.0424888358025095,-1.3895660886642363,0.38032575005609776,3.08045965555827,5.637442476185001,7.291669760247943
mango_rmse,small,2002-12-31,2004Q3,8,FFR,3.2203285263932355,1.4333333333333333,1.7869951930599022,-1.5138431124334846,0.29025432482120145,3.2901255434701735,6.07688795719927,7.8138178403542575
mango_rmse,small,2002-12-31,2002Q4,1,GDP,916.8981912553492,951.4099094767561,-34.51171822140691,915.5752784827341,916.0762360066306,916.8719867469471,917.7067379347959,918.352835531381
mango_rmse,small,2002-12-31,2003Q1,2,GDP,917.9498783243985,951.9253022305498,-33.97542390615138,915.7876119380281,916.6401428527116,917.9093249509342,919.2761539705438,920.1350838177419
mango_rmse,small,2002-12-31,2003Q2,3,GDP,918.9325612794472,952.8147130216528,-33.882151742205565,916.0190532771933,917.23452395322,918.9253636686766,920.6560169921435,921.7966878602282
mango_rmse,small,2002-12-31,2003Q3,4,GDP,919.9480403220145,954.4678690555788,-34.51982873356428,916.5152300718327,917.9326450422345,919.9559533782685,921.9461175827402,923.3498024886939
mango_rmse,small,2002-12-31,2003Q4,5,GDP,920.838209503674,955.6153064688727,-34.77709696519878,916.7637597024114,918.425030133772,920.8249560115728,923.2642224686249,925.0262635518728
mango_rmse,small,2002-12-31,2004Q1,6,GDP,921.7015756968385,956.1865880299732,-34.485012333134705,916.9023156618161,918.8577315554077,921.734712043837,924.4278711584254,926.324432050399
mango_rmse,small,2002-12-31,2004Q2,7,GDP,922.5214066111893,956.9623102681346,-34.44090365694535,917.1721817803211,919.3132047318177,922.6009377317698,925.5894356008088,927.7180638047281
mango_rmse,small,2002-12-31,2004Q3,8,GDP,923.3021492045759,957.8991553628297,-34.59700615825375,917.6694955689874,919.8609933014191,923.4224040859938,926.6257896866147,928.8968295777166
mango_rmse,small,2003-03-31,2003Q1,1,DEFL,471.5469588202763,440.72678772271144,30.820171097564867,471.08990187789095,471.262733218878,471.543734720139,471.8235456544699,472.00285483827196
mango_rmse,small,2003-03-31,2003Q2,2,DEFL,471.93411083671344,441.0711268533791,30.862983983334345,471.1238183138851,471.42578229940125,471.93047276511226,472.43283001381747,472.7829315508305
mango_rmse,small,2003-03-31,2003Q3,3,DEFL,472.3375969165607,441.6379751045544,30.699621812006285,471.0985838038651,471.5854268749784,472.3287088577713,473.0759127321414,473.6487436338849
mango_rmse,small,2003-03-31,2003Q4,4,DEFL,472.77891160747447,442.25205753903714,30.52685406843733,471.1010182078609,471.73974996274796,472.7777100540577,473.80325892811624,474.52796303287334
mango_rmse,small,2003-03-31,2004Q1,5,DEFL,473.2587735146233,442.95660169416607,30.302171820457204,471.0370420285531,471.9089333387925,473.2454729557394,474.59829073869315,475.55518807187474
mango_rmse,small,2003-03-31,2004Q2,6,DEFL,473.7785669989361,443.75677692001574,30.02179007892039,471.0128437299959,472.0316392981274,473.74940979784037,475.50575783475745,476.73001906926004
mango_rmse,small,2003-03-31,2004Q3,7,DEFL,474.32351816141545,444.39680362140643,29.926714540009016,470.86284447928296,472.19163231209683,474.2676633467264,476.45670736562164,477.9419936871746
mango_rmse,small,2003-03-31,2004Q4,8,DEFL,474.8963719774319,445.166929500233,29.729442477198916,470.93011864795807,472.399401512293,474.79866179745284,477.48563418985293,479.19142861004485
mango_rmse,small,2003-03-31,2003Q1,1,FFR,1.487505570196989,1.25,0.23750557019698904,0.10587669952461153,0.6261636954359483,1.4971568145929588,2.3295374380696874,2.896128000407118
mango_rmse,small,2003-03-31,2003Q2,2,FFR,1.8184243390648995,1.2466666666666668,0.5717576723982327,-0.40826320863468896,0.44195647229748497,1.8097133117422588,3.2306554557323666,4.080212812995826
mango_rmse,small,2003-03-31,2003Q3,3,FFR,2.0989233820510584,1.0166666666666666,1.0822567153843918,-0.7243981885161161,0.4254572433384049,2.0361058841502433,3.8142620058499017,4.86578028542541
mango_rmse,small,2003-03-31,2003Q4,4,FFR,2.328227495939679,0.9966666666666667,1.3315608292730126,-0.959572381058222,0.2985996223350423,2.2941541724195496,4.331540003326167,5.622218201360496
mango_rmse,small,2003-03-31,2004Q1,5,FFR,2.595227182609998,1.0033333333333332,1.591893849276665,-1.177513186566702,0.2578498073120719,2.5696996545798636,4.878878375757441,6.313712063843298
mango_rmse,small,2003-03-31,2004Q2,6,FFR,2.863229918759787,1.01,1.853229918759787,-1.407583643765093,0.2515333373724843,2.8724916097124837,5.2859357224367995,7.1120701275538485
mango_rmse,small,2003-03-31,2004Q3,7,FFR,3.0587402680048954,1.4333333333333333,1.625406934671562,-1.448262149419796,0.30799673823806234,3.0635330130027985,5.801622859070476,7.4903549643253005
mango_rmse,small,2003-03-31,2004Q4,8,FFR,3.2440678945303527,1.95,1.2940678945303528,-1.6199524469606028,0.2849428217029088,3.2274121215322955,6.182644506369055,7.957754082340589
mango_rmse,small,2003-03-31,2003Q1,1,GDP,917.0121126099137,951.9253022305498,-34.9131896206361,915.7173645187208,916.1932060626516,916.9853857890919,917.8433069850466,918.4303013976
mango_rmse,small,2003-03-31,2003Q2,2,GDP,918.0643572853413,952.8147130216528,-34.75035573631146,915.9159303135223,916.7104286560177,918.059506145674,919.4260622289901,920.3088146473622
mango_rmse,small,2003-03-31,2003Q3,3,GDP,918.9853127278906,954.4678690555788,-35.48255632768826,916.0155654081735,917.2523166405614,918.9432188330009,920.78053093793,921.7909513291889
mango_rmse,small,2003-03-31,2003Q4,4,GDP,919.8789717713557,955.6153064688727,-35.73633469751701,916.299023000009,917.787650434764,919.8664059872701,922.0242572034911,923.3372267793594
mango_rmse,small,2003-03-31,2004Q1,5,GDP,920.7288992088946,956.1865880299732,-35.45768882107859,916.4334405430337,918.2745427670685,920.7197027899865,923.2364472723337,924.9791159603484
mango_rmse,small,2003-03-31,2004Q2,6,GDP,921.5233136028655,956.9623102681346,-35.43899666526909,916.5998253066582,918.6758071674298,921.5513207728385,924.5362871214743,926.2439249496106
mango_rmse,small,2003-03-31,2004Q3,7,GDP,922.3013054709784,957.8991553628297,-35.5978498918513,916.7912742309078,919.1065234277212,922.3792894083997,925.553118397491,927.5759555355065
mango_rmse,small,2003-03-31,2004Q4,8,GDP,923.0226948702923,958.9159953464796,-35.89330047618728,916.9400963453281,919.5096712370206,923.1283123911783,926.5249749930266,928.6919499814529
mango_rmse,small,2003-06-30,2003Q2,1,DEFL,472.19476676555854,441.0711268533791,31.123639912179442,471.7393877588532,471.89820479549337,472.1945357567348,472.4735587841838,472.6698013483516
mango_rmse,small,2003-06-30,2003Q3,2,DEFL,472.6805177848985,441.6379751045544,31.04254268034407,471.8567881025155,472.1815730551933,472.68953558255146,473.18152432321705,473.5116365552842
mango_rmse,small,2003-06-30,2003Q4,3,DEFL,473.1574082678176,442.25205753903714,30.905350728780434,471.94513891798715,472.3876128353663,473.15818946106015,473.8892868016381,474.3571131349166
mango_rmse,small,2003-06-30,2004Q1,4,DEFL,473.65220443213985,442.95660169416607,30.695602737973786,471.9844461730153,472.5876875028059,473.6701693585321,474.6382840532316,475.3562826147212
mango_rmse,small,2003-06-30,2004Q2,5,DEFL,474.16461563499655,443.75677692001574,30.407838714980812,471.96138510307196,472.78025082429707,474.1987113797474,475.46265283868877,476.3422264892043
mango_rmse,small,2003-06-30,2004Q3,6,DEFL,474.69235753630164,444.39680362140643,30.29555391489521,471.9361239936822,472.97972187204994,474.72042513120505,476.33432708398504,477.4446807133205
mango_rmse,small,2003-06-30,2004Q4,7,DEFL,475.2167870527505,445.166929500233,30.049857552517494,471.8562757690883,473.10595678776946,475.2507496632818,477.2627455803623,478.6080782649876
mango_rmse,small,2003-06-30,2005Q1,8,DEFL,475.74502620265366,445.960091366716,29.78493483593769,471.7833802758827,473.30661355516895,475.7234686919562,478.1235277881926,479.7026285350969
mango_rmse,small,2003-06-30,2003Q2,1,FFR,1.552152974646794,1.2466666666666668,0.3054863079801271,0.1318506450745772,0.6848378761931968,1.5252155425386666,2.449113387518844,3.0540764885937284
mango_rmse,small,2003-06-30,2003Q3,2,FFR,1.8342216716270847,1.0166666666666666,0.8175550049604181,-0.36057698011218703,0.4496364139630047,1.7963566323110918,3.252751888300386,4.16138274611342
mango_rmse,small,2003-06-30,2003Q4,3,FFR,2.0180427629203463,0.9966666666666667,1.0213760962536798,-0.6792193961035454,0.3662256774785487,2.0111053417901577,3.688417318899684,4.792236757483476
mango_rmse,small,2003-06-30,2004Q1,4,FFR,2.194073303832548,1.0033333333333332,1.1907399704992148,-0.9347294792862884,0.2602886125313896,2.208715592827299,4.089785085659463,5.335877039507259
mango_rmse,small,2003-06-30,2004Q2,5,FFR,2.4092540501782147,1.01,1.3992540501782147,-1.0133411058564978,0.3065794027793039,2.3519803635264926,4.5110250779080765,5.820849209615386
mango_rmse,small,2003-06-30,2004Q3,6,FFR,2.558850099387843,1.4333333333333333,1.1255167660545096,-1.1586774381628464,0.25087291074647644,2.5547119936085902,4.816540115410113,6.373050686313906
mango_rmse,small,2003-06-30,2004Q4,7,FFR,2.6534364900218947,1.95,0.7034364900218948,-1.325293335341412,0.16320995706767494,2.677648643062898,5.002995049461164,6.662287660052031
mango_rmse,small,2003-06-30,2005Q1,8,FFR,2.7471536220005843,2.47,0.27715362200058413,-1.5086342388603606,0.11925237836834944,2.807091588794407,5.2668828159153005,7.082536532998632
mango_rmse,small,2003-06-30,2003Q2,1,GDP,917.1091702180328,952.8147130216528,-35.705542803620006,915.7762225833759,916.2872746896142,917.0742244487249,917.9668613946214,918.5766967060761
mango_rmse,small,2003-06-30,2003Q3,2,GDP,917.7614875195449,954.4678690555788,-36.70638153603397,915.5876879822284,916.4094687691459,917.7256202474323,919.1363146388898,920.0210313925655
mango_rmse,small,2003-06-30,2003Q4,3,GDP,918.2425208977129,955.6153064688727,-37.37278557115985,915.2570367461367,916.3936924519529,918.2354178338021,920.0610243749005,921.3744447255793
mango_rmse,small,2003-06-30,2004Q1,4,GDP,918.6806519889309,956.1865880299732,-37.50593604104233,914.6910958187156,916.3498227831604,918.6405216242845,921.0901321681873,922.6030121588655
mango_rmse,small,2003-06-30,2004Q2,5,GDP,919.0367269792289,956.9623102681346,-37.92558328890573,914.2194195308731,916.1549613643925,918.9891695428622,922.0697960166084,923.8646852145104
mango_rmse,small,2003-06-30,2004Q3,6,GDP,919.3535637193858,957.8991553628297,-38.54559164344391,913.5869463026116,916.0176889731952,919.3388654928058,922.836341273321,924.9708024109635
mango_rmse,small,2003-06-30,2004Q4,7,GDP,919.6364295918016,958.9159953464796,-39.27956575467795,912.8701356214262,915.6079935835735,919.6075705388084,923.5936009031801,926.1729026597583
mango_rmse,small,2003-06-30,2005Q1,8,GDP,919.8615105691001,960.0207528735932,-40.15924230449309,912.4032442742773,915.4307615137534,919.8558135761509,924.2730402795833,927.4702646752188
mango_rmse,small,2003-09-30,2003Q3,1,DEFL,472.37433124549017,441.6379751045544,30.736356140935754,471.91926132180055,472.09058166954475,472.3761813964588,472.6565374468858,472.82621995289105
mango_rmse,small,2003-09-30,2003Q4,2,DEFL,472.75290782954255,442.25205753903714,30.50085029050541,471.9379188492778,472.258144816938,472.75396232611456,473.24127985033687,473.554656611358
mango_rmse,small,2003-09-30,2004Q1,3,DEFL,473.18384695270004,442.95660169416607,30.22724525853397,471.9729322546574,472.4524423116529,473.18561393998345,473.8855968142057,474.367940776093
mango_rmse,small,2003-09-30,2004Q2,4,DEFL,473.5891463079082,443.75677692001574,29.83236938789247,471.9180792146725,472.6120609548456,473.5783384797104,474.5473790387856,475.19247465107856
mango_rmse,small,2003-09-30,2004Q3,5,DEFL,474.02545770760815,444.39680362140643,29.62865408620172,471.8477504861862,472.73528473526244,474.0506284297664,475.2740714800028,476.05464038342836
mango_rmse,small,2003-09-30,2004Q4,6,DEFL,474.4696881993159,445.166929500233,29.302758699082915,471.7586860234277,472.8995274013465,474.5143381691743,476.00959284196216,477.0309788461402
mango_rmse,small,2003-09-30,2005Q1,7,DEFL,474.9266850671674,445.960091366716,28.966593700451426,471.66957890970883,473.01822284474605,474.9725397397004,476.82941570033796,478.08963699134574
mango_rmse,small,2003-09-30,2005Q2,8,DEFL,475.39054407083876,446.6850203488912,28.705523721947543,471.5577810113136,473.1448832799664,475.4099350233225,477.6252196032659,479.1421261580476
mango_rmse,small,2003-09-30,2003Q3,1,FFR,1.4578751868984285,1.0166666666666666,0.44120852023176194,0.028156003054146155,0.5797992646052464,1.459551711190415,2.3024179071427784,2.8781152048056864
mango_rmse,small,2003-09-30,2003Q4,2,FFR,1.501823234216178,0.9966666666666667,0.5051565675495112,-0.7810465045876357,0.13480124651768438,1.5199604066599917,2.87935290334038,3.800074679351013
mango_rmse,small,2003-09-30,2004Q1,3,FFR,1.562023667385686,1.0033333333333332,0.5586903340523528,-1.1911096999758666,-0.11841447617151814,1.5526769725053087,3.256006130536481,4.397649682120138
mango_rmse,small,2003-09-30,2004Q2,4,FFR,1.7611762404961568,1.01,0.7511762404961568,-1.4495949401832984,-0.2194327448010643,1.8091713261829905,3.7177095970685445,5.002103706109835
mango_rmse,small,2003-09-30,2004Q3,5,FFR,1.9610947026713548,1.4333333333333333,0.5277613693380214,-1.5839030142509556,-0.17387463912301002,1.8971639705749799,4.102219475560502,5.605099036360662
mango_rmse,small,2003-09-30,2004Q4,6,FFR,2.0631159698494463,1.95,0.11311596984944638,-1.8611459168752593,-0.2902996438168635,2.0363062580823863,4.468004652122513,6.089877225324072
mango_rmse,small,2003-09-30,2005Q1,7,FFR,2.118556441309365,2.47,-0.35144355869063526,-2.1195336815691377,-0.3328503129847114,2.1927776766595732,4.581194937878311,6.412639232015887
mango_rmse,small,2003-09-30,2005Q2,8,FFR,2.2024568520470167,2.9433333333333334,-0.7408764812863167,-2.1505809824339175,-0.485805542805031,2.271367297904452,4.775021177696876,6.764263342427308
mango_rmse,small,2003-09-30,2003Q3,1,GDP,917.8715410089014,954.4678690555788,-36.5963280466774,916.5390422107057,917.0864704443742,917.8336472839633,918.7037814945174,919.2564978329748
mango_rmse,small,2003-09-30,2003Q4,2,GDP,918.3626419027438,955.6153064688727,-37.25266456612894,916.2285359800165,916.9995764539191,918.3098653590657,919.7548665897798,920.5682780897579
mango_rmse,small,2003-09-30,2004Q1,3,GDP,918.8663059485059,956.1865880299732,-37.320282081467326,915.9281758771879,916.9641111232976,918.8430985142505,920.7086354507616,921.890991210814
mango_rmse,small,2003-09-30,2004Q2,4,GDP,919.3735593114455,956.9623102681346,-37.58875095668907,915.633935291625,917.0948164708977,919.3695940431198,921.6838225216677,923.1506219267985
mango_rmse,small,2003-09-30,2004Q3,5,GDP,919.7787656984065,957.8991553628297,-38.120389664423215,915.197330743217,916.9449838662814,919.7733140814622,922.5390298336713,924.4160168256855
mango_rmse,small,2003-09-30,2004Q4,6,GDP,920.1080442585702,958.9159953464796,-38.80795108790937,914.5671265229853,916.829831310269,920.153665014447,923.3550296235879,925.5984954348475
mango_rmse,small,2003-09-30,2005Q1,7,GDP,920.4183563576878,960.0207528735932,-39.60239651590541,914.0009336553891,916.6929462807218,920.3608823048689,924.1993308139658,926.8212064675155
mango_rmse,small,2003-09-30,2005Q2,8,GDP,920.6830747194629,960.5061772591148,-39.82310253965193,913.5957468472359,916.4779080011095,920.6129148079413,924.9413898566338,927.8305988020448
mango_rmse,small,2003-12-31,2003Q4,1,DEFL,466.57841196856947,442.25205753903714,24.32635442953233,465.77952666870647,466.07799124544533,466.58252731223513,467.07407050177153,467.3733075457607
mango_rmse,small,2003-12-31,2004Q1,2,DEFL,466.9656710324922,442.95660169416607,24.009069338326128,465.7928020578278,466.25235105420995,466.9522330885202,467.67096461814907,468.1212462095024
mango_rmse,small,2003-12-31,2004Q2,3,DEFL,467.3551932433514,443.75677692001574,23.59841632333564,465.86437390330894,466.4141945669616,467.3728795779173,468.2394806076429,468.8549042056864
mango_rmse,small,2003-12-31,2004Q3,4,DEFL,467.767563887762,444.39680362140643,23.370760266355546,465.9686305083558,466.6552130647603,467.8056709218116,468.8632028150914,469.5293436582351
mango_rmse,small,2003-12-31,2004Q4,5,DEFL,468.2152682470613,445.166929500233,23.048338746828335,466.0957559992711,466.91644559658033,468.2565481662201,469.5196994152233,470.26089799673576
mango_rmse,small,2003-12-31,2005Q1,6,DEFL,468.67335664901645,445.960091366716,22.713265282300483,466.2127979748623,467.1578781121715,468.6877910927822,470.18921299452074,471.0241503867578
mango_rmse,small,2003-12-31,2005Q2,7,DEFL,469.14071307033095,446.6850203488912,22.455692721439732,466.2428401767096,467.4686041549138,469.16874846249436,470.8477442876463,471.96325136234475
mango_rmse,small,2003-12-31,2005Q3,8,DEFL,469.63855444418846,447.5903970265225,22.048157417665948,466.4097643046956,467.790797662872,469.67890016398405,471.5896663673461,472.7274543545202
mango_rmse,small,2003-12-31,2003Q4,1,FFR,1.1732526514329715,0.9966666666666667,0.17658598476630483,-0.4113155397076479,0.20053867014884919,1.1684157057048186,2.135703492275644,2.7975572102170996
mango_rmse,small,2003-12-31,2004Q1,2,FFR,1.286553414991395,1.0033333333333332,0.2832200816580619,-0.9740324328673468,-0.05692996085048283,1.2612540284158362,2.674102133851896,3.613796848428088
mango_rmse,small,2003-12-31,2004Q2,3,FFR,1.410032716863104,1.01,0.40003271686310393,-1.3156393747831043,-0.260794284937093,1.338505603540106,3.1097156767374607,4.305137162815429
mango_rmse,small,2003-12-31,2004Q3,4,FFR,1.550127638779363,1.4333333333333333,0.11679430544602964,-1.6593958766025576,-0.44420273373003344,1.572291960057052,3.4600558277769777,4.695579440345446
mango_rmse,small,2003-12-31,2004Q4,5,FFR,1.689775870527824,1.95,-0.2602241294721759,-1.752667136586637,-0.4224810765572535,1.6275229138299125,3.916336716976553,5.361222774438926
mango_rmse,small,2003-12-31,2005Q1,6,FFR,1.7867749870417282,2.47,-0.683225012958272,-2.231211401981592,-0.5795511191743961,1.7899436701319082,4.125648328787064,5.806996263251029
mango_rmse,small,2003-12-31,2005Q2,7,FFR,1.8694301853519557,2.9433333333333334,-1.0739031479813776,-2.5539986480636934,-0.7212574494293724,1.8682209084192842,4.476291455917692,6.276130197555925
mango_rmse,small,2003-12-31,2005Q3,8,FFR,1.9662349716476686,3.4599999999999995,-1.493765028352331,-2.729140935369668,-0.8761654546617647,2.0693653075089724,4.717888893821272,6.625968284136497
mango_rmse,small,2003-12-31,2003Q4,1,GDP,926.9224625515137,955.6153064688727,-28.692843917359028,925.482710647547,926.0027607118924,926.9146104498097,927.8325383271103,928.5403832167416
mango_rmse,small,2003-12-31,2004Q1,2,GDP,928.0126086628139,956.1865880299732,-28.17397936715929,925.7862924878342,926.6473443524786,928.0113177560263,929.3048448449231,930.206134053228
mango_rmse,small,2003-12-31,2004Q2,3,GDP,929.0776357462197,956.9623102681346,-27.884674521914917,926.4405466991965,927.4813339507082,929.1038135773213,930.6567186158785,931.7111127451315
mango_rmse,small,2003-12-31,2004Q3,4,GDP,930.1424447103117,957.8991553628297,-27.756710652517995,927.016084124689,928.2957634723107,930.1208394797951,931.9963104155506,933.1888341933119
mango_rmse,small,2003-12-31,2004Q4,5,GDP,931.1659900412157,958.9159953464796,-27.750005305263926,927.710128567131,929.0439788844534,931.1194556161915,933.3178589795386,934.6010233016616
mango_rmse,small,2003-12-31,2005Q1,6,GDP,932.2000463298824,960.0207528735932,-27.8207065437108,928.3024885874843,929.8022531578196,932.2540155261563,934.5742015092654,935.979828595488
mango_rmse,small,2003-12-31,2005Q2,7,GDP,933.2381590618436,960.5061772591148,-27.268018197271203,928.8567321213021,930.5440280356107,933.2933114902744,935.8716762264046,937.453346027106
mango_rmse,small,2003-12-31,2005Q3,8,GDP,934.2393132859048,961.2887292981801,-27.049416012275287,929.5903181425941,931.3701371841952,934.32445657388,937.0758281893204,938.7480992110436
mango_rmse,small,2004-03-31,2004Q1,1,DEFL,467.401614491184,442.95660169416607,24.44501279701791,466.3827924201977,466.77685778049926,467.40601133955136,468.01427244879363,468.394422772043
mango_rmse,small,2004-03-31,2004Q2,2,DEFL,468.2078931353242,443.75677692001574,24.451116215308446,466.8091097983531,467.3557594753063,468.19311557194703,469.0773818125541,469.6075511212678
mango_rmse,small,2004-03-31,2004Q3,3,DEFL,469.02783141383543,444.39680362140643,24.631027792428995,467.2592126962042,467.9811189051989,469.0125540921591,470.06908685628383,470.7755097258573
mango_rmse,small,2004-03-31,2004Q4,4,DEFL,469.8590852969679,445.166929500233,24.692155796734937,467.79712338293933,468.64008992547883,469.8451777726166,471.05767871822536,471.84021927254787
mango_rmse,small,2004-03-31,2005Q1,5,DEFL,470.6684139687329,445.960091366716,24.70832260201695,468.40876524811404,469.3096538780199,470.66993524760335,472.03108859844497,472.8516961834494
mango_rmse,small,2004-03-31,2005Q2,6,DEFL,471.4779806174422,446.6850203488912,24.792960268550985,469.01252766228436,470.00583167322804,471.4933986648981,472.95759536591186,473.8996111243461
mango_rmse,small,2004-03-31,2005Q3,7,DEFL,472.25759330050687,447.5903970265225,24.66719627398436,469.55054123516305,470.6156897610129,472.25351303267735,473.86954051576464,474.93736532909423
mango_rmse,small,2004-03-31,2005Q4,8,DEFL,473.0496310719665,448.39625430524006,24.65337676672641,470.1360413391356,471.31665744481046,473.0820004670215,474.7109612305264,475.87592445357774
mango_rmse,small,2004-03-31,2004Q1,1,FFR,0.9112907911441145,1.0033333333333332,-0.0920425421892187,-0.6452108567751449,-0.056155098439625,0.8819352766087318,1.9170172876790579,2.603236411636781
mango_rmse,small,2004-03-31,2004Q2,2,FFR,0.8321542783496991,1.01,-0.17784572165030088,-1.4763154894165358,-0.632085430356962,0.8362792244172106,2.275204721237332,3.208749213394206
mango_rmse,small,2004-03-31,2004Q3,3,FFR,0.7381480120042404,1.4333333333333333,-0.6951853213290929,-2.0719942533986737,-1.0174545317257793,0.7473244623481797,2.429512463312572,3.629627687394283
mango_rmse,small,2004-03-31,2004Q4,4,FFR,0.6644404420705865,1.95,-1.2855595579294135,-2.589526405092428,-1.3225824435999092,0.6643231187891419,2.674797708457431,3.8956698942958257
mango_rmse,small,2004-03-31,2005Q1,5,FFR,0.5875730540985626,2.47,-1.8824269459014376,-3.141444241855981,-1.6573929196362842,0.5302746978038384,2.8672441034560676,4.3877904182465635
mango_rmse,small,2004-03-31,2005Q2,6,FFR,0.48893749493997624,2.9433333333333334,-2.4543958383933573,-3.5627648674813917,-2.0185424275818,0.4487217787725817,3.0895587073102115,4.773599564585882
mango_rmse,small,2004-03-31,2005Q3,7,FFR,0.3874739439768212,3.4599999999999995,-3.0725260560231784,-4.252806295315116,-2.270808150502696,0.2936044104909423,3.16161970132132,4.986540471172377
mango_rmse,small,2004-03-31,2005Q4,8,FFR,0.25387041916357855,3.98,-3.7261295808364214,-4.625944111947756,-2.6324217833594186,0.2290486577979821,3.1862372762349715,5.127653260716718
mango_rmse,small,2004-03-31,2004Q1,1,GDP,927.6506133721763,956.1865880299732,-28.53597465779694,926.1811078275791,926.7494092286951,927.6405762331574,928.5549698893063,929.2242628000569
mango_rmse,small,2004-03-31,2004Q2,2,GDP,928.3921002220467,956.9623102681346,-28.570210046087936,926.2199858388839,927.0969069746587,928.3828787545872,929.727356826654,930.586950981551
mango_rmse,small,2004-03-31,2004Q3,3,GDP,929.1544973009553,957.8991553628297,-28.74465806187436,926.6569488416399,927.5848059447064,929.176730672154,930.7090853812429,931.7973651775247
mango_rmse,small,2004-03-31,2004Q4,4,GDP,929.9264242653702,958.9159953464796,-28.989571081109375,926.9315576050368,928.0686722912449,929.9246325305401,931.7474474699887,932.9471522744778
mango_rmse,small,2004-03-31,2005Q1,5,GDP,930.6766069688817,960.0207528735932,-29.344145904711468,927.4145520812159,928.5718050819709,930.6554714547682,932.7645475244088,934.0477226696075
mango_rmse,small,2004-03-31,2005Q2,6,GDP,931.4192950143242,960.5061772591148,-29.08688224479056,927.6555663043391,929.1337585625818,931.4507396132025,933.6756529668262,935.2051413593678
mango_rmse,small,2004-03-31,2005Q3,7,GDP,932.1533313180895,961.2887292981801,-29.135397980090602,928.0510588941604,929.5920948943927,932.212234074285,934.7137239200421,936.330868067078
mango_rmse,small,2004-03-31,2005Q4,8,GDP,932.9076900765434,961.8550509042607,-28.94736082771726,928.4833904422941,930.2072015796754,932.9238883758032,935.7587663947354,937.4451609410278
mango_rmse,small,2004-06-30,2004Q2,1,DEFL,467.9214954701523,443.75677692001574,24.16471855013657,466.9817574004804,467.3453586816107,467.9347347548784,468.50418099695986,468.8521565064626
mango_rmse,small,2004-06-30,2004Q3,2,DEFL,468.56876943773955,444.39680362140643,24.171965816333113,467.2781936994827,467.7544310122404,468.57775960679766,469.39688623344176,469.8682410231738
mango_rmse,small,2004-06-30,2004Q4,3,DEFL,469.220422036019,445.166929500233,24.053492535786006,467.5532439602375,468.21001401735367,469.2249997789777,470.2166423063768,470.8981865196819
mango_rmse,small,2004-06-30,2005Q1,4,DEFL,469.85898905969174,445.960091366716,23.898897692975765,467.857228797488,468.68577550120136,469.8765820704416,471.0513956534958,471.73540054695803
mango_rmse,small,2004-06-30,2005Q2,5,DEFL,470.5076335147252,446.6850203488912,23.822613165834014,468.2684385893899,469.1612608318726,470.51751735111463,471.8003305457997,472.72712486494424
mango_rmse,small,2004-06-30,2005Q3,6,DEFL,471.1679895482677,447.5903970265225,23.577592521745203,468.71100059110876,469.63420049370404,471.2217133303238,472.67259178877634,473.5821872419914
mango_rmse,small,2004-06-30,2005Q4,7,DEFL,471.8297332554233,448.39625430524006,23.433478950183257,469.0827107911007,470.15518420687386,471.8470079101594,473.518056617153,474.49879874746387
mango_rmse,small,2004-06-30,2006Q1,8,DEFL,472.49293492810455,449.0981931357204,23.39474179238414,469.48502841794493,470.72763147538734,472.5138925088213,474.2719072544954,475.38390022925455
mango_rmse,small,2004-06-30,2004Q2,1,FFR,1.0092387005147776,1.01,-0.0007612994852224109,-0.6254033645819312,0.04715893994220796,0.9917159987621745,1.994912238497175,2.7052717847973162
mango_rmse,small,2004-06-30,2004Q3,2,FFR,1.0022271752150942,1.4333333333333333,-0.43110615811823916,-1.266342493909961,-0.4321378531679527,1.0168391577757792,2.3521935815654356,3.315950693139289
mango_rmse,small,2004-06-30,2004Q4,3,FFR,0.9905813729525355,1.95,-0.9594186270474645,-1.7909122568174354,-0.6443568231042234,0.9926536669032725,2.6639408513589284,3.7884806453016964
mango_rmse,small,2004-06-30,2005Q1,4,FFR,0.9950682166893251,2.47,-1.4749317833106752,-2.123229949921184,-0.9303504215586585,0.9647663236505212,2.925049597208098,4.220923897877952
mango_rmse,small,2004-06-30,2005Q2,5,FFR,1.015771859260217,2.9433333333333334,-1.9275614740731164,-2.532384162656397,-1.174720060069147,0.8754869659816434,3.3021742890502828,4.793411925892354
mango_rmse,small,2004-06-30,2005Q3,6,FFR,0.9857173001966653,3.4599999999999995,-2.474282699803334,-3.1431430335078,-1.502554154769016,0.9284453716176515,3.5011946173538857,5.156180363424405
mango_rmse,small,2004-06-30,2005Q4,7,FFR,0.9509209308540517,3.98,-3.0290790691459484,-3.4884245541769814,-1.7483322801207215,1.0081237098635762,3.74083262086458,5.491492197784951
mango_rmse,small,2004-06-30,2006Q1,8,FFR,0.9164803150829027,4.456666666666667,-3.540186351583764,-3.8531844994076985,-2.030443918065371,0.9133167779746417,3.82249880263819,5.8067005603312065
mango_rmse,small,2004-06-30,2004Q2,1,GDP,928.725907666705,956.9623102681346,-28.23640260142963,927.2642943873936,927.8221903628004,928.6878731865152,929.6632646105764,930.3066641471177
mango_rmse,small,2004-06-30,2004Q3,2,GDP,929.6121140904987,957.8991553628297,-28.287041272330953,927.3619818455951,928.2652075394589,929.576089891792,931.008164461999,931.7870599526261
mango_rmse,small,2004-06-30,2004Q4,3,GDP,930.4992759396484,958.9159953464796,-28.416719406831135,927.8202505498946,928.9034312423371,930.5019310460345,932.0718919907745,933.1518265117727
mango_rmse,small,2004-06-30,2005Q1,4,GDP,931.3999702160402,960.0207528735932,-28.620782657553036,928.3041768672168,929.5829503105145,931.3805634982161,933.254578616474,934.4623574152688
mango_rmse,small,2004-06-30,2005Q2,5,GDP,932.2597767761538,960.5061772591148,-28.246400482961008,928.8268568653964,930.181790418734,932.1879342320792,934.2990530604275,935.6740886705951
mango_rmse,small,2004-06-30,2005Q3,6,GDP,933.1459715701436,961.2887292981801,-28.142757728036486,929.3818732814731,930.9010914171375,933.114438120058,935.381548722113,937.0711391234665
mango_rmse,small,2004-06-30,2005Q4,7,GDP,934.0381013892859,961.8550509042607,-27.816949514974795,930.0431120825684,931.5969573611452,933.9626220050843,936.5816168102212,938.3000760641264
mango_rmse,small,2004-06-30,2006Q1,8,GDP,934.9100060487992,963.1947034740143,-28.284697425215086,930.2670339554214,932.1529515084761,934.9215800567869,937.6641741111854,939.5877927111594
mango_rmse,small,2004-09-30,2004Q3,1,DEFL,468.7342789153332,444.39680362140643,24.337475293926786,467.98231956054354,468.2590048510128,468.729387262669,469.18712606017914,469.5275909524658
mango_rmse,small,2004-09-30,2004Q4,2,DEFL,469.18613297094987,445.166929500233,24.01920347071689,468.0849905305098,468.5114238846168,469.1778041197231,469.84856035407716,470.2994907074413
mango_rmse,small,2004-09-30,2005Q1,3,DEFL,469.64039926631375,445.960091366716,23.68030789959778,468.1481401076977,468.74908152237293,469.6465959216722,470.4622758652761,471.07922671233956
mango_rmse,small,2004-09-30,2005Q2,4,DEFL,470.1147670093661,446.6850203488912,23.429746660474905,468.2960387167018,469.0553283128558,470.11812733896153,471.15395506696444,471.8993241212483
mango_rmse,small,2004-09-30,2005Q3,5,DEFL,470.6236226726661,447.5903970265225,23.033225646143592,468.5495685779684,469.35135837897326,470.65174924553435,471.8621835677557,472.73707063629837
mango_rmse,small,2004-09-30,2005Q4,6,DEFL,471.14933811877984,448.39625430524006,22.753083813539774,468.711208364008,469.6881511391239,471.19350654942815,472.58517109611216,473.50635616656257
mango_rmse,small,2004-09-30,2006Q1,7,DEFL,471.69230425739727,449.0981931357204,22.59411112167686,468.88295626122317,469.9878086695062,471.72951152878386,473.36036084420095,474.38204895943716
mango_rmse,small,2004-09-30,2006Q2,8,DEFL,472.26978591957595,449.9809670330265,22.28881888654945,469.05196807807135,470.405831152707,472.2680986179405,474.21237679456914,475.30797575155714
mango_rmse,small,2004-09-30,2004Q3,1,FFR,1.1940940283104984,1.4333333333333333,-0.23923930502283497,-0.3802693195472262,0.22493809277433996,1.201714493829626,2.1754600068643657,2.8480775775410767
mango_rmse,small,2004-09-30,2004Q4,2,FFR,1.3315035160490938,1.95,-0.6184964839509062,-0.9652578908999491,-0.05377004804596796,1.3042815708965056,2.707474985939797,3.6705008371054215
mango_rmse,small,2004-09-30,2005Q1,3,FFR,1.4771503337185177,2.47,-0.9928496662814825,-1.2843033595086635,-0.19082432850689024,1.4490582273781205,3.122876238502525,4.361834031585718
mango_rmse,small,2004-09-30,2005Q2,4,FFR,1.6346492806508737,2.9433333333333334,-1.3086840526824597,-1.5679420002980127,-0.28171385612805516,1.6320417684060942,3.5490680891443347,4.818345874739203
mango_rmse,small,2004-09-30,2005Q3,5,FFR,1.8019818346760679,3.4599999999999995,-1.6580181653239316,-1.8347992891978184,-0.36390854130842765,1.792347925764585,3.9505132094175575,5.396776357475472
mango_rmse,small,2004-09-30,2005Q4,6,FFR,1.9243379695702447,3.98,-2.0556620304297555,-2.0756224217486134,-0.44270554759114233,1.925564179200229,4.292071920769158,5.903259446794734
mango_rmse,small,2004-09-30,2006Q1,7,FFR,2.03028701391017,4.456666666666667,-2.426379652756497,-2.311462475108948,-0.5060248534226442,2.0448945125897726,4.623345431805092,6.286969610204052
mango_rmse,small,2004-09-30,2006Q2,8,FFR,2.160834527785636,4.906666666666667,-2.745832138881031,-2.5788031536558096,-0.6470664058635174,2.197728588896002,4.855866083554597,6.833818174073186
mango_rmse,small,2004-09-30,2004Q3,1,GDP,929.6432917273789,957.8991553628297,-28.255863635450737,928.2335757235461,928.7562542199616,929.6390877972729,930.5407447358659,931.2083164168907
mango_rmse,small,2004-09-30,2004Q4,2,GDP,930.7137403301033,958.9159953464796,-28.202255016376284,928.6051274723825,929.4023885015691,930.7254440275676,932.0570364331857,932.8250659401313
mango_rmse,small,2004-09-30,2005Q1,3,GDP,931.7650627171761,960.0207528735932,-28.25569015641713,929.134894861434,930.209433290387,931.7584455871228,933.3224527001097,934.3163647667467
mango_rmse,small,2004-09-30,2005Q2,4,GDP,932.8192293931866,960.5061772591148,-27.686947865928232,929.7805561135299,930.9636183090344,932.8063745274,934.6834151532138,935.8322068517571
mango_rmse,small,2004-09-30,2005Q3,5,GDP,933.8265126645499,961.2887292981801,-27.46221663363019,930.2646455771757,931.8005948932175,933.8064467576493,935.9400212353074,937.2652598911961
mango_rmse,small,2004-09-30,2005Q4,6,GDP,934.8429834351398,961.8550509042607,-27.012067469120893,930.974928274911,932.5025263829854,934.8993754671462,937.127290633994,938.6074345843386
mango_rmse,small,2004-09-30,2006Q1,7,GDP,935.8641615987328,963.1947034740143,-27.330541875281483,931.4886180499581,933.1889738932083,935.9051698890585,938.4239457339013,940.1656730263504
mango_rmse,small,2004-09-30,2006Q2,8,GDP,936.827465187895,963.4399861405379,-26.612520952642967,932.3404160308525,933.9508877429024,936.8608398826125,939.5737281272668,941.3992930795438
mango_rmse,small,2004-12-31,2004Q4,1,DEFL,469.4206689203962,445.166929500233,24.253739420163242,468.44409485862604,468.8108056179848,469.4233604632443,469.99842257162436,470.3747797132328
mango_rmse,small,2004-12-31,2005Q1,2,DEFL,470.210817068938,445.960091366716,24.25072570222204,468.89203063663905,469.3933517449044,470.19366865856375,471.0578316777834,471.56329588326344
mango_rmse,small,2004-12-31,2005Q2,3,DEFL,470.9721180332229,446.6850203488912,24.287097684331684,469.2534115762284,469.95091291187333,470.9697882207752,471.9703143706637,472.73871321102064
mango_rmse,small,2004-12-31,2005Q3,4,DEFL,471.76246895343974,447.5903970265225,24.172071926917226,469.8433540095249,470.5849574659268,471.732145889101,472.98294378669766,473.775851117914
mango_rmse,small,2004-12-31,2005Q4,5,DEFL,472.536791305221,448.39625430524006,24.140536999980952,470.42661806504907,471.2101431486858,472.527649059128,473.85148465006307,474.7625464468228
mango_rmse,small,2004-12-31,2006Q1,6,DEFL,473.30645742408194,449.0981931357204,24.208264288361534,470.8402220253098,471.84659136350535,473.32194450803115,474.79372902931425,475.70638074662025
mango_rmse,small,2004-12-31,2006Q2,7,DEFL,474.08047828120095,449.9809670330265,24.09951124817445,471.3808410756424,472.49802476915744,474.12659993646105,475.7159001452993,476.6873155661067
mango_rmse,small,2004-12-31,2006Q3,8,DEFL,474.8673020627434,450.6763216075208,24.190980455222643,472.0311040054933,473.13967833663094,474.89874328867074,476.59879256248087,477.6368262931823
mango_rmse,small,2004-12-31,2004Q4,1,FFR,1.4487883344016692,1.95,-0.5012116655983307,-0.1111035248987661,0.47376602904432624,1.4158433277111655,2.44831468160394,3.1233140177400642
mango_rmse,small,2004-12-31,2005Q1,2,FFR,1.4578354920220542,2.47,-1.012164507977946,-0.8678660635004964,0.08268462918670363,1.4392439789248836,2.8686510566242043,3.8007972769524287
mango_rmse,small,2004-12-31,2005Q2,3,FFR,1.4419176002707863,2.9433333333333334,-1.501415733062547,-1.4291340273974278,-0.22404650425178632,1.4307572779426976,3.0926120553661707,4.229867720264041
mango_rmse,small,2004-12-31,2005Q3,4,FFR,1.4507506690586136,3.4599999999999995,-2.009249330941386,-1.752653416674097,-0.4345182890322616,1.4143663076582467,3.4639972590236145,4.572061607121052
mango_rmse,small,2004-12-31,2005Q4,5,FFR,1.4453521774799045,3.98,-2.5346478225200952,-2.0697050288785066,-0.6985972366481921,1.4000447326162528,3.6918490852402845,5.045840571503068
mango_rmse,small,2004-12-31,2006Q1,6,FFR,1.4164173534686517,4.456666666666667,-3.0402493131980153,-2.548015896077275,-0.946638522468367,1.3984706256839396,3.839010507665744,5.427780666391519
mango_rmse,small,2004-12-31,2006Q2,7,FFR,1.3862379929105082,4.906666666666667,-3.520428673756159,-3.0084196850115066,-1.2354455903786823,1.3766985283745377,4.113937531959739,5.920749262002578
mango_rmse,small,2004-12-31,2006Q3,8,FFR,1.3684939892981478,5.246666666666667,-3.8781726773685192,-3.4509930103177404,-1.4756924905907474,1.3297385049825796,4.2110874758897054,6.316802871832169
mango_rmse,small,2004-12-31,2004Q4,1,GDP,930.4087334577571,958.9159953464796,-28.507261888722496,928.8728330699487,929.5151927404897,930.4024751779077,931.306109923879,931.9573922935965
mango_rmse,small,2004-12-31,2005Q1,2,GDP,931.2107444974545,960.0207528735932,-28.81000837613874,929.0941533091834,929.844143471385,931.2118145272353,932.5648259132247,933.4169504145215
mango_rmse,small,2004-12-31,2005Q2,3,GDP,932.0472802486221,960.5061772591148,-28.458897010492706,929.4545376901071,930.3996744943959,932.0545412984261,933.6547036755577,934.7792006886986
mango_rmse,small,2004-12-31,2005Q3,4,GDP,932.8887843986689,961.2887292981801,-28.399944899511183,929.9044277881366,931.0132752082245,932.8691383637265,934.746669190954,936.0678654572168
mango_rmse,small,2004-12-31,2005Q4,5,GDP,933.7221957946452,961.8550509042607,-28.132855109615434,930.3476425079517,931.6171398312549,933.6942898931497,935.7876599465936,937.3389427667964
mango_rmse,small,2004-12-31,2006Q1,6,GDP,934.5553816174512,963.1947034740143,-28.63932185656313,930.7760387358564,932.2701432311061,934.5159731472247,936.8220525328285,938.5328611497293
mango_rmse,small,2004-12-31,2006Q2,7,GDP,935.3747634582845,963.4399861405379,-28.06522268225342,931.3883542479629,932.7305876785802,935.381567029548,937.9619770552326,939.6975290298988
mango_rmse,small,2004-12-31,2006Q3,8,GDP,936.175595599148,963.5903292567261,-27.414733657578154,931.6939970166625,933.3337626812566,936.1564656572601,938.9538074248526,940.8342860675971
mango_rmse,small,2005-03-31,2005Q1,1,DEFL,469.76394778166855,445.960091366716,23.803856414952577,468.8538091887521,469.2078586950168,469.7794078655328,470.30720895398764,470.6733167845752
mango_rmse,small,2005-03-31,2005Q2,2,DEFL,470.32529057895687,446.6850203488912,23.640270230065653,469.0811069835589,469.568947082342,470.33094048801337,471.10134058504065,471.5806409113187
mango_rmse,small,2005-03-31,2005Q3,3,DEFL,470.8680531602782,447.5903970265225,23.27765613375567,469.2404360417379,469.9199805357271,470.87446274886196,471.79407720029536,472.48419032523947
mango_rmse,small,2005-03-31,2005Q4,4,DEFL,471.40646986447695,448.39625430524006,23.010215559236883,469.4809232189473,470.2320957788208,471.4324276760998,472.52421101063834,473.2751693456689
mango_rmse,small,2005-03-31,2006Q1,5,DEFL,471.9676491064003,449.0981931357204,22.869455970679894,469.7713569074833,470.6277888493044,472.01468781276685,473.2326829853858,474.0775821973785
mango_rmse,small,2005-03-31,2006Q2,6,DEFL,472.5174828974207,449.9809670330265,22.536515864394175,470.08257566188536,471.0396853866072,472.56678381278596,473.95347074327753,474.8352331060066
mango_rmse,small,2005-03-31,2006Q3,7,DEFL,473.08235658997273,450.6763216075208,22.406034982451956,470.4289243415751,471.4415802266333,473.1217810053293,474.6979120021372,475.67836514388756
mango_rmse,small,2005-03-31,2006Q4,8,DEFL,473.6387427897851,451.0496803385384,22.58906245124672,470.7004962615563,471.8951121825596,473.6679753735561,475.3703311311901,476.42686860950965
mango_rmse,small,2005-03-31,2005Q1,1,FFR,1.991883393271538,2.47,-0.4781166067284621,0.4561931849891967,1.0234295382835614,1.9819705911358771,2.931929430724461,3.6522807674116424
mango_rmse,small,2005-03-31,2005Q2,2,FFR,1.998568001661244,2.9433333333333334,-0.9447653316720894,-0.2464951789614873,0.6410434271634592,1.98429405939419,3.3749750530217253,4.317870105424536
mango_rmse,small,2005-03-31,2005Q3,3,FFR,1.9850122547473803,3.4599999999999995,-1.4749877452526192,-0.6750362903880325,0.36319812721850253,1.9481260063999533,3.6175988724874397,4.875289537542735
mango_rmse,small,2005-03-31,2005Q4,4,FFR,1.995461624468909,3.98,-1.984538375531091,-1.0509787318934556,0.12451190129095858,1.9954251155089473,3.7971077135354205,5.138723244342
mango_rmse,small,2005-03-31,2006Q1,5,FFR,2.0077752623489906,4.456666666666667,-2.4488914043176764,-1.3928850904875043,-0.12265437777266298,1.9490002271824967,4.057594968972256,5.550191487085574
mango_rmse,small,2005-03-31,2006Q2,6,FFR,2.00056994354909,4.906666666666667,-2.906096723117577,-1.8066426513876537,-0.3536761819640642,1.998896323044423,4.310609210137309,5.994910577482344
mango_rmse,small,2005-03-31,2006Q3,7,FFR,1.9672527947284737,5.246666666666667,-3.2794138719381936,-2.147326295723671,-0.5633217288935799,1.904187312221781,4.5343609263519555,6.236949164987896
mango_rmse,small,2005-03-31,2006Q4,8,FFR,1.9550867474485685,5.246666666666667,-3.2915799192180986,-2.559584207709493,-0.7986908066492772,1.908418957635026,4.67925564428837,6.518384427025385
mango_rmse,small,2005-03-31,2005Q1,1,GDP,931.432328110179,960.0207528735932,-28.588424763414196,929.9693744361298,930.5271944515226,931.4184604623605,932.3458291873134,933.0298355798279
mango_rmse,small,2005-03-31,2005Q2,2,GDP,932.350442689467,960.5061772591148,-28.155734569647848,930.1869706555441,931.0335179442549,932.3472355016113,933.6907281677047,934.5456252419452
mango_rmse,small,2005-03-31,2005Q3,3,GDP,933.2768475087507,961.2887292981801,-28.011881789429367,930.6920004740213,931.6979334213323,933.2584979322937,934.8779251331129,935.8625235495147
mango_rmse,small,2005-03-31,2005Q4,4,GDP,934.2066882839806,961.8550509042607,-27.648362620280068,931.2397571621754,932.4374158932899,934.1491838509342,936.0149067598591,937.1906353386324
mango_rmse,small,2005-03-31,2006Q1,5,GDP,935.118708865813,963.1947034740143,-28.075994608201313,931.7144400204988,933.1375443152358,935.0434809715398,937.162641236568,938.6499948163279
mango_rmse,small,2005-03-31,2006Q2,6,GDP,936.0274478527713,963.4399861405379,-27.412538287766665,932.3916819633814,933.8655398532052,935.994482568099,938.2371418074201,939.9446145440279
mango_rmse,small,2005-03-31,2006Q3,7,GDP,936.95570673185,963.5903292567261,-26.634622524876136,932.9445446251221,934.5251070155622,936.8814591494852,939.5075120940796,941.2236175994658
mango_rmse,small,2005-03-31,2006Q4,8,GDP,937.8451210475343,964.4305015999738,-26.58538055243946,933.5510460826744,935.2111839088661,937.8278461000202,940.561193566649,942.3523505104963
mango_rmse,small,2005-06-30,2005Q2,1,DEFL,470.42887205452257,446.6850203488912,23.743851705631357,469.65728000699835,469.9343465394511,470.4361543295771,470.9084181622459,471.223201850608
mango_rmse,small,2005-06-30,2005Q3,2,DEFL,470.93882406613386,447.5903970265225,23.34842703961135,469.78649833888807,470.2460857978638,470.943952966881,471.63646813847294,472.0527378122078
mango_rmse,small,2005-06-30,2005Q4,3,DEFL,471.4628937596597,448.39625430524006,23.066639454419658,469.9885768501279,470.58227352076466,471.4768745885997,472.3363987819914,472.9564016010987
mango_rmse,small,2005-06-30,2006Q1,4,DEFL,472.00334806356835,449.0981931357204,22.905154927847946,470.24746936455165,470.94007645822535,472.01204557002495,473.0439080801575,473.7208631706316
mango_rmse,small,2005-06-30,2006Q2,5,DEFL,472.5587595828106,449.9809670330265,22.57779254978408,470.53280258816034,471.3042823711306,472.5547228405969,473.780381620622,474.6175150367475
mango_rmse,small,2005-06-30,2006Q3,6,DEFL,473.1219434724376,450.6763216075208,22.445621864916802,470.72225269019333,471.7311390885851,473.1218658494128,474.5123228953611,475.46785519300204
mango_rmse,small,2005-06-30,2006Q4,7,DEFL,473.68531766925076,451.0496803385384,22.63563733071237,470.9499962402264,472.05251765543665,473.6869603078911,475.27993429412544,476.3549526279151
mango_rmse,small,2005-06-30,2007Q1,8,DEFL,474.27433245779685,452.0037044010234,22.270628056773432,471.2288193997154,472.4612345188435,474.2753861664546,476.11276375810513,477.313483536388
mango_rmse,small,2005-06-30,2005Q2,1,FFR,2.607897845370525,2.9433333333333334,-0.3354354879628083,1.0532770031337169,1.654013035971862,2.5955220536485095,3.5649075380310618,4.248793531295152
mango_rmse,small,2005-06-30,2005Q3,2,FFR,2.6829752484404765,3.4599999999999995,-0.777024751559523,0.40890453216016676,1.3018384946308306,2.7075307017274506,4.070254137619106,5.004680662892357
mango_rmse,small,2005-06-30,2005Q4,3,FFR,2.7665133509086206,3.98,-1.2134866490913794,0.08037354005378701,1.1328623370318225,2.7414543332861445,4.443697713950064,5.521776710224506
mango_rmse,small,2005-06-30,2006Q1,4,FFR,2.8661267635588263,4.456666666666667,-1.5905399031078407,-0.29433457534285384,0.9449843515778498,2.8527784700339947,4.743734568961794,5.928799578997318
mango_rmse,small,2005-06-30,2006Q2,5,FFR,2.97219980454141,4.906666666666667,-1.934466862125257,-0.4606975294827223,0.8344274376184473,2.972481692274825,5.122696238602323,6.426071402620624
mango_rmse,small,2005-06-30,2006Q3,6,FFR,3.040169904861983,5.246666666666667,-2.2064967618046842,-0.9005696373627099,0.6323854134863828,3.0562832319916846,5.38022201457202,6.889414242192994
mango_rmse,small,2005-06-30,2006Q4,7,FFR,3.084861036270499,5.246666666666667,-2.161805630396168,-1.2259660848440472,0.553883908132154,3.1332496949880086,5.56605267627216,7.187223085594022
mango_rmse,small,2005-06-30,2007Q1,8,FFR,3.155523967063681,5.256666666666667,-2.1011426996029856,-1.382219568458936,0.4006468811862793,3.177094866585106,5.855121228640449,7.577110277880442
mango_rmse,small,2005-06-30,2005Q2,1,GDP,932.4051801168348,960.5061772591148,-28.100997142279994,930.9439825971999,931.5219929205429,932.388205745234,933.2918810356756,933.9302754854145
mango_rmse,small,2005-06-30,2005Q3,2,GDP,933.3923362325144,961.2887292981801,-27.896393065665734,931.2486316585602,932.1277965214302,933.4191717612571,934.727714952067,935.5163938195564
mango_rmse,small,2005-06-30,2005Q4,3,GDP,934.3546897572525,961.8550509042607,-27.50036114700822,931.8218213740711,932.8090226530072,934.3489162707251,935.8703261522096,936.8518600635796
mango_rmse,small,2005-06-30,2006Q1,4,GDP,935.3182502612107,963.1947034740143,-27.876453212803654,932.3540162441312,933.527722061032,935.286629769897,937.1059432521085,938.254850405505
mango_rmse,small,2005-06-30,2006Q2,5,GDP,936.2478757979011,963.4399861405379,-27.192110342636852,932.8362087790061,934.1678321981555,936.2367912146453,938.2820802104559,939.6610236657273
mango_rmse,small,2005-06-30,2006Q3,6,GDP,937.1855981085984,963.5903292567261,-26.40473114812778,933.4911498245832,934.893798367023,937.2066240211594,939.5119802610892,940.7363621281313
mango_rmse,small,2005-06-30,2006Q4,7,GDP,938.1312764199217,964.4305015999738,-26.299225180052076,933.8873291016687,935.6352803873375,938.1608413549898,940.6946923707449,942.2993681707208
mango_rmse,small,2005-06-30,2007Q1,8,GDP,939.0271124518754,964.7236703008948,-25.696557849019428,934.6175018360804,936.2661615559009,939.0363560847561,941.7085107769392,943.4860987865676
mango_rmse,small,2005-09-30,2005Q3,1,DEFL,472.12630643761514,447.5903970265225,24.535909411092632,471.38618949725645,471.67640274596687,472.12076124807584,472.5856952398111,472.8884091216812
mango_rmse,small,2005-09-30,2005Q4,2,DEFL,472.7768619469438,448.39625430524006,24.38060764170376,471.6961884950229,472.12362946236874,472.766005935684,473.43561354075877,473.8687363479962
mango_rmse,small,2005-09-30,2006Q1,3,DEFL,473.4329708744617,449.0981931357204,24.33477773874131,471.98125614643294,472.5709309085183,473.4727483181125,474.25762906503536,474.81596519217936
mango_rmse,small,2005-09-30,2006Q2,4,DEFL,474.12436037717913,449.9809670330265,24.143393344152628,472.37677100606453,473.05863473084264,474.1361825073599,475.17366088495754,475.8365134210677
mango_rmse,small,2005-09-30,2006Q3,5,DEFL,474.83702396264874,450.6763216075208,24.160702355127967,472.8022514132855,473.55311353130145,474.8737270864252,476.0203173896698,476.81970954185084
mango_rmse,small,2005-09-30,2006Q4,6,DEFL,475.5602870821327,451.0496803385384,24.51060674359428,473.106974613387,474.1249169611025,475.586690758582,476.97511692738175,477.8689470749604
mango_rmse,small,2005-09-30,2007Q1,7,DEFL,476.30053941744154,452.0037044010234,24.29683501641813,473.49308639396304,474.643030583618,476.297472559669,477.94060156227556,479.0753436045781
mango_rmse,small,2005-09-30,2007Q2,8,DEFL,477.06736416864715,452.67004072796027,24.397323440686876,473.8361931761661,475.23262165235855,477.08184105045416,478.9138870245516,480.19047355699956
mango_rmse,small,2005-09-30,2005Q3,1,FFR,3.130843949860048,3.4599999999999995,-0.32915605013995153,1.5196023475846976,2.169745003806349,3.1280701809042317,4.08526679010103,4.746652091889616
mango_rmse,small,2005-09-30,2005Q4,2,FFR,3.260591452857394,3.98,-0.7194085471426059,1.0782640683473406,1.9060512950599133,3.2334260912220936,4.626690599485321,5.603374127048828
mango_rmse,small,2005-09-30,2006Q1,3,FFR,3.389553439924671,4.456666666666667,-1.0671132267419958,0.6933570949598175,1.8068819076957061,3.3342474969326075,4.989414421219964,6.259308513616209
mango_rmse,small,2005-09-30,2006Q2,4,FFR,3.5360178163340823,4.906666666666667,-1.3706488503325849,0.44585176212204414,1.6514299694078889,3.5520427563072228,5.399589686368331,6.739671114594376
mango_rmse,small,2005-09-30,2006Q3,5,FFR,3.6800974927586547,5.246666666666667,-1.5665691739080123,0.2874113917496351,1.5809290001951228,3.629135780915847,5.77766300626996,7.330816616677322
mango_rmse,small,2005-09-30,2006Q4,6,FFR,3.789761948682081,5.246666666666667,-1.4569047179845862,-0.15730343594025542,1.4867592788441697,3.760253840371223,6.039835608162037,7.657882191992217
mango_rmse,small,2005-09-30,2007Q1,7,FFR,3.879097637121226,5.256666666666667,-1.377569029545441,-0.27282319150678225,1.2771663261536788,3.847720373333023,6.357092866750206,8.136276483100945
mango_rmse,small,2005-09-30,2007Q2,8,FFR,3.9857520682983907,5.25,-1.2642479317016093,-0.5076289318472752,1.3384132395291208,4.044582963441039,6.649322818915086,8.448627462455725
mango_rmse,small,2005-09-30,2005Q3,1,GDP,932.2896044053485,961.2887292981801,-28.99912489283156,930.8622398383986,931.4348019499571,932.2541639426883,933.1757507979175,933.8295721448463
mango_rmse,small,2005-09-30,2005Q4,2,GDP,933.2109459863808,961.8550509042607,-28.644104917879872,931.0635721970008,931.9560793117375,933.1946290869372,934.4965973115901,935.3050013015521
mango_rmse,small,2005-09-30,2006Q1,3,GDP,934.1203175562595,963.1947034740143,-29.074385917754853,931.609599471354,932.5800144035439,934.0956091823325,935.6375909498964,936.6851886845016
mango_rmse,small,2005-09-30,2006Q2,4,GDP,935.0199314207003,963.4399861405379,-28.420054719837594,932.058829406248,933.237876566981,934.9864146671143,936.8029829444351,937.9365444475644
mango_rmse,small,2005-09-30,2006Q3,5,GDP,935.8892723982271,963.5903292567261,-27.701056858498987,932.583553179349,933.8149042773067,935.8800895552919,937.9138303227189,939.3238375463535
mango_rmse,small,2005-09-30,2006Q4,6,GDP,936.7552543814178,964.4305015999738,-27.675247218556024,932.9478377169283,934.4841130857842,936.7580522399752,938.9527263277446,940.588415030293
mango_rmse,small,2005-09-30,2007Q1,7,GDP,937.6286629427667,964.7236703008948,-27.0950073581281,933.4963296452652,935.0890231815436,937.6431599419058,940.0468685615972,941.856866565411
mango_rmse,small,2005-09-30,2007Q2,8,GDP,938.4547010434272,965.3600754705748,-26.905374427147535,934.2208103958792,935.7935428055769,938.459107304592,941.1395920098005,943.0060069853963
mango_rmse,small,2005-12-31,2005Q4,1,DEFL,473.0905759974947,448.39625430524006,24.69432169225462,472.5577839732094,472.7422352277025,473.09786160652897,473.42137359959963,473.6364123389613
mango_rmse,small,2005-12-31,2006Q1,2,DEFL,473.88735391798105,449.0981931357204,24.789160782260637,473.01874554128074,473.34131309639605,473.89139720984133,474.42944365846176,474.79595270259654
mango_rmse,small,2005-12-31,2006Q2,3,DEFL,474.7000652343721,449.9809670330265,24.719098201345616,473.4259028363044,473.92994925593814,474.7080592436612,475.4449075366152,476.0052533632034
mango_rmse,small,2005-12-31,2006Q3,4,DEFL,475.53698063629474,450.6763216075208,24.860659028773966,473.8619957860896,474.5375911159211,475.5310161443428,476.52298880843637,477.2810561475594
mango_rmse,small,2005-12-31,2006Q4,5,DEFL,476.39880952960914,451.0496803385384,25.349129191070745,474.2819592244934,475.14956338922644,476.41856483397953,477.64595162218444,478.5809557921133
mango_rmse,small,2005-12-31,2007Q1,6,DEFL,477.27287829164794,452.0037044010234,25.26917389062453,474.72600470665117,475.7354637821783,477.25567414481344,478.80169081831644,479.91496932566724
mango_rmse,small,2005-12-31,2007Q2,7,DEFL,478.1623569650106,452.67004072796027,25.492316237050318,475.0600857706987,476.31904489213287,478.1618173042686,480.0401969237549,481.3148507885228
mango_rmse,small,2005-12-31,2007Q3,8,DEFL,479.0745462706947,453.18788034112526,25.88666592956946,475.51794955360043,476.9261849583935,479.1062631180769,481.22234120988753,482.7192842623161
mango_rmse,small,2005-12-31,2005Q4,1,FFR,3.7413560304563678,3.98,-0.2386439695436322,2.225355642166728,2.840515167049477,3.7511737920280104,4.658166601407997,5.272048413156789
mango_rmse,small,2005-12-31,2006Q1,2,FFR,3.9296639053321094,4.456666666666667,-0.5270027613345576,1.718982905610032,2.5472469901846164,3.917614186092956,5.339444370794349,6.230535575258207
mango_rmse,small,2005-12-31,2006Q2,3,FFR,4.098035077187708,4.906666666666667,-0.8086315894789591,1.3839642126532914,2.383543653528371,4.090591602366852,5.74810326840856,6.933254561730699
mango_rmse,small,2005-12-31,2006Q3,4,FFR,4.262233435072987,5.246666666666667,-0.9844332315936803,1.0596540928121514,2.314636867597236,4.296022382686559,6.1806947248157345,7.438463363667101
mango_rmse,small,2005-12-31,2006Q4,5,FFR,4.42863683450551,5.246666666666667,-0.818029832161157,0.9147072715351889,2.2501565006629476,4.348784187821238,6.5929277079159645,8.106413522794943
mango_rmse,small,2005-12-31,2007Q1,6,FFR,4.542910955021427,5.256666666666667,-0.7137557116452395,0.6096244914080904,2.1448959783815384,4.52057879081651,6.931109618986076,8.368296909913802
mango_rmse,small,2005-12-31,2007Q2,7,FFR,4.640522451119421,5.25,-0.6094775488805793,0.2857057703637397,2.1456998992491996,4.594843199062758,7.211656836832223,8.752779540535707
mango_rmse,small,2005-12-31,2007Q3,8,FFR,4.754141759030256,5.073333333333333,-0.3191915743030771,0.22618500375684886,2.0217249732946154,4.757612819333712,7.500182412474233,9.231250141331623
mango_rmse,small,2005-12-31,2005Q4,1,GDP,933.1947234297967,961.8550509042607,-28.660327474463998,931.8229235431522,932.3659893730718,933.1563301234435,934.0425424222473,934.6872723538542
mango_rmse,small,2005-12-31,2006Q1,2,GDP,933.9946514054997,963.1947034740143,-29.20005206851465,931.8522244296738,932.7152179824076,933.9853968636696,935.32528700525,936.1869514392893
mango_rmse,small,2005-12-31,2006Q2,3,GDP,934.7826352969928,963.4399861405379,-28.657350843545146,932.0475402272012,933.1093858702009,934.7960443879865,936.4357335636988,937.5209793964258
mango_rmse,small,2005-12-31,2006Q3,4,GDP,935.579839459022,963.5903292567261,-28.010489797704167,932.3219797447889,933.5942455345532,935.5435732242163,937.5633750090647,938.8839691491438
mango_rmse,small,2005-12-31,2006Q4,5,GDP,936.3433397497118,964.4305015999738,-28.087161850261964,932.5800131908987,934.0828829465843,936.3276007396037,938.6331083207269,940.201490782793
mango_rmse,small,2005-12-31,2007Q1,6,GDP,937.1081337749167,964.7236703008948,-27.615536525978087,932.8601226151683,934.4854228725331,937.1343762694929,939.7119369836511,941.349825391325
mango_rmse,small,2005-12-31,2007Q2,7,GDP,937.8866925152397,965.3600754705748,-27.47338295533507,933.1400787846284,934.9892962001647,937.8552344756995,940.8018528770881,942.5232793383615
mango_rmse,small,2005-12-31,2007Q3,8,GDP,938.6202090770969,965.9605755120938,-27.340366434996895,933.6418808846465,935.4676086364508,938.5875516288748,941.7301053308508,943.6098645606891
mango_rmse,small,2006-03-31,2006Q1,1,DEFL,474.0569054526852,449.0981931357204,24.958712316964807,473.6120221013695,473.7741802331832,474.05398404370436,474.33298826564044,474.50911356208536
mango_rmse,small,2006-03-31,2006Q2,2,DEFL,474.90653349756025,449.9809670330265,24.925566464533745,474.12112737448,474.41870565086975,474.9041115168591,475.3911713584192,475.70323545573
mango_rmse,small,2006-03-31,2006Q3,3,DEFL,475.78505201785117,450.6763216075208,25.108730410330395,474.61010110208963,475.0776604729757,475.7838892970251,476.4992939483985,477.0011462223384
mango_rmse,small,2006-03-31,2006Q4,4,DEFL,476.64844126074166,451.0496803385384,25.59876092220327,475.1005951766256,475.6925657484774,476.644621306633,477.58960443738147,478.2525036483409
mango_rmse,small,2006-03-31,2007Q1,5,DEFL,477.5167446987368,452.0037044010234,25.51304029771336,475.47218113566635,476.26060337606395,477.5187512674245,478.73372055546736,479.6028181680184
mango_rmse,small,2006-03-31,2007Q2,6,DEFL,478.362786768763,452.67004072796027,25.692746040802717,475.77953049549524,476.78701162697746,478.3394582830596,479.9431238783854,480.8818740605162
mango_rmse,small,2006-03-31,2007Q3,7,DEFL,479.21259732997845,453.18788034112526,26.024716988853186,476.0819856828064,477.31967912778134,479.1978648163945,481.1293495132809,482.34640676699644
mango_rmse,small,2006-03-31,2007Q4,8,DEFL,480.0638190193833,453.61094550558823,26.452873513795055,476.3793079287292,477.8581602280708,480.00499052236574,482.34372418234796,483.8183071189393
mango_rmse,small,2006-03-31,2006Q1,1,FFR,4.032304595561953,4.456666666666667,-0.4243620711047136,2.700353407628879,3.2100215519107147,4.022125999357357,4.848054064441357,5.430014763185224
mango_rmse,small,2006-03-31,2006Q2,2,FFR,3.9487391405323846,4.906666666666667,-0.9579275261342826,1.8340282590500658,2.6105572588563883,3.934284270716174,5.3503650106437135,6.194501184449541
mango_rmse,small,2006-03-31,2006Q3,3,FFR,3.9198235172393097,5.246666666666667,-1.3268431494273574,1.232179691460948,2.2320408303667842,3.8752394167525663,5.603754799437763,6.697228682030189
mango_rmse,small,2006-03-31,2006Q4,4,FFR,3.895613117103669,5.246666666666667,-1.351053549562998,0.7057461922865561,1.9006907852654342,3.828271324989446,5.848299435087703,7.181001229113977
mango_rmse,small,2006-03-31,2007Q1,5,FFR,3.863179219160992,5.256666666666667,-1.3934874475056747,0.24898732944455032,1.6954969468274106,3.767160522960477,6.105154154757712,7.666817171554312
mango_rmse,small,2006-03-31,2007Q2,6,FFR,3.8320086245848795,5.25,-1.4179913754151205,-0.10587773801195534,1.4151194595101233,3.7995847147303303,6.250799025152808,7.825856010944894
mango_rmse,small,2006-03-31,2007Q3,7,FFR,3.7977008894044166,5.073333333333333,-1.2756324439289166,-0.6159626177131607,1.184768997819693,3.7748667456851432,6.347267922079254,8.171346068888496
mango_rmse,small,2006-03-31,2007Q4,8,FFR,3.8183100143047604,4.496666666666667,-0.6783566523619067,-0.9555173842388445,0.9902264075671812,3.835185013867658,6.589399360582323,8.5531044821049
mango_rmse,small,2006-03-31,2006Q1,1,GDP,933.3893909180463,963.1947034740143,-29.805312555968044,932.1110291501682,932.6143617994034,933.3721404125959,934.1614721830905,934.7360568515099
mango_rmse,small,2006-03-31,2006Q2,2,GDP,933.8962018668205,963.4399861405379,-29.543784273717392,931.8364855973263,932.6393736698928,933.8852706422176,935.1498369370894,935.9896582046495
mango_rmse,small,2006-03-31,2006Q3,3,GDP,934.5046155361034,963.5903292567261,-29.08571372062272,931.846604195715,932.9086323368462,934.5256993524225,936.1183238752545,937.1791965897066
mango_rmse,small,2006-03-31,2006Q4,4,GDP,935.1559157257221,964.4305015999738,-29.27458587425167,931.9879181917553,933.1858673714719,935.1442021861035,937.0809979818279,938.3443964039537
mango_rmse,small,2006-03-31,2007Q1,5,GDP,935.8810776715314,964.7236703008948,-28.842592629363367,931.9899381102254,933.6402379441363,935.9020015916958,938.0967473312754,939.6147092291881
mango_rmse,small,2006-03-31,2007Q2,6,GDP,936.6636460391903,965.3600754705748,-28.696429431384445,932.3316829157208,934.1199709028351,936.6683695938561,939.2612923249201,940.8081552203337
mango_rmse,small,2006-03-31,2007Q3,7,GDP,937.4829058495986,965.9605755120938,-28.477669662495146,932.6100464645393,934.6778640915162,937.5562029652173,940.3175224181332,942.1605002769833
mango_rmse,small,2006-03-31,2007Q4,8,GDP,938.2784213199229,966.5683687041123,-28.289947384189418,933.1053103118003,935.2157316638435,938.3808236560903,941.2692873007968,943.210183617069
mango_rmse,small,2006-06-30,2006Q2,1,DEFL,474.71242014631423,449.9809670330265,24.731453113287728,473.72886261239074,474.0858925966337,474.70605909310814,475.31810117112434,475.7337583083513
mango_rmse,small,2006-06-30,2006Q3,2,DEFL,475.51163488588566,450.6763216075208,24.83531327836488,474.0546149201395,474.6220157452515,475.51532497998494,476.3789825524054,476.93334940401087
mango_rmse,small,2006-06-30,2006Q4,3,DEFL,476.30508596257107,451.0496803385384,25.255405624032676,474.5435568052933,475.2440834259354,476.31311740660846,477.3738956582818,478.07912552077846
mango_rmse,small,2006-06-30,2007Q1,4,DEFL,477.08535579027546,452.0037044010234,25.081651389252045,474.98642285528996,475.8006384114272,477.0800095072882,478.323836733798,479.1547078408067
mango_rmse,small,2006-06-30,2007Q2,5,DEFL,477.8852041677342,452.67004072796027,25.215163439773903,475.4656728344436,476.4558655174281,477.88711232650536,479.2404919561775,480.1783070422326
mango_rmse,small,2006-06-30,2007Q3,6,DEFL,478.6763588168817,453.18788034112526,25.488478475756438,476.06378695377094,477.0713278254397,478.6890173274819,480.25850229826847,481.21845802147817
mango_rmse,small,2006-06-30,2007Q4,7,DEFL,479.458281105266,453.61094550558823,25.847335599677763,476.5380662574663,477.73364718182336,479.5032802293535,481.2435435814124,482.2908123009298
mango_rmse,small,2006-06-30,2008Q1,8,DEFL,480.26483980729773,453.9617817747856,26.303058032512126,477.2552688001902,478.3796875536339,480.32764526210667,482.0911030911045,483.3374996162452
mango_rmse,small,2006-06-30,2006Q2,1,FFR,4.465910502728592,4.906666666666667,-0.44075616393807504,2.9177912234862515,3.5040628792212525,4.4576654437104235,5.390485078207474,6.100689150336265
mango_rmse,small,2006-06-30,2006Q3,2,FFR,4.4419958027783855,5.246666666666667,-0.8046708638882816,2.2341410618336077,3.0757271485459814,4.391642879526113,5.7970999004446675,6.730769359020449
mango_rmse,small,2006-06-30,2006Q4,3,FFR,4.435290865542129,5.246666666666667,-0.8113758011245382,1.8147089978505961,2.8557961347645344,4.427372265624559,6.04884330243789,7.206191948629701
mango_rmse,small,2006-06-30,2007Q1,4,FFR,4.420511224290954,5.256666666666667,-0.8361554423757127,1.3383659211806647,2.551009166972882,4.379253717117507,6.262850627873134,7.491766485824021
mango_rmse,small,2006-06-30,2007Q2,5,FFR,4.409524176637091,5.25,-0.840475823362909,1.0902904498355528,2.264046934080776,4.343050257258606,6.5459568198508675,8.10076902194844
mango_rmse,small,2006-06-30,2007Q3,6,FFR,4.374531423693653,5.073333333333333,-0.6988019096396805,0.5517861143115759,2.112203849202991,4.3682314782411655,6.679136137341874,8.33302444804645
mango_rmse,small,2006-06-30,2007Q4,7,FFR,4.32155218659626,4.496666666666667,-0.1751144800704072,0.2907876814342086,1.8426560201103148,4.245796942722578,6.831650062829852,8.60469381988532
mango_rmse,small,2006-06-30,2008Q1,8,FFR,4.279675011650284,3.1766666666666663,1.103008344983618,-0.06012140724270606,1.4524493683798374,4.253192268534605,6.997318436300199,8.849033400464897
mango_rmse,small,2006-06-30,2006Q2,1,GDP,935.0372921141585,963.4399861405379,-28.402694026379436,933.5406041621536,934.1346247947578,934.9975693004684,935.9953816125413,936.6873596248566
mango_rmse,small,2006-06-30,2006Q3,2,GDP,935.900648358487,963.5903292567261,-27.68968089823909,933.5743825251471,934.5459206997983,935.9016562507968,937.2812655236456,938.1088284216737
mango_rmse,small,2006-06-30,2006Q4,3,GDP,936.7499748596279,964.4305015999738,-27.680526740345954,934.0614423241265,935.0940363673456,936.7652509853722,938.3714336727421,939.3581330688887
mango_rmse,small,2006-06-30,2007Q1,4,GDP,937.633257829133,964.7236703008948,-27.09041247176185,934.6261738439242,935.7142441770891,937.6080090887433,939.4634048434256,940.7554398682394
mango_rmse,small,2006-06-30,2007Q2,5,GDP,938.4920123490682,965.3600754705748,-26.868063121506566,935.0370954171237,936.4007232188532,938.4493335493128,940.6301521570074,941.9146725288672
mango_rmse,small,2006-06-30,2007Q3,6,GDP,939.3491229636272,965.9605755120938,-26.61145254846656,935.3941434619677,937.0209849093154,939.4042796392932,941.6587661167255,943.2274683125106
mango_rmse,small,2006-06-30,2007Q4,7,GDP,940.2142060835229,966.5683687041123,-26.354162620589477,935.8890734084056,937.6768600931708,940.213653430668,942.7605879246919,944.5050512960453
mango_rmse,small,2006-06-30,2008Q1,8,GDP,941.0667427211785,966.1601069749734,-25.093364253794903,936.4912526016114,938.2967682056003,941.0576911418059,943.8347486998448,945.740656595628
mango_rmse,small,2006-09-30,2006Q3,1,DEFL,476.15708047499993,450.6763216075208,25.480758867479153,475.6914975808392,475.86385568818656,476.16340179390187,476.44105059971986,476.6320264272303
mango_rmse,small,2006-09-30,2006Q4,2,DEFL,477.08204377256493,451.0496803385384,26.032363434026536,476.27236802609,476.58251571544196,477.0826617348482,477.5723970225854,477.8755397849319
mango_rmse,small,2006-09-30,2007Q1,3,DEFL,478.03135798605416,452.0037044010234,26.027653585030748,476.849198691017,477.3056292529697,478.0476912215905,478.7228652783141,479.2116152854167
mango_rmse,small,2006-09-30,2007Q2,4,DEFL,479.0004719526742,452.67004072796027,26.330431224713948,477.36464070025085,478.0460754536719,479.0334481887779,479.9410565959831,480.6104116492541
mango_rmse,small,2006-09-30,2007Q3,5,DEFL,479.99067178573586,453.18788034112526,26.80279144461059,477.90496135216534,478.72297223642755,480.03353368475206,481.22044701274496,482.07509915287596
mango_rmse,small,2006-09-30,2007Q4,6,DEFL,480.99856053472365,453.61094550558823,27.387615029135418,478.4067625507283,479.4121024947278,481.02561766567794,482.5381254486241,483.49032675481567
mango_rmse,small,2006-09-30,2008Q1,7,DEFL,482.0184700631038,453.9617817747856,28.056688288318185,478.8722419590917,480.07592432641053,482.045482960861,483.83254321785313,485.05783383796586
mango_rmse,small,2006-09-30,2008Q2,8,DEFL,483.05715474081023,454.46768055591286,28.58947418489737,479.3772068382597,480.8109297120528,483.0938313029088,485.2212258688615,486.65433368467865
mango_rmse,small,2006-09-30,2006Q3,1,FFR,5.092455069632728,5.246666666666667,-0.15421159703393883,3.683176051034093,4.2377068085865774,5.09701598813897,5.9317933189491345,6.524042366381301
mango_rmse,small,2006-09-30,2006Q4,2,FFR,5.138936709965037,5.246666666666667,-0.10772995670162988,2.9541954056042465,3.855390015317687,5.099329181368995,6.47125486715627,7.362127193853146
mango_rmse,small,2006-09-30,2007Q1,3,FFR,5.21048824206481,5.256666666666667,-0.04617842460185706,2.5304762378297156,3.6517483501469745,5.147916432194252,6.850302046660719,7.996382794241603
mango_rmse,small,2006-09-30,2007Q2,4,FFR,5.282945590130965,5.25,0.03294559013096521,2.192313735593187,3.4086460394861193,5.265578311968488,7.102860474783022,8.400034042763716
mango_rmse,small,2006-09-30,2007Q3,5,FFR,5.36201935847925,5.073333333333333,0.2886860251459167,1.87420705303756,3.2483195119193153,5.306498832377656,7.429388171705721,8.958291409437152
mango_rmse,small,2006-09-30,2007Q4,6,FFR,5.417727442139088,4.496666666666667,0.9210607754724212,1.6000641490618654,3.0693788986039636,5.432463764258371,7.626868868825427,9.299770860201434
mango_rmse,small,2006-09-30,2008Q1,7,FFR,5.467797871879404,3.1766666666666663,2.291131205212738,1.2556174502726818,2.973929883191189,5.5377183720536305,7.836041319136276,9.725429104019709
mango_rmse,small,2006-09-30,2008Q2,8,FFR,5.554065827854701,2.0866666666666664,3.4673991611880344,1.2547064483200223,2.8901336331890124,5.502282301051995,8.174760621240573,9.809954491651203
mango_rmse,small,2006-09-30,2006Q3,1,GDP,934.6399610678784,963.5903292567261,-28.950368188847733,933.3138464156197,933.8313620228364,934.6182566217587,935.447368440599,936.065820133967
mango_rmse,small,2006-09-30,2006Q4,2,GDP,935.2235317029207,964.4305015999738,-29.206969897053114,933.0618447446333,933.9310564482068,935.2219849882911,936.5747921435494,937.2946286789538
mango_rmse,small,2006-09-30,2007Q1,3,GDP,935.8241219762123,964.7236703008948,-28.89954832468254,933.0595574829459,934.1505609632271,935.8221751995233,937.5101409683709,938.5512293469176
mango_rmse,small,2006-09-30,2007Q2,4,GDP,936.473019600414,965.3600754705748,-28.887055870160793,933.0774378932689,934.4358578987072,936.4505035461164,938.5168582250715,939.8101244836688
mango_rmse,small,2006-09-30,2007Q3,5,GDP,937.1237930724179,965.9605755120938,-28.836782439675858,933.1856596110607,934.7885899188857,937.0966873563582,939.4772087679729,941.067636202255
mango_rmse,small,2006-09-30,2007Q4,6,GDP,937.7988508039679,966.5683687041123,-28.76951790014448,933.364400636173,935.1479946452603,937.792560468172,940.4015266487297,942.0864197370424
mango_rmse,small,2006-09-30,2008Q1,7,GDP,938.4859392924153,966.1601069749734,-27.67416768255805,933.6314401859506,935.464330646888,938.5313370896927,941.5122181238713,943.3247889467771
mango_rmse,small,2006-09-30,2008Q2,8,GDP,939.1439848225488,966.730770931016,-27.58678610846721,933.7525494248779,935.9729284565665,939.1637330097703,942.323617449254,944.273977503582
mango_rmse,small,2006-12-31,2006Q4,1,DEFL,476.4395198172179,451.0496803385384,25.389839478679505,475.99464383982115,476.15563609567033,476.44524284120087,476.72044502425285,476.8995432000201
mango_rmse,small,2006-12-31,2007Q1,2,DEFL,477.17358087376016,452.0037044010234,25.169876472736746,476.3822642974547,476.68960861294863,477.1850061316353,477.6501686875928,477.97128806537245
mango_rmse,small,2006-12-31,2007Q2,3,DEFL,477.8920618839303,452.67004072796027,25.222021155970026,476.7060558690148,477.17284697205463,477.91559088738506,478.5800121794251,479.03753361349476
mango_rmse,small,2006-12-31,2007Q3,4,DEFL,478.5305003431376,453.18788034112526,25.342620002012325,476.9400588596542,477.5618999336433,478.56908206881957,479.43905539285316,480.07683250599615
mango_rmse,small,2006-12-31,2007Q4,5,DEFL,479.2085725125242,453.61094550558823,25.597627006935966,477.1772010238944,477.9786323917358,479.25007300662185,480.38506068757977,481.2036165599345
mango_rmse,small,2006-12-31,2008Q1,6,DEFL,479.8745960595873,453.9617817747856,25.912814284801698,477.2873866174825,478.3040883084907,479.9372587990298,481.4014786698005,482.3458513980136
mango_rmse,small,2006-12-31,2008Q2,7,DEFL,480.557913574375,454.46768055591286,26.09023301846213,477.35561519707545,478.64619189797526,480.64790093725185,482.39748351358674,483.5977192372295
mango_rmse,small,2006-12-31,2008Q3,8,DEFL,481.24323285528243,455.2191261197205,26.02410673556193,477.52021125787513,478.9700007483502,481.3020836471751,483.44684499135906,484.85862393154355
mango_rmse,small,2006-12-31,2006Q4,1,FFR,5.066215805453713,5.246666666666667,-0.18045086121295384,3.736377065509298,4.272698725786809,5.0528701575712525,5.855969669378424,6.47338384578346
mango_rmse,small,2006-12-31,2007Q1,2,FFR,4.651034602829697,5.256666666666667,-0.6056320638369694,2.602918997418964,3.3178687432803846,4.633920219708892,5.981581076887882,6.78961408942576
mango_rmse,small,2006-12-31,2007Q2,3,FFR,4.615140941665649,5.25,-0.6348590583343512,2.028235709758781,2.99630012981617,4.61073837972601,6.189376369316703,7.336829975857673
mango_rmse,small,2006-12-31,2007Q3,4,FFR,4.764230932880116,5.073333333333333,-0.30910240045321746,1.6354425225480387,2.9166918285051375,4.8035603654412355,6.541965364660842,7.861674895968711
mango_rmse,small,2006-12-31,2007Q4,5,FFR,4.730491288758979,4.496666666666667,0.23382462209231214,1.364813169241735,2.6713630910842756,4.731691781864454,6.7654120298329925,8.160865600140097
mango_rmse,small,2006-12-31,2008Q1,6,FFR,4.624128572151486,3.1766666666666663,1.4474619054848197,0.7144003376348163,2.3498360068741753,4.615637880825263,6.893326890831187,8.30047071609775
mango_rmse,small,2006-12-31,2008Q2,7,FFR,4.639838244727047,2.0866666666666664,2.5531715780603803,0.4596269958606748,2.23784278760281,4.6917157278285675,7.092781622262127,8.67978713879865
mango_rmse,small,2006-12-31,2008Q3,8,FFR,4.727085174826904,1.9400000000000002,2.7870851748269034,0.2735892752800699,2.1657455883664256,4.763182367688374,7.409467268821821,8.911343474104623
mango_rmse,small,2006-12-31,2006Q4,1,GDP,934.8493048950543,964.4305015999738,-29.581196704919535,933.5740470230526,934.084432601701,934.8209418088566,935.6226566823693,936.2385226823214
mango_rmse,small,2006-12-31,2007Q1,2,GDP,935.2559169631281,964.7236703008948,-29.46775333776668,933.1525483554706,933.9682845941587,935.2523392711782,936.5272318570818,937.3764794182932
mango_rmse,small,2006-12-31,2007Q2,3,GDP,935.9731026556994,965.3600754705748,-29.38697281487532,933.2784796851058,934.2941753726748,935.9726459536137,937.6105785941814,938.6483201150007
mango_rmse,small,2006-12-31,2007Q3,4,GDP,936.8090002162935,965.9605755120938,-29.151575295800285,933.4522768457514,934.8581732747135,936.8445499584277,938.7691174168867,940.0035979831765
mango_rmse,small,2006-12-31,2007Q4,5,GDP,937.5875906805766,966.5683687041123,-28.980778023535777,933.6206637892672,935.3620428258187,937.6285658458563,939.9102085786832,941.3455218507389
mango_rmse,small,2006-12-31,2008Q1,6,GDP,938.3846661079712,966.1601069749734,-27.775440867002203,934.0671614567415,935.8672202590551,938.3904534285102,940.9883812596698,942.6341148022742
mango_rmse,small,2006-12-31,2008Q2,7,GDP,939.2318797624041,966.730770931016,-27.498891168611863,934.5754514574613,936.3629112682678,939.2451074128717,942.1046269569521,943.9296565786145
mango_rmse,small,2006-12-31,2008Q3,8,GDP,940.0347739634122,966.2024850530005,-26.167711089588238,934.8761684762375,936.9558647443237,940.0062163848213,943.034527179306,944.9654023005431
mango_rmse,small,2007-03-31,2007Q1,1,DEFL,476.78836791879644,452.0037044010234,24.784663517773026,476.3020715204565,476.47945905496647,476.78616560535016,477.08839705563236,477.2795701018778
mango_rmse,small,2007-03-31,2007Q2,2,DEFL,477.4399321041979,452.67004072796027,24.769891376237638,476.6105375851458,476.93399543663406,477.4512677554741,477.941545879321,478.2547798488679
mango_rmse,small,2007-03-31,2007Q3,3,DEFL,478.0969003580675,453.18788034112526,24.909020016942236,476.85262833389686,477.35070776286034,478.1228737920311,478.78633170105513,479.2873842605214
mango_rmse,small,2007-03-31,2007Q4,4,DEFL,478.78678453280384,453.61094550558823,25.175839027215602,477.11088530782575,477.79151453430364,478.8242068748966,479.7518430070667,480.3830652113895
mango_rmse,small,2007-03-31,2008Q1,5,DEFL,479.51406313347144,453.9617817747856,25.552281358685832,477.4088370667391,478.2062856094117,479.5417358798033,480.763949762726,481.52890584931316
mango_rmse,small,2007-03-31,2008Q2,6,DEFL,480.26231966299315,454.46768055591286,25.794639107080286,477.64402346766997,478.65754882467314,480.298250978636,481.788330465215,482.73641642412247
mango_rmse,small,2007-03-31,2008Q3,7,DEFL,481.0393058450702,455.2191261197205,25.820179725349703,477.9013763918,479.06502618222936,481.0715136965975,482.95158470490577,484.0465020188609
mango_rmse,small,2007-03-31,2008Q4,8,DEFL,481.84466108847147,455.45608681615494,26.388574272316532,478.1923682574556,479.55257284972527,481.8505117512954,484.0851207591611,485.39400249707273
mango_rmse,small,2007-03-31,2007Q1,1,FFR,5.042030362719194,5.256666666666667,-0.21463630394747302,3.650579113630341,4.181010689791959,5.038470416337653,5.899068435551961,6.453974568712438
mango_rmse,small,2007-03-31,2007Q2,2,FFR,4.854241516620274,5.25,-0.3957584833797263,2.7066321922253938,3.5388092894763057,4.86956460463376,6.1753072708497285,7.060169895994695
mango_rmse,small,2007-03-31,2007Q3,3,FFR,4.771955833559324,5.073333333333333,-0.3013774997740093,2.0935401457377574,3.2313196005951035,4.745415459666672,6.3858350796117564,7.485560758506486
mango_rmse,small,2007-03-31,2007Q4,4,FFR,4.729409360380938,4.496666666666667,0.23274269371427092,1.729231268087396,2.9533294330144892,4.689509279565018,6.554308379096779,7.813886615302936
mango_rmse,small,2007-03-31,2008Q1,5,FFR,4.731503569933768,3.1766666666666663,1.5548369032671014,1.396794669621337,2.7063644468313286,4.682702329687875,6.80452841952389,8.175857299999873
mango_rmse,small,2007-03-31,2008Q2,6,FFR,4.754149018817472,2.0866666666666664,2.6674823521508055,1.0074255094027342,2.52158489359117,4.7019996250965885,7.0033614615396775,8.543094083230624
mango_rmse,small,2007-03-31,2008Q3,7,FFR,4.787278221857212,1.9400000000000002,2.847278221857212,0.8278947781913534,2.33125617682116,4.7940695666426905,7.1427656384469085,8.698022876829432
mango_rmse,small,2007-03-31,2008Q4,8,FFR,4.8515990418273365,0.5066666666666667,4.34493237516067,0.5982401862899838,2.293020580809308,4.913278199821807,7.324247401372537,9.07057665493089
mango_rmse,small,2007-03-31,2007Q1,1,GDP,935.6025983173605,964.7236703008948,-29.121071983534307,934.2889017369249,934.7688809940847,935.5792748045399,936.4079043282185,937.0442373248038
mango_rmse,small,2007-03-31,2007Q2,2,GDP,936.226219597775,965.3600754705748,-29.133855872799813,934.0341044546842,934.9392233282222,936.2158078525824,937.5566803028803,938.4167180431659
mango_rmse,small,2007-03-31,2007Q3,3,GDP,936.9414155563541,965.9605755120938,-29.019159955739724,934.2558219202647,935.296774603635,936.9313154505887,938.6051210223739,939.7084205393402
mango_rmse,small,2007-03-31,2007Q4,4,GDP,937.725658607857,966.5683687041123,-28.84271009625536,934.4933274609617,935.7120688963594,937.6860346389924,939.6887955753615,941.0913907247304
mango_rmse,small,2007-03-31,2008Q1,5,GDP,938.5022401860356,966.1601069749734,-27.65786678893778,934.6706995339267,936.1906177401783,938.5578457203667,940.7383768544155,942.4065852478228
mango_rmse,small,2007-03-31,2008Q2,6,GDP,939.2853011857774,966.730770931016,-27.445469745238597,934.9107255302528,936.7381277939895,939.3300647644699,941.8323370910659,943.50745890872
mango_rmse,small,2007-03-31,2008Q3,7,GDP,940.0687299392097,966.2024850530005,-26.133755113790812,935.1040153933902,937.2623687263085,940.0461438189034,942.8600540666184,944.8649015004568
mango_rmse,small,2007-03-31,2008Q4,8,GDP,940.8101220052376,963.9952057445751,-23.185083739337415,935.4902491605828,937.7857603488749,940.7854558731674,943.8384887875297,945.9753281225828
mango_rmse,small,2007-06-30,2007Q2,1,DEFL,477.91000669492416,452.67004072796027,25.239965966963894,477.44455127270396,477.6140353090655,477.90985442670933,478.2005076971556,478.3807656464479
mango_rmse,small,2007-06-30,2007Q3,2,DEFL,478.64070908845497,453.18788034112526,25.452828747329704,477.8270554271862,478.15924284342805,478.6450673701803,479.1258813303908,479.45353355254815
mango_rmse,small,2007-06-30,2007Q4,3,DEFL,479.3468284811917,453.61094550558823,25.735882975603488,478.17186699809895,478.63227649897004,479.3542618273427,480.05414911619835,480.55007390672415
mango_rmse,small,2007-06-30,2008Q1,4,DEFL,480.1082788257312,453.9617817747856,26.146497050945584,478.4606241836315,479.13799391881236,480.10994805697374,481.06001226937457,481.7155436153281
mango_rmse,small,2007-06-30,2008Q2,5,DEFL,480.8475111405103,454.46768055591286,26.379830584597414,478.66855981609757,479.56111506583363,480.8723381218345,482.0711117049574,482.9445897385622
mango_rmse,small,2007-06-30,2008Q3,6,DEFL,481.59146054768985,455.2191261197205,26.37233442796935,478.8341387726019,480.0177819403227,481.5926333066068,483.1192836329045,484.1526109090871
mango_rmse,small,2007-06-30,2008Q4,7,DEFL,482.33289917948406,455.45608681615494,26.876812363329122,479.0390887347288,480.3665317239695,482.3732122821805,484.2690099860149,485.51624343503227
mango_rmse,small,2007-06-30,2009Q1,8,DEFL,483.0814845434972,455.406634733688,27.67484980980919,479.2022085689707,480.7625809891206,483.1263550491309,485.332461926923,486.8182499845023
mango_rmse,small,2007-06-30,2007Q2,1,FFR,5.2025983120652715,5.25,-0.04740168793472854,3.866878467152923,4.366625543390983,5.185323771871852,6.037688768214736,6.607277612224318
mango_rmse,small,2007-06-30,2007Q3,2,FFR,5.290994431321276,5.073333333333333,0.21766109798794275,3.1423547591312295,4.0013789149339365,5.287641877665344,6.62906761074686,7.4446916784083195
mango_rmse,small,2007-06-30,2007Q4,3,FFR,5.300703930076986,4.496666666666667,0.8040372634103186,2.676694840520316,3.7475576903711603,5.265704944438661,6.8695563032659255,7.988111868687277
mango_rmse,small,2007-06-30,2008Q1,4,FFR,5.209732523330962,3.1766666666666663,2.033065856664296,2.266416240903213,3.359079919174718,5.239584550786332,7.0048151241804915,8.229859363268668
mango_rmse,small,2007-06-30,2008Q2,5,FFR,5.179416725266828,2.0866666666666664,3.0927500586001613,1.8859420936293243,3.1018114017240666,5.096873204631796,7.190238602368194,8.647000299323281
mango_rmse,small,2007-06-30,2008Q3,6,FFR,5.195188898758415,1.9400000000000002,3.2551888987584148,1.49525305136492,3.011455110888585,5.155217879979311,7.422509262082098,8.90907659471363
mango_rmse,small,2007-06-30,2008Q4,7,FFR,5.176001450194149,0.5066666666666667,4.669334783527482,1.129611099652763,2.7458172755151358,5.172081275114129,7.544179904859052,9.19315690183189
mango_rmse,small,2007-06-30,2009Q1,8,FFR,5.16656167318562,0.18333333333333335,4.983228339852286,0.8802827786225313,2.600468892315989,5.174098139381183,7.7946144874529635,9.34167318644821
mango_rmse,small,2007-06-30,2007Q2,1,GDP,936.017340458625,965.3600754705748,-29.3427350119498,934.7408373502253,935.2409427861703,935.9869651545505,936.8156171686586,937.3808700094633
mango_rmse,small,2007-06-30,2007Q3,2,GDP,936.7982397634394,965.9605755120938,-29.162335748654414,934.7282748487057,935.547842728871,936.780803097647,938.0806189731354,938.8711029487401
mango_rmse,small,2007-06-30,2007Q4,3,GDP,937.5286468497419,966.5683687041123,-29.03972185437044,934.9125940210653,935.8803704120202,937.5243090209145,939.1286407032501,940.2534760891813
mango_rmse,small,2007-06-30,2008Q1,4,GDP,938.2197818821015,966.1601069749734,-27.94032509287183,935.1359136221663,936.2863532713794,938.1791148472839,940.1501818633911,941.3342527460464
mango_rmse,small,2007-06-30,2008Q2,5,GDP,938.9747161882515,966.730770931016,-27.75605474276449,935.2501026812971,936.8258351765867,938.9566222756755,941.2495240212335,942.5223566519555
mango_rmse,small,2007-06-30,2008Q3,6,GDP,939.7485718663266,966.2024850530005,-26.453913186673844,935.505909948711,937.2852965471238,939.7943594459587,942.2224334896873,943.7455874175809
mango_rmse,small,2007-06-30,2008Q4,7,GDP,940.5398814734891,963.9952057445751,-23.455324271085942,936.0107039776209,937.6831935091195,940.552619598129,943.3018747083061,944.9866368938417
mango_rmse,small,2007-06-30,2009Q1,8,GDP,941.3058417700432,962.8226353991014,-21.516793629058157,936.4211704554688,938.3236527818219,941.4178220620457,944.2623601299096,946.0073102033856
mango_rmse,small,2007-09-30,2007Q3,1,DEFL,479.0738858579469,453.18788034112526,25.886005516821626,478.60458740764767,478.78498229669964,479.0730341576441,479.36211169722503,479.55122777979614
mango_rmse,small,2007-09-30,2007Q4,2,DEFL,479.8047812969662,453.61094550558823,26.19383579137798,479.01981312357526,479.3108211823634,479.8040383255446,480.29239619707926,480.6291983179102
mango_rmse,small,2007-09-30,2008Q1,3,DEFL,480.57586224491354,453.9617817747856,26.61408047012793,479.379855322553,479.85315427527934,480.5869088036227,481.28371954867,481.7842553102539
mango_rmse,small,2007-09-30,2008Q2,4,DEFL,481.33587674724214,454.46768055591286,26.868196191329275,479.67956776377486,480.3535681935705,481.367706186473,482.294417713214,482.9716819867957
mango_rmse,small,2007-09-30,2008Q3,5,DEFL,482.1180477395764,455.2191261197205,26.898921619855912,479.94674109340093,480.8465737735099,482.1472963858522,483.34455955166356,484.2057139531077
mango_rmse,small,2007-09-30,2008Q4,6,DEFL,482.90873923276087,455.45608681615494,27.45265241660593,480.19760077970955,481.31003541059226,482.95463046190537,484.467899739259,485.4891593289798
mango_rmse,small,2007-09-30,2009Q1,7,DEFL,483.7143908367885,455.406634733688,28.307756103100473,480.5033454226405,481.7563270442155,483.79767247414827,485.6182393870154,486.83251946799163
mango_rmse,small,2007-09-30,2009Q2,8,DEFL,484.5306547851367,455.2317782083863,29.298876576750388,480.8016593393845,482.1911206725346,484.5965250598016,486.7720551448111,488.21526049082235
mango_rmse,small,2007-09-30,2007Q3,1,FFR,5.352115121104989,5.073333333333333,0.2787817877716554,4.0068363135662635,4.538529043785386,5.347004087482803,6.16314113796637,6.732161051437803
mango_rmse,small,2007-09-30,2007Q4,2,FFR,5.32598116242354,4.496666666666667,0.829314495756873,3.305906336022646,4.03074545349047,5.318038035339285,6.68646046093795,7.4782624192649685
mango_rmse,small,2007-09-30,2008Q1,3,FFR,5.279404671211756,3.1766666666666663,2.1027380045450896,2.7680415860708316,3.683777504971932,5.25905395730991,6.838739403557672,7.923581046432542
mango_rmse,small,2007-09-30,2008Q2,4,FFR,5.293138106065238,2.0866666666666664,3.206471439398572,2.392450533736242,3.411873750747204,5.312123821256679,7.077501893803757,8.357412984677664
mango_rmse,small,2007-09-30,2008Q3,5,FFR,5.348849402154078,1.9400000000000002,3.408849402154077,2.0407086519862747,3.29900892853348,5.334164257058692,7.380658366576262,8.837648454539254
mango_rmse,small,2007-09-30,2008Q4,6,FFR,5.363109860061609,0.5066666666666667,4.856443193394942,1.5748721663723173,3.125137971053123,5.4046355894524085,7.602848749131635,9.193863263205309
mango_rmse,small,2007-09-30,2009Q1,7,FFR,5.355634640869727,0.18333333333333335,5.172301307536394,1.2275617186889076,2.9141191974305563,5.370064578970611,7.672148621046007,9.383439845767521
mango_rmse,small,2007-09-30,2009Q2,8,FFR,5.393519613202317,0.18000000000000002,5.213519613202317,1.1196078245187435,2.689182098240516,5.521901804572071,7.884702605503089,9.721438503185553
mango_rmse,small,2007-09-30,2007Q3,1,GDP,935.8562829594446,965.9605755120938,-30.104292552649213,934.5780880948914,935.09357058022,935.8159022217312,936.6707050097245,937.28944136005
mango_rmse,small,2007-09-30,2007Q4,2,GDP,936.5433565959253,966.5683687041123,-30.02501210818707,934.4066759812234,935.2962092110108,936.5424325927634,937.8083155692608,938.6201268986987
mango_rmse,small,2007-09-30,2008Q1,3,GDP,937.2062648743878,966.1601069749734,-28.953842100585575,934.5052367543137,935.5982072926805,937.1855172651998,938.7969171444811,939.8888046846942
mango_rmse,small,2007-09-30,2008Q2,4,GDP,937.9420462585163,966.730770931016,-28.78872467249971,934.7347653389073,935.9052906536912,937.9288848153433,939.91134351484,941.2252211670667
mango_rmse,small,2007-09-30,2008Q3,5,GDP,938.6457005167769,966.2024850530005,-27.55678453622363,934.8795954897649,936.348190562454,938.6320995776618,940.9551422968551,942.4635970509886
mango_rmse,small,2007-09-30,2008Q4,6,GDP,939.3583426860704,963.9952057445751,-24.636863058504673,935.0503301015287,936.795906510873,939.3720156409881,941.9002595778701,943.587009726439
mango_rmse,small,2007-09-30,2009Q1,7,GDP,940.0738446069389,962.8226353991014,-22.74879079216248,935.3473077096827,937.1743539285317,940.1046567657327,942.9976534622393,944.6759266924457
mango_rmse,small,2007-09-30,2009Q2,8,GDP,940.7551564902078,962.6532538909199,-21.898097400712118,935.5915349514105,937.7059961647929,940.8289208278013,943.7630157242502,945.6629745141145
mango_rmse,small,2007-12-31,2007Q4,1,DEFL,479.0272629077482,453.61094550558823,25.41631740215996,478.5577445777386,478.74176829435544,479.028560036352,479.30026682470657,479.4940295453588
mango_rmse,small,2007-12-31,2008Q1,2,DEFL,479.5702790926951,453.9617817747856,25.608497317909496,478.75470916781404,479.08473108272113,479.5746218043986,480.07570247817864,480.35796769240613
mango_rmse,small,2007-12-31,2008Q2,3,DEFL,480.0936003922951,454.46768055591286,25.625919836382252,478.9295698586267,479.3720908817038,480.1006699189045,480.78723250926873,481.26026720049754
mango_rmse,small,2007-12-31,2008Q3,4,DEFL,480.53815934135395,455.2191261197205,25.319033221633447,478.93989067125,479.5774532813615,480.53418346704575,481.4734497766496,482.1102790184376
mango_rmse,small,2007-12-31,2008Q4,5,DEFL,480.99897096678035,455.45608681615494,25.54288415062541,478.91704450555204,479.76703441144787,481.0243982631549,482.22426654102986,482.947749076888
mango_rmse,small,2007-12-31,2009Q1,6,DEFL,481.48833711143936,455.406634733688,26.081702377751355,478.8529326009267,479.8984250157982,481.5168022903848,483.0378916388439,483.9895862551318
mango_rmse,small,2007-12-31,2009Q2,7,DEFL,481.99221609345483,455.2317782083863,26.76043788506854,478.85679304478447,480.0756875600653,482.05998669878613,483.8743706120387,484.9724946968324
mango_rmse,small,2007-12-31,2009Q3,8,DEFL,482.49537425440536,455.33925638064517,27.156117873760195,478.770875825799,480.27155975893197,482.5228029615221,484.71980210946674,486.05404921663694
mango_rmse,small,2007-12-31,2007Q4,1,FFR,4.9482048213716485,4.496666666666667,0.4515381547049815,3.61437647590253,4.136611039907624,4.952766252107532,5.756703453964123,6.320385292129814
mango_rmse,small,2007-12-31,2008Q1,2,FFR,4.63709923145102,3.1766666666666663,1.460432564784354,2.55704220617865,3.345024454954818,4.616403927183265,5.974160453335387,6.8219060100165985
mango_rmse,small,2007-12-31,2008Q2,3,FFR,4.5349227390007165,2.0866666666666664,2.44825607233405,2.017061153773809,2.92435654329427,4.555082467348535,6.161851278955251,7.171082952298044
mango_rmse,small,2007-12-31,2008Q3,4,FFR,4.669900569014943,1.9400000000000002,2.7299005690149425,1.7262385690201734,2.780335152046511,4.691044477235983,6.458054342707682,7.853611914587771
mango_rmse,small,2007-12-31,2008Q4,5,FFR,4.730549783826495,0.5066666666666667,4.223883117159828,1.322727276022397,2.660613155211649,4.681843897319737,6.758396959182754,8.199329038278876
mango_rmse,small,2007-12-31,2009Q1,6,FFR,4.642150491003473,0.18333333333333335,4.45881715767014,0.921623927522458,2.413180649634102,4.637260588021716,6.839663738858879,8.348802071411068
mango_rmse,small,2007-12-31,2009Q2,7,FFR,4.604885639177871,0.18000000000000002,4.424885639177871,0.4334223637738086,2.1852483817886443,4.6112293688609505,6.936372791532556,8.568221895155094
mango_rmse,small,2007-12-31,2009Q3,8,FFR,4.6515572987383,0.15666666666666665,4.494890632071634,0.16563643858773966,2.134378102501361,4.706884535323438,7.140019347368529,8.838789218947259
mango_rmse,small,2007-12-31,2007Q4,1,GDP,936.9472329140972,966.5683687041123,-29.62113579001516,935.6846546179511,936.1658356358594,936.9233048944202,937.7407822386886,938.3193361429729
mango_rmse,small,2007-12-31,2008Q1,2,GDP,937.65069496646,966.1601069749734,-28.509412008513323,935.6088705107788,936.4593853105621,937.6100744761466,938.9140242381412,939.697224555418
mango_rmse,small,2007-12-31,2008Q2,3,GDP,938.5546227102338,966.730770931016,-28.176148220782125,935.9733436172161,936.9686263288855,938.5569853437996,940.17090596243,941.2277922238111
mango_rmse,small,2007-12-31,2008Q3,4,GDP,939.583320634006,966.2024850530005,-26.6191644189945,936.4853718408752,937.651246059713,939.557635638109,941.454393705376,942.8090463666015
mango_rmse,small,2007-12-31,2008Q4,5,GDP,940.464316795217,963.9952057445751,-23.530888949358086,936.7290742279994,938.2417486980955,940.3906616897796,942.7260704296818,944.114688133788
mango_rmse,small,2007-12-31,2009Q1,6,GDP,941.2872963904396,962.8226353991014,-21.535339008661822,937.1684863555253,938.8634850863435,941.2935657681633,943.7866790368718,945.3698789814505
mango_rmse,small,2007-12-31,2009Q2,7,GDP,942.1314634597253,962.6532538909199,-20.52179043119463,937.6335525509426,939.3359218815509,942.1760629781711,944.8939441897404,946.5854434773886
mango_rmse,small,2007-12-31,2009Q3,8,GDP,942.9758936875229,963.0145304911672,-20.038636803644295,937.9882484477633,940.0234842119133,943.0422795551701,945.9399765313445,947.649213679175
mango_rmse,small,2008-03-31,2008Q1,1,DEFL,479.7780019645785,453.9617817747856,25.816220189792887,479.31682053360646,479.49151617963247,479.7783725884119,480.0681775143623,480.2274538059063
mango_rmse,small,2008-03-31,2008Q2,2,DEFL,480.35048082007893,454.46768055591286,25.882800264166065,479.5761105956603,479.8670495855347,480.36001133491783,480.84308521096455,481.13916537243966
mango_rmse,small,2008-03-31,2008Q3,3,DEFL,480.84396618982544,455.2191261197205,25.624840070104938,479.681650258019,480.1171759206222,480.85915640404744,481.53045871788237,482.01195794458994
mango_rmse,small,2008-03-31,2008Q4,4,DEFL,481.3666149308085,455.45608681615494,25.910528114653573,479.7918192592182,480.422470382214,481.3646521718219,482.2853745489829,482.94738005302025
mango_rmse,small,2008-03-31,2009Q1,5,DEFL,481.9069276664683,455.406634733688,26.50029293278027,479.82163676431213,480.69080977998374,481.92634763393596,483.0896349291618,483.89071866837133
mango_rmse,small,2008-03-31,2009Q2,6,DEFL,482.4830362379224,455.2317782083863,27.25125802953613,479.9252313992538,480.9821482132926,482.48828351548434,483.99708950919904,484.97055925310354
mango_rmse,small,2008-03-31,2009Q3,7,DEFL,483.0614525336511,455.33925638064517,27.72219615300594,479.97626905775866,481.2291239599426,483.0695429194708,484.88220146453324,486.1228555250371
mango_rmse,small,2008-03-31,2009Q4,8,DEFL,483.6503883046472,455.6683475771851,27.982040727462106,480.06158275907825,481.51577655397796,483.67560609153304,485.78130212777825,487.3361770797389
mango_rmse,small,2008-03-31,2008Q1,1,FFR,4.132390784972149,3.1766666666666663,0.9557241183054823,2.8106581475596344,3.319339083382514,4.1209272559455234,4.930112363326888,5.514213560356728
mango_rmse,small,2008-03-31,2008Q2,2,FFR,4.150041381513393,2.0866666666666664,2.0633747148467267,2.1079910855068373,2.8612442712410817,4.113985380990039,5.454620939858562,6.329638339519051
mango_rmse,small,2008-03-31,2008Q3,3,FFR,4.252228373930858,1.9400000000000002,2.312228373930858,1.762678436311575,2.7322957454651275,4.2229713594962375,5.8092038546593505,6.850574861076074
mango_rmse,small,2008-03-31,2008Q4,4,FFR,4.271348874806291,0.5066666666666667,3.7646822081396243,1.266229120924144,2.5094101547938856,4.227999815688426,6.036008565601371,7.263782293901349
mango_rmse,small,2008-03-31,2009Q1,5,FFR,4.302520464557687,0.18333333333333335,4.119187131224353,1.0401378199950142,2.3366181911830415,4.24144543979836,6.282411543329791,7.6641187724185444
mango_rmse,small,2008-03-31,2009Q2,6,FFR,4.354070990791165,0.18000000000000002,4.174070990791165,0.6751091537489903,2.1634540068750843,4.384641002778145,6.4656301974454715,8.03557787465515
mango_rmse,small,2008-03-31,2009Q3,7,FFR,4.406970553615682,0.15666666666666665,4.250303886949015,0.363833324420929,2.0528995410117035,4.503394244757384,6.710222635020593,8.301079408652642
mango_rmse,small,2008-03-31,2009Q4,8,FFR,4.459186488660438,0.12,4.339186488660438,0.1690327239135086,1.8782101111656369,4.543294489210529,6.922452292387018,8.576657574918743
mango_rmse,small,2008-03-31,2008Q1,1,GDP,937.167047594691,966.1601069749734,-28.993059380282375,935.8985702405706,936.3995295018742,937.1430131866277,937.9564381926447,938.4876924561985
mango_rmse,small,2008-03-31,2008Q2,2,GDP,938.2169279195685,966.730770931016,-28.51384301144742,936.2383500859378,936.9902602923648,938.2013077446118,939.4578227352386,940.2338913088139
mango_rmse,small,2008-03-31,2008Q3,3,GDP,939.2325603994287,966.2024850530005,-26.969924653571752,936.6034088229899,937.5794274202316,939.2166730695867,940.8149548560518,941.8462019747702
mango_rmse,small,2008-03-31,2008Q4,4,GDP,940.1653475893706,963.9952057445751,-23.82985815520442,936.9022852254691,938.2136698565538,940.1897378106654,942.0967173439972,943.3432456673024
mango_rmse,small,2008-03-31,2009Q1,5,GDP,941.0168722919619,962.8226353991014,-21.805763107139455,937.3201375017874,938.7589257714881,941.0231279298007,943.2414866361814,944.7856134027467
mango_rmse,small,2008-03-31,2009Q2,6,GDP,941.8765506706499,962.6532538909199,-20.776703220270065,937.6220182866894,939.2674181913662,941.9164454978386,944.4983571445996,946.0927075167816
mango_rmse,small,2008-03-31,2009Q3,7,GDP,942.7222349870705,963.0145304911672,-20.292295504096728,937.9744299453354,939.8364502489679,942.7326841631227,945.6176520931976,947.5705639307293
mango_rmse,small,2008-03-31,2009Q4,8,GDP,943.540444722593,964.0768300067851,-20.536385284192193,938.2990378555916,940.3930736786292,943.5932913059775,946.5776980513768,948.786724616312
mango_rmse,small,2008-06-30,2008Q2,1,DEFL,480.4136750653147,454.46768055591286,25.945994509401828,479.95662013293804,480.12548833331834,480.4162917507719,480.6991382066216,480.88955729620073
mango_rmse,small,2008-06-30,2008Q3,2,DEFL,480.9892613326575,455.2191261197205,25.77013521293702,480.1981776028366,480.5129579756609,480.9857207440575,481.46913564435783,481.80740786483227
mango_rmse,small,2008-06-30,2008Q4,3,DEFL,481.5899984174235,455.45608681615494,26.13391160126855,480.4293831490594,480.8705143110173,481.59919838187113,482.2852649505408,482.79044978544596
mango_rmse,small,2008-06-30,2009Q1,4,DEFL,482.20130480890526,455.406634733688,26.794670075217255,480.6290039954288,481.2097604356983,482.21250938712444,483.15899184149083,483.81681684725174
mango_rmse,small,2008-06-30,2009Q2,5,DEFL,482.8598045135726,455.2317782083863,27.628026305186324,480.79744842623285,481.50140206029175,482.8972141236129,484.0836620152197,484.85388826789494
mango_rmse,small,2008-06-30,2009Q3,6,DEFL,483.5661215526323,455.33925638064517,28.22686517198713,480.948128996931,481.9199425488939,483.60370605846754,485.1496649932196,486.1074633426182
mango_rmse,small,2008-06-30,2009Q4,7,DEFL,484.3020515414839,455.6683475771851,28.633703964298775,481.1913869207882,482.25188265262557,484.360442335272,486.18576286016145,487.36641342852124
mango_rmse,small,2008-06-30,2010Q1,8,DEFL,485.0710047741592,455.93984617419227,29.13115859996691,481.3316474317492,482.75425773919767,485.1384034376159,487.2840162737101,488.6753161701762
mango_rmse,small,2008-06-30,2008Q2,1,FFR,3.000407453050522,2.0866666666666664,0.9137407863838556,1.6343494110199739,2.1842302646876712,2.9937817921931504,3.8387005460326167,4.358556516481034
mango_rmse,small,2008-06-30,2008Q3,2,FFR,3.1838433410741205,1.9400000000000002,1.2438433410741203,1.038544346278642,1.8712292193836482,3.1539146314536177,4.5336244239018715,5.4556188313592315
mango_rmse,small,2008-06-30,2008Q4,3,FFR,3.222283100012295,0.5066666666666667,2.715616433345628,0.6259702226792954,1.641439462316649,3.219564420981393,4.877213787993527,5.931425416367103
mango_rmse,small,2008-06-30,2009Q1,4,FFR,3.2725836876187273,0.18333333333333335,3.0892503542853937,0.3099852929599224,1.3696774576532595,3.2505439437503227,5.15430836483739,6.297416709852636
mango_rmse,small,2008-06-30,2009Q2,5,FFR,3.5265715400792548,0.18000000000000002,3.3465715400792546,0.01239598021963921,1.4866776399236277,3.508900207075268,5.61468499100027,7.000327690323414
mango_rmse,small,2008-06-30,2009Q3,6,FFR,3.730323355987057,0.15666666666666665,3.5736566893203903,-0.19593651028936854,1.480874980237504,3.755120928239974,6.014353388877165,7.605557416019819
mango_rmse,small,2008-06-30,2009Q4,7,FFR,3.8271407910422677,0.12,3.7071407910422676,-0.4845420364700271,1.3190804531666647,3.8900386454817992,6.325814141510217,8.081692280506703
mango_rmse,small,2008-06-30,2010Q1,8,FFR,3.938432975962755,0.13333333333333333,3.805099642629422,-0.5155603022503892,1.2921153022964538,4.010508441416515,6.550698703049768,8.313287545418431
mango_rmse,small,2008-06-30,2008Q2,1,GDP,937.5983352527059,966.730770931016,-29.132435678310117,936.2942149905246,936.8235400019131,937.5556509978397,938.375880084851,939.0212061764316
mango_rmse,small,2008-06-30,2008Q3,2,GDP,938.7530686992377,966.2024850530005,-27.449416353762786,936.6434247088487,937.5500856821641,938.7472930608612,940.0500772833446,940.8144110370148
mango_rmse,small,2008-06-30,2008Q4,3,GDP,939.7444323197894,963.9952057445751,-24.25077342478562,937.0183734185,938.1374882722771,939.6987226658543,941.3417233290064,942.4698189773933
mango_rmse,small,2008-06-30,2009Q1,4,GDP,940.7192452793815,962.8226353991014,-22.103390119719847,937.4902300695358,938.8471290645164,940.670793407279,942.634302891087,943.9792954086045
mango_rmse,small,2008-06-30,2009Q2,5,GDP,941.5794226060628,962.6532538909199,-21.07383128485708,937.8386407020395,939.352349428955,941.5413195595675,943.8365274682448,945.3755269959353
mango_rmse,small,2008-06-30,2009Q3,6,GDP,942.3921641722384,963.0145304911672,-20.622366318928812,938.0669606250729,939.8718469155032,942.3726071145597,944.8755175818072,946.6544150821587
mango_rmse,small,2008-06-30,2009Q4,7,GDP,943.1380738751623,964.0768300067851,-20.93875613162288,938.3432203271759,940.3326632356938,943.1692850204969,946.003554828307,947.9321029575767
mango_rmse,small,2008-06-30,2010Q1,8,GDP,943.8164954653563,964.5756373732798,-20.75914190792355,938.7422324382648,940.6858067388415,943.7847684959386,946.8757399642918,948.9461873698492
mango_rmse,small,2008-09-30,2008Q3,1,DEFL,480.71239696925755,455.2191261197205,25.493270849537055,480.26175373342437,480.42886915081976,480.7161965023888,480.9866444846061,481.16095704809885
mango_rmse,small,2008-09-30,2008Q4,2,DEFL,481.15413154449016,455.45608681615494,25.69804472833522,480.38458392465606,480.6726356323404,481.1557814646716,481.6384376930233,481.9154644196879
mango_rmse,small,2008-09-30,2009Q1,3,DEFL,481.6274442212638,455.406634733688,26.220809487575764,480.48893416077624,480.9560851502772,481.6178122211444,482.32467394472354,482.78074586018545
mango_rmse,small,2008-09-30,2009Q2,4,DEFL,482.0692743816956,455.2317782083863,26.83749617330932,480.52054556133226,481.1601652418294,482.0684081228029,482.99209609468653,483.6292840094985
mango_rmse,small,2008-09-30,2009Q3,5,DEFL,482.5919355610828,455.33925638064517,27.25267918043761,480.58263217311026,481.35669435946187,482.6122332312032,483.76715121297093,484.5826209362307
mango_rmse,small,2008-09-30,2009Q4,6,DEFL,483.17141086431013,455.6683475771851,27.50306328712503,480.7049364625031,481.6692276794801,483.1860855500689,484.6455258794478,485.7119012819015
mango_rmse,small,2008-09-30,2010Q1,7,DEFL,483.79293877977574,455.93984617419227,27.85309260558347,480.6967879601395,481.9180494011139,483.8404229235605,485.57986703586676,486.8443055299295
mango_rmse,small,2008-09-30,2010Q2,8,DEFL,484.44251362386603,456.42648546620876,28.016028157657274,480.7927312069004,482.2780724838883,484.5225983304195,486.6050024542022,488.0105820834068
mango_rmse,small,2008-09-30,2008Q3,1,FFR,2.0789831379823913,1.9400000000000002,0.13898313798239115,0.7533689293007001,1.2682675067449272,2.0794199608006005,2.8800217263793235,3.416015424453856
mango_rmse,small,2008-09-30,2008Q4,2,FFR,2.062314292910895,0.5066666666666667,1.555647626244228,-0.0988968423951224,0.7451777179070032,2.063889851325319,3.4041846171514596,4.244016273046399
mango_rmse,small,2008-09-30,2009Q1,3,FFR,1.999096953119005,0.18333333333333335,1.8157636197856717,-0.7054677594396148,0.34169152326104535,2.0315045431408443,3.6401155655808077,4.754249005285466
mango_rmse,small,2008-09-30,2009Q2,4,FFR,2.2453348261035586,0.18000000000000002,2.0653348261035585,-0.9240597520901376,0.24637414847670963,2.2760351475336034,4.201117232964196,5.343838288177022
mango_rmse,small,2008-09-30,2009Q3,5,FFR,2.59948355273527,0.15666666666666665,2.4428168860686035,-1.0777885162891447,0.2982504160208133,2.6196048724200045,4.868947862272985,6.266923200900306
mango_rmse,small,2008-09-30,2009Q4,6,FFR,2.7711870369472087,0.12,2.6511870369472086,-1.267582307066767,0.3314183273786964,2.809805018917583,5.114544830541052,6.778560211852639
mango_rmse,small,2008-09-30,2010Q1,7,FFR,2.881904355954733,0.13333333333333333,2.7485710226213995,-1.4397081478503175,0.3711266313350278,2.9288505356452985,5.400430441273706,7.074630420153494
mango_rmse,small,2008-09-30,2010Q2,8,FFR,3.0623686919913595,0.19333333333333336,2.869035358658026,-1.763399202575798,0.32846369206004444,3.1408718990563695,5.79180504756787,7.611803367093179
mango_rmse,small,2008-09-30,2008Q3,1,GDP,937.9802509427734,966.2024850530005,-28.222234110227078,936.6869640316628,937.220854851175,937.9648276154055,938.7768861094023,939.3025015858457
mango_rmse,small,2008-09-30,2008Q4,2,GDP,939.1348163392314,963.9952057445751,-24.860389405343653,937.0495762683024,937.8859318143645,939.1508981339973,940.4066378630993,941.256534111908
mango_rmse,small,2008-09-30,2009Q1,3,GDP,940.2521465400933,962.8226353991014,-22.570488859008037,937.5452179173702,938.609963536498,940.2506567143332,941.9151935263859,942.9793511000422
mango_rmse,small,2008-09-30,2009Q2,4,GDP,941.4128146403251,962.6532538909199,-21.240439250594818,938.2086045721647,939.3769479923096,941.4011625296387,943.4478888004224,944.7290820419826
mango_rmse,small,2008-09-30,2009Q3,5,GDP,942.3751044878348,963.0145304911672,-20.639426003332346,938.5518243833724,940.0789226241565,942.3673113408746,944.6419791790266,946.1409345108513
mango_rmse,small,2008-09-30,2009Q4,6,GDP,943.1948567003647,964.0768300067851,-20.88197330642049,938.8495672281688,940.5595981735765,943.2718237672392,945.7935544374302,947.3721312250834
mango_rmse,small,2008-09-30,2010Q1,7,GDP,943.9661943409252,964.5756373732798,-20.609443032354648,939.1048716769386,940.9456357118729,943.9699637329893,946.8796075168259,948.7806470275235
mango_rmse,small,2008-09-30,2010Q2,8,GDP,944.672144567409,965.5386897406826,-20.866545173273607,939.4504854813747,941.4623290103347,944.6786806044117,947.8129279169076,949.8620080210455
mango_rmse,small,2008-12-31,2008Q4,1,DEFL,481.8898441688585,455.45608681615494,26.433757352703537,481.43858860307836,481.6107900681077,481.8950495333082,482.16645582693,482.3412907811838
mango_rmse,small,2008-12-31,2009Q1,2,DEFL,482.57130541214275,455.406634733688,27.16467067845474,481.82237439364445,482.09617197158315,482.57889958945304,483.0451763091087,483.3267923383288
mango_rmse,small,2008-12-31,2009Q2,3,DEFL,483.164749781807,455.2317782083863,27.93297157342073,482.05296558189417,482.49022832884657,483.1639607917204,483.8416473329686,484.28442987414377
mango_rmse,small,2008-12-31,2009Q3,4,DEFL,483.90620033525204,455.33925638064517,28.56694395460687,482.42594341310996,482.98103718184035,483.91680488744737,484.8017657396293,485.38695956644534
mango_rmse,small,2008-12-31,2009Q4,5,DEFL,484.65541497626265,455.6683475771851,28.987067399077546,482.685122752197,483.4594530043643,484.6634346475642,485.8124330152475,486.6152694262907
mango_rmse,small,2008-12-31,2010Q1,6,DEFL,485.46041670409204,455.93984617419227,29.52057052989977,483.0501146238853,483.9689039297453,485.4331604894513,486.8983138148848,487.84506613871065
mango_rmse,small,2008-12-31,2010Q2,7,DEFL,486.26212103910666,456.42648546620876,29.8356355728979,483.29867790866234,484.4578993351498,486.2872938571587,488.07764457005965,489.16734522064974
mango_rmse,small,2008-12-31,2010Q3,8,DEFL,487.11949484770514,456.7281385445278,30.39135630317736,483.61750090782266,485.0165737686028,487.11740424055836,489.206045180726,490.50059768483186
mango_rmse,small,2008-12-31,2008Q4,1,FFR,1.936433830288317,0.5066666666666667,1.4297671636216505,0.6103687461717682,1.162133964301179,1.9325600400796556,2.714482692287501,3.2579660136973665
mango_rmse,small,2008-12-31,2009Q1,2,FFR,2.045162394047991,0.18333333333333335,1.8618290607146577,-0.01781460461094969,0.7668041275872315,2.028017072126098,3.377105020509184,4.267968770293412
mango_rmse,small,2008-12-31,2009Q2,3,FFR,2.304439242490627,0.18000000000000002,2.124439242490627,-0.2666489249181013,0.7232891612945177,2.2512055759134526,3.9815940003170516,5.077832130530216
mango_rmse,small,2008-12-31,2009Q3,4,FFR,2.5714396160681257,0.15666666666666665,2.414772949401459,-0.45513194866538925,0.7125601352068309,2.557856847939325,4.430415316978323,5.775193255858245
mango_rmse,small,2008-12-31,2009Q4,5,FFR,2.8141551131090865,0.12,2.6941551131090864,-0.6389677328520446,0.6858019131950893,2.7755655847312717,4.959669047399303,6.306517716594348
mango_rmse,small,2008-12-31,2010Q1,6,FFR,3.0594184653030685,0.13333333333333333,2.926085131969735,-0.7874126390519761,0.728353170863065,3.042100041532102,5.342953589636244,6.906665189415023
mango_rmse,small,2008-12-31,2010Q2,7,FFR,3.281451186264436,0.19333333333333336,3.0881178529311026,-1.0493239843011888,0.8111431750857802,3.2916319601850543,5.731452595637747,7.4018682931435515
mango_rmse,small,2008-12-31,2010Q3,8,FFR,3.468982891391793,0.18666666666666668,3.2823162247251263,-1.0811704293281958,0.8044918575517765,3.5018543121471737,6.194151638055845,7.8204587169820226
mango_rmse,small,2008-12-31,2008Q4,1,GDP,937.947230104555,963.9952057445751,-26.047975640020013,936.6577758981197,937.1799602329535,937.9081029416557,938.7355988137795,939.3337031924685
mango_rmse,small,2008-12-31,2009Q1,2,GDP,939.0694462781653,962.8226353991014,-23.7531891209361,936.9928942375273,937.7989948897028,939.0436428548746,940.3477834491321,941.206522993008
mango_rmse,small,2008-12-31,2009Q2,3,GDP,940.0379475312731,962.6532538909199,-22.615306359646866,937.2625496480377,938.3715461927455,940.0753928312099,941.6975494552738,942.7368552197959
mango_rmse,small,2008-12-31,2009Q3,4,GDP,940.8377747236814,963.0145304911672,-22.176755767485815,937.6171493037047,938.8133290013375,940.8293126203637,942.875400652538,944.1554707097483
mango_rmse,small,2008-12-31,2009Q4,5,GDP,941.5802601860771,964.0768300067851,-22.496569820708032,937.7850467234797,939.3111362959219,941.5608261370406,943.9409610900983,945.3576880209598
mango_rmse,small,2008-12-31,2010Q1,6,GDP,942.305205947499,964.5756373732798,-22.270431425780885,937.9825028202641,939.7841724142106,942.33651459633,944.9195669672272,946.5399397064245
mango_rmse,small,2008-12-31,2010Q2,7,GDP,942.9728317672017,965.5386897406826,-22.565857973480888,938.2232458663967,940.0710500952725,943.0091413331115,945.8141220821694,947.8517840734488
mango_rmse,small,2008-12-31,2010Q3,8,GDP,943.5505019096316,966.3088604477673,-22.758358538135667,938.3745306309094,940.3548879245603,943.5684470093197,946.6869936281192,948.6679923012991
mango_rmse,small,2009-03-31,2009Q1,1,DEFL,481.7988485788145,455.406634733688,26.39221384512649,481.32667351543887,481.5008860363981,481.80072547892905,482.0869711268104,482.28918322721813
mango_rmse,small,2009-03-31,2009Q2,2,DEFL,482.0991184537115,455.2317782083863,26.867340245325238,481.2974148475501,481.5951830597635,482.09144702832054,482.6103814026716,482.9009831548563
mango_rmse,small,2009-03-31,2009Q3,3,DEFL,482.5263174343556,455.33925638064517,27.18706105371041,481.29159685514674,481.81133485198797,482.52598024294645,483.2650417335584,483.72770961698626
mango_rmse,small,2009-03-31,2009Q4,4,DEFL,482.6887957041599,455.6683475771851,27.02044812697477,481.01533899375755,481.7438004005845,482.70301007796104,483.66661175840034,484.2986845990695
mango_rmse,small,2009-03-31,2010Q1,5,DEFL,483.0008027974515,455.93984617419227,27.060956623259244,480.7452682952718,481.7216602569977,483.04299933793914,484.2731002410186,485.0899592693922
mango_rmse,small,2009-03-31,2010Q2,6,DEFL,483.3209740190186,456.42648546620876,26.894488552809833,480.5290339225611,481.69442435812374,483.3831643903143,484.9200005522341,485.93888816584916
mango_rmse,small,2009-03-31,2010Q3,7,DEFL,483.7353902569132,456.7281385445278,27.007251712385425,480.21161297780753,481.74093053700426,483.7978199658749,485.7166076163777,486.99574165698243
mango_rmse,small,2009-03-31,2010Q4,8,DEFL,484.143265589788,457.3122088019198,26.831056787868192,480.13126526453755,481.7509322314184,484.20288815636195,486.4652648068378,487.9461894267432
mango_rmse,small,2009-03-31,2009Q1,1,FFR,-0.6262696478950853,0.18333333333333335,-0.8096029812284187,-2.045225879665425,-1.459289817071559,-0.6285396191291395,0.23882937383088115,0.7481991532619432
mango_rmse,small,2009-03-31,2009Q2,2,FFR,-1.2957392683786095,0.18000000000000002,-1.4757392683786095,-3.600890823602514,-2.7395561202286207,-1.258360602776651,0.1330659809510858,1.0127007053687551
mango_rmse,small,2009-03-31,2009Q3,3,FFR,-1.3708852693234437,0.15666666666666665,-1.5275519359901104,-4.171441929206824,-3.1059785303435152,-1.3704219315902038,0.4244160079923574,1.4624859026665111
mango_rmse,small,2009-03-31,2009Q4,4,FFR,-1.0864892292824861,0.12,-1.2064892292824863,-4.516208041024137,-3.1697040973948534,-1.0846962198979757,0.9449007791701004,2.3412645624623356
mango_rmse,small,2009-03-31,2010Q1,5,FFR,-0.8072125629389005,0.13333333333333333,-0.9405458962722338,-4.88889351639371,-3.161382127090471,-0.7225989731757978,1.5195870782897394,3.0868121145140477
mango_rmse,small,2009-03-31,2010Q2,6,FFR,-0.6133628227740529,0.19333333333333336,-0.8066961561073862,-5.033084132787901,-3.242039216436032,-0.5044571304358134,1.973644624854652,3.7144387274345663
mango_rmse,small,2009-03-31,2010Q3,7,FFR,-0.3229728941470905,0.18666666666666668,-0.5096395608137572,-5.219165930606954,-3.088894734570154,-0.2566268446269238,2.52403728554167,4.3392018282563125
mango_rmse,small,2009-03-31,2010Q4,8,FFR,0.05981463214309137,0.18666666666666668,-0.1268520345235753,-5.165557603799354,-3.0046186128475414,0.19925420216703393,3.09130028115306,5.087451907685028
mango_rmse,small,2009-03-31,2009Q1,1,GDP,935.3675717657526,962.8226353991014,-27.4550636333488,933.9973245815435,934.5273780822369,935.3540175070199,936.2016040091833,936.803213191758
mango_rmse,small,2009-03-31,2009Q2,2,GDP,935.9966329170355,962.6532538909199,-26.6566209738844,933.7030095406864,934.655183969341,935.9676796813928,937.3662329601157,938.2307063718715
mango_rmse,small,2009-03-31,2009Q3,3,GDP,936.9229793870873,963.0145304911672,-26.09155110407994,934.0175653745351,935.1869011852322,936.9330221486953,938.706373000899,939.8761878015865
mango_rmse,small,2009-03-31,2009Q4,4,GDP,938.084194101536,964.0768300067851,-25.99263590524913,934.5360382301981,935.9912950455849,938.0572000520899,940.1609051846367,941.6773912831432
mango_rmse,small,2009-03-31,2010Q1,5,GDP,939.1110666666716,964.5756373732798,-25.464570706608242,934.9831178426643,936.674003791003,939.1405468934325,941.5621269066713,943.2393760172931
mango_rmse,small,2009-03-31,2010Q2,6,GDP,939.9233036012574,965.5386897406826,-25.61538613942514,935.1611825892496,937.1521527651943,940.001989072315,942.7168609350736,944.554529505666
mango_rmse,small,2009-03-31,2010Q3,7,GDP,940.7435721427767,966.3088604477673,-25.565288304990645,935.5422094138107,937.6416001637956,940.7831404897698,943.9287156016784,945.9141224724248
mango_rmse,small,2009-03-31,2010Q4,8,GDP,941.443016120156,966.8271103692053,-25.384094249049326,935.753441295533,938.1470191626679,941.480727995892,944.8344759447333,946.9908442959252
mango_rmse,small,2009-06-30,2009Q2,1,DEFL,482.56458402615505,455.2317782083863,27.332805817768758,482.064487648459,482.2691783183016,482.5746568873359,482.86578182695,483.05519382233445
mango_rmse,small,2009-06-30,2009Q3,2,DEFL,483.15128171420616,455.33925638064517,27.812025333560996,482.32313253829375,482.653247305635,483.15954683118844,483.65928157580424,484.0001632506102
mango_rmse,small,2009-06-30,2009Q4,3,DEFL,483.4060813349397,455.6683475771851,27.737733757754597,482.2034500444692,482.68413647320796,483.41088911773016,484.1310852746235,484.63680077486663
mango_rmse,small,2009-06-30,2010Q1,4,DEFL,483.8076569436174,455.93984617419227,27.867810769425148,482.1925963371429,482.8322759411988,483.806969674318,484.7969998962671,485.44610763119533
mango_rmse,small,2009-06-30,2010Q2,5,DEFL,484.2130130416764,456.42648546620876,27.78652757546763,482.1768636220055,482.9095798209488,484.19570774527574,485.44716299305696,486.34565564269985
mango_rmse,small,2009-06-30,2010Q3,6,DEFL,484.6891437079105,456.7281385445278,27.96100516338271,482.1220964814839,483.05598227551525,484.6760042140204,486.24644651831454,487.34189938668624
mango_rmse,small,2009-06-30,2010Q4,7,DEFL,485.13651600144715,457.3122088019198,27.824307199527368,481.8670864904995,483.15016452455717,485.17959587598057,487.0548962235197,488.35667909427434
mango_rmse,small,2009-06-30,2011Q1,8,DEFL,485.651981046817,457.8271642119391,27.824816834877936,481.7160573006925,483.34971179362185,485.696320628743,487.9327290491237,489.49128856899546
mango_rmse,small,2009-06-30,2009Q2,1,FFR,-0.6272260328870747,0.18000000000000002,-0.8072260328870747,-2.012513137457981,-1.4976470249183993,-0.626395043655914,0.22821418202132526,0.7881809642911948
mango_rmse,small,2009-06-30,2009Q3,2,FFR,-1.1188681461094065,0.15666666666666665,-1.2755348127760733,-3.319256991200354,-2.5252279332298575,-1.1723535392279545,0.282808387194202,1.1998192534796894
mango_rmse,small,2009-06-30,2009Q4,3,FFR,-0.8993452589368992,0.12,-1.0193452589368992,-3.6750489784979576,-2.606046958332146,-0.9694247130791532,0.8501858589789483,2.0110771199841606
mango_rmse,small,2009-06-30,2010Q1,4,FFR,-0.5630285356346036,0.13333333333333333,-0.696361868967937,-3.926752058711552,-2.649969261483838,-0.5526713358968601,1.54008997124268,2.835995126143493
mango_rmse,small,2009-06-30,2010Q2,5,FFR,-0.48536189724848133,0.19333333333333336,-0.6786952305818147,-4.342666785756018,-2.8360252414558755,-0.4973949852399038,1.8400707290593288,3.4957983301939297
mango_rmse,small,2009-06-30,2010Q3,6,FFR,-0.26557304391869063,0.18666666666666668,-0.4522397105853573,-4.545483279461674,-2.81329497733257,-0.28220366193692126,2.3545809192954583,3.9960969079899153
mango_rmse,small,2009-06-30,2010Q4,7,FFR,0.12842023752615564,0.18666666666666668,-0.058246429140511036,-4.479803671932247,-2.6324946470475146,0.13993114533311315,2.9671855140899472,4.624250934005495
mango_rmse,small,2009-06-30,2011Q1,8,FFR,0.4735041875262629,0.15666666666666668,0.3168375208595962,-4.571119171430019,-2.5566887391083704,0.5853672892519846,3.434505180671217,5.308988621954188
mango_rmse,small,2009-06-30,2009Q2,1,GDP,934.1231048015467,962.6532538909199,-28.530149089373253,932.7639671861043,933.2732782077697,934.0916548024252,934.9474680344384,935.576131851878
mango_rmse,small,2009-06-30,2009Q3,2,GDP,934.514603084297,963.0145304911672,-28.499927406870142,932.2928551075038,933.1137021920341,934.4933138434471,935.8649698044646,936.8064321605204
mango_rmse,small,2009-06-30,2009Q4,3,GDP,935.4611131438227,964.0768300067851,-28.615716862962472,932.3785589358567,933.5507714646717,935.4739477136259,937.286896745517,938.4896150371021
mango_rmse,small,2009-06-30,2010Q1,4,GDP,936.2405249619078,964.5756373732798,-28.33511241137205,932.5671238383526,933.9984481333686,936.2417516380613,938.4435429343205,939.9475559008491
mango_rmse,small,2009-06-30,2010Q2,5,GDP,936.9127101746003,965.5386897406826,-28.625979566082265,932.5952039530938,934.2954531049055,936.8473596939868,939.5629236102823,941.2890805329849
mango_rmse,small,2009-06-30,2010Q3,6,GDP,937.6261646334135,966.3088604477673,-28.682695814353792,932.7180825157371,934.6574285775642,937.6518193641145,940.5885202672614,942.4473905330407
mango_rmse,small,2009-06-30,2010Q4,7,GDP,938.3337105528426,966.8271103692053,-28.49339981636274,932.9086660963869,934.9269329688904,938.4598451180132,941.5178532031083,943.5987281644132
mango_rmse,small,2009-06-30,2011Q1,8,GDP,938.8946568001708,966.5859036314018,-27.69124683123107,933.0426488614454,935.1657222592107,939.0146763818684,942.3487640490011,944.5804785085339
mango_rmse,small,2009-09-30,2009Q3,1,DEFL,470.1096953472152,455.33925638064517,14.770438966570055,469.6371922145427,469.81410730940866,470.1151795808809,470.40213587359057,470.5930653477252
mango_rmse,small,2009-09-30,2009Q4,2,DEFL,470.1078919486923,455.6683475771851,14.439544371507225,469.2779348056496,469.6094307620192,470.1315893914501,470.61372986797954,470.93691347962726
mango_rmse,small,2009-09-30,2010Q1,3,DEFL,470.1783513995191,455.93984617419227,14.238505225326833,468.92940771044744,469.40334409143475,470.207568442723,470.9254845033755,471.42869060323034
mango_rmse,small,2009-09-30,2010Q2,4,DEFL,470.2022298418407,456.42648546620876,13.775744375631916,468.5015445425933,469.1373113154978,470.2197395024813,471.191676307995,471.8755099937986
mango_rmse,small,2009-09-30,2010Q3,5,DEFL,470.318847083526,456.7281385445278,13.590708538998229,468.0556724651514,468.92698706638794,470.37362392137163,471.63394695182745,472.48808023423754
mango_rmse,small,2009-09-30,2010Q4,6,DEFL,470.3889992546715,457.3122088019198,13.076790452751709,467.5505285140158,468.65971952479464,470.46484717447436,472.0611820279496,473.14626524609685
mango_rmse,small,2009-09-30,2011Q1,7,DEFL,470.52745983915554,457.8271642119391,12.700295627216462,467.02463190542954,468.42084685125906,470.5953682060267,472.6382362905698,473.83946717005506
mango_rmse,small,2009-09-30,2011Q2,8,DEFL,470.67817144945894,458.48552274726825,12.192648702190695,466.43078155190756,468.17708506070505,470.74759537516525,473.18503063375056,474.6082392100459
mango_rmse,small,2009-09-30,2009Q3,1,FFR,-0.7096365670284361,0.15666666666666665,-0.8663032336951028,-2.0909669096050574,-1.5602165200579263,-0.7099432713598262,0.14993817943605672,0.7268962966292527
mango_rmse,small,2009-09-30,2009Q4,2,FFR,-1.2111746515677178,0.12,-1.3311746515677179,-3.5182934195657216,-2.584848185214711,-1.2102085035194188,0.14913054641400114,1.0056752439228094
mango_rmse,small,2009-09-30,2010Q1,3,FFR,-1.059572760983216,0.13333333333333333,-1.1929060943165493,-3.986603971018469,-2.7806122558791393,-1.0705477539689863,0.6845262012979321,1.8064169328218647
mango_rmse,small,2009-09-30,2010Q2,4,FFR,-0.9447821783313654,0.19333333333333336,-1.1381155116646986,-4.44735670646936,-3.0591810878154173,-0.946702190864086,1.0897255702319821,2.502507110327282
mango_rmse,small,2009-09-30,2010Q3,5,FFR,-0.9767379816844969,0.18666666666666668,-1.1634046483511635,-4.91230718482778,-3.35351189728992,-0.9557147775455053,1.3060772152372155,2.8044018266593165
mango_rmse,small,2009-09-30,2010Q4,6,FFR,-0.7958067521407571,0.18666666666666668,-0.9824734188074238,-5.224588178531698,-3.3578557148326498,-0.7452330558568389,1.7227594937845072,3.3274705212633733
mango_rmse,small,2009-09-30,2011Q1,7,FFR,-0.5372785776547505,0.15666666666666668,-0.6939452443214171,-5.264826511205242,-3.321285807904881,-0.4799741682257279,2.2846201621088125,3.8928660038229
mango_rmse,small,2009-09-30,2011Q2,8,FFR,-0.3565836454574603,0.09333333333333334,-0.4499169787907936,-5.515077906128264,-3.4216416474588645,-0.28121109492153795,2.6339501738044833,4.474554184909352
mango_rmse,small,2009-09-30,2009Q3,1,GDP,946.5702028038229,963.0145304911672,-16.4443276873443,945.1940472517366,945.7338300148302,946.5297212507332,947.4203710897913,948.0531972318952
mango_rmse,small,2009-09-30,2009Q4,2,GDP,946.9646702865759,964.0768300067851,-17.112159720209206,944.6484948805742,945.5574548077575,946.9506520424479,948.4629275323832,949.3367703187996
mango_rmse,small,2009-09-30,2010Q1,3,GDP,947.7664466010932,964.5756373732798,-16.80919077218664,944.4741897234296,945.8488004666591,947.7758645951018,949.7908614942758,950.960032854105
mango_rmse,small,2009-09-30,2010Q2,4,GDP,948.4498477391664,965.5386897406826,-17.088842001516127,944.4107133575923,946.0706119451256,948.4270450124963,950.8421187768008,952.4623574410546
mango_rmse,small,2009-09-30,2010Q3,5,GDP,949.1692529922291,966.3088604477673,-17.139607455538226,944.4777580058886,946.2885902301517,949.1607324878912,951.9673821626867,953.7884872299021
mango_rmse,small,2009-09-30,2010Q4,6,GDP,949.9027267794902,966.8271103692053,-16.92438358971515,944.6009291839678,946.6759867539239,949.9572442255942,953.0197675192144,955.1951996114265
mango_rmse,small,2009-09-30,2011Q1,7,GDP,950.6200624244343,966.5859036314018,-15.965841206967525,944.6544615005872,947.0142273416637,950.7159091650747,954.0557667964233,956.442349331588
mango_rmse,small,2009-09-30,2011Q2,8,GDP,951.2167361701958,967.261665957135,-16.044929786939292,944.8516467330016,947.3657546562036,951.3215608747589,954.995179623885,957.4180835492048
mango_rmse,small,2009-12-31,2009Q4,1,DEFL,469.79115545655475,455.6683475771851,14.122807879369645,469.3240421560003,469.5072898679652,469.7951391454262,470.07263878378086,470.2568712086645
mango_rmse,small,2009-12-31,2010Q1,2,DEFL,469.7826305538782,455.93984617419227,13.842784379685952,468.98584090807685,469.3075918217941,469.77340689178453,470.2663008173273,470.5778844962409
mango_rmse,small,2009-12-31,2010Q2,3,DEFL,469.74873387781565,456.42648546620876,13.322248411606893,468.55754818701763,469.0322826106113,469.7358722339196,470.4603823166282,470.9369877027952
mango_rmse,small,2009-12-31,2010Q3,4,DEFL,469.7736393698512,456.7281385445278,13.045500825323415,468.16311644564854,468.77955014035814,469.7955035163838,470.73296028755453,471.35975810234044
mango_rmse,small,2009-12-31,2010Q4,5,DEFL,469.7668694884074,457.3122088019198,12.454660686487614,467.6721485665046,468.4794462637282,469.7860008492463,470.99592069806664,471.8194455988461
mango_rmse,small,2009-12-31,2011Q1,6,DEFL,469.78846364153185,457.8271642119391,11.96129942959277,467.1395448758503,468.1398609403421,469.823581685374,471.36442755841085,472.3594654757354
mango_rmse,small,2009-12-31,2011Q2,7,DEFL,469.8097229147699,458.48552274726825,11.324200167501658,466.61241453787903,467.7856973925133,469.87632810857986,471.7627116822423,472.9331480487792
mango_rmse,small,2009-12-31,2011Q3,8,DEFL,469.8633183097817,459.10205503836494,10.761263271416738,466.04714701807393,467.4714612246031,469.959911214416,472.1863517930374,473.58588072812523
mango_rmse,small,2009-12-31,2009Q4,1,FFR,-0.003300948063888333,0.12,-0.12330094806388833,-1.3785682197941438,-0.8832943989874033,-0.013112319109740679,0.8448163610951136,1.4184114948661999
mango_rmse,small,2009-12-31,2010Q1,2,FFR,-0.09876801585272585,0.13333333333333333,-0.23210134918605918,-2.3826346429006984,-1.5274998499050614,-0.11799438489550423,1.2712689963154002,2.245246700528318
mango_rmse,small,2009-12-31,2010Q2,3,FFR,-0.1534767675891559,0.19333333333333336,-0.34681010092248926,-2.955234918278314,-1.9025629121709204,-0.14536498141327256,1.5604886778874971,2.8465445944794867
mango_rmse,small,2009-12-31,2010Q3,4,FFR,-0.20507825987087472,0.18666666666666668,-0.3917449265375414,-3.5364361273546003,-2.2100378172605764,-0.21202922285446388,1.7909228630340113,3.2272414649099233
mango_rmse,small,2009-12-31,2010Q4,5,FFR,-0.16835527879596648,0.18666666666666668,-0.35502194546263316,-3.9564142085940954,-2.5046265554616993,-0.21743140989194584,2.1199233072120722,3.918072721511336
mango_rmse,small,2009-12-31,2011Q1,6,FFR,-0.12107801987511273,0.15666666666666668,-0.2777446865417794,-4.4861076479245074,-2.682255864608565,-0.16544934464331684,2.405337310079853,4.22070235615411
mango_rmse,small,2009-12-31,2011Q2,7,FFR,-0.13442577432468547,0.09333333333333334,-0.22775910765801882,-4.843692860127839,-2.951130672624914,-0.12300087989480267,2.642125141039594,4.4942562475485435
mango_rmse,small,2009-12-31,2011Q3,8,FFR,-0.10385968789136937,0.08333333333333333,-0.18719302122470272,-5.162102994488453,-3.282904724984305,-0.07705953555004397,2.8419131388670307,4.815016000546704
mango_rmse,small,2009-12-31,2009Q4,1,GDP,947.3393000505603,964.0768300067851,-16.737529956224876,945.9439137477259,946.5401313104006,947.3107489089149,948.1933392462778,948.726930257066
mango_rmse,small,2009-12-31,2010Q1,2,GDP,947.7034106647295,964.5756373732798,-16.87222670855033,945.379001037693,946.3069838745292,947.6948724315737,949.129136360452,950.008136225009
mango_rmse,small,2009-12-31,2010Q2,3,GDP,948.1306939859713,965.5386897406826,-17.407995754711237,944.993227711072,946.2644720065749,948.1076601337493,950.0126220735633,951.2197674825208
mango_rmse,small,2009-12-31,2010Q3,4,GDP,948.6633625882675,966.3088604477673,-17.645497859499756,944.8227722249367,946.379095658525,948.6924995630256,950.9825982946596,952.6253981869497
mango_rmse,small,2009-12-31,2010Q4,5,GDP,949.2045292982442,966.8271103692053,-17.622581070961132,944.6427892810667,946.4229653352908,949.2392034469021,951.964921260956,953.8394774126065
mango_rmse,small,2009-12-31,2011Q1,6,GDP,949.7770716820777,966.5859036314018,-16.808831949324144,944.4341166334096,946.6569207535115,949.8386974522541,952.9161686770401,955.0218324994905
mango_rmse,small,2009-12-31,2011Q2,7,GDP,950.3388157829128,967.261665957135,-16.922850174222276,944.3260098504329,946.7284569843382,950.2927522864834,953.9349106481687,956.3528488242549
mango_rmse,small,2009-12-31,2011Q3,8,GDP,950.890109661434,967.2228912780705,-16.332781616636453,944.2260829765255,946.912431324625,950.909389550303,954.8807518143318,957.4021063604542
mango_rmse,small,2010-03-31,2010Q1,1,DEFL,470.69717969642505,455.93984617419227,14.757333522232784,469.69603580534715,470.0818443413328,470.71074092714696,471.27354182057553,471.6978381128403
mango_rmse,small,2010-03-31,2010Q2,2,DEFL,471.421916946005,456.42648546620876,14.995431479796252,470.05048428165736,470.5933963059208,471.4256169657124,472.26359984753265,472.76761733989986
mango_rmse,small,2010-03-31,2010Q3,3,DEFL,472.12783778526745,456.7281385445278,15.399699240739665,470.47004528528583,471.08429688192786,472.15632948061835,473.12741886991,473.795253611764
mango_rmse,small,2010-03-31,2010Q4,4,DEFL,472.8590159676014,457.3122088019198,15.546807165681628,470.90888961323,471.7013908997909,472.84533091923845,474.01728745920536,474.8131843387258
mango_rmse,small,2010-03-31,2011Q1,5,DEFL,473.5586029683147,457.8271642119391,15.73143875637561,471.42337143175155,472.2433262052024,473.548571047452,474.8430219501049,475.6887991599165
mango_rmse,small,2010-03-31,2011Q2,6,DEFL,474.286309063666,458.48552274726825,15.800786316397762,471.8840274086812,472.8399434838016,474.27476610341853,475.7397820823636,476.6374080734561
mango_rmse,small,2010-03-31,2011Q3,7,DEFL,474.9994411921968,459.10205503836494,15.89738615383186,472.4126784398958,473.4086715458776,475.0046009124669,476.5464117156476,477.5940672857536
mango_rmse,small,2010-03-31,2011Q4,8,DEFL,475.72739343438775,459.2226780352162,16.504715399171573,473.0639438864403,474.04991407050875,475.7256540241819,477.36052747718634,478.5142229800533
mango_rmse,small,2010-03-31,2010Q1,1,FFR,0.04184691461745639,0.13333333333333333,-0.09148641871587694,-1.4895511965435262,-0.8731287657400866,0.012990330735040863,0.9853073409214308,1.624954536149548
mango_rmse,small,2010-03-31,2010Q2,2,FFR,-0.0756955543043386,0.19333333333333336,-0.26902888763767197,-2.3598379736057296,-1.4293143265835333,-0.0882204344235196,1.292949174668041,2.249052025548353
mango_rmse,small,2010-03-31,2010Q3,3,FFR,-0.19705644280220685,0.18666666666666668,-0.38372310946887356,-2.93065979549606,-1.8064414650631886,-0.21095049046583875,1.3791628212412368,2.5671961442667137
mango_rmse,small,2010-03-31,2010Q4,4,FFR,-0.28962186524822614,0.18666666666666668,-0.47628853191489284,-3.4186349475133575,-2.204325645794557,-0.26997085772336116,1.5396017421453694,2.8575979456094056
mango_rmse,small,2010-03-31,2011Q1,5,FFR,-0.40145904679535166,0.15666666666666668,-0.5581257134620183,-3.838576408449882,-2.4944494064212996,-0.4236989542410793,1.6685443985585906,3.138866520696682
mango_rmse,small,2010-03-31,2011Q2,6,FFR,-0.5148408168000936,0.09333333333333334,-0.608174150133427,-4.263292445750635,-2.775204365516126,-0.5070909976964745,1.7215572895956395,3.37902782800266
mango_rmse,small,2010-03-31,2011Q3,7,FFR,-0.6605934667204667,0.08333333333333333,-0.7439268000538001,-4.837367782675217,-3.189578844431279,-0.6976883650697155,1.9108617050288346,3.570638000699358
mango_rmse,small,2010-03-31,2011Q4,8,FFR,-0.7816812007544472,0.07333333333333335,-0.8550145340877806,-5.319132520992353,-3.5092760053050416,-0.7672151243615072,1.849013963680766,3.8214835895081474
mango_rmse,small,2010-03-31,2010Q1,1,GDP,949.0392578309874,964.5756373732798,-15.53637954229248,947.5598861571675,948.117765060101,949.0183063566601,949.9647259425809,950.6107021384664
mango_rmse,small,2010-03-31,2010Q2,2,GDP,949.6711638453737,965.5386897406826,-15.867525895308859,947.5443193784746,948.3590927207007,949.6336821928055,950.9843654433587,951.8552460394988
mango_rmse,small,2010-03-31,2010Q3,3,GDP,950.3110138714169,966.3088604477673,-15.997846576350412,947.8213417607826,948.7587528425578,950.3025037715225,951.8040711321951,952.9326661373134
mango_rmse,small,2010-03-31,2010Q4,4,GDP,950.943230835217,966.8271103692053,-15.883879533988306,947.9252995902482,949.166464122716,950.9209875441421,952.7424702141584,954.04851187303
mango_rmse,small,2010-03-31,2011Q1,5,GDP,951.5710185727806,966.5859036314018,-15.01488505862119,948.1919518434844,949.5087963254525,951.5423564047841,953.6156482460595,954.9037669508332
mango_rmse,small,2010-03-31,2011Q2,6,GDP,952.1754800462762,967.261665957135,-15.08618591085883,948.4486644953124,949.8994439530604,952.1637535526637,954.4198177503794,955.9466509068674
mango_rmse,small,2010-03-31,2011Q3,7,GDP,952.8086878334938,967.2228912780705,-14.414203444576742,948.6930300973029,950.3075184208257,952.8033388190654,955.3794652522802,956.9094409312639
mango_rmse,small,2010-03-31,2011Q4,8,GDP,953.400984293502,968.3383253013681,-14.937341007866053,948.7892661128525,950.7606886430221,953.3285899543926,956.2251565395705,957.8510985616757
mango_rmse,small,2010-06-30,2010Q2,1,DEFL,470.97438447681606,456.42648546620876,14.547899010607296,469.9868448818174,470.3662238965247,470.98474788175497,471.55889001414727,471.9377089214471
mango_rmse,small,2010-06-30,2010Q3,2,DEFL,471.68877055846,456.7281385445278,14.96063201393224,470.41818422382767,470.8698967815079,471.68924281439394,472.50104657047626,473.0770425682199
mango_rmse,small,2010-06-30,2010Q4,3,DEFL,472.40621982439126,457.3122088019198,15.094011022471477,470.7578367625509,471.41365195754736,472.3851022113124,473.41988573929285,474.0720990716905
mango_rmse,small,2010-06-30,2011Q1,4,DEFL,473.1352485364033,457.8271642119391,15.308084324464232,471.22374973886855,471.95225253731036,473.1470817767414,474.2863335422316,475.0000457252081
mango_rmse,small,2010-06-30,2011Q2,5,DEFL,473.8484961810789,458.48552274726825,15.362973433810623,471.7231154556559,472.57393822912934,473.8286338541523,475.1470551009147,475.8976893653724
mango_rmse,small,2010-06-30,2011Q3,6,DEFL,474.5487710437258,459.10205503836494,15.446716005360884,472.1967757387141,473.11774225322426,474.6184898201966,475.98386642453704,476.7879036930634
mango_rmse,small,2010-06-30,2011Q4,7,DEFL,475.2534304183152,459.2226780352162,16.030752383099014,472.72144605359455,473.6973800040524,475.2894717950487,476.8400717564759,477.7703987737833
mango_rmse,small,2010-06-30,2012Q1,8,DEFL,475.95569579190845,459.8276478897225,16.128047902185926,473.23494768868414,474.2926408244913,475.9659825935415,477.59064083544473,478.62647751283066
mango_rmse,small,2010-06-30,2010Q2,1,FFR,0.062310234369744345,0.19333333333333336,-0.13102309896358902,-1.4824218333065973,-0.8315853794765816,0.03580379570599554,1.0173308235068739,1.742025904844375
mango_rmse,small,2010-06-30,2010Q3,2,FFR,-0.03718395575895716,0.18666666666666668,-0.22385062242562384,-2.2940864898592097,-1.3930536328204384,-0.037835945718999536,1.3352260886702338,2.2044962812139968
mango_rmse,small,2010-06-30,2010Q4,3,FFR,-0.128418516011219,0.18666666666666668,-0.31508518267788566,-2.872406334270209,-1.7008815044264523,-0.15087535533036495,1.510075345561194,2.5541554674615177
mango_rmse,small,2010-06-30,2011Q1,4,FFR,-0.2003385339390716,0.15666666666666668,-0.35700520060573826,-3.394476819542538,-2.068298764182905,-0.16186975273270132,1.6186338137209877,2.8033200818808206
mango_rmse,small,2010-06-30,2011Q2,5,FFR,-0.2943106172139926,0.09333333333333334,-0.3876439505473259,-3.7338391744871466,-2.3932549614735965,-0.2905419986615555,1.824107017331564,3.1860378031447065
mango_rmse,small,2010-06-30,2011Q3,6,FFR,-0.40601514140348244,0.08333333333333333,-0.48934847473681575,-4.375979242838238,-2.720238419149848,-0.3993681177955584,1.9205600252874393,3.4597056502506303
mango_rmse,small,2010-06-30,2011Q4,7,FFR,-0.5201715448033981,0.07333333333333335,-0.5935048781367315,-4.826566680191473,-3.083598706066078,-0.522099667911675,2.003908893996392,3.7086409555547446
mango_rmse,small,2010-06-30,2012Q1,8,FFR,-0.6414941432681257,0.10333333333333333,-0.7448274766014591,-5.432760802943902,-3.365622717921333,-0.580463139345474,2.1760726969436095,3.9840235505571187
mango_rmse,small,2010-06-30,2010Q2,1,GDP,949.714472590525,965.5386897406826,-15.824217150157551,948.2163722350014,948.8109875998483,949.6843815084105,950.6026495476933,951.281893500011
mango_rmse,small,2010-06-30,2010Q3,2,GDP,950.333563088278,966.3088604477673,-15.975297359489332,948.1438760760012,949.0339346730055,950.3213710358164,951.6872158731893,952.4950325285998
mango_rmse,small,2010-06-30,2010Q4,3,GDP,950.945495863946,966.8271103692053,-15.881614505259336,948.4119057665066,949.3741855265085,950.9080748182535,952.4999921260495,953.5541812498172
mango_rmse,small,2010-06-30,2011Q1,4,GDP,951.5599748587362,966.5859036314018,-15.02592877266568,948.5827389037854,949.7919911865719,951.5066661784297,953.3673444234737,954.5705612850097
mango_rmse,small,2010-06-30,2011Q2,5,GDP,952.1862152648087,967.261665957135,-15.075450692326399,948.8391792938744,950.2266505872093,952.1313583513416,954.1850929342116,955.5269307020429
mango_rmse,small,2010-06-30,2011Q3,6,GDP,952.7943141349602,967.2228912780705,-14.42857714311026,949.1825082862914,950.570533365127,952.7613747271482,955.0102373615185,956.5484831070437
mango_rmse,small,2010-06-30,2011Q4,7,GDP,953.4059973628287,968.3383253013681,-14.932327938539402,949.4407564749297,950.8342571577607,953.4410278378817,955.8695693506255,957.5947128819546
mango_rmse,small,2010-06-30,2012Q1,8,GDP,954.0073207595182,969.1529212860218,-15.145600526503586,949.6890743013455,951.273782753181,953.975180358651,956.6520403759148,958.5899031329324
mango_rmse,small,2010-09-30,2010Q3,1,DEFL,471.2150047010493,456.7281385445278,14.4868661565215,470.23034611440215,470.6164391774196,471.21861883516186,471.8097628181055,472.20486801161303
mango_rmse,small,2010-09-30,2010Q4,2,DEFL,471.9290356536852,457.3122088019198,14.616826851765438,470.5530799791357,471.1038812798833,471.940486486994,472.7678381807191,473.24275598915875
mango_rmse,small,2010-09-30,2011Q1,3,DEFL,472.64098995320694,457.8271642119391,14.813825741267863,470.9666983552377,471.6315094502805,472.6492376048401,473.65626882867724,474.369816958346
mango_rmse,small,2010-09-30,2011Q2,4,DEFL,473.35017202482516,458.48552274726825,14.864649277556907,471.417639076461,472.1838779701989,473.3531170335024,474.5428980053618,475.3168777165593
mango_rmse,small,2010-09-30,2011Q3,5,DEFL,474.0846262363086,459.10205503836494,14.982571197943685,471.910724653122,472.8094458481337,474.08611590757795,475.4013854650293,476.20873848730855
mango_rmse,small,2010-09-30,2011Q4,6,DEFL,474.7857292480222,459.2226780352162,15.563051212806045,472.4495717650401,473.41766083822904,474.7838679976926,476.2373188973265,477.0811504550395
mango_rmse,small,2010-09-30,2012Q1,7,DEFL,475.5015554254777,459.8276478897225,15.673907535755177,472.97820689251836,473.9850582058758,475.5121941316894,477.065929899476,478.0129282285143
mango_rmse,small,2010-09-30,2012Q2,8,DEFL,476.19505674200633,460.2296059641123,15.965450777894034,473.3853408875565,474.6317662642153,476.2171317812691,477.779220149764,478.95834458602445
mango_rmse,small,2010-09-30,2010Q3,1,FFR,0.1184996538101499,0.18666666666666668,-0.06816701285651677,-1.3479845569941185,-0.7814087819687008,0.10522618972659475,1.0618160595221624,1.7019881653653184
mango_rmse,small,2010-09-30,2010Q4,2,FFR,-0.0029344038110437165,0.18666666666666668,-0.18960107047771038,-2.2406044714077606,-1.3467066317460339,0.011756093198357714,1.3566173802903514,2.2159392952993033
mango_rmse,small,2010-09-30,2011Q1,3,FFR,-0.10418378532736679,0.15666666666666668,-0.26085045199403345,-2.8782086321221105,-1.7104427222790597,-0.12530297852406633,1.519388339024914,2.542338409205734
mango_rmse,small,2010-09-30,2011Q2,4,FFR,-0.18199453514220068,0.09333333333333334,-0.27532786847553403,-3.1993949582134436,-2.0660746999147452,-0.19166711235166373,1.6733024856372303,2.8807168085853787
mango_rmse,small,2010-09-30,2011Q3,5,FFR,-0.2854767713711537,0.08333333333333333,-0.368810104704487,-3.726826542180091,-2.3671993560468536,-0.34554121992002607,1.803807966211341,3.1678734697714237
mango_rmse,small,2010-09-30,2011Q4,6,FFR,-0.4234334180417301,0.07333333333333335,-0.4967667513750635,-4.3035035093349885,-2.7455396775621077,-0.4305470720508639,1.8640120880122035,3.5621825286695747
mango_rmse,small,2010-09-30,2012Q1,7,FFR,-0.5514835804881724,0.10333333333333333,-0.6548169138215056,-4.755376485383914,-3.045381012962223,-0.6057498565664654,1.9814703980249335,3.716334378111292
mango_rmse,small,2010-09-30,2012Q2,8,FFR,-0.674627263156738,0.15333333333333335,-0.8279605964900714,-5.249744945009587,-3.3427603421076215,-0.6974034137948557,2.040100839325463,3.9393896407839204
mango_rmse,small,2010-09-30,2010Q3,1,GDP,949.3661666237483,966.3088604477673,-16.94269382401899,947.922044474094,948.4504177088293,949.3492865930418,950.2884678004908,950.9790557363505
mango_rmse,small,2010-09-30,2010Q4,2,GDP,949.9893940835605,966.8271103692053,-16.837716285644888,947.8625553771791,948.6404771791683,949.9685273236203,951.3160515544332,952.2069895597373
mango_rmse,small,2010-09-30,2011Q1,3,GDP,950.5877890399668,966.5859036314018,-15.998114591435069,948.0187932804306,948.9803829457044,950.5807269893578,952.1426777765779,953.2252358857351
mango_rmse,small,2010-09-30,2011Q2,4,GDP,951.1907639066394,967.261665957135,-16.070902050495647,948.1751299330015,949.3466001871484,951.1735204998023,952.9424641442644,954.1703371255177
mango_rmse,small,2010-09-30,2011Q3,5,GDP,951.7987799159741,967.2228912780705,-15.424111362096369,948.6010938992094,949.7533079745788,951.7998616855876,953.8529020210821,955.1178357555001
mango_rmse,small,2010-09-30,2011Q4,6,GDP,952.4091859928299,968.3383253013681,-15.929139308538197,948.7963036858449,950.0842502576526,952.4173188763205,954.6723767271202,956.109387587754
mango_rmse,small,2010-09-30,2012Q1,7,GDP,953.0090464141282,969.1529212860218,-16.14387487189356,948.9242425818018,950.4845849393947,952.9377955066631,955.5261261694786,957.1917333713963
mango_rmse,small,2010-09-30,2012Q2,8,GDP,953.5807571159128,969.6077453782113,-16.026988262298573,949.0902697408332,950.8626118541325,953.5966824890936,956.234675367476,958.1586613503663
mango_rmse,small,2010-12-31,2010Q4,1,DEFL,471.65760118623234,457.3122088019198,14.34539238431256,470.73362244236995,471.0976219519088,471.6652165146571,472.2190023410479,472.561935861123
mango_rmse,small,2010-12-31,2011Q1,2,DEFL,472.3049054907348,457.8271642119391,14.477741278795747,471.0276321391193,471.5076861292486,472.3070224176748,473.08760719491573,473.57487337176053
mango_rmse,small,2010-12-31,2011Q2,3,DEFL,472.95441714279895,458.48552274726825,14.468894395530697,471.33657684464697,471.982929589948,472.9716339804137,473.91353547998017,474.52472399235216
mango_rmse,small,2010-12-31,2011Q3,4,DEFL,473.5814549895123,459.10205503836494,14.479399951147343,471.67930788363344,472.43792045304946,473.5996862155839,474.7236513937202,475.45537372536995
mango_rmse,small,2010-12-31,2011Q4,5,DEFL,474.2414527375079,459.2226780352162,15.01877470229175,472.1332837069575,472.99839133764084,474.261836533834,475.4771612302246,476.2545913379631
mango_rmse,small,2010-12-31,2012Q1,6,DEFL,474.88739540552746,459.8276478897225,15.05974751580493,472.5425551122399,473.49092989599075,474.9234070307955,476.2831767559284,477.06990785540376
mango_rmse,small,2010-12-31,2012Q2,7,DEFL,475.5153850112917,460.2296059641123,15.285779047179403,473.02873360306637,474.03812384373776,475.5026069242858,477.03505595717667,477.97014373114604
mango_rmse,small,2010-12-31,2012Q3,8,DEFL,476.15679376987293,460.74675450367744,15.410039266195497,473.53227656915635,474.5273952273931,476.14571178671883,477.7743008222701,478.7945232465174
mango_rmse,small,2010-12-31,2010Q4,1,FFR,0.16415030581922968,0.18666666666666668,-0.022516360847436995,-1.357959813810967,-0.7136049972646032,0.1680190596958562,1.0866980157301693,1.6566132458937695
mango_rmse,small,2010-12-31,2011Q1,2,FFR,0.11136614132729442,0.15666666666666668,-0.04530052533937226,-2.0508791619599336,-1.2227164921797722,0.11926658339908763,1.4261850416247865,2.3358792975712057
mango_rmse,small,2010-12-31,2011Q2,3,FFR,0.056477182416393434,0.09333333333333334,-0.0368561509169399,-2.595319296836522,-1.5532459202548479,0.07133451907519725,1.6318625036940968,2.710579944727322
mango_rmse,small,2010-12-31,2011Q3,4,FFR,0.022362544507668072,0.08333333333333333,-0.060970788825665256,-2.9668765492933926,-1.8058237275008462,0.01934283432985115,1.903089912163782,3.0676531974880343
mango_rmse,small,2010-12-31,2011Q4,5,FFR,0.00948966646870714,0.07333333333333335,-0.06384366686462621,-3.4041849928476267,-2.0232199697110613,-0.032463327787105395,2.1311367035860487,3.418780176835098
mango_rmse,small,2010-12-31,2012Q1,6,FFR,-0.050927181128690144,0.10333333333333333,-0.1542605144620235,-3.878230938470602,-2.3331290701929,-0.09116337598912835,2.249209124552363,3.7385920857756187
mango_rmse,small,2010-12-31,2012Q2,7,FFR,-0.11761526409158432,0.15333333333333335,-0.27094859742491767,-4.311002921760692,-2.6464558595546097,-0.13977788943223596,2.473910400134618,4.026118288863283
mango_rmse,small,2010-12-31,2012Q3,8,FFR,-0.1635280238158005,0.14333333333333334,-0.3068613571491339,-4.781165347824583,-2.928366425215737,-0.13637072446381654,2.5881728024920014,4.195620950946536
mango_rmse,small,2010-12-31,2010Q4,1,GDP,950.0398315299159,966.8271103692053,-16.787278839289456,948.6027225066265,949.1056808460494,950.0015402510575,950.9916341186394,951.6704604626834
mango_rmse,small,2010-12-31,2011Q1,2,GDP,950.6861493700864,966.5859036314018,-15.89975426131548,948.4916330100439,949.348143189569,950.6769522868899,951.9996319613832,952.8755851864825
mango_rmse,small,2010-12-31,2011Q2,3,GDP,951.3365747476827,967.261665957135,-15.925091209452376,948.706166438677,949.8213591224247,951.3263789291788,952.8863620072851,953.8997726301639
mango_rmse,small,2010-12-31,2011Q3,4,GDP,951.9878089556557,967.2228912780705,-15.235082322414769,948.9879370302478,950.1664343353741,951.9911672426247,953.7670164053987,955.0614179557379
mango_rmse,small,2010-12-31,2011Q4,5,GDP,952.6008637586706,968.3383253013681,-15.737461542697474,949.2934457346925,950.5413757268068,952.6010214773381,954.580265248961,956.0905042003104
mango_rmse,small,2010-12-31,2012Q1,6,GDP,953.2276678908438,969.1529212860218,-15.925253395177947,949.6187422251464,950.9593115296915,953.2102899241911,955.4470271069408,956.9305450975957
mango_rmse,small,2010-12-31,2012Q2,7,GDP,953.8538157220745,969.6077453782113,-15.753929656136847,949.7520682494462,951.3384954329696,953.9116422694128,956.2875921820381,958.0916996598579
mango_rmse,small,2010-12-31,2012Q3,8,GDP,954.4502344158412,969.7824756135876,-15.332241197746384,950.1895722034166,951.7829813522732,954.460215658316,957.0884558547069,959.0565618657727
mango_rmse,small,2011-03-31,2011Q1,1,DEFL,471.7941976794984,457.8271642119391,13.967033467559304,470.8160902655294,471.19289754507975,471.7886687788007,472.3929780470229,472.78536840396396
mango_rmse,small,2011-03-31,2011Q2,2,DEFL,472.5235306638313,458.48552274726825,14.03800791656306,471.15153542374685,471.67616816694897,472.5326430112069,473.35712769740445,473.8649048670889
mango_rmse,small,2011-03-31,2011Q3,3,DEFL,473.2402394008105,459.10205503836494,14.138184362445543,471.594078037661,472.2339299418431,473.2259406112738,474.26072485727,474.9677608876249
mango_rmse,small,2011-03-31,2011Q4,4,DEFL,473.9380348740619,459.2226780352162,14.715356838845707,471.9769936370183,472.7467073791593,473.8912159423098,475.0958297789384,475.96647148994975
mango_rmse,small,2011-03-31,2012Q1,5,DEFL,474.6459139983922,459.8276478897225,14.818266108669661,472.55582459634235,473.32679835719404,474.6123737680128,475.9402656894219,476.90419686238226
mango_rmse,small,2011-03-31,2012Q2,6,DEFL,475.34484378029686,460.2296059641123,15.11523781618456,472.9525313913512,473.8706098175408,475.3444894244608,476.7825220267219,477.73229719670655
mango_rmse,small,2011-03-31,2012Q3,7,DEFL,476.0425631240053,460.74675450367744,15.295808620327875,473.44216656448344,474.44562904656675,476.015127364396,477.6754376310987,478.59619739784523
mango_rmse,small,2011-03-31,2012Q4,8,DEFL,476.7631172538891,461.25230870332746,15.510808550561649,474.1053423525858,475.04751523802315,476.7499620651703,478.41452495684626,479.5999167607203
mango_rmse,small,2011-03-31,2011Q1,1,FFR,0.09609075946530823,0.15666666666666668,-0.06057590720135844,-1.4181656721317126,-0.8558200651121716,0.062217088761906,1.0154916799075069,1.6791435430846982
mango_rmse,small,2011-03-31,2011Q2,2,FFR,-0.006596080546279604,0.09333333333333334,-0.09992941387961295,-2.2063276112474886,-1.32706164448966,-0.027439358201054385,1.3189691741212306,2.259678049503509
mango_rmse,small,2011-03-31,2011Q3,3,FFR,-0.10312890148881781,0.08333333333333333,-0.18646223482215113,-2.719036252953693,-1.7017478410483513,-0.13254562994232932,1.4706662262661203,2.661014898751495
mango_rmse,small,2011-03-31,2011Q4,4,FFR,-0.213720044853073,0.07333333333333335,-0.28705337818640636,-3.185434020649095,-2.0630738684305907,-0.2573809140245617,1.5910151055819397,2.8878135805632255
mango_rmse,small,2011-03-31,2012Q1,5,FFR,-0.3188518401050598,0.10333333333333333,-0.4221851734383931,-3.6761078406775485,-2.355690064392295,-0.3925873154658877,1.7385765380819966,3.203077931999309
mango_rmse,small,2011-03-31,2012Q2,6,FFR,-0.4418483333882425,0.15333333333333335,-0.5951816667215758,-4.14203535468387,-2.7090174420536925,-0.4552793724665931,1.8360155210616156,3.4300434372384725
mango_rmse,small,2011-03-31,2012Q3,7,FFR,-0.559336987207438,0.14333333333333334,-0.7026703205407713,-4.750374382629177,-3.0401063518673044,-0.605539097292572,1.9631019533201908,3.675219270225242
mango_rmse,small,2011-03-31,2012Q4,8,FFR,-0.6818066233500157,0.16,-0.8418066233500158,-5.244698232019461,-3.4667423256139496,-0.6688266598694461,1.98205470028645,3.9190703484249623
mango_rmse,small,2011-03-31,2011Q1,1,GDP,950.7715391732837,966.5859036314018,-15.81436445811812,949.3059014260808,949.8925721335737,950.760796225916,951.6900975810136,952.3272694495737
mango_rmse,small,2011-03-31,2011Q2,2,GDP,951.3639977413217,967.261665957135,-15.897668215813383,949.1874772582543,950.0358467644759,951.386395548061,952.6929148014189,953.5351684677237
mango_rmse,small,2011-03-31,2011Q3,3,GDP,951.9483954605975,967.2228912780705,-15.274495817473053,949.3401116024063,950.3569133868183,951.9792696446375,953.509865339367,954.5914076148018
mango_rmse,small,2011-03-31,2011Q4,4,GDP,952.573692233715,968.3383253013681,-15.764633067653108,949.5283489557302,950.7720137201381,952.6021185341974,954.3959846245692,955.5652047754947
mango_rmse,small,2011-03-31,2012Q1,5,GDP,953.1783311551865,969.1529212860218,-15.974590130835281,949.8187072675537,951.1006836771702,953.1429319904901,955.2312557300544,956.5751237170583
mango_rmse,small,2011-03-31,2012Q2,6,GDP,953.7618677685398,969.6077453782113,-15.845877609671561,950.0937024922235,951.5039562092329,953.7800981410949,956.0234410380294,957.4408589879973
mango_rmse,small,2011-03-31,2012Q3,7,GDP,954.3388188191377,969.7824756135876,-15.443656794449907,950.1406069362215,951.8570217951351,954.37096008291,956.8410932444157,958.3949800544837
mango_rmse,small,2011-03-31,2012Q4,8,GDP,954.9108606757509,969.8922534031813,-14.981392727430375,950.4735617787011,952.221487380553,954.9725337404159,957.4971690693062,959.3154688612397
mango_rmse,small,2011-06-30,2011Q2,1,DEFL,472.2408897746634,458.48552274726825,13.755367027395152,471.286638798457,471.66738650254433,472.2414255777292,472.80063332837153,473.17540636485126
mango_rmse,small,2011-06-30,2011Q3,2,DEFL,472.88074831384097,459.10205503836494,13.77869327547603,471.56060377878936,472.07703912756944,472.87325954095286,473.70592808045507,474.18121539787836
mango_rmse,small,2011-06-30,2011Q4,3,DEFL,473.5271640178474,459.2226780352162,14.304485982631206,471.8868562875267,472.5371116151922,473.5494212795674,474.4907098997809,475.1599472265171
mango_rmse,small,2011-06-30,2012Q1,4,DEFL,474.1677816329504,459.8276478897225,14.340133743227852,472.28608731982354,473.0397266731338,474.15455916134795,475.301476358927,476.1035394980957
mango_rmse,small,2011-06-30,2012Q2,5,DEFL,474.8197153066377,460.2296059641123,14.590109342525409,472.7819439460371,473.5476116174827,474.8250502707798,476.1080379334743,476.87521260146997
mango_rmse,small,2011-06-30,2012Q3,6,DEFL,475.4613685479331,460.74675450367744,14.714614044255654,473.22091071649373,474.0809269710063,475.41236756003934,476.84194614131474,477.82058585963193
mango_rmse,small,2011-06-30,2012Q4,7,DEFL,476.1060368847172,461.25230870332746,14.853728181389727,473.62562614705536,474.57739565452675,476.07502334315416,477.6390370241763,478.6321615282243
mango_rmse,small,2011-06-30,2013Q1,8,DEFL,476.7547214042384,461.651558288791,15.103163115447387,474.1748745212773,475.1476198587826,476.7394189485565,478.3565724959947,479.3437092630425
mango_rmse,small,2011-06-30,2011Q2,1,FFR,0.13553164888852684,0.09333333333333334,0.0421983155551935,-1.372990136740411,-0.7650677290819444,0.13422501462284026,1.0732584163276988,1.6689920328882284
mango_rmse,small,2011-06-30,2011Q3,2,FFR,0.06548815837060634,0.08333333333333333,-0.017845174962726987,-2.10633177849927,-1.263921509782207,0.03519363444342055,1.3425655157785343,2.3013770921564674
mango_rmse,small,2011-06-30,2011Q4,3,FFR,0.008060077914150282,0.07333333333333335,-0.06527325541918307,-2.596456668047971,-1.5643290590475798,-0.0206152698765098,1.6143967436729512,2.722701588724566
mango_rmse,small,2011-06-30,2012Q1,4,FFR,-0.05289874284988154,0.10333333333333333,-0.15623207618321489,-2.962218781145611,-1.9078254506314474,-0.01586200047585433,1.7084528971702473,2.929340558572851
mango_rmse,small,2011-06-30,2012Q2,5,FFR,-0.09176221072638378,0.15333333333333335,-0.24509554405971712,-3.444479309631511,-2.116486701301601,-0.11323707714418858,1.9912881685749815,3.299673345678674
mango_rmse,small,2011-06-30,2012Q3,6,FFR,-0.1565841424506065,0.14333333333333334,-0.29991747578393985,-3.807563942924546,-2.456028901509896,-0.18355030270108375,2.1456385735675414,3.5808569462098214
mango_rmse,small,2011-06-30,2012Q4,7,FFR,-0.2393540128540483,0.16,-0.3993540128540483,-4.324932645365023,-2.736113060770729,-0.2867700800146625,2.29495275263887,3.900494107558913
mango_rmse,small,2011-06-30,2013Q1,8,FFR,-0.3012639369266361,0.14333333333333334,-0.4445972702599694,-4.586122866953497,-3.015898326663054,-0.32264961061292524,2.3743245449332067,4.243812161558354
mango_rmse,small,2011-06-30,2011Q2,1,GDP,951.2404720154219,967.261665957135,-16.021193941713136,949.7894634674209,950.3655508630407,951.1987126096387,952.1493014258648,952.8183965619901
mango_rmse,small,2011-06-30,2011Q3,2,GDP,951.866165423726,967.2228912780705,-15.356725854344518,949.696030727851,950.5617138417678,951.8476533005121,953.2230346930003,954.0208547098686
mango_rmse,small,2011-06-30,2011Q4,3,GDP,952.481073461874,968.3383253013681,-15.857251839494097,949.9637853293368,950.9331161373477,952.4624915735085,954.0392215304705,955.1169284308152
mango_rmse,small,2011-06-30,2012Q1,4,GDP,953.1222854742613,969.1529212860218,-16.030635811760476,950.2211016096963,951.3390749450381,953.0865111353016,954.8495038333846,956.1429916056753
mango_rmse,small,2011-06-30,2012Q2,5,GDP,953.7210446781432,969.6077453782113,-15.886700700068104,950.4446345863412,951.7558713392932,953.6923999944136,955.7350022994558,957.0559479796125
mango_rmse,small,2011-06-30,2012Q3,6,GDP,954.3198141569511,969.7824756135876,-15.46266145663651,950.67641934161,952.149610620347,954.2932829088345,956.4982831422012,958.0347225838042
mango_rmse,small,2011-06-30,2012Q4,7,GDP,954.9329836490028,969.8922534031813,-14.959269754178422,951.0513211638064,952.5458622571011,954.8543122919509,957.395330369209,959.0442623651439
mango_rmse,small,2011-06-30,2013Q1,8,GDP,955.5154858064423,970.7562992997954,-15.24081349335313,951.2732685262013,952.9858681654183,955.4241754488658,958.1710700382228,959.86468524457
mango_rmse,small,2011-09-30,2011Q3,1,DEFL,473.5592185082471,459.10205503836494,14.457163469882175,472.57616708404817,472.96809192759054,473.55767061602194,474.15473059943787,474.5377833700098
mango_rmse,small,2011-09-30,2011Q4,2,DEFL,474.24116494546263,459.2226780352162,15.018486910246452,472.90561062606946,473.4180102154021,474.23214816265795,475.06207076528875,475.61358654177076
mango_rmse,small,2011-09-30,2012Q1,3,DEFL,474.9532608549511,459.8276478897225,15.125612965228584,473.2391377510723,473.9823228745743,474.94768518316937,475.94059963177085,476.6245648465044
mango_rmse,small,2011-09-30,2012Q2,4,DEFL,475.6525763238361,460.2296059641123,15.42297035972382,473.73467836068124,474.525636646536,475.64065820948974,476.85380477340703,477.5888875651199
mango_rmse,small,2011-09-30,2012Q3,5,DEFL,476.37455194608737,460.74675450367744,15.627797442409928,474.3101107748915,475.0894811498672,476.3579013488362,477.6507802844539,478.579229664301
mango_rmse,small,2011-09-30,2012Q4,6,DEFL,477.0742861613859,461.25230870332746,15.821977458058427,474.70340552733484,475.6865589613772,477.04233476687006,478.551859635485,479.42982661017004
mango_rmse,small,2011-09-30,2013Q1,7,DEFL,477.78580319436816,461.651558288791,16.134244905577134,475.2469004710538,476.2094677985321,477.7974581796484,479.34206133726974,480.300501153118
mango_rmse,small,2011-09-30,2013Q2,8,DEFL,478.4964594313025,461.93491871613605,16.561540715166473,475.78472976829397,476.8638384143146,478.4898266598273,480.15778855335685,481.2483253189726
mango_rmse,small,2011-09-30,2011Q3,1,FFR,0.010583857470081764,0.08333333333333333,-0.07274947586325156,-1.4872514035123914,-0.9111230237689494,0.010764216499229963,0.926694370486915,1.599546268777594
mango_rmse,small,2011-09-30,2011Q4,2,FFR,-0.1007003403466179,0.07333333333333335,-0.17403367367995126,-2.335377773201922,-1.4426135986647692,-0.11222628811992547,1.255895206580546,2.115644034425459
mango_rmse,small,2011-09-30,2012Q1,3,FFR,-0.20056827065746,0.10333333333333333,-0.30390160399079336,-2.8426713342462104,-1.8140705868672022,-0.19348618262975723,1.3821237569942522,2.470289830923773
mango_rmse,small,2011-09-30,2012Q2,4,FFR,-0.3063037941920532,0.15333333333333335,-0.45963712752538655,-3.317968930590902,-2.1605273584976232,-0.3152616501762456,1.5493171393347183,2.6941363977012256
mango_rmse,small,2011-09-30,2012Q3,5,FFR,-0.39209928077262574,0.14333333333333334,-0.5354326141059591,-3.7906806955471692,-2.4431579704824533,-0.42432453822840777,1.6925721731120273,2.972313669334215
mango_rmse,small,2011-09-30,2012Q4,6,FFR,-0.5053796244505211,0.16,-0.6653796244505211,-4.203204568005519,-2.713521626454963,-0.5329276381939723,1.7134595355237405,3.2247510615863897
mango_rmse,small,2011-09-30,2013Q1,7,FFR,-0.6382707752000994,0.14333333333333334,-0.7816041085334328,-4.748811009416623,-3.1095571008899547,-0.6823650140766957,1.8355667973230338,3.4847708220101508
mango_rmse,small,2011-09-30,2013Q2,8,FFR,-0.7616370471932212,0.11666666666666665,-0.8783037138598879,-5.228548233934071,-3.348001044193711,-0.7748798167587346,1.926973358471306,3.6335416916836505
mango_rmse,small,2011-09-30,2011Q3,1,GDP,949.9267831313858,967.2228912780705,-17.296108146684674,948.4655681873778,949.0404590192261,949.9053947023597,950.8769576587307,951.4649134972304
mango_rmse,small,2011-09-30,2011Q4,2,GDP,950.5049533651181,968.3383253013681,-17.833371936249932,948.4144318093706,949.2355657289424,950.4955836921656,951.8125633287885,952.647779343239
mango_rmse,small,2011-09-30,2012Q1,3,GDP,951.0795784075891,969.1529212860218,-18.07334287843264,948.5690205325864,949.5062424172376,951.0536044138073,952.7086105345136,953.7376568763087
mango_rmse,small,2011-09-30,2012Q2,4,GDP,951.6806276515857,969.6077453782113,-17.927117726625625,948.6902082371074,949.8398748877975,951.6503572102779,953.470077961101,954.8073664517115
mango_rmse,small,2011-09-30,2012Q3,5,GDP,952.2427912570781,969.7824756135876,-17.539684356509497,948.8890310270621,950.2628564588019,952.1771556937388,954.3287783805133,955.7358946143373
mango_rmse,small,2011-09-30,2012Q4,6,GDP,952.8035268214362,969.8922534031813,-17.08872658174505,948.9504033501158,950.5828661009435,952.7878837706253,955.1113994435171,956.5894870382389
mango_rmse,small,2011-09-30,2013Q1,7,GDP,953.3824605555151,970.7562992997954,-17.373838744280306,949.3442752711246,950.873111907673,953.3544831859931,955.9003107630255,957.6439652211221
mango_rmse,small,2011-09-30,2013Q2,8,GDP,953.9310450516524,970.8955874685364,-16.964542416884,949.3946786014995,951.2109985772288,953.9671143068235,956.6227272594324,958.4602709051497
mango_rmse,small,2011-12-31,2011Q4,1,DEFL,474.066239310611,459.2226780352162,14.843561275394848,473.62579288166324,473.77726893951666,474.06665029828537,474.3448697979849,474.5377456017357
mango_rmse,small,2011-12-31,2012Q1,2,DEFL,474.6782074210671,459.8276478897225,14.850559531344572,473.8914787136216,474.19181340132,474.6803534793439,475.1653076674965,475.47977812401547
mango_rmse,small,2011-12-31,2012Q2,3,DEFL,475.2922020422283,460.2296059641123,15.06259607811603,474.1046810458444,474.5765061638986,475.2930694026584,476.01548114968966,476.4860565051541
mango_rmse,small,2011-12-31,2012Q3,4,DEFL,475.91169927260415,460.74675450367744,15.164944768926716,474.27094676668577,474.93162284685684,475.91137974838466,476.88094646643515,477.55152241548103
mango_rmse,small,2011-12-31,2012Q4,5,DEFL,476.5502400439329,461.25230870332746,15.29793134060543,474.38894374593986,475.27751024996985,476.56768419010297,477.8349100424026,478.68183938938256
mango_rmse,small,2011-12-31,2013Q1,6,DEFL,477.2020904211546,461.651558288791,15.550532132363571,474.47862043884663,475.60432343909963,477.1954984826009,478.8360960247596,479.85590041901474
mango_rmse,small,2011-12-31,2013Q2,7,DEFL,477.8570919708614,461.93491871613605,15.922173254725351,474.59623541846645,475.91151948351705,477.8385980565338,479.81772884802547,481.1029305060416
mango_rmse,small,2011-12-31,2013Q3,8,DEFL,478.52961631571446,462.40508197513793,16.12453434057653,474.7635612049532,476.24646794323615,478.5208517947092,480.83990808338893,482.32112312651407
mango_rmse,small,2011-12-31,2011Q4,1,FFR,0.39189254738855306,0.07333333333333335,0.3185592140552197,-0.9756401895518755,-0.42580723682060506,0.41150315017632677,1.19681944815649,1.7499132777278412
mango_rmse,small,2011-12-31,2012Q1,2,FFR,0.6860438059878033,0.10333333333333333,0.5827104726544701,-1.394977753646815,-0.6147085342848051,0.6720859237425953,1.971432008962868,2.847690845041164
mango_rmse,small,2011-12-31,2012Q2,3,FFR,0.950804854306878,0.15333333333333335,0.7974715209735447,-1.5957751363567805,-0.6192342312889021,0.8881537242986728,2.5426987806441446,3.659705377417818
mango_rmse,small,2011-12-31,2012Q3,4,FFR,1.2339847547117968,0.14333333333333334,1.0906514213784635,-1.8203597863149397,-0.6369574723180371,1.1965728704896663,3.057199655579614,4.35548044575022
mango_rmse,small,2011-12-31,2012Q4,5,FFR,1.519110568999111,0.16,1.359110568999111,-1.9137272048591454,-0.6130040881120589,1.434040928123407,3.643627019854022,5.154258091747231
mango_rmse,small,2011-12-31,2013Q1,6,FFR,1.7312888165898421,0.14333333333333334,1.5879554832565088,-2.266490367947559,-0.5998511779511918,1.6953036452117352,4.064532750615934,5.739094585218014
mango_rmse,small,2011-12-31,2013Q2,7,FFR,1.8855948295232572,0.11666666666666665,1.7689281628565905,-2.4693018362074897,-0.5996861072257982,1.8541379974235697,4.459919015281121,6.1855289744184185
mango_rmse,small,2011-12-31,2013Q3,8,FFR,2.0565555598025607,0.08333333333333333,1.9732222264692274,-2.4951685684687344,-0.6282036483111454,2.044572941276453,4.7916543539965835,6.684302619655831
mango_rmse,small,2011-12-31,2011Q4,1,GDP,950.3600062599011,968.3383253013681,-17.97831904146699,949.0355126451442,949.5521220703006,950.317402411162,951.2092557024388,951.8430615865099
mango_rmse,small,2011-12-31,2012Q1,2,GDP,950.9700074112591,969.1529212860218,-18.182913874762676,948.7162076286444,949.6267549779075,950.9282033998892,952.4189694982402,953.2358817134091
mango_rmse,small,2011-12-31,2012Q2,3,GDP,951.5214171595375,969.6077453782113,-18.086328218673884,948.396973454151,949.7386152175966,951.5081585732833,953.3558713118807,954.469011972183
mango_rmse,small,2011-12-31,2012Q3,4,GDP,952.0724627871664,969.7824756135876,-17.710012826421234,948.3303459634536,949.9425485907133,952.0133051595681,954.2823559467324,955.7567725005331
mango_rmse,small,2011-12-31,2012Q4,5,GDP,952.5657431470414,969.8922534031813,-17.32651025613984,948.264798254281,950.0237901216647,952.5949888164733,955.1225439933912,956.8693589624766
mango_rmse,small,2011-12-31,2013Q1,6,GDP,953.0482104491965,970.7562992997954,-17.70808885059887,948.0969060662555,950.2646055629858,953.0838242970417,955.940837316748,957.9635233817788
mango_rmse,small,2011-12-31,2013Q2,7,GDP,953.527244101765,970.8955874685364,-17.368343366771455,948.1461737212632,950.3969821103118,953.545870489057,956.8015718885831,958.9025409592823
mango_rmse,small,2011-12-31,2013Q3,8,GDP,953.952535267458,971.6841237441809,-17.73158847672289,947.9097345186826,950.5309184757272,953.9309403584981,957.5575698499565,959.9136315735079
mango_rmse,small,2012-03-31,2012Q1,1,DEFL,474.14989330434094,459.8276478897225,14.322245414618408,473.7032057288142,473.87053345558854,474.1527673811676,474.4240513897662,474.5873108206199
mango_rmse,small,2012-03-31,2012Q2,2,DEFL,474.6213277818575,460.2296059641123,14.391721817745179,473.81854506737506,474.1319609957725,474.62902649578,475.082029495097,475.38271418096906
mango_rmse,small,2012-03-31,2012Q3,3,DEFL,475.12859143799983,460.74675450367744,14.381836934322394,473.94964788684973,474.4078508310516,475.1532159900696,475.81007742580465,476.29963750526235
mango_rmse,small,2012-03-31,2012Q4,4,DEFL,475.58191101152045,461.25230870332746,14.329602308192989,473.9607952055179,474.6167426037804,475.61576585664164,476.5062550947679,477.176391764876
mango_rmse,small,2012-03-31,2013Q1,5,DEFL,476.09602229396324,461.651558288791,14.444464005172222,473.97250122526935,474.8323063003704,476.1079769209017,477.3074030500012,478.153879548198
mango_rmse,small,2012-03-31,2013Q2,6,DEFL,476.6267866321131,461.93491871613605,14.69186791597707,474.0037503226167,475.0181106983668,476.6734011480289,478.20359141932767,479.1303551410323
mango_rmse,small,2012-03-31,2013Q3,7,DEFL,477.18804392427745,462.40508197513793,14.78296194913952,473.95082081494166,475.1784625188301,477.24010619788015,479.10821870918795,480.29337934507083
mango_rmse,small,2012-03-31,2013Q4,8,DEFL,477.7537636881621,463.00091293350107,14.75285075466104,473.91662619395703,475.4119715246543,477.800365602949,479.9848219778689,481.4377802867173
mango_rmse,small,2012-03-31,2012Q1,1,FFR,0.21181505000272208,0.10333333333333333,0.10848171666938874,-1.0490759196550083,-0.5725259391857058,0.22090391654213304,1.0067172786858916,1.511567069205534
mango_rmse,small,2012-03-31,2012Q2,2,FFR,0.21983155565436993,0.15333333333333335,0.06649822232103658,-1.8700092985530707,-1.080908264550811,0.21845756167590197,1.5324200125025977,2.3433484459225697
mango_rmse,small,2012-03-31,2012Q3,3,FFR,0.3804502104190117,0.14333333333333334,0.23711687708567838,-2.2632105813270087,-1.2366966517809963,0.3616510387741282,2.0091545875305505,3.099713235503417
mango_rmse,small,2012-03-31,2012Q4,4,FFR,0.7167523346759452,0.16,0.5567523346759452,-2.49194658319239,-1.1899270853555861,0.746231967030756,2.613581798771504,3.8265014028145954
mango_rmse,small,2012-03-31,2013Q1,5,FFR,0.9747643562725777,0.14333333333333334,0.8314310229392444,-2.5358374821293874,-1.1820012325339238,0.8986828950944254,3.1693900802184705,4.590351919623163
mango_rmse,small,2012-03-31,2013Q2,6,FFR,1.090991566479944,0.11666666666666665,0.9743248998132774,-2.9288875116175173,-1.2896940961013408,1.0376825707447095,3.4541234996875008,5.1175190734577365
mango_rmse,small,2012-03-31,2013Q3,7,FFR,1.2239716634240145,0.08333333333333333,1.1406383300906813,-3.1154967489244654,-1.3036720177742904,1.2539987211795471,3.799430891049988,5.553229283996044
mango_rmse,small,2012-03-31,2013Q4,8,FFR,1.407681324833854,0.08666666666666667,1.3210146581671873,-3.314829154833246,-1.257781145697951,1.4840019025655629,4.120105235763332,5.97185259347613
mango_rmse,small,2012-03-31,2012Q1,1,GDP,950.9680244733522,969.1529212860218,-18.184896812669535,949.6228411844542,950.176190012384,950.9410845131517,951.7790999710979,952.3911646660029
mango_rmse,small,2012-03-31,2012Q2,2,GDP,951.4967493917048,969.6077453782113,-18.11099598650651,949.2246462297044,950.1076492403104,951.5008999407039,952.8919106941677,953.8317772341111
mango_rmse,small,2012-03-31,2012Q3,3,GDP,952.1263515093618,969.7824756135876,-17.656124104225796,949.0577895795184,950.2625962591388,952.1495341862908,953.8908893999713,955.0741435901845
mango_rmse,small,2012-03-31,2012Q4,4,GDP,952.7754577731013,969.8922534031813,-17.11679563007999,949.1506067575395,950.536070771426,952.7674007428088,955.0049326797683,956.3857992501062
mango_rmse,small,2012-03-31,2013Q1,5,GDP,953.316911983094,970.7562992997954,-17.439387316701414,949.0185695170323,950.7212325657673,953.3774198343001,955.8634851564373,957.6106860705944
mango_rmse,small,2012-03-31,2013Q2,6,GDP,953.7900205591799,970.8955874685364,-17.105566909356526,948.889835909304,950.9384884613621,953.8203750934597,956.6666643353863,958.5917396127521
mango_rmse,small,2012-03-31,2013Q3,7,GDP,954.2820773438655,971.6841237441809,-17.402046400315385,948.7998842354839,951.0112224973274,954.2618910839797,957.496018051015,959.4861788728784
mango_rmse,small,2012-03-31,2013Q4,8,GDP,954.7237818233069,972.3927778506837,-17.668996027376807,948.8041069234513,951.2977505417372,954.7217016615267,958.1691460361151,960.43333463918
mango_rmse,small,2012-06-30,2012Q2,1,DEFL,474.66390265601626,460.2296059641123,14.434296691903967,474.2222725478142,474.38846068596985,474.6641330406583,474.93782656587723,475.1116002764661
mango_rmse,small,2012-06-30,2012Q3,2,DEFL,475.18877094581836,460.74675450367744,14.442016442140925,474.42973782593714,474.71145211911056,475.19473187172935,475.6517753031146,475.9487450196935
mango_rmse,small,2012-06-30,2012Q4,3,DEFL,475.65034045770307,461.25230870332746,14.398031754375609,474.49040520885023,474.9434807893116,475.66959319100835,476.32681213007317,476.76358228944275
mango_rmse,small,2012-06-30,2013Q1,4,DEFL,476.175208435308,461.651558288791,14.523650146516957,474.6394410195021,475.22872443415054,476.1908573870332,477.1201536841148,477.68766947242386
mango_rmse,small,2012-06-30,2013Q2,5,DEFL,476.716894301462,461.93491871613605,14.781975585325938,474.68135631897223,475.47049933791,476.73772963817134,477.9710803004176,478.672381305848
mango_rmse,small,2012-06-30,2013Q3,6,DEFL,477.2918548353214,462.40508197513793,14.886772860183441,474.7304184555705,475.70159670426943,477.3554362535964,478.8720956620846,479.78655678001064
mango_rmse,small,2012-06-30,2013Q4,7,DEFL,477.8655217300258,463.00091293350107,14.864608796524749,474.67207443932364,475.8999307344842,477.94185777333723,479.77356571941954,480.88023956161976
mango_rmse,small,2012-06-30,2014Q1,8,DEFL,478.4673255792106,463.41657228293434,15.050753296276241,474.7422822641744,476.18651200352286,478.53731650318264,480.69148812311596,482.0763121134586
mango_rmse,small,2012-06-30,2012Q2,1,FFR,0.15349335731528718,0.15333333333333335,0.00016002398195383294,-1.1252519056358488,-0.62121963419599,0.16074162559593735,0.921985080913465,1.4349739930811654
mango_rmse,small,2012-06-30,2012Q3,2,FFR,0.37498613869824754,0.14333333333333334,0.2316528053649142,-1.787441957204062,-0.8542146088030369,0.3716884602665408,1.6453775224712608,2.513184847142902
mango_rmse,small,2012-06-30,2012Q4,3,FFR,0.6942514260711896,0.16,0.5342514260711896,-1.942178866614018,-0.9408370144752695,0.6755026871127684,2.3250086510296,3.4113526565788974
mango_rmse,small,2012-06-30,2013Q1,4,FFR,0.9406869096578606,0.14333333333333334,0.7973535763245273,-2.1965401118336016,-0.9288745606758576,0.9623852460711353,2.8329519955028077,4.091085136039855
mango_rmse,small,2012-06-30,2013Q2,5,FFR,1.1127667350121846,0.11666666666666665,0.9961000683455179,-2.476074361842523,-1.0230812927973105,1.0770342612701325,3.262978776834094,4.754812465383842
mango_rmse,small,2012-06-30,2013Q3,6,FFR,1.279619447253963,0.08333333333333333,1.1962861139206298,-2.691548386114685,-1.1616604008241187,1.243515942672282,3.6496300629333316,5.298999245559467
mango_rmse,small,2012-06-30,2013Q4,7,FFR,1.4327641190216225,0.08666666666666667,1.3460974523549558,-2.769881967119729,-1.2126767944948473,1.495684458508764,3.963546143413699,5.8012079053849135
mango_rmse,small,2012-06-30,2014Q1,8,FFR,1.5689185436690973,0.07333333333333335,1.495585210335764,-2.951184283806459,-1.32577686472954,1.675203950103453,4.292669174079724,6.3108274489263625
mango_rmse,small,2012-06-30,2012Q2,1,GDP,951.5133900363684,969.6077453782113,-18.09435534184297,950.2258480399119,950.7045415442317,951.4873305939011,952.3158240479366,952.9076934402743
mango_rmse,small,2012-06-30,2012Q3,2,GDP,952.207562610884,969.7824756135876,-17.574913002703624,949.9526339779792,950.8225162756873,952.1970507499207,953.5814136265111,954.4917966673243
mango_rmse,small,2012-06-30,2012Q4,3,GDP,952.8495512895917,969.8922534031813,-17.0427021135896,949.8053848138778,951.0098165728509,952.8433326390789,954.6530508780255,955.8780108459039
mango_rmse,small,2012-06-30,2013Q1,4,GDP,953.4124787722872,970.7562992997954,-17.34382052750823,949.7107243478966,951.2074447961512,953.3928194774631,955.5214313658516,957.2106057172787
mango_rmse,small,2012-06-30,2013Q2,5,GDP,953.9017828937863,970.8955874685364,-16.99380457475013,949.6423495299342,951.3424041098098,953.8477990475401,956.3776403992513,958.4473305858853
mango_rmse,small,2012-06-30,2013Q3,6,GDP,954.3867803290439,971.6841237441809,-17.297343415136993,949.5342251111326,951.503547329958,954.3151560263618,957.2781656515468,959.2794218298749
mango_rmse,small,2012-06-30,2013Q4,7,GDP,954.8580179927965,972.3927778506837,-17.534759857887252,949.4105378916476,951.7128454895058,954.7302972190876,958.1112799885982,960.272845689712
mango_rmse,small,2012-06-30,2014Q1,8,GDP,955.2850109983672,972.0420537957549,-16.757042797387726,949.4191381373441,951.8448900226216,955.2553705806956,958.7686562802464,961.1133989118317
mango_rmse,small,2012-09-30,2012Q3,1,DEFL,474.9750046351087,460.74675450367744,14.228250131431253,474.51307290380913,474.69091644274783,474.98542990958396,475.249840643586,475.41315756715767
mango_rmse,small,2012-09-30,2012Q4,2,DEFL,475.3837000167536,461.25230870332746,14.13139131342615,474.59030833628833,474.90039231987464,475.39157796615206,475.8537897639821,476.16097180837926
mango_rmse,small,2012-09-30,2013Q1,3,DEFL,475.84693338355464,461.651558288791,14.19537509476362,474.64859194426185,475.14737959608664,475.8662906918079,476.527285699373,477.01748044682694
mango_rmse,small,2012-09-30,2013Q2,4,DEFL,476.30573514992113,461.93491871613605,14.37081643378508,474.6838879206111,475.3631854308797,476.3326487757911,477.2333305572325,477.89365441080537
mango_rmse,small,2012-09-30,2013Q3,5,DEFL,476.79776117804744,462.40508197513793,14.392679202909505,474.6642906010259,475.54313634226327,476.8347404009328,478.0399986755181,478.78761311173764
mango_rmse,small,2012-09-30,2013Q4,6,DEFL,477.2983020737711,463.00091293350107,14.297389140270013,474.6492833980401,475.7060886667199,477.33029868078506,478.81168524859646,479.8103809348206
mango_rmse,small,2012-09-30,2014Q1,7,DEFL,477.8146852613277,463.41657228293434,14.398112978393385,474.5470423019834,475.8303112347956,477.83069058519675,479.7165122505007,480.8669637914198
mango_rmse,small,2012-09-30,2014Q2,8,DEFL,478.347017533032,463.9813129431631,14.36570458986887,474.50247055130103,476.062562545567,478.36708982517445,480.6410047042888,481.9825392535338
mango_rmse,small,2012-09-30,2012Q3,1,FFR,0.3249989105087672,0.14333333333333334,0.18166557717543388,-0.9698129509034286,-0.48833670702566784,0.32399896616910345,1.1085175288460698,1.6665811772718395
mango_rmse,small,2012-09-30,2012Q4,2,FFR,0.5185313671160727,0.16,0.3585313671160727,-1.5007541410068908,-0.7897245460413953,0.4970840678509788,1.8147135800310668,2.7102877958894886
mango_rmse,small,2012-09-30,2013Q1,3,FFR,0.6828112310129344,0.14333333333333334,0.5394778976796011,-1.8130407553247294,-0.8736564209941756,0.6272341040031653,2.2427339762082843,3.3607826867604094
mango_rmse,small,2012-09-30,2013Q2,4,FFR,0.8520291919719138,0.11666666666666665,0.7353625253052471,-2.176639375807559,-1.0239467590266327,0.8508627629029879,2.6877620869748267,3.857752345223512
mango_rmse,small,2012-09-30,2013Q3,5,FFR,1.0351584469623032,0.08333333333333333,0.9518251136289698,-2.43914593653656,-1.0562867274200636,1.0528588101676832,3.1391713091444475,4.49245750900802
mango_rmse,small,2012-09-30,2013Q4,6,FFR,1.1677637164994752,0.08666666666666667,1.0810970498328085,-2.6416771460427797,-1.1786507273445455,1.1924898394389478,3.435308169974226,5.070964540262877
mango_rmse,small,2012-09-30,2014Q1,7,FFR,1.2481162631543634,0.07333333333333335,1.1747829298210302,-3.046466466715906,-1.2164667138219936,1.304071064420144,3.727528982129407,5.331338032845863
mango_rmse,small,2012-09-30,2014Q2,8,FFR,1.368711424460008,0.09333333333333334,1.2753780911266748,-3.1425524930484796,-1.3930256293942362,1.405434569403607,4.024969908765433,5.769343537671897
mango_rmse,small,2012-09-30,2012Q3,1,GDP,951.9926635998288,969.7824756135876,-17.78981201375882,950.6714194053848,951.1884974796533,951.9551123994868,952.8324190150656,953.3774109494354
mango_rmse,small,2012-09-30,2012Q4,2,GDP,952.552821116944,969.8922534031813,-17.339432286237297,950.242817292305,951.1896134375896,952.5233664924017,953.9639453885349,954.8457425563615
mango_rmse,small,2012-09-30,2013Q1,3,GDP,953.0575566688838,970.7562992997954,-17.698742630911624,950.0305822062091,951.1629290242411,953.0563012961516,954.9862688004363,956.1868850037598
mango_rmse,small,2012-09-30,2013Q2,4,GDP,953.5586860869008,970.8955874685364,-17.336901381635585,949.6850924322691,951.1574221735809,953.564989521421,955.9637897138273,957.5763972249163
mango_rmse,small,2012-09-30,2013Q3,5,GDP,954.0360144984787,971.6841237441809,-17.64810924570213,949.3415487213493,951.204069773185,954.0429105305991,956.8392345102369,958.8098169236144
mango_rmse,small,2012-09-30,2013Q4,6,GDP,954.5010718991722,972.3927778506837,-17.89170595151154,948.9564475058256,951.2320811329058,954.4574233879567,957.7783647450303,960.0438939217914
mango_rmse,small,2012-09-30,2014Q1,7,GDP,954.962704894307,972.0420537957549,-17.07934890144793,948.5217726878462,951.120462294232,954.9583567042605,958.676311516888,961.4326094270616
mango_rmse,small,2012-09-30,2014Q2,8,GDP,955.3902348531359,973.318007678534,-17.92777282539805,948.148233519893,951.1408862014805,955.4470639420377,959.5504348376761,962.3621017719217
mango_rmse,small,2012-12-31,2012Q4,1,DEFL,475.66968518197797,461.25230870332746,14.41737647865051,475.21733266539906,475.3846996146923,475.67482981203483,475.9467930969043,476.12286950788155
mango_rmse,small,2012-12-31,2013Q1,2,DEFL,476.24411649548045,461.651558288791,14.592558206689432,475.4419932396895,475.7800150994294,476.2542394065864,476.7156996882644,477.0404460424433
mango_rmse,small,2012-12-31,2013Q2,3,DEFL,476.79804652483915,461.93491871613605,14.863127808703098,475.60619858023585,476.1057220536785,476.8081381420294,477.4875307786702,477.9885960019362
mango_rmse,small,2012-12-31,2013Q3,4,DEFL,477.4346769550971,462.40508197513793,15.029594979959143,475.82526578734877,476.4726847284413,477.43727524846855,478.36355253823,479.05982984314335
mango_rmse,small,2012-12-31,2013Q4,5,DEFL,478.05693786300753,463.00091293350107,15.056024929506464,475.9936924231754,476.7393111323756,478.07190692869233,479.28133252061883,480.20118975611757
mango_rmse,small,2012-12-31,2014Q1,6,DEFL,478.72163185577625,463.41657228293434,15.305059572841913,476.0930548432452,477.04981072055676,478.7511757884982,480.2966108685506,481.42043152433087
mango_rmse,small,2012-12-31,2014Q2,7,DEFL,479.38240684163,463.9813129431631,15.401093898466854,476.2342252699642,477.34693134274846,479.4277035664516,481.2955949418215,482.6761638434962
mango_rmse,small,2012-12-31,2014Q3,8,DEFL,480.06585784392314,464.4169720837101,15.648885760213034,476.26412451535754,477.6835788022692,480.1075470048395,482.38087607075624,483.9581184560855
mango_rmse,small,2012-12-31,2012Q4,1,FFR,0.4849826882497292,0.16,0.3249826882497292,-0.8154679425291125,-0.3178218162962664,0.5011862988791895,1.2791985371058974,1.8048838522869615
mango_rmse,small,2012-12-31,2013Q1,2,FFR,0.8637016496451162,0.14333333333333334,0.7203683163117829,-1.2462629290526361,-0.38490504443095014,0.827681578402777,2.1882340550406703,2.9749592762265302
mango_rmse,small,2012-12-31,2013Q2,3,FFR,1.070605895444736,0.11666666666666665,0.9539392287780692,-1.560039968818267,-0.4901090371180299,1.0671606828514149,2.69010688597211,3.7040402821529934
mango_rmse,small,2012-12-31,2013Q3,4,FFR,1.211654709852121,0.08333333333333333,1.1283213765187878,-1.961234144188955,-0.645495594836236,1.2262730993544952,3.093788313219999,4.226623638717523
mango_rmse,small,2012-12-31,2013Q4,5,FFR,1.4447771106603104,0.08666666666666667,1.3581104439936438,-1.9773568127986858,-0.6872422077138609,1.3908522738552318,3.578138956077026,4.905952651586033
mango_rmse,small,2012-12-31,2014Q1,6,FFR,1.6452260504508442,0.07333333333333335,1.571892717117511,-2.114231618063989,-0.6989450141657518,1.6140079219145895,3.9343876198302756,5.6047410382098315
mango_rmse,small,2012-12-31,2014Q2,7,FFR,1.7543983618953458,0.09333333333333334,1.6610650285620125,-2.3502661669015485,-0.8159623433990806,1.7846383414966827,4.343612973803945,5.93771209448628
mango_rmse,small,2012-12-31,2014Q3,8,FFR,1.8698320396151495,0.09000000000000001,1.7798320396151495,-2.717001235033459,-0.8532964693162379,1.90022503775789,4.642905385935722,6.317648187449406
mango_rmse,small,2012-12-31,2012Q4,1,GDP,952.8179633602848,969.8922534031813,-17.07429004289645,951.5026358773267,952.0472225770734,952.7909502765405,953.60452375801,954.2029653993523
mango_rmse,small,2012-12-31,2013Q1,2,GDP,953.524521743384,970.7562992997954,-17.23177755641143,951.2705195599387,952.1755969996532,953.5276128392878,954.8564181523756,955.6816070576172
mango_rmse,small,2012-12-31,2013Q2,3,GDP,953.9960675932635,970.8955874685364,-16.89951987527286,951.0681539840759,952.2495805788194,953.9985472544472,955.7725619471148,956.8742313618487
mango_rmse,small,2012-12-31,2013Q3,4,GDP,954.5014692501915,971.6841237441809,-17.18265449398939,951.0063168199458,952.38452140647,954.4833054940382,956.6673871743159,958.2548344915202
mango_rmse,small,2012-12-31,2013Q4,5,GDP,954.953696632483,972.3927778506837,-17.439081218200727,950.7633485387278,952.4704967777654,954.9871580265499,957.4435129655934,959.2456707021919
mango_rmse,small,2012-12-31,2014Q1,6,GDP,955.4035168267252,972.0420537957549,-16.6385369690297,950.676649174319,952.5863469752067,955.3856375286736,958.1539472486148,960.2799984327073
mango_rmse,small,2012-12-31,2014Q2,7,GDP,955.8291862000472,973.318007678534,-17.488821478486784,950.4375570813927,952.5715612523459,955.8047892943846,959.0262396426308,961.3340038235643
mango_rmse,small,2012-12-31,2014Q3,8,GDP,956.2353262526198,974.4762358890149,-18.240909636395145,950.2135958559552,952.755404755808,956.2553325696332,959.757425281727,962.2739745908111
mango_rmse,small,2013-03-31,2013Q1,1,DEFL,475.8842741081226,461.651558288791,14.232715819331588,475.41652706907536,475.60273818147425,475.8884620200056,476.15683726468257,476.34603179001255
mango_rmse,small,2013-03-31,2013Q2,2,DEFL,476.2996484084994,461.93491871613605,14.364729692363369,475.5215337782023,475.80885874979236,476.30510941145246,476.7759456242191,477.0934216197543
mango_rmse,small,2013-03-31,2013Q3,3,DEFL,476.8047424986941,462.40508197513793,14.399660523556179,475.6192239113318,476.09607919391107,476.8090540671808,477.5246925436408,477.98323110593316
mango_rmse,small,2013-03-31,2013Q4,4,DEFL,477.2191883633226,463.00091293350107,14.218275429821517,475.60556842325803,476.2420624170851,477.22620810445073,478.155755147844,478.7980153588117
mango_rmse,small,2013-03-31,2014Q1,5,DEFL,477.70616347608603,463.41657228293434,14.289591193151693,475.61842496372327,476.4446588281835,477.72087212194367,478.99471098048605,479.73855866118
mango_rmse,small,2013-03-31,2014Q2,6,DEFL,478.18516530564386,463.9813129431631,14.203852362480745,475.54889966525866,476.59046631259145,478.22936452860506,479.7547848257518,480.7868354746164
mango_rmse,small,2013-03-31,2014Q3,7,DEFL,478.7010312328235,464.4169720837101,14.284059149113375,475.50608482283735,476.7371964309954,478.7591455615979,480.6243417457348,481.86924208502774
mango_rmse,small,2013-03-31,2014Q4,8,DEFL,479.2176260486408,464.58321677069813,14.634409277942666,475.41871131953684,476.92498530346097,479.28185544221753,481.51090000646735,483.0213245565848
mango_rmse,small,2013-03-31,2013Q1,1,FFR,0.28437611263142737,0.14333333333333334,0.14104277929809403,-1.0283637687575042,-0.4884141035030003,0.2789273278076523,1.0581069753641565,1.5958403286133676
mango_rmse,small,2013-03-31,2013Q2,2,FFR,0.2219527324852869,0.11666666666666665,0.10528606581862025,-1.8609843198171858,-1.0129105846209328,0.24147539003292495,1.4586094377371135,2.340920055144778
mango_rmse,small,2013-03-31,2013Q3,3,FFR,0.24190835307396308,0.08333333333333333,0.15857501974062976,-2.4023007437202057,-1.324050926873746,0.20543583069963536,1.8194374084795804,2.9394238193608517
mango_rmse,small,2013-03-31,2013Q4,4,FFR,0.49166529189159663,0.08666666666666667,0.40499862522492996,-2.572995864252832,-1.4196889876403491,0.4931856254817414,2.338996720809286,3.7376842543650537
mango_rmse,small,2013-03-31,2014Q1,5,FFR,0.708034372955711,0.07333333333333335,0.6347010396223777,-2.8429508541599446,-1.4500569768416256,0.6855518242373468,2.7983659652672137,4.345813944483133
mango_rmse,small,2013-03-31,2014Q2,6,FFR,0.8017228817005438,0.09333333333333334,0.7083895483672105,-3.203080896992315,-1.6064999200623202,0.8132279648602725,3.179103522903972,4.781416776066364
mango_rmse,small,2013-03-31,2014Q3,7,FFR,0.8933874380797227,0.09000000000000001,0.8033874380797227,-3.330001182315403,-1.6809136465637833,0.9428646775356182,3.425879577320679,5.070498021270931
mango_rmse,small,2013-03-31,2014Q4,8,FFR,1.0492672765100661,0.09999999999999999,0.9492672765100661,-3.464993352085245,-1.7493965658261441,1.1380686874509482,3.816447453076655,5.490443541352727
mango_rmse,small,2013-03-31,2013Q1,1,GDP,952.6936415508543,970.7562992997954,-18.062657748941092,951.3803038925804,951.9060761997458,952.6767196321528,953.5131509960236,954.0720796988584
mango_rmse,small,2013-03-31,2013Q2,2,GDP,953.0586523102697,970.8955874685364,-17.83693515826667,950.8432412687687,951.6948481939118,953.0342206589819,954.445162619739,955.27255256781
mango_rmse,small,2013-03-31,2013Q3,3,GDP,953.5866192557269,971.6841237441809,-18.09750448845398,950.6507013297568,951.8042687714462,953.5921416309475,955.3949818529092,956.5439961918601
mango_rmse,small,2013-03-31,2013Q4,4,GDP,954.1532626944747,972.3927778506837,-18.239515156208995,950.5848312989996,951.9821381359164,954.144918725731,956.3296190091594,957.8099257806213
mango_rmse,small,2013-03-31,2014Q1,5,GDP,954.6857441730539,972.0420537957549,-17.35630962270102,950.4993948448662,952.2401874873404,954.6772563138899,957.164485808346,958.8234674208747
mango_rmse,small,2013-03-31,2014Q2,6,GDP,955.1470087568725,973.318007678534,-18.170998921661408,950.3983546685457,952.3016435732267,955.127451308716,957.9545220291832,959.7393842298229
mango_rmse,small,2013-03-31,2014Q3,7,GDP,955.6342535563585,974.4762358890149,-18.841982332656357,950.3505909086418,952.4107141747356,955.6449005256156,958.8133422224053,960.9172973785343
mango_rmse,small,2013-03-31,2014Q4,8,GDP,956.0716914073714,974.9242243231641,-18.85253291579272,950.3131413036616,952.5539041208798,956.0637577544535,959.6038895117008,961.7990949180867
mango_rmse,small,2013-06-30,2013Q2,1,DEFL,476.09977060810087,461.93491871613605,14.164851891964815,475.64857040236456,475.8169777233256,476.1014051657278,476.37713071983615,476.5483688541138
mango_rmse,small,2013-06-30,2013Q3,2,DEFL,476.5369410397182,462.40508197513793,14.131859064580283,475.75743762986207,476.06312699857625,476.54939928983646,476.99578550034937,477.3127539486344
mango_rmse,small,2013-06-30,2013Q4,3,DEFL,476.8875922128411,463.00091293350107,13.886679279340058,475.7270371841727,476.2015659318505,476.8828532353611,477.59127333730413,478.02006247411794
mango_rmse,small,2013-06-30,2014Q1,4,DEFL,477.2817363059499,463.41657228293434,13.865164023015552,475.7010526403927,476.3543933468925,477.2917438890753,478.21202945253,478.78049390908984
mango_rmse,small,2013-06-30,2014Q2,5,DEFL,477.69008802742803,463.9813129431631,13.708775084264914,475.66247952229486,476.44682974667853,477.70152619049463,478.9071099535122,479.6553908972984
mango_rmse,small,2013-06-30,2014Q3,6,DEFL,478.1393762513044,464.4169720837101,13.722404167594277,475.5652028113357,476.5951859817869,478.170913961457,479.7133237081556,480.62092440868247
mango_rmse,small,2013-06-30,2014Q4,7,DEFL,478.5893237564625,464.58321677069813,14.006106985764347,475.3909968974078,476.66937358243155,478.63204217233454,480.5330622513987,481.63925377690356
mango_rmse,small,2013-06-30,2015Q1,8,DEFL,479.0693029585302,464.5476847747226,14.521618183807618,475.3557625441598,476.7829313660843,479.1156222249545,481.2796590338627,482.6679299582246
mango_rmse,small,2013-06-30,2013Q2,1,FFR,0.03309483643313545,0.11666666666666665,-0.08357183023353121,-1.257415013065218,-0.7655338881516225,0.037831054058271446,0.8216586879934145,1.3409964580808156
mango_rmse,small,2013-06-30,2013Q3,2,FFR,-0.019714699581760826,0.08333333333333333,-0.10304803291509415,-2.0475271525421186,-1.2886285061107265,-0.03232768733726814,1.252884361449848,2.110755050392753
mango_rmse,small,2013-06-30,2013Q4,3,FFR,0.1630629866716212,0.08666666666666667,0.07639632000495453,-2.38701633008001,-1.4085414825939464,0.12498907737702317,1.7229377405734763,2.7878325824752506
mango_rmse,small,2013-06-30,2014Q1,4,FFR,0.39064959371326685,0.07333333333333335,0.3173162603799335,-2.7013769221370088,-1.44142809704708,0.3874657962655602,2.1697889881396173,3.393576530887675
mango_rmse,small,2013-06-30,2014Q2,5,FFR,0.5181985222949501,0.09333333333333334,0.4248651889616168,-3.0072954976262416,-1.5624796527877158,0.5361323506767497,2.6200147667699216,4.041478361592502
mango_rmse,small,2013-06-30,2014Q3,6,FFR,0.6329426359390935,0.09000000000000001,0.5429426359390935,-3.2204760436814888,-1.7013579449761695,0.6456727059407011,2.9002623415173945,4.592262993230229
mango_rmse,small,2013-06-30,2014Q4,7,FFR,0.7558451012656408,0.09999999999999999,0.6558451012656408,-3.6278191862555293,-1.8628813071050614,0.8414476976676916,3.249870042400962,4.939247960904423
mango_rmse,small,2013-06-30,2015Q1,8,FFR,0.9102512913798287,0.11,0.8002512913798288,-3.8765848107267717,-1.8836103139088196,1.028860653766213,3.6342361270606975,5.408064948445141
mango_rmse,small,2013-06-30,2013Q2,1,GDP,952.9881792570518,970.8955874685364,-17.907408211484608,951.6845406849988,952.1965135603361,952.9446770912242,953.7993432586782,954.396121293901
mango_rmse,small,2013-06-30,2013Q3,2,GDP,953.5303210941064,971.6841237441809,-18.153802650074454,951.3765448368215,952.1886292152121,953.4705248195244,954.9043489302677,955.7617395966098
mango_rmse,small,2013-06-30,2013Q4,3,GDP,954.1341053255729,972.3927778506837,-18.258672525110796,951.2996598729949,952.3572533903055,954.1060841740687,955.9305545629112,957.1489184057926
mango_rmse,small,2013-06-30,2014Q1,4,GDP,954.7442610649771,972.0420537957549,-17.297792730777815,951.304680214888,952.5115386826614,954.6606546341613,957.0051226456885,958.3390778366747
mango_rmse,small,2013-06-30,2014Q2,5,GDP,955.251678032149,973.318007678534,-18.06632964638493,951.0462224776742,952.7180405108305,955.2257671343887,957.859457598852,959.4775236598734
mango_rmse,small,2013-06-30,2014Q3,6,GDP,955.7644175256681,974.4762358890149,-18.711818363346765,950.9503340548674,952.8540914170998,955.7837989315653,958.6670912481112,960.5917119415319
mango_rmse,small,2013-06-30,2014Q4,7,GDP,956.2834381874602,974.9242243231641,-18.640786135703934,950.9175488753532,952.9835583321017,956.342163164188,959.562597683772,961.762302646862
mango_rmse,small,2013-06-30,2015Q1,8,GDP,956.7377296986275,975.7342483786737,-18.996518680046165,950.6842154838691,953.2463738638219,956.7196198647418,960.2326790347322,962.6029544613153
mango_rmse,small,2013-09-30,2013Q3,1,DEFL,466.9155950080103,462.40508197513793,4.510513032872382,466.48121752592084,466.6464112625014,466.91850334976164,467.1730612274578,467.34332569140736
mango_rmse,small,2013-09-30,2013Q4,2,DEFL,467.22399893211616,463.00091293350107,4.22308599861509,466.47477385512406,466.7625371946184,467.2284511962428,467.68891007029634,467.98468649940247
mango_rmse,small,2013-09-30,2014Q1,3,DEFL,467.55026980843587,463.41657228293434,4.133697525501532,466.41162807657645,466.8882075573824,467.5537941392306,468.21594408275496,468.6684546920466
mango_rmse,small,2013-09-30,2014Q2,4,DEFL,467.87908998162345,463.9813129431631,3.897777038460333,466.28280769360174,466.95522652053677,467.8829055731825,468.8076867119002,469.4512842649459
mango_rmse,small,2013-09-30,2014Q3,5,DEFL,468.2446682451122,464.4169720837101,3.827696161402116,466.1964716311906,467.01371926142104,468.26151840358034,469.4468249701583,470.20647497048753
mango_rmse,small,2013-09-30,2014Q4,6,DEFL,468.6225479129443,464.58321677069813,4.039331142246169,466.0477117370863,467.0670345654832,468.6398654370033,470.16113022044897,471.10294390245144
mango_rmse,small,2013-09-30,2015Q1,7,DEFL,469.02224908434505,464.5476847747226,4.474564309622451,465.808579666122,467.1279132649552,469.06625836770377,470.8684122965195,472.06884314810765
mango_rmse,small,2013-09-30,2015Q2,8,DEFL,469.4445959611157,465.0879418481692,4.356654112946501,465.71347550837135,467.12857589529915,469.5033389631822,471.63914204369814,473.0620160805591
mango_rmse,small,2013-09-30,2013Q3,1,FFR,0.12753997167748396,0.08333333333333333,0.04420663834415063,-1.1517400449472985,-0.6509833175765924,0.12136839149409048,0.8996429936408885,1.4379177668741143
mango_rmse,small,2013-09-30,2013Q4,2,FFR,0.11905618060796352,0.08666666666666667,0.032389513941296855,-1.9409322553044484,-1.094872035522139,0.09171517904330223,1.3763075840773527,2.210559086669625
mango_rmse,small,2013-09-30,2014Q1,3,FFR,0.21025419190638034,0.07333333333333335,0.13692085857304698,-2.3619071887592273,-1.3220599281785355,0.20429493654092687,1.7649019315637386,2.889570177590504
mango_rmse,small,2013-09-30,2014Q2,4,FFR,0.3700870020571186,0.09333333333333334,0.27675366872378526,-2.659229753818854,-1.446639182592479,0.378780179444677,2.1607717794963386,3.413807997309812
mango_rmse,small,2013-09-30,2014Q3,5,FFR,0.5026490458742673,0.09000000000000001,0.41264904587426726,-2.89107096602726,-1.5700104415809482,0.443225662605857,2.5797921112669284,3.9527069645135535
mango_rmse,small,2013-09-30,2014Q4,6,FFR,0.6009286107211265,0.09999999999999999,0.5009286107211265,-3.317716148917941,-1.6942646350797033,0.5887602020217758,2.8957008655652294,4.475670542669169
mango_rmse,small,2013-09-30,2015Q1,7,FFR,0.688276681509353,0.11,0.578276681509353,-3.461564720527135,-1.8855630677742365,0.7727900371763229,3.1249616883429923,4.851630108037557
mango_rmse,small,2013-09-30,2015Q2,8,FFR,0.8051063407047201,0.12333333333333334,0.6817730073713868,-3.722304087303476,-1.952218367966792,0.8108183928675067,3.4467529755187414,5.279476031462417
mango_rmse,small,2013-09-30,2013Q3,1,GDP,966.4795180455869,971.6841237441809,-5.204605698593923,965.2183109911015,965.7091995780039,966.4468154027521,967.2530273555208,967.8190450355598
mango_rmse,small,2013-09-30,2013Q4,2,GDP,967.012542647036,972.3927778506837,-5.380235203647771,964.9167165192853,965.7180317810373,966.9919045795912,968.3377887908227,969.1128991136981
mango_rmse,small,2013-09-30,2014Q1,3,GDP,967.6125032332345,972.0420537957549,-4.429550562520376,964.8600751470412,965.908970339629,967.6003980585359,969.2857232397051,970.4544704675161
mango_rmse,small,2013-09-30,2014Q2,4,GDP,968.2307616310228,973.318007678534,-5.087246047511144,964.7916163464326,966.1473847950572,968.204531693857,970.269942917402,971.7088404949403
mango_rmse,small,2013-09-30,2014Q3,5,GDP,968.8037007518185,974.4762358890149,-5.672535137196405,964.7682454730201,966.3911159818344,968.7934564527518,971.2412564550607,972.9267540172692
mango_rmse,small,2013-09-30,2014Q4,6,GDP,969.3610993967712,974.9242243231641,-5.563124926392902,964.8028025308549,966.6386873195365,969.3993234280764,972.0545395547493,974.1217570190951
mango_rmse,small,2013-09-30,2015Q1,7,GDP,969.9156942727154,975.7342483786737,-5.818554105958242,964.7337140923627,966.8689344575429,969.9504969831494,972.9873424999638,975.2573856122376
mango_rmse,small,2013-09-30,2015Q2,8,GDP,970.4293964146798,976.31257427765,-5.8831778629702285,964.7063501445327,967.0127176331396,970.4715897614499,973.8467533250628,975.9687366121925
mango_rmse,small,2013-12-31,2013Q4,1,DEFL,467.4317293408126,463.00091293350107,4.430816407311511,466.98014792435583,467.14588989627003,467.434141957783,467.7124465931849,467.8906832760447
mango_rmse,small,2013-12-31,2014Q1,2,DEFL,467.8162751757691,463.41657228293434,4.399702892834739,467.0467321527694,467.3474616921201,467.8215186720057,468.27169033889174,468.59058894703776
mango_rmse,small,2013-12-31,2014Q2,3,DEFL,468.22186971243525,463.9813129431631,4.240556769272132,467.0693149578838,467.5397935342504,468.240015620915,468.8992174792056,469.3410659511255
mango_rmse,small,2013-12-31,2014Q3,4,DEFL,468.6616658387089,464.4169720837101,4.244693754998821,467.0666425986814,467.7266378849418,468.66581247684263,469.53869059628664,470.23100548378255
mango_rmse,small,2013-12-31,2014Q4,5,DEFL,469.12247212121696,464.58321677069813,4.539255350518829,467.06184279829915,467.9059924026337,469.1440790742398,470.29286249127506,471.05919125232725
mango_rmse,small,2013-12-31,2015Q1,6,DEFL,469.6036447033701,464.5476847747226,5.055959928647496,467.08240113819477,468.0627982596019,469.63967017225303,471.0873283023084,471.98870101857676
mango_rmse,small,2013-12-31,2015Q2,7,DEFL,470.10017781001744,465.0879418481692,5.012235961848262,467.0741153149707,468.2516392515787,470.16321158855783,471.90565074774736,472.94759211647585
mango_rmse,small,2013-12-31,2015Q3,8,DEFL,470.6178870925462,465.38555827648497,5.2323288160612265,467.0780191365787,468.47378272000606,470.7050749659495,472.72807701022,473.99109304750846
mango_rmse,small,2013-12-31,2013Q4,1,FFR,0.3440593237444771,0.08666666666666667,0.25739265707781045,-1.029948405197433,-0.44695150296457603,0.3408755481943168,1.1850742399612826,1.7364938619322907
mango_rmse,small,2013-12-31,2014Q1,2,FFR,0.5931643116990197,0.07333333333333335,0.5198309783656864,-1.471669037150257,-0.6812268038322019,0.5936580061747048,1.8733313478630242,2.748721768795966
mango_rmse,small,2013-12-31,2014Q2,3,FFR,0.7930273071326174,0.09333333333333334,0.699693973799284,-1.752316384895576,-0.6877830485118184,0.7926209398538973,2.3388353594166285,3.430294404208634
mango_rmse,small,2013-12-31,2014Q3,4,FFR,0.9717154146308268,0.09000000000000001,0.8817154146308268,-1.9729645774115723,-0.8504544261383483,0.9599633180973474,2.714361506323256,4.007732431053116
mango_rmse,small,2013-12-31,2014Q4,5,FFR,1.1518061543334268,0.09999999999999999,1.0518061543334267,-2.033509682350406,-0.911079514099721,1.1314835044147549,3.145568628109561,4.612699266678572
mango_rmse,small,2013-12-31,2015Q1,6,FFR,1.2746364355923014,0.11,1.1646364355923013,-2.4709995252514267,-0.9228530884659834,1.2671514122447436,3.4189805508218085,5.047193460380245
mango_rmse,small,2013-12-31,2015Q2,7,FFR,1.3461713683528824,0.12333333333333334,1.2228380350195491,-2.6330965918949993,-1.0614958840013353,1.4255259614429714,3.689925415093297,5.382899324542802
mango_rmse,small,2013-12-31,2015Q3,8,FFR,1.444262050165121,0.1366666666666667,1.3075953834984544,-2.9190207230194143,-1.1816662914319251,1.5099583969152954,3.9954644935287793,5.756837365112685
mango_rmse,small,2013-12-31,2013Q4,1,GDP,967.7592533070565,972.3927778506837,-4.633524543627232,966.4551626045679,966.9521885857715,967.7241665986347,968.579521888729,969.1937099270144
mango_rmse,small,2013-12-31,2014Q1,2,GDP,968.5197817148273,972.0420537957549,-3.5222720809275643,966.3360386360725,967.2304931364761,968.493393200586,969.8243378054701,970.7422919573667
mango_rmse,small,2013-12-31,2014Q2,3,GDP,969.1865975748389,973.318007678534,-4.131410103695089,966.4168406789715,967.4942509006696,969.1708332803897,970.9159320590851,971.9783900271493
mango_rmse,small,2013-12-31,2014Q3,4,GDP,969.8146741527431,974.4762358890149,-4.6615617362717785,966.4921947276335,967.7616362605157,969.8127250408454,971.8733888377154,973.1731997619594
mango_rmse,small,2013-12-31,2014Q4,5,GDP,970.3845752480693,974.9242243231641,-4.5396490750948715,966.4507900955845,968.0271326834994,970.3867894593195,972.7266142270605,974.3731652903363
mango_rmse,small,2013-12-31,2015Q1,6,GDP,970.9481229363764,975.7342483786737,-4.786125442297248,966.5315212062688,968.335577704663,970.9934044787534,973.5724066069087,975.3682970497189
mango_rmse,small,2013-12-31,2015Q2,7,GDP,971.50903216096,976.31257427765,-4.803542116689982,966.557456509064,968.5558943701725,971.575662008727,974.4320127385427,976.321879947241
mango_rmse,small,2013-12-31,2015Q3,8,GDP,972.0209338729155,976.6354252252142,-4.614491352298728,966.6466007543631,968.7866558041742,972.1238728018445,975.1485304433864,977.1462058670578
mango_rmse,small,2014-03-31,2014Q1,1,DEFL,468.1025166231761,463.41657228293434,4.685944340241747,467.1762517672454,467.5459668716793,468.09358537722096,468.6776091379399,469.02418986452494
mango_rmse,small,2014-03-31,2014Q2,2,DEFL,468.7202535372296,463.9813129431631,4.7389405940664915,467.42454603946254,467.92675637295025,468.7339153758356,469.5105155889945,469.97475625121683
mango_rmse,small,2014-03-31,2014Q3,3,DEFL,469.36099868117003,464.4169720837101,4.944026597459924,467.7597426244354,468.42978376410036,469.3291224387814,470.33507243995535,470.97014840527316
mango_rmse,small,2014-03-31,2014Q4,4,DEFL,469.96681871591045,464.58321677069813,5.38360194521232,468.1316388927903,468.9044973953177,469.97333266452654,471.06229741750894,471.81143290016
mango_rmse,small,2014-03-31,2015Q1,5,DEFL,470.5861323884421,464.5476847747226,6.038447613719484,468.55408209441606,469.3559733034794,470.5939446318016,471.8237995716444,472.611228662151
mango_rmse,small,2014-03-31,2015Q2,6,DEFL,471.2193215319518,465.0879418481692,6.131379683782598,469.03120893361233,469.83769266075893,471.208412887936,472.58510374992125,473.3979389051517
mango_rmse,small,2014-03-31,2015Q3,7,DEFL,471.84103042096734,465.38555827648497,6.455472144482371,469.4835237301244,470.36130708786,471.8386014393125,473.29349524065407,474.3088659488386
mango_rmse,small,2014-03-31,2015Q4,8,DEFL,472.45756340116577,465.37603301548563,7.081530385680139,469.93273156689156,470.90977851940664,472.4392022650419,473.9805423613372,475.09719932202216
mango_rmse,small,2014-03-31,2014Q1,1,FFR,0.052985812322822345,0.07333333333333335,-0.020347521010511002,-1.443108417813811,-0.8491303598800706,0.040546367229898087,0.9697527669438198,1.5997546365168356
mango_rmse,small,2014-03-31,2014Q2,2,FFR,-0.03043379525924104,0.09333333333333334,-0.12376712859257438,-2.1678790330799917,-1.299315336992914,-0.04111947448188499,1.288297328882981,2.150377066339679
mango_rmse,small,2014-03-31,2014Q3,3,FFR,-0.10150540455233456,0.09000000000000001,-0.19150540455233456,-2.629564241644934,-1.6804593491180455,-0.10324974796517168,1.4584639641019155,2.5439172416592144
mango_rmse,small,2014-03-31,2014Q4,4,FFR,-0.16116409758167943,0.09999999999999999,-0.2611640975816794,-3.1485746009230087,-1.9255328612694453,-0.2251726070720439,1.6101760433342076,2.8169265139913824
mango_rmse,small,2014-03-31,2015Q1,5,FFR,-0.2141081847579333,0.11,-0.3241081847579333,-3.384153816597528,-2.203558082003006,-0.2810001917252489,1.8240230512918996,3.2822101435982747
mango_rmse,small,2014-03-31,2015Q2,6,FFR,-0.28615887721030225,0.12333333333333334,-0.4094922105436356,-3.8793565741374674,-2.521976885618722,-0.28992009340622077,1.9765810591137123,3.5623048731998965
mango_rmse,small,2014-03-31,2015Q3,7,FFR,-0.3890792608629357,0.1366666666666667,-0.5257459275296024,-4.379783000776341,-2.8159220231626954,-0.4578675897545518,2.0886605632373616,3.835372869710898
mango_rmse,small,2014-03-31,2015Q4,8,FFR,-0.4754473638295548,0.16,-0.6354473638295548,-4.816273619213201,-3.156446919849376,-0.5773460614104833,2.2240585771552217,3.9893328633100826
mango_rmse,small,2014-03-31,2014Q1,1,GDP,968.2442823734697,972.0420537957549,-3.797771422285223,966.8503661146326,967.3833515329615,968.2150301218458,969.1262754743312,969.7621853345005
mango_rmse,small,2014-03-31,2014Q2,2,GDP,968.8357697765102,973.318007678534,-4.482237902023712,966.7289979914401,967.5568342398436,968.8435795600911,970.1162021894912,970.9278849442501
mango_rmse,small,2014-03-31,2014Q3,3,GDP,969.4097930007524,974.4762358890149,-5.066442888262486,966.9283525784674,967.9627385221969,969.3803847303172,970.9496723704972,971.9168368296466
mango_rmse,small,2014-03-31,2014Q4,4,GDP,970.0092849475028,974.9242243231641,-4.9149393756613335,967.2296991728036,968.2879765611701,970.0201797177662,971.8004592767797,972.8822309497405
mango_rmse,small,2014-03-31,2015Q1,5,GDP,970.5723180716209,975.7342483786737,-5.161930307052785,967.453033170093,968.6269983843489,970.599627233287,972.5196900439564,973.7541775057882
mango_rmse,small,2014-03-31,2015Q2,6,GDP,971.1303363018854,976.31257427765,-5.182237975764565,967.6198528780524,968.9958094535295,971.1394966050078,973.2431319118386,974.8689500904143
mango_rmse,small,2014-03-31,2015Q3,7,GDP,971.7121291275101,976.6354252252142,-4.92329609770411,967.6657220941894,969.3729852561654,971.6619193436574,974.1608088568457,975.6702766569081
mango_rmse,small,2014-03-31,2015Q4,8,GDP,972.264689061888,976.7815527534941,-4.5168636916060905,967.9760113515157,969.7641582448786,972.2226008168183,974.8304738455919,976.405232279169
mango_rmse,small,2014-06-30,2014Q2,1,DEFL,468.37359191021505,463.9813129431631,4.392278967051936,467.43243950267487,467.797225551554,468.3801577695484,468.9493535434476,469.30372644776065
mango_rmse,small,2014-06-30,2014Q3,2,DEFL,468.982579831185,464.4169720837101,4.565607747474871,467.6849145712377,468.2097036836466,468.98608523542475,469.77374893805586,470.23228046430495
mango_rmse,small,2014-06-30,2014Q4,3,DEFL,469.5840959035962,464.58321677069813,5.000879132898092,467.97928919917535,468.6417140174404,469.5949235271483,470.501193490351,471.15524106920475
mango_rmse,small,2014-06-30,2015Q1,4,DEFL,470.1933339354326,464.5476847747226,5.645649160709979,468.33662899597795,469.09933124612803,470.21230401911566,471.3152481640029,471.9990383275252
mango_rmse,small,2014-06-30,2015Q2,5,DEFL,470.7911135262394,465.0879418481692,5.703171678070248,468.7302535555303,469.5450128166787,470.8062270606954,472.0253243085588,472.8552681144355
mango_rmse,small,2014-06-30,2015Q3,6,DEFL,471.3882600366772,465.38555827648497,6.002701760192224,469.1672697029277,470.04088354563515,471.360724369998,472.78562947727755,473.5992261877318
mango_rmse,small,2014-06-30,2015Q4,7,DEFL,471.97702241863817,465.37603301548563,6.600989403152539,469.4543235966972,470.48089072003756,472.00201991798815,473.4199420879293,474.4386945012802
mango_rmse,small,2014-06-30,2016Q1,8,DEFL,472.5895825254269,465.29598498239403,7.293597543032888,470.00434461804406,470.9899129510824,472.55005653289186,474.1332671173472,475.2356994980099
mango_rmse,small,2014-06-30,2014Q2,1,FFR,0.032079824839223066,0.09333333333333334,-0.06125350849411027,-1.3923705177351906,-0.8330772180984486,0.03084710147128783,0.9314020793077182,1.5658438024930261
mango_rmse,small,2014-06-30,2014Q3,2,FFR,-0.0433130490995806,0.09000000000000001,-0.1333130490995806,-2.1455421517602464,-1.3233445451166477,-0.04824340406943693,1.2790255967487292,2.054269858309681
mango_rmse,small,2014-06-30,2014Q4,3,FFR,-0.10653627521360223,0.09999999999999999,-0.20653627521360224,-2.6288302727518076,-1.6566009010241978,-0.141855143014108,1.4414056332002205,2.455027256940943
mango_rmse,small,2014-06-30,2015Q1,4,FFR,-0.16489122351398317,0.11,-0.27489122351398315,-3.030200551342318,-1.949495321432938,-0.1406943666520009,1.6278077721839368,2.80369863249391
mango_rmse,small,2014-06-30,2015Q2,5,FFR,-0.2025081468614237,0.12333333333333334,-0.32584148019475706,-3.441926989131321,-2.123245874861606,-0.273878757807771,1.7737483976414492,3.0743753353782868
mango_rmse,small,2014-06-30,2015Q3,6,FFR,-0.280049861181939,0.1366666666666667,-0.4167165278486057,-3.8065943739814205,-2.385947966072361,-0.30229652272609997,1.9581493033405215,3.2408451409703374
mango_rmse,small,2014-06-30,2015Q4,7,FFR,-0.36071729649494627,0.16,-0.5207172964949462,-4.295390673161486,-2.7087854243677842,-0.40634816672497254,2.145299394089085,3.4127535643045173
mango_rmse,small,2014-06-30,2016Q1,8,FFR,-0.45465006140374115,0.36000000000000004,-0.8146500614037412,-4.84429471380926,-3.0172011364325355,-0.4646814017268809,2.0727619668226565,3.841298849521948
mango_rmse,small,2014-06-30,2014Q2,1,GDP,967.5032571555579,973.318007678534,-5.814750522976055,966.0799229745389,966.6243785897127,967.4784998396437,968.3960491689465,969.0381941886011
mango_rmse,small,2014-06-30,2014Q3,2,GDP,968.0843211615465,974.4762358890149,-6.391914727468361,965.9461272698017,966.8258738795045,968.0746402574724,969.3724198855889,970.1898909197499
mango_rmse,small,2014-06-30,2014Q4,3,GDP,968.6517350491733,974.9242243231641,-6.2724892739908,966.1277881248934,967.1547784196424,968.6424765393941,970.1631997089853,971.114970754613
mango_rmse,small,2014-06-30,2015Q1,4,GDP,969.2417276393328,975.7342483786737,-6.4925207393408755,966.3669473626974,967.5626653412877,969.2279030851212,970.9360365846329,972.1315104400894
mango_rmse,small,2014-06-30,2015Q2,5,GDP,969.7895130273629,976.31257427765,-6.523061250287128,966.5427337953157,967.7936346206413,969.7627067996596,971.772690435838,973.0598993932264
mango_rmse,small,2014-06-30,2015Q3,6,GDP,970.3467461953583,976.6354252252142,-6.2886790298559845,966.7638344365354,968.1797540734811,970.305750877182,972.5775133242794,974.0575664831784
mango_rmse,small,2014-06-30,2015Q4,7,GDP,970.9014952566196,976.7815527534941,-5.880057496874542,966.8435675125951,968.5037228313474,970.8799337852433,973.3315485481721,974.9514636357736
mango_rmse,small,2014-06-30,2016Q1,8,GDP,971.4578327970717,977.3690037449436,-5.911170947871938,967.2934231826715,968.8410510398137,971.3971442050287,974.0999789925661,975.8000763121054
mango_rmse,small,2014-09-30,2014Q3,1,DEFL,468.90952189598636,464.4169720837101,4.492549812276252,468.4769062590384,468.6405894439018,468.9111898313056,469.17021152491395,469.3491794945269
mango_rmse,small,2014-09-30,2014Q4,2,DEFL,469.39596378657825,464.58321677069813,4.81274701588012,468.6569852094056,468.9339449205511,469.393179909575,469.85122773763834,470.1561302775809
mango_rmse,small,2014-09-30,2015Q1,3,DEFL,469.8621142398001,464.5476847747226,5.314429465077524,468.76072523685116,469.1888878814706,469.8676629902088,470.548754237252,470.98129835402335
mango_rmse,small,2014-09-30,2015Q2,4,DEFL,470.41762941009415,465.0879418481692,5.32968756192497,468.853524227256,469.5068770144623,470.40231104632545,471.34543701347985,471.961759639485
mango_rmse,small,2014-09-30,2015Q3,5,DEFL,470.9787472552211,465.38555827648497,5.593188978736123,468.91539957898476,469.753957204976,470.9846432556451,472.14378871059466,472.95900072817074
mango_rmse,small,2014-09-30,2015Q4,6,DEFL,471.5596121496997,465.37603301548563,6.183579134214085,469.00363753051226,470.0195783941862,471.57435438560617,473.0360902414497,474.045593668882
mango_rmse,small,2014-09-30,2016Q1,7,DEFL,472.14008890812715,465.29598498239403,6.844103925733123,469.0243056651191,470.24501016312314,472.15845514573675,473.9914184865905,475.20807353572565
mango_rmse,small,2014-09-30,2016Q2,8,DEFL,472.7400834734578,465.999922226677,6.740161246780815,469.03682383391566,470.5172486919808,472.74090188011064,474.9515997079778,476.42177456730235
mango_rmse,small,2014-09-30,2014Q3,1,FFR,0.27173142764255215,0.09000000000000001,0.18173142764255212,-1.0015275719132704,-0.49970934735240274,0.28996164339169905,1.0451890087471192,1.5598361403559489
mango_rmse,small,2014-09-30,2014Q4,2,FFR,0.6328071562491722,0.09999999999999999,0.5328071562491722,-1.4250922242467816,-0.6341741250471695,0.6310893028539992,1.8542216542603394,2.709985259462521
mango_rmse,small,2014-09-30,2015Q1,3,FFR,0.9391004232533772,0.11,0.8291004232533772,-1.516300147046605,-0.613431574738078,0.8917976256595401,2.46149947733784,3.6575192323723393
mango_rmse,small,2014-09-30,2015Q2,4,FFR,1.043913390131356,0.12333333333333334,0.9205800567980227,-1.8560322723938354,-0.7985165076806375,1.050510787166073,2.848025167478048,4.163829084838094
mango_rmse,small,2014-09-30,2015Q3,5,FFR,1.1821060955718217,0.1366666666666667,1.045439428905155,-2.1764143090163723,-0.9267834718410669,1.1576329773301515,3.256299246302549,4.6307783435543515
mango_rmse,small,2014-09-30,2015Q4,6,FFR,1.3627389658992803,0.16,1.2027389658992804,-2.4449844951810853,-0.9272135664092535,1.3508968290307668,3.6659429363967533,5.211660606371158
mango_rmse,small,2014-09-30,2016Q1,7,FFR,1.4683706793604432,0.36000000000000004,1.108370679360443,-2.59912643563066,-0.9872086634903724,1.4766223373748435,4.000569255226366,5.660859137570679
mango_rmse,small,2014-09-30,2016Q2,8,FFR,1.546598600588962,0.37333333333333335,1.1732652672556287,-2.826081924588599,-1.0724936184067546,1.5716116390043575,4.134124649444759,6.020928332928153
mango_rmse,small,2014-09-30,2014Q3,1,GDP,968.7461034487917,974.4762358890149,-5.730132440223201,967.4815906099569,967.9910047031722,968.7138679142904,969.5360598555994,970.1116440226988
mango_rmse,small,2014-09-30,2014Q4,2,GDP,969.5089907813434,974.9242243231641,-5.415233541820726,967.3819089116001,968.2111757054823,969.4823382089692,970.8352054555727,971.6768237822024
mango_rmse,small,2014-09-30,2015Q1,3,GDP,970.0627238072964,975.7342483786737,-5.67152457137729,967.2818277676741,968.3516503276376,970.0054757504004,971.7742588404146,972.9074781385968
mango_rmse,small,2014-09-30,2015Q2,4,GDP,970.5690967712103,976.31257427765,-5.743477506439717,967.1601228929069,968.519686188741,970.5220647511796,972.6262835260023,974.1449000118173
mango_rmse,small,2014-09-30,2015Q3,5,GDP,970.9998298270795,976.6354252252142,-5.635595398134797,967.1341081302769,968.638311620353,970.9223056529654,973.4053121439762,975.1670107745248
mango_rmse,small,2014-09-30,2015Q4,6,GDP,971.4942915994312,976.7815527534941,-5.2872611540628895,967.0179488966575,968.7964446578602,971.4454139393188,974.1969642790825,976.1043062878437
mango_rmse,small,2014-09-30,2016Q1,7,GDP,971.9562567710904,977.3690037449436,-5.412746973853245,966.9436167848495,968.9211690767806,971.984271557021,975.0046545718648,977.1159892081873
mango_rmse,small,2014-09-30,2016Q2,8,GDP,972.3800617419338,977.6709362762499,-5.290874534316117,966.8559376972228,969.1239771835639,972.4858635035271,975.7494465806392,977.9362277450009
mango_rmse,small,2014-12-31,2014Q4,1,DEFL,469.17653774727387,464.58321677069813,4.59332097657574,468.76040873329526,468.90893955312106,469.1792802897246,469.4388639155798,469.6170711869453
mango_rmse,small,2014-12-31,2015Q1,2,DEFL,469.5936950485538,464.5476847747226,5.0460102738312,468.8563275523392,469.13362860161743,469.5978987412897,470.04838615374575,470.3490377533892
mango_rmse,small,2014-12-31,2015Q2,3,DEFL,470.0872758196294,465.0879418481692,4.999333971460203,468.99902897363546,469.4068292287947,470.0897683410671,470.7646656282239,471.22102656349585
mango_rmse,small,2014-12-31,2015Q3,4,DEFL,470.5847159935642,465.38555827648497,5.199157717079231,469.0052667239151,469.6351053023684,470.5969901608195,471.5142196618414,472.0847100839773
mango_rmse,small,2014-12-31,2015Q4,5,DEFL,471.1095272805815,465.37603301548563,5.733494265095885,469.075221237727,469.8519233072867,471.1254936615414,472.3456300369003,473.0676633193944
mango_rmse,small,2014-12-31,2016Q1,6,DEFL,471.64838007736324,465.29598498239403,6.352395094969211,469.0769585256696,470.0758044415641,471.68148878185093,473.1894315555468,474.1480105714949
mango_rmse,small,2014-12-31,2016Q2,7,DEFL,472.2003174657909,465.999922226677,6.200395239113902,469.0260953618463,470.2726937914452,472.23752330719753,474.068257525646,475.27345071359565
mango_rmse,small,2014-12-31,2016Q3,8,DEFL,472.7650110513214,466.27690583674894,6.4881052145724425,469.01470924439843,470.49563015782616,472.81560374532097,474.9986495522703,476.37727380242086
mango_rmse,small,2014-12-31,2014Q4,1,FFR,0.534710907278506,0.09999999999999999,0.43471090727850603,-0.7511646923159272,-0.24238975660478113,0.5571006319886047,1.3058881154228925,1.833283747645996
mango_rmse,small,2014-12-31,2015Q1,2,FFR,0.8960037009718703,0.11,0.7860037009718703,-1.051289225810653,-0.3773482032571867,0.8944107726736441,2.129294726097814,2.9726155950480706
mango_rmse,small,2014-12-31,2015Q2,3,FFR,1.0128270290538126,0.12333333333333334,0.8894936957204793,-1.4386433346194538,-0.5109247211016238,0.9770372090582902,2.549384367479567,3.5781126614398637
mango_rmse,small,2014-12-31,2015Q3,4,FFR,1.1660409717201432,0.1366666666666667,1.0293743050534765,-1.771658949054906,-0.6114033840959147,1.1127379555467445,2.9866901676186663,4.094506835588291
mango_rmse,small,2014-12-31,2015Q4,5,FFR,1.3819456003895043,0.16,1.2219456003895044,-2.015907401550149,-0.6949178260579091,1.3306444754799323,3.4274354903750446,4.803155542068509
mango_rmse,small,2014-12-31,2016Q1,6,FFR,1.494829200983095,0.36000000000000004,1.134829200983095,-2.296753877472621,-0.7854058599247482,1.4951682297084146,3.726581693437846,5.385935963566284
mango_rmse,small,2014-12-31,2016Q2,7,FFR,1.5411517223075328,0.37333333333333335,1.1678183889741995,-2.525400994161531,-0.9184784581842691,1.4792935965485208,4.010255016705326,5.675925551387484
mango_rmse,small,2014-12-31,2016Q3,8,FFR,1.6432027470475323,0.39666666666666667,1.2465360803808656,-2.7262446956431488,-1.0255635034444501,1.6414535901161211,4.211259021669017,5.994497564093421
mango_rmse,small,2014-12-31,2014Q4,1,GDP,970.1396845438732,974.9242243231641,-4.784539779290981,968.8306315117838,969.3582719758505,970.1200680854597,970.9353797079152,971.4864188114814
mango_rmse,small,2014-12-31,2015Q1,2,GDP,970.8739757006168,975.7342483786737,-4.860272678056845,968.6694981708931,969.5784844472693,970.8568008640862,972.1597379006325,972.9502710639745
mango_rmse,small,2014-12-31,2015Q2,3,GDP,971.4574467260303,976.31257427765,-4.8551275516197165,968.6564658413868,969.7276663079573,971.4751898699614,973.2060146677076,974.3029848734898
mango_rmse,small,2014-12-31,2015Q3,4,GDP,972.0299353304903,976.6354252252142,-4.6054898947239735,968.602494285368,969.9010108525342,972.0210511414009,974.1117391848071,975.4457187287611
mango_rmse,small,2014-12-31,2015Q4,5,GDP,972.5605896184247,976.7815527534941,-4.220963135069383,968.6089871551235,970.1212931091225,972.5436285937358,974.9832507471895,976.6115221547102
mango_rmse,small,2014-12-31,2016Q1,6,GDP,973.0577873853741,977.3690037449436,-4.311216359569471,968.6015625376689,970.3159494485539,973.0700370780686,975.8114220494103,977.5995657042528
mango_rmse,small,2014-12-31,2016Q2,7,GDP,973.5527941949587,977.6709362762499,-4.118142081291239,968.4893873208678,970.4880112402479,973.5886018130732,976.558141011833,978.4945370374186
mango_rmse,small,2014-12-31,2016Q3,8,GDP,974.0208407618868,978.270252164766,-4.249411402879218,968.5630741836804,970.6600639333733,974.04068435178,977.2970416513342,979.4529812535786
mango_rmse,small,2015-03-31,2015Q1,1,DEFL,469.32864272258894,464.5476847747226,4.780957947866341,468.4697421136078,468.80708194078113,469.3202687575614,469.8582549595294,470.20728076098754
mango_rmse,small,2015-03-31,2015Q2,2,DEFL,469.8453764021036,465.0879418481692,4.757434553934445,468.6617888765653,469.11202865943966,469.85243020603866,470.5655362779377,471.0560552799423
mango_rmse,small,2015-03-31,2015Q3,3,DEFL,470.3785610529694,465.38555827648497,4.993002776484445,468.88897087313325,469.4595850312124,470.3782035021245,471.2728286625848,471.8634012582872
mango_rmse,small,2015-03-31,2015Q4,4,DEFL,470.91273756966916,465.37603301548563,5.53670455418353,469.16993951978816,469.85296634740973,470.92513237035166,471.9313522934112,472.62449848760684
mango_rmse,small,2015-03-31,2016Q1,5,DEFL,471.44582205546016,465.29598498239403,6.149837073066124,469.49105418304174,470.2553897413822,471.4527895419759,472.58279995396487,473.2773986880841
mango_rmse,small,2015-03-31,2016Q2,6,DEFL,471.9710702746499,465.999922226677,5.9711480479729175,469.7516316363969,470.6415105645659,472.018856619526,473.24883431915663,474.03451365977116
mango_rmse,small,2015-03-31,2016Q3,7,DEFL,472.4825616416102,466.27690583674894,6.205655804861237,470.1092568114732,471.0773906340847,472.502848943583,473.86445836422973,474.79603143238427
mango_rmse,small,2015-03-31,2016Q4,8,DEFL,473.01545572517506,466.8022911971153,6.213164528059735,470.44898830354185,471.51676273311693,473.0412664995001,474.4980238524057,475.53738941116984
mango_rmse,small,2015-03-31,2015Q1,1,FFR,0.1075456281827607,0.11,-0.002454371817239301,-1.3435762470604224,-0.764284489871308,0.08697595597402616,1.0007476561227278,1.6618957332915367
mango_rmse,small,2015-03-31,2015Q2,2,FFR,0.1067440966348124,0.12333333333333334,-0.016589236698520943,-1.9320914370413285,-1.1576739849086075,0.094339489294924,1.413769918508722,2.2416749190943728
mango_rmse,small,2015-03-31,2015Q3,3,FFR,0.0996375045857958,0.1366666666666667,-0.037029162080870884,-2.3618516778698098,-1.3889505931681454,0.07502014977052418,1.6277630954133344,2.6867318506484565
mango_rmse,small,2015-03-31,2015Q4,4,FFR,0.12525940627977927,0.16,-0.03474059372022073,-2.755217427405394,-1.5676637374913365,0.10285223602950831,1.8451359254246569,3.003699391306414
mango_rmse,small,2015-03-31,2016Q1,5,FFR,0.1489415598007511,0.36000000000000004,-0.21105844019924894,-2.951416608531356,-1.8098326108095575,0.11928470469413074,2.091384299761544,3.433396979226877
mango_rmse,small,2015-03-31,2016Q2,6,FFR,0.11823257487754138,0.37333333333333335,-0.25510075845579194,-3.5102066440568835,-2.053633515811719,0.10252551072007374,2.274649734547827,3.638888775798849
mango_rmse,small,2015-03-31,2016Q3,7,FFR,0.06688143260487428,0.39666666666666667,-0.3297852340617924,-3.823285130263673,-2.317980375245921,0.04479243206174824,2.4282815913903892,4.014545200145995
mango_rmse,small,2015-03-31,2016Q4,8,FFR,0.05814821087198986,0.45,-0.39185178912801016,-4.263825836002651,-2.502526815980894,0.039158191059524644,2.5938483193605477,4.1617130273707765
mango_rmse,small,2015-03-31,2015Q1,1,GDP,970.4795422321438,975.7342483786737,-5.254706146529884,969.0496416827438,969.6031802795051,970.471702970136,971.3776176467982,971.9535858335951
mango_rmse,small,2015-03-31,2015Q2,2,GDP,971.0741748615989,976.31257427765,-5.238399416051152,968.9677512544589,969.7887248054599,971.0672536176319,972.3561935290895,973.1832790871771
mango_rmse,small,2015-03-31,2015Q3,3,GDP,971.6751659818091,976.6354252252142,-4.960259243405176,969.2078257392027,970.1688017013535,971.6412910743725,973.1816831479338,974.2396218660066
mango_rmse,small,2015-03-31,2015Q4,4,GDP,972.2558044679209,976.7815527534941,-4.525748285573172,969.3699705884632,970.5223796392626,972.2152533874166,973.9838563953409,975.2566918424538
mango_rmse,small,2015-03-31,2016Q1,5,GDP,972.8272366134103,977.3690037449436,-4.541767131533334,969.514591355698,970.9331737358287,972.7815311371751,974.8022243181622,976.0994809078275
mango_rmse,small,2015-03-31,2016Q2,6,GDP,973.4195797550227,977.6709362762499,-4.251356521227194,969.8654808905416,971.3386560863485,973.3680317906598,975.520970088258,976.9426270590438
mango_rmse,small,2015-03-31,2016Q3,7,GDP,974.0334034656704,978.270252164766,-4.236848699095617,970.1404514305007,971.6974404371178,973.9778940295519,976.4676405974016,978.0034447686363
mango_rmse,small,2015-03-31,2016Q4,8,GDP,974.5875461270742,978.7659105426385,-4.1783644155642605,970.479282366527,972.0720384419249,974.5819121180418,977.078166996397,978.753399003663
mango_rmse,small,2015-06-30,2015Q2,1,DEFL,468.9832962229058,465.0879418481692,3.8953543747365984,468.5044122526927,468.67854532394335,468.981632663871,469.284500626797,469.461430490142
mango_rmse,small,2015-06-30,2015Q3,2,DEFL,469.16398141293354,465.38555827648497,3.7784231364485663,468.3776583844462,468.6771711267187,469.16383361899676,469.6372980682406,469.97369537356565
mango_rmse,small,2015-06-30,2015Q4,3,DEFL,469.346892121169,465.37603301548563,3.9708591056833598,468.17308309129004,468.64668489135573,469.35733795394304,470.03294114516325,470.50104295211804
mango_rmse,small,2015-06-30,2016Q1,4,DEFL,469.55773605605435,465.29598498239403,4.261751073660321,467.974384136353,468.6128954241477,469.55592607074425,470.4807785304452,471.09573143496164
mango_rmse,small,2015-06-30,2016Q2,5,DEFL,469.80100915397605,465.999922226677,3.8010869272990817,467.7892482553603,468.5845230712654,469.8219054552768,470.97379273644265,471.7792587347649
mango_rmse,small,2015-06-30,2016Q3,6,DEFL,470.064879715078,466.27690583674894,3.787973878329069,467.5474929137596,468.6295436973999,470.0748610284817,471.50658461973234,472.4691291027201
mango_rmse,small,2015-06-30,2016Q4,7,DEFL,470.34977474421515,466.8022911971153,3.54748354709983,467.310788150504,468.62780523271124,470.3432306969634,472.1056739067359,473.2270713017166
mango_rmse,small,2015-06-30,2017Q1,8,DEFL,470.66182698642587,467.31839116014726,3.3434358262786077,467.19600757375633,468.6443759670019,470.68893469966457,472.66968372069374,473.97789258605764
mango_rmse,small,2015-06-30,2015Q2,1,FFR,0.038232595999406635,0.12333333333333334,-0.0851007373339267,-1.333544682787669,-0.7813465462638088,0.040173507956939976,0.862617194081717,1.398214378762976
mango_rmse,small,2015-06-30,2015Q3,2,FFR,-0.045962018243888896,0.1366666666666667,-0.1826286849105556,-2.0284071294080377,-1.3078778907519575,-0.07539825242726497,1.2151666577770959,2.0361000820481645
mango_rmse,small,2015-06-30,2015Q4,3,FFR,-0.062441287173467676,0.16,-0.22244128717346767,-2.481772837529025,-1.559438498890048,-0.08427015180094216,1.4479149660299768,2.51653305047154
mango_rmse,small,2015-06-30,2016Q1,4,FFR,-0.021187602502348083,0.36000000000000004,-0.3811876025023481,-2.9275126432860707,-1.7989999904622815,-0.008807735233303027,1.7123351069903074,2.897579061890646
mango_rmse,small,2015-06-30,2016Q2,5,FFR,0.06569244437330443,0.37333333333333335,-0.30764088896002895,-3.1064204263194974,-1.927965446303148,-0.02689672733466575,2.098919347089569,3.4514478330523444
mango_rmse,small,2015-06-30,2016Q3,6,FFR,0.1317631389100589,0.39666666666666667,-0.26490352775660775,-3.408037099670761,-2.0764612321285743,0.1260823073648931,2.342059202959364,3.7773121073260287
mango_rmse,small,2015-06-30,2016Q4,7,FFR,0.17766711400966761,0.45,-0.2723328859903324,-3.705968465076442,-2.199755335087293,0.17194715710682926,2.571474550556222,4.2223130871746415
mango_rmse,small,2015-06-30,2017Q1,8,FFR,0.26056931944572725,0.7000000000000001,-0.4394306805542728,-4.021596667177941,-2.301371858981731,0.3043151690984128,2.773937342648963,4.415345342512622
mango_rmse,small,2015-06-30,2015Q2,1,GDP,970.3355995009505,976.31257427765,-5.976974776699535,968.9997741229022,969.517346834392,970.2994621757839,971.1849936615915,971.7449838823011
mango_rmse,small,2015-06-30,2015Q3,2,GDP,970.9028714516023,976.6354252252142,-5.732553773611926,968.7446722840688,969.5983775202744,970.92764728084,972.2289653410639,973.0237252453215
mango_rmse,small,2015-06-30,2015Q4,3,GDP,971.5085267672979,976.7815527534941,-5.273025986196217,968.7394181022689,969.8153369071649,971.5125497852507,973.1646047022011,974.1710703375226
mango_rmse,small,2015-06-30,2016Q1,4,GDP,972.1539004096039,977.3690037449436,-5.215103335339677,968.8755661532817,970.1659386728024,972.1320786378075,974.1477058554221,975.4017510698369
mango_rmse,small,2015-06-30,2016Q2,5,GDP,972.780845982634,977.6709362762499,-4.890090293615913,968.9684631801792,970.5005283846265,972.7438472222543,975.1020627409401,976.5104073262647
mango_rmse,small,2015-06-30,2016Q3,6,GDP,973.4019815900123,978.270252164766,-4.868270574753751,969.0798609010377,970.9013914066358,973.4013276723331,975.9390117586885,977.5517726376152
mango_rmse,small,2015-06-30,2016Q4,7,GDP,974.0284207995277,978.7659105426385,-4.737489743110814,969.1734308024601,971.1977101673522,974.0468686968422,976.8639227473914,978.7283179693964
mango_rmse,small,2015-06-30,2017Q1,8,GDP,974.6001209711304,979.1946532403157,-4.594532269185265,969.3059962229997,971.5869853774796,974.623056345146,977.6436982867145,979.6623121336612
mango_rmse,small,2015-09-30,2015Q3,1,DEFL,470.0292795403181,465.38555827648497,4.643721263833129,469.52427449309437,469.71412616568796,470.03161755924884,470.33799333022085,470.52450122726873
mango_rmse,small,2015-09-30,2015Q4,2,DEFL,470.3308416735603,465.37603301548563,4.954808658074683,469.51648468931415,469.83228699056974,470.33042389969484,470.8302946954261,471.15620903380034
mango_rmse,small,2015-09-30,2016Q1,3,DEFL,470.654700993454,465.29598498239403,5.3587160110599825,469.50148961375857,469.9302078885756,470.664384048323,471.36701353852226,471.8248320619665
mango_rmse,small,2015-09-30,2016Q2,4,DEFL,471.00049717945933,465.999922226677,5.000574952782358,469.44202359398565,470.0446902669962,471.01162801269237,471.95796055966497,472.5710626603259
mango_rmse,small,2015-09-30,2016Q3,5,DEFL,471.35717087301356,466.27690583674894,5.0802650362646204,469.40380074293154,470.12808086245036,471.3804866834929,472.52516454358073,473.28193910694654
mango_rmse,small,2015-09-30,2016Q4,6,DEFL,471.72732096100265,466.8022911971153,4.9250297638873235,469.29876534547617,470.2546435051765,471.77100600479315,473.18208664221186,474.0647484909434
mango_rmse,small,2015-09-30,2017Q1,7,DEFL,472.1091841239255,467.31839116014726,4.7907929637782445,469.20506572653164,470.36601894152255,472.15953569115237,473.87760782592517,474.85001386816487
mango_rmse,small,2015-09-30,2017Q2,8,DEFL,472.50685223909886,467.62901269911987,4.877839539978993,469.0959526779056,470.4758391010642,472.5383965648706,474.51614471474545,475.68278228831093
mango_rmse,small,2015-09-30,2015Q3,1,FFR,0.28073561042766315,0.1366666666666667,0.14406894376099647,-1.098382405389645,-0.5397821023918168,0.27051995690402825,1.0932439066877597,1.69697853784988
mango_rmse,small,2015-09-30,2015Q4,2,FFR,0.4091815630856454,0.16,0.2491815630856454,-1.670440080116055,-0.8568163821209283,0.40254085724058425,1.6429545259445575,2.4937608807476925
mango_rmse,small,2015-09-30,2016Q1,3,FFR,0.5361575376333684,0.36000000000000004,0.17615753763336833,-1.8885471881452385,-0.9738916456823328,0.548179540275994,2.0482721601861695,3.1817202949824357
mango_rmse,small,2015-09-30,2016Q2,4,FFR,0.6711495798610733,0.37333333333333335,0.2978162465277399,-2.2064463269100356,-1.0860840771877684,0.6759756431880524,2.36283176694656,3.6185828761116507
mango_rmse,small,2015-09-30,2016Q3,5,FFR,0.80081941568471,0.39666666666666667,0.4041527490180434,-2.5069315511909935,-1.2549904106739327,0.7712088012579854,2.777134100041361,4.120645291676695
mango_rmse,small,2015-09-30,2016Q4,6,FFR,0.8877803255775433,0.45,0.43778032557754326,-2.895804686134432,-1.2724593668221134,0.922523755147737,3.0400518990346126,4.65568310292489
mango_rmse,small,2015-09-30,2017Q1,7,FFR,0.9398078019913884,0.7000000000000001,0.2398078019913883,-3.0449737476084615,-1.3985978994868993,0.9652884469502314,3.330464481064174,4.788662737348391
mango_rmse,small,2015-09-30,2017Q2,8,FFR,1.011824807544129,0.9500000000000001,0.06182480754412889,-3.306444320498117,-1.5643273777615232,1.0995240685394982,3.5273049702931925,5.073433625797762
mango_rmse,small,2015-09-30,2015Q3,1,GDP,970.7816806698804,976.6354252252142,-5.853744555333833,969.432091169601,969.9833109358913,970.7538935177913,971.6203827657195,972.2223861648276
mango_rmse,small,2015-09-30,2015Q4,2,GDP,971.4819956028756,976.7815527534941,-5.2995571506185115,969.2994785780701,970.1816016029002,971.4524169054762,972.8144627838303,973.6698913745855
mango_rmse,small,2015-09-30,2016Q1,3,GDP,972.1390812420127,977.3690037449436,-5.22992250293089,969.4468552267628,970.4408409266431,972.1534766239012,973.8049855863557,974.8712261379111
mango_rmse,small,2015-09-30,2016Q2,4,GDP,972.79478698208,977.6709362762499,-4.876149294169863,969.5924618574865,970.7042719151261,972.7595906407696,974.7277681178246,976.110205456189
mango_rmse,small,2015-09-30,2016Q3,5,GDP,973.4060620928148,978.270252164766,-4.8641900719512705,969.7226349598283,971.1411551086488,973.3975000623366,975.7008363530515,977.0851935224813
mango_rmse,small,2015-09-30,2016Q4,6,GDP,974.0049291624989,978.7659105426385,-4.760981380139583,969.8306489140585,971.4743602706673,973.9565635703341,976.5606148995957,978.110199304106
mango_rmse,small,2015-09-30,2017Q1,7,GDP,974.6127836797144,979.1946532403157,-4.5818695606012625,969.943639846945,971.7175544317322,974.5544612489053,977.4877695225846,979.1559496969534
mango_rmse,small,2015-09-30,2017Q2,8,GDP,975.1796902705687,979.6971814310028,-4.517491160434133,970.2063710349018,972.0536578326669,975.0937687111136,978.2846341569796,980.3111062725068
mango_rmse,small,2015-12-31,2015Q4,1,DEFL,470.3908125557714,465.37603301548563,5.014779540285758,469.90923105650336,470.08614186968356,470.3943484473519,470.68566321436145,470.8800595822022
mango_rmse,small,2015-12-31,2016Q1,2,DEFL,470.7443196258933,465.29598498239403,5.448334643499265,469.9470901413441,470.2521190993891,470.7441927417681,471.2323852601123,471.5621379013771
mango_rmse,small,2015-12-31,2016Q2,3,DEFL,471.1166147621063,465.999922226677,5.1166925354293085,469.9516359217952,470.406748967365,471.1292622267923,471.80562400324055,472.2431135756817
mango_rmse,small,2015-12-31,2016Q3,4,DEFL,471.49682558154734,466.27690583674894,5.219919744798403,469.9089107121469,470.54600927841153,471.5197647909612,472.4165731161307,473.0065301117565
mango_rmse,small,2015-12-31,2016Q4,5,DEFL,471.89955263386014,466.8022911971153,5.097261436744816,469.8754214034148,470.70299480705114,471.91461275148663,473.0798391693082,473.80022810833333
mango_rmse,small,2015-12-31,2017Q1,6,DEFL,472.31770540621204,467.31839116014726,4.999314246064785,469.8354905771724,470.8587152229072,472.3198796684128,473.80955296229024,474.65525389439694
mango_rmse,small,2015-12-31,2017Q2,7,DEFL,472.7505080703633,467.62901269911987,5.121495371243441,469.76064890046126,471.0725427310124,472.7594757852079,474.49846186284225,475.56740272245355
mango_rmse,small,2015-12-31,2017Q3,8,DEFL,473.2015921938939,468.12975463756425,5.071837556329626,469.8233013707636,471.20232948648123,473.1947633155295,475.22399840699694,476.5763538328266
mango_rmse,small,2015-12-31,2015Q4,1,FFR,0.285864432457948,0.16,0.125864432457948,-1.069113239072524,-0.5370802320262179,0.28753303462320934,1.0991821095389749,1.684598349399491
mango_rmse,small,2015-12-31,2016Q1,2,FFR,0.39363330493932497,0.36000000000000004,0.033633304939324926,-1.6767335840216369,-0.8842396483002636,0.37894079897322874,1.6615312366340442,2.5304075212213886
mango_rmse,small,2015-12-31,2016Q2,3,FFR,0.5023789427857958,0.37333333333333335,0.1290456094524624,-2.0509512423703744,-1.0172881690500137,0.448506201911272,2.0756706958004005,3.086200784366877
mango_rmse,small,2015-12-31,2016Q3,4,FFR,0.621966294548491,0.39666666666666667,0.22529962788182428,-2.341880903436494,-1.1685926452908217,0.6503358748557138,2.347626132445554,3.5998349725018564
mango_rmse,small,2015-12-31,2016Q4,5,FFR,0.7542047438417964,0.45,0.30420474384179635,-2.5438545934621057,-1.2446518723308122,0.7238670427409497,2.7294213399018967,4.095886529699934
mango_rmse,small,2015-12-31,2017Q1,6,FFR,0.8373570562970841,0.7000000000000001,0.13735705629708406,-2.7506995888793635,-1.3060240996672992,0.8163436378328972,2.9976491396264215,4.553532621606418
mango_rmse,small,2015-12-31,2017Q2,7,FFR,0.8874564250513054,0.9500000000000001,-0.06254357494869467,-3.010390957116952,-1.3981764050741627,0.8150135235036148,3.2554104759416247,4.800397138705701
mango_rmse,small,2015-12-31,2017Q3,8,FFR,0.970260910157733,1.1533333333333333,-0.18307242317560035,-3.2474550406123326,-1.4779253739265874,0.9519844767288604,3.518838255727185,5.0696298293194255
mango_rmse,small,2015-12-31,2015Q4,1,GDP,971.227674449967,976.7815527534941,-5.553878303527085,969.932421759771,970.4092381142349,971.2071153215186,972.0308534376901,972.6474912022168
mango_rmse,small,2015-12-31,2016Q1,2,GDP,971.8620915281826,977.3690037449436,-5.506912216760952,969.7399868110429,970.5634804440988,971.8688652706775,973.1858263261349,973.9293548024198
mango_rmse,small,2015-12-31,2016Q2,3,GDP,972.469313930983,977.6709362762499,-5.2016223452668555,969.7646949868431,970.8204625641322,972.4412237629066,974.1072972788901,975.1820812791157
mango_rmse,small,2015-12-31,2016Q3,4,GDP,973.0769173293052,978.270252164766,-5.19333483546086,969.8020298507938,971.0705766460792,973.0627133868968,975.0052531659171,976.2818762185278
mango_rmse,small,2015-12-31,2016Q4,5,GDP,973.6513211403715,978.7659105426385,-5.114589402267029,969.9293019069937,971.426324575344,973.6575091770947,975.9575889489066,977.3597687914444
mango_rmse,small,2015-12-31,2017Q1,6,GDP,974.2157470282964,979.1946532403157,-4.978906212019297,969.9201964284266,971.6922000603345,974.1888850541513,976.7434587286048,978.3750626478325
mango_rmse,small,2015-12-31,2017Q2,7,GDP,974.7879784217066,979.6971814310028,-4.90920300929622,970.1193445000159,971.9557510011078,974.8097988543082,977.5970161812488,979.550964659553
mango_rmse,small,2015-12-31,2017Q3,8,GDP,975.311046857418,980.5212652288033,-5.210218371385281,970.1424107992921,972.2078991254872,975.389195708083,978.3356336477239,980.3970402653592
mango_rmse,small,2016-03-31,2016Q1,1,DEFL,470.80159535240534,465.29598498239403,5.505610370011311,469.93889602278307,470.2689803167395,470.81482990737163,471.3217797005713,471.67555240754814
mango_rmse,small,2016-03-31,2016Q2,2,DEFL,471.3087919799755,465.999922226677,5.308869753298552,470.13362177437375,470.57329571476544,471.31051374299557,472.0301317173472,472.5053691961188
mango_rmse,small,2016-03-31,2016Q3,3,DEFL,471.80750165989616,466.27690583674894,5.530595823147223,470.2349587857046,470.932654648467,471.8220739328784,472.71813870388723,473.28216978865925
mango_rmse,small,2016-03-31,2016Q4,4,DEFL,472.31649895975653,466.8022911971153,5.514207762641206,470.5507732839857,471.26163237264814,472.33715710609283,473.3847990472075,474.07137833619015
mango_rmse,small,2016-03-31,2017Q1,5,DEFL,472.83135554789084,467.31839116014726,5.51296438774358,470.8634235165679,471.63813332145514,472.83416731158354,474.01702118640503,474.7593380332727
mango_rmse,small,2016-03-31,2017Q2,6,DEFL,473.3182428303267,467.62901269911987,5.689230131206841,471.1642612474457,472.0214541626955,473.3298346647252,474.6556907314261,475.4886915509879
mango_rmse,small,2016-03-31,2017Q3,7,DEFL,473.80982304058347,468.12975463756425,5.68006840301922,471.41972388745364,472.36970383078966,473.82125957259905,475.27328645775106,476.2733000706589
mango_rmse,small,2016-03-31,2017Q4,8,DEFL,474.33494331933514,468.81593179181164,5.519011527523503,471.74984009962515,472.82282552605346,474.3438739259783,475.9096348657934,476.8515843850501
mango_rmse,small,2016-03-31,2016Q1,1,FFR,0.15923651373369613,0.36000000000000004,-0.20076348626630391,-1.2883004122447872,-0.7102497718486248,0.14661757975701778,1.0425343741032818,1.678192914910848
mango_rmse,small,2016-03-31,2016Q2,2,FFR,0.13480894259779527,0.37333333333333335,-0.23852439073553808,-1.94495170455585,-1.118607665524587,0.14772513710751078,1.374565197839033,2.2699799704826833
mango_rmse,small,2016-03-31,2016Q3,3,FFR,0.10776933273092974,0.39666666666666667,-0.2888973339357369,-2.351482673559121,-1.3561256393645684,0.08451841981519526,1.6134146485379124,2.6564686305496767
mango_rmse,small,2016-03-31,2016Q4,4,FFR,0.08787297868891973,0.45,-0.36212702131108027,-2.671613295012381,-1.6642078479366462,0.0587353850406937,1.8094127099317632,2.975521504565563
mango_rmse,small,2016-03-31,2017Q1,5,FFR,0.08467834718792672,0.7000000000000001,-0.6153216528120733,-3.034036385548067,-1.8749077447946167,0.02162439966523061,2.046136145429724,3.3844818235873233
mango_rmse,small,2016-03-31,2017Q2,6,FFR,0.04544643053146932,0.9500000000000001,-0.9045535694685307,-3.432596435151191,-2.1147296598645298,0.0068293674929618894,2.2279954817314374,3.5555901953215194
mango_rmse,small,2016-03-31,2017Q3,7,FFR,-0.0078527077053567,1.1533333333333333,-1.16118604103869,-3.7565414786091873,-2.414083389583406,-0.02238699807230264,2.3311381979711054,3.813374701255293
mango_rmse,small,2016-03-31,2017Q4,8,FFR,-0.03768090621397026,1.2033333333333334,-1.2410142395473036,-4.206433369944378,-2.5302425349867605,-0.08000462429786309,2.519087033330966,4.0893317424395095
mango_rmse,small,2016-03-31,2016Q1,1,GDP,971.5252383990913,977.3690037449436,-5.843765345852262,970.1319114489382,970.6576750105878,971.4856724181544,972.4063067314256,973.0240185688091
mango_rmse,small,2016-03-31,2016Q2,2,GDP,972.1039689079299,977.6709362762499,-5.566967368319979,969.9992278871616,970.8661299890537,972.1093342393137,973.3814178676573,974.2167545576286
mango_rmse,small,2016-03-31,2016Q3,3,GDP,972.6827914474297,978.270252164766,-5.587460717336285,970.2688348930564,971.1471093662228,972.6924126251008,974.1524087244875,975.1188522483167
mango_rmse,small,2016-03-31,2016Q4,4,GDP,973.2792631116222,978.7659105426385,-5.4866474310163085,970.4303382380047,971.5312026439148,973.244447104679,974.9744848915626,976.2291157443761
mango_rmse,small,2016-03-31,2017Q1,5,GDP,973.8399880358486,979.1946532403157,-5.354665204467096,970.6437733327087,971.975765262062,973.8148915160044,975.8001821130712,977.0049492702016
mango_rmse,small,2016-03-31,2017Q2,6,GDP,974.4126031777031,979.6971814310028,-5.284578253299742,970.8348619754504,972.3464983215586,974.4381651076976,976.5010506436975,978.0115382874534
mango_rmse,small,2016-03-31,2017Q3,7,GDP,974.9929059692076,980.5212652288033,-5.528359259595618,971.0181582582532,972.6359702531016,974.9425294424184,977.35426273418,978.8739407737361
mango_rmse,small,2016-03-31,2017Q4,8,GDP,975.5334690243261,981.5219022023681,-5.988433178041987,971.3050093604048,973.0287176931954,975.5537144108913,978.1109642143323,979.6487996775991
mango_rmse,small,2016-06-30,2016Q2,1,DEFL,470.67601030401727,465.999922226677,4.676088077340296,470.21094320747517,470.38552291156526,470.6835974272266,470.96352722718495,471.14192644011325
mango_rmse,small,2016-06-30,2016Q3,2,DEFL,470.9447072839981,466.27690583674894,4.6678014472491896,470.17948356896954,470.4704825164537,470.9500015828593,471.41148284708663,471.7169990230382
mango_rmse,small,2016-06-30,2016Q4,3,DEFL,471.21603766062657,466.8022911971153,4.413746463511245,470.08896581677413,470.52897721816714,471.24597927144794,471.879021233244,472.31421498073627
mango_rmse,small,2016-06-30,2017Q1,4,DEFL,471.50587211668795,467.31839116014726,4.187480956540696,469.98872177769107,470.58464627208633,471.5203666066885,472.398367334889,473.0075057491963
mango_rmse,small,2016-06-30,2017Q2,5,DEFL,471.8244250914914,467.62901269911987,4.195412392371509,469.858089160167,470.6399475129366,471.8576595796534,472.9675106226838,473.72388616429805
mango_rmse,small,2016-06-30,2017Q3,6,DEFL,472.16011604763685,468.12975463756425,4.030361410072601,469.7056270911335,470.69809595675554,472.2256622315486,473.60078944359844,474.4912634890584
mango_rmse,small,2016-06-30,2017Q4,7,DEFL,472.5120207053865,468.81593179181164,3.6960889135748403,469.5013774783899,470.7531034963283,472.5583088937934,474.2069148206168,475.3202683152714
mango_rmse,small,2016-06-30,2018Q1,8,DEFL,472.88567806917774,469.4279361059867,3.45774196319104,469.43789543488157,470.8507122521402,472.9226817126827,474.88861951783974,476.0860536106568
mango_rmse,small,2016-06-30,2016Q2,1,FFR,0.3271031272050739,0.37333333333333335,-0.046230206128259455,-0.98416670550263,-0.47842534653201274,0.3041980523083535,1.131346515835113,1.6888258963588925
mango_rmse,small,2016-06-30,2016Q3,2,FFR,0.24873923625997513,0.39666666666666667,-0.14792743040669154,-1.8076564929479084,-0.968370256997893,0.25427998229616267,1.5030728798051445,2.3235560522415626
mango_rmse,small,2016-06-30,2016Q4,3,FFR,0.24621820058172617,0.45,-0.20378179941827385,-2.258532881116518,-1.255180017789419,0.2461508000730458,1.733661234427515,2.842233270287341
mango_rmse,small,2016-06-30,2017Q1,4,FFR,0.2989731634979614,0.7000000000000001,-0.4010268365020387,-2.58080417903393,-1.447840459799395,0.2944502431019915,2.016072022370218,3.155938308780972
mango_rmse,small,2016-06-30,2017Q2,5,FFR,0.36866921752032383,0.9500000000000001,-0.5813307824796763,-2.807973507714087,-1.5709814329559104,0.29696549263299066,2.3494289767489347,3.6848637875903183
mango_rmse,small,2016-06-30,2017Q3,6,FFR,0.41914760934540607,1.1533333333333333,-0.7341857239879273,-3.130170458929889,-1.6793898633242146,0.3536209645949678,2.538880051858781,3.875075316878229
mango_rmse,small,2016-06-30,2017Q4,7,FFR,0.4560401517050484,1.2033333333333334,-0.747293181628285,-3.3391558024169625,-1.8084746220227124,0.43759331414044705,2.7592945406943965,4.216631486722615
mango_rmse,small,2016-06-30,2018Q1,8,FFR,0.5194943515674075,1.4466666666666665,-0.927172315099259,-3.61468463648052,-1.9336059933977516,0.5210508078049834,2.9004991186971276,4.569870486502591
mango_rmse,small,2016-06-30,2016Q2,1,GDP,971.663499287537,977.6709362762499,-6.007436988712925,970.3586212510701,970.8722832550903,971.6353088560036,972.4742052269261,973.056062547587
mango_rmse,small,2016-06-30,2016Q3,2,GDP,972.1545886525564,978.270252164766,-6.115663512209608,969.9436280592503,970.8731202999298,972.1626057911681,973.4841970313684,974.2547782288158
mango_rmse,small,2016-06-30,2016Q4,3,GDP,972.6873879961821,978.7659105426385,-6.078522546456384,969.9702380568818,971.0041344189311,972.697040211289,974.3726602178475,975.4068437234178
mango_rmse,small,2016-06-30,2017Q1,4,GDP,973.2573385024567,979.1946532403157,-5.937314737858969,969.993667818113,971.2417733452767,973.2374562434406,975.3026070509239,976.5250678926228
mango_rmse,small,2016-06-30,2017Q2,5,GDP,973.8156894456862,979.6971814310028,-5.881491985316643,970.016435914473,971.5310687367405,973.7985242643205,976.1858171844095,977.5899194501178
mango_rmse,small,2016-06-30,2017Q3,6,GDP,974.3721761981634,980.5212652288033,-6.149089030639857,970.0168427488916,971.7760365852796,974.4094923209852,976.949527308016,978.5719244263961
mango_rmse,small,2016-06-30,2017Q4,7,GDP,974.9369586835271,981.5219022023681,-6.584943518840987,970.1444039461265,972.0411147564791,974.9467916201692,977.8546133640035,979.6081392830245
mango_rmse,small,2016-06-30,2018Q1,8,GDP,975.453759887185,982.2121682369062,-6.758408349721208,970.1428220397769,972.3588327961355,975.5224128721633,978.521621957621,980.5439937920077
mango_rmse,small,2016-09-30,2016Q3,1,DEFL,471.55350699786544,466.27690583674894,5.276601161116503,471.10816568519243,471.2666016955083,471.5539977633532,471.8292445049073,471.9921251254241
mango_rmse,small,2016-09-30,2016Q4,2,DEFL,471.9397692736357,466.8022911971153,5.137478076520381,471.1880863463944,471.47764846356506,471.9500468053793,472.40151593374924,472.6958404275967
mango_rmse,small,2016-09-30,2017Q1,3,DEFL,472.3402867382412,467.31839116014726,5.021895578093961,471.23636275927015,471.6527388566601,472.354590982225,473.0046545836953,473.4311903647444
mango_rmse,small,2016-09-30,2017Q2,4,DEFL,472.76700304656026,467.62901269911987,5.137990347440393,471.25631635778154,471.84169574318554,472.7838472822533,473.6457403646145,474.2526732281874
mango_rmse,small,2016-09-30,2017Q3,5,DEFL,473.200420600142,468.12975463756425,5.0706659625777775,471.2192382784266,472.03665003783004,473.2122542998392,474.3516385476104,475.131148185469
mango_rmse,small,2016-09-30,2017Q4,6,DEFL,473.64567029046157,468.81593179181164,4.829738498649931,471.16264816420033,472.23102943268793,473.6282957553982,475.06274350485063,476.0553911939908
mango_rmse,small,2016-09-30,2018Q1,7,DEFL,474.1038763605907,469.4279361059867,4.675940254603972,471.132936208854,472.3623700319549,474.1196689783219,475.8409715196659,477.0083045592559
mango_rmse,small,2016-09-30,2018Q2,8,DEFL,474.5782502412817,470.2823074052711,4.295942836010568,471.0318714926452,472.5443819095131,474.6073671066788,476.6664726527009,477.9014223754776
mango_rmse,small,2016-09-30,2016Q3,1,FFR,0.37782671121037237,0.39666666666666667,-0.0188399554562943,-0.9540052824135916,-0.41378432894258244,0.37550422831824065,1.166070186866167,1.717009317203779
mango_rmse,small,2016-09-30,2016Q4,2,FFR,0.4316095744784096,0.45,-0.018390425521590426,-1.5466531212258936,-0.8064137806864986,0.4245175038672211,1.6959918139436387,2.5011000331664697
mango_rmse,small,2016-09-30,2017Q1,3,FFR,0.5221985098517683,0.7000000000000001,-0.17780149014823177,-1.916488220485049,-0.946755073304389,0.5082278719981896,1.9946970779910176,3.11174896056192
mango_rmse,small,2016-09-30,2017Q2,4,FFR,0.6058013416504368,0.9500000000000001,-0.3441986583495633,-2.190876854477902,-1.0768198705329366,0.5663562568974359,2.3064100185617753,3.5208712026723212
mango_rmse,small,2016-09-30,2017Q3,5,FFR,0.711616199565045,1.1533333333333333,-0.44171713376828836,-2.3706454710239635,-1.2282888074203615,0.6295060986697042,2.670353069434245,4.055567310169917
mango_rmse,small,2016-09-30,2017Q4,6,FFR,0.7871087724727419,1.2033333333333334,-0.41622456086059145,-2.667802590992608,-1.3066548005054794,0.7365910595685773,2.8467443881866545,4.446077404759134
mango_rmse,small,2016-09-30,2018Q1,7,FFR,0.8407127894043679,1.4466666666666665,-0.6059538772622987,-2.8747225716044116,-1.4582662584547947,0.8619947454601812,3.076967920618317,4.853748704650713
mango_rmse,small,2016-09-30,2018Q2,8,FFR,0.9188282501047565,1.7366666666666666,-0.81783841656191,-3.0940330131359577,-1.4552127580170104,0.9265698681584731,3.3038798379665884,5.052359114040887
mango_rmse,small,2016-09-30,2016Q3,1,GDP,972.066983363914,978.270252164766,-6.203268800852015,970.7544182287991,971.2900930330342,972.0354419655562,972.848419778585,973.4420466301547
mango_rmse,small,2016-09-30,2016Q4,2,GDP,972.583637014475,978.7659105426385,-6.182273528163478,970.4455761102553,971.3162014344225,972.5888007768879,973.8493591981924,974.6705572460769
mango_rmse,small,2016-09-30,2017Q1,3,GDP,973.0952455263704,979.1946532403157,-6.099407713945311,970.3229578688639,971.4781627078077,973.1217111268797,974.7067728129009,975.8340334179917
mango_rmse,small,2016-09-30,2017Q2,4,GDP,973.6249771707198,979.6971814310028,-6.0722042602830015,970.2477744983828,971.6175631532791,973.6490346290464,975.6576031760532,976.8411288005468
mango_rmse,small,2016-09-30,2017Q3,5,GDP,974.1388154756104,980.5212652288033,-6.382449753192873,970.1262713110484,971.7926897117736,974.1607584994986,976.4898968248373,977.9046577152318
mango_rmse,small,2016-09-30,2017Q4,6,GDP,974.6561902442364,981.5219022023681,-6.865711958131669,970.0595724669606,972.0268494529612,974.71525476651,977.2777582697398,978.894464453588
mango_rmse,small,2016-09-30,2018Q1,7,GDP,975.1672667716416,982.2121682369062,-7.044901465264616,970.1282196581037,972.1942661743199,975.2140955367952,978.0499243485615,979.9358059084566
mango_rmse,small,2016-09-30,2018Q2,8,GDP,975.6459418283383,982.9070909671581,-7.261149138819746,970.13953926024,972.5215347399214,975.7728013346948,978.7015812392456,980.8543572455717
mango_rmse,small,2016-12-31,2016Q4,1,DEFL,472.10101520730956,466.8022911971153,5.298724010194235,471.2237165992926,471.5305559370873,472.08218877156787,472.6554428349282,473.0532704424723
mango_rmse,small,2016-12-31,2017Q1,2,DEFL,472.68970545164746,467.31839116014726,5.371314291500198,471.45419424416565,471.8972642467103,472.67842454479876,473.47036823914226,473.9433390677907
mango_rmse,small,2016-12-31,2017Q2,3,DEFL,473.2832471484462,467.62901269911987,5.654234449326339,471.68635663808806,472.33788577579844,473.30203565769295,474.22286252272426,474.8572882171588
mango_rmse,small,2016-12-31,2017Q3,4,DEFL,473.87489683485234,468.12975463756425,5.745142197288089,472.0492896537316,472.80241640841734,473.83133695580733,475.01131826588323,475.6778754049236
mango_rmse,small,2016-12-31,2017Q4,5,DEFL,474.47616355474554,468.81593179181164,5.660231762933904,472.4663734800546,473.233408120319,474.4490544082736,475.7106797043586,476.50306874809655
mango_rmse,small,2016-12-31,2018Q1,6,DEFL,475.0559917981867,469.4279361059867,5.628055692200007,472.87926185813006,473.68518541267565,475.069949092927,476.4009293079306,477.31329114911165
mango_rmse,small,2016-12-31,2018Q2,7,DEFL,475.621908127228,470.2823074052711,5.339600721956856,473.1716872210451,474.1655488288504,475.5996609688341,477.0852262415527,478.05161501598053
mango_rmse,small,2016-12-31,2018Q3,8,DEFL,476.1941153933697,470.6182260866492,5.575889306720512,473.6206725509132,474.63953273522384,476.2174263181257,477.6904362159059,478.7818498395663
mango_rmse,small,2016-12-31,2016Q4,1,FFR,0.33865251002450597,0.45,-0.11134748997549404,-1.1245587217638338,-0.5116738166881388,0.31724801777942213,1.2268779487921806,1.8387250923780012
mango_rmse,small,2016-12-31,2017Q1,2,FFR,0.28617946394784766,0.7000000000000001,-0.4138205360521524,-1.781460446575798,-0.999409975582985,0.2836032730376503,1.586792440471774,2.4701182481013153
mango_rmse,small,2016-12-31,2017Q2,3,FFR,0.23094535185754064,0.9500000000000001,-0.7190546481424595,-2.325331511967777,-1.3054384976889597,0.23195213437592582,1.763949387328321,2.8797102143957325
mango_rmse,small,2016-12-31,2017Q3,4,FFR,0.1857417559770756,1.1533333333333333,-0.9675915773562578,-2.813589072269299,-1.5452741091395914,0.19413601060268626,1.8947457104055667,3.156444589629494
mango_rmse,small,2016-12-31,2017Q4,5,FFR,0.14202547805113505,1.2033333333333334,-1.0613078552821984,-3.1579951806730855,-1.8162682972284132,0.10775685339453672,2.115350596699874,3.4916813515596923
mango_rmse,small,2016-12-31,2018Q1,6,FFR,0.07704558341903864,1.4466666666666665,-1.3696210832476279,-3.405490388583227,-2.153894851150081,0.0665574447696729,2.2759392109892924,3.747450770395875
mango_rmse,small,2016-12-31,2018Q2,7,FFR,-0.0012591512063842613,1.7366666666666666,-1.7379258178730508,-3.851396373712254,-2.4179335840941794,-0.006292156473526688,2.3547949099637138,4.035847584916244
mango_rmse,small,2016-12-31,2018Q3,8,FFR,-0.07941927682722409,1.9233333333333331,-2.0027526101605573,-4.350307552561969,-2.6141148486757526,-0.11936076486672248,2.4866811379429548,4.285948513088418
mango_rmse,small,2016-12-31,2016Q4,1,GDP,973.0509417990116,978.7659105426385,-5.714968743626855,971.6523082742262,972.1823267574667,973.0286460545454,973.952783330387,974.5609322161171
mango_rmse,small,2016-12-31,2017Q1,2,GDP,973.5836035646033,979.1946532403157,-5.611049675712366,971.5861271741713,972.3150043673834,973.5816109508662,974.8148572169969,975.6185450675125
mango_rmse,small,2016-12-31,2017Q2,3,GDP,974.1247649423902,979.6971814310028,-5.572416488612589,971.7567030651062,972.6428846546521,974.1110982911127,975.5864708467003,976.5930732228339
mango_rmse,small,2016-12-31,2017Q3,4,GDP,974.6754572081599,980.5212652288033,-5.845808020643403,971.9170922713841,972.9780638807999,974.6703312818037,976.3716114105864,977.5917668028787
mango_rmse,small,2016-12-31,2017Q4,5,GDP,975.2079891845001,981.5219022023681,-6.313913017868003,972.1376432616369,973.2661847268653,975.2177530343722,977.0950546597975,978.4946380448367
mango_rmse,small,2016-12-31,2018Q1,6,GDP,975.736011804921,982.2121682369062,-6.47615643198526,972.241263940936,973.5617291038618,975.7563975180353,977.8366046556081,979.3011149923481
mango_rmse,small,2016-12-31,2018Q2,7,GDP,976.27009721882,982.9070909671581,-6.636993748338114,972.4429207921912,973.860730361457,976.2833726986146,978.6025365334134,980.1368417104234
mango_rmse,small,2016-12-31,2018Q3,8,GDP,976.7852647711588,983.6265326816047,-6.841267910445822,972.6239576278072,974.1985422149545,976.7917709252689,979.3095577843736,980.9005227332507
mango_rmse,small,2017-03-31,2017Q1,1,DEFL,472.4566731907372,467.31839116014726,5.138282030589949,472.0336363341581,472.19143951973143,472.46013528143,472.7157200142435,472.8807423304645
mango_rmse,small,2017-03-31,2017Q2,2,DEFL,472.9661418467892,467.62901269911987,5.337129147669316,472.2311248398916,472.51120208068477,472.98470667704476,473.4035371031461,473.68780235844434
mango_rmse,small,2017-03-31,2017Q3,3,DEFL,473.45929345714904,468.12975463756425,5.329538819584798,472.3664453088403,472.80544562618746,473.48013585929084,474.09512890384804,474.5347125808947
mango_rmse,small,2017-03-31,2017Q4,4,DEFL,473.9912025881005,468.81593179181164,5.175270796288885,472.4813783171324,473.098523250562,474.00986580316044,474.8812561944748,475.5039468284015
mango_rmse,small,2017-03-31,2018Q1,5,DEFL,474.52346998072676,469.4279361059867,5.095533874740056,472.5432043261274,473.3255625913493,474.5415141425404,475.65992593797336,476.42791559752374
mango_rmse,small,2017-03-31,2018Q2,6,DEFL,475.0844395842659,470.2823074052711,4.802132178994782,472.6157724401096,473.5996917135542,475.0976721002779,476.51808251197895,477.48592739364295
mango_rmse,small,2017-03-31,2018Q3,7,DEFL,475.64402681512723,470.6182260866492,5.025800728478032,472.62831822350745,473.8003454538957,475.65785026042306,477.4518189500831,478.6196947245289
mango_rmse,small,2017-03-31,2018Q4,8,DEFL,476.22905485410496,471.07186839761323,5.157186456491729,472.6114665584117,474.0545912368945,476.2379913767888,478.4214881763516,479.7276777142621
mango_rmse,small,2017-03-31,2017Q1,1,FFR,0.6963288584261844,0.7000000000000001,-0.0036711415738156505,-0.5347599194889382,-0.04549231452711345,0.6899095520569942,1.4506953977863555,1.96519693531207
mango_rmse,small,2017-03-31,2017Q2,2,FFR,0.8065590213906411,0.9500000000000001,-0.143440978609359,-1.1501598848511287,-0.37957257421861634,0.785922863542033,2.018766279833326,2.8533787699923248
mango_rmse,small,2017-03-31,2017Q3,3,FFR,0.8488145692725315,1.1533333333333333,-0.3045187640608018,-1.6070311803705584,-0.6395698469296053,0.8354872541403489,2.3765812573441742,3.323905911059553
mango_rmse,small,2017-03-31,2017Q4,4,FFR,0.9568943113033764,1.2033333333333334,-0.24643902202995693,-1.9563506944886153,-0.8320025888471266,0.9885717069164308,2.7036601946043852,3.7919823349608532
mango_rmse,small,2017-03-31,2018Q1,5,FFR,1.1005754837411654,1.4466666666666665,-0.3460911829255011,-2.325019484281424,-0.94078980776962,1.0965745015421355,3.163270327778514,4.395073309535953
mango_rmse,small,2017-03-31,2018Q2,6,FFR,1.165405340942673,1.7366666666666666,-0.5712613257239936,-2.6774001581758595,-1.0878625378179285,1.1798520645578807,3.4651650896617165,4.815622653801864
mango_rmse,small,2017-03-31,2018Q3,7,FFR,1.192539077109341,1.9233333333333331,-0.7307942562239922,-3.008808952308309,-1.3371809954427316,1.1928652181147918,3.720429554534599,5.2886736007603865
mango_rmse,small,2017-03-31,2018Q4,8,FFR,1.2651838538836924,2.22,-0.9548161461163078,-3.1552164402287977,-1.4088541800132797,1.3269201846379004,3.8509498752556253,5.429024438952846
mango_rmse,small,2017-03-31,2017Q1,1,GDP,973.4966797015469,979.1946532403157,-5.697973538768792,972.2474558528702,972.7581881122053,973.4687820033224,974.2716062850984,974.8440379723712
mango_rmse,small,2017-03-31,2017Q2,2,GDP,974.0466525367013,979.6971814310028,-5.6505288943014875,971.9751476704078,972.8132795838034,974.0251055019264,975.3673251034418,976.0877170967033
mango_rmse,small,2017-03-31,2017Q3,3,GDP,974.4892232432845,980.5212652288033,-6.032041985518731,971.8325000704989,972.8372030915274,974.5155776946393,976.1578419841641,977.148990319258
mango_rmse,small,2017-03-31,2017Q4,4,GDP,975.0064634887937,981.5219022023681,-6.51543871357444,971.7072810034081,973.0580162537575,974.992183944224,977.0393736319178,978.3501397218773
mango_rmse,small,2017-03-31,2018Q1,5,GDP,975.4592310407257,982.2121682369062,-6.752937196180483,971.6974890129496,973.1545766449761,975.4156417366895,977.7315467313474,979.3087345113395
mango_rmse,small,2017-03-31,2018Q2,6,GDP,975.9034954421791,982.9070909671581,-7.003595524979005,971.6003044356958,973.2817461757928,975.9006466903278,978.5076656340648,980.2057588674343
mango_rmse,small,2017-03-31,2018Q3,7,GDP,976.3460315280571,983.6265326816047,-7.280501153547561,971.5929494895138,973.3940694510384,976.3148681681996,979.3270325071487,981.1076055559333
mango_rmse,small,2017-03-31,2018Q4,8,GDP,976.766381028599,983.8081508542731,-7.041769825674123,971.5744952698223,973.5786989080868,976.7612894145408,979.9037863611767,981.9768686517966
mango_rmse,small,2017-06-30,2017Q2,1,DEFL,473.06679754868696,467.62901269911987,5.437784849567095,472.65711158687014,472.80647776501274,473.0682002714474,473.3232797087462,473.4804757734446
mango_rmse,small,2017-06-30,2017Q3,2,DEFL,473.5931891907099,468.12975463756425,5.463434553145646,472.8699740323583,473.14812161014123,473.58911171143336,474.044649645464,474.32606664448156
mango_rmse,small,2017-06-30,2017Q4,3,DEFL,474.14652210604913,468.81593179181164,5.330590314237497,473.0595265029153,473.4893234947094,474.14006143828544,474.79386825697435,475.25581647638745
mango_rmse,small,2017-06-30,2018Q1,4,DEFL,474.7028980803135,469.4279361059867,5.2749619743268,473.2276468117897,473.81717547384596,474.69879059230215,475.54962027061646,476.2112423391905
mango_rmse,small,2017-06-30,2018Q2,5,DEFL,475.28851765202995,470.2823074052711,5.006210246758826,473.32424832632705,474.1375308496068,475.29711922858263,476.4463400516487,477.14822003089233
mango_rmse,small,2017-06-30,2018Q3,6,DEFL,475.8748914588489,470.6182260866492,5.256665372199677,473.42660596996853,474.45087706489034,475.87608182464186,477.3660061866417,478.24406195389065
mango_rmse,small,2017-06-30,2018Q4,7,DEFL,476.47677543133335,471.07186839761323,5.4049070337201215,473.4421598136086,474.71730539299745,476.4885526816127,478.26922251200455,479.31435646433454
mango_rmse,small,2017-06-30,2019Q1,8,DEFL,477.0872669714718,471.4580490171198,5.629217954352043,473.59876586838715,474.973513310896,477.07723582437245,479.1661705446696,480.486230308823
mango_rmse,small,2017-06-30,2017Q2,1,FFR,0.8460010004269362,0.9500000000000001,-0.10399899957306391,-0.36194896111302727,0.08868724546989555,0.848916332826501,1.610596141784292,2.1129627402558095
mango_rmse,small,2017-06-30,2017Q3,2,FFR,0.9021553305916445,1.1533333333333333,-0.2511780027416888,-1.0807343384439794,-0.3434588538647673,0.9079174513747642,2.129461885985581,2.920721488793716
mango_rmse,small,2017-06-30,2017Q4,3,FFR,1.0009290933495405,1.2033333333333334,-0.20240423998379287,-1.4047538674989812,-0.5388588361279277,0.9671553522630691,2.531423955438078,3.5871157613925884
mango_rmse,small,2017-06-30,2018Q1,4,FFR,1.1395517049510213,1.4466666666666665,-0.30711496171564523,-1.7286980019947686,-0.6387821097240274,1.0739632501367544,2.9030928240287603,4.128722746457324
mango_rmse,small,2017-06-30,2018Q2,5,FFR,1.2536805431998919,1.7366666666666666,-0.4829861234667747,-2.106411813620082,-0.7868182369332913,1.2063752931811809,3.3234318594409964,4.704157904663164
mango_rmse,small,2017-06-30,2018Q3,6,FFR,1.314982607288526,1.9233333333333331,-0.6083507260448071,-2.4065389182487604,-0.8593588296778322,1.2824159637611785,3.558351074323131,5.116492852518995
mango_rmse,small,2017-06-30,2018Q4,7,FFR,1.360394792860791,2.22,-0.8596052071392093,-2.7714506502557126,-1.0998301031509392,1.3450088410230243,3.7989378182268845,5.482443915259117
mango_rmse,small,2017-06-30,2019Q1,8,FFR,1.4361285723082666,2.4033333333333333,-0.9672047610250667,-2.92634504423059,-1.215935671542463,1.5309602174229289,4.027224108209968,5.783500070109106
mango_rmse,small,2017-06-30,2017Q2,1,GDP,973.8621767784207,979.6971814310028,-5.835004652582143,972.6320923726771,973.1149436812457,973.8203293206288,974.6232059672744,975.1516997320281
mango_rmse,small,2017-06-30,2017Q3,2,GDP,974.2951923968243,980.5212652288033,-6.226072831978968,972.2510597613217,973.072322008819,974.284089573672,975.5699445515847,976.3438002505214
mango_rmse,small,2017-06-30,2017Q4,3,GDP,974.7470253954668,981.5219022023681,-6.774876806901261,972.0719168535074,973.1057717632704,974.72744894624,976.3624770743985,977.4683296845357
mango_rmse,small,2017-06-30,2018Q1,4,GDP,975.1907146659298,982.2121682369062,-7.021453570976405,971.829488335204,973.2085945471438,975.1669563748198,977.1745224903071,978.4892281430348
mango_rmse,small,2017-06-30,2018Q2,5,GDP,975.6054463153164,982.9070909671581,-7.301644651841684,971.727294764481,973.3259194267389,975.5682324088798,977.9983582230391,979.5251712215866
mango_rmse,small,2017-06-30,2018Q3,6,GDP,976.0208063109898,983.6265326816047,-7.605726370614889,971.5553056326562,973.3763235731954,975.9776670532788,978.6617672447105,980.2532939966301
mango_rmse,small,2017-06-30,2018Q4,7,GDP,976.4518447994307,983.8081508542731,-7.356306054842435,971.594041357297,973.5011097301073,976.4819490318703,979.4635449962474,981.369951061555
mango_rmse,small,2017-06-30,2019Q1,8,GDP,976.842753290543,984.3493940965847,-7.506640806041673,971.552283867108,973.6855260918153,976.9024342552342,979.9996091647512,982.1616506719074
mango_rmse,small,2017-09-30,2017Q3,1,DEFL,473.17550780712196,468.12975463756425,5.045753169557713,472.75629552502085,472.91223358274095,473.1794819252592,473.43688306757775,473.5969063731808
mango_rmse,small,2017-09-30,2017Q4,2,DEFL,473.61480960741727,468.81593179181164,4.7988778156056355,472.8992648885128,473.1712096026765,473.6110509171308,474.0718156504104,474.36651951296295
mango_rmse,small,2017-09-30,2018Q1,3,DEFL,474.07068806040144,469.4279361059867,4.642751954414734,472.9810143855339,473.4113171414944,474.0773002404558,474.7057454264142,475.1727821445143
mango_rmse,small,2017-09-30,2018Q2,4,DEFL,474.5097376696208,470.2823074052711,4.227430264349664,473.0383397634588,473.6100090404777,474.52473610269465,475.3771302378985,475.97261481043984
mango_rmse,small,2017-09-30,2018Q3,5,DEFL,474.98406125034404,470.6182260866492,4.36583516369484,473.11327803334706,473.8048444867735,474.9923566208115,476.12633204381143,476.85172906897634
mango_rmse,small,2017-09-30,2018Q4,6,DEFL,475.46351850836083,471.07186839761323,4.391650110747605,473.05297970899034,473.99263271070214,475.4873670585331,476.9060062430368,477.8242784422811
mango_rmse,small,2017-09-30,2019Q1,7,DEFL,475.9643913834855,471.4580490171198,4.506342366365743,473.01008928311654,474.17449983835826,475.9860821577715,477.71589778393417,478.833562338889
mango_rmse,small,2017-09-30,2019Q2,8,DEFL,476.47944974968703,472.01403804243495,4.465411707252088,472.99292094634166,474.36858856399283,476.4906354407458,478.5392866399277,479.9049776007305
mango_rmse,small,2017-09-30,2017Q3,1,FFR,0.9808856523069203,1.1533333333333333,-0.17244768102641306,-0.24798170256447538,0.23087202704663448,0.9780141507958642,1.7123346635644987,2.233377093806005
mango_rmse,small,2017-09-30,2017Q4,2,FFR,0.8448573496968457,1.2033333333333334,-0.3584759836364877,-1.1641915776168408,-0.38230607605841266,0.8587232324661678,2.077393464328166,2.9073749836293734
mango_rmse,small,2017-09-30,2018Q1,3,FFR,0.8811940593183748,1.4466666666666665,-0.5654726073482917,-1.5130269601381334,-0.6015904951147627,0.8594697089243442,2.3973090809327773,3.3699680067373126
mango_rmse,small,2017-09-30,2018Q2,4,FFR,1.0235591185365234,1.7366666666666666,-0.7131075481301432,-1.838148405261452,-0.7602593521881097,1.0065793034557937,2.7841288139352782,3.964053901798008
mango_rmse,small,2017-09-30,2018Q3,5,FFR,1.0901709205483785,1.9233333333333331,-0.8331624127849546,-2.098008077514417,-0.8555885578007314,1.0252450036868006,3.132477827795962,4.425704171888069
mango_rmse,small,2017-09-30,2018Q4,6,FFR,1.0803747658959264,2.22,-1.1396252341040738,-2.557889910634372,-1.0612716955761805,1.0645336310243294,3.3312734829447477,4.7432883013998275
mango_rmse,small,2017-09-30,2019Q1,7,FFR,1.0968408960750933,2.4033333333333333,-1.30649243725824,-2.828847439270792,-1.2429325567985252,1.1012645404523929,3.5026045646538804,5.111927490180405
mango_rmse,small,2017-09-30,2019Q2,8,FFR,1.1715194265944808,2.3966666666666665,-1.2251472400721857,-3.1770531158582456,-1.3564562343757163,1.2299351097054885,3.7012242791303573,5.422683266648037
mango_rmse,small,2017-09-30,2017Q3,1,GDP,974.6813393679183,980.5212652288033,-5.839925860884932,973.4727788685108,973.9463094997667,974.6503655435824,975.4525101242325,975.9944137626082
mango_rmse,small,2017-09-30,2017Q4,2,GDP,975.0557856154963,981.5219022023681,-6.466116586871749,973.0221876231143,973.8306412731008,975.0066935554739,976.3005024216967,977.1336185650327
mango_rmse,small,2017-09-30,2018Q1,3,GDP,975.5444974215229,982.2121682369062,-6.667670815383303,972.8540455145053,973.886586258797,975.528350697551,977.1530156931963,978.2325270824042
mango_rmse,small,2017-09-30,2018Q2,4,GDP,976.0831144139356,982.9070909671581,-6.823976553222451,972.8097733184043,974.0941945479207,976.0537801842038,978.0678793926854,979.3247068238917
mango_rmse,small,2017-09-30,2018Q3,5,GDP,976.5532382879326,983.6265326816047,-7.073294393672086,972.7821614324627,974.2284422898163,976.5670648604397,978.8549142576682,980.451701710055
mango_rmse,small,2017-09-30,2018Q4,6,GDP,977.0178988033523,983.8081508542731,-6.790252050920799,972.5768704860899,974.4818266938663,976.9904431814791,979.5813179885845,981.3656994958513
mango_rmse,small,2017-09-30,2019Q1,7,GDP,977.5075897442689,984.3493940965847,-6.841804352315762,972.6022679059588,974.5857190251967,977.5116740556506,980.358051389609,982.342816415923
mango_rmse,small,2017-09-30,2019Q2,8,GDP,977.9569018875146,985.0201484419601,-7.063246554445527,972.6989202994108,974.8885462453651,977.9163261223171,981.090211911441,983.0706173656064
mango_rmse,small,2017-12-31,2017Q4,1,DEFL,473.77340866504414,468.81593179181164,4.957476873232508,473.3547001924125,473.5036975452027,473.77635158433543,474.0296112665185,474.1986077184289
mango_rmse,small,2017-12-31,2018Q1,2,DEFL,474.2924339080634,469.4279361059867,4.8644978020766985,473.57209349318526,473.83477757454796,474.2967437976289,474.7307242716684,475.0280954214287
mango_rmse,small,2017-12-31,2018Q2,3,DEFL,474.7978024495371,470.2823074052711,4.515495044265947,473.71562150837286,474.1129167737144,474.81061465199326,475.4202997895139,475.86833116677815
mango_rmse,small,2017-12-31,2018Q3,4,DEFL,475.3612990415867,470.6182260866492,4.743072954937475,473.8741860878165,474.4665016940729,475.38326668462616,476.22120473366715,476.8628725486993
mango_rmse,small,2017-12-31,2018Q4,5,DEFL,475.93173997851073,471.07186839761323,4.859871580897504,474.0308289582972,474.7350931538732,475.9721511283666,477.01673216679234,477.82248973932207
mango_rmse,small,2017-12-31,2019Q1,6,DEFL,476.51858205548723,471.4580490171198,5.060533038367453,474.15359040397465,475.0531671430886,476.5792918023263,477.915682711189,478.87681978994806
mango_rmse,small,2017-12-31,2019Q2,7,DEFL,477.1112662403342,472.01403804243495,5.0972281978992555,474.1985172781556,475.31487627072505,477.1909993950799,478.7882128519584,479.9507507426955
mango_rmse,small,2017-12-31,2019Q3,8,DEFL,477.7237087343354,472.33975673527414,5.383951999061253,474.2512570848596,475.5928869212022,477.8203479886648,479.709600240766,481.1238313133758
mango_rmse,small,2017-12-31,2017Q4,1,FFR,1.2395791640878688,1.2033333333333334,0.03624583075453547,0.03052782353903493,0.516016637630914,1.2318973737993184,1.9859362972174321,2.489007143366769
mango_rmse,small,2017-12-31,2018Q1,2,FFR,1.4025940273975814,1.4466666666666665,-0.04407263926908511,-0.5377225143105527,0.2032807679849188,1.3796146887148883,2.5982811955849052,3.415568971041224
mango_rmse,small,2017-12-31,2018Q2,3,FFR,1.5782587308726737,1.7366666666666666,-0.15840793579399293,-0.8302412610397801,0.12072926895992517,1.5102006711544242,3.0988582596896554,4.0911423773164275
mango_rmse,small,2017-12-31,2018Q3,4,FFR,1.6267669751386085,1.9233333333333331,-0.29656635819472466,-1.217069477425174,-0.21043297180448708,1.628450043459194,3.3448814056800176,4.554368271986856
mango_rmse,small,2017-12-31,2018Q4,5,FFR,1.6628704083292891,2.22,-0.5571295916707111,-1.5740410075353464,-0.40724135419401203,1.6091407551021284,3.6930981711747557,5.022479063592132
mango_rmse,small,2017-12-31,2019Q1,6,FFR,1.7182318678149329,2.4033333333333333,-0.6851014655184005,-2.0026744604807103,-0.4927975723537751,1.694403067945471,3.9666284341052056,5.342550899443513
mango_rmse,small,2017-12-31,2019Q2,7,FFR,1.7483930097646887,2.3966666666666665,-0.6482736569019778,-2.265297988443748,-0.6448283930205047,1.7638231113084708,4.1327522896712265,5.6975929839820045
mango_rmse,small,2017-12-31,2019Q3,8,FFR,1.7698409938080748,2.19,-0.42015900619192514,-2.5753969298353785,-0.8172420677657947,1.8191262255931302,4.361652813011076,5.979041431213798
mango_rmse,small,2017-12-31,2017Q4,1,GDP,975.5693940168112,981.5219022023681,-5.952508185556894,974.348777312622,974.8096463109517,975.5477661781581,976.3312560672836,976.8879631916093
mango_rmse,small,2017-12-31,2018Q1,2,GDP,976.134902211352,982.2121682369062,-6.077266025554195,974.1026318480303,974.8715247583933,976.0733216820763,977.4240465617166,978.2332191098681
mango_rmse,small,2017-12-31,2018Q2,3,GDP,976.6348470108401,982.9070909671581,-6.272243956317993,973.9666005419289,975.0031543440995,976.6076290757062,978.3332860079336,979.3331617773165
mango_rmse,small,2017-12-31,2018Q3,4,GDP,977.0895648246697,983.6265326816047,-6.536967856935007,973.8053707164581,975.1456951248007,977.0207430806717,979.0904718923042,980.4612111775805
mango_rmse,small,2017-12-31,2018Q4,5,GDP,977.4991441670536,983.8081508542731,-6.309006687219494,973.6269481994856,975.2420379642555,977.4240924244451,979.8574134613692,981.3853006444474
mango_rmse,small,2017-12-31,2019Q1,6,GDP,977.9376044354319,984.3493940965847,-6.4117896611527385,973.5467647214391,975.3590101294665,977.876309867844,980.6132124304928,982.2176645137877
mango_rmse,small,2017-12-31,2019Q2,7,GDP,978.385898451311,985.0201484419601,-6.634249990649096,973.6188984399306,975.4889191087128,978.3388155787925,981.4126063894411,983.2211843358789
mango_rmse,small,2017-12-31,2019Q3,8,GDP,978.8065706867536,985.9061780536628,-7.09960736690914,973.5148498195249,975.6437200744778,978.8143586049507,981.9946732468205,984.0840192999714
mango_rmse,small,2018-03-31,2018Q1,1,DEFL,474.4040215874926,469.4279361059867,4.976085481505891,473.9854742161775,474.1397524795205,474.4107545640539,474.66358742038494,474.82123117309766
mango_rmse,small,2018-03-31,2018Q2,2,DEFL,474.9548874461373,470.2823074052711,4.672580040866194,474.2310923156299,474.50085196621205,474.9664610199423,475.3967226622097,475.6790216623821
mango_rmse,small,2018-03-31,2018Q3,3,DEFL,475.55506043477544,470.6182260866492,4.93683434812624,474.4659733939563,474.9243023082382,475.5701095245823,476.19015773141575,476.6261022537493
mango_rmse,small,2018-03-31,2018Q4,4,DEFL,476.1740279336126,471.07186839761323,5.102159535999363,474.6934144406619,475.2850086289711,476.187214602811,477.0370432051415,477.6060863762598
mango_rmse,small,2018-03-31,2019Q1,5,DEFL,476.80778718377223,471.4580490171198,5.3497381666524575,474.870020942149,475.64175050302373,476.8480339878996,477.91038695568363,478.66281481895015
mango_rmse,small,2018-03-31,2019Q2,6,DEFL,477.45046798128203,472.01403804243495,5.436429938847084,475.07018036887075,475.98988718119415,477.49599905715957,478.8633552523719,479.8532998396497
mango_rmse,small,2018-03-31,2019Q3,7,DEFL,478.1006668194882,472.33975673527414,5.760910084214061,475.16664694744406,476.31001065524106,478.1605075133198,479.8027526664547,481.0012004215634
mango_rmse,small,2018-03-31,2019Q4,8,DEFL,478.7624542976529,472.70603314659263,6.056421151060249,475.2476116620717,476.64535403663626,478.8423801322175,480.77998911462515,482.2708470585537
mango_rmse,small,2018-03-31,2018Q1,1,FFR,1.496998391857551,1.4466666666666665,0.05033172519088436,0.26033854002254553,0.741468423804879,1.50334737887519,2.246335884499025,2.749523543078878
mango_rmse,small,2018-03-31,2018Q2,2,FFR,1.7757274655645205,1.7366666666666666,0.039060798897853966,-0.17435862394518503,0.530263952195896,1.76896178314511,2.987901057065357,3.7626570040350504
mango_rmse,small,2018-03-31,2018Q3,3,FFR,1.8322192631570757,1.9233333333333331,-0.09111407017625739,-0.6191659919718553,0.344168246556212,1.8294270863239017,3.318767610497213,4.373307963127951
mango_rmse,small,2018-03-31,2018Q4,4,FFR,1.849623615002342,2.22,-0.37037638499765824,-0.9749569629673469,0.0487645557446029,1.8849694386086968,3.553481392052855,4.659019487645576
mango_rmse,small,2018-03-31,2019Q1,5,FFR,1.95704747853019,2.4033333333333333,-0.4462858548031434,-1.3185040599828441,-0.046608905115286904,1.942411262275312,3.951867675025764,5.227600858346283
mango_rmse,small,2018-03-31,2019Q2,6,FFR,2.015552370001303,2.3966666666666665,-0.38111429666536356,-1.6088758904042333,-0.18850648629039943,2.042428576861832,4.181697781316548,5.613502338310892
mango_rmse,small,2018-03-31,2019Q3,7,FFR,2.0022137744913246,2.19,-0.1877862255086753,-2.046350516135373,-0.3970743680290259,2.0111179710188916,4.271762936944613,5.88223460163213
mango_rmse,small,2018-03-31,2019Q4,8,FFR,2.0318206023298706,1.6433333333333333,0.3884872689965373,-2.3146472647670135,-0.540075105497013,2.059816471744755,4.470057890478102,6.137159586528654
mango_rmse,small,2018-03-31,2018Q1,1,GDP,976.3916264754581,982.2121682369062,-5.820541761448112,975.1692816436642,975.6495554482827,976.3630194021478,977.1530836847514,977.7340504642706
mango_rmse,small,2018-03-31,2018Q2,2,GDP,976.9769117839417,982.9070909671581,-5.93017918321641,974.9551801512398,975.7528619311881,976.9507574189804,978.2265670283771,979.1140281826473
mango_rmse,small,2018-03-31,2018Q3,3,GDP,977.4003329588851,983.6265326816047,-6.226199722719571,974.6941880206765,975.7845794787047,977.3781485827687,979.0243621571548,980.1252590260293
mango_rmse,small,2018-03-31,2018Q4,4,GDP,977.829155170694,983.8081508542731,-5.9789956835791145,974.550067342714,975.8148714657855,977.7767527414895,979.8684493897407,981.1696650856665
mango_rmse,small,2018-03-31,2019Q1,5,GDP,978.2617099613024,984.3493940965847,-6.087684135282302,974.4201304137737,975.9674256392259,978.2123829847719,980.6215219508135,982.2039912203875
mango_rmse,small,2018-03-31,2019Q2,6,GDP,978.683261481274,985.0201484419601,-6.336886960686115,974.3286390825333,975.9855998025762,978.7047692885087,981.255353000292,983.0716454749696
mango_rmse,small,2018-03-31,2019Q3,7,GDP,979.1030166528636,985.9061780536628,-6.803161400799127,974.3107760667768,976.108472749798,979.144723223508,981.972267570623,983.8471387414324
mango_rmse,small,2018-03-31,2019Q4,8,GDP,979.5065741065926,986.3482463840766,-6.841672277484008,974.2279997230688,976.2796562587367,979.5164076758759,982.6188420333008,984.7821998894715
mango_rmse,small,2018-06-30,2018Q2,1,DEFL,474.9893537555717,470.2823074052711,4.707046350300573,474.09439321270474,474.4399347237919,474.9923658489545,475.5423542982227,475.8918014009032
mango_rmse,small,2018-06-30,2018Q3,2,DEFL,475.57348152184534,470.6182260866492,4.955255435196136,474.3475972217498,474.81435734473257,475.55318389928425,476.341463129716,476.82734868787645
mango_rmse,small,2018-06-30,2018Q4,3,DEFL,476.15644728291255,471.07186839761323,5.084578885299322,474.56398224434724,475.24052702661095,476.1490658861443,477.0940381058285,477.7763930830714
mango_rmse,small,2018-06-30,2019Q1,4,DEFL,476.72060056304326,471.4580490171198,5.262551545923486,474.95224854838494,475.65230444342365,476.7295773863002,477.7923403391593,478.5408076548329
mango_rmse,small,2018-06-30,2019Q2,5,DEFL,477.3082854960913,472.01403804243495,5.2942474536563395,475.3368457539673,476.0951963942456,477.2940997815891,478.49170654211525,479.28220246936166
mango_rmse,small,2018-06-30,2019Q3,6,DEFL,477.892564453555,472.33975673527414,5.55280771828086,475.681628193803,476.60651255798655,477.8965060636916,479.2202392230394,479.99123354108775
mango_rmse,small,2018-06-30,2019Q4,7,DEFL,478.45841441391565,472.70603314659263,5.752381267323017,476.11015682084377,477.03273178538404,478.4576062260912,479.86371353061287,480.7942453181518
mango_rmse,small,2018-06-30,2020Q1,8,DEFL,479.0489611540927,473.1080108856083,5.940950268484414,476.56855969996127,477.53614693609103,479.0643001179328,480.51909291627703,481.49696309356995
mango_rmse,small,2018-06-30,2018Q2,1,FFR,1.4325984777500873,1.7366666666666666,-0.3040681889165793,0.009039487258795893,0.5521010432795905,1.422016161962533,2.3196898378961004,2.982107703523082
mango_rmse,small,2018-06-30,2018Q3,2,FFR,1.3841758471024637,1.9233333333333331,-0.5391574862308695,-0.6942059472877791,0.11163237290867817,1.3648410665896809,2.7076685892242196,3.5262214814013086
mango_rmse,small,2018-06-30,2018Q4,3,FFR,1.356790290687752,2.22,-0.8632097093122482,-1.1571043456092691,-0.17965616634815804,1.390218796788242,2.8793980229223926,3.941564263265276
mango_rmse,small,2018-06-30,2019Q1,4,FFR,1.3217024409834797,2.4033333333333333,-1.0816308923498537,-1.488345205287469,-0.3966597810311748,1.3127009001773136,3.0559504772462036,4.222230980358717
mango_rmse,small,2018-06-30,2019Q2,5,FFR,1.3098047215398987,2.3966666666666665,-1.0868619451267678,-1.899065018853123,-0.5864974409390742,1.2752423813801523,3.3225878666015247,4.534495678320106
mango_rmse,small,2018-06-30,2019Q3,6,FFR,1.2609355742351216,2.19,-0.9290644257648784,-2.0347944653752132,-0.8002334719777914,1.2191324500874554,3.44167820455747,4.735791348913423
mango_rmse,small,2018-06-30,2019Q4,7,FFR,1.1800439469287543,1.6433333333333333,-0.46328938640457906,-2.6010565709244546,-1.0997018243247505,1.165031730516473,3.508240951243976,5.040652219310541
mango_rmse,small,2018-06-30,2020Q1,8,FFR,1.1435348609725162,1.26,-0.11646513902748379,-2.977402660962476,-1.360824708503168,1.1347868145229252,3.5975207259302278,5.32953772265689
mango_rmse,small,2018-06-30,2018Q2,1,GDP,976.805045139495,982.9070909671581,-6.102045827663119,975.4499719495197,975.9817421905108,976.7818769306227,977.6696064585647,978.2729772655916
mango_rmse,small,2018-06-30,2018Q3,2,GDP,977.3580094857628,983.6265326816047,-6.268523195841908,975.3722584475435,976.122378744634,977.3702613680166,978.5733020954408,979.416107279347
mango_rmse,small,2018-06-30,2018Q4,3,GDP,977.8887008265726,983.8081508542731,-5.919450027700464,975.5681170503534,976.442306991204,977.8444356099969,979.3502521528717,980.3592798706024
mango_rmse,small,2018-06-30,2019Q1,4,GDP,978.4501125199068,984.3493940965847,-5.899281576677822,975.6976104268119,976.8036095599108,978.4423663199493,980.2089321823619,981.2370383543754
mango_rmse,small,2018-06-30,2019Q2,5,GDP,978.966536303993,985.0201484419601,-6.053612137967093,975.9307055074347,977.1053760340468,978.9411668006768,980.8635360701419,982.0789904626805
mango_rmse,small,2018-06-30,2019Q3,6,GDP,979.4972664392881,985.9061780536628,-6.408911614374688,975.9699814791688,977.3588524696061,979.5103635489866,981.63541289102,982.9279143626068
mango_rmse,small,2018-06-30,2019Q4,7,GDP,980.0535994326232,986.3482463840766,-6.294646951453387,976.1615046895454,977.7579254067231,980.0836660558878,982.4402318760572,983.8518881453829
mango_rmse,small,2018-06-30,2020Q1,8,GDP,980.5544002099591,985.1661326692149,-4.611732459255791,976.4099851443739,977.9432902445199,980.601450067526,983.0359046585402,984.703018948533
mango_rmse,small,2018-09-30,2018Q3,1,DEFL,470.9841587365974,470.6182260866492,0.3659326499482063,470.57286205428557,470.72611340299903,470.985688882126,471.2377045483374,471.39624982143175
mango_rmse,small,2018-09-30,2018Q4,2,DEFL,471.71390541296273,471.07186839761323,0.6420370153495014,470.9658289144904,471.25817255992575,471.719708227379,472.16054885680364,472.4563549015627
mango_rmse,small,2018-09-30,2019Q1,3,DEFL,472.4223016436536,471.4580490171198,0.9642526265338347,471.30183656762824,471.74098185888454,472.43292117715464,473.07622649109965,473.5192947747405
mango_rmse,small,2018-09-30,2019Q2,4,DEFL,473.1958974545027,472.01403804243495,1.1818594120677517,471.66890871228105,472.27270172471015,473.2199069099637,474.09394845091407,474.6841109482441
mango_rmse,small,2018-09-30,2019Q3,5,DEFL,473.94717153442264,472.33975673527414,1.6074147991485006,471.9276164403707,472.72757778002637,473.99394565199134,475.14013600193505,475.8918086296144
mango_rmse,small,2018-09-30,2019Q4,6,DEFL,474.7101657582045,472.70603314659263,2.004132611611851,472.18839573710244,473.16605258719375,474.73591760616637,476.2093720493346,477.16150892353073
mango_rmse,small,2018-09-30,2020Q1,7,DEFL,475.45823945634766,473.1080108856083,2.3502285707393753,472.3041017197516,473.58363689616976,475.5148196319335,477.2858452346086,478.4967961783585
mango_rmse,small,2018-09-30,2020Q2,8,DEFL,476.21211066767376,472.73258698908967,3.479523678584087,472.5442444271671,474.0234030305691,476.2585822418357,478.36671546001656,479.79775812688905
mango_rmse,small,2018-09-30,2018Q3,1,FFR,2.0247478882958116,1.9233333333333331,0.10141455496247853,0.7769823397441968,1.278473810062585,2.0304970091363055,2.7789578418982654,3.2412559443116393
mango_rmse,small,2018-09-30,2018Q4,2,FFR,2.3201705220637376,2.22,0.10017052206373744,0.32579204239919324,1.1294606695707596,2.2985481663507112,3.5474294549113203,4.350412473986754
mango_rmse,small,2018-09-30,2019Q1,3,FFR,2.506302948386435,2.4033333333333333,0.10296961505310165,0.13268513651824973,0.9867127690975764,2.480775609891521,4.01707974951514,5.082668276075863
mango_rmse,small,2018-09-30,2019Q2,4,FFR,2.5496239835976318,2.3966666666666665,0.15295731693096526,-0.2502082596062623,0.728278816582598,2.54478776728115,4.2584170676139825,5.548377777266089
mango_rmse,small,2018-09-30,2019Q3,5,FFR,2.621990383171653,2.19,0.43199038317165295,-0.6162799776829396,0.5805782882572437,2.5706706228412326,4.672801726695712,6.0031366271651105
mango_rmse,small,2018-09-30,2019Q4,6,FFR,2.7031934767557715,1.6433333333333333,1.0598601434224382,-0.9568168442152035,0.4923440407918923,2.710303327978876,4.936185424261049,6.46999363679658
mango_rmse,small,2018-09-30,2020Q1,7,FFR,2.714602343760854,1.26,1.4546023437608542,-1.3154871217656443,0.2669636692641368,2.742548870606301,5.055867501549801,6.689927889109344
mango_rmse,small,2018-09-30,2020Q2,8,FFR,2.727763519483483,0.06,2.667763519483483,-1.5968435963108552,0.11502073760804186,2.7572996674774797,5.145249551002694,6.944758318782675
mango_rmse,small,2018-09-30,2018Q3,1,GDP,983.1751348498533,983.6265326816047,-0.4513978317513647,981.9627481539691,982.4181811143617,983.1619936831808,983.9374316393589,984.4980334751014
mango_rmse,small,2018-09-30,2018Q4,2,GDP,983.8357266808238,983.8081508542731,0.02757582655067381,981.7655243808392,982.6178765618121,983.8264198800471,985.106816579282,985.911601372976
mango_rmse,small,2018-09-30,2019Q1,3,GDP,984.2527863218434,984.3493940965847,-0.096607774741301,981.5360872621843,982.5823365946688,984.2614881304855,985.9062201691432,986.9664706265428
mango_rmse,small,2018-09-30,2019Q2,4,GDP,984.6896669779956,985.0201484419601,-0.33048146396458833,981.4136826807239,982.6218560288601,984.6645206244336,986.7156178268074,987.9845521708372
mango_rmse,small,2018-09-30,2019Q3,5,GDP,985.0681310303796,985.9061780536628,-0.8380470232831385,981.3079748066887,982.7585635303072,985.0511468083234,987.3315523599026,988.8558856302596
mango_rmse,small,2018-09-30,2019Q4,6,GDP,985.510668882742,986.3482463840766,-0.8375775013345219,981.176082946629,982.9211048140291,985.5427216620893,988.0498764404462,989.794854717883
mango_rmse,small,2018-09-30,2020Q1,7,GDP,985.9306454627678,985.1661326692149,0.7645127935528535,981.1006626030344,982.965460912078,985.9695868819808,988.7901284169496,990.6682629977194
mango_rmse,small,2018-09-30,2020Q2,8,GDP,986.3465722087421,976.3001287902925,10.046443418449599,980.9415358645426,983.0997670297273,986.4220829600845,989.4338048462671,991.4758786073239
mango_rmse,small,2018-12-31,2018Q4,1,DEFL,471.2915487537668,471.07186839761323,0.2196803561535603,470.3601047262221,470.71486562725437,471.29974242627367,471.86758427911207,472.20058510161397
mango_rmse,small,2018-12-31,2019Q1,2,DEFL,471.9127129106385,471.4580490171198,0.4546638935187275,470.6238806850134,471.13322474813276,471.9012305639856,472.68508364810816,473.1779027382585
mango_rmse,small,2018-12-31,2019Q2,3,DEFL,472.5585786685885,472.01403804243495,0.5445406261535481,470.94018269062434,471.61223199474307,472.53502263368273,473.5073432734596,474.1898148849383
mango_rmse,small,2018-12-31,2019Q3,4,DEFL,473.1815857607615,472.33975673527414,0.8418290254873568,471.3726764904713,472.07610871395366,473.1779310003636,474.2799703574615,475.124012872537
mango_rmse,small,2018-12-31,2019Q4,5,DEFL,473.8068608214556,472.70603314659263,1.1008276748629555,471.77505205758365,472.5727119239957,473.8026291694054,475.06129662207076,475.88024468930433
mango_rmse,small,2018-12-31,2020Q1,6,DEFL,474.42922600966074,473.1080108856083,1.3212151240524577,472.2234665379078,473.09470299645716,474.3938048885477,475.85123576277937,476.6966170390537
mango_rmse,small,2018-12-31,2020Q2,7,DEFL,475.04743857530707,472.73258698908967,2.314851586217401,472.5930663816179,473.5730021942729,474.9943330515499,476.53699579670337,477.5306801137026
mango_rmse,small,2018-12-31,2020Q3,8,DEFL,475.6731982901817,473.59440300679853,2.078795283383158,473.1302744307699,474.0993520011794,475.6592730459831,477.2724673846092,478.26799266572186
mango_rmse,small,2018-12-31,2018Q4,1,FFR,1.8818691144023052,2.22,-0.338130885597695,0.4731660445850375,1.0165180267328717,1.8619012187584807,2.7997227738104526,3.39682855615249
mango_rmse,small,2018-12-31,2019Q1,2,FFR,1.7899145386466644,2.4033333333333333,-0.6134187946866689,-0.31503000900798445,0.5119954057373364,1.7668757792420386,3.080674513776958,3.9767823439007572
mango_rmse,small,2018-12-31,2019Q2,3,FFR,1.7385785119426613,2.3966666666666665,-0.6580881547240052,-0.7918634672480254,0.19758166508275943,1.6991763193235687,3.241007109505179,4.430235007607728
mango_rmse,small,2018-12-31,2019Q3,4,FFR,1.6947008637885888,2.19,-0.4952991362114112,-1.1372108655908217,-0.014854157581584877,1.6847611602847696,3.4217567869450463,4.557870854134895
mango_rmse,small,2018-12-31,2019Q4,5,FFR,1.6481284641825913,1.6433333333333333,0.004795130849257978,-1.465535594897571,-0.2290701644952814,1.6175549300386134,3.617075255905061,4.931372919344083
mango_rmse,small,2018-12-31,2020Q1,6,FFR,1.5720326988917697,1.26,0.31203269889176966,-1.8626697822790241,-0.5718703273921484,1.5160677521133952,3.6964798269242127,5.268811064781217
mango_rmse,small,2018-12-31,2020Q2,7,FFR,1.480773243069061,0.06,1.420773243069061,-2.299044343108619,-0.909308093527225,1.4143618674104803,3.879139523198716,5.57707388182814
mango_rmse,small,2018-12-31,2020Q3,8,FFR,1.418462642073223,0.09333333333333334,1.3251293087398897,-2.678387630638388,-1.1473055632076525,1.3351175081809887,4.0757873790135575,5.781311652168842
mango_rmse,small,2018-12-31,2018Q4,1,GDP,984.0485872795055,983.8081508542731,0.2404364252323603,982.6814104108734,983.2130101183857,984.0368029053161,984.8971176799495,985.5167766834059
mango_rmse,small,2018-12-31,2019Q1,2,GDP,984.6781200802933,984.3493940965847,0.3287259837086367,982.7548940875917,983.4909315485768,984.6543285838006,985.9279224832729,986.6515984544253
mango_rmse,small,2018-12-31,2019Q2,3,GDP,985.2689750636956,985.0201484419601,0.24882662173547487,982.9539950966308,983.8646893740062,985.2836213977497,986.7105615280896,987.6129564498996
mango_rmse,small,2018-12-31,2019Q3,4,GDP,985.8764138492489,985.9061780536628,-0.02976420441382288,983.1757546674792,984.2375407512102,985.8538447001037,987.4773241596669,988.6950394224336
mango_rmse,small,2018-12-31,2019Q4,5,GDP,986.4654607252025,986.3482463840766,0.11721434112598672,983.3908358887404,984.6424693039118,986.4092138792898,988.3658442767412,989.5118673694881
mango_rmse,small,2018-12-31,2020Q1,6,GDP,987.0665467635445,985.1661326692149,1.9004140943295624,983.6716503892883,985.0307046052127,987.0568192839494,989.1354309804464,990.5275166792603
mango_rmse,small,2018-12-31,2020Q2,7,GDP,987.6691285104811,976.3001287902925,11.368999720188526,983.9835235792992,985.539887194858,987.6142990386077,989.9443449195213,991.4020017533481
mango_rmse,small,2018-12-31,2020Q3,8,GDP,988.230106157529,983.8614041962527,4.368701961276315,984.1848470097497,985.9036422019338,988.1494800516932,990.6443275387239,992.1871780859623
mango_rmse,small,2019-03-31,2019Q1,1,DEFL,471.7063528184455,471.4580490171198,0.24830380132573282,471.20712432454053,471.38619446869075,471.70950086587897,472.01518515293117,472.20000620666576
mango_rmse,small,2019-03-31,2019Q2,2,DEFL,472.30719983774395,472.01403804243495,0.293161795309004,471.5103670364198,471.80588549011,472.3104925038765,472.798664585627,473.1154699063175
mango_rmse,small,2019-03-31,2019Q3,3,DEFL,472.91226900844015,472.33975673527414,0.5725122731660122,471.75065362209716,472.2114409782516,472.92650189521635,473.5867635458876,474.056492153311
mango_rmse,small,2019-03-31,2019Q4,4,DEFL,473.54700240960403,472.70603314659263,0.8409692630114023,471.9790155614812,472.63520362295753,473.56476497658525,474.4322381681142,475.0417215475216
mango_rmse,small,2019-03-31,2020Q1,5,DEFL,474.2064758947541,473.1080108856083,1.098465009145798,472.20188669555546,472.99443667012497,474.24740947904957,475.3366645150803,476.0865696898567
mango_rmse,small,2019-03-31,2020Q2,6,DEFL,474.8821826833953,472.73258698908967,2.149595694305617,472.43737152552467,473.4215513462229,474.9481590322437,476.2513251061603,477.15655317661975
mango_rmse,small,2019-03-31,2020Q3,7,DEFL,475.5746809141702,473.59440300679853,1.9802779073716579,472.67902936115286,473.82270682518913,475.6354130210615,477.2654470992311,478.3254364333732
mango_rmse,small,2019-03-31,2020Q4,8,DEFL,476.2857121535089,474.2250274536357,2.0606846998732067,472.9978116496003,474.2658303189642,476.34976953599534,478.21687750090734,479.4486561945357
mango_rmse,small,2019-03-31,2019Q1,1,FFR,2.288686549900894,2.4033333333333333,-0.11464678343243939,0.9461286200126864,1.4873224967282657,2.282897699880054,3.0750746331614858,3.67148178536005
mango_rmse,small,2019-03-31,2019Q2,2,FFR,2.2834084198289037,2.3966666666666665,-0.11325824683776275,0.33654036890228967,1.0801458468602714,2.2934511647562568,3.5086629873845983,4.34062637354357
mango_rmse,small,2019-03-31,2019Q3,3,FFR,2.2983180709002444,2.19,0.10831807090024448,-0.12818659747814568,0.845602314466433,2.295319640465494,3.76156128630254,4.794758993694634
mango_rmse,small,2019-03-31,2019Q4,4,FFR,2.341741644044441,1.6433333333333333,0.6984083107111079,-0.5121449803480274,0.6880346947609597,2.3505454072658716,4.001788632438496,5.180203946213558
mango_rmse,small,2019-03-31,2020Q1,5,FFR,2.4007331436683543,1.26,1.1407331436683543,-0.707302002810879,0.5632530839182225,2.3184021581881176,4.314945172887639,5.614533731275404
mango_rmse,small,2019-03-31,2020Q2,6,FFR,2.4371467933996627,0.06,2.3771467933996626,-0.9828729786651775,0.3193507884154337,2.448028996162488,4.480291586774767,5.986286254930768
mango_rmse,small,2019-03-31,2020Q3,7,FFR,2.4545134439947525,0.09333333333333334,2.361180110661419,-1.2591838762685381,0.21520882364677438,2.4807025744314384,4.619610412693894,6.328341797107647
mango_rmse,small,2019-03-31,2020Q4,8,FFR,2.510685781707957,0.09000000000000001,2.4206857817079572,-1.5030198647723547,0.0764921491655286,2.582202699295015,4.852617581582999,6.535882503073333
mango_rmse,small,2019-03-31,2019Q1,1,GDP,984.6254177745571,984.3493940965847,0.27602367797248917,983.2716449270997,983.8247881856315,984.6002820238323,985.4812208774176,986.0724385093519
mango_rmse,small,2019-03-31,2019Q2,2,GDP,985.2840521816863,985.0201484419601,0.26390373972617454,983.0758300480525,983.9331791667897,985.2604639763474,986.6421035860403,987.4443408845816
mango_rmse,small,2019-03-31,2019Q3,3,GDP,985.9550382940465,985.9061780536628,0.048860240383760356,983.1308777611043,984.2221466042081,985.9483808777366,987.729665595591,988.7787481565498
mango_rmse,small,2019-03-31,2019Q4,4,GDP,986.6659418842434,986.3482463840766,0.31769550016679204,983.1571885279642,984.5318453973442,986.6912968079279,988.7971489779644,990.2416757109697
mango_rmse,small,2019-03-31,2020Q1,5,GDP,987.377995485314,985.1661326692149,2.211862816099142,983.1805732031141,984.7994140753935,987.3664859241705,989.9247582876284,991.5603661222112
mango_rmse,small,2019-03-31,2020Q2,6,GDP,988.1027589172485,976.3001287902925,11.802630126955933,983.232605374785,985.1502875963405,988.1136025805381,990.9551550550026,992.9798605729547
mango_rmse,small,2019-03-31,2020Q3,7,GDP,988.8487115740384,983.8614041962527,4.987307377785669,983.2673151261241,985.4791440590803,988.923325628347,992.099791672763,994.4925275645703
mango_rmse,small,2019-03-31,2020Q4,8,GDP,989.567003826836,984.8200081508296,4.74699567600635,983.4777252972452,985.8769625829472,989.6132495841061,993.1881957629815,995.6878218453705
mango_rmse,small,2019-06-30,2019Q2,1,DEFL,471.6939498873466,472.01403804243495,-0.3200881550883423,471.1270880360944,471.33615047170764,471.69751390310796,472.0391009030504,472.2611870609543
mango_rmse,small,2019-06-30,2019Q3,2,DEFL,472.0965989244445,472.33975673527414,-0.2431578108296435,471.2057871215871,471.5632174367928,472.09082408918863,472.64549957747846,473.0073988091098
mango_rmse,small,2019-06-30,2019Q4,3,DEFL,472.4985787647324,472.70603314659263,-0.20745438186025922,471.27026731780876,471.73114888068363,472.50762144888756,473.2347922632149,473.7364178355769
mango_rmse,small,2019-06-30,2020Q1,4,DEFL,472.9136128722996,473.1080108856083,-0.19439801330867112,471.30376331947264,471.9363386968998,472.9254439037179,473.87742344634614,474.4561582073997
mango_rmse,small,2019-06-30,2020Q2,5,DEFL,473.3468271916545,472.73258698908967,0.6142402025648153,471.3383975993156,472.1552165679865,473.34969346326017,474.5133038769057,475.2037424643123
mango_rmse,small,2019-06-30,2020Q3,6,DEFL,473.7784697655465,473.59440300679853,0.1840667587479743,471.45983221417004,472.36228539319046,473.79071127395946,475.1392152190153,476.0164768310801
mango_rmse,small,2019-06-30,2020Q4,7,DEFL,474.2124099919005,474.2250274536357,-0.012617461735203506,471.4226255895011,472.5451343049545,474.2458627825539,475.84536671159515,476.8437078678553
mango_rmse,small,2019-06-30,2021Q1,8,DEFL,474.6545865292589,475.4624139156429,-0.8078273863840195,471.5250041106521,472.79864823514737,474.70409657614937,476.4902647184496,477.61625448462325
mango_rmse,small,2019-06-30,2019Q2,1,FFR,2.4459494515777216,2.3966666666666665,0.04928278491105509,1.0998151657985866,1.6247574382112817,2.446650791105828,3.2600507158193537,3.840935346026557
mango_rmse,small,2019-06-30,2019Q3,2,FFR,2.4192379217579325,2.19,0.22923792175793256,0.40740865740073084,1.199921446514778,2.4228431595288304,3.6299585603891096,4.463798149600356
mango_rmse,small,2019-06-30,2019Q4,3,FFR,2.4046241037808596,1.6433333333333333,0.7612907704475262,0.06924717272918125,0.9424485604876149,2.397462875738351,3.9131711814285204,4.881851413476283
mango_rmse,small,2019-06-30,2020Q1,4,FFR,2.405961958551811,1.26,1.1459619585518108,-0.43203695090068284,0.7551508025823245,2.4166202384832607,4.070083382426261,5.141165545019606
mango_rmse,small,2019-06-30,2020Q2,5,FFR,2.4224609740301837,0.06,2.3624609740301836,-0.7026459200327648,0.5909611624631166,2.3499175108631762,4.343120822862242,5.572521120096763
mango_rmse,small,2019-06-30,2020Q3,6,FFR,2.407823563471644,0.09333333333333334,2.314490230138311,-0.935165411526013,0.3593863932692378,2.367287582106254,4.574487810965356,5.883117209190244
mango_rmse,small,2019-06-30,2020Q4,7,FFR,2.3693218438420995,0.09000000000000001,2.2793218438420997,-1.1875422644646447,0.18071316609997712,2.330619790039921,4.555202316094355,6.193892807161132
mango_rmse,small,2019-06-30,2021Q1,8,FFR,2.360456340678539,0.08,2.2804563406785388,-1.519545408289316,-0.024870051735449955,2.315839734674399,4.788084147787631,6.1428114776726845
mango_rmse,small,2019-06-30,2019Q2,1,GDP,985.3786493666555,985.0201484419601,0.3585009246953632,984.0578006922163,984.5711577980957,985.3565781186157,986.2026421056391,986.8454878541039
mango_rmse,small,2019-06-30,2019Q3,2,GDP,986.0231790156859,985.9061780536628,0.11700096202309851,983.9501470575046,984.8020098393336,986.0375231729772,987.2537269666582,988.1003983985273
mango_rmse,small,2019-06-30,2019Q4,3,GDP,986.6622064883356,986.3482463840766,0.31396010425908116,984.0997746248769,985.137236441891,986.6336351187094,988.1883234788477,989.1649421698863
mango_rmse,small,2019-06-30,2020Q1,4,GDP,987.3168928311828,985.1661326692149,2.1507601619679235,984.3316337280037,985.458872460758,987.3335543874539,989.166333141096,990.293788046065
mango_rmse,small,2019-06-30,2020Q2,5,GDP,987.9450223452942,976.3001287902925,11.644893555001659,984.5829719251335,985.9555152762462,987.9098031212417,990.0492489541381,991.3301736199444
mango_rmse,small,2019-06-30,2020Q3,6,GDP,988.575693829497,983.8614041962527,4.714289633244334,984.6731526318546,986.318606569218,988.5331969351748,990.8858560335154,992.3138433705032
mango_rmse,small,2019-06-30,2020Q4,7,GDP,989.2191851806324,984.8200081508296,4.399177029802786,984.9870654286416,986.6703944858107,989.2405955435145,991.766262749634,993.5116073972397
mango_rmse,small,2019-06-30,2021Q1,8,GDP,989.819216278334,986.3510201204363,3.4681961578977507,985.3133779147495,987.0813158680425,989.8390868463528,992.6069516702659,994.4824655554617
mango_rmse,small,2019-09-30,2019Q3,1,DEFL,472.5158258139067,472.33975673527414,0.17606907863256538,472.11580329863483,472.252783745631,472.52574843693986,472.7651412949097,472.9327398847858
mango_rmse,small,2019-09-30,2019Q4,2,DEFL,473.0206383787827,472.70603314659263,0.314605232190047,472.2841001991493,472.5644697330836,473.02140367946555,473.46654809064546,473.7461931148412
mango_rmse,small,2019-09-30,2020Q1,3,DEFL,473.4987006220939,473.1080108856083,0.3906897364856263,472.3928880809502,472.8145436412103,473.5061386335309,474.153785407965,474.55750092709053
mango_rmse,small,2019-09-30,2020Q2,4,DEFL,474.03738803877593,472.73258698908967,1.3048010496862616,472.53237678321403,473.1166021559423,474.0379206433103,474.9019490578721,475.5139766140184
mango_rmse,small,2019-09-30,2020Q3,5,DEFL,474.5654339161126,473.59440300679853,0.971030909314095,472.59740193290594,473.3578181658494,474.5873975149814,475.7307650074116,476.47620943657085
mango_rmse,small,2019-09-30,2020Q4,6,DEFL,475.1141793290229,474.2250274536357,0.8891518753871992,472.6249464638665,473.61728546214005,475.133037281244,476.55251371773875,477.5057591311045
mango_rmse,small,2019-09-30,2021Q1,7,DEFL,475.66345755552555,475.4624139156429,0.2010436398826414,472.6753631073024,473.8618258622845,475.6848152165326,477.42739908407714,478.56564495935197
mango_rmse,small,2019-09-30,2021Q2,8,DEFL,476.2289772834953,477.0023388948485,-0.7733616113532094,472.70457242845566,474.0746676639266,476.249264729649,478.31596238474964,479.6604671363803
mango_rmse,small,2019-09-30,2019Q3,1,FFR,2.29867710092836,2.19,0.10867710092836003,1.0478220649965067,1.5373396020460544,2.308592811449433,3.037751526130893,3.5489226494557045
mango_rmse,small,2019-09-30,2019Q4,2,FFR,2.441947805240088,1.6433333333333333,0.7986144719067545,0.4094842338485125,1.2087322022802465,2.4215033255366953,3.6913425778773505,4.5052172718097205
mango_rmse,small,2019-09-30,2020Q1,3,FFR,2.5594920222282918,1.26,1.2994920222282917,0.10398723170802146,1.0437936755682147,2.532235518991543,4.120541622065403,5.123097959255119
mango_rmse,small,2019-09-30,2020Q2,4,FFR,2.5166923898939086,0.06,2.4566923898939086,-0.32982589220868813,0.711841523342701,2.4714762204849787,4.2827324617260665,5.47260510493648
mango_rmse,small,2019-09-30,2020Q3,5,FFR,2.522143903270558,0.09333333333333334,2.428810569937225,-0.7325445821656946,0.481930286118695,2.4526019029119426,4.587315117931856,5.926978252677474
mango_rmse,small,2019-09-30,2020Q4,6,FFR,2.5769591379534704,0.09000000000000001,2.4869591379534706,-1.0720159694331697,0.35320090500598283,2.5392664628350055,4.827642520570336,6.433010260246787
mango_rmse,small,2019-09-30,2021Q1,7,FFR,2.5861489492577614,0.08,2.5061489492577613,-1.3919830701957066,0.13581965491585588,2.58247575134215,4.975866561605013,6.687652942212409
mango_rmse,small,2019-09-30,2021Q2,8,FFR,2.6004312644732965,0.07,2.5304312644732967,-1.8988730278159527,-0.05224167241576632,2.60850175072865,5.242989392321559,6.888005458709294
mango_rmse,small,2019-09-30,2019Q3,1,GDP,985.9423519364665,985.9061780536628,0.036173882803723245,984.7055165216016,985.2050376078064,985.9202325522501,986.6976791810384,987.2742715650656
mango_rmse,small,2019-09-30,2019Q4,2,GDP,986.716946044557,986.3482463840766,0.36869966048038805,984.6670420400177,985.4435367503503,986.6908067435245,988.015266156263,988.7697389576014
mango_rmse,small,2019-09-30,2020Q1,3,GDP,987.4280953742701,985.1661326692149,2.2619627050552253,984.7691374042345,985.7482133371356,987.3973331253592,989.1125863291157,990.1525554001922
mango_rmse,small,2019-09-30,2020Q2,4,GDP,988.1199139095771,976.3001287902925,11.819785119284575,984.7412462151342,986.09846587395,988.102648168411,990.1616559480988,991.5289026128019
mango_rmse,small,2019-09-30,2020Q3,5,GDP,988.8141079303225,983.8614041962527,4.952703734069814,984.9133022314312,986.4910579142476,988.7373687707238,991.1308836927087,992.7996270656397
mango_rmse,small,2019-09-30,2020Q4,6,GDP,989.5563633873177,984.8200081508296,4.736355236488066,984.9487386674297,986.9185569307882,989.5532157797379,992.1506579790407,993.9643313015841
mango_rmse,small,2019-09-30,2021Q1,7,GDP,990.2920306900808,986.3510201204363,3.9410105696445044,985.0609273034244,987.4187538449953,990.3855030754456,993.2608233659116,995.2869782440448
mango_rmse,small,2019-09-30,2021Q2,8,GDP,991.0046790440774,988.0436302173482,2.961048826729211,985.4677051943805,987.8356008228153,991.053430719583,994.2052844269009,996.3929931680457
mango_rmse,small,2019-12-31,2019Q4,1,DEFL,472.8999907142445,472.70603314659263,0.19395756765186434,472.4929003410705,472.638241832642,472.89647042362344,473.154398250142,473.3298035065325
mango_rmse,small,2019-12-31,2020Q1,2,DEFL,473.3400893065093,473.1080108856083,0.2320784209010185,472.59112078315405,472.8914841302534,473.34646944488065,473.7843553275471,474.05504374207436
mango_rmse,small,2019-12-31,2020Q2,3,DEFL,473.8400861862491,472.73258698908967,1.1074991971594272,472.72623330273893,473.17362783043586,473.87248630422243,474.4836935287874,474.93477015708913
mango_rmse,small,2019-12-31,2020Q3,4,DEFL,474.3038999522051,473.59440300679853,0.7094969454065563,472.77987171807945,473.3885606906877,474.3290093686749,475.17565618336624,475.7994117288024
mango_rmse,small,2019-12-31,2020Q4,5,DEFL,474.79842504296147,474.2250274536357,0.5733975893257934,472.76465716825754,473.6014205869579,474.83133766710154,475.9518440554488,476.67474746973176
mango_rmse,small,2019-12-31,2021Q1,6,DEFL,475.29593145370376,475.4624139156429,-0.16648246193915384,472.7180078539728,473.80249566530927,475.33072541633896,476.7476651583452,477.62371039177395
mango_rmse,small,2019-12-31,2021Q2,7,DEFL,475.80649421591255,477.0023388948485,-1.1958446789359414,472.7242519597746,473.97367511037794,475.8306319895599,477.60719122705245,478.66029275734587
mango_rmse,small,2019-12-31,2021Q3,8,DEFL,476.3231231222021,478.5088858165736,-2.1857626943714763,472.6534071801188,474.1328852255945,476.37802960987426,478.5054730184955,479.62776581089645
mango_rmse,small,2019-12-31,2019Q4,1,FFR,2.295068579448158,1.6433333333333333,0.6517352461148247,1.0514869991382312,1.5561146340801513,2.2877200459178146,3.0467983212561562,3.5179805636614563
mango_rmse,small,2019-12-31,2020Q1,2,FFR,2.3315033330231945,1.26,1.0715033330231944,0.26489963602877215,1.0758368369691302,2.3397765142571374,3.6094669574832254,4.396995434522432
mango_rmse,small,2019-12-31,2020Q2,3,FFR,2.187894119171028,0.06,2.127894119171028,-0.37668364392213055,0.6245555976090901,2.1636601363183194,3.7699065206781457,4.862443723773352
mango_rmse,small,2019-12-31,2020Q3,4,FFR,2.160851202851906,0.09333333333333334,2.0675178695185727,-0.8792420560234216,0.272068034476058,2.1496811147829473,3.9846927459685393,5.335446992722329
mango_rmse,small,2019-12-31,2020Q4,5,FFR,2.2365978537965883,0.09000000000000001,2.1465978537965884,-1.2100161175393291,0.1345868069548564,2.1528837936839933,4.333179398238352,5.908353915730151
mango_rmse,small,2019-12-31,2021Q1,6,FFR,2.2270054095420693,0.08,2.147005409542069,-1.6724080634124978,-0.08558691760895304,2.1557119575416217,4.550165410790573,6.2142093235324145
mango_rmse,small,2019-12-31,2021Q2,7,FFR,2.164509909129162,0.07,2.094509909129162,-2.097150315138522,-0.3918356092844316,2.1467876345013286,4.777780601547271,6.414611493448472
mango_rmse,small,2019-12-31,2021Q3,8,FFR,2.184592246376962,0.09000000000000001,2.094592246376962,-2.374104697019752,-0.5852056229999621,2.1904870268885492,4.929223375359206,6.8394718934880885
mango_rmse,small,2019-12-31,2019Q4,1,GDP,986.5720801794258,986.3482463840766,0.22383379534926462,985.3502750858987,985.8138271045668,986.5494059453054,987.3278349764371,987.9044622682612
mango_rmse,small,2019-12-31,2020Q1,2,GDP,987.2632442293553,985.1661326692149,2.0971115601404335,985.2294639518261,986.0468494996388,987.2249719978233,988.5070047950311,989.3130409574902
mango_rmse,small,2019-12-31,2020Q2,3,GDP,987.9470665019697,976.3001287902925,11.646937711677197,985.2933906582904,986.2619008672235,987.9501318017849,989.6038881540264,990.6327298708147
mango_rmse,small,2019-12-31,2020Q3,4,GDP,988.6927853306591,983.8614041962527,4.831381134406456,985.4094577350604,986.7004252275906,988.6826550154824,990.6793984651576,991.9659333631431
mango_rmse,small,2019-12-31,2020Q4,5,GDP,989.4558481640137,984.8200081508296,4.635840013184065,985.6078832640881,987.1915458116955,989.4382057265852,991.7779040027038,993.2709025653169
mango_rmse,small,2019-12-31,2021Q1,6,GDP,990.1987100629805,986.3510201204363,3.847689942544207,985.764361258949,987.5506090632463,990.2016395554416,992.8339035372323,994.4976554641723
mango_rmse,small,2019-12-31,2021Q2,7,GDP,990.9561098366257,988.0436302173482,2.9124796192775193,985.9382689316828,987.9654688438541,991.0270822061284,994.0067507452641,995.7120788243021
mango_rmse,small,2019-12-31,2021Q3,8,GDP,991.6903289055779,988.6981778641465,2.9921510414313843,986.2641057570283,988.4846244295348,991.7419779328925,995.0155966056097,996.9244797015473
